{
 "type": "FeatureCollection",
 "_provenance": {
  "membership": "European Commission — eAmbrosia product specifications (see germany-weinbau-membership.json)",
  "geometry": "State ATKIS Basis-DLM, vineyard land-use class",
  "method": "vineyard-clip+close: ATKIS Rebfläche intersected with the Gemeinden the product specification names, then closed morphologically (buffer +0.012°, then -0.008°) as build-germany-anbaugebiete.mjs closes the Rheinland-Pfalz regions. NOT a Weinbergsrolle: this is recorded land use, so an unregistered planted parcel is in and a registered Lage lying fallow is out. The close INFLATES the displayed area; 'hectares' is the planted extent measured before it, 'display_hectares' what the geometry covers.",
  "generated_at": "2026-09-12"
 },
 "features": [
  {
   "type": "Feature",
   "properties": {
    "slug": "franken",
    "name": "Franken",
    "tier": "anbaugebiet",
    "state": "Bayern",
    "gi_id": "EUGI00000004645",
    "gemeinden_count": 138,
    "parcels": 3836,
    "hectares": 7043.2,
    "display_hectares": 59273.8,
    "raw_parts": 1270,
    "parts": 87,
    "attribution": "Datenquelle: Bayerische Vermessungsverwaltung - www.geodaten.bayern.de",
    "licence": "CC BY 4.0"
   },
   "geometry": {
    "type": "MultiPolygon",
    "coordinates": [
     [
      [
       [
        10.734386,
        49.962046
       ],
       [
        10.73578,
        49.964264
       ],
       [
        10.735819,
        49.96427
       ],
       [
        10.738739,
        49.96522
       ],
       [
        10.739595,
        49.964671
       ],
       [
        10.739597,
        49.96467
       ],
       [
        10.739693,
        49.964608
       ],
       [
        10.740863,
        49.963987
       ],
       [
        10.74362,
        49.962806
       ],
       [
        10.74472,
        49.960768
       ],
       [
        10.75203,
        49.956572
       ],
       [
        10.754289,
        49.956649
       ],
       [
        10.756169,
        49.955152
       ],
       [
        10.75639,
        49.954016
       ],
       [
        10.759211,
        49.949324
       ],
       [
        10.764388,
        49.947545
       ],
       [
        10.765309,
        49.947562
       ],
       [
        10.765708,
        49.946928
       ],
       [
        10.769508,
        49.943762
       ],
       [
        10.774442,
        49.943435
       ],
       [
        10.779035,
        49.944599
       ],
       [
        10.781096,
        49.94544
       ],
       [
        10.781197,
        49.945499
       ],
       [
        10.782029,
        49.946056
       ],
       [
        10.783273,
        49.947007
       ],
       [
        10.783785,
        49.947062
       ],
       [
        10.783828,
        49.947063
       ],
       [
        10.783827,
        49.947092
       ],
       [
        10.784379,
        49.946919
       ],
       [
        10.784447,
        49.946926
       ],
       [
        10.790257,
        49.944874
       ],
       [
        10.790471,
        49.944827
       ],
       [
        10.790917,
        49.944641
       ],
       [
        10.792187,
        49.944192
       ],
       [
        10.792509,
        49.943937
       ],
       [
        10.792525,
        49.943932
       ],
       [
        10.792781,
        49.943679
       ],
       [
        10.79456,
        49.942815
       ],
       [
        10.795633,
        49.940252
       ],
       [
        10.794438,
        49.936897
       ],
       [
        10.793597,
        49.936606
       ],
       [
        10.793299,
        49.936412
       ],
       [
        10.792348,
        49.936173
       ],
       [
        10.789583,
        49.935216
       ],
       [
        10.789619,
        49.935421
       ],
       [
        10.789559,
        49.935431
       ],
       [
        10.789349,
        49.935465
       ],
       [
        10.789279,
        49.935476
       ],
       [
        10.788877,
        49.935307
       ],
       [
        10.787652,
        49.93555
       ],
       [
        10.786975,
        49.935442
       ],
       [
        10.787115,
        49.934564
       ],
       [
        10.781617,
        49.932248
       ],
       [
        10.78063,
        49.930882
       ],
       [
        10.779811,
        49.926182
       ],
       [
        10.777916,
        49.930132
       ],
       [
        10.775997,
        49.930942
       ],
       [
        10.774107,
        49.933231
       ],
       [
        10.774099,
        49.934525
       ],
       [
        10.771137,
        49.940693
       ],
       [
        10.76449,
        49.942314
       ],
       [
        10.761741,
        49.94175
       ],
       [
        10.759202,
        49.943865
       ],
       [
        10.757184,
        49.947538
       ],
       [
        10.751522,
        49.949337
       ],
       [
        10.7513,
        49.94932
       ],
       [
        10.74834,
        49.951926
       ],
       [
        10.747134,
        49.954043
       ],
       [
        10.741674,
        49.955839
       ],
       [
        10.738183,
        49.955666
       ],
       [
        10.73483,
        49.958193
       ],
       [
        10.73459,
        49.960569
       ],
       [
        10.73455,
        49.960896
       ],
       [
        10.734386,
        49.962046
       ]
      ]
     ],
     [
      [
       [
        10.779918,
        49.92344
       ],
       [
        10.783241,
        49.919752
       ],
       [
        10.783415,
        49.919406
       ],
       [
        10.785362,
        49.917615
       ],
       [
        10.785661,
        49.914341
       ],
       [
        10.784281,
        49.91238
       ],
       [
        10.781387,
        49.91163
       ],
       [
        10.777849,
        49.913886
       ],
       [
        10.777599,
        49.917929
       ],
       [
        10.778819,
        49.919572
       ],
       [
        10.779918,
        49.92344
       ]
      ]
     ],
     [
      [
       [
        10.729908,
        49.923644
       ],
       [
        10.729948,
        49.923773
       ],
       [
        10.73095,
        49.927002
       ],
       [
        10.733576,
        49.928264
       ],
       [
        10.735887,
        49.927454
       ],
       [
        10.738505,
        49.922499
       ],
       [
        10.742077,
        49.919043
       ],
       [
        10.743918,
        49.918789
       ],
       [
        10.748404,
        49.916775
       ],
       [
        10.748919,
        49.912353
       ],
       [
        10.746517,
        49.910009
       ],
       [
        10.742598,
        49.911462
       ],
       [
        10.741909,
        49.914149
       ],
       [
        10.737569,
        49.919399
       ],
       [
        10.736197,
        49.9194
       ],
       [
        10.736277,
        49.919619
       ],
       [
        10.731011,
        49.921525
       ],
       [
        10.729908,
        49.923644
       ]
      ]
     ],
     [
      [
       [
        10.548309,
        49.959609
       ],
       [
        10.548341,
        49.960736
       ],
       [
        10.548424,
        49.961043
       ],
       [
        10.550679,
        49.963514
       ],
       [
        10.55586,
        49.964239
       ],
       [
        10.55576,
        49.964956
       ],
       [
        10.559926,
        49.965989
       ],
       [
        10.561485,
        49.969395
       ],
       [
        10.564777,
        49.973486
       ],
       [
        10.56505,
        49.973894
       ],
       [
        10.565168,
        49.973972
       ],
       [
        10.565191,
        49.974001
       ],
       [
        10.565267,
        49.974218
       ],
       [
        10.565557,
        49.974651
       ],
       [
        10.56575,
        49.975003
       ],
       [
        10.565574,
        49.9751
       ],
       [
        10.566958,
        49.979069
       ],
       [
        10.565285,
        49.98367
       ],
       [
        10.565972,
        49.987396
       ],
       [
        10.568032,
        49.988876
       ],
       [
        10.570315,
        49.988711
       ],
       [
        10.57181,
        49.986954
       ],
       [
        10.573998,
        49.985155
       ],
       [
        10.579355,
        49.982158
       ],
       [
        10.582016,
        49.981789
       ],
       [
        10.58192,
        49.9813
       ],
       [
        10.583683,
        49.980953
       ],
       [
        10.583713,
        49.981104
       ],
       [
        10.590017,
        49.98219
       ],
       [
        10.594996,
        49.985673
       ],
       [
        10.5956,
        49.985813
       ],
       [
        10.599523,
        49.985307
       ],
       [
        10.600504,
        49.98421
       ],
       [
        10.604192,
        49.982518
       ],
       [
        10.604005,
        49.98203
       ],
       [
        10.604484,
        49.981846
       ],
       [
        10.605209,
        49.9815
       ],
       [
        10.605791,
        49.98125
       ],
       [
        10.606844,
        49.980846
       ],
       [
        10.607106,
        49.98072
       ],
       [
        10.607228,
        49.980622
       ],
       [
        10.6073,
        49.980468
       ],
       [
        10.607588,
        49.980195
       ],
       [
        10.607748,
        49.979221
       ],
       [
        10.608468,
        49.977287
       ],
       [
        10.608145,
        49.976774
       ],
       [
        10.607625,
        49.975807
       ],
       [
        10.606848,
        49.974087
       ],
       [
        10.605024,
        49.97358
       ],
       [
        10.604522,
        49.973331
       ],
       [
        10.604332,
        49.973124
       ],
       [
        10.604082,
        49.973113
       ],
       [
        10.603621,
        49.972884
       ],
       [
        10.602167,
        49.971877
       ],
       [
        10.601758,
        49.971805
       ],
       [
        10.601694,
        49.971796
       ],
       [
        10.600797,
        49.971725
       ],
       [
        10.600619,
        49.97172
       ],
       [
        10.599323,
        49.971888
       ],
       [
        10.598777,
        49.971853
       ],
       [
        10.598581,
        49.971842
       ],
       [
        10.598265,
        49.971831
       ],
       [
        10.598233,
        49.97183
       ],
       [
        10.598038,
        49.971829
       ],
       [
        10.597943,
        49.97183
       ],
       [
        10.597772,
        49.971834
       ],
       [
        10.59699,
        49.971913
       ],
       [
        10.593102,
        49.971054
       ],
       [
        10.59099,
        49.971263
       ],
       [
        10.585696,
        49.970376
       ],
       [
        10.58578,
        49.969872
       ],
       [
        10.584137,
        49.969265
       ],
       [
        10.584114,
        49.969402
       ],
       [
        10.581624,
        49.96897
       ],
       [
        10.576339,
        49.965531
       ],
       [
        10.575587,
        49.961481
       ],
       [
        10.57531,
        49.961157
       ],
       [
        10.573516,
        49.95677
       ],
       [
        10.571514,
        49.955447
       ],
       [
        10.567272,
        49.955591
       ],
       [
        10.565198,
        49.955928
       ],
       [
        10.563704,
        49.955843
       ],
       [
        10.559814,
        49.954482
       ],
       [
        10.559778,
        49.954539
       ],
       [
        10.55977,
        49.954533
       ],
       [
        10.559506,
        49.954383
       ],
       [
        10.559244,
        49.954367
       ],
       [
        10.557113,
        49.953347
       ],
       [
        10.55613,
        49.953202
       ],
       [
        10.556059,
        49.953203
       ],
       [
        10.55605,
        49.953211
       ],
       [
        10.55339,
        49.954389
       ],
       [
        10.552152,
        49.954819
       ],
       [
        10.550745,
        49.955183
       ],
       [
        10.54873,
        49.957787
       ],
       [
        10.548435,
        49.958791
       ],
       [
        10.548309,
        49.959609
       ]
      ]
     ],
     [
      [
       [
        10.612437,
        49.99802
       ],
       [
        10.612023,
        49.998039
       ],
       [
        10.610877,
        49.998018
       ],
       [
        10.608612,
        49.999282
       ],
       [
        10.608346,
        49.999358
       ],
       [
        10.607799,
        49.999537
       ],
       [
        10.607661,
        49.999584
       ],
       [
        10.607551,
        49.999622
       ],
       [
        10.606078,
        49.999905
       ],
       [
        10.603601,
        50.002225
       ],
       [
        10.602714,
        50.004266
       ],
       [
        10.602614,
        50.004396
       ],
       [
        10.60263,
        50.005773
       ],
       [
        10.601982,
        50.007311
       ],
       [
        10.60201,
        50.007443
       ],
       [
        10.601523,
        50.008401
       ],
       [
        10.600153,
        50.011652
       ],
       [
        10.599912,
        50.011882
       ],
       [
        10.599653,
        50.012077
       ],
       [
        10.599602,
        50.012177
       ],
       [
        10.596859,
        50.014794
       ],
       [
        10.591268,
        50.017006
       ],
       [
        10.585715,
        50.014698
       ],
       [
        10.585199,
        50.014189
       ],
       [
        10.583384,
        50.013899
       ],
       [
        10.57776,
        50.017452
       ],
       [
        10.577428,
        50.016927
       ],
       [
        10.575335,
        50.019164
       ],
       [
        10.572608,
        50.019862
       ],
       [
        10.572673,
        50.019914
       ],
       [
        10.57223,
        50.020466
       ],
       [
        10.570999,
        50.021207
       ],
       [
        10.570995,
        50.021212
       ],
       [
        10.57068,
        50.021399
       ],
       [
        10.570286,
        50.021757
       ],
       [
        10.57008,
        50.022229
       ],
       [
        10.563948,
        50.029045
       ],
       [
        10.56384,
        50.028947
       ],
       [
        10.562802,
        50.030343
       ],
       [
        10.560884,
        50.031758
       ],
       [
        10.56025,
        50.035162
       ],
       [
        10.564104,
        50.039808
       ],
       [
        10.565215,
        50.048262
       ],
       [
        10.563025,
        50.053019
       ],
       [
        10.562152,
        50.054112
       ],
       [
        10.561365,
        50.05728
       ],
       [
        10.561894,
        50.058437
       ],
       [
        10.561935,
        50.058612
       ],
       [
        10.561946,
        50.058633
       ],
       [
        10.56194,
        50.058636
       ],
       [
        10.561967,
        50.058752
       ],
       [
        10.562167,
        50.059034
       ],
       [
        10.56245,
        50.059651
       ],
       [
        10.562846,
        50.059878
       ],
       [
        10.564207,
        50.060965
       ],
       [
        10.565908,
        50.061063
       ],
       [
        10.56639,
        50.061167
       ],
       [
        10.566404,
        50.061163
       ],
       [
        10.566412,
        50.061151
       ],
       [
        10.566668,
        50.060984
       ],
       [
        10.569805,
        50.06002
       ],
       [
        10.571644,
        50.058521
       ],
       [
        10.571714,
        50.057843
       ],
       [
        10.5727,
        50.056035
       ],
       [
        10.57303,
        50.050698
       ],
       [
        10.571475,
        50.048818
       ],
       [
        10.566834,
        50.045725
       ],
       [
        10.565535,
        50.03991
       ],
       [
        10.565581,
        50.039632
       ],
       [
        10.570504,
        50.033493
       ],
       [
        10.571185,
        50.033221
       ],
       [
        10.573629,
        50.030298
       ],
       [
        10.579852,
        50.025989
       ],
       [
        10.588705,
        50.02582
       ],
       [
        10.589202,
        50.026137
       ],
       [
        10.592852,
        50.031976
       ],
       [
        10.590613,
        50.038487
       ],
       [
        10.587818,
        50.041335
       ],
       [
        10.588325,
        50.04492
       ],
       [
        10.588424,
        50.045029
       ],
       [
        10.588579,
        50.045106
       ],
       [
        10.589814,
        50.045876
       ],
       [
        10.590405,
        50.046323
       ],
       [
        10.590981,
        50.046458
       ],
       [
        10.59244,
        50.046248
       ],
       [
        10.594258,
        50.04456
       ],
       [
        10.594978,
        50.043966
       ],
       [
        10.595529,
        50.043563
       ],
       [
        10.595611,
        50.04008
       ],
       [
        10.593454,
        50.035264
       ],
       [
        10.594867,
        50.030066
       ],
       [
        10.596579,
        50.028848
       ],
       [
        10.600551,
        50.023104
       ],
       [
        10.601212,
        50.023561
       ],
       [
        10.603249,
        50.019783
       ],
       [
        10.603948,
        50.019404
       ],
       [
        10.604224,
        50.018765
       ],
       [
        10.604169,
        50.016761
       ],
       [
        10.606422,
        50.010971
       ],
       [
        10.609724,
        50.009567
       ],
       [
        10.609596,
        50.009294
       ],
       [
        10.610153,
        50.009032
       ],
       [
        10.611011,
        50.008578
       ],
       [
        10.611019,
        50.008593
       ],
       [
        10.61218,
        50.008048
       ],
       [
        10.612441,
        50.007955
       ],
       [
        10.612621,
        50.00788
       ],
       [
        10.613214,
        50.007628
       ],
       [
        10.614449,
        50.007501
       ],
       [
        10.614391,
        50.007281
       ],
       [
        10.614466,
        50.007261
       ],
       [
        10.6146,
        50.007226
       ],
       [
        10.614808,
        50.007175
       ],
       [
        10.616415,
        50.007174
       ],
       [
        10.621088,
        50.006567
       ],
       [
        10.621592,
        50.0061
       ],
       [
        10.624932,
        50.004661
       ],
       [
        10.624879,
        50.004477
       ],
       [
        10.625433,
        50.004319
       ],
       [
        10.625457,
        50.004403
       ],
       [
        10.626029,
        50.004004
       ],
       [
        10.626665,
        50.003877
       ],
       [
        10.626787,
        50.003862
       ],
       [
        10.626804,
        50.003849
       ],
       [
        10.630003,
        50.003212
       ],
       [
        10.63094,
        50.003083
       ],
       [
        10.631019,
        50.003077
       ],
       [
        10.632174,
        50.002565
       ],
       [
        10.632329,
        50.002482
       ],
       [
        10.632183,
        50.001969
       ],
       [
        10.632575,
        50.001858
       ],
       [
        10.632696,
        50.002285
       ],
       [
        10.633682,
        50.001755
       ],
       [
        10.633643,
        50.001491
       ],
       [
        10.633799,
        50.001467
       ],
       [
        10.634535,
        50.001305
       ],
       [
        10.635524,
        50.000886
       ],
       [
        10.635614,
        50.000865
       ],
       [
        10.635643,
        50.000835
       ],
       [
        10.635781,
        50.000777
       ],
       [
        10.637858,
        50.000211
       ],
       [
        10.639437,
        50.000003
       ],
       [
        10.639724,
        49.999907
       ],
       [
        10.640395,
        49.999683
       ],
       [
        10.641074,
        49.999745
       ],
       [
        10.641248,
        49.999684
       ],
       [
        10.64205,
        49.999737
       ],
       [
        10.642044,
        49.999834
       ],
       [
        10.646785,
        50.000267
       ],
       [
        10.649738,
        50.004116
       ],
       [
        10.652356,
        50.00571
       ],
       [
        10.657377,
        50.005239
       ],
       [
        10.659431,
        50.00303
       ],
       [
        10.65961,
        49.998641
       ],
       [
        10.659197,
        49.997457
       ],
       [
        10.659551,
        49.996417
       ],
       [
        10.659461,
        49.996409
       ],
       [
        10.660301,
        49.987108
       ],
       [
        10.657921,
        49.984711
       ],
       [
        10.65644,
        49.985635
       ],
       [
        10.656241,
        49.985664
       ],
       [
        10.655885,
        49.985724
       ],
       [
        10.655885,
        49.985721
       ],
       [
        10.655279,
        49.985806
       ],
       [
        10.65526,
        49.985808
       ],
       [
        10.654922,
        49.985847
       ],
       [
        10.654863,
        49.985856
       ],
       [
        10.654787,
        49.985868
       ],
       [
        10.653814,
        49.986244
       ],
       [
        10.653315,
        49.986334
       ],
       [
        10.652345,
        49.986365
       ],
       [
        10.652111,
        49.986419
       ],
       [
        10.651187,
        49.986648
       ],
       [
        10.651174,
        49.986597
       ],
       [
        10.650953,
        49.986748
       ],
       [
        10.649177,
        49.987202
       ],
       [
        10.648905,
        49.987296
       ],
       [
        10.648751,
        49.987311
       ],
       [
        10.647107,
        49.987731
       ],
       [
        10.647126,
        49.987951
       ],
       [
        10.646679,
        49.987989
       ],
       [
        10.646288,
        49.98794
       ],
       [
        10.64568,
        49.988095
       ],
       [
        10.645522,
        49.98802
       ],
       [
        10.645383,
        49.988078
       ],
       [
        10.645136,
        49.988343
       ],
       [
        10.640742,
        49.990753
       ],
       [
        10.639681,
        49.990609
       ],
       [
        10.639689,
        49.990677
       ],
       [
        10.638436,
        49.990817
       ],
       [
        10.637652,
        49.990957
       ],
       [
        10.63753,
        49.99098
       ],
       [
        10.637018,
        49.991079
       ],
       [
        10.636652,
        49.991142
       ],
       [
        10.636605,
        49.991149
       ],
       [
        10.63645,
        49.991173
       ],
       [
        10.635772,
        49.991286
       ],
       [
        10.635702,
        49.991298
       ],
       [
        10.635371,
        49.991356
       ],
       [
        10.635344,
        49.991361
       ],
       [
        10.634592,
        49.991548
       ],
       [
        10.633854,
        49.99177
       ],
       [
        10.632408,
        49.992213
       ],
       [
        10.632397,
        49.992217
       ],
       [
        10.630573,
        49.992773
       ],
       [
        10.627689,
        49.993655
       ],
       [
        10.627225,
        49.993813
       ],
       [
        10.626486,
        49.99391
       ],
       [
        10.626497,
        49.993951
       ],
       [
        10.626401,
        49.993976
       ],
       [
        10.62626,
        49.994013
       ],
       [
        10.626041,
        49.994067
       ],
       [
        10.625837,
        49.994121
       ],
       [
        10.625725,
        49.994151
       ],
       [
        10.624938,
        49.994663
       ],
       [
        10.624892,
        49.994685
       ],
       [
        10.623178,
        49.995291
       ],
       [
        10.622151,
        49.995528
       ],
       [
        10.622098,
        49.995544
       ],
       [
        10.621109,
        49.995777
       ],
       [
        10.620641,
        49.995857
       ],
       [
        10.620323,
        49.995931
       ],
       [
        10.62003,
        49.996008
       ],
       [
        10.620014,
        49.995946
       ],
       [
        10.619928,
        49.995945
       ],
       [
        10.619131,
        49.996355
       ],
       [
        10.618872,
        49.996466
       ],
       [
        10.618668,
        49.996567
       ],
       [
        10.618174,
        49.996812
       ],
       [
        10.617989,
        49.996439
       ],
       [
        10.614063,
        49.998075
       ],
       [
        10.612644,
        49.99805
       ],
       [
        10.612437,
        49.99802
       ]
      ]
     ],
     [
      [
       [
        10.573563,
        50.075757
       ],
       [
        10.571332,
        50.075837
       ],
       [
        10.568315,
        50.078563
       ],
       [
        10.568792,
        50.082807
       ],
       [
        10.569565,
        50.083538
       ],
       [
        10.57033,
        50.088715
       ],
       [
        10.567731,
        50.093258
       ],
       [
        10.567248,
        50.093679
       ],
       [
        10.567248,
        50.09368
       ],
       [
        10.565899,
        50.096035
       ],
       [
        10.565742,
        50.096967
       ],
       [
        10.56579,
        50.097029
       ],
       [
        10.566277,
        50.098587
       ],
       [
        10.566587,
        50.100034
       ],
       [
        10.566662,
        50.100673
       ],
       [
        10.570801,
        50.102617
       ],
       [
        10.571317,
        50.102552
       ],
       [
        10.571317,
        50.102538
       ],
       [
        10.571471,
        50.102533
       ],
       [
        10.571702,
        50.102504
       ],
       [
        10.571831,
        50.102519
       ],
       [
        10.572072,
        50.10251
       ],
       [
        10.573,
        50.102262
       ],
       [
        10.575877,
        50.09866
       ],
       [
        10.576033,
        50.097152
       ],
       [
        10.576511,
        50.096359
       ],
       [
        10.576407,
        50.094536
       ],
       [
        10.576434,
        50.093319
       ],
       [
        10.576411,
        50.093295
       ],
       [
        10.57431,
        50.086634
       ],
       [
        10.575422,
        50.085002
       ],
       [
        10.574998,
        50.084844
       ],
       [
        10.576838,
        50.079923
       ],
       [
        10.575955,
        50.077376
       ],
       [
        10.573563,
        50.075757
       ]
      ]
     ],
     [
      [
       [
        10.660019,
        49.971769
       ],
       [
        10.660953,
        49.971005
       ],
       [
        10.661665,
        49.970837
       ],
       [
        10.662908,
        49.969406
       ],
       [
        10.662765,
        49.965886
       ],
       [
        10.66022,
        49.963977
       ],
       [
        10.657869,
        49.9644
       ],
       [
        10.656568,
        49.966157
       ],
       [
        10.656933,
        49.9694
       ],
       [
        10.65937,
        49.970863
       ],
       [
        10.660019,
        49.971769
       ]
      ]
     ],
     [
      [
       [
        10.577744,
        49.547832
       ],
       [
        10.579057,
        49.54908
       ],
       [
        10.581011,
        49.549258
       ],
       [
        10.583674,
        49.547007
       ],
       [
        10.583497,
        49.543381
       ],
       [
        10.582219,
        49.542176
       ],
       [
        10.580609,
        49.541946
       ],
       [
        10.577618,
        49.544198
       ],
       [
        10.577744,
        49.547832
       ]
      ]
     ],
     [
      [
       [
        10.486671,
        49.531069
       ],
       [
        10.486691,
        49.530943
       ],
       [
        10.487623,
        49.528262
       ],
       [
        10.488277,
        49.527102
       ],
       [
        10.494054,
        49.523117
       ],
       [
        10.499869,
        49.524944
       ],
       [
        10.499979,
        49.524757
       ],
       [
        10.500436,
        49.525027
       ],
       [
        10.500548,
        49.525157
       ],
       [
        10.500588,
        49.52517
       ],
       [
        10.500596,
        49.525159
       ],
       [
        10.500627,
        49.525182
       ],
       [
        10.50075,
        49.525221
       ],
       [
        10.501355,
        49.525794
       ],
       [
        10.501216,
        49.525941
       ],
       [
        10.503825,
        49.528998
       ],
       [
        10.503905,
        49.5292
       ],
       [
        10.504258,
        49.529211
       ],
       [
        10.508778,
        49.530782
       ],
       [
        10.512317,
        49.533407
       ],
       [
        10.51208,
        49.533727
       ],
       [
        10.515043,
        49.535692
       ],
       [
        10.515405,
        49.538247
       ],
       [
        10.515686,
        49.539311
       ],
       [
        10.517189,
        49.540722
       ],
       [
        10.518404,
        49.542169
       ],
       [
        10.519122,
        49.543266
       ],
       [
        10.519122,
        49.543266
       ],
       [
        10.52088,
        49.544219
       ],
       [
        10.522074,
        49.544571
       ],
       [
        10.522951,
        49.544739
       ],
       [
        10.5232,
        49.544719
       ],
       [
        10.523211,
        49.544606
       ],
       [
        10.524705,
        49.544752
       ],
       [
        10.524704,
        49.54476
       ],
       [
        10.525241,
        49.544811
       ],
       [
        10.52527,
        49.544815
       ],
       [
        10.525318,
        49.544822
       ],
       [
        10.525679,
        49.544864
       ],
       [
        10.525747,
        49.54487
       ],
       [
        10.525858,
        49.54488
       ],
       [
        10.525877,
        49.544882
       ],
       [
        10.526142,
        49.544915
       ],
       [
        10.534306,
        49.54129
       ],
       [
        10.534959,
        49.540548
       ],
       [
        10.538465,
        49.540381
       ],
       [
        10.539557,
        49.54017
       ],
       [
        10.540093,
        49.540304
       ],
       [
        10.541193,
        49.540251
       ],
       [
        10.541817,
        49.540481
       ],
       [
        10.542213,
        49.540602
       ],
       [
        10.542147,
        49.540818
       ],
       [
        10.546122,
        49.541812
       ],
       [
        10.546319,
        49.542219
       ],
       [
        10.552079,
        49.546355
       ],
       [
        10.55404,
        49.546054
       ],
       [
        10.555406,
        49.544701
       ],
       [
        10.555493,
        49.541042
       ],
       [
        10.553014,
        49.539014
       ],
       [
        10.551196,
        49.536898
       ],
       [
        10.548505,
        49.532353
       ],
       [
        10.544716,
        49.531118
       ],
       [
        10.544366,
        49.53131
       ],
       [
        10.543326,
        49.531389
       ],
       [
        10.543368,
        49.531495
       ],
       [
        10.543323,
        49.531513
       ],
       [
        10.543166,
        49.531573
       ],
       [
        10.543089,
        49.531601
       ],
       [
        10.54295,
        49.531654
       ],
       [
        10.542712,
        49.531747
       ],
       [
        10.542594,
        49.531445
       ],
       [
        10.54208,
        49.531485
       ],
       [
        10.541351,
        49.531764
       ],
       [
        10.541489,
        49.532039
       ],
       [
        10.541481,
        49.532043
       ],
       [
        10.539594,
        49.533408
       ],
       [
        10.535932,
        49.537277
       ],
       [
        10.528868,
        49.536516
       ],
       [
        10.528519,
        49.536294
       ],
       [
        10.528408,
        49.536267
       ],
       [
        10.527465,
        49.536325
       ],
       [
        10.525485,
        49.535492
       ],
       [
        10.525397,
        49.535918
       ],
       [
        10.524606,
        49.535753
       ],
       [
        10.524477,
        49.535725
       ],
       [
        10.523676,
        49.535545
       ],
       [
        10.523534,
        49.535511
       ],
       [
        10.523494,
        49.535502
       ],
       [
        10.519677,
        49.533324
       ],
       [
        10.519544,
        49.533188
       ],
       [
        10.518063,
        49.529725
       ],
       [
        10.517902,
        49.529795
       ],
       [
        10.516595,
        49.526812
       ],
       [
        10.516648,
        49.522995
       ],
       [
        10.516412,
        49.52205
       ],
       [
        10.516683,
        49.520523
       ],
       [
        10.516688,
        49.520184
       ],
       [
        10.516776,
        49.519997
       ],
       [
        10.517554,
        49.515615
       ],
       [
        10.51796,
        49.515016
       ],
       [
        10.518204,
        49.514579
       ],
       [
        10.518344,
        49.514273
       ],
       [
        10.518527,
        49.513791
       ],
       [
        10.518552,
        49.513716
       ],
       [
        10.518605,
        49.513554
       ],
       [
        10.518712,
        49.513212
       ],
       [
        10.518821,
        49.512787
       ],
       [
        10.518943,
        49.511322
       ],
       [
        10.518943,
        49.511321
       ],
       [
        10.518512,
        49.509831
       ],
       [
        10.517971,
        49.508906
       ],
       [
        10.517448,
        49.508319
       ],
       [
        10.516371,
        49.507461
       ],
       [
        10.513768,
        49.503746
       ],
       [
        10.513393,
        49.502627
       ],
       [
        10.513033,
        49.501022
       ],
       [
        10.512991,
        49.50067
       ],
       [
        10.50988,
        49.498929
       ],
       [
        10.509673,
        49.498957
       ],
       [
        10.507623,
        49.498264
       ],
       [
        10.507531,
        49.498943
       ],
       [
        10.507288,
        49.49891
       ],
       [
        10.50711,
        49.498884
       ],
       [
        10.506451,
        49.498779
       ],
       [
        10.50592,
        49.498713
       ],
       [
        10.505813,
        49.498703
       ],
       [
        10.505748,
        49.498698
       ],
       [
        10.505592,
        49.498685
       ],
       [
        10.505424,
        49.498673
       ],
       [
        10.505315,
        49.498666
       ],
       [
        10.504908,
        49.498651
       ],
       [
        10.50487,
        49.49865
       ],
       [
        10.504442,
        49.498639
       ],
       [
        10.504053,
        49.498638
       ],
       [
        10.503548,
        49.498649
       ],
       [
        10.503244,
        49.498661
       ],
       [
        10.503125,
        49.498667
       ],
       [
        10.502358,
        49.498701
       ],
       [
        10.50228,
        49.498704
       ],
       [
        10.501619,
        49.498726
       ],
       [
        10.501094,
        49.498762
       ],
       [
        10.500243,
        49.498919
       ],
       [
        10.499733,
        49.499072
       ],
       [
        10.499669,
        49.499095
       ],
       [
        10.4996,
        49.49912
       ],
       [
        10.499427,
        49.499182
       ],
       [
        10.499167,
        49.499288
       ],
       [
        10.49875,
        49.499618
       ],
       [
        10.495331,
        49.501976
       ],
       [
        10.494003,
        49.504008
       ],
       [
        10.49255,
        49.505323
       ],
       [
        10.490326,
        49.50665
       ],
       [
        10.489714,
        49.508804
       ],
       [
        10.486026,
        49.513542
       ],
       [
        10.483209,
        49.515172
       ],
       [
        10.48225,
        49.519371
       ],
       [
        10.482072,
        49.519647
       ],
       [
        10.482059,
        49.522974
       ],
       [
        10.481244,
        49.523925
       ],
       [
        10.479248,
        49.528609
       ],
       [
        10.479911,
        49.530875
       ],
       [
        10.481973,
        49.532283
       ],
       [
        10.482056,
        49.532404
       ],
       [
        10.48413,
        49.532516
       ],
       [
        10.485898,
        49.531292
       ],
       [
        10.486616,
        49.53113
       ],
       [
        10.486671,
        49.531069
       ]
      ]
     ],
     [
      [
       [
        10.493085,
        50.084438
       ],
       [
        10.494815,
        50.086537
       ],
       [
        10.496593,
        50.086935
       ],
       [
        10.499396,
        50.085187
       ],
       [
        10.499807,
        50.081739
       ],
       [
        10.499092,
        50.080182
       ],
       [
        10.497667,
        50.079419
       ],
       [
        10.494277,
        50.080519
       ],
       [
        10.493085,
        50.084438
       ]
      ]
     ],
     [
      [
       [
        10.47095,
        49.960791
       ],
       [
        10.470039,
        49.964544
       ],
       [
        10.472156,
        49.967368
       ],
       [
        10.472569,
        49.967441
       ],
       [
        10.478579,
        49.972285
       ],
       [
        10.479584,
        49.974736
       ],
       [
        10.479788,
        49.974823
       ],
       [
        10.48008,
        49.974978
       ],
       [
        10.480162,
        49.974983
       ],
       [
        10.481326,
        49.975479
       ],
       [
        10.482752,
        49.976319
       ],
       [
        10.483939,
        49.976595
       ],
       [
        10.484077,
        49.976654
       ],
       [
        10.484206,
        49.976625
       ],
       [
        10.484347,
        49.976591
       ],
       [
        10.484781,
        49.976499
       ],
       [
        10.48495,
        49.976468
       ],
       [
        10.48505,
        49.976447
       ],
       [
        10.485096,
        49.976437
       ],
       [
        10.485382,
        49.976367
       ],
       [
        10.485754,
        49.976253
       ],
       [
        10.486358,
        49.976023
       ],
       [
        10.486379,
        49.976078
       ],
       [
        10.487891,
        49.975965
       ],
       [
        10.487969,
        49.97592
       ],
       [
        10.487913,
        49.975662
       ],
       [
        10.488925,
        49.975445
       ],
       [
        10.492255,
        49.974447
       ],
       [
        10.492844,
        49.974417
       ],
       [
        10.494209,
        49.973793
       ],
       [
        10.496301,
        49.972458
       ],
       [
        10.497886,
        49.971955
       ],
       [
        10.498839,
        49.967242
       ],
       [
        10.497765,
        49.965632
       ],
       [
        10.494418,
        49.964457
       ],
       [
        10.494392,
        49.964457
       ],
       [
        10.494321,
        49.964459
       ],
       [
        10.4942,
        49.96446
       ],
       [
        10.49368,
        49.964484
       ],
       [
        10.493167,
        49.964525
       ],
       [
        10.493128,
        49.964037
       ],
       [
        10.491704,
        49.963845
       ],
       [
        10.491707,
        49.964528
       ],
       [
        10.490158,
        49.964535
       ],
       [
        10.489171,
        49.964691
       ],
       [
        10.487226,
        49.965517
       ],
       [
        10.487176,
        49.965524
       ],
       [
        10.48685,
        49.965564
       ],
       [
        10.486269,
        49.965642
       ],
       [
        10.485635,
        49.96575
       ],
       [
        10.485623,
        49.965752
       ],
       [
        10.485122,
        49.965837
       ],
       [
        10.477031,
        49.96223
       ],
       [
        10.475949,
        49.960523
       ],
       [
        10.47367,
        49.959807
       ],
       [
        10.47095,
        49.960791
       ]
      ]
     ],
     [
      [
       [
        10.486626,
        50.151796
       ],
       [
        10.485441,
        50.153432
       ],
       [
        10.48569,
        50.15587
       ],
       [
        10.488114,
        50.158085
       ],
       [
        10.494408,
        50.156784
       ],
       [
        10.49496,
        50.155653
       ],
       [
        10.494478,
        50.153396
       ],
       [
        10.491914,
        50.151254
       ],
       [
        10.486626,
        50.151796
       ]
      ]
     ],
     [
      [
       [
        10.468497,
        49.628867
       ],
       [
        10.470254,
        49.630801
       ],
       [
        10.473081,
        49.631002
       ],
       [
        10.474992,
        49.62952
       ],
       [
        10.475666,
        49.626415
       ],
       [
        10.475538,
        49.626028
       ],
       [
        10.473298,
        49.623975
       ],
       [
        10.471226,
        49.623803
       ],
       [
        10.468694,
        49.625795
       ],
       [
        10.468497,
        49.628867
       ]
      ]
     ],
     [
      [
       [
        10.45443,
        49.479991
       ],
       [
        10.456693,
        49.480625
       ],
       [
        10.458961,
        49.479857
       ],
       [
        10.459724,
        49.479901
       ],
       [
        10.459696,
        49.479852
       ],
       [
        10.460316,
        49.479495
       ],
       [
        10.460463,
        49.479751
       ],
       [
        10.461783,
        49.479036
       ],
       [
        10.462057,
        49.478982
       ],
       [
        10.462097,
        49.479183
       ],
       [
        10.463631,
        49.478213
       ],
       [
        10.464391,
        49.478127
       ],
       [
        10.465786,
        49.476941
       ],
       [
        10.466236,
        49.473267
       ],
       [
        10.463141,
        49.47011
       ],
       [
        10.463139,
        49.47012
       ],
       [
        10.462351,
        49.469945
       ],
       [
        10.462184,
        49.469907
       ],
       [
        10.460631,
        49.470068
       ],
       [
        10.459752,
        49.469784
       ],
       [
        10.459534,
        49.46971
       ],
       [
        10.458984,
        49.469514
       ],
       [
        10.456796,
        49.469943
       ],
       [
        10.456797,
        49.469946
       ],
       [
        10.45653,
        49.470044
       ],
       [
        10.456288,
        49.470145
       ],
       [
        10.455146,
        49.472274
       ],
       [
        10.454056,
        49.473828
       ],
       [
        10.452744,
        49.475293
       ],
       [
        10.452651,
        49.477661
       ],
       [
        10.45443,
        49.479991
       ]
      ]
     ],
     [
      [
       [
        10.443286,
        50.186976
       ],
       [
        10.443723,
        50.190356
       ],
       [
        10.446547,
        50.192089
       ],
       [
        10.449501,
        50.191393
       ],
       [
        10.454398,
        50.19179
       ],
       [
        10.454751,
        50.19209
       ],
       [
        10.459039,
        50.193284
       ],
       [
        10.461379,
        50.192055
       ],
       [
        10.462256,
        50.189357
       ],
       [
        10.460925,
        50.186805
       ],
       [
        10.458592,
        50.186046
       ],
       [
        10.457228,
        50.186778
       ],
       [
        10.449195,
        50.186509
       ],
       [
        10.446524,
        50.184835
       ],
       [
        10.444594,
        50.185285
       ],
       [
        10.443286,
        50.186976
       ]
      ]
     ],
     [
      [
       [
        10.317986,
        49.53235
       ],
       [
        10.317925,
        49.535443
       ],
       [
        10.320494,
        49.5382
       ],
       [
        10.323718,
        49.539105
       ],
       [
        10.324505,
        49.538866
       ],
       [
        10.32565,
        49.538608
       ],
       [
        10.328844,
        49.538132
       ],
       [
        10.331401,
        49.535259
       ],
       [
        10.331227,
        49.533291
       ],
       [
        10.332068,
        49.531082
       ],
       [
        10.329486,
        49.53031
       ],
       [
        10.327503,
        49.528863
       ],
       [
        10.327493,
        49.528973
       ],
       [
        10.326962,
        49.528927
       ],
       [
        10.325848,
        49.528828
       ],
       [
        10.325855,
        49.528746
       ],
       [
        10.325355,
        49.528743
       ],
       [
        10.325354,
        49.528763
       ],
       [
        10.325112,
        49.528753
       ],
       [
        10.325112,
        49.528741
       ],
       [
        10.324707,
        49.528738
       ],
       [
        10.322377,
        49.52943
       ],
       [
        10.321747,
        49.529504
       ],
       [
        10.321516,
        49.529547
       ],
       [
        10.321354,
        49.529585
       ],
       [
        10.320798,
        49.529755
       ],
       [
        10.320602,
        49.529831
       ],
       [
        10.320256,
        49.52999
       ],
       [
        10.32014,
        49.53005
       ],
       [
        10.319734,
        49.53029
       ],
       [
        10.319594,
        49.530382
       ],
       [
        10.319517,
        49.530437
       ],
       [
        10.317986,
        49.53235
       ]
      ]
     ],
     [
      [
       [
        10.342131,
        49.524936
       ],
       [
        10.342421,
        49.524979
       ],
       [
        10.344534,
        49.52607
       ],
       [
        10.345532,
        49.526234
       ],
       [
        10.345999,
        49.526436
       ],
       [
        10.347064,
        49.526485
       ],
       [
        10.349222,
        49.526838
       ],
       [
        10.349802,
        49.526662
       ],
       [
        10.349889,
        49.526948
       ],
       [
        10.350491,
        49.527046
       ],
       [
        10.350285,
        49.526392
       ],
       [
        10.350399,
        49.526356
       ],
       [
        10.35075,
        49.526231
       ],
       [
        10.351004,
        49.526116
       ],
       [
        10.352274,
        49.525266
       ],
       [
        10.353134,
        49.524981
       ],
       [
        10.354113,
        49.523514
       ],
       [
        10.35419,
        49.523432
       ],
       [
        10.354218,
        49.523354
       ],
       [
        10.354962,
        49.522232
       ],
       [
        10.355595,
        49.521401
       ],
       [
        10.355605,
        49.521389
       ],
       [
        10.35635,
        49.518115
       ],
       [
        10.356244,
        49.518058
       ],
       [
        10.356579,
        49.517438
       ],
       [
        10.356647,
        49.517328
       ],
       [
        10.356778,
        49.517071
       ],
       [
        10.356948,
        49.516756
       ],
       [
        10.356971,
        49.516635
       ],
       [
        10.357255,
        49.516034
       ],
       [
        10.362742,
        49.511647
       ],
       [
        10.36455,
        49.511243
       ],
       [
        10.367449,
        49.511939
       ],
       [
        10.367515,
        49.511893
       ],
       [
        10.367661,
        49.511882
       ],
       [
        10.368097,
        49.511863
       ],
       [
        10.368571,
        49.511854
       ],
       [
        10.370202,
        49.512207
       ],
       [
        10.370241,
        49.512132
       ],
       [
        10.370455,
        49.512244
       ],
       [
        10.372039,
        49.51172
       ],
       [
        10.374337,
        49.511631
       ],
       [
        10.375124,
        49.511341
       ],
       [
        10.379522,
        49.511022
       ],
       [
        10.379554,
        49.511466
       ],
       [
        10.381566,
        49.511011
       ],
       [
        10.386722,
        49.514207
       ],
       [
        10.388153,
        49.520102
       ],
       [
        10.387013,
        49.527606
       ],
       [
        10.387733,
        49.532242
       ],
       [
        10.382519,
        49.537363
       ],
       [
        10.381689,
        49.537621
       ],
       [
        10.38084,
        49.537495
       ],
       [
        10.378247,
        49.538639
       ],
       [
        10.377397,
        49.538958
       ],
       [
        10.376271,
        49.539309
       ],
       [
        10.375886,
        49.539647
       ],
       [
        10.374879,
        49.542142
       ],
       [
        10.375962,
        49.544692
       ],
       [
        10.377238,
        49.545189
       ],
       [
        10.379732,
        49.547063
       ],
       [
        10.383964,
        49.549238
       ],
       [
        10.38599,
        49.554631
       ],
       [
        10.385984,
        49.55528
       ],
       [
        10.385422,
        49.558155
       ],
       [
        10.383965,
        49.561831
       ],
       [
        10.384601,
        49.564034
       ],
       [
        10.387324,
        49.566026
       ],
       [
        10.387449,
        49.566042
       ],
       [
        10.387445,
        49.566075
       ],
       [
        10.391766,
        49.567984
       ],
       [
        10.392567,
        49.56869
       ],
       [
        10.393078,
        49.568963
       ],
       [
        10.393282,
        49.569078
       ],
       [
        10.393298,
        49.56908
       ],
       [
        10.393505,
        49.56919
       ],
       [
        10.393503,
        49.569194
       ],
       [
        10.39548,
        49.569489
       ],
       [
        10.396211,
        49.569699
       ],
       [
        10.398141,
        49.568697
       ],
       [
        10.399306,
        49.565088
       ],
       [
        10.399564,
        49.564499
       ],
       [
        10.399587,
        49.564215
       ],
       [
        10.399794,
        49.563574
       ],
       [
        10.403873,
        49.558855
       ],
       [
        10.407146,
        49.558668
       ],
       [
        10.407107,
        49.558175
       ],
       [
        10.407505,
        49.558144
       ],
       [
        10.40779,
        49.558126
       ],
       [
        10.408063,
        49.558114
       ],
       [
        10.408622,
        49.558087
       ],
       [
        10.409034,
        49.558066
       ],
       [
        10.40982,
        49.558515
       ],
       [
        10.410101,
        49.558499
       ],
       [
        10.410431,
        49.558617
       ],
       [
        10.410357,
        49.558822
       ],
       [
        10.416546,
        49.56236
       ],
       [
        10.418619,
        49.566341
       ],
       [
        10.421477,
        49.56767
       ],
       [
        10.422827,
        49.56768
       ],
       [
        10.423731,
        49.568096
       ],
       [
        10.423761,
        49.567866
       ],
       [
        10.423861,
        49.567878
       ],
       [
        10.424156,
        49.56791
       ],
       [
        10.424343,
        49.567929
       ],
       [
        10.424411,
        49.567935
       ],
       [
        10.425103,
        49.567957
       ],
       [
        10.425171,
        49.567956
       ],
       [
        10.425375,
        49.567951
       ],
       [
        10.425404,
        49.56795
       ],
       [
        10.426093,
        49.567895
       ],
       [
        10.426123,
        49.567891
       ],
       [
        10.426577,
        49.567584
       ],
       [
        10.428528,
        49.567166
       ],
       [
        10.435172,
        49.568717
       ],
       [
        10.435947,
        49.57028
       ],
       [
        10.436697,
        49.57085
       ],
       [
        10.437435,
        49.572033
       ],
       [
        10.440954,
        49.574275
       ],
       [
        10.44288,
        49.574069
       ],
       [
        10.444074,
        49.572588
       ],
       [
        10.448587,
        49.569796
       ],
       [
        10.449652,
        49.569926
       ],
       [
        10.454551,
        49.568278
       ],
       [
        10.455756,
        49.565811
       ],
       [
        10.454825,
        49.563185
       ],
       [
        10.452704,
        49.562208
       ],
       [
        10.451144,
        49.561169
       ],
       [
        10.451127,
        49.561172
       ],
       [
        10.44815,
        49.561106
       ],
       [
        10.447208,
        49.560906
       ],
       [
        10.446698,
        49.560836
       ],
       [
        10.445943,
        49.560733
       ],
       [
        10.444969,
        49.560661
       ],
       [
        10.444694,
        49.560657
       ],
       [
        10.444097,
        49.560671
       ],
       [
        10.443354,
        49.560717
       ],
       [
        10.443314,
        49.560058
       ],
       [
        10.438034,
        49.559716
       ],
       [
        10.436641,
        49.558825
       ],
       [
        10.431763,
        49.559797
       ],
       [
        10.428541,
        49.559183
       ],
       [
        10.428507,
        49.559447
       ],
       [
        10.42847,
        49.559442
       ],
       [
        10.428197,
        49.559403
       ],
       [
        10.426302,
        49.559095
       ],
       [
        10.425881,
        49.559038
       ],
       [
        10.425276,
        49.558972
       ],
       [
        10.419393,
        49.555321
       ],
       [
        10.418563,
        49.548446
       ],
       [
        10.419742,
        49.544974
       ],
       [
        10.420126,
        49.545104
       ],
       [
        10.420224,
        49.543829
       ],
       [
        10.425109,
        49.539846
       ],
       [
        10.431363,
        49.540636
       ],
       [
        10.434202,
        49.542303
       ],
       [
        10.434488,
        49.542332
       ],
       [
        10.43467,
        49.542344
       ],
       [
        10.434906,
        49.542363
       ],
       [
        10.435573,
        49.542428
       ],
       [
        10.435573,
        49.542428
       ],
       [
        10.436347,
        49.542428
       ],
       [
        10.437956,
        49.54215
       ],
       [
        10.440582,
        49.542132
       ],
       [
        10.442848,
        49.542493
       ],
       [
        10.443327,
        49.542455
       ],
       [
        10.44492,
        49.541988
       ],
       [
        10.445346,
        49.541778
       ],
       [
        10.451223,
        49.539879
       ],
       [
        10.452002,
        49.538085
       ],
       [
        10.451422,
        49.535854
       ],
       [
        10.448302,
        49.533468
       ],
       [
        10.446759,
        49.532873
       ],
       [
        10.447119,
        49.531937
       ],
       [
        10.446572,
        49.531749
       ],
       [
        10.446333,
        49.532338
       ],
       [
        10.446308,
        49.532478
       ],
       [
        10.446278,
        49.532472
       ],
       [
        10.446238,
        49.53257
       ],
       [
        10.446213,
        49.53256
       ],
       [
        10.446012,
        49.532481
       ],
       [
        10.445822,
        49.53241
       ],
       [
        10.445718,
        49.532374
       ],
       [
        10.444978,
        49.532243
       ],
       [
        10.444167,
        49.532057
       ],
       [
        10.443747,
        49.531937
       ],
       [
        10.44373,
        49.531933
       ],
       [
        10.439212,
        49.529135
       ],
       [
        10.438819,
        49.52802
       ],
       [
        10.433347,
        49.524272
       ],
       [
        10.433268,
        49.524265
       ],
       [
        10.432839,
        49.524235
       ],
       [
        10.430781,
        49.524207
       ],
       [
        10.430782,
        49.524219
       ],
       [
        10.429403,
        49.524289
       ],
       [
        10.427025,
        49.524744
       ],
       [
        10.426726,
        49.524705
       ],
       [
        10.422164,
        49.525608
       ],
       [
        10.421461,
        49.525415
       ],
       [
        10.418521,
        49.527011
       ],
       [
        10.418224,
        49.52768
       ],
       [
        10.414003,
        49.531819
       ],
       [
        10.408093,
        49.531929
       ],
       [
        10.40372,
        49.527951
       ],
       [
        10.402844,
        49.526157
       ],
       [
        10.401611,
        49.525224
       ],
       [
        10.400185,
        49.520459
       ],
       [
        10.40019,
        49.520274
       ],
       [
        10.397214,
        49.51711
       ],
       [
        10.394013,
        49.515697
       ],
       [
        10.391737,
        49.51019
       ],
       [
        10.391718,
        49.508341
       ],
       [
        10.391718,
        49.508146
       ],
       [
        10.391747,
        49.506158
       ],
       [
        10.388661,
        49.503833
       ],
       [
        10.386607,
        49.504239
       ],
       [
        10.386259,
        49.504607
       ],
       [
        10.380408,
        49.507111
       ],
       [
        10.377138,
        49.505676
       ],
       [
        10.377109,
        49.50581
       ],
       [
        10.374491,
        49.505252
       ],
       [
        10.371886,
        49.504191
       ],
       [
        10.371681,
        49.504062
       ],
       [
        10.370744,
        49.504187
       ],
       [
        10.368015,
        49.50336
       ],
       [
        10.36704,
        49.503108
       ],
       [
        10.366981,
        49.503344
       ],
       [
        10.366744,
        49.503285
       ],
       [
        10.366803,
        49.503047
       ],
       [
        10.365648,
        49.502748
       ],
       [
        10.361922,
        49.503598
       ],
       [
        10.361052,
        49.504863
       ],
       [
        10.358989,
        49.506924
       ],
       [
        10.357133,
        49.508199
       ],
       [
        10.356893,
        49.50785
       ],
       [
        10.354616,
        49.510379
       ],
       [
        10.348718,
        49.512128
       ],
       [
        10.346699,
        49.515172
       ],
       [
        10.346516,
        49.515307
       ],
       [
        10.344823,
        49.519105
       ],
       [
        10.342796,
        49.520855
       ],
       [
        10.342131,
        49.524936
       ]
      ]
     ],
     [
      [
       [
        10.338896,
        49.886865
       ],
       [
        10.338906,
        49.8875
       ],
       [
        10.338903,
        49.887617
       ],
       [
        10.338908,
        49.887638
       ],
       [
        10.338949,
        49.890306
       ],
       [
        10.340789,
        49.892526
       ],
       [
        10.343129,
        49.893098
       ],
       [
        10.346011,
        49.892006
       ],
       [
        10.348549,
        49.889965
       ],
       [
        10.349378,
        49.88965
       ],
       [
        10.355566,
        49.889858
       ],
       [
        10.359752,
        49.89442
       ],
       [
        10.360498,
        49.896496
       ],
       [
        10.360125,
        49.902466
       ],
       [
        10.36052,
        49.899719
       ],
       [
        10.364913,
        49.896048
       ],
       [
        10.365348,
        49.895899
       ],
       [
        10.365649,
        49.895802
       ],
       [
        10.36717,
        49.895347
       ],
       [
        10.367754,
        49.895396
       ],
       [
        10.368912,
        49.893622
       ],
       [
        10.369013,
        49.893522
       ],
       [
        10.368722,
        49.89032
       ],
       [
        10.368801,
        49.890098
       ],
       [
        10.365539,
        49.887976
       ],
       [
        10.36224,
        49.888717
       ],
       [
        10.356493,
        49.887844
       ],
       [
        10.352854,
        49.88331
       ],
       [
        10.352422,
        49.881936
       ],
       [
        10.350672,
        49.880763
       ],
       [
        10.350596,
        49.880649
       ],
       [
        10.350318,
        49.880691
       ],
       [
        10.348369,
        49.880219
       ],
       [
        10.344716,
        49.882015
       ],
       [
        10.341617,
        49.882679
       ],
       [
        10.341348,
        49.882867
       ],
       [
        10.340762,
        49.883406
       ],
       [
        10.340109,
        49.884139
       ],
       [
        10.339604,
        49.884889
       ],
       [
        10.33943,
        49.885249
       ],
       [
        10.339317,
        49.88591
       ],
       [
        10.338896,
        49.886865
       ]
      ]
     ],
     [
      [
       [
        10.381284,
        49.883834
       ],
       [
        10.383131,
        49.884851
       ],
       [
        10.383323,
        49.885112
       ],
       [
        10.38838,
        49.886401
       ],
       [
        10.388326,
        49.886612
       ],
       [
        10.389935,
        49.887034
       ],
       [
        10.389993,
        49.886789
       ],
       [
        10.390132,
        49.886822
       ],
       [
        10.390598,
        49.886932
       ],
       [
        10.390839,
        49.886986
       ],
       [
        10.391155,
        49.88705
       ],
       [
        10.391672,
        49.887125
       ],
       [
        10.391985,
        49.887177
       ],
       [
        10.392396,
        49.887253
       ],
       [
        10.392366,
        49.887418
       ],
       [
        10.396968,
        49.889651
       ],
       [
        10.399142,
        49.894906
       ],
       [
        10.399157,
        49.895421
       ],
       [
        10.396968,
        49.901154
       ],
       [
        10.394841,
        49.902101
       ],
       [
        10.394898,
        49.902182
       ],
       [
        10.393141,
        49.903447
       ],
       [
        10.386849,
        49.90479
       ],
       [
        10.386422,
        49.904702
       ],
       [
        10.383624,
        49.906532
       ],
       [
        10.383156,
        49.911878
       ],
       [
        10.383761,
        49.913676
       ],
       [
        10.381445,
        49.91896
       ],
       [
        10.381176,
        49.919232
       ],
       [
        10.380408,
        49.919754
       ],
       [
        10.379513,
        49.920906
       ],
       [
        10.378824,
        49.9216
       ],
       [
        10.37878,
        49.922029
       ],
       [
        10.376508,
        49.92685
       ],
       [
        10.371712,
        49.929174
       ],
       [
        10.370239,
        49.928832
       ],
       [
        10.366534,
        49.929616
       ],
       [
        10.365191,
        49.931255
       ],
       [
        10.365459,
        49.934516
       ],
       [
        10.366524,
        49.935289
       ],
       [
        10.369631,
        49.940006
       ],
       [
        10.368847,
        49.9456
       ],
       [
        10.367708,
        49.947684
       ],
       [
        10.36899,
        49.951099
       ],
       [
        10.374222,
        49.953144
       ],
       [
        10.374869,
        49.953695
       ],
       [
        10.375151,
        49.953742
       ],
       [
        10.375782,
        49.953987
       ],
       [
        10.376124,
        49.953903
       ],
       [
        10.376606,
        49.953983
       ],
       [
        10.379578,
        49.955737
       ],
       [
        10.380499,
        49.951391
       ],
       [
        10.381425,
        49.94992
       ],
       [
        10.380069,
        49.945196
       ],
       [
        10.377541,
        49.944115
       ],
       [
        10.376584,
        49.943627
       ],
       [
        10.37584,
        49.943183
       ],
       [
        10.372008,
        49.937329
       ],
       [
        10.372005,
        49.937309
       ],
       [
        10.374594,
        49.930344
       ],
       [
        10.380158,
        49.928929
       ],
       [
        10.380124,
        49.928525
       ],
       [
        10.384969,
        49.92812
       ],
       [
        10.387824,
        49.925624
       ],
       [
        10.387769,
        49.925593
       ],
       [
        10.388045,
        49.925103
       ],
       [
        10.388048,
        49.925097
       ],
       [
        10.388124,
        49.924952
       ],
       [
        10.388209,
        49.924997
       ],
       [
        10.388411,
        49.923937
       ],
       [
        10.388537,
        49.923759
       ],
       [
        10.390556,
        49.921764
       ],
       [
        10.390778,
        49.921613
       ],
       [
        10.391179,
        49.916113
       ],
       [
        10.393507,
        49.911032
       ],
       [
        10.394519,
        49.910023
       ],
       [
        10.400052,
        49.907687
       ],
       [
        10.403493,
        49.907636
       ],
       [
        10.407902,
        49.908883
       ],
       [
        10.412241,
        49.911641
       ],
       [
        10.418608,
        49.912838
       ],
       [
        10.421947,
        49.918625
       ],
       [
        10.422469,
        49.924255
       ],
       [
        10.427132,
        49.927499
       ],
       [
        10.429512,
        49.932067
       ],
       [
        10.42984,
        49.93197
       ],
       [
        10.42985,
        49.932003
       ],
       [
        10.429843,
        49.932703
       ],
       [
        10.430563,
        49.934085
       ],
       [
        10.429816,
        49.935502
       ],
       [
        10.429805,
        49.936686
       ],
       [
        10.427212,
        49.940447
       ],
       [
        10.427232,
        49.940474
       ],
       [
        10.427218,
        49.940485
       ],
       [
        10.42718,
        49.940505
       ],
       [
        10.4271,
        49.940655
       ],
       [
        10.426958,
        49.940753
       ],
       [
        10.426775,
        49.940836
       ],
       [
        10.426592,
        49.940981
       ],
       [
        10.426282,
        49.941058
       ],
       [
        10.425002,
        49.941635
       ],
       [
        10.424518,
        49.941886
       ],
       [
        10.424437,
        49.94191
       ],
       [
        10.424432,
        49.941892
       ],
       [
        10.424355,
        49.941927
       ],
       [
        10.424198,
        49.941966
       ],
       [
        10.424107,
        49.941599
       ],
       [
        10.423027,
        49.941868
       ],
       [
        10.422905,
        49.941948
       ],
       [
        10.422639,
        49.941997
       ],
       [
        10.422734,
        49.942476
       ],
       [
        10.422132,
        49.942595
       ],
       [
        10.422132,
        49.942595
       ],
       [
        10.421714,
        49.942668
       ],
       [
        10.420804,
        49.942801
       ],
       [
        10.42064,
        49.942823
       ],
       [
        10.420439,
        49.942848
       ],
       [
        10.417787,
        49.94451
       ],
       [
        10.411346,
        49.945426
       ],
       [
        10.406355,
        49.941253
       ],
       [
        10.405739,
        49.939996
       ],
       [
        10.401845,
        49.938835
       ],
       [
        10.398627,
        49.940787
       ],
       [
        10.397855,
        49.943598
       ],
       [
        10.399164,
        49.946101
       ],
       [
        10.402323,
        49.947239
       ],
       [
        10.402843,
        49.946774
       ],
       [
        10.406138,
        49.945557
       ],
       [
        10.411183,
        49.945391
       ],
       [
        10.415323,
        49.948279
       ],
       [
        10.417237,
        49.950846
       ],
       [
        10.422141,
        49.95217
       ],
       [
        10.422024,
        49.952602
       ],
       [
        10.424662,
        49.953332
       ],
       [
        10.427765,
        49.957662
       ],
       [
        10.427805,
        49.9578
       ],
       [
        10.430495,
        49.958189
       ],
       [
        10.431893,
        49.95868
       ],
       [
        10.432356,
        49.958507
       ],
       [
        10.434986,
        49.958004
       ],
       [
        10.435088,
        49.958002
       ],
       [
        10.435192,
        49.958014
       ],
       [
        10.435228,
        49.957999
       ],
       [
        10.436687,
        49.957969
       ],
       [
        10.43673,
        49.95798
       ],
       [
        10.436759,
        49.957967
       ],
       [
        10.437475,
        49.957952
       ],
       [
        10.438081,
        49.957793
       ],
       [
        10.438936,
        49.957416
       ],
       [
        10.439567,
        49.957027
       ],
       [
        10.439782,
        49.95685
       ],
       [
        10.440003,
        49.956766
       ],
       [
        10.443725,
        49.953693
       ],
       [
        10.44427,
        49.950749
       ],
       [
        10.443963,
        49.950276
       ],
       [
        10.443318,
        49.942769
       ],
       [
        10.443781,
        49.941688
       ],
       [
        10.445402,
        49.939453
       ],
       [
        10.445606,
        49.938223
       ],
       [
        10.446292,
        49.936057
       ],
       [
        10.44665,
        49.935315
       ],
       [
        10.444213,
        49.931217
       ],
       [
        10.44391,
        49.93097
       ],
       [
        10.442856,
        49.925654
       ],
       [
        10.445432,
        49.920887
       ],
       [
        10.446198,
        49.920201
       ],
       [
        10.446304,
        49.920106
       ],
       [
        10.446931,
        49.919545
       ],
       [
        10.448454,
        49.918851
       ],
       [
        10.44926,
        49.917806
       ],
       [
        10.4497,
        49.916332
       ],
       [
        10.450134,
        49.915484
       ],
       [
        10.449555,
        49.914154
       ],
       [
        10.449873,
        49.911233
       ],
       [
        10.449456,
        49.911305
       ],
       [
        10.448268,
        49.904374
       ],
       [
        10.444092,
        49.902507
       ],
       [
        10.444037,
        49.902449
       ],
       [
        10.443957,
        49.902446
       ],
       [
        10.443939,
        49.902439
       ],
       [
        10.443793,
        49.902288
       ],
       [
        10.44354,
        49.90226
       ],
       [
        10.443292,
        49.90215
       ],
       [
        10.443181,
        49.90204
       ],
       [
        10.44305,
        49.902041
       ],
       [
        10.442996,
        49.902017
       ],
       [
        10.442781,
        49.901917
       ],
       [
        10.442699,
        49.901878
       ],
       [
        10.442464,
        49.901752
       ],
       [
        10.441269,
        49.901543
       ],
       [
        10.434891,
        49.898686
       ],
       [
        10.434936,
        49.898585
       ],
       [
        10.430347,
        49.896883
       ],
       [
        10.430034,
        49.896546
       ],
       [
        10.425113,
        49.895694
       ],
       [
        10.425188,
        49.89526
       ],
       [
        10.421624,
        49.895109
       ],
       [
        10.420118,
        49.89423
       ],
       [
        10.419707,
        49.894093
       ],
       [
        10.419512,
        49.89404
       ],
       [
        10.418949,
        49.893911
       ],
       [
        10.418532,
        49.893884
       ],
       [
        10.412191,
        49.890034
       ],
       [
        10.41153,
        49.888939
       ],
       [
        10.411084,
        49.881523
       ],
       [
        10.41693,
        49.876938
       ],
       [
        10.418967,
        49.876562
       ],
       [
        10.421872,
        49.876896
       ],
       [
        10.422368,
        49.876855
       ],
       [
        10.423146,
        49.877043
       ],
       [
        10.423616,
        49.877097
       ],
       [
        10.42392,
        49.87723
       ],
       [
        10.427261,
        49.878037
       ],
       [
        10.427545,
        49.878214
       ],
       [
        10.428539,
        49.878031
       ],
       [
        10.430405,
        49.878135
       ],
       [
        10.430691,
        49.878057
       ],
       [
        10.430701,
        49.878094
       ],
       [
        10.431564,
        49.878041
       ],
       [
        10.432477,
        49.877827
       ],
       [
        10.432513,
        49.877983
       ],
       [
        10.432596,
        49.877978
       ],
       [
        10.433123,
        49.877867
       ],
       [
        10.433046,
        49.877608
       ],
       [
        10.434354,
        49.877221
       ],
       [
        10.43813,
        49.877037
       ],
       [
        10.43993,
        49.877382
       ],
       [
        10.440802,
        49.877682
       ],
       [
        10.443485,
        49.877081
       ],
       [
        10.443856,
        49.876921
       ],
       [
        10.445392,
        49.876017
       ],
       [
        10.446059,
        49.875238
       ],
       [
        10.446805,
        49.871144
       ],
       [
        10.446786,
        49.870734
       ],
       [
        10.446288,
        49.870146
       ],
       [
        10.445956,
        49.869256
       ],
       [
        10.445958,
        49.869033
       ],
       [
        10.44555,
        49.868168
       ],
       [
        10.444925,
        49.866491
       ],
       [
        10.440444,
        49.864737
       ],
       [
        10.436425,
        49.861277
       ],
       [
        10.436004,
        49.859019
       ],
       [
        10.435992,
        49.859024
       ],
       [
        10.435989,
        49.859017
       ],
       [
        10.435984,
        49.858908
       ],
       [
        10.435454,
        49.856064
       ],
       [
        10.43558,
        49.855249
       ],
       [
        10.43581,
        49.855285
       ],
       [
        10.435758,
        49.854195
       ],
       [
        10.436118,
        49.852836
       ],
       [
        10.436056,
        49.852267
       ],
       [
        10.435797,
        49.851563
       ],
       [
        10.434215,
        49.84966
       ],
       [
        10.433059,
        49.849501
       ],
       [
        10.430732,
        49.84881
       ],
       [
        10.429452,
        49.848206
       ],
       [
        10.429396,
        49.848206
       ],
       [
        10.428979,
        49.848213
       ],
       [
        10.428284,
        49.848243
       ],
       [
        10.428282,
        49.848195
       ],
       [
        10.426912,
        49.848353
       ],
       [
        10.426913,
        49.848361
       ],
       [
        10.426411,
        49.848433
       ],
       [
        10.42628,
        49.848453
       ],
       [
        10.425883,
        49.848516
       ],
       [
        10.425544,
        49.848578
       ],
       [
        10.425224,
        49.848644
       ],
       [
        10.425011,
        49.84869
       ],
       [
        10.424837,
        49.848731
       ],
       [
        10.424587,
        49.848794
       ],
       [
        10.424456,
        49.848829
       ],
       [
        10.423653,
        49.849093
       ],
       [
        10.423147,
        49.849317
       ],
       [
        10.422812,
        49.849508
       ],
       [
        10.420742,
        49.851312
       ],
       [
        10.420663,
        49.851222
       ],
       [
        10.419106,
        49.852503
       ],
       [
        10.418595,
        49.853042
       ],
       [
        10.418035,
        49.853382
       ],
       [
        10.41795,
        49.853452
       ],
       [
        10.417993,
        49.853551
       ],
       [
        10.417177,
        49.853904
       ],
       [
        10.415543,
        49.854896
       ],
       [
        10.413761,
        49.857327
       ],
       [
        10.413631,
        49.860451
       ],
       [
        10.414023,
        49.862086
       ],
       [
        10.413996,
        49.862627
       ],
       [
        10.413306,
        49.862592
       ],
       [
        10.413585,
        49.866451
       ],
       [
        10.41299,
        49.867626
       ],
       [
        10.41177,
        49.869398
       ],
       [
        10.408901,
        49.872553
       ],
       [
        10.408804,
        49.872464
       ],
       [
        10.408511,
        49.873171
       ],
       [
        10.402436,
        49.875365
       ],
       [
        10.402304,
        49.875356
       ],
       [
        10.401558,
        49.87507
       ],
       [
        10.398286,
        49.875466
       ],
       [
        10.395718,
        49.874522
       ],
       [
        10.395588,
        49.875174
       ],
       [
        10.394179,
        49.874895
       ],
       [
        10.389313,
        49.871817
       ],
       [
        10.387774,
        49.86627
       ],
       [
        10.390358,
        49.861125
       ],
       [
        10.39194,
        49.859689
       ],
       [
        10.391584,
        49.85602
       ],
       [
        10.389879,
        49.854664
       ],
       [
        10.386895,
        49.854666
       ],
       [
        10.38653,
        49.854517
       ],
       [
        10.386216,
        49.854551
       ],
       [
        10.385929,
        49.85456
       ],
       [
        10.385868,
        49.854572
       ],
       [
        10.384694,
        49.854916
       ],
       [
        10.38397,
        49.85525
       ],
       [
        10.38355,
        49.855547
       ],
       [
        10.382727,
        49.857091
       ],
       [
        10.381093,
        49.858398
       ],
       [
        10.381202,
        49.862141
       ],
       [
        10.384203,
        49.864983
       ],
       [
        10.386603,
        49.87205
       ],
       [
        10.382426,
        49.877624
       ],
       [
        10.381247,
        49.880065
       ],
       [
        10.381622,
        49.881675
       ],
       [
        10.381284,
        49.883834
       ]
      ]
     ],
     [
      [
       [
        10.38283,
        49.963384
       ],
       [
        10.382561,
        49.965508
       ],
       [
        10.382251,
        49.966268
       ],
       [
        10.382265,
        49.966424
       ],
       [
        10.382232,
        49.968118
       ],
       [
        10.382104,
        49.969125
       ],
       [
        10.382314,
        49.969758
       ],
       [
        10.383142,
        49.970527
       ],
       [
        10.383397,
        49.970975
       ],
       [
        10.38343,
        49.971001
       ],
       [
        10.3838,
        49.971255
       ],
       [
        10.384715,
        49.971989
       ],
       [
        10.385357,
        49.972585
       ],
       [
        10.385441,
        49.972611
       ],
       [
        10.386293,
        49.972735
       ],
       [
        10.386712,
        49.972767
       ],
       [
        10.386699,
        49.972941
       ],
       [
        10.387474,
        49.97288
       ],
       [
        10.387474,
        49.972858
       ],
       [
        10.387612,
        49.97286
       ],
       [
        10.387611,
        49.972869
       ],
       [
        10.388221,
        49.972821
       ],
       [
        10.388285,
        49.972808
       ],
       [
        10.389199,
        49.972507
       ],
       [
        10.391706,
        49.972106
       ],
       [
        10.393352,
        49.972107
       ],
       [
        10.394717,
        49.971157
       ],
       [
        10.3954,
        49.96746
       ],
       [
        10.39208,
        49.964025
       ],
       [
        10.391661,
        49.963903
       ],
       [
        10.391472,
        49.963834
       ],
       [
        10.391296,
        49.96372
       ],
       [
        10.38872,
        49.963677
       ],
       [
        10.388696,
        49.963677
       ],
       [
        10.387136,
        49.96365
       ],
       [
        10.383185,
        49.962121
       ],
       [
        10.383279,
        49.962424
       ],
       [
        10.38283,
        49.963384
       ]
      ]
     ],
     [
      [
       [
        10.36007,
        49.902852
       ],
       [
        10.355511,
        49.906641
       ],
       [
        10.354165,
        49.908712
       ],
       [
        10.354896,
        49.911959
       ],
       [
        10.357819,
        49.913416
       ],
       [
        10.359768,
        49.912753
       ],
       [
        10.360942,
        49.910837
       ],
       [
        10.359705,
        49.905386
       ],
       [
        10.36007,
        49.902852
       ]
      ]
     ],
     [
      [
       [
        10.389615,
        49.812414
       ],
       [
        10.39104,
        49.814557
       ],
       [
        10.393425,
        49.815167
       ],
       [
        10.396102,
        49.813574
       ],
       [
        10.396217,
        49.812983
       ],
       [
        10.397464,
        49.810975
       ],
       [
        10.395209,
        49.807658
       ],
       [
        10.39293,
        49.806998
       ],
       [
        10.390731,
        49.807956
       ],
       [
        10.389615,
        49.812414
       ]
      ]
     ],
     [
      [
       [
        10.411205,
        49.812169
       ],
       [
        10.412058,
        49.814115
       ],
       [
        10.412127,
        49.815485
       ],
       [
        10.413703,
        49.816907
       ],
       [
        10.414858,
        49.817027
       ],
       [
        10.416671,
        49.817621
       ],
       [
        10.417243,
        49.817545
       ],
       [
        10.417684,
        49.817604
       ],
       [
        10.419593,
        49.816153
       ],
       [
        10.421241,
        49.815188
       ],
       [
        10.42148,
        49.815084
       ],
       [
        10.421811,
        49.81251
       ],
       [
        10.421847,
        49.8124
       ],
       [
        10.421656,
        49.81173
       ],
       [
        10.420855,
        49.810868
       ],
       [
        10.420426,
        49.810073
       ],
       [
        10.41594,
        49.808537
       ],
       [
        10.415868,
        49.80854
       ],
       [
        10.415664,
        49.808558
       ],
       [
        10.411205,
        49.812169
       ]
      ]
     ],
     [
      [
       [
        10.378829,
        49.614981
       ],
       [
        10.378676,
        49.617979
       ],
       [
        10.378585,
        49.618835
       ],
       [
        10.378369,
        49.620188
       ],
       [
        10.378411,
        49.620262
       ],
       [
        10.380004,
        49.621977
       ],
       [
        10.380559,
        49.622343
       ],
       [
        10.381042,
        49.622548
       ],
       [
        10.382235,
        49.622671
       ],
       [
        10.384807,
        49.623382
       ],
       [
        10.384939,
        49.623443
       ],
       [
        10.389007,
        49.627791
       ],
       [
        10.389077,
        49.627971
       ],
       [
        10.393358,
        49.630129
       ],
       [
        10.394567,
        49.630202
       ],
       [
        10.398478,
        49.633691
       ],
       [
        10.399165,
        49.634922
       ],
       [
        10.399744,
        49.635471
       ],
       [
        10.404021,
        49.636633
       ],
       [
        10.406113,
        49.6365
       ],
       [
        10.406174,
        49.636496
       ],
       [
        10.406837,
        49.63646
       ],
       [
        10.407163,
        49.636448
       ],
       [
        10.407572,
        49.636442
       ],
       [
        10.407816,
        49.636442
       ],
       [
        10.408111,
        49.636447
       ],
       [
        10.408765,
        49.63643
       ],
       [
        10.408824,
        49.636426
       ],
       [
        10.408946,
        49.636422
       ],
       [
        10.410154,
        49.63632
       ],
       [
        10.41106,
        49.636181
       ],
       [
        10.411268,
        49.636152
       ],
       [
        10.411492,
        49.636123
       ],
       [
        10.411884,
        49.636083
       ],
       [
        10.412186,
        49.63606
       ],
       [
        10.412206,
        49.636326
       ],
       [
        10.4143,
        49.635948
       ],
       [
        10.414935,
        49.636043
       ],
       [
        10.414985,
        49.636043
       ],
       [
        10.415556,
        49.636048
       ],
       [
        10.415604,
        49.636048
       ],
       [
        10.41609,
        49.636055
       ],
       [
        10.416483,
        49.636059
       ],
       [
        10.417398,
        49.636019
       ],
       [
        10.417673,
        49.635984
       ],
       [
        10.418254,
        49.635951
       ],
       [
        10.418721,
        49.635955
       ],
       [
        10.419648,
        49.635854
       ],
       [
        10.421819,
        49.633892
       ],
       [
        10.422884,
        49.63317
       ],
       [
        10.42327,
        49.632581
       ],
       [
        10.423318,
        49.632538
       ],
       [
        10.423422,
        49.630943
       ],
       [
        10.421661,
        49.628092
       ],
       [
        10.420587,
        49.62739
       ],
       [
        10.419704,
        49.627095
       ],
       [
        10.41593,
        49.624426
       ],
       [
        10.412157,
        49.619587
       ],
       [
        10.411888,
        49.619534
       ],
       [
        10.411416,
        49.619491
       ],
       [
        10.411322,
        49.619487
       ],
       [
        10.410846,
        49.619465
       ],
       [
        10.410785,
        49.619462
       ],
       [
        10.410145,
        49.619438
       ],
       [
        10.410106,
        49.619436
       ],
       [
        10.408625,
        49.619373
       ],
       [
        10.406964,
        49.620143
       ],
       [
        10.40556,
        49.62064
       ],
       [
        10.405546,
        49.620644
       ],
       [
        10.400194,
        49.620132
       ],
       [
        10.396375,
        49.616348
       ],
       [
        10.396212,
        49.616008
       ],
       [
        10.395545,
        49.614975
       ],
       [
        10.395538,
        49.614967
       ],
       [
        10.392458,
        49.613438
       ],
       [
        10.391559,
        49.612709
       ],
       [
        10.391071,
        49.612568
       ],
       [
        10.390741,
        49.612485
       ],
       [
        10.38803,
        49.611231
       ],
       [
        10.387905,
        49.611141
       ],
       [
        10.387861,
        49.611135
       ],
       [
        10.387484,
        49.611088
       ],
       [
        10.387488,
        49.611057
       ],
       [
        10.384545,
        49.610917
       ],
       [
        10.384476,
        49.610891
       ],
       [
        10.380543,
        49.612622
       ],
       [
        10.379302,
        49.614173
       ],
       [
        10.378829,
        49.614981
       ]
      ]
     ],
     [
      [
       [
        9.700198,
        50.001784
       ],
       [
        9.703833,
        50.004368
       ],
       [
        9.710313,
        50.003064
       ],
       [
        9.711431,
        50.000305
       ],
       [
        9.714096,
        49.99687
       ],
       [
        9.71458,
        49.996514
       ],
       [
        9.72289,
        49.995788
       ],
       [
        9.724155,
        49.996416
       ],
       [
        9.729634,
        49.995108
       ],
       [
        9.731464,
        49.994128
       ],
       [
        9.731267,
        49.994026
       ],
       [
        9.730983,
        49.993273
       ],
       [
        9.730894,
        49.993341
       ],
       [
        9.730815,
        49.993237
       ],
       [
        9.730773,
        49.992717
       ],
       [
        9.729874,
        49.990338
       ],
       [
        9.72961,
        49.990419
       ],
       [
        9.728702,
        49.987438
       ],
       [
        9.728437,
        49.98408
       ],
       [
        9.723323,
        49.979529
       ],
       [
        9.719629,
        49.978388
       ],
       [
        9.719183,
        49.978038
       ],
       [
        9.715625,
        49.979123
       ],
       [
        9.712894,
        49.983868
       ],
       [
        9.710139,
        49.986067
       ],
       [
        9.71033,
        49.986303
       ],
       [
        9.705793,
        49.98997
       ],
       [
        9.703638,
        49.994364
       ],
       [
        9.70022,
        49.997799
       ],
       [
        9.700198,
        50.001784
       ]
      ]
     ],
     [
      [
       [
        9.738744,
        49.996045
       ],
       [
        9.739387,
        49.99763
       ],
       [
        9.74256,
        50.000997
       ],
       [
        9.747471,
        50.001738
       ],
       [
        9.748383,
        50.001479
       ],
       [
        9.749013,
        50.00155
       ],
       [
        9.749344,
        50.001693
       ],
       [
        9.749349,
        50.001655
       ],
       [
        9.749789,
        50.001718
       ],
       [
        9.750727,
        50.00141
       ],
       [
        9.751751,
        50.001146
       ],
       [
        9.753104,
        50.000892
       ],
       [
        9.758262,
        50.001652
       ],
       [
        9.761856,
        50.005428
       ],
       [
        9.762062,
        50.007547
       ],
       [
        9.762805,
        50.009313
       ],
       [
        9.768963,
        50.012066
       ],
       [
        9.770466,
        50.011211
       ],
       [
        9.770598,
        50.011177
       ],
       [
        9.770896,
        50.011096
       ],
       [
        9.77229,
        50.010872
       ],
       [
        9.774854,
        50.008675
       ],
       [
        9.7747,
        50.004541
       ],
       [
        9.772585,
        50.00255
       ],
       [
        9.77257,
        50.002548
       ],
       [
        9.767193,
        49.999677
       ],
       [
        9.7654,
        49.993851
       ],
       [
        9.768231,
        49.988453
       ],
       [
        9.769614,
        49.987296
       ],
       [
        9.772778,
        49.985678
       ],
       [
        9.775177,
        49.985068
       ],
       [
        9.779879,
        49.985303
       ],
       [
        9.780044,
        49.985362
       ],
       [
        9.782364,
        49.984887
       ],
       [
        9.782395,
        49.985039
       ],
       [
        9.783031,
        49.984851
       ],
       [
        9.782809,
        49.984349
       ],
       [
        9.786792,
        49.982588
       ],
       [
        9.788257,
        49.978707
       ],
       [
        9.787279,
        49.973103
       ],
       [
        9.787415,
        49.972568
       ],
       [
        9.787773,
        49.971489
       ],
       [
        9.789035,
        49.968431
       ],
       [
        9.790087,
        49.96686
       ],
       [
        9.790086,
        49.961449
       ],
       [
        9.788364,
        49.958419
       ],
       [
        9.790456,
        49.952221
       ],
       [
        9.796475,
        49.949656
       ],
       [
        9.797151,
        49.949669
       ],
       [
        9.797234,
        49.949671
       ],
       [
        9.79746,
        49.949677
       ],
       [
        9.798395,
        49.949759
       ],
       [
        9.798451,
        49.949768
       ],
       [
        9.799471,
        49.950002
       ],
       [
        9.799474,
        49.949991
       ],
       [
        9.799742,
        49.950064
       ],
       [
        9.800089,
        49.95015
       ],
       [
        9.800134,
        49.950159
       ],
       [
        9.800323,
        49.950197
       ],
       [
        9.801264,
        49.950025
       ],
       [
        9.802347,
        49.949902
       ],
       [
        9.802375,
        49.949901
       ],
       [
        9.802379,
        49.949901
       ],
       [
        9.802697,
        49.949872
       ],
       [
        9.802867,
        49.949845
       ],
       [
        9.802994,
        49.949801
       ],
       [
        9.804164,
        49.949494
       ],
       [
        9.80515,
        49.949314
       ],
       [
        9.805581,
        49.948816
       ],
       [
        9.805935,
        49.948513
       ],
       [
        9.809571,
        49.946746
       ],
       [
        9.810055,
        49.94665
       ],
       [
        9.810769,
        49.946417
       ],
       [
        9.8116,
        49.945995
       ],
       [
        9.812368,
        49.945454
       ],
       [
        9.812436,
        49.945551
       ],
       [
        9.817989,
        49.943951
       ],
       [
        9.823348,
        49.946915
       ],
       [
        9.824611,
        49.951305
       ],
       [
        9.825119,
        49.952379
       ],
       [
        9.826727,
        49.953554
       ],
       [
        9.827537,
        49.954292
       ],
       [
        9.827736,
        49.95437
       ],
       [
        9.829072,
        49.954563
       ],
       [
        9.829243,
        49.954618
       ],
       [
        9.829803,
        49.954794
       ],
       [
        9.83005,
        49.954867
       ],
       [
        9.830686,
        49.955045
       ],
       [
        9.830976,
        49.95512
       ],
       [
        9.831238,
        49.955183
       ],
       [
        9.831235,
        49.955196
       ],
       [
        9.831324,
        49.955197
       ],
       [
        9.831911,
        49.955343
       ],
       [
        9.832264,
        49.955452
       ],
       [
        9.836634,
        49.955458
       ],
       [
        9.837846,
        49.955552
       ],
       [
        9.838929,
        49.95572
       ],
       [
        9.840489,
        49.954064
       ],
       [
        9.840252,
        49.950744
       ],
       [
        9.839931,
        49.950508
       ],
       [
        9.838908,
        49.948796
       ],
       [
        9.837194,
        49.948415
       ],
       [
        9.836367,
        49.948039
       ],
       [
        9.836308,
        49.947981
       ],
       [
        9.836242,
        49.947982
       ],
       [
        9.833347,
        49.946665
       ],
       [
        9.832629,
        49.945963
       ],
       [
        9.83256,
        49.946212
       ],
       [
        9.831819,
        49.946008
       ],
       [
        9.831754,
        49.94599
       ],
       [
        9.83138,
        49.945891
       ],
       [
        9.831109,
        49.945824
       ],
       [
        9.830901,
        49.945776
       ],
       [
        9.830417,
        49.945681
       ],
       [
        9.829739,
        49.945601
       ],
       [
        9.82892,
        49.945586
       ],
       [
        9.828751,
        49.945592
       ],
       [
        9.828275,
        49.945608
       ],
       [
        9.82153,
        49.942315
       ],
       [
        9.820482,
        49.934883
       ],
       [
        9.82097,
        49.933538
       ],
       [
        9.822886,
        49.930936
       ],
       [
        9.822705,
        49.930768
       ],
       [
        9.82424,
        49.92911
       ],
       [
        9.826565,
        49.927372
       ],
       [
        9.826574,
        49.927368
       ],
       [
        9.827004,
        49.926998
       ],
       [
        9.82734,
        49.926823
       ],
       [
        9.827898,
        49.925658
       ],
       [
        9.832438,
        49.921574
       ],
       [
        9.838537,
        49.921884
       ],
       [
        9.844318,
        49.924621
       ],
       [
        9.846418,
        49.923941
       ],
       [
        9.848793,
        49.920276
       ],
       [
        9.854788,
        49.917143
       ],
       [
        9.854725,
        49.916876
       ],
       [
        9.855256,
        49.91675
       ],
       [
        9.855618,
        49.91671
       ],
       [
        9.85577,
        49.91663
       ],
       [
        9.8562,
        49.916644
       ],
       [
        9.85717,
        49.916535
       ],
       [
        9.857783,
        49.91654
       ],
       [
        9.857832,
        49.916526
       ],
       [
        9.861502,
        49.916297
       ],
       [
        9.862271,
        49.916429
       ],
       [
        9.862142,
        49.917181
       ],
       [
        9.862233,
        49.917143
       ],
       [
        9.862953,
        49.917452
       ],
       [
        9.865839,
        49.917658
       ],
       [
        9.865957,
        49.917743
       ],
       [
        9.866977,
        49.91862
       ],
       [
        9.869013,
        49.91932
       ],
       [
        9.869786,
        49.919728
       ],
       [
        9.869655,
        49.919978
       ],
       [
        9.871715,
        49.9212
       ],
       [
        9.871804,
        49.921103
       ],
       [
        9.871814,
        49.921112
       ],
       [
        9.872319,
        49.921521
       ],
       [
        9.873028,
        49.921937
       ],
       [
        9.873076,
        49.921982
       ],
       [
        9.874498,
        49.922461
       ],
       [
        9.875114,
        49.922519
       ],
       [
        9.875435,
        49.922518
       ],
       [
        9.876532,
        49.922378
       ],
       [
        9.876554,
        49.922373
       ],
       [
        9.876556,
        49.922372
       ],
       [
        9.876562,
        49.922399
       ],
       [
        9.876735,
        49.922294
       ],
       [
        9.87704,
        49.922239
       ],
       [
        9.877033,
        49.922221
       ],
       [
        9.877189,
        49.922161
       ],
       [
        9.877207,
        49.922208
       ],
       [
        9.879459,
        49.921799
       ],
       [
        9.880006,
        49.921653
       ],
       [
        9.88017,
        49.921669
       ],
       [
        9.882317,
        49.921279
       ],
       [
        9.887169,
        49.924221
       ],
       [
        9.88796,
        49.925232
       ],
       [
        9.888093,
        49.92526
       ],
       [
        9.893946,
        49.923217
       ],
       [
        9.89511,
        49.92103
       ],
       [
        9.895158,
        49.921056
       ],
       [
        9.895373,
        49.920558
       ],
       [
        9.894749,
        49.920335
       ],
       [
        9.894974,
        49.919706
       ],
       [
        9.896612,
        49.91706
       ],
       [
        9.897062,
        49.915577
       ],
       [
        9.897074,
        49.915036
       ],
       [
        9.89745,
        49.914627
       ],
       [
        9.89766,
        49.914265
       ],
       [
        9.89774,
        49.914312
       ],
       [
        9.89935,
        49.912559
       ],
       [
        9.899135,
        49.912363
       ],
       [
        9.900549,
        49.910805
       ],
       [
        9.900574,
        49.910791
       ],
       [
        9.900583,
        49.910768
       ],
       [
        9.902273,
        49.908877
       ],
       [
        9.902569,
        49.906384
       ],
       [
        9.901407,
        49.904209
       ],
       [
        9.899646,
        49.903303
       ],
       [
        9.899488,
        49.903117
       ],
       [
        9.898874,
        49.902905
       ],
       [
        9.898565,
        49.902746
       ],
       [
        9.898244,
        49.902729
       ],
       [
        9.898249,
        49.902644
       ],
       [
        9.897154,
        49.902909
       ],
       [
        9.896626,
        49.902808
       ],
       [
        9.896527,
        49.902874
       ],
       [
        9.892755,
        49.903614
       ],
       [
        9.892816,
        49.904098
       ],
       [
        9.892484,
        49.90414
       ],
       [
        9.892261,
        49.904171
       ],
       [
        9.892249,
        49.904173
       ],
       [
        9.892131,
        49.904192
       ],
       [
        9.891536,
        49.904321
       ],
       [
        9.890221,
        49.904432
       ],
       [
        9.890186,
        49.904446
       ],
       [
        9.890182,
        49.904435
       ],
       [
        9.890064,
        49.904445
       ],
       [
        9.889897,
        49.904555
       ],
       [
        9.8899,
        49.904562
       ],
       [
        9.889865,
        49.904576
       ],
       [
        9.889147,
        49.905049
       ],
       [
        9.888932,
        49.90512
       ],
       [
        9.888821,
        49.904785
       ],
       [
        9.886795,
        49.905585
       ],
       [
        9.88672,
        49.90559
       ],
       [
        9.885525,
        49.904949
       ],
       [
        9.885503,
        49.904957
       ],
       [
        9.88537,
        49.904928
       ],
       [
        9.885381,
        49.904873
       ],
       [
        9.88177,
        49.902937
       ],
       [
        9.881192,
        49.903674
       ],
       [
        9.87979,
        49.902572
       ],
       [
        9.876959,
        49.898173
       ],
       [
        9.877451,
        49.892967
       ],
       [
        9.87916,
        49.889213
       ],
       [
        9.877515,
        49.884336
       ],
       [
        9.877675,
        49.878793
       ],
       [
        9.879702,
        49.876557
       ],
       [
        9.880264,
        49.875677
       ],
       [
        9.880298,
        49.875654
       ],
       [
        9.880307,
        49.875608
       ],
       [
        9.880343,
        49.875551
       ],
       [
        9.881228,
        49.874666
       ],
       [
        9.881237,
        49.87464
       ],
       [
        9.881096,
        49.874582
       ],
       [
        9.881153,
        49.874442
       ],
       [
        9.881287,
        49.874496
       ],
       [
        9.88164,
        49.873484
       ],
       [
        9.881735,
        49.873332
       ],
       [
        9.882213,
        49.873632
       ],
       [
        9.884677,
        49.869963
       ],
       [
        9.892085,
        49.86984
       ],
       [
        9.894929,
        49.871267
       ],
       [
        9.897473,
        49.870388
       ],
       [
        9.898686,
        49.868042
       ],
       [
        9.897769,
        49.865201
       ],
       [
        9.894947,
        49.863868
       ],
       [
        9.892504,
        49.864711
       ],
       [
        9.891788,
        49.865991
       ],
       [
        9.887687,
        49.869549
       ],
       [
        9.882258,
        49.869669
       ],
       [
        9.878991,
        49.868572
       ],
       [
        9.876301,
        49.867035
       ],
       [
        9.874859,
        49.865787
       ],
       [
        9.875625,
        49.864902
       ],
       [
        9.872437,
        49.862529
       ],
       [
        9.871691,
        49.860535
       ],
       [
        9.871309,
        49.859137
       ],
       [
        9.87122,
        49.858637
       ],
       [
        9.872545,
        49.852641
       ],
       [
        9.872726,
        49.852382
       ],
       [
        9.873077,
        49.851742
       ],
       [
        9.873132,
        49.851629
       ],
       [
        9.873238,
        49.851681
       ],
       [
        9.876203,
        49.848078
       ],
       [
        9.880044,
        49.845695
       ],
       [
        9.881186,
        49.845146
       ],
       [
        9.882384,
        49.843749
       ],
       [
        9.882657,
        49.843497
       ],
       [
        9.882825,
        49.843679
       ],
       [
        9.885294,
        49.839741
       ],
       [
        9.885126,
        49.838921
       ],
       [
        9.885105,
        49.838814
       ],
       [
        9.884444,
        49.835338
       ],
       [
        9.882085,
        49.831751
       ],
       [
        9.883531,
        49.825595
       ],
       [
        9.888995,
        49.822413
       ],
       [
        9.88904,
        49.822407
       ],
       [
        9.889758,
        49.822286
       ],
       [
        9.890004,
        49.822233
       ],
       [
        9.890688,
        49.82206
       ],
       [
        9.890689,
        49.822062
       ],
       [
        9.891076,
        49.821965
       ],
       [
        9.891081,
        49.821964
       ],
       [
        9.89123,
        49.821933
       ],
       [
        9.891951,
        49.821794
       ],
       [
        9.892405,
        49.821692
       ],
       [
        9.893246,
        49.821478
       ],
       [
        9.893772,
        49.821325
       ],
       [
        9.894225,
        49.821176
       ],
       [
        9.894365,
        49.821129
       ],
       [
        9.89576,
        49.820641
       ],
       [
        9.896301,
        49.82043
       ],
       [
        9.896619,
        49.820292
       ],
       [
        9.896985,
        49.820122
       ],
       [
        9.897421,
        49.819882
       ],
       [
        9.898096,
        49.819411
       ],
       [
        9.89849,
        49.819067
       ],
       [
        9.898651,
        49.818913
       ],
       [
        9.898842,
        49.819113
       ],
       [
        9.899577,
        49.818124
       ],
       [
        9.899694,
        49.818041
       ],
       [
        9.902171,
        49.817255
       ],
       [
        9.903508,
        49.816533
       ],
       [
        9.908509,
        49.815663
       ],
       [
        9.910386,
        49.815947
       ],
       [
        9.910565,
        49.816061
       ],
       [
        9.911039,
        49.816046
       ],
       [
        9.911083,
        49.816053
       ],
       [
        9.911413,
        49.81625
       ],
       [
        9.911797,
        49.816161
       ],
       [
        9.912086,
        49.816205
       ],
       [
        9.912593,
        49.81646
       ],
       [
        9.912677,
        49.81644
       ],
       [
        9.920832,
        49.819301
       ],
       [
        9.92357,
        49.822809
       ],
       [
        9.926019,
        49.823268
       ],
       [
        9.929393,
        49.821232
       ],
       [
        9.929529,
        49.820319
       ],
       [
        9.932821,
        49.814967
       ],
       [
        9.937961,
        49.813859
       ],
       [
        9.937955,
        49.81364
       ],
       [
        9.938966,
        49.813613
       ],
       [
        9.939483,
        49.8135
       ],
       [
        9.940737,
        49.813364
       ],
       [
        9.941713,
        49.812585
       ],
       [
        9.946152,
        49.810855
       ],
       [
        9.946189,
        49.810853
       ],
       [
        9.946464,
        49.810838
       ],
       [
        9.946508,
        49.810837
       ],
       [
        9.946649,
        49.810833
       ],
       [
        9.946741,
        49.810832
       ],
       [
        9.946814,
        49.81083
       ],
       [
        9.946961,
        49.810826
       ],
       [
        9.947347,
        49.810807
       ],
       [
        9.947556,
        49.810788
       ],
       [
        9.947735,
        49.810769
       ],
       [
        9.947788,
        49.810764
       ],
       [
        9.948565,
        49.810687
       ],
       [
        9.948664,
        49.810677
       ],
       [
        9.94893,
        49.810648
       ],
       [
        9.948995,
        49.810641
       ],
       [
        9.950021,
        49.810536
       ],
       [
        9.955584,
        49.808121
       ],
       [
        9.957124,
        49.806843
       ],
       [
        9.959233,
        49.80696
       ],
       [
        9.959214,
        49.806822
       ],
       [
        9.961931,
        49.806442
       ],
       [
        9.965663,
        49.806865
       ],
       [
        9.965677,
        49.80682
       ],
       [
        9.965809,
        49.806863
       ],
       [
        9.971572,
        49.805015
       ],
       [
        9.972408,
        49.803324
       ],
       [
        9.971695,
        49.800026
       ],
       [
        9.969994,
        49.799477
       ],
       [
        9.968969,
        49.798638
       ],
       [
        9.968662,
        49.798532
       ],
       [
        9.968526,
        49.798486
       ],
       [
        9.968337,
        49.798425
       ],
       [
        9.96802,
        49.798328
       ],
       [
        9.967683,
        49.798234
       ],
       [
        9.967597,
        49.798209
       ],
       [
        9.967471,
        49.798172
       ],
       [
        9.96198,
        49.798598
       ],
       [
        9.959865,
        49.800203
       ],
       [
        9.951104,
        49.800802
       ],
       [
        9.950355,
        49.800381
       ],
       [
        9.950312,
        49.800382
       ],
       [
        9.950078,
        49.800397
       ],
       [
        9.949997,
        49.800403
       ],
       [
        9.949901,
        49.80041
       ],
       [
        9.949866,
        49.800412
       ],
       [
        9.949648,
        49.80043
       ],
       [
        9.949305,
        49.800463
       ],
       [
        9.949222,
        49.800471
       ],
       [
        9.949201,
        49.800473
       ],
       [
        9.948479,
        49.800516
       ],
       [
        9.948294,
        49.800519
       ],
       [
        9.94801,
        49.800518
       ],
       [
        9.947486,
        49.800507
       ],
       [
        9.947259,
        49.800504
       ],
       [
        9.947202,
        49.800503
       ],
       [
        9.947096,
        49.800501
       ],
       [
        9.946944,
        49.800499
       ],
       [
        9.946907,
        49.8005
       ],
       [
        9.946607,
        49.800679
       ],
       [
        9.945232,
        49.800829
       ],
       [
        9.945237,
        49.800869
       ],
       [
        9.944934,
        49.800909
       ],
       [
        9.944928,
        49.800863
       ],
       [
        9.939979,
        49.801404
       ],
       [
        9.938746,
        49.800994
       ],
       [
        9.938692,
        49.800945
       ],
       [
        9.938614,
        49.80095
       ],
       [
        9.937087,
        49.800442
       ],
       [
        9.937083,
        49.800444
       ],
       [
        9.937069,
        49.800445
       ],
       [
        9.934805,
        49.80022
       ],
       [
        9.933854,
        49.799985
       ],
       [
        9.929021,
        49.796514
       ],
       [
        9.928701,
        49.794811
       ],
       [
        9.928631,
        49.794842
       ],
       [
        9.928586,
        49.79474
       ],
       [
        9.928145,
        49.791855
       ],
       [
        9.928035,
        49.791272
       ],
       [
        9.927924,
        49.79127
       ],
       [
        9.927931,
        49.790719
       ],
       [
        9.927921,
        49.790665
       ],
       [
        9.927933,
        49.790606
       ],
       [
        9.927935,
        49.790469
       ],
       [
        9.92793,
        49.790363
       ],
       [
        9.927931,
        49.789889
       ],
       [
        9.927907,
        49.789527
       ],
       [
        9.9279,
        49.789288
       ],
       [
        9.927386,
        49.787681
       ],
       [
        9.927382,
        49.787662
       ],
       [
        9.927344,
        49.787524
       ],
       [
        9.926996,
        49.786596
       ],
       [
        9.927363,
        49.786458
       ],
       [
        9.925912,
        49.782132
       ],
       [
        9.92608,
        49.780795
       ],
       [
        9.927894,
        49.777851
       ],
       [
        9.930161,
        49.773837
       ],
       [
        9.93575,
        49.772068
       ],
       [
        9.941045,
        49.774585
       ],
       [
        9.943115,
        49.7768
       ],
       [
        9.944728,
        49.776569
       ],
       [
        9.948818,
        49.777056
       ],
       [
        9.94892,
        49.777096
       ],
       [
        9.949416,
        49.77672
       ],
       [
        9.951568,
        49.776134
       ],
       [
        9.95252,
        49.775937
       ],
       [
        9.953168,
        49.775843
       ],
       [
        9.95369,
        49.775679
       ],
       [
        9.959138,
        49.775914
       ],
       [
        9.960647,
        49.776535
       ],
       [
        9.962727,
        49.777792
       ],
       [
        9.963248,
        49.778227
       ],
       [
        9.963255,
        49.778229
       ],
       [
        9.963255,
        49.778228
       ],
       [
        9.964075,
        49.778454
       ],
       [
        9.968303,
        49.778159
       ],
       [
        9.971951,
        49.775208
       ],
       [
        9.972595,
        49.776003
       ],
       [
        9.978469,
        49.773509
       ],
       [
        9.979051,
        49.773616
       ],
       [
        9.984344,
        49.777182
       ],
       [
        9.985344,
        49.783486
       ],
       [
        9.983165,
        49.786274
       ],
       [
        9.983094,
        49.79112
       ],
       [
        9.984026,
        49.791323
       ],
       [
        9.98651,
        49.793077
       ],
       [
        9.988783,
        49.792652
       ],
       [
        9.990961,
        49.790347
       ],
       [
        9.992618,
        49.786609
       ],
       [
        9.996615,
        49.784123
       ],
       [
        9.998005,
        49.783756
       ],
       [
        9.99951,
        49.783702
       ],
       [
        9.999501,
        49.783677
       ],
       [
        9.999753,
        49.783582
       ],
       [
        9.999795,
        49.783692
       ],
       [
        10.00024,
        49.783676
       ],
       [
        10.000161,
        49.783454
       ],
       [
        10.000188,
        49.783444
       ],
       [
        10.000828,
        49.783184
       ],
       [
        10.000773,
        49.783209
       ],
       [
        10.002332,
        49.782615
       ],
       [
        10.003236,
        49.782377
       ],
       [
        10.003411,
        49.782189
       ],
       [
        10.004518,
        49.781361
       ],
       [
        10.00576,
        49.780977
       ],
       [
        10.009447,
        49.777959
       ],
       [
        10.009891,
        49.77177
       ],
       [
        10.008632,
        49.767187
       ],
       [
        10.008657,
        49.767103
       ],
       [
        10.010049,
        49.764434
       ],
       [
        10.011164,
        49.763025
       ],
       [
        10.018207,
        49.760028
       ],
       [
        10.02037,
        49.760238
       ],
       [
        10.020298,
        49.760982
       ],
       [
        10.02403,
        49.761401
       ],
       [
        10.027542,
        49.761119
       ],
       [
        10.027623,
        49.761043
       ],
       [
        10.031078,
        49.759131
       ],
       [
        10.032756,
        49.758691
       ],
       [
        10.037086,
        49.759421
       ],
       [
        10.037103,
        49.759303
       ],
       [
        10.037177,
        49.759313
       ],
       [
        10.037641,
        49.759366
       ],
       [
        10.038011,
        49.759397
       ],
       [
        10.037996,
        49.759574
       ],
       [
        10.03844,
        49.759649
       ],
       [
        10.039,
        49.759527
       ],
       [
        10.039384,
        49.759609
       ],
       [
        10.042968,
        49.758857
       ],
       [
        10.04434,
        49.757156
       ],
       [
        10.043932,
        49.753616
       ],
       [
        10.040555,
        49.751418
       ],
       [
        10.039884,
        49.751542
       ],
       [
        10.039001,
        49.751655
       ],
       [
        10.033642,
        49.75204
       ],
       [
        10.031415,
        49.751555
       ],
       [
        10.031089,
        49.751522
       ],
       [
        10.030757,
        49.751412
       ],
       [
        10.029233,
        49.75108
       ],
       [
        10.028407,
        49.750629
       ],
       [
        10.02775,
        49.75041
       ],
       [
        10.027433,
        49.750219
       ],
       [
        10.024087,
        49.746202
       ],
       [
        10.023935,
        49.740977
       ],
       [
        10.027044,
        49.736773
       ],
       [
        10.029537,
        49.735063
       ],
       [
        10.031627,
        49.734354
       ],
       [
        10.032846,
        49.732584
       ],
       [
        10.032673,
        49.730252
       ],
       [
        10.032672,
        49.730251
       ],
       [
        10.031179,
        49.727091
       ],
       [
        10.03099,
        49.72685
       ],
       [
        10.030878,
        49.726725
       ],
       [
        10.030968,
        49.726644
       ],
       [
        10.030587,
        49.725837
       ],
       [
        10.030567,
        49.725685
       ],
       [
        10.029018,
        49.724216
       ],
       [
        10.029351,
        49.717544
       ],
       [
        10.030733,
        49.716472
       ],
       [
        10.030423,
        49.716228
       ],
       [
        10.033974,
        49.711725
       ],
       [
        10.033959,
        49.71162
       ],
       [
        10.033934,
        49.710932
       ],
       [
        10.03619,
        49.705071
       ],
       [
        10.03648,
        49.704772
       ],
       [
        10.038504,
        49.70326
       ],
       [
        10.039442,
        49.702769
       ],
       [
        10.039506,
        49.702752
       ],
       [
        10.04008,
        49.702235
       ],
       [
        10.040401,
        49.702033
       ],
       [
        10.040471,
        49.702022
       ],
       [
        10.040515,
        49.701961
       ],
       [
        10.040853,
        49.701749
       ],
       [
        10.042057,
        49.701161
       ],
       [
        10.042247,
        49.700873
       ],
       [
        10.042456,
        49.700742
       ],
       [
        10.043731,
        49.698341
       ],
       [
        10.042479,
        49.693508
       ],
       [
        10.040484,
        49.689769
       ],
       [
        10.040486,
        49.689635
       ],
       [
        10.042264,
        49.684729
       ],
       [
        10.046688,
        49.681963
       ],
       [
        10.05099,
        49.680971
       ],
       [
        10.051829,
        49.680059
       ],
       [
        10.052524,
        49.679749
       ],
       [
        10.056327,
        49.679074
       ],
       [
        10.058856,
        49.679247
       ],
       [
        10.059715,
        49.679642
       ],
       [
        10.060764,
        49.679408
       ],
       [
        10.060771,
        49.679405
       ],
       [
        10.061149,
        49.679263
       ],
       [
        10.061294,
        49.679207
       ],
       [
        10.061719,
        49.679038
       ],
       [
        10.064732,
        49.678952
       ],
       [
        10.064777,
        49.678923
       ],
       [
        10.064762,
        49.678725
       ],
       [
        10.064975,
        49.678709
       ],
       [
        10.065033,
        49.678704
       ],
       [
        10.065117,
        49.678697
       ],
       [
        10.066924,
        49.677499
       ],
       [
        10.071289,
        49.677497
       ],
       [
        10.071233,
        49.676367
       ],
       [
        10.071595,
        49.676349
       ],
       [
        10.075446,
        49.677123
       ],
       [
        10.077577,
        49.678142
       ],
       [
        10.079001,
        49.678055
       ],
       [
        10.084072,
        49.679836
       ],
       [
        10.088826,
        49.679906
       ],
       [
        10.091407,
        49.680374
       ],
       [
        10.092528,
        49.680775
       ],
       [
        10.092526,
        49.680779
       ],
       [
        10.092549,
        49.680781
       ],
       [
        10.092922,
        49.680916
       ],
       [
        10.092969,
        49.680933
       ],
       [
        10.093203,
        49.681014
       ],
       [
        10.09355,
        49.681121
       ],
       [
        10.094042,
        49.681225
       ],
       [
        10.095957,
        49.68111
       ],
       [
        10.096644,
        49.680888
       ],
       [
        10.097768,
        49.680206
       ],
       [
        10.097769,
        49.680205
       ],
       [
        10.097771,
        49.680204
       ],
       [
        10.098244,
        49.679917
       ],
       [
        10.098285,
        49.679986
       ],
       [
        10.102033,
        49.678393
       ],
       [
        10.102305,
        49.678364
       ],
       [
        10.102307,
        49.678382
       ],
       [
        10.104473,
        49.678411
       ],
       [
        10.106018,
        49.678657
       ],
       [
        10.107846,
        49.679604
       ],
       [
        10.109377,
        49.679627
       ],
       [
        10.11436,
        49.681464
       ],
       [
        10.117094,
        49.686017
       ],
       [
        10.116375,
        49.691279
       ],
       [
        10.114899,
        49.694154
       ],
       [
        10.114036,
        49.695246
       ],
       [
        10.113576,
        49.696733
       ],
       [
        10.113355,
        49.697163
       ],
       [
        10.11347,
        49.697183
       ],
       [
        10.113466,
        49.697202
       ],
       [
        10.112968,
        49.698278
       ],
       [
        10.112828,
        49.699224
       ],
       [
        10.112638,
        49.699579
       ],
       [
        10.11242,
        49.699462
       ],
       [
        10.111747,
        49.700915
       ],
       [
        10.110426,
        49.702508
       ],
       [
        10.1104,
        49.703104
       ],
       [
        10.110233,
        49.703943
       ],
       [
        10.109721,
        49.705577
       ],
       [
        10.109476,
        49.70614
       ],
       [
        10.109469,
        49.707778
       ],
       [
        10.109324,
        49.708507
       ],
       [
        10.110092,
        49.709922
       ],
       [
        10.109888,
        49.710032
       ],
       [
        10.11092,
        49.712237
       ],
       [
        10.111023,
        49.712775
       ],
       [
        10.111069,
        49.71368
       ],
       [
        10.111942,
        49.716318
       ],
       [
        10.112226,
        49.717444
       ],
       [
        10.112422,
        49.718557
       ],
       [
        10.11326,
        49.7203
       ],
       [
        10.113676,
        49.721556
       ],
       [
        10.113592,
        49.721584
       ],
       [
        10.113937,
        49.721991
       ],
       [
        10.11288,
        49.728587
       ],
       [
        10.108855,
        49.731059
       ],
       [
        10.109009,
        49.731353
       ],
       [
        10.103693,
        49.734142
       ],
       [
        10.103534,
        49.734869
       ],
       [
        10.103757,
        49.735483
       ],
       [
        10.10374,
        49.738111
       ],
       [
        10.106747,
        49.740416
       ],
       [
        10.107086,
        49.740973
       ],
       [
        10.107888,
        49.741291
       ],
       [
        10.107904,
        49.741303
       ],
       [
        10.110783,
        49.745648
       ],
       [
        10.110373,
        49.750844
       ],
       [
        10.110329,
        49.750945
       ],
       [
        10.11006,
        49.751381
       ],
       [
        10.110786,
        49.757741
       ],
       [
        10.11024,
        49.757803
       ],
       [
        10.111364,
        49.762008
       ],
       [
        10.110853,
        49.763692
       ],
       [
        10.110764,
        49.763912
       ],
       [
        10.110768,
        49.763969
       ],
       [
        10.110109,
        49.766138
       ],
       [
        10.109895,
        49.766751
       ],
       [
        10.109595,
        49.767511
       ],
       [
        10.11101,
        49.770327
       ],
       [
        10.11461,
        49.772869
       ],
       [
        10.11599,
        49.778201
       ],
       [
        10.115851,
        49.779606
       ],
       [
        10.117462,
        49.781626
       ],
       [
        10.121525,
        49.782514
       ],
       [
        10.125652,
        49.786407
       ],
       [
        10.126343,
        49.785897
       ],
       [
        10.128278,
        49.78852
       ],
       [
        10.129841,
        49.793303
       ],
       [
        10.128238,
        49.798073
       ],
       [
        10.124573,
        49.802952
       ],
       [
        10.125519,
        49.806266
       ],
       [
        10.131684,
        49.807553
       ],
       [
        10.132614,
        49.807806
       ],
       [
        10.134609,
        49.808482
       ],
       [
        10.135491,
        49.80884
       ],
       [
        10.138313,
        49.810187
       ],
       [
        10.142641,
        49.815522
       ],
       [
        10.142869,
        49.816462
       ],
       [
        10.141199,
        49.823517
       ],
       [
        10.140735,
        49.824064
       ],
       [
        10.141492,
        49.827571
       ],
       [
        10.143283,
        49.828712
       ],
       [
        10.144138,
        49.830241
       ],
       [
        10.144557,
        49.83057
       ],
       [
        10.146916,
        49.833599
       ],
       [
        10.14786,
        49.835716
       ],
       [
        10.153765,
        49.836945
       ],
       [
        10.15851,
        49.839944
       ],
       [
        10.160116,
        49.845322
       ],
       [
        10.159931,
        49.848037
       ],
       [
        10.158153,
        49.852543
       ],
       [
        10.155624,
        49.8542
       ],
       [
        10.154548,
        49.855533
       ],
       [
        10.154018,
        49.856061
       ],
       [
        10.153532,
        49.856792
       ],
       [
        10.152544,
        49.858016
       ],
       [
        10.14793,
        49.860737
       ],
       [
        10.1445,
        49.865195
       ],
       [
        10.143562,
        49.866797
       ],
       [
        10.142527,
        49.867844
       ],
       [
        10.141815,
        49.868321
       ],
       [
        10.140546,
        49.871793
       ],
       [
        10.141449,
        49.874493
       ],
       [
        10.141449,
        49.879567
       ],
       [
        10.140308,
        49.882978
       ],
       [
        10.140596,
        49.885119
       ],
       [
        10.142139,
        49.890004
       ],
       [
        10.142173,
        49.890016
       ],
       [
        10.143738,
        49.891022
       ],
       [
        10.144214,
        49.891136
       ],
       [
        10.145833,
        49.891953
       ],
       [
        10.148422,
        49.892453
       ],
       [
        10.151878,
        49.894043
       ],
       [
        10.152383,
        49.894444
       ],
       [
        10.155062,
        49.898383
       ],
       [
        10.156883,
        49.904373
       ],
       [
        10.155967,
        49.91101
       ],
       [
        10.150326,
        49.914624
       ],
       [
        10.150062,
        49.91466
       ],
       [
        10.149929,
        49.914741
       ],
       [
        10.149391,
        49.915551
       ],
       [
        10.148299,
        49.916863
       ],
       [
        10.148137,
        49.917021
       ],
       [
        10.148054,
        49.917241
       ],
       [
        10.148231,
        49.919119
       ],
       [
        10.148221,
        49.919587
       ],
       [
        10.148296,
        49.919818
       ],
       [
        10.148533,
        49.922336
       ],
       [
        10.149387,
        49.924555
       ],
       [
        10.149382,
        49.9247
       ],
       [
        10.14869,
        49.927004
       ],
       [
        10.148679,
        49.927321
       ],
       [
        10.148596,
        49.927318
       ],
       [
        10.148566,
        49.92742
       ],
       [
        10.148346,
        49.930772
       ],
       [
        10.147197,
        49.93377
       ],
       [
        10.143968,
        49.937691
       ],
       [
        10.143088,
        49.938241
       ],
       [
        10.142827,
        49.938273
       ],
       [
        10.142087,
        49.938867
       ],
       [
        10.14101,
        49.93954
       ],
       [
        10.140549,
        49.940738
       ],
       [
        10.140098,
        49.941196
       ],
       [
        10.140168,
        49.943785
       ],
       [
        10.143408,
        49.946735
       ],
       [
        10.145596,
        49.950073
       ],
       [
        10.14668,
        49.95326
       ],
       [
        10.150665,
        49.955097
       ],
       [
        10.151906,
        49.95513
       ],
       [
        10.151899,
        49.955385
       ],
       [
        10.15421,
        49.955238
       ],
       [
        10.158498,
        49.958147
       ],
       [
        10.160104,
        49.963074
       ],
       [
        10.160039,
        49.967486
       ],
       [
        10.160643,
        49.967972
       ],
       [
        10.163462,
        49.972583
       ],
       [
        10.163718,
        49.973818
       ],
       [
        10.166209,
        49.975317
       ],
       [
        10.169502,
        49.974506
       ],
       [
        10.171009,
        49.973233
       ],
       [
        10.174127,
        49.971838
       ],
       [
        10.174368,
        49.971552
       ],
       [
        10.174624,
        49.970671
       ],
       [
        10.17519,
        49.969413
       ],
       [
        10.174884,
        49.966691
       ],
       [
        10.17495,
        49.966233
       ],
       [
        10.175143,
        49.965295
       ],
       [
        10.175743,
        49.963063
       ],
       [
        10.175849,
        49.963091
       ],
       [
        10.175726,
        49.959675
       ],
       [
        10.177356,
        49.95673
       ],
       [
        10.177355,
        49.956125
       ],
       [
        10.177312,
        49.956128
       ],
       [
        10.177309,
        49.956083
       ],
       [
        10.177285,
        49.955818
       ],
       [
        10.177271,
        49.955687
       ],
       [
        10.177257,
        49.955567
       ],
       [
        10.177242,
        49.955443
       ],
       [
        10.177355,
        49.955429
       ],
       [
        10.177355,
        49.955013
       ],
       [
        10.175782,
        49.949095
       ],
       [
        10.173413,
        49.947961
       ],
       [
        10.17304,
        49.947501
       ],
       [
        10.166889,
        49.947733
       ],
       [
        10.16643,
        49.947557
       ],
       [
        10.161817,
        49.942918
       ],
       [
        10.162209,
        49.936387
       ],
       [
        10.167343,
        49.932333
       ],
       [
        10.168157,
        49.932127
       ],
       [
        10.173386,
        49.932583
       ],
       [
        10.173618,
        49.932688
       ],
       [
        10.174185,
        49.933272
       ],
       [
        10.178225,
        49.931519
       ],
       [
        10.180035,
        49.929798
       ],
       [
        10.182636,
        49.9263
       ],
       [
        10.187613,
        49.924904
       ],
       [
        10.188612,
        49.925308
       ],
       [
        10.188769,
        49.925276
       ],
       [
        10.192774,
        49.925479
       ],
       [
        10.19278,
        49.925481
       ],
       [
        10.192978,
        49.925546
       ],
       [
        10.194026,
        49.925905
       ],
       [
        10.194067,
        49.925919
       ],
       [
        10.194152,
        49.925948
       ],
       [
        10.195098,
        49.926212
       ],
       [
        10.195231,
        49.926238
       ],
       [
        10.19531,
        49.926255
       ],
       [
        10.195424,
        49.926279
       ],
       [
        10.195596,
        49.926313
       ],
       [
        10.195696,
        49.926333
       ],
       [
        10.195856,
        49.926364
       ],
       [
        10.196288,
        49.926441
       ],
       [
        10.196876,
        49.926546
       ],
       [
        10.197449,
        49.926648
       ],
       [
        10.197613,
        49.92668
       ],
       [
        10.198036,
        49.926764
       ],
       [
        10.198327,
        49.926829
       ],
       [
        10.198466,
        49.926862
       ],
       [
        10.198514,
        49.926873
       ],
       [
        10.205566,
        49.924189
       ],
       [
        10.207069,
        49.919031
       ],
       [
        10.207164,
        49.919059
       ],
       [
        10.207149,
        49.918627
       ],
       [
        10.210767,
        49.91425
       ],
       [
        10.211068,
        49.914079
       ],
       [
        10.211605,
        49.9138
       ],
       [
        10.211736,
        49.913738
       ],
       [
        10.212206,
        49.913496
       ],
       [
        10.213004,
        49.913053
       ],
       [
        10.213018,
        49.913077
       ],
       [
        10.21474,
        49.911959
       ],
       [
        10.215292,
        49.911181
       ],
       [
        10.216835,
        49.909551
       ],
       [
        10.217267,
        49.909207
       ],
       [
        10.217557,
        49.908877
       ],
       [
        10.219002,
        49.907575
       ],
       [
        10.222184,
        49.902515
       ],
       [
        10.222759,
        49.902141
       ],
       [
        10.223753,
        49.901963
       ],
       [
        10.22388,
        49.901825
       ],
       [
        10.22512,
        49.901669
       ],
       [
        10.225041,
        49.901419
       ],
       [
        10.225155,
        49.901383
       ],
       [
        10.225241,
        49.901653
       ],
       [
        10.226066,
        49.901549
       ],
       [
        10.226066,
        49.901549
       ],
       [
        10.22614,
        49.901527
       ],
       [
        10.226199,
        49.901508
       ],
       [
        10.226223,
        49.901501
       ],
       [
        10.226251,
        49.901491
       ],
       [
        10.226285,
        49.901479
       ],
       [
        10.226465,
        49.901417
       ],
       [
        10.226755,
        49.90132
       ],
       [
        10.227153,
        49.901167
       ],
       [
        10.227169,
        49.901161
       ],
       [
        10.229178,
        49.899294
       ],
       [
        10.233522,
        49.89723
       ],
       [
        10.238032,
        49.896603
       ],
       [
        10.238106,
        49.896568
       ],
       [
        10.238077,
        49.896534
       ],
       [
        10.239032,
        49.895726
       ],
       [
        10.243309,
        49.893881
       ],
       [
        10.245381,
        49.893649
       ],
       [
        10.247263,
        49.891843
       ],
       [
        10.252773,
        49.889616
       ],
       [
        10.254756,
        49.88961
       ],
       [
        10.258725,
        49.886259
       ],
       [
        10.263385,
        49.885517
       ],
       [
        10.263278,
        49.885073
       ],
       [
        10.267835,
        49.883973
       ],
       [
        10.267924,
        49.883898
       ],
       [
        10.272648,
        49.882029
       ],
       [
        10.274089,
        49.882427
       ],
       [
        10.27677,
        49.882242
       ],
       [
        10.280011,
        49.882688
       ],
       [
        10.282886,
        49.883714
       ],
       [
        10.287556,
        49.888112
       ],
       [
        10.288711,
        49.890823
       ],
       [
        10.293391,
        49.892167
       ],
       [
        10.294272,
        49.892113
       ],
       [
        10.294861,
        49.892127
       ],
       [
        10.294924,
        49.892129
       ],
       [
        10.295813,
        49.892143
       ],
       [
        10.296604,
        49.892194
       ],
       [
        10.299545,
        49.892533
       ],
       [
        10.299903,
        49.892583
       ],
       [
        10.301028,
        49.892765
       ],
       [
        10.304191,
        49.892302
       ],
       [
        10.305595,
        49.892399
       ],
       [
        10.309304,
        49.89073
       ],
       [
        10.310742,
        49.887806
       ],
       [
        10.310233,
        49.885527
       ],
       [
        10.307313,
        49.883189
       ],
       [
        10.305768,
        49.882957
       ],
       [
        10.305415,
        49.882743
       ],
       [
        10.304974,
        49.882661
       ],
       [
        10.304913,
        49.88265
       ],
       [
        10.303962,
        49.882481
       ],
       [
        10.304043,
        49.882024
       ],
       [
        10.303895,
        49.881989
       ],
       [
        10.303828,
        49.88246
       ],
       [
        10.302568,
        49.88228
       ],
       [
        10.301017,
        49.881898
       ],
       [
        10.300721,
        49.881793
       ],
       [
        10.296243,
        49.877828
       ],
       [
        10.295901,
        49.87356
       ],
       [
        10.295789,
        49.873567
       ],
       [
        10.295785,
        49.873501
       ],
       [
        10.295766,
        49.873259
       ],
       [
        10.295711,
        49.872671
       ],
       [
        10.295767,
        49.872666
       ],
       [
        10.295454,
        49.871961
       ],
       [
        10.295449,
        49.868921
       ],
       [
        10.294025,
        49.867153
       ],
       [
        10.291143,
        49.86717
       ],
       [
        10.287972,
        49.866536
       ],
       [
        10.283753,
        49.864748
       ],
       [
        10.283721,
        49.864747
       ],
       [
        10.283202,
        49.864744
       ],
       [
        10.282813,
        49.864754
       ],
       [
        10.282615,
        49.864762
       ],
       [
        10.28242,
        49.864772
       ],
       [
        10.281766,
        49.864779
       ],
       [
        10.281547,
        49.864773
       ],
       [
        10.281436,
        49.864768
       ],
       [
        10.280781,
        49.86474
       ],
       [
        10.280064,
        49.86474
       ],
       [
        10.27973,
        49.864755
       ],
       [
        10.279679,
        49.864758
       ],
       [
        10.279463,
        49.864766
       ],
       [
        10.27941,
        49.864792
       ],
       [
        10.277827,
        49.864903
       ],
       [
        10.277375,
        49.864999
       ],
       [
        10.276912,
        49.865113
       ],
       [
        10.276615,
        49.865192
       ],
       [
        10.276432,
        49.865244
       ],
       [
        10.276152,
        49.86533
       ],
       [
        10.276022,
        49.865372
       ],
       [
        10.275374,
        49.865615
       ],
       [
        10.275257,
        49.865665
       ],
       [
        10.275103,
        49.865732
       ],
       [
        10.274953,
        49.8658
       ],
       [
        10.274683,
        49.865928
       ],
       [
        10.27461,
        49.865964
       ],
       [
        10.274502,
        49.866018
       ],
       [
        10.274415,
        49.866063
       ],
       [
        10.274368,
        49.866151
       ],
       [
        10.273962,
        49.866521
       ],
       [
        10.272238,
        49.867723
       ],
       [
        10.271269,
        49.868224
       ],
       [
        10.271137,
        49.868313
       ],
       [
        10.27106,
        49.868332
       ],
       [
        10.270954,
        49.868387
       ],
       [
        10.27094,
        49.868361
       ],
       [
        10.265821,
        49.869629
       ],
       [
        10.261468,
        49.867495
       ],
       [
        10.261447,
        49.867488
       ],
       [
        10.261312,
        49.867484
       ],
       [
        10.260006,
        49.86728
       ],
       [
        10.259633,
        49.866943
       ],
       [
        10.259488,
        49.866899
       ],
       [
        10.259368,
        49.866844
       ],
       [
        10.259413,
        49.866744
       ],
       [
        10.254732,
        49.862504
       ],
       [
        10.254164,
        49.862835
       ],
       [
        10.252533,
        49.86004
       ],
       [
        10.252207,
        49.859955
       ],
       [
        10.250475,
        49.858695
       ],
       [
        10.248057,
        49.855868
       ],
       [
        10.247901,
        49.855563
       ],
       [
        10.243031,
        49.851265
       ],
       [
        10.243988,
        49.843827
       ],
       [
        10.245509,
        49.841677
       ],
       [
        10.245281,
        49.839276
       ],
       [
        10.242507,
        49.83661
       ],
       [
        10.238895,
        49.835424
       ],
       [
        10.235866,
        49.836279
       ],
       [
        10.230461,
        49.835898
       ],
       [
        10.228299,
        49.833838
       ],
       [
        10.228054,
        49.834098
       ],
       [
        10.226047,
        49.832207
       ],
       [
        10.223595,
        49.82738
       ],
       [
        10.224096,
        49.825146
       ],
       [
        10.223123,
        49.822188
       ],
       [
        10.221213,
        49.82099
       ],
       [
        10.217592,
        49.815647
       ],
       [
        10.21697,
        49.812233
       ],
       [
        10.216965,
        49.81128
       ],
       [
        10.216649,
        49.810471
       ],
       [
        10.21653,
        49.80982
       ],
       [
        10.216347,
        49.809646
       ],
       [
        10.215003,
        49.809092
       ],
       [
        10.213497,
        49.808243
       ],
       [
        10.213266,
        49.808403
       ],
       [
        10.212572,
        49.808832
       ],
       [
        10.209366,
        49.810598
       ],
       [
        10.208655,
        49.811308
       ],
       [
        10.208404,
        49.813565
       ],
       [
        10.208859,
        49.814255
       ],
       [
        10.210026,
        49.820223
       ],
       [
        10.206659,
        49.825288
       ],
       [
        10.200704,
        49.826522
       ],
       [
        10.199457,
        49.826288
       ],
       [
        10.197281,
        49.825543
       ],
       [
        10.196204,
        49.82499
       ],
       [
        10.194137,
        49.822402
       ],
       [
        10.193727,
        49.822774
       ],
       [
        10.192898,
        49.821858
       ],
       [
        10.19242,
        49.821436
       ],
       [
        10.191959,
        49.821099
       ],
       [
        10.191894,
        49.821056
       ],
       [
        10.191931,
        49.821001
       ],
       [
        10.191477,
        49.820698
       ],
       [
        10.191425,
        49.820795
       ],
       [
        10.191108,
        49.820623
       ],
       [
        10.190078,
        49.820219
       ],
       [
        10.18892,
        49.819327
       ],
       [
        10.184001,
        49.817975
       ],
       [
        10.183539,
        49.818006
       ],
       [
        10.178386,
        49.816557
       ],
       [
        10.175301,
        49.812183
       ],
       [
        10.175392,
        49.810833
       ],
       [
        10.174647,
        49.807871
       ],
       [
        10.174406,
        49.806071
       ],
       [
        10.174372,
        49.804268
       ],
       [
        10.171361,
        49.801888
       ],
       [
        10.1693,
        49.802035
       ],
       [
        10.164084,
        49.800566
       ],
       [
        10.162808,
        49.799655
       ],
       [
        10.159859,
        49.795651
       ],
       [
        10.159846,
        49.790678
       ],
       [
        10.160212,
        49.78955
       ],
       [
        10.161987,
        49.787704
       ],
       [
        10.163766,
        49.780753
       ],
       [
        10.162883,
        49.778854
       ],
       [
        10.162674,
        49.778006
       ],
       [
        10.16267,
        49.777666
       ],
       [
        10.162551,
        49.777507
       ],
       [
        10.161937,
        49.775013
       ],
       [
        10.159065,
        49.773446
       ],
       [
        10.155621,
        49.76975
       ],
       [
        10.155511,
        49.768736
       ],
       [
        10.154974,
        49.767758
       ],
       [
        10.154674,
        49.765341
       ],
       [
        10.15454,
        49.765388
       ],
       [
        10.154107,
        49.76413
       ],
       [
        10.153965,
        49.762853
       ],
       [
        10.152986,
        49.760197
       ],
       [
        10.152616,
        49.756035
       ],
       [
        10.152738,
        49.755348
       ],
       [
        10.154991,
        49.751055
       ],
       [
        10.155009,
        49.751037
       ],
       [
        10.155052,
        49.750871
       ],
       [
        10.154992,
        49.749155
       ],
       [
        10.156576,
        49.744091
       ],
       [
        10.156646,
        49.743997
       ],
       [
        10.156982,
        49.74383
       ],
       [
        10.157042,
        49.743466
       ],
       [
        10.158222,
        49.741886
       ],
       [
        10.158172,
        49.739552
       ],
       [
        10.156431,
        49.735631
       ],
       [
        10.1515,
        49.73568
       ],
       [
        10.151006,
        49.735433
       ],
       [
        10.147158,
        49.731269
       ],
       [
        10.147036,
        49.7256
       ],
       [
        10.150703,
        49.721274
       ],
       [
        10.156315,
        49.720465
       ],
       [
        10.156828,
        49.72058
       ],
       [
        10.161673,
        49.723844
       ],
       [
        10.162527,
        49.727486
       ],
       [
        10.16618,
        49.72691
       ],
       [
        10.166595,
        49.72704
       ],
       [
        10.168307,
        49.726722
       ],
       [
        10.168837,
        49.726765
       ],
       [
        10.169035,
        49.726543
       ],
       [
        10.173819,
        49.723965
       ],
       [
        10.179147,
        49.725038
       ],
       [
        10.179996,
        49.726092
       ],
       [
        10.181897,
        49.727558
       ],
       [
        10.182473,
        49.728174
       ],
       [
        10.182879,
        49.728484
       ],
       [
        10.184025,
        49.728908
       ],
       [
        10.184141,
        49.728986
       ],
       [
        10.184964,
        49.729167
       ],
       [
        10.186172,
        49.72915
       ],
       [
        10.187064,
        49.728927
       ],
       [
        10.187867,
        49.728554
       ],
       [
        10.187871,
        49.728552
       ],
       [
        10.188342,
        49.728222
       ],
       [
        10.18864,
        49.727978
       ],
       [
        10.188712,
        49.727915
       ],
       [
        10.188863,
        49.72778
       ],
       [
        10.188877,
        49.727767
       ],
       [
        10.188958,
        49.727687
       ],
       [
        10.189176,
        49.72748
       ],
       [
        10.189554,
        49.727134
       ],
       [
        10.194383,
        49.725053
       ],
       [
        10.199461,
        49.72642
       ],
       [
        10.200129,
        49.727321
       ],
       [
        10.202276,
        49.72793
       ],
       [
        10.203544,
        49.728704
       ],
       [
        10.205075,
        49.728919
       ],
       [
        10.206581,
        49.729488
       ],
       [
        10.207463,
        49.729404
       ],
       [
        10.207831,
        49.72943
       ],
       [
        10.211885,
        49.730905
       ],
       [
        10.21626,
        49.728869
       ],
       [
        10.216982,
        49.725565
       ],
       [
        10.216084,
        49.72242
       ],
       [
        10.21608,
        49.722358
       ],
       [
        10.216007,
        49.722269
       ],
       [
        10.21564,
        49.720911
       ],
       [
        10.214392,
        49.720197
       ],
       [
        10.212506,
        49.719632
       ],
       [
        10.211701,
        49.719192
       ],
       [
        10.206045,
        49.720525
       ],
       [
        10.206007,
        49.720549
       ],
       [
        10.205999,
        49.720536
       ],
       [
        10.204474,
        49.720895
       ],
       [
        10.204406,
        49.720608
       ],
       [
        10.200487,
        49.721817
       ],
       [
        10.195327,
        49.718443
       ],
       [
        10.195252,
        49.718527
       ],
       [
        10.195209,
        49.718488
       ],
       [
        10.195141,
        49.718543
       ],
       [
        10.194801,
        49.718125
       ],
       [
        10.193712,
        49.717156
       ],
       [
        10.193127,
        49.716804
       ],
       [
        10.192883,
        49.716691
       ],
       [
        10.192301,
        49.716484
       ],
       [
        10.191222,
        49.716271
       ],
       [
        10.191043,
        49.716258
       ],
       [
        10.189643,
        49.716356
       ],
       [
        10.189528,
        49.716378
       ],
       [
        10.189491,
        49.716386
       ],
       [
        10.188764,
        49.716575
       ],
       [
        10.188741,
        49.716582
       ],
       [
        10.188217,
        49.716765
       ],
       [
        10.188188,
        49.716776
       ],
       [
        10.187558,
        49.717053
       ],
       [
        10.187537,
        49.717063
       ],
       [
        10.187131,
        49.717276
       ],
       [
        10.186918,
        49.717396
       ],
       [
        10.186663,
        49.717545
       ],
       [
        10.186422,
        49.717693
       ],
       [
        10.186111,
        49.717893
       ],
       [
        10.18607,
        49.717921
       ],
       [
        10.185172,
        49.718421
       ],
       [
        10.185179,
        49.718435
       ],
       [
        10.184091,
        49.719005
       ],
       [
        10.184048,
        49.719031
       ],
       [
        10.184041,
        49.71902
       ],
       [
        10.183821,
        49.7193
       ],
       [
        10.183803,
        49.719311
       ],
       [
        10.183779,
        49.719325
       ],
       [
        10.183349,
        49.719596
       ],
       [
        10.183304,
        49.719627
       ],
       [
        10.183167,
        49.719722
       ],
       [
        10.183165,
        49.719724
       ],
       [
        10.182407,
        49.720407
       ],
       [
        10.181291,
        49.721248
       ],
       [
        10.180106,
        49.721989
       ],
       [
        10.179839,
        49.721563
       ],
       [
        10.175922,
        49.723642
       ],
       [
        10.169982,
        49.721206
       ],
       [
        10.169811,
        49.721188
       ],
       [
        10.16912,
        49.720856
       ],
       [
        10.169039,
        49.720777
       ],
       [
        10.168657,
        49.720634
       ],
       [
        10.168479,
        49.720548
       ],
       [
        10.166087,
        49.718786
       ],
       [
        10.163259,
        49.715745
       ],
       [
        10.162611,
        49.715697
       ],
       [
        10.159271,
        49.715263
       ],
       [
        10.156869,
        49.714137
       ],
       [
        10.154894,
        49.71459
       ],
       [
        10.149145,
        49.713744
       ],
       [
        10.145485,
        49.709229
       ],
       [
        10.144678,
        49.706705
       ],
       [
        10.144546,
        49.704889
       ],
       [
        10.143902,
        49.703741
       ],
       [
        10.143005,
        49.698423
       ],
       [
        10.145687,
        49.693744
       ],
       [
        10.150729,
        49.691831
       ],
       [
        10.152713,
        49.691793
       ],
       [
        10.154257,
        49.690606
       ],
       [
        10.154596,
        49.689946
       ],
       [
        10.156122,
        49.68871
       ],
       [
        10.156009,
        49.688631
       ],
       [
        10.156649,
        49.68772
       ],
       [
        10.159541,
        49.685541
       ],
       [
        10.159453,
        49.685408
       ],
       [
        10.160816,
        49.684512
       ],
       [
        10.162302,
        49.682982
       ],
       [
        10.162663,
        49.683333
       ],
       [
        10.16401,
        49.681814
       ],
       [
        10.16677,
        49.676627
       ],
       [
        10.166637,
        49.672541
       ],
       [
        10.169904,
        49.668271
       ],
       [
        10.172443,
        49.666625
       ],
       [
        10.173967,
        49.663564
       ],
       [
        10.174699,
        49.662964
       ],
       [
        10.172672,
        49.660723
       ],
       [
        10.172283,
        49.659776
       ],
       [
        10.168438,
        49.6575
       ],
       [
        10.167525,
        49.657723
       ],
       [
        10.166303,
        49.657924
       ],
       [
        10.165222,
        49.658016
       ],
       [
        10.164255,
        49.657912
       ],
       [
        10.164214,
        49.657919
       ],
       [
        10.163937,
        49.657878
       ],
       [
        10.163483,
        49.657944
       ],
       [
        10.163402,
        49.657956
       ],
       [
        10.16276,
        49.658056
       ],
       [
        10.162402,
        49.65812
       ],
       [
        10.162245,
        49.658152
       ],
       [
        10.161654,
        49.658238
       ],
       [
        10.161654,
        49.658243
       ],
       [
        10.161408,
        49.658277
       ],
       [
        10.161164,
        49.65832
       ],
       [
        10.160739,
        49.658421
       ],
       [
        10.160642,
        49.65845
       ],
       [
        10.160222,
        49.658598
       ],
       [
        10.16,
        49.65869
       ],
       [
        10.159996,
        49.658692
       ],
       [
        10.159791,
        49.658787
       ],
       [
        10.159657,
        49.658853
       ],
       [
        10.159644,
        49.65886
       ],
       [
        10.158257,
        49.660035
       ],
       [
        10.157503,
        49.661226
       ],
       [
        10.150242,
        49.664932
       ],
       [
        10.147463,
        49.664758
       ],
       [
        10.142256,
        49.661785
       ],
       [
        10.141985,
        49.662038
       ],
       [
        10.140351,
        49.66029
       ],
       [
        10.136226,
        49.659424
       ],
       [
        10.133693,
        49.661164
       ],
       [
        10.130294,
        49.665868
       ],
       [
        10.124608,
        49.667035
       ],
       [
        10.123882,
        49.666911
       ],
       [
        10.122493,
        49.666416
       ],
       [
        10.121674,
        49.66629
       ],
       [
        10.121699,
        49.666132
       ],
       [
        10.121275,
        49.665981
       ],
       [
        10.121016,
        49.665834
       ],
       [
        10.119077,
        49.665543
       ],
       [
        10.118939,
        49.665534
       ],
       [
        10.118935,
        49.665535
       ],
       [
        10.116095,
        49.665917
       ],
       [
        10.115963,
        49.665911
       ],
       [
        10.115837,
        49.665913
       ],
       [
        10.115287,
        49.665888
       ],
       [
        10.113865,
        49.666395
       ],
       [
        10.111973,
        49.66626
       ],
       [
        10.111677,
        49.666132
       ],
       [
        10.111476,
        49.666159
       ],
       [
        10.110851,
        49.666118
       ],
       [
        10.110851,
        49.666124
       ],
       [
        10.110328,
        49.666171
       ],
       [
        10.109834,
        49.666308
       ],
       [
        10.109497,
        49.666331
       ],
       [
        10.109425,
        49.666336
       ],
       [
        10.109147,
        49.666357
       ],
       [
        10.109047,
        49.666365
       ],
       [
        10.109043,
        49.666365
       ],
       [
        10.108944,
        49.666371
       ],
       [
        10.108789,
        49.666379
       ],
       [
        10.108774,
        49.666091
       ],
       [
        10.107649,
        49.66623
       ],
       [
        10.107654,
        49.666267
       ],
       [
        10.107361,
        49.666301
       ],
       [
        10.107161,
        49.666321
       ],
       [
        10.107001,
        49.666336
       ],
       [
        10.106827,
        49.66635
       ],
       [
        10.106487,
        49.666373
       ],
       [
        10.105867,
        49.66645
       ],
       [
        10.105701,
        49.666409
       ],
       [
        10.105462,
        49.666415
       ],
       [
        10.105034,
        49.666408
       ],
       [
        10.104865,
        49.666407
       ],
       [
        10.10454,
        49.666408
       ],
       [
        10.104438,
        49.666408
       ],
       [
        10.103995,
        49.666405
       ],
       [
        10.103589,
        49.666412
       ],
       [
        10.103514,
        49.666415
       ],
       [
        10.103505,
        49.666214
       ],
       [
        10.102875,
        49.666264
       ],
       [
        10.102445,
        49.666489
       ],
       [
        10.098981,
        49.667396
       ],
       [
        10.098741,
        49.667403
       ],
       [
        10.096799,
        49.668001
       ],
       [
        10.096628,
        49.668027
       ],
       [
        10.095355,
        49.66837
       ],
       [
        10.095345,
        49.668332
       ],
       [
        10.094377,
        49.66858
       ],
       [
        10.092938,
        49.668789
       ],
       [
        10.090748,
        49.668803
       ],
       [
        10.090232,
        49.668736
       ],
       [
        10.089375,
        49.668627
       ],
       [
        10.084662,
        49.666288
       ],
       [
        10.082421,
        49.661528
       ],
       [
        10.081941,
        49.656968
       ],
       [
        10.079587,
        49.655529
       ],
       [
        10.075344,
        49.657628
       ],
       [
        10.074586,
        49.660902
       ],
       [
        10.070612,
        49.666128
       ],
       [
        10.069691,
        49.666629
       ],
       [
        10.067454,
        49.666971
       ],
       [
        10.064245,
        49.669027
       ],
       [
        10.059797,
        49.67029
       ],
       [
        10.059292,
        49.670281
       ],
       [
        10.059007,
        49.6703
       ],
       [
        10.058968,
        49.66969
       ],
       [
        10.058313,
        49.669756
       ],
       [
        10.058253,
        49.669774
       ],
       [
        10.058259,
        49.670409
       ],
       [
        10.057789,
        49.670414
       ],
       [
        10.057789,
        49.670409
       ],
       [
        10.056628,
        49.67026
       ],
       [
        10.054898,
        49.670778
       ],
       [
        10.054454,
        49.670798
       ],
       [
        10.053293,
        49.670589
       ],
       [
        10.053282,
        49.670719
       ],
       [
        10.052771,
        49.670676
       ],
       [
        10.052638,
        49.670664
       ],
       [
        10.052552,
        49.670655
       ],
       [
        10.052545,
        49.670657
       ],
       [
        10.052295,
        49.670636
       ],
       [
        10.052195,
        49.670633
       ],
       [
        10.051905,
        49.670629
       ],
       [
        10.051741,
        49.670629
       ],
       [
        10.051698,
        49.670631
       ],
       [
        10.049128,
        49.670226
       ],
       [
        10.048879,
        49.670298
       ],
       [
        10.048842,
        49.670181
       ],
       [
        10.048613,
        49.670145
       ],
       [
        10.048404,
        49.670068
       ],
       [
        10.048119,
        49.670132
       ],
       [
        10.048272,
        49.670516
       ],
       [
        10.048247,
        49.670526
       ],
       [
        10.048015,
        49.670622
       ],
       [
        10.047957,
        49.670648
       ],
       [
        10.047891,
        49.670677
       ],
       [
        10.047723,
        49.670751
       ],
       [
        10.0477,
        49.670761
       ],
       [
        10.047506,
        49.670848
       ],
       [
        10.047182,
        49.67101
       ],
       [
        10.046939,
        49.671145
       ],
       [
        10.046848,
        49.67098
       ],
       [
        10.045673,
        49.671732
       ],
       [
        10.045757,
        49.671869
       ],
       [
        10.045607,
        49.67196
       ],
       [
        10.045526,
        49.671827
       ],
       [
        10.045164,
        49.672058
       ],
       [
        10.04522,
        49.672186
       ],
       [
        10.044768,
        49.672382
       ],
       [
        10.044744,
        49.672327
       ],
       [
        10.042061,
        49.674046
       ],
       [
        10.040145,
        49.674367
       ],
       [
        10.039832,
        49.674532
       ],
       [
        10.039695,
        49.674606
       ],
       [
        10.039618,
        49.674648
       ],
       [
        10.038163,
        49.675171
       ],
       [
        10.037591,
        49.67569
       ],
       [
        10.036247,
        49.676727
       ],
       [
        10.035817,
        49.676171
       ],
       [
        10.03285,
        49.678719
       ],
       [
        10.032647,
        49.678768
       ],
       [
        10.026006,
        49.676825
       ],
       [
        10.025997,
        49.676857
       ],
       [
        10.025522,
        49.676722
       ],
       [
        10.025447,
        49.676661
       ],
       [
        10.025029,
        49.676539
       ],
       [
        10.024731,
        49.67623
       ],
       [
        10.023854,
        49.675988
       ],
       [
        10.02368,
        49.675774
       ],
       [
        10.018394,
        49.674259
       ],
       [
        10.018067,
        49.674355
       ],
       [
        10.017763,
        49.674388
       ],
       [
        10.017428,
        49.674344
       ],
       [
        10.017012,
        49.674557
       ],
       [
        10.013185,
        49.675958
       ],
       [
        10.012002,
        49.678172
       ],
       [
        10.012546,
        49.680044
       ],
       [
        10.011882,
        49.686113
       ],
       [
        10.007502,
        49.689648
       ],
       [
        10.006967,
        49.690413
       ],
       [
        10.003199,
        49.693067
       ],
       [
        10.002795,
        49.699007
       ],
       [
        9.999296,
        49.70509
       ],
       [
        9.996846,
        49.705437
       ],
       [
        9.991786,
        49.708294
       ],
       [
        9.991764,
        49.708562
       ],
       [
        9.991262,
        49.710777
       ],
       [
        9.990483,
        49.712811
       ],
       [
        9.989694,
        49.714351
       ],
       [
        9.989086,
        49.715274
       ],
       [
        9.987639,
        49.716677
       ],
       [
        9.987482,
        49.717043
       ],
       [
        9.987449,
        49.717751
       ],
       [
        9.986561,
        49.721571
       ],
       [
        9.989049,
        49.724371
       ],
       [
        9.990257,
        49.728936
       ],
       [
        9.990671,
        49.72884
       ],
       [
        9.991228,
        49.731244
       ],
       [
        9.991434,
        49.733118
       ],
       [
        9.991408,
        49.736052
       ],
       [
        9.988582,
        49.742084
       ],
       [
        9.985106,
        49.745031
       ],
       [
        9.979545,
        49.74692
       ],
       [
        9.975404,
        49.745049
       ],
       [
        9.975278,
        49.745224
       ],
       [
        9.974396,
        49.744594
       ],
       [
        9.974193,
        49.744502
       ],
       [
        9.974162,
        49.744426
       ],
       [
        9.969171,
        49.740862
       ],
       [
        9.964566,
        49.742344
       ],
       [
        9.964533,
        49.742393
       ],
       [
        9.963929,
        49.744911
       ],
       [
        9.963334,
        49.745988
       ],
       [
        9.961932,
        49.747832
       ],
       [
        9.961437,
        49.748318
       ],
       [
        9.961013,
        49.747885
       ],
       [
        9.956993,
        49.750778
       ],
       [
        9.956419,
        49.750603
       ],
       [
        9.956422,
        49.75062
       ],
       [
        9.951319,
        49.75134
       ],
       [
        9.949029,
        49.750967
       ],
       [
        9.94527,
        49.751796
       ],
       [
        9.944007,
        49.753658
       ],
       [
        9.938052,
        49.75714
       ],
       [
        9.931602,
        49.754694
       ],
       [
        9.930314,
        49.753347
       ],
       [
        9.929617,
        49.75251
       ],
       [
        9.92927,
        49.75203
       ],
       [
        9.925879,
        49.751543
       ],
       [
        9.924475,
        49.752113
       ],
       [
        9.924044,
        49.752177
       ],
       [
        9.923985,
        49.752185
       ],
       [
        9.923718,
        49.752223
       ],
       [
        9.923563,
        49.752246
       ],
       [
        9.923391,
        49.752274
       ],
       [
        9.922809,
        49.75239
       ],
       [
        9.921668,
        49.752661
       ],
       [
        9.921643,
        49.752558
       ],
       [
        9.921079,
        49.752676
       ],
       [
        9.921104,
        49.752788
       ],
       [
        9.921085,
        49.752792
       ],
       [
        9.920748,
        49.752861
       ],
       [
        9.920623,
        49.752883
       ],
       [
        9.920472,
        49.752912
       ],
       [
        9.920364,
        49.752934
       ],
       [
        9.920343,
        49.75283
       ],
       [
        9.919854,
        49.752932
       ],
       [
        9.915445,
        49.754618
       ],
       [
        9.914304,
        49.756922
       ],
       [
        9.916195,
        49.76185
       ],
       [
        9.917416,
        49.762783
       ],
       [
        9.918564,
        49.768231
       ],
       [
        9.91588,
        49.773108
       ],
       [
        9.914532,
        49.774272
       ],
       [
        9.913974,
        49.774712
       ],
       [
        9.912661,
        49.775657
       ],
       [
        9.912668,
        49.776606
       ],
       [
        9.912403,
        49.778714
       ],
       [
        9.912358,
        49.778885
       ],
       [
        9.909239,
        49.783377
       ],
       [
        9.904947,
        49.784547
       ],
       [
        9.904968,
        49.784795
       ],
       [
        9.903033,
        49.784962
       ],
       [
        9.902419,
        49.78475
       ],
       [
        9.902166,
        49.784807
       ],
       [
        9.902164,
        49.784879
       ],
       [
        9.901976,
        49.784875
       ],
       [
        9.901871,
        49.784874
       ],
       [
        9.901804,
        49.784889
       ],
       [
        9.901324,
        49.784939
       ],
       [
        9.90132,
        49.784904
       ],
       [
        9.901193,
        49.78491
       ],
       [
        9.89991,
        49.785084
       ],
       [
        9.899409,
        49.785048
       ],
       [
        9.899412,
        49.785
       ],
       [
        9.898446,
        49.785048
       ],
       [
        9.898032,
        49.784983
       ],
       [
        9.895717,
        49.786196
       ],
       [
        9.894454,
        49.789265
       ],
       [
        9.8955,
        49.791985
       ],
       [
        9.895408,
        49.797956
       ],
       [
        9.892069,
        49.801329
       ],
       [
        9.892134,
        49.801405
       ],
       [
        9.891902,
        49.801604
       ],
       [
        9.891215,
        49.803445
       ],
       [
        9.890858,
        49.804258
       ],
       [
        9.889037,
        49.807858
       ],
       [
        9.882843,
        49.812189
       ],
       [
        9.882477,
        49.812233
       ],
       [
        9.88233,
        49.812252
       ],
       [
        9.882191,
        49.812271
       ],
       [
        9.881777,
        49.81234
       ],
       [
        9.881683,
        49.812359
       ],
       [
        9.881356,
        49.812441
       ],
       [
        9.881307,
        49.81248
       ],
       [
        9.8802,
        49.812801
       ],
       [
        9.880186,
        49.812752
       ],
       [
        9.87982,
        49.812839
       ],
       [
        9.878385,
        49.813497
       ],
       [
        9.878357,
        49.813436
       ],
       [
        9.877309,
        49.81379
       ],
       [
        9.876422,
        49.814897
       ],
       [
        9.876378,
        49.815049
       ],
       [
        9.876569,
        49.815085
       ],
       [
        9.876282,
        49.816603
       ],
       [
        9.875647,
        49.818551
       ],
       [
        9.875194,
        49.819506
       ],
       [
        9.8755,
        49.820138
       ],
       [
        9.875736,
        49.820699
       ],
       [
        9.876021,
        49.822283
       ],
       [
        9.876251,
        49.822593
       ],
       [
        9.877168,
        49.823241
       ],
       [
        9.877196,
        49.823206
       ],
       [
        9.87794,
        49.823807
       ],
       [
        9.878048,
        49.824011
       ],
       [
        9.878115,
        49.824086
       ],
       [
        9.878097,
        49.824102
       ],
       [
        9.880881,
        49.829331
       ],
       [
        9.878945,
        49.835282
       ],
       [
        9.878874,
        49.835363
       ],
       [
        9.87445,
        49.837605
       ],
       [
        9.874321,
        49.837775
       ],
       [
        9.868424,
        49.840945
       ],
       [
        9.86774,
        49.840987
       ],
       [
        9.867378,
        49.841334
       ],
       [
        9.864478,
        49.843746
       ],
       [
        9.861835,
        49.847528
       ],
       [
        9.860291,
        49.848311
       ],
       [
        9.853916,
        49.848684
       ],
       [
        9.849299,
        49.844271
       ],
       [
        9.84903,
        49.843633
       ],
       [
        9.848363,
        49.842644
       ],
       [
        9.848218,
        49.842488
       ],
       [
        9.847516,
        49.841954
       ],
       [
        9.847021,
        49.841812
       ],
       [
        9.845496,
        49.840756
       ],
       [
        9.843257,
        49.840484
       ],
       [
        9.842244,
        49.840294
       ],
       [
        9.838815,
        49.839418
       ],
       [
        9.838597,
        49.839494
       ],
       [
        9.834064,
        49.842828
       ],
       [
        9.834065,
        49.842831
       ],
       [
        9.834057,
        49.842834
       ],
       [
        9.833976,
        49.842893
       ],
       [
        9.833689,
        49.842956
       ],
       [
        9.832457,
        49.843367
       ],
       [
        9.824309,
        49.841475
       ],
       [
        9.823532,
        49.84071
       ],
       [
        9.823354,
        49.840631
       ],
       [
        9.818177,
        49.840388
       ],
       [
        9.817169,
        49.839941
       ],
       [
        9.816918,
        49.839932
       ],
       [
        9.816839,
        49.839928
       ],
       [
        9.815829,
        49.83988
       ],
       [
        9.813425,
        49.839769
       ],
       [
        9.81336,
        49.839766
       ],
       [
        9.813103,
        49.839756
       ],
       [
        9.812574,
        49.839753
       ],
       [
        9.812441,
        49.839757
       ],
       [
        9.812314,
        49.839762
       ],
       [
        9.812187,
        49.839767
       ],
       [
        9.811611,
        49.839814
       ],
       [
        9.81141,
        49.83984
       ],
       [
        9.811241,
        49.839865
       ],
       [
        9.811178,
        49.839431
       ],
       [
        9.810463,
        49.839585
       ],
       [
        9.810526,
        49.839976
       ],
       [
        9.810084,
        49.840046
       ],
       [
        9.809931,
        49.840072
       ],
       [
        9.809659,
        49.840121
       ],
       [
        9.809353,
        49.840183
       ],
       [
        9.809287,
        49.840197
       ],
       [
        9.809117,
        49.840237
       ],
       [
        9.808593,
        49.840386
       ],
       [
        9.808132,
        49.840554
       ],
       [
        9.807738,
        49.84073
       ],
       [
        9.807106,
        49.84107
       ],
       [
        9.807001,
        49.840874
       ],
       [
        9.804986,
        49.842343
       ],
       [
        9.799407,
        49.841867
       ],
       [
        9.798493,
        49.841434
       ],
       [
        9.798417,
        49.841397
       ],
       [
        9.797307,
        49.840857
       ],
       [
        9.796233,
        49.840435
       ],
       [
        9.795802,
        49.84033
       ],
       [
        9.792413,
        49.841229
       ],
       [
        9.790735,
        49.843526
       ],
       [
        9.791822,
        49.847816
       ],
       [
        9.791304,
        49.853193
       ],
       [
        9.787487,
        49.857015
       ],
       [
        9.78114,
        49.860015
       ],
       [
        9.780891,
        49.863167
       ],
       [
        9.783286,
        49.867381
       ],
       [
        9.782478,
        49.872584
       ],
       [
        9.780162,
        49.876933
       ],
       [
        9.781162,
        49.879086
       ],
       [
        9.782688,
        49.879602
       ],
       [
        9.785234,
        49.881854
       ],
       [
        9.787857,
        49.879082
       ],
       [
        9.7912,
        49.877394
       ],
       [
        9.794029,
        49.872588
       ],
       [
        9.800417,
        49.871295
       ],
       [
        9.801205,
        49.87188
       ],
       [
        9.801268,
        49.871687
       ],
       [
        9.808532,
        49.874066
       ],
       [
        9.811549,
        49.873824
       ],
       [
        9.8129,
        49.873055
       ],
       [
        9.81438,
        49.872894
       ],
       [
        9.817716,
        49.870661
       ],
       [
        9.819128,
        49.870296
       ],
       [
        9.825836,
        49.871752
       ],
       [
        9.825918,
        49.871639
       ],
       [
        9.825923,
        49.871643
       ],
       [
        9.826253,
        49.871865
       ],
       [
        9.826995,
        49.872269
       ],
       [
        9.82716,
        49.872342
       ],
       [
        9.827593,
        49.872506
       ],
       [
        9.828342,
        49.872764
       ],
       [
        9.828336,
        49.87278
       ],
       [
        9.828503,
        49.872805
       ],
       [
        9.828902,
        49.87295
       ],
       [
        9.829398,
        49.873096
       ],
       [
        9.830505,
        49.873379
       ],
       [
        9.834907,
        49.876299
       ],
       [
        9.836528,
        49.881326
       ],
       [
        9.834663,
        49.886268
       ],
       [
        9.833901,
        49.887178
       ],
       [
        9.832427,
        49.890535
       ],
       [
        9.832242,
        49.890681
       ],
       [
        9.831939,
        49.890925
       ],
       [
        9.831722,
        49.891107
       ],
       [
        9.831684,
        49.89114
       ],
       [
        9.830954,
        49.891871
       ],
       [
        9.830183,
        49.892549
       ],
       [
        9.830125,
        49.892594
       ],
       [
        9.830014,
        49.892682
       ],
       [
        9.829902,
        49.892769
       ],
       [
        9.829774,
        49.892867
       ],
       [
        9.82973,
        49.8929
       ],
       [
        9.829489,
        49.893082
       ],
       [
        9.829404,
        49.893145
       ],
       [
        9.828597,
        49.893738
       ],
       [
        9.82857,
        49.893757
       ],
       [
        9.827793,
        49.894321
       ],
       [
        9.827611,
        49.89445
       ],
       [
        9.827205,
        49.894728
       ],
       [
        9.827126,
        49.894782
       ],
       [
        9.825854,
        49.89706
       ],
       [
        9.825586,
        49.897505
       ],
       [
        9.823555,
        49.900643
       ],
       [
        9.823458,
        49.900962
       ],
       [
        9.823402,
        49.90145
       ],
       [
        9.823194,
        49.901822
       ],
       [
        9.820666,
        49.910083
       ],
       [
        9.820319,
        49.909977
       ],
       [
        9.82002,
        49.911993
       ],
       [
        9.819918,
        49.91217
       ],
       [
        9.819758,
        49.912438
       ],
       [
        9.819654,
        49.912603
       ],
       [
        9.819403,
        49.913028
       ],
       [
        9.8194,
        49.913026
       ],
       [
        9.819067,
        49.913561
       ],
       [
        9.818415,
        49.914505
       ],
       [
        9.818338,
        49.91468
       ],
       [
        9.817261,
        49.916467
       ],
       [
        9.817136,
        49.916624
       ],
       [
        9.816764,
        49.917108
       ],
       [
        9.816444,
        49.917555
       ],
       [
        9.816145,
        49.918006
       ],
       [
        9.815885,
        49.918425
       ],
       [
        9.815847,
        49.91849
       ],
       [
        9.815739,
        49.918687
       ],
       [
        9.815576,
        49.919056
       ],
       [
        9.814661,
        49.920281
       ],
       [
        9.814663,
        49.920282
       ],
       [
        9.814332,
        49.920852
       ],
       [
        9.814127,
        49.921232
       ],
       [
        9.814107,
        49.921222
       ],
       [
        9.813829,
        49.921394
       ],
       [
        9.813421,
        49.92194
       ],
       [
        9.812914,
        49.92237
       ],
       [
        9.812687,
        49.922102
       ],
       [
        9.810833,
        49.923251
       ],
       [
        9.811235,
        49.923757
       ],
       [
        9.807316,
        49.926865
       ],
       [
        9.806211,
        49.929617
       ],
       [
        9.805368,
        49.93092
       ],
       [
        9.805134,
        49.930768
       ],
       [
        9.800269,
        49.934479
       ],
       [
        9.7936,
        49.932889
       ],
       [
        9.790611,
        49.92672
       ],
       [
        9.790601,
        49.925599
       ],
       [
        9.790608,
        49.925199
       ],
       [
        9.790667,
        49.923775
       ],
       [
        9.787702,
        49.921499
       ],
       [
        9.783633,
        49.922026
       ],
       [
        9.783629,
        49.921998
       ],
       [
        9.781584,
        49.923357
       ],
       [
        9.780837,
        49.927039
       ],
       [
        9.780997,
        49.927209
       ],
       [
        9.781519,
        49.928114
       ],
       [
        9.782604,
        49.929402
       ],
       [
        9.783935,
        49.930335
       ],
       [
        9.784065,
        49.930473
       ],
       [
        9.785893,
        49.931087
       ],
       [
        9.786024,
        49.931179
       ],
       [
        9.78941,
        49.937134
       ],
       [
        9.786947,
        49.943526
       ],
       [
        9.78316,
        49.947129
       ],
       [
        9.782538,
        49.949047
       ],
       [
        9.776024,
        49.951484
       ],
       [
        9.775749,
        49.951458
       ],
       [
        9.7704,
        49.94869
       ],
       [
        9.76948,
        49.945927
       ],
       [
        9.764366,
        49.941705
       ],
       [
        9.764015,
        49.941713
       ],
       [
        9.762202,
        49.941114
       ],
       [
        9.75938,
        49.939236
       ],
       [
        9.756809,
        49.939003
       ],
       [
        9.753274,
        49.937809
       ],
       [
        9.752683,
        49.937437
       ],
       [
        9.751625,
        49.93654
       ],
       [
        9.750883,
        49.936075
       ],
       [
        9.749804,
        49.935259
       ],
       [
        9.748866,
        49.934812
       ],
       [
        9.748856,
        49.934806
       ],
       [
        9.745934,
        49.935155
       ],
       [
        9.743921,
        49.937076
       ],
       [
        9.744154,
        49.941134
       ],
       [
        9.746592,
        49.942865
       ],
       [
        9.749786,
        49.947729
       ],
       [
        9.74884,
        49.953469
       ],
       [
        9.748547,
        49.953964
       ],
       [
        9.746987,
        49.955855
       ],
       [
        9.745715,
        49.956989
       ],
       [
        9.745964,
        49.960677
       ],
       [
        9.747824,
        49.962252
       ],
       [
        9.749937,
        49.962277
       ],
       [
        9.75105,
        49.962806
       ],
       [
        9.751088,
        49.962802
       ],
       [
        9.751108,
        49.962681
       ],
       [
        9.751465,
        49.962741
       ],
       [
        9.751553,
        49.962756
       ],
       [
        9.751655,
        49.962746
       ],
       [
        9.7524,
        49.962831
       ],
       [
        9.752861,
        49.962626
       ],
       [
        9.753759,
        49.962537
       ],
       [
        9.756623,
        49.962772
       ],
       [
        9.756715,
        49.962797
       ],
       [
        9.75737,
        49.963285
       ],
       [
        9.758015,
        49.9631
       ],
       [
        9.758563,
        49.962784
       ],
       [
        9.758773,
        49.96269
       ],
       [
        9.758811,
        49.962641
       ],
       [
        9.759521,
        49.962231
       ],
       [
        9.759579,
        49.96233
       ],
       [
        9.760068,
        49.962112
       ],
       [
        9.760076,
        49.962109
       ],
       [
        9.76025,
        49.961945
       ],
       [
        9.76065,
        49.961428
       ],
       [
        9.760775,
        49.961129
       ],
       [
        9.761175,
        49.960748
       ],
       [
        9.761214,
        49.960696
       ],
       [
        9.761222,
        49.960702
       ],
       [
        9.76123,
        49.960695
       ],
       [
        9.761113,
        49.960635
       ],
       [
        9.761182,
        49.960501
       ],
       [
        9.764893,
        49.956902
       ],
       [
        9.765247,
        49.956862
       ],
       [
        9.765402,
        49.956713
       ],
       [
        9.766161,
        49.956759
       ],
       [
        9.77003,
        49.956324
       ],
       [
        9.771255,
        49.957068
       ],
       [
        9.771787,
        49.957101
       ],
       [
        9.771875,
        49.957146
       ],
       [
        9.771758,
        49.957375
       ],
       [
        9.774448,
        49.959009
       ],
       [
        9.775263,
        49.959984
       ],
       [
        9.776994,
        49.960797
       ],
       [
        9.779295,
        49.96576
       ],
       [
        9.777868,
        49.971041
       ],
       [
        9.777552,
        49.971492
       ],
       [
        9.77605,
        49.973101
       ],
       [
        9.773461,
        49.975204
       ],
       [
        9.771478,
        49.97592
       ],
       [
        9.766627,
        49.979242
       ],
       [
        9.765775,
        49.980328
       ],
       [
        9.765046,
        49.980813
       ],
       [
        9.763436,
        49.981619
       ],
       [
        9.763084,
        49.982119
       ],
       [
        9.761177,
        49.983387
       ],
       [
        9.760482,
        49.984272
       ],
       [
        9.759206,
        49.986408
       ],
       [
        9.75443,
        49.989008
       ],
       [
        9.754504,
        49.989134
       ],
       [
        9.754277,
        49.989267
       ],
       [
        9.754182,
        49.989324
       ],
       [
        9.754099,
        49.989374
       ],
       [
        9.753205,
        49.989843
       ],
       [
        9.752916,
        49.989972
       ],
       [
        9.752866,
        49.98986
       ],
       [
        9.752227,
        49.990207
       ],
       [
        9.752251,
        49.990262
       ],
       [
        9.751694,
        49.9905
       ],
       [
        9.751422,
        49.990611
       ],
       [
        9.751048,
        49.990755
       ],
       [
        9.750839,
        49.990832
       ],
       [
        9.750524,
        49.990944
       ],
       [
        9.750514,
        49.990916
       ],
       [
        9.750412,
        49.990983
       ],
       [
        9.749683,
        49.991228
       ],
       [
        9.749523,
        49.990753
       ],
       [
        9.748756,
        49.991068
       ],
       [
        9.748888,
        49.991482
       ],
       [
        9.748869,
        49.991488
       ],
       [
        9.748502,
        49.991596
       ],
       [
        9.74827,
        49.991658
       ],
       [
        9.748187,
        49.99168
       ],
       [
        9.747925,
        49.991747
       ],
       [
        9.747847,
        49.991766
       ],
       [
        9.747779,
        49.991783
       ],
       [
        9.747554,
        49.991835
       ],
       [
        9.746676,
        49.992023
       ],
       [
        9.746643,
        49.99203
       ],
       [
        9.74645,
        49.99207
       ],
       [
        9.746338,
        49.992093
       ],
       [
        9.746335,
        49.992094
       ],
       [
        9.741862,
        49.99525
       ],
       [
        9.738744,
        49.996045
       ]
      ],
      [
       [
        10.226082,
        49.867374
       ],
       [
        10.221539,
        49.867329
       ],
       [
        10.217276,
        49.861753
       ],
       [
        10.217167,
        49.86121
       ],
       [
        10.218466,
        49.85503
       ],
       [
        10.223843,
        49.851718
       ],
       [
        10.226965,
        49.851258
       ],
       [
        10.227364,
        49.850853
       ],
       [
        10.233927,
        49.848515
       ],
       [
        10.239835,
        49.852209
       ],
       [
        10.240605,
        49.859133
       ],
       [
        10.239466,
        49.862357
       ],
       [
        10.23284,
        49.867639
       ],
       [
        10.232194,
        49.867714
       ],
       [
        10.232193,
        49.867708
       ],
       [
        10.231689,
        49.867759
       ],
       [
        10.231648,
        49.867761
       ],
       [
        10.231383,
        49.867772
       ],
       [
        10.230979,
        49.867781
       ],
       [
        10.230604,
        49.867798
       ],
       [
        10.230023,
        49.867839
       ],
       [
        10.229642,
        49.867856
       ],
       [
        10.229392,
        49.867862
       ],
       [
        10.229392,
        49.867856
       ],
       [
        10.228777,
        49.867871
       ],
       [
        10.228185,
        49.86785
       ],
       [
        10.228055,
        49.867844
       ],
       [
        10.22766,
        49.867824
       ],
       [
        10.227682,
        49.86739
       ],
       [
        10.227626,
        49.867389
       ],
       [
        10.227611,
        49.86782
       ],
       [
        10.227123,
        49.867803
       ],
       [
        10.227017,
        49.867803
       ],
       [
        10.226811,
        49.867805
       ],
       [
        10.22679,
        49.867805
       ],
       [
        10.226503,
        49.867806
       ],
       [
        10.226321,
        49.867809
       ],
       [
        10.226094,
        49.867816
       ],
       [
        10.226082,
        49.867374
       ]
      ]
     ],
     [
      [
       [
        10.194532,
        49.65742
       ],
       [
        10.190555,
        49.657275
       ],
       [
        10.189591,
        49.658209
       ],
       [
        10.18902,
        49.658639
       ],
       [
        10.188748,
        49.659657
       ],
       [
        10.187065,
        49.661756
       ],
       [
        10.191785,
        49.665152
       ],
       [
        10.19194,
        49.66514
       ],
       [
        10.193048,
        49.665131
       ],
       [
        10.195069,
        49.665257
       ],
       [
        10.198467,
        49.662736
       ],
       [
        10.1988,
        49.662649
       ],
       [
        10.196146,
        49.658226
       ],
       [
        10.194532,
        49.65742
       ]
      ]
     ],
     [
      [
       [
        10.210331,
        49.666991
       ],
       [
        10.211163,
        49.669719
       ],
       [
        10.214511,
        49.673234
       ],
       [
        10.216591,
        49.674571
       ],
       [
        10.21805,
        49.675965
       ],
       [
        10.219249,
        49.676645
       ],
       [
        10.222608,
        49.676513
       ],
       [
        10.22498,
        49.674642
       ],
       [
        10.225621,
        49.670169
       ],
       [
        10.224456,
        49.669004
       ],
       [
        10.224,
        49.668328
       ],
       [
        10.223105,
        49.667652
       ],
       [
        10.222195,
        49.666742
       ],
       [
        10.222165,
        49.666732
       ],
       [
        10.222341,
        49.666202
       ],
       [
        10.217961,
        49.664084
       ],
       [
        10.217001,
        49.659591
       ],
       [
        10.214869,
        49.663428
       ],
       [
        10.211251,
        49.666687
       ],
       [
        10.210331,
        49.666991
       ]
      ]
     ],
     [
      [
       [
        10.21703,
        49.656568
       ],
       [
        10.221017,
        49.651829
       ],
       [
        10.223383,
        49.650781
       ],
       [
        10.224003,
        49.648417
       ],
       [
        10.224241,
        49.647984
       ],
       [
        10.224297,
        49.647295
       ],
       [
        10.224374,
        49.647
       ],
       [
        10.22389,
        49.6459
       ],
       [
        10.22359,
        49.644809
       ],
       [
        10.220751,
        49.642931
       ],
       [
        10.214402,
        49.645888
       ],
       [
        10.213668,
        49.648927
       ],
       [
        10.21554,
        49.652766
       ],
       [
        10.216597,
        49.653763
       ],
       [
        10.21703,
        49.656568
       ]
      ]
     ],
     [
      [
       [
        10.237257,
        49.633731
       ],
       [
        10.237431,
        49.63371
       ],
       [
        10.237707,
        49.63599
       ],
       [
        10.237868,
        49.636466
       ],
       [
        10.238388,
        49.637345
       ],
       [
        10.239858,
        49.63867
       ],
       [
        10.240592,
        49.639013
       ],
       [
        10.240713,
        49.639042
       ],
       [
        10.241041,
        49.639222
       ],
       [
        10.241277,
        49.639333
       ],
       [
        10.24127,
        49.639348
       ],
       [
        10.244403,
        49.641073
       ],
       [
        10.247108,
        49.643693
       ],
       [
        10.250606,
        49.643474
       ],
       [
        10.251234,
        49.643499
       ],
       [
        10.251505,
        49.64348
       ],
       [
        10.251602,
        49.643513
       ],
       [
        10.251886,
        49.643525
       ],
       [
        10.251887,
        49.643512
       ],
       [
        10.251996,
        49.643519
       ],
       [
        10.251996,
        49.643529
       ],
       [
        10.252233,
        49.643538
       ],
       [
        10.252487,
        49.643575
       ],
       [
        10.252454,
        49.643808
       ],
       [
        10.257418,
        49.645522
       ],
       [
        10.258738,
        49.646713
       ],
       [
        10.258879,
        49.646754
       ],
       [
        10.258904,
        49.646761
       ],
       [
        10.259096,
        49.646677
       ],
       [
        10.260988,
        49.646501
       ],
       [
        10.262664,
        49.647088
       ],
       [
        10.262663,
        49.647085
       ],
       [
        10.264718,
        49.646627
       ],
       [
        10.266304,
        49.646451
       ],
       [
        10.266304,
        49.64644
       ],
       [
        10.26632,
        49.646439
       ],
       [
        10.266459,
        49.646432
       ],
       [
        10.267412,
        49.646294
       ],
       [
        10.267505,
        49.646272
       ],
       [
        10.267577,
        49.646251
       ],
       [
        10.268671,
        49.645843
       ],
       [
        10.268683,
        49.645874
       ],
       [
        10.268787,
        49.645838
       ],
       [
        10.268759,
        49.645802
       ],
       [
        10.26973,
        49.64505
       ],
       [
        10.269745,
        49.645001
       ],
       [
        10.27011,
        49.644339
       ],
       [
        10.270123,
        49.644233
       ],
       [
        10.27021,
        49.643694
       ],
       [
        10.270213,
        49.643678
       ],
       [
        10.270432,
        49.642817
       ],
       [
        10.270515,
        49.642554
       ],
       [
        10.271469,
        49.640922
       ],
       [
        10.272444,
        49.638835
       ],
       [
        10.272733,
        49.638406
       ],
       [
        10.272884,
        49.638509
       ],
       [
        10.273121,
        49.637596
       ],
       [
        10.27514,
        49.635116
       ],
       [
        10.275201,
        49.632828
       ],
       [
        10.2733,
        49.630221
       ],
       [
        10.270405,
        49.630182
       ],
       [
        10.267089,
        49.629413
       ],
       [
        10.266693,
        49.629225
       ],
       [
        10.262125,
        49.621649
       ],
       [
        10.262197,
        49.619987
       ],
       [
        10.265244,
        49.614045
       ],
       [
        10.271737,
        49.612485
       ],
       [
        10.272255,
        49.612587
       ],
       [
        10.274144,
        49.612309
       ],
       [
        10.274155,
        49.612309
       ],
       [
        10.274686,
        49.612279
       ],
       [
        10.275325,
        49.612176
       ],
       [
        10.275955,
        49.611992
       ],
       [
        10.276848,
        49.611587
       ],
       [
        10.27695,
        49.611531
       ],
       [
        10.277527,
        49.611184
       ],
       [
        10.277663,
        49.611093
       ],
       [
        10.277867,
        49.610963
       ],
       [
        10.278346,
        49.610666
       ],
       [
        10.278778,
        49.61033
       ],
       [
        10.280015,
        49.608444
       ],
       [
        10.280061,
        49.608195
       ],
       [
        10.280174,
        49.607885
       ],
       [
        10.280176,
        49.607542
       ],
       [
        10.280375,
        49.606419
       ],
       [
        10.280358,
        49.606258
       ],
       [
        10.27988,
        49.605408
       ],
       [
        10.279868,
        49.605387
       ],
       [
        10.279865,
        49.605381
       ],
       [
        10.278915,
        49.602578
       ],
       [
        10.278899,
        49.602463
       ],
       [
        10.282509,
        49.594604
       ],
       [
        10.282777,
        49.594433
       ],
       [
        10.284334,
        49.594076
       ],
       [
        10.289271,
        49.591377
       ],
       [
        10.289721,
        49.58942
       ],
       [
        10.288145,
        49.587015
       ],
       [
        10.287273,
        49.580018
       ],
       [
        10.292277,
        49.575049
       ],
       [
        10.292283,
        49.575047
       ],
       [
        10.292602,
        49.574932
       ],
       [
        10.293308,
        49.57466
       ],
       [
        10.295259,
        49.574447
       ],
       [
        10.296917,
        49.573651
       ],
       [
        10.298143,
        49.573181
       ],
       [
        10.298567,
        49.573057
       ],
       [
        10.299832,
        49.569991
       ],
       [
        10.299222,
        49.567777
       ],
       [
        10.296567,
        49.565792
       ],
       [
        10.296491,
        49.565774
       ],
       [
        10.296212,
        49.565796
       ],
       [
        10.29461,
        49.565722
       ],
       [
        10.294607,
        49.565755
       ],
       [
        10.293478,
        49.565632
       ],
       [
        10.292624,
        49.565638
       ],
       [
        10.288132,
        49.564293
       ],
       [
        10.286219,
        49.563018
       ],
       [
        10.285498,
        49.563228
       ],
       [
        10.28064,
        49.563109
       ],
       [
        10.279801,
        49.562818
       ],
       [
        10.279656,
        49.562782
       ],
       [
        10.279362,
        49.562712
       ],
       [
        10.279241,
        49.562684
       ],
       [
        10.278927,
        49.562615
       ],
       [
        10.278938,
        49.562568
       ],
       [
        10.27879,
        49.562535
       ],
       [
        10.278655,
        49.562587
       ],
       [
        10.274523,
        49.562726
       ],
       [
        10.273553,
        49.563645
       ],
       [
        10.27234,
        49.564255
       ],
       [
        10.269469,
        49.567433
       ],
       [
        10.269987,
        49.571331
       ],
       [
        10.271927,
        49.573096
       ],
       [
        10.271987,
        49.573179
       ],
       [
        10.273203,
        49.580056
       ],
       [
        10.271987,
        49.581419
       ],
       [
        10.272096,
        49.581468
       ],
       [
        10.270361,
        49.585284
       ],
       [
        10.265494,
        49.589598
       ],
       [
        10.262383,
        49.589249
       ],
       [
        10.262399,
        49.589385
       ],
       [
        10.257812,
        49.589909
       ],
       [
        10.251616,
        49.587965
       ],
       [
        10.247611,
        49.584438
       ],
       [
        10.247003,
        49.584376
       ],
       [
        10.245978,
        49.583906
       ],
       [
        10.245865,
        49.583827
       ],
       [
        10.24482,
        49.583669
       ],
       [
        10.244403,
        49.583551
       ],
       [
        10.244493,
        49.583234
       ],
       [
        10.244381,
        49.583198
       ],
       [
        10.244373,
        49.583238
       ],
       [
        10.244002,
        49.583163
       ],
       [
        10.244019,
        49.583082
       ],
       [
        10.240459,
        49.581945
       ],
       [
        10.24043,
        49.581996
       ],
       [
        10.240198,
        49.581861
       ],
       [
        10.239522,
        49.581646
       ],
       [
        10.239361,
        49.581376
       ],
       [
        10.234879,
        49.578774
       ],
       [
        10.234535,
        49.578563
       ],
       [
        10.233954,
        49.578185
       ],
       [
        10.233778,
        49.578205
       ],
       [
        10.230853,
        49.581601
       ],
       [
        10.23133,
        49.584097
       ],
       [
        10.23643,
        49.587086
       ],
       [
        10.239997,
        49.591527
       ],
       [
        10.239704,
        49.597216
       ],
       [
        10.239531,
        49.597609
       ],
       [
        10.239585,
        49.597939
       ],
       [
        10.240149,
        49.599376
       ],
       [
        10.239368,
        49.604534
       ],
       [
        10.239537,
        49.606213
       ],
       [
        10.239261,
        49.609244
       ],
       [
        10.238777,
        49.610914
       ],
       [
        10.238497,
        49.610833
       ],
       [
        10.238429,
        49.612403
       ],
       [
        10.237216,
        49.613943
       ],
       [
        10.237199,
        49.613998
       ],
       [
        10.237155,
        49.61402
       ],
       [
        10.23539,
        49.61626
       ],
       [
        10.235316,
        49.61631
       ],
       [
        10.234606,
        49.617339
       ],
       [
        10.235126,
        49.617555
       ],
       [
        10.234003,
        49.620249
       ],
       [
        10.232349,
        49.62182
       ],
       [
        10.232328,
        49.624267
       ],
       [
        10.232206,
        49.624561
       ],
       [
        10.23287,
        49.626103
       ],
       [
        10.233148,
        49.627538
       ],
       [
        10.236078,
        49.629762
       ],
       [
        10.237257,
        49.633731
       ]
      ]
     ],
     [
      [
       [
        10.21165,
        49.611354
       ],
       [
        10.210208,
        49.612372
       ],
       [
        10.208688,
        49.613214
       ],
       [
        10.208263,
        49.613392
       ],
       [
        10.207933,
        49.613978
       ],
       [
        10.207261,
        49.614452
       ],
       [
        10.207174,
        49.617208
       ],
       [
        10.210273,
        49.620106
       ],
       [
        10.2108,
        49.620218
       ],
       [
        10.211157,
        49.620179
       ],
       [
        10.211359,
        49.620066
       ],
       [
        10.212057,
        49.61998
       ],
       [
        10.212336,
        49.619772
       ],
       [
        10.217337,
        49.618556
       ],
       [
        10.21772,
        49.617751
       ],
       [
        10.218364,
        49.617163
       ],
       [
        10.217655,
        49.614365
       ],
       [
        10.216272,
        49.613356
       ],
       [
        10.216188,
        49.613283
       ],
       [
        10.216162,
        49.613276
       ],
       [
        10.215381,
        49.612706
       ],
       [
        10.215273,
        49.612526
       ],
       [
        10.215061,
        49.612473
       ],
       [
        10.214887,
        49.612346
       ],
       [
        10.213451,
        49.61233
       ],
       [
        10.211865,
        49.611577
       ],
       [
        10.21165,
        49.611354
       ]
      ]
     ],
     [
      [
       [
        10.258894,
        49.831505
       ],
       [
        10.262538,
        49.834299
       ],
       [
        10.266559,
        49.835213
       ],
       [
        10.273358,
        49.832748
       ],
       [
        10.273976,
        49.830887
       ],
       [
        10.273209,
        49.82872
       ],
       [
        10.270085,
        49.826719
       ],
       [
        10.269722,
        49.826631
       ],
       [
        10.269629,
        49.826608
       ],
       [
        10.268807,
        49.826418
       ],
       [
        10.268779,
        49.826412
       ],
       [
        10.267827,
        49.826188
       ],
       [
        10.266988,
        49.825996
       ],
       [
        10.266947,
        49.825986
       ],
       [
        10.266056,
        49.825777
       ],
       [
        10.261804,
        49.825901
       ],
       [
        10.258745,
        49.828841
       ],
       [
        10.258894,
        49.831505
       ]
      ]
     ],
     [
      [
       [
        10.227002,
        49.71029
       ],
       [
        10.231707,
        49.711733
       ],
       [
        10.236206,
        49.715243
       ],
       [
        10.237153,
        49.72048
       ],
       [
        10.239042,
        49.723408
       ],
       [
        10.241589,
        49.724939
       ],
       [
        10.243552,
        49.729279
       ],
       [
        10.243755,
        49.730929
       ],
       [
        10.246661,
        49.732746
       ],
       [
        10.248089,
        49.732553
       ],
       [
        10.250824,
        49.732752
       ],
       [
        10.256988,
        49.736428
       ],
       [
        10.257156,
        49.738061
       ],
       [
        10.257473,
        49.737918
       ],
       [
        10.259836,
        49.743158
       ],
       [
        10.265174,
        49.745293
       ],
       [
        10.26509,
        49.745504
       ],
       [
        10.268854,
        49.747055
       ],
       [
        10.270557,
        49.748754
       ],
       [
        10.277236,
        49.74771
       ],
       [
        10.277652,
        49.7473
       ],
       [
        10.277732,
        49.747382
       ],
       [
        10.281281,
        49.745139
       ],
       [
        10.281669,
        49.745033
       ],
       [
        10.282037,
        49.744822
       ],
       [
        10.28263,
        49.744377
       ],
       [
        10.282804,
        49.744192
       ],
       [
        10.28536,
        49.742373
       ],
       [
        10.285934,
        49.742116
       ],
       [
        10.292799,
        49.743218
       ],
       [
        10.292831,
        49.7431
       ],
       [
        10.293148,
        49.743185
       ],
       [
        10.293336,
        49.743304
       ],
       [
        10.294598,
        49.743507
       ],
       [
        10.296141,
        49.744915
       ],
       [
        10.29605,
        49.745014
       ],
       [
        10.297134,
        49.745697
       ],
       [
        10.298454,
        49.748726
       ],
       [
        10.300692,
        49.750708
       ],
       [
        10.304779,
        49.751191
       ],
       [
        10.308465,
        49.754791
       ],
       [
        10.309193,
        49.759892
       ],
       [
        10.308492,
        49.763613
       ],
       [
        10.31208,
        49.76756
       ],
       [
        10.312098,
        49.767562
       ],
       [
        10.312785,
        49.767601
       ],
       [
        10.313059,
        49.767612
       ],
       [
        10.313488,
        49.767621
       ],
       [
        10.314271,
        49.767601
       ],
       [
        10.314372,
        49.767592
       ],
       [
        10.31452,
        49.767579
       ],
       [
        10.314678,
        49.767566
       ],
       [
        10.31483,
        49.767555
       ],
       [
        10.315162,
        49.767532
       ],
       [
        10.315656,
        49.767495
       ],
       [
        10.316047,
        49.767475
       ],
       [
        10.31649,
        49.767463
       ],
       [
        10.316657,
        49.767461
       ],
       [
        10.317551,
        49.767456
       ],
       [
        10.317713,
        49.767453
       ],
       [
        10.317715,
        49.767453
       ],
       [
        10.320222,
        49.76473
       ],
       [
        10.322177,
        49.763847
       ],
       [
        10.322752,
        49.762577
       ],
       [
        10.323152,
        49.761974
       ],
       [
        10.323143,
        49.761714
       ],
       [
        10.323299,
        49.761372
       ],
       [
        10.323733,
        49.761096
       ],
       [
        10.324154,
        49.76046
       ],
       [
        10.324769,
        49.759792
       ],
       [
        10.325185,
        49.760174
       ],
       [
        10.3307,
        49.756674
       ],
       [
        10.331286,
        49.756683
       ],
       [
        10.332317,
        49.756581
       ],
       [
        10.33408,
        49.756601
       ],
       [
        10.334742,
        49.756683
       ],
       [
        10.335009,
        49.756711
       ],
       [
        10.33552,
        49.756756
       ],
       [
        10.336113,
        49.756787
       ],
       [
        10.336131,
        49.756787
       ],
       [
        10.336797,
        49.756769
       ],
       [
        10.336983,
        49.756756
       ],
       [
        10.337075,
        49.756747
       ],
       [
        10.342873,
        49.751345
       ],
       [
        10.350881,
        49.749617
       ],
       [
        10.351984,
        49.749988
       ],
       [
        10.355167,
        49.751994
       ],
       [
        10.356199,
        49.753056
       ],
       [
        10.361623,
        49.753491
       ],
       [
        10.36161,
        49.753651
       ],
       [
        10.364143,
        49.753011
       ],
       [
        10.369667,
        49.757185
       ],
       [
        10.369865,
        49.764105
       ],
       [
        10.368671,
        49.766787
       ],
       [
        10.36971,
        49.769512
       ],
       [
        10.374982,
        49.771607
       ],
       [
        10.376871,
        49.771634
       ],
       [
        10.381156,
        49.776521
       ],
       [
        10.380398,
        49.782977
       ],
       [
        10.37845,
        49.786262
       ],
       [
        10.379212,
        49.789613
       ],
       [
        10.381466,
        49.791205
       ],
       [
        10.381509,
        49.791193
       ],
       [
        10.383733,
        49.791009
       ],
       [
        10.385044,
        49.789801
       ],
       [
        10.385111,
        49.788462
       ],
       [
        10.386615,
        49.785405
       ],
       [
        10.386627,
        49.785159
       ],
       [
        10.386863,
        49.784901
       ],
       [
        10.387908,
        49.782778
       ],
       [
        10.389169,
        49.782389
       ],
       [
        10.390311,
        49.781145
       ],
       [
        10.39571,
        49.78042
       ],
       [
        10.397054,
        49.780712
       ],
       [
        10.397246,
        49.780721
       ],
       [
        10.397299,
        49.780722
       ],
       [
        10.397621,
        49.78072
       ],
       [
        10.397948,
        49.780711
       ],
       [
        10.398119,
        49.780705
       ],
       [
        10.39855,
        49.780684
       ],
       [
        10.398717,
        49.780675
       ],
       [
        10.399619,
        49.780613
       ],
       [
        10.39962,
        49.780631
       ],
       [
        10.400917,
        49.780338
       ],
       [
        10.401011,
        49.78034
       ],
       [
        10.402024,
        49.780367
       ],
       [
        10.40223,
        49.78037
       ],
       [
        10.40228,
        49.78037
       ],
       [
        10.4025,
        49.780364
       ],
       [
        10.403033,
        49.780289
       ],
       [
        10.404366,
        49.779765
       ],
       [
        10.405716,
        49.778545
       ],
       [
        10.406395,
        49.777169
       ],
       [
        10.406537,
        49.776307
       ],
       [
        10.405302,
        49.772799
       ],
       [
        10.401044,
        49.7703
       ],
       [
        10.399078,
        49.767465
       ],
       [
        10.398729,
        49.767309
       ],
       [
        10.396063,
        49.765131
       ],
       [
        10.396022,
        49.765175
       ],
       [
        10.394705,
        49.763919
       ],
       [
        10.394928,
        49.763686
       ],
       [
        10.392709,
        49.761201
       ],
       [
        10.392472,
        49.758452
       ],
       [
        10.391901,
        49.757503
       ],
       [
        10.391243,
        49.754607
       ],
       [
        10.390924,
        49.754669
       ],
       [
        10.390675,
        49.753391
       ],
       [
        10.390626,
        49.752383
       ],
       [
        10.389698,
        49.750727
       ],
       [
        10.389038,
        49.750071
       ],
       [
        10.388809,
        49.749709
       ],
       [
        10.387387,
        49.748858
       ],
       [
        10.387387,
        49.748859
       ],
       [
        10.387384,
        49.748856
       ],
       [
        10.387094,
        49.748683
       ],
       [
        10.386977,
        49.748574
       ],
       [
        10.386911,
        49.748529
       ],
       [
        10.386918,
        49.748519
       ],
       [
        10.386893,
        49.748497
       ],
       [
        10.386787,
        49.748418
       ],
       [
        10.38664,
        49.7483
       ],
       [
        10.386658,
        49.748278
       ],
       [
        10.386575,
        49.748201
       ],
       [
        10.385485,
        49.747549
       ],
       [
        10.380085,
        49.746944
       ],
       [
        10.380119,
        49.746639
       ],
       [
        10.375926,
        49.745954
       ],
       [
        10.372362,
        49.740839
       ],
       [
        10.371059,
        49.734675
       ],
       [
        10.368258,
        49.73317
       ],
       [
        10.364,
        49.734419
       ],
       [
        10.360728,
        49.734677
       ],
       [
        10.359312,
        49.734495
       ],
       [
        10.355382,
        49.732845
       ],
       [
        10.355056,
        49.732588
       ],
       [
        10.353437,
        49.73006
       ],
       [
        10.353406,
        49.730039
       ],
       [
        10.349709,
        49.727143
       ],
       [
        10.346277,
        49.727667
       ],
       [
        10.345162,
        49.728308
       ],
       [
        10.343174,
        49.729119
       ],
       [
        10.340553,
        49.729796
       ],
       [
        10.34031,
        49.729854
       ],
       [
        10.336439,
        49.730726
       ],
       [
        10.336184,
        49.730924
       ],
       [
        10.335697,
        49.73105
       ],
       [
        10.335057,
        49.731592
       ],
       [
        10.33447,
        49.731738
       ],
       [
        10.334423,
        49.73175
       ],
       [
        10.330429,
        49.731719
       ],
       [
        10.329644,
        49.73151
       ],
       [
        10.329355,
        49.731488
       ],
       [
        10.329353,
        49.731488
       ],
       [
        10.328548,
        49.731553
       ],
       [
        10.327655,
        49.731761
       ],
       [
        10.327598,
        49.73178
       ],
       [
        10.326698,
        49.732201
       ],
       [
        10.325291,
        49.732705
       ],
       [
        10.323535,
        49.733154
       ],
       [
        10.323471,
        49.732906
       ],
       [
        10.321722,
        49.733692
       ],
       [
        10.32036,
        49.733356
       ],
       [
        10.317318,
        49.734943
       ],
       [
        10.315346,
        49.735662
       ],
       [
        10.315324,
        49.735667
       ],
       [
        10.314715,
        49.735856
       ],
       [
        10.313954,
        49.736189
       ],
       [
        10.313639,
        49.736376
       ],
       [
        10.312955,
        49.736971
       ],
       [
        10.312564,
        49.737238
       ],
       [
        10.312496,
        49.737315
       ],
       [
        10.312487,
        49.737307
       ],
       [
        10.312289,
        49.737551
       ],
       [
        10.31189,
        49.737898
       ],
       [
        10.311781,
        49.737772
       ],
       [
        10.311404,
        49.738029
       ],
       [
        10.31092,
        49.738282
       ],
       [
        10.310802,
        49.738056
       ],
       [
        10.308789,
        49.739769
       ],
       [
        10.30244,
        49.739025
       ],
       [
        10.301591,
        49.737866
       ],
       [
        10.301525,
        49.737953
       ],
       [
        10.296998,
        49.734534
       ],
       [
        10.294136,
        49.730383
       ],
       [
        10.293867,
        49.729457
       ],
       [
        10.294114,
        49.729385
       ],
       [
        10.29264,
        49.726637
       ],
       [
        10.296168,
        49.719984
       ],
       [
        10.296552,
        49.719725
       ],
       [
        10.298903,
        49.718896
       ],
       [
        10.30028,
        49.717276
       ],
       [
        10.300286,
        49.715935
       ],
       [
        10.300436,
        49.715228
       ],
       [
        10.300293,
        49.71447
       ],
       [
        10.300294,
        49.714365
       ],
       [
        10.300663,
        49.713356
       ],
       [
        10.300713,
        49.712325
       ],
       [
        10.300758,
        49.712187
       ],
       [
        10.301056,
        49.712285
       ],
       [
        10.302163,
        49.709264
       ],
       [
        10.306859,
        49.706533
       ],
       [
        10.308069,
        49.706736
       ],
       [
        10.308057,
        49.706595
       ],
       [
        10.30943,
        49.706478
       ],
       [
        10.310234,
        49.70651
       ],
       [
        10.310234,
        49.70649
       ],
       [
        10.313741,
        49.706441
       ],
       [
        10.315911,
        49.705848
       ],
       [
        10.315906,
        49.705531
       ],
       [
        10.316243,
        49.705525
       ],
       [
        10.316729,
        49.705625
       ],
       [
        10.316908,
        49.705576
       ],
       [
        10.316994,
        49.705586
       ],
       [
        10.316994,
        49.705587
       ],
       [
        10.318253,
        49.705073
       ],
       [
        10.318562,
        49.704954
       ],
       [
        10.318795,
        49.70487
       ],
       [
        10.318956,
        49.704885
       ],
       [
        10.319115,
        49.704755
       ],
       [
        10.320747,
        49.704166
       ],
       [
        10.321376,
        49.704169
       ],
       [
        10.321752,
        49.703803
       ],
       [
        10.322451,
        49.703551
       ],
       [
        10.323574,
        49.701681
       ],
       [
        10.326749,
        49.698699
       ],
       [
        10.330738,
        49.69663
       ],
       [
        10.330748,
        49.69665
       ],
       [
        10.331115,
        49.696276
       ],
       [
        10.330591,
        49.695458
       ],
       [
        10.330609,
        49.695446
       ],
       [
        10.332754,
        49.694608
       ],
       [
        10.332915,
        49.694445
       ],
       [
        10.333074,
        49.694407
       ],
       [
        10.333091,
        49.694477
       ],
       [
        10.333528,
        49.694306
       ],
       [
        10.333538,
        49.694304
       ],
       [
        10.333935,
        49.694224
       ],
       [
        10.334631,
        49.694027
       ],
       [
        10.334653,
        49.694018
       ],
       [
        10.336993,
        49.69178
       ],
       [
        10.337529,
        49.689126
       ],
       [
        10.337095,
        49.687944
       ],
       [
        10.332993,
        49.685307
       ],
       [
        10.332515,
        49.685283
       ],
       [
        10.33223,
        49.685264
       ],
       [
        10.331669,
        49.685216
       ],
       [
        10.331706,
        49.684789
       ],
       [
        10.330895,
        49.684755
       ],
       [
        10.330172,
        49.685074
       ],
       [
        10.328114,
        49.685588
       ],
       [
        10.328003,
        49.685646
       ],
       [
        10.327868,
        49.685649
       ],
       [
        10.327537,
        49.685732
       ],
       [
        10.326225,
        49.685829
       ],
       [
        10.326223,
        49.6858
       ],
       [
        10.325752,
        49.686004
       ],
       [
        10.32576,
        49.686047
       ],
       [
        10.32556,
        49.686087
       ],
       [
        10.325283,
        49.686207
       ],
       [
        10.319345,
        49.689486
       ],
       [
        10.317964,
        49.690995
       ],
       [
        10.312658,
        49.691773
       ],
       [
        10.310567,
        49.690525
       ],
       [
        10.308855,
        49.689982
       ],
       [
        10.305685,
        49.687996
       ],
       [
        10.305669,
        49.687989
       ],
       [
        10.30567,
        49.687986
       ],
       [
        10.305506,
        49.687884
       ],
       [
        10.305494,
        49.687915
       ],
       [
        10.305104,
        49.687765
       ],
       [
        10.301093,
        49.687507
       ],
       [
        10.300847,
        49.687452
       ],
       [
        10.300678,
        49.687481
       ],
       [
        10.300219,
        49.687451
       ],
       [
        10.299743,
        49.687203
       ],
       [
        10.299501,
        49.687149
       ],
       [
        10.299493,
        49.6872
       ],
       [
        10.299372,
        49.687181
       ],
       [
        10.299276,
        49.687165
       ],
       [
        10.299223,
        49.687156
       ],
       [
        10.29905,
        49.687124
       ],
       [
        10.298963,
        49.687107
       ],
       [
        10.298854,
        49.687085
       ],
       [
        10.298733,
        49.687059
       ],
       [
        10.298528,
        49.687019
       ],
       [
        10.297871,
        49.686899
       ],
       [
        10.297723,
        49.686873
       ],
       [
        10.297494,
        49.686836
       ],
       [
        10.29745,
        49.686829
       ],
       [
        10.296737,
        49.686708
       ],
       [
        10.296792,
        49.686382
       ],
       [
        10.295973,
        49.686267
       ],
       [
        10.295925,
        49.686563
       ],
       [
        10.295773,
        49.686538
       ],
       [
        10.295552,
        49.686506
       ],
       [
        10.295303,
        49.686484
       ],
       [
        10.293319,
        49.687218
       ],
       [
        10.288494,
        49.687449
       ],
       [
        10.287488,
        49.687182
       ],
       [
        10.286042,
        49.68784
       ],
       [
        10.283752,
        49.689176
       ],
       [
        10.278237,
        49.690128
       ],
       [
        10.273448,
        49.687232
       ],
       [
        10.272418,
        49.684043
       ],
       [
        10.272256,
        49.684103
       ],
       [
        10.272235,
        49.684047
       ],
       [
        10.272082,
        49.683002
       ],
       [
        10.272051,
        49.682904
       ],
       [
        10.271954,
        49.682656
       ],
       [
        10.271951,
        49.682597
       ],
       [
        10.271728,
        49.681906
       ],
       [
        10.27175,
        49.681418
       ],
       [
        10.271763,
        49.681051
       ],
       [
        10.271797,
        49.681053
       ],
       [
        10.271754,
        49.680757
       ],
       [
        10.271791,
        49.680178
       ],
       [
        10.271861,
        49.680183
       ],
       [
        10.27186,
        49.680149
       ],
       [
        10.270075,
        49.676556
       ],
       [
        10.266719,
        49.674988
       ],
       [
        10.264298,
        49.674894
       ],
       [
        10.26411,
        49.674916
       ],
       [
        10.264038,
        49.674925
       ],
       [
        10.26342,
        49.675005
       ],
       [
        10.263316,
        49.675018
       ],
       [
        10.263028,
        49.675052
       ],
       [
        10.262018,
        49.675105
       ],
       [
        10.261809,
        49.675102
       ],
       [
        10.261757,
        49.675102
       ],
       [
        10.260402,
        49.675229
       ],
       [
        10.260264,
        49.675264
       ],
       [
        10.258512,
        49.675505
       ],
       [
        10.258494,
        49.675506
       ],
       [
        10.258339,
        49.675508
       ],
       [
        10.257803,
        49.675512
       ],
       [
        10.257689,
        49.675505
       ],
       [
        10.25763,
        49.675516
       ],
       [
        10.257513,
        49.67552
       ],
       [
        10.256056,
        49.675684
       ],
       [
        10.256013,
        49.675299
       ],
       [
        10.255682,
        49.675372
       ],
       [
        10.255704,
        49.675605
       ],
       [
        10.253883,
        49.675783
       ],
       [
        10.253875,
        49.6757
       ],
       [
        10.253488,
        49.675508
       ],
       [
        10.253369,
        49.675529
       ],
       [
        10.253392,
        49.675635
       ],
       [
        10.251261,
        49.676088
       ],
       [
        10.25121,
        49.675847
       ],
       [
        10.250297,
        49.675681
       ],
       [
        10.250327,
        49.675516
       ],
       [
        10.249745,
        49.67564
       ],
       [
        10.249816,
        49.676168
       ],
       [
        10.248976,
        49.67628
       ],
       [
        10.247972,
        49.67681
       ],
       [
        10.246745,
        49.677331
       ],
       [
        10.241083,
        49.679198
       ],
       [
        10.240575,
        49.680595
       ],
       [
        10.241295,
        49.682789
       ],
       [
        10.244397,
        49.68486
       ],
       [
        10.244466,
        49.684878
       ],
       [
        10.244761,
        49.684949
       ],
       [
        10.245846,
        49.685189
       ],
       [
        10.246157,
        49.685252
       ],
       [
        10.24666,
        49.685342
       ],
       [
        10.249173,
        49.685384
       ],
       [
        10.249637,
        49.685296
       ],
       [
        10.257575,
        49.688419
       ],
       [
        10.258719,
        49.689976
       ],
       [
        10.260686,
        49.690507
       ],
       [
        10.2659,
        49.694956
       ],
       [
        10.265757,
        49.701808
       ],
       [
        10.260362,
        49.706034
       ],
       [
        10.25421,
        49.707423
       ],
       [
        10.254131,
        49.707071
       ],
       [
        10.252945,
        49.707666
       ],
       [
        10.25263,
        49.707688
       ],
       [
        10.252174,
        49.707765
       ],
       [
        10.251939,
        49.707815
       ],
       [
        10.25164,
        49.707885
       ],
       [
        10.251318,
        49.707967
       ],
       [
        10.251038,
        49.708044
       ],
       [
        10.250931,
        49.708075
       ],
       [
        10.25085,
        49.708099
       ],
       [
        10.250241,
        49.708305
       ],
       [
        10.249955,
        49.708415
       ],
       [
        10.249885,
        49.708442
       ],
       [
        10.249576,
        49.708563
       ],
       [
        10.249193,
        49.708726
       ],
       [
        10.248215,
        49.709171
       ],
       [
        10.247934,
        49.709306
       ],
       [
        10.247731,
        49.709408
       ],
       [
        10.247605,
        49.709473
       ],
       [
        10.247445,
        49.709557
       ],
       [
        10.247104,
        49.709746
       ],
       [
        10.244447,
        49.710318
       ],
       [
        10.244195,
        49.710457
       ],
       [
        10.244154,
        49.710381
       ],
       [
        10.242577,
        49.710721
       ],
       [
        10.241501,
        49.710633
       ],
       [
        10.23862,
        49.711373
       ],
       [
        10.233061,
        49.707083
       ],
       [
        10.231727,
        49.704384
       ],
       [
        10.228791,
        49.703504
       ],
       [
        10.226521,
        49.704711
       ],
       [
        10.225593,
        49.707311
       ],
       [
        10.227002,
        49.71029
       ]
      ]
     ],
     [
      [
       [
        9.786317,
        49.891958
       ],
       [
        9.785209,
        49.894077
       ],
       [
        9.782159,
        49.896908
       ],
       [
        9.782366,
        49.89961
       ],
       [
        9.786383,
        49.902328
       ],
       [
        9.787033,
        49.902444
       ],
       [
        9.787178,
        49.902469
       ],
       [
        9.78723,
        49.902477
       ],
       [
        9.787218,
        49.902553
       ],
       [
        9.790907,
        49.901865
       ],
       [
        9.792364,
        49.9003
       ],
       [
        9.792225,
        49.896443
       ],
       [
        9.786941,
        49.892824
       ],
       [
        9.786317,
        49.891958
       ]
      ]
     ],
     [
      [
       [
        10.341913,
        50.022065
       ],
       [
        10.342924,
        50.024212
       ],
       [
        10.348021,
        50.026355
       ],
       [
        10.347832,
        50.026804
       ],
       [
        10.348766,
        50.027241
       ],
       [
        10.348768,
        50.027241
       ],
       [
        10.348925,
        50.026878
       ],
       [
        10.349091,
        50.02695
       ],
       [
        10.349324,
        50.027042
       ],
       [
        10.349356,
        50.027051
       ],
       [
        10.356347,
        50.024798
       ],
       [
        10.356722,
        50.024456
       ],
       [
        10.359223,
        50.023619
       ],
       [
        10.362227,
        50.021094
       ],
       [
        10.367938,
        50.021273
       ],
       [
        10.370646,
        50.022407
       ],
       [
        10.373097,
        50.021421
       ],
       [
        10.374189,
        50.018906
       ],
       [
        10.373259,
        50.016438
       ],
       [
        10.371019,
        50.015361
       ],
       [
        10.366707,
        50.016903
       ],
       [
        10.364478,
        50.019026
       ],
       [
        10.358196,
        50.018731
       ],
       [
        10.355723,
        50.017534
       ],
       [
        10.352933,
        50.018519
       ],
       [
        10.350753,
        50.018528
       ],
       [
        10.350784,
        50.018908
       ],
       [
        10.350107,
        50.018962
       ],
       [
        10.350073,
        50.018531
       ],
       [
        10.347671,
        50.018542
       ],
       [
        10.347549,
        50.0185
       ],
       [
        10.347591,
        50.01838
       ],
       [
        10.345783,
        50.018372
       ],
       [
        10.345404,
        50.018194
       ],
       [
        10.342873,
        50.019314
       ],
       [
        10.341913,
        50.022065
       ]
      ]
     ],
     [
      [
       [
        10.342561,
        49.820847
       ],
       [
        10.342387,
        49.8211
       ],
       [
        10.342199,
        49.821298
       ],
       [
        10.340763,
        49.824659
       ],
       [
        10.341367,
        49.826895
       ],
       [
        10.343978,
        49.828832
       ],
       [
        10.349142,
        49.828303
       ],
       [
        10.350658,
        49.827498
       ],
       [
        10.350879,
        49.827352
       ],
       [
        10.350988,
        49.827323
       ],
       [
        10.351608,
        49.826994
       ],
       [
        10.352905,
        49.826595
       ],
       [
        10.35433,
        49.825734
       ],
       [
        10.357604,
        49.824628
       ],
       [
        10.358055,
        49.824579
       ],
       [
        10.358182,
        49.824564
       ],
       [
        10.358868,
        49.824479
       ],
       [
        10.358982,
        49.824464
       ],
       [
        10.359197,
        49.824434
       ],
       [
        10.359397,
        49.824395
       ],
       [
        10.361005,
        49.823683
       ],
       [
        10.361156,
        49.823295
       ],
       [
        10.361404,
        49.822981
       ],
       [
        10.361592,
        49.822135
       ],
       [
        10.362789,
        49.818953
       ],
       [
        10.362634,
        49.817505
       ],
       [
        10.362176,
        49.816412
       ],
       [
        10.362097,
        49.816036
       ],
       [
        10.359723,
        49.814268
       ],
       [
        10.355604,
        49.814364
       ],
       [
        10.355294,
        49.814484
       ],
       [
        10.355217,
        49.814285
       ],
       [
        10.35439,
        49.81476
       ],
       [
        10.354422,
        49.814867
       ],
       [
        10.354177,
        49.814939
       ],
       [
        10.354001,
        49.814993
       ],
       [
        10.353905,
        49.815024
       ],
       [
        10.353206,
        49.815284
       ],
       [
        10.352894,
        49.815416
       ],
       [
        10.352787,
        49.815463
       ],
       [
        10.352383,
        49.815642
       ],
       [
        10.352088,
        49.81578
       ],
       [
        10.351814,
        49.815915
       ],
       [
        10.351464,
        49.816098
       ],
       [
        10.351332,
        49.816171
       ],
       [
        10.350832,
        49.816474
       ],
       [
        10.350821,
        49.816481
       ],
       [
        10.350565,
        49.816658
       ],
       [
        10.350183,
        49.81692
       ],
       [
        10.350095,
        49.816792
       ],
       [
        10.348485,
        49.818085
       ],
       [
        10.347899,
        49.818332
       ],
       [
        10.347519,
        49.818481
       ],
       [
        10.34672,
        49.818771
       ],
       [
        10.346407,
        49.818877
       ],
       [
        10.346212,
        49.818939
       ],
       [
        10.346134,
        49.818964
       ],
       [
        10.345556,
        49.819154
       ],
       [
        10.34544,
        49.819193
       ],
       [
        10.344709,
        49.819445
       ],
       [
        10.344468,
        49.819544
       ],
       [
        10.342561,
        49.820847
       ]
      ]
     ],
     [
      [
       [
        10.325539,
        49.57863
       ],
       [
        10.325369,
        49.58275
       ],
       [
        10.326381,
        49.583512
       ],
       [
        10.328442,
        49.585809
       ],
       [
        10.328561,
        49.586009
       ],
       [
        10.328611,
        49.586271
       ],
       [
        10.331634,
        49.587248
       ],
       [
        10.336817,
        49.592501
       ],
       [
        10.336207,
        49.595853
       ],
       [
        10.336687,
        49.602189
       ],
       [
        10.338666,
        49.606295
       ],
       [
        10.336902,
        49.611911
       ],
       [
        10.336787,
        49.612053
       ],
       [
        10.336117,
        49.615289
       ],
       [
        10.337188,
        49.617372
       ],
       [
        10.337933,
        49.617701
       ],
       [
        10.340123,
        49.619138
       ],
       [
        10.340712,
        49.619682
       ],
       [
        10.344302,
        49.622195
       ],
       [
        10.350883,
        49.625569
       ],
       [
        10.351702,
        49.625317
       ],
       [
        10.354117,
        49.624896
       ],
       [
        10.355217,
        49.624236
       ],
       [
        10.358005,
        49.62336
       ],
       [
        10.360329,
        49.61971
       ],
       [
        10.35906,
        49.615991
       ],
       [
        10.357975,
        49.615692
       ],
       [
        10.356099,
        49.614906
       ],
       [
        10.354967,
        49.614253
       ],
       [
        10.354681,
        49.614275
       ],
       [
        10.354476,
        49.614254
       ],
       [
        10.352668,
        49.613854
       ],
       [
        10.352525,
        49.613804
       ],
       [
        10.352056,
        49.613706
       ],
       [
        10.352057,
        49.613701
       ],
       [
        10.352054,
        49.613701
       ],
       [
        10.351961,
        49.613694
       ],
       [
        10.351754,
        49.613677
       ],
       [
        10.351439,
        49.613647
       ],
       [
        10.351078,
        49.613768
       ],
       [
        10.345604,
        49.611033
       ],
       [
        10.345219,
        49.61059
       ],
       [
        10.34326,
        49.605361
       ],
       [
        10.343938,
        49.603528
       ],
       [
        10.343677,
        49.59806
       ],
       [
        10.342933,
        49.597529
       ],
       [
        10.339587,
        49.591335
       ],
       [
        10.342383,
        49.585005
       ],
       [
        10.342617,
        49.581278
       ],
       [
        10.339029,
        49.57792
       ],
       [
        10.338917,
        49.577897
       ],
       [
        10.338592,
        49.577855
       ],
       [
        10.338593,
        49.57785
       ],
       [
        10.337762,
        49.577713
       ],
       [
        10.337643,
        49.577686
       ],
       [
        10.337177,
        49.577594
       ],
       [
        10.337172,
        49.577593
       ],
       [
        10.336957,
        49.577561
       ],
       [
        10.336415,
        49.577512
       ],
       [
        10.336034,
        49.577504
       ],
       [
        10.335593,
        49.577508
       ],
       [
        10.335592,
        49.577378
       ],
       [
        10.333412,
        49.577337
       ],
       [
        10.333367,
        49.577791
       ],
       [
        10.332859,
        49.577742
       ],
       [
        10.332435,
        49.5777
       ],
       [
        10.331427,
        49.577602
       ],
       [
        10.330908,
        49.577293
       ],
       [
        10.329079,
        49.577321
       ],
       [
        10.328177,
        49.577284
       ],
       [
        10.327527,
        49.57722
       ],
       [
        10.325539,
        49.57863
       ]
      ]
     ],
     [
      [
       [
        10.329387,
        49.847829
       ],
       [
        10.332434,
        49.848055
       ],
       [
        10.333769,
        49.847249
       ],
       [
        10.33465,
        49.843725
       ],
       [
        10.332582,
        49.841287
       ],
       [
        10.328836,
        49.841707
       ],
       [
        10.327624,
        49.843957
       ],
       [
        10.329387,
        49.847829
       ]
      ]
     ],
     [
      [
       [
        10.276404,
        50.057947
       ],
       [
        10.277431,
        50.060554
       ],
       [
        10.280051,
        50.061631
       ],
       [
        10.282957,
        50.060414
       ],
       [
        10.286227,
        50.060436
       ],
       [
        10.286228,
        50.059865
       ],
       [
        10.286605,
        50.059866
       ],
       [
        10.288089,
        50.060448
       ],
       [
        10.28923,
        50.060456
       ],
       [
        10.289394,
        50.060527
       ],
       [
        10.289394,
        50.060527
       ],
       [
        10.289796,
        50.060658
       ],
       [
        10.290178,
        50.060762
       ],
       [
        10.290178,
        50.060762
       ],
       [
        10.290286,
        50.060791
       ],
       [
        10.290411,
        50.060826
       ],
       [
        10.290655,
        50.060889
       ],
       [
        10.290801,
        50.060923
       ],
       [
        10.29098,
        50.060961
       ],
       [
        10.291085,
        50.060981
       ],
       [
        10.291085,
        50.060982
       ],
       [
        10.291278,
        50.061017
       ],
       [
        10.291596,
        50.06106
       ],
       [
        10.292003,
        50.06109
       ],
       [
        10.292291,
        50.061092
       ],
       [
        10.292363,
        50.06109
       ],
       [
        10.292542,
        50.061075
       ],
       [
        10.293635,
        50.060861
       ],
       [
        10.293774,
        50.060816
       ],
       [
        10.294558,
        50.060604
       ],
       [
        10.295865,
        50.06032
       ],
       [
        10.29683,
        50.060028
       ],
       [
        10.297048,
        50.059965
       ],
       [
        10.297257,
        50.059908
       ],
       [
        10.297669,
        50.059566
       ],
       [
        10.301721,
        50.057788
       ],
       [
        10.30222,
        50.057722
       ],
       [
        10.302274,
        50.057732
       ],
       [
        10.302689,
        50.057277
       ],
       [
        10.302746,
        50.057189
       ],
       [
        10.302791,
        50.057079
       ],
       [
        10.302871,
        50.056997
       ],
       [
        10.303119,
        50.056618
       ],
       [
        10.303194,
        50.056667
       ],
       [
        10.306983,
        50.052788
       ],
       [
        10.312979,
        50.052616
       ],
       [
        10.313087,
        50.052656
       ],
       [
        10.316367,
        50.051655
       ],
       [
        10.316591,
        50.05147
       ],
       [
        10.316632,
        50.051521
       ],
       [
        10.317766,
        50.050309
       ],
       [
        10.321909,
        50.047759
       ],
       [
        10.322465,
        50.043729
       ],
       [
        10.321348,
        50.042191
       ],
       [
        10.319431,
        50.041622
       ],
       [
        10.317496,
        50.042709
       ],
       [
        10.311806,
        50.043535
       ],
       [
        10.3117,
        50.043511
       ],
       [
        10.311672,
        50.043516
       ],
       [
        10.311178,
        50.043865
       ],
       [
        10.311086,
        50.044073
       ],
       [
        10.309181,
        50.046268
       ],
       [
        10.307396,
        50.04876
       ],
       [
        10.302431,
        50.05024
       ],
       [
        10.297343,
        50.050036
       ],
       [
        10.292629,
        50.051517
       ],
       [
        10.291064,
        50.051311
       ],
       [
        10.290951,
        50.051352
       ],
       [
        10.290662,
        50.051449
       ],
       [
        10.289913,
        50.051684
       ],
       [
        10.288188,
        50.053178
       ],
       [
        10.280464,
        50.054358
       ],
       [
        10.277473,
        50.055533
       ],
       [
        10.276404,
        50.057947
       ]
      ]
     ],
     [
      [
       [
        10.291057,
        50.061119
       ],
       [
        10.291058,
        50.061119
       ],
       [
        10.291063,
        50.061092
       ],
       [
        10.291057,
        50.061119
       ]
      ]
     ],
     [
      [
       [
        10.253045,
        50.056407
       ],
       [
        10.253679,
        50.056378
       ],
       [
        10.254498,
        50.056643
       ],
       [
        10.254912,
        50.056988
       ],
       [
        10.255701,
        50.057033
       ],
       [
        10.256647,
        50.057339
       ],
       [
        10.256758,
        50.057382
       ],
       [
        10.259925,
        50.055985
       ],
       [
        10.261003,
        50.05246
       ],
       [
        10.257671,
        50.0483
       ],
       [
        10.257613,
        50.048435
       ],
       [
        10.256125,
        50.047788
       ],
       [
        10.255646,
        50.04758
       ],
       [
        10.252169,
        50.047227
       ],
       [
        10.250578,
        50.04813
       ],
       [
        10.25033,
        50.049593
       ],
       [
        10.249567,
        50.052347
       ],
       [
        10.250951,
        50.053607
       ],
       [
        10.252702,
        50.056211
       ],
       [
        10.252876,
        50.056309
       ],
       [
        10.252909,
        50.056327
       ],
       [
        10.252908,
        50.05633
       ],
       [
        10.253045,
        50.056407
       ]
      ]
     ],
     [
      [
       [
        10.252073,
        49.798891
       ],
       [
        10.250613,
        49.802374
       ],
       [
        10.252641,
        49.805459
       ],
       [
        10.255142,
        49.805764
       ],
       [
        10.257351,
        49.804071
       ],
       [
        10.257668,
        49.80152
       ],
       [
        10.255536,
        49.798826
       ],
       [
        10.253356,
        49.798367
       ],
       [
        10.252073,
        49.798891
       ]
      ]
     ],
     [
      [
       [
        10.167673,
        49.391178
       ],
       [
        10.169339,
        49.392264
       ],
       [
        10.171724,
        49.392073
       ],
       [
        10.173724,
        49.390146
       ],
       [
        10.17411,
        49.385727
       ],
       [
        10.174516,
        49.385178
       ],
       [
        10.174448,
        49.383697
       ],
       [
        10.177478,
        49.379445
       ],
       [
        10.1815,
        49.376577
       ],
       [
        10.181736,
        49.373029
       ],
       [
        10.180596,
        49.371615
       ],
       [
        10.177911,
        49.370825
       ],
       [
        10.175805,
        49.3713
       ],
       [
        10.175534,
        49.371446
       ],
       [
        10.173644,
        49.372208
       ],
       [
        10.171596,
        49.375939
       ],
       [
        10.171548,
        49.376743
       ],
       [
        10.172065,
        49.378676
       ],
       [
        10.171303,
        49.380837
       ],
       [
        10.171241,
        49.381866
       ],
       [
        10.170819,
        49.382207
       ],
       [
        10.170491,
        49.383137
       ],
       [
        10.170296,
        49.383399
       ],
       [
        10.169898,
        49.383694
       ],
       [
        10.169761,
        49.384119
       ],
       [
        10.166917,
        49.387946
       ],
       [
        10.167673,
        49.391178
       ]
      ]
     ],
     [
      [
       [
        10.110315,
        49.453588
       ],
       [
        10.113474,
        49.453563
       ],
       [
        10.115816,
        49.454917
       ],
       [
        10.115482,
        49.455495
       ],
       [
        10.115748,
        49.455569
       ],
       [
        10.115824,
        49.455322
       ],
       [
        10.116123,
        49.455414
       ],
       [
        10.116388,
        49.45549
       ],
       [
        10.116516,
        49.455525
       ],
       [
        10.116618,
        49.455548
       ],
       [
        10.117591,
        49.455867
       ],
       [
        10.117868,
        49.455787
       ],
       [
        10.122111,
        49.456659
       ],
       [
        10.12651,
        49.456006
       ],
       [
        10.12836,
        49.454255
       ],
       [
        10.130591,
        49.449829
       ],
       [
        10.131243,
        49.449292
       ],
       [
        10.131722,
        49.448927
       ],
       [
        10.134625,
        49.446882
       ],
       [
        10.13523,
        49.445923
       ],
       [
        10.135263,
        49.444986
       ],
       [
        10.13577,
        49.442574
       ],
       [
        10.135744,
        49.441283
       ],
       [
        10.135682,
        49.441212
       ],
       [
        10.134032,
        49.439209
       ],
       [
        10.130862,
        49.438589
       ],
       [
        10.130479,
        49.438697
       ],
       [
        10.130549,
        49.43896
       ],
       [
        10.130455,
        49.438985
       ],
       [
        10.129921,
        49.439143
       ],
       [
        10.129842,
        49.438877
       ],
       [
        10.129618,
        49.43894
       ],
       [
        10.129709,
        49.439215
       ],
       [
        10.129423,
        49.439309
       ],
       [
        10.128867,
        49.439515
       ],
       [
        10.128851,
        49.439522
       ],
       [
        10.128666,
        49.439598
       ],
       [
        10.128141,
        49.439837
       ],
       [
        10.127918,
        49.439949
       ],
       [
        10.127608,
        49.440119
       ],
       [
        10.127509,
        49.440195
       ],
       [
        10.126722,
        49.440724
       ],
       [
        10.126678,
        49.44075
       ],
       [
        10.126364,
        49.440925
       ],
       [
        10.125643,
        49.441308
       ],
       [
        10.125316,
        49.441491
       ],
       [
        10.125309,
        49.441495
       ],
       [
        10.124882,
        49.441766
       ],
       [
        10.124877,
        49.44177
       ],
       [
        10.12418,
        49.442297
       ],
       [
        10.124113,
        49.442352
       ],
       [
        10.123927,
        49.442497
       ],
       [
        10.123752,
        49.44263
       ],
       [
        10.123615,
        49.442731
       ],
       [
        10.122359,
        49.443491
       ],
       [
        10.122163,
        49.443586
       ],
       [
        10.120914,
        49.444068
       ],
       [
        10.12001,
        49.444332
       ],
       [
        10.119956,
        49.444349
       ],
       [
        10.11928,
        49.444611
       ],
       [
        10.119239,
        49.444635
       ],
       [
        10.119194,
        49.444644
       ],
       [
        10.118722,
        49.444827
       ],
       [
        10.118691,
        49.444747
       ],
       [
        10.116752,
        49.445143
       ],
       [
        10.116832,
        49.445454
       ],
       [
        10.116715,
        49.445484
       ],
       [
        10.115958,
        49.445306
       ],
       [
        10.114124,
        49.44568
       ],
       [
        10.113798,
        49.445638
       ],
       [
        10.113905,
        49.444822
       ],
       [
        10.109481,
        49.443778
       ],
       [
        10.108588,
        49.443002
       ],
       [
        10.10805,
        49.442866
       ],
       [
        10.108007,
        49.442857
       ],
       [
        10.107049,
        49.442711
       ],
       [
        10.106721,
        49.442706
       ],
       [
        10.106134,
        49.44278
       ],
       [
        10.103198,
        49.444329
       ],
       [
        10.102791,
        49.444529
       ],
       [
        10.10191,
        49.444932
       ],
       [
        10.10099,
        49.447276
       ],
       [
        10.102043,
        49.450276
       ],
       [
        10.10345,
        49.451335
       ],
       [
        10.103619,
        49.451388
       ],
       [
        10.104012,
        49.451747
       ],
       [
        10.104691,
        49.451842
       ],
       [
        10.10599,
        49.452135
       ],
       [
        10.106845,
        49.452405
       ],
       [
        10.10743,
        49.452224
       ],
       [
        10.110446,
        49.452646
       ],
       [
        10.110315,
        49.453588
       ]
      ]
     ],
     [
      [
       [
        10.089472,
        49.899136
       ],
       [
        10.089485,
        49.89938
       ],
       [
        10.0895,
        49.899602
       ],
       [
        10.089694,
        49.899646
       ],
       [
        10.089646,
        49.899857
       ],
       [
        10.089518,
        49.899828
       ],
       [
        10.08957,
        49.900345
       ],
       [
        10.088951,
        49.903774
       ],
       [
        10.089786,
        49.906532
       ],
       [
        10.091924,
        49.907767
       ],
       [
        10.092121,
        49.907901
       ],
       [
        10.092341,
        49.908007
       ],
       [
        10.093363,
        49.908598
       ],
       [
        10.093372,
        49.908599
       ],
       [
        10.093743,
        49.908657
       ],
       [
        10.094273,
        49.90863
       ],
       [
        10.094692,
        49.908642
       ],
       [
        10.094995,
        49.908602
       ],
       [
        10.095016,
        49.908595
       ],
       [
        10.096584,
        49.908226
       ],
       [
        10.097045,
        49.908165
       ],
       [
        10.099352,
        49.906
       ],
       [
        10.099972,
        49.90443
       ],
       [
        10.100189,
        49.904516
       ],
       [
        10.100342,
        49.903914
       ],
       [
        10.099829,
        49.903755
       ],
       [
        10.100143,
        49.902741
       ],
       [
        10.100605,
        49.902884
       ],
       [
        10.100972,
        49.901448
       ],
       [
        10.101137,
        49.901234
       ],
       [
        10.101787,
        49.901736
       ],
       [
        10.10227,
        49.900644
       ],
       [
        10.102025,
        49.900534
       ],
       [
        10.10217,
        49.90021
       ],
       [
        10.102232,
        49.900061
       ],
       [
        10.102367,
        49.899651
       ],
       [
        10.101278,
        49.896162
       ],
       [
        10.097451,
        49.89391
       ],
       [
        10.09725,
        49.893855
       ],
       [
        10.097247,
        49.893864
       ],
       [
        10.097153,
        49.89383
       ],
       [
        10.095823,
        49.894085
       ],
       [
        10.09499,
        49.893879
       ],
       [
        10.094005,
        49.894277
       ],
       [
        10.092507,
        49.894719
       ],
       [
        10.091698,
        49.894873
       ],
       [
        10.091559,
        49.895179
       ],
       [
        10.089472,
        49.899136
       ]
      ]
     ],
     [
      [
       [
        10.084919,
        49.705631
       ],
       [
        10.08469,
        49.707016
       ],
       [
        10.08607,
        49.709093
       ],
       [
        10.087919,
        49.709533
       ],
       [
        10.091652,
        49.706268
       ],
       [
        10.091179,
        49.703854
       ],
       [
        10.089013,
        49.702812
       ],
       [
        10.084919,
        49.705631
       ]
      ]
     ],
     [
      [
       [
        10.050445,
        50.138983
       ],
       [
        10.048435,
        50.141444
       ],
       [
        10.049006,
        50.146448
       ],
       [
        10.049884,
        50.147748
       ],
       [
        10.049861,
        50.148929
       ],
       [
        10.05153,
        50.153186
       ],
       [
        10.053561,
        50.155009
       ],
       [
        10.053993,
        50.155013
       ],
       [
        10.057579,
        50.155896
       ],
       [
        10.057869,
        50.156045
       ],
       [
        10.058394,
        50.155984
       ],
       [
        10.062759,
        50.157072
       ],
       [
        10.065328,
        50.157169
       ],
       [
        10.068438,
        50.158096
       ],
       [
        10.068842,
        50.158062
       ],
       [
        10.072654,
        50.157455
       ],
       [
        10.074048,
        50.156118
       ],
       [
        10.074077,
        50.153974
       ],
       [
        10.076796,
        50.148076
       ],
       [
        10.079646,
        50.145572
       ],
       [
        10.079846,
        50.145448
       ],
       [
        10.081474,
        50.143133
       ],
       [
        10.080853,
        50.142815
       ],
       [
        10.081627,
        50.141301
       ],
       [
        10.083896,
        50.138583
       ],
       [
        10.084105,
        50.138425
       ],
       [
        10.08406,
        50.137567
       ],
       [
        10.084052,
        50.136949
       ],
       [
        10.084108,
        50.134777
       ],
       [
        10.082294,
        50.133101
       ],
       [
        10.077866,
        50.132888
       ],
       [
        10.077791,
        50.132881
       ],
       [
        10.076836,
        50.133301
       ],
       [
        10.076669,
        50.133314
       ],
       [
        10.07364,
        50.132969
       ],
       [
        10.070962,
        50.132125
       ],
       [
        10.069449,
        50.131471
       ],
       [
        10.068848,
        50.131133
       ],
       [
        10.068842,
        50.131129
       ],
       [
        10.067085,
        50.130904
       ],
       [
        10.066912,
        50.13085
       ],
       [
        10.066614,
        50.130614
       ],
       [
        10.066518,
        50.13062
       ],
       [
        10.065347,
        50.130954
       ],
       [
        10.064025,
        50.131775
       ],
       [
        10.063909,
        50.131884
       ],
       [
        10.063775,
        50.132004
       ],
       [
        10.063659,
        50.132134
       ],
       [
        10.063654,
        50.13213
       ],
       [
        10.063616,
        50.13218
       ],
       [
        10.063436,
        50.132355
       ],
       [
        10.063425,
        50.132344
       ],
       [
        10.061971,
        50.133916
       ],
       [
        10.061654,
        50.134122
       ],
       [
        10.060595,
        50.134383
       ],
       [
        10.057983,
        50.135866
       ],
       [
        10.057944,
        50.135873
       ],
       [
        10.057638,
        50.135939
       ],
       [
        10.05716,
        50.136051
       ],
       [
        10.056488,
        50.13624
       ],
       [
        10.056464,
        50.136248
       ],
       [
        10.056076,
        50.136376
       ],
       [
        10.056029,
        50.136392
       ],
       [
        10.05547,
        50.136599
       ],
       [
        10.055312,
        50.136665
       ],
       [
        10.054991,
        50.13679
       ],
       [
        10.05478,
        50.136867
       ],
       [
        10.054621,
        50.136932
       ],
       [
        10.053934,
        50.137255
       ],
       [
        10.053906,
        50.13727
       ],
       [
        10.053477,
        50.137513
       ],
       [
        10.053293,
        50.137625
       ],
       [
        10.053239,
        50.137535
       ],
       [
        10.050445,
        50.138983
       ]
      ]
     ],
     [
      [
       [
        10.057157,
        49.893741
       ],
       [
        10.058088,
        49.895968
       ],
       [
        10.061836,
        49.897671
       ],
       [
        10.062518,
        49.897706
       ],
       [
        10.066389,
        49.896479
       ],
       [
        10.067559,
        49.894481
       ],
       [
        10.066807,
        49.891612
       ],
       [
        10.062809,
        49.889547
       ],
       [
        10.062389,
        49.889523
       ],
       [
        10.058246,
        49.891085
       ],
       [
        10.057157,
        49.893741
       ]
      ]
     ],
     [
      [
       [
        10.03241,
        49.793355
       ],
       [
        10.03279,
        49.793987
       ],
       [
        10.033522,
        49.797858
       ],
       [
        10.037065,
        49.800166
       ],
       [
        10.036812,
        49.800554
       ],
       [
        10.037848,
        49.800964
       ],
       [
        10.0406,
        49.801175
       ],
       [
        10.042212,
        49.800169
       ],
       [
        10.043016,
        49.796345
       ],
       [
        10.04232,
        49.795629
       ],
       [
        10.040674,
        49.786975
       ],
       [
        10.041191,
        49.785735
       ],
       [
        10.038946,
        49.782304
       ],
       [
        10.036849,
        49.781982
       ],
       [
        10.034899,
        49.782905
       ],
       [
        10.033571,
        49.785313
       ],
       [
        10.033774,
        49.786448
       ],
       [
        10.03252,
        49.789892
       ],
       [
        10.033413,
        49.790137
       ],
       [
        10.032637,
        49.792964
       ],
       [
        10.03241,
        49.793355
       ]
      ]
     ],
     [
      [
       [
        9.919357,
        49.506129
       ],
       [
        9.919455,
        49.506128
       ],
       [
        9.921661,
        49.507053
       ],
       [
        9.921852,
        49.507063
       ],
       [
        9.923356,
        49.507259
       ],
       [
        9.924877,
        49.507098
       ],
       [
        9.925001,
        49.507064
       ],
       [
        9.925908,
        49.506871
       ],
       [
        9.92611,
        49.50684
       ],
       [
        9.926124,
        49.506838
       ],
       [
        9.927869,
        49.506575
       ],
       [
        9.927871,
        49.506585
       ],
       [
        9.928022,
        49.506551
       ],
       [
        9.928328,
        49.50651
       ],
       [
        9.929447,
        49.506441
       ],
       [
        9.929641,
        49.506442
       ],
       [
        9.932472,
        49.506985
       ],
       [
        9.932947,
        49.507169
       ],
       [
        9.934428,
        49.50757
       ],
       [
        9.934579,
        49.507588
       ],
       [
        9.934879,
        49.507594
       ],
       [
        9.936277,
        49.507372
       ],
       [
        9.936821,
        49.507161
       ],
       [
        9.937594,
        49.506644
       ],
       [
        9.945226,
        49.505956
       ],
       [
        9.945836,
        49.506221
       ],
       [
        9.946176,
        49.506335
       ],
       [
        9.946542,
        49.506429
       ],
       [
        9.947159,
        49.506541
       ],
       [
        9.947158,
        49.506543
       ],
       [
        9.947547,
        49.506614
       ],
       [
        9.948107,
        49.506738
       ],
       [
        9.948162,
        49.506748
       ],
       [
        9.948297,
        49.506773
       ],
       [
        9.948418,
        49.506794
       ],
       [
        9.951226,
        49.507886
       ],
       [
        9.95124,
        49.507862
       ],
       [
        9.951758,
        49.508173
       ],
       [
        9.951938,
        49.508273
       ],
       [
        9.952415,
        49.508562
       ],
       [
        9.952942,
        49.508908
       ],
       [
        9.95302,
        49.50896
       ],
       [
        9.953285,
        49.509137
       ],
       [
        9.95331,
        49.509142
       ],
       [
        9.953733,
        49.509416
       ],
       [
        9.955103,
        49.51
       ],
       [
        9.955422,
        49.510083
       ],
       [
        9.955433,
        49.510086
       ],
       [
        9.957865,
        49.511066
       ],
       [
        9.957867,
        49.511068
       ],
       [
        9.958275,
        49.51117
       ],
       [
        9.958277,
        49.511164
       ],
       [
        9.958369,
        49.511192
       ],
       [
        9.958398,
        49.511201
       ],
       [
        9.958398,
        49.511201
       ],
       [
        9.9584,
        49.511202
       ],
       [
        9.958443,
        49.511215
       ],
       [
        9.958451,
        49.511218
       ],
       [
        9.958775,
        49.511309
       ],
       [
        9.959822,
        49.511482
       ],
       [
        9.960194,
        49.511502
       ],
       [
        9.960966,
        49.511744
       ],
       [
        9.962679,
        49.511719
       ],
       [
        9.964154,
        49.511942
       ],
       [
        9.965712,
        49.510829
       ],
       [
        9.966386,
        49.509826
       ],
       [
        9.971801,
        49.506385
       ],
       [
        9.976035,
        49.507507
       ],
       [
        9.976123,
        49.507226
       ],
       [
        9.977321,
        49.507599
       ],
       [
        9.97725,
        49.507829
       ],
       [
        9.978003,
        49.508029
       ],
       [
        9.978296,
        49.508262
       ],
       [
        9.978553,
        49.50828
       ],
       [
        9.97928,
        49.508605
       ],
       [
        9.979659,
        49.508718
       ],
       [
        9.979644,
        49.508768
       ],
       [
        9.983322,
        49.510411
       ],
       [
        9.983565,
        49.507745
       ],
       [
        9.983679,
        49.507496
       ],
       [
        9.984869,
        49.505637
       ],
       [
        9.984979,
        49.505509
       ],
       [
        9.98519,
        49.505272
       ],
       [
        9.985273,
        49.505183
       ],
       [
        9.985404,
        49.505305
       ],
       [
        9.985889,
        49.504698
       ],
       [
        9.985774,
        49.504608
       ],
       [
        9.986277,
        49.503967
       ],
       [
        9.987054,
        49.502542
       ],
       [
        9.987258,
        49.500068
       ],
       [
        9.986637,
        49.498495
       ],
       [
        9.986529,
        49.498375
       ],
       [
        9.986394,
        49.498336
       ],
       [
        9.984453,
        49.497028
       ],
       [
        9.978925,
        49.497573
       ],
       [
        9.978672,
        49.497708
       ],
       [
        9.978658,
        49.497716
       ],
       [
        9.978448,
        49.497834
       ],
       [
        9.978085,
        49.498031
       ],
       [
        9.977603,
        49.498315
       ],
       [
        9.97735,
        49.498477
       ],
       [
        9.977137,
        49.498142
       ],
       [
        9.976843,
        49.498317
       ],
       [
        9.976706,
        49.498525
       ],
       [
        9.976834,
        49.498698
       ],
       [
        9.976366,
        49.499043
       ],
       [
        9.975419,
        49.500482
       ],
       [
        9.969922,
        49.503998
       ],
       [
        9.963878,
        49.502317
       ],
       [
        9.963843,
        49.502369
       ],
       [
        9.963683,
        49.502263
       ],
       [
        9.963635,
        49.50225
       ],
       [
        9.963523,
        49.502157
       ],
       [
        9.962503,
        49.501481
       ],
       [
        9.962152,
        49.501305
       ],
       [
        9.962049,
        49.501257
       ],
       [
        9.961794,
        49.501142
       ],
       [
        9.960839,
        49.500731
       ],
       [
        9.960252,
        49.5005
       ],
       [
        9.960144,
        49.500459
       ],
       [
        9.960039,
        49.500417
       ],
       [
        9.959772,
        49.500304
       ],
       [
        9.959483,
        49.500175
       ],
       [
        9.959206,
        49.500045
       ],
       [
        9.959,
        49.499944
       ],
       [
        9.958875,
        49.499884
       ],
       [
        9.958714,
        49.499808
       ],
       [
        9.958516,
        49.499719
       ],
       [
        9.957544,
        49.499358
       ],
       [
        9.957578,
        49.499265
       ],
       [
        9.956617,
        49.49865
       ],
       [
        9.956165,
        49.498625
       ],
       [
        9.952746,
        49.497637
       ],
       [
        9.95196,
        49.497201
       ],
       [
        9.951822,
        49.497148
       ],
       [
        9.951799,
        49.49714
       ],
       [
        9.951608,
        49.497074
       ],
       [
        9.95102,
        49.496881
       ],
       [
        9.950527,
        49.496736
       ],
       [
        9.950502,
        49.496729
       ],
       [
        9.949331,
        49.496325
       ],
       [
        9.948996,
        49.49618
       ],
       [
        9.948523,
        49.495993
       ],
       [
        9.947932,
        49.49578
       ],
       [
        9.947422,
        49.495596
       ],
       [
        9.947184,
        49.495506
       ],
       [
        9.94701,
        49.495437
       ],
       [
        9.946822,
        49.495359
       ],
       [
        9.946759,
        49.495332
       ],
       [
        9.946651,
        49.495286
       ],
       [
        9.946261,
        49.495113
       ],
       [
        9.946067,
        49.495031
       ],
       [
        9.945743,
        49.494903
       ],
       [
        9.945732,
        49.494899
       ],
       [
        9.94547,
        49.494812
       ],
       [
        9.945326,
        49.494762
       ],
       [
        9.945094,
        49.49468
       ],
       [
        9.944705,
        49.494553
       ],
       [
        9.944339,
        49.494443
       ],
       [
        9.94411,
        49.49438
       ],
       [
        9.94301,
        49.494606
       ],
       [
        9.942855,
        49.494616
       ],
       [
        9.942163,
        49.494726
       ],
       [
        9.941899,
        49.494787
       ],
       [
        9.941864,
        49.494796
       ],
       [
        9.941212,
        49.494997
       ],
       [
        9.940756,
        49.495182
       ],
       [
        9.940605,
        49.49525
       ],
       [
        9.939066,
        49.496279
       ],
       [
        9.938842,
        49.496348
       ],
       [
        9.934006,
        49.496322
       ],
       [
        9.933826,
        49.496264
       ],
       [
        9.933217,
        49.496093
       ],
       [
        9.933081,
        49.496056
       ],
       [
        9.933034,
        49.496044
       ],
       [
        9.93108,
        49.495244
       ],
       [
        9.930679,
        49.495014
       ],
       [
        9.929407,
        49.49514
       ],
       [
        9.929274,
        49.495155
       ],
       [
        9.929262,
        49.495156
       ],
       [
        9.929112,
        49.495178
       ],
       [
        9.927771,
        49.495536
       ],
       [
        9.927254,
        49.495727
       ],
       [
        9.925127,
        49.496196
       ],
       [
        9.924689,
        49.496231
       ],
       [
        9.924666,
        49.496233
       ],
       [
        9.92422,
        49.496292
       ],
       [
        9.924079,
        49.496314
       ],
       [
        9.923933,
        49.496339
       ],
       [
        9.923261,
        49.496459
       ],
       [
        9.92302,
        49.496506
       ],
       [
        9.921738,
        49.496776
       ],
       [
        9.921285,
        49.496886
       ],
       [
        9.921043,
        49.496951
       ],
       [
        9.920966,
        49.496973
       ],
       [
        9.920661,
        49.497059
       ],
       [
        9.919918,
        49.49731
       ],
       [
        9.919397,
        49.497514
       ],
       [
        9.918611,
        49.497873
       ],
       [
        9.918551,
        49.497904
       ],
       [
        9.918059,
        49.498162
       ],
       [
        9.918059,
        49.498162
       ],
       [
        9.916122,
        49.501208
       ],
       [
        9.916381,
        49.503161
       ],
       [
        9.916882,
        49.503533
       ],
       [
        9.918719,
        49.505819
       ],
       [
        9.919278,
        49.506053
       ],
       [
        9.919357,
        49.506129
       ]
      ]
     ],
     [
      [
       [
        9.991423,
        49.519071
       ],
       [
        9.991145,
        49.519082
       ],
       [
        9.986047,
        49.517499
       ],
       [
        9.985588,
        49.516812
       ],
       [
        9.984621,
        49.520717
       ],
       [
        9.983622,
        49.522205
       ],
       [
        9.98377,
        49.524486
       ],
       [
        9.985379,
        49.526321
       ],
       [
        9.991165,
        49.52604
       ],
       [
        9.991469,
        49.525413
       ],
       [
        9.996401,
        49.521797
       ],
       [
        9.99229,
        49.519944
       ],
       [
        9.991423,
        49.519071
       ]
      ]
     ],
     [
      [
       [
        9.999449,
        49.521674
       ],
       [
        10.004566,
        49.523493
       ],
       [
        10.005656,
        49.524682
       ],
       [
        10.007675,
        49.524986
       ],
       [
        10.010333,
        49.52305
       ],
       [
        10.010542,
        49.519699
       ],
       [
        10.00883,
        49.517844
       ],
       [
        10.006614,
        49.517648
       ],
       [
        10.002945,
        49.520566
       ],
       [
        9.999449,
        49.521674
       ]
      ]
     ],
     [
      [
       [
        9.975427,
        50.119146
       ],
       [
        9.973497,
        50.120892
       ],
       [
        9.973128,
        50.1232
       ],
       [
        9.975258,
        50.126934
       ],
       [
        9.975382,
        50.127315
       ],
       [
        9.976137,
        50.128061
       ],
       [
        9.97737,
        50.132969
       ],
       [
        9.978042,
        50.134393
       ],
       [
        9.97831,
        50.135717
       ],
       [
        9.979521,
        50.137528
       ],
       [
        9.979606,
        50.137708
       ],
       [
        9.979713,
        50.137984
       ],
       [
        9.979876,
        50.138098
       ],
       [
        9.981636,
        50.138855
       ],
       [
        9.981903,
        50.139051
       ],
       [
        9.982484,
        50.138937
       ],
       [
        9.98544,
        50.138912
       ],
       [
        9.986497,
        50.139084
       ],
       [
        9.99023,
        50.137682
       ],
       [
        9.993566,
        50.13743
       ],
       [
        9.995509,
        50.135186
       ],
       [
        9.995123,
        50.132116
       ],
       [
        9.993397,
        50.130699
       ],
       [
        9.98794,
        50.128349
       ],
       [
        9.987317,
        50.126731
       ],
       [
        9.981892,
        50.122351
       ],
       [
        9.981665,
        50.122087
       ],
       [
        9.981342,
        50.121908
       ],
       [
        9.981024,
        50.12165
       ],
       [
        9.979956,
        50.120295
       ],
       [
        9.977478,
        50.118944
       ],
       [
        9.975427,
        50.119146
       ]
      ]
     ],
     [
      [
       [
        9.942618,
        49.861395
       ],
       [
        9.942775,
        49.862878
       ],
       [
        9.942763,
        49.862976
       ],
       [
        9.944308,
        49.865826
       ],
       [
        9.944659,
        49.865833
       ],
       [
        9.946394,
        49.866209
       ],
       [
        9.947484,
        49.866107
       ],
       [
        9.95035,
        49.866331
       ],
       [
        9.950546,
        49.866424
       ],
       [
        9.951268,
        49.866403
       ],
       [
        9.952767,
        49.866521
       ],
       [
        9.956912,
        49.864214
       ],
       [
        9.961662,
        49.859466
       ],
       [
        9.968407,
        49.860066
       ],
       [
        9.969756,
        49.860849
       ],
       [
        9.973527,
        49.859727
       ],
       [
        9.973842,
        49.858913
       ],
       [
        9.974323,
        49.857887
       ],
       [
        9.975081,
        49.856533
       ],
       [
        9.974672,
        49.853762
       ],
       [
        9.974079,
        49.852812
       ],
       [
        9.973655,
        49.852554
       ],
       [
        9.97227,
        49.85239
       ],
       [
        9.971846,
        49.852247
       ],
       [
        9.966845,
        49.847268
       ],
       [
        9.967574,
        49.841511
       ],
       [
        9.966805,
        49.837357
       ],
       [
        9.963906,
        49.835532
       ],
       [
        9.961082,
        49.836389
       ],
       [
        9.959641,
        49.838679
       ],
       [
        9.961057,
        49.84495
       ],
       [
        9.962196,
        49.846542
       ],
       [
        9.960229,
        49.853263
       ],
       [
        9.953725,
        49.855861
       ],
       [
        9.949845,
        49.855576
       ],
       [
        9.946543,
        49.856991
       ],
       [
        9.946432,
        49.857143
       ],
       [
        9.944818,
        49.858685
       ],
       [
        9.944859,
        49.858735
       ],
       [
        9.943736,
        49.859645
       ],
       [
        9.942618,
        49.861395
       ]
      ]
     ],
     [
      [
       [
        9.838605,
        50.132711
       ],
       [
        9.839927,
        50.134666
       ],
       [
        9.843935,
        50.135633
       ],
       [
        9.844396,
        50.135801
       ],
       [
        9.846939,
        50.134504
       ],
       [
        9.848043,
        50.134397
       ],
       [
        9.848139,
        50.132797
       ],
       [
        9.846976,
        50.129368
       ],
       [
        9.843228,
        50.12773
       ],
       [
        9.842599,
        50.127771
       ],
       [
        9.839201,
        50.129742
       ],
       [
        9.838605,
        50.132711
       ]
      ]
     ],
     [
      [
       [
        9.858931,
        50.141963
       ],
       [
        9.858258,
        50.142388
       ],
       [
        9.858407,
        50.143255
       ],
       [
        9.85764,
        50.146954
       ],
       [
        9.857702,
        50.147083
       ],
       [
        9.858438,
        50.148959
       ],
       [
        9.861683,
        50.14996
       ],
       [
        9.86196,
        50.150094
       ],
       [
        9.862248,
        50.150135
       ],
       [
        9.863995,
        50.150674
       ],
       [
        9.869094,
        50.146115
       ],
       [
        9.869271,
        50.145961
       ],
       [
        9.869952,
        50.145387
       ],
       [
        9.870305,
        50.144302
       ],
       [
        9.87517,
        50.141424
       ],
       [
        9.880724,
        50.14248
       ],
       [
        9.880806,
        50.142531
       ],
       [
        9.88133,
        50.142824
       ],
       [
        9.881595,
        50.14296
       ],
       [
        9.881693,
        50.14301
       ],
       [
        9.8818,
        50.143063
       ],
       [
        9.882112,
        50.143215
       ],
       [
        9.882058,
        50.143328
       ],
       [
        9.883042,
        50.143772
       ],
       [
        9.886164,
        50.144466
       ],
       [
        9.886342,
        50.144479
       ],
       [
        9.887682,
        50.145142
       ],
       [
        9.889078,
        50.145446
       ],
       [
        9.889206,
        50.145526
       ],
       [
        9.88958,
        50.145775
       ],
       [
        9.889731,
        50.145883
       ],
       [
        9.889588,
        50.146085
       ],
       [
        9.891522,
        50.147042
       ],
       [
        9.891538,
        50.147021
       ],
       [
        9.891542,
        50.147024
       ],
       [
        9.891564,
        50.147001
       ],
       [
        9.891602,
        50.147036
       ],
       [
        9.891717,
        50.147138
       ],
       [
        9.891743,
        50.147151
       ],
       [
        9.891786,
        50.147199
       ],
       [
        9.891807,
        50.147218
       ],
       [
        9.892549,
        50.147761
       ],
       [
        9.892714,
        50.147863
       ],
       [
        9.892863,
        50.14795
       ],
       [
        9.893215,
        50.148142
       ],
       [
        9.893284,
        50.148175
       ],
       [
        9.896886,
        50.151582
       ],
       [
        9.897906,
        50.153456
       ],
       [
        9.898343,
        50.153731
       ],
       [
        9.898362,
        50.153741
       ],
       [
        9.902116,
        50.154843
       ],
       [
        9.902384,
        50.154856
       ],
       [
        9.902645,
        50.154873
       ],
       [
        9.902725,
        50.15488
       ],
       [
        9.90317,
        50.154929
       ],
       [
        9.903703,
        50.155002
       ],
       [
        9.907169,
        50.153689
       ],
       [
        9.908968,
        50.150499
       ],
       [
        9.914191,
        50.146622
       ],
       [
        9.920568,
        50.147906
       ],
       [
        9.924324,
        50.150573
       ],
       [
        9.924809,
        50.151261
       ],
       [
        9.926519,
        50.152571
       ],
       [
        9.928198,
        50.15459
       ],
       [
        9.930918,
        50.155195
       ],
       [
        9.935977,
        50.152311
       ],
       [
        9.937199,
        50.150639
       ],
       [
        9.943281,
        50.149717
       ],
       [
        9.948219,
        50.153384
       ],
       [
        9.95033,
        50.156925
       ],
       [
        9.951495,
        50.157523
       ],
       [
        9.952977,
        50.157533
       ],
       [
        9.954406,
        50.157671
       ],
       [
        9.954452,
        50.15768
       ],
       [
        9.955083,
        50.157547
       ],
       [
        9.957442,
        50.155844
       ],
       [
        9.957475,
        50.155561
       ],
       [
        9.957857,
        50.154408
       ],
       [
        9.957827,
        50.152536
       ],
       [
        9.957879,
        50.152087
       ],
       [
        9.957771,
        50.151852
       ],
       [
        9.955572,
        50.149797
       ],
       [
        9.955455,
        50.149809
       ],
       [
        9.955224,
        50.149758
       ],
       [
        9.954495,
        50.149246
       ],
       [
        9.953729,
        50.149111
       ],
       [
        9.953519,
        50.149001
       ],
       [
        9.953688,
        50.148679
       ],
       [
        9.950208,
        50.146237
       ],
       [
        9.949156,
        50.140199
       ],
       [
        9.949346,
        50.139353
       ],
       [
        9.948857,
        50.13854
       ],
       [
        9.942017,
        50.136121
       ],
       [
        9.939487,
        50.13466
       ],
       [
        9.938647,
        50.133941
       ],
       [
        9.937102,
        50.132166
       ],
       [
        9.936908,
        50.131861
       ],
       [
        9.936822,
        50.130777
       ],
       [
        9.936145,
        50.130949
       ],
       [
        9.934775,
        50.130845
       ],
       [
        9.933964,
        50.131137
       ],
       [
        9.929176,
        50.131333
       ],
       [
        9.925135,
        50.128758
       ],
       [
        9.92499,
        50.128585
       ],
       [
        9.923736,
        50.126343
       ],
       [
        9.920746,
        50.124652
       ],
       [
        9.919892,
        50.124726
       ],
       [
        9.916349,
        50.123082
       ],
       [
        9.916155,
        50.123668
       ],
       [
        9.915169,
        50.123341
       ],
       [
        9.911179,
        50.120401
       ],
       [
        9.908992,
        50.117342
       ],
       [
        9.907055,
        50.11597
       ],
       [
        9.906286,
        50.113227
       ],
       [
        9.905623,
        50.114712
       ],
       [
        9.900683,
        50.117104
       ],
       [
        9.89987,
        50.117186
       ],
       [
        9.899634,
        50.117226
       ],
       [
        9.898582,
        50.117331
       ],
       [
        9.898406,
        50.117336
       ],
       [
        9.898029,
        50.117358
       ],
       [
        9.898009,
        50.117359
       ],
       [
        9.897506,
        50.117413
       ],
       [
        9.897502,
        50.117381
       ],
       [
        9.894322,
        50.117125
       ],
       [
        9.894214,
        50.117092
       ],
       [
        9.893011,
        50.116493
       ],
       [
        9.891984,
        50.116338
       ],
       [
        9.891225,
        50.116552
       ],
       [
        9.891022,
        50.116755
       ],
       [
        9.88915,
        50.117605
       ],
       [
        9.889119,
        50.117682
       ],
       [
        9.888595,
        50.11867
       ],
       [
        9.887173,
        50.12059
       ],
       [
        9.887117,
        50.120647
       ],
       [
        9.884557,
        50.121335
       ],
       [
        9.884789,
        50.121723
       ],
       [
        9.882449,
        50.123124
       ],
       [
        9.87949,
        50.123532
       ],
       [
        9.878688,
        50.128731
       ],
       [
        9.87651,
        50.133095
       ],
       [
        9.874332,
        50.135329
       ],
       [
        9.872482,
        50.139328
       ],
       [
        9.865898,
        50.141066
       ],
       [
        9.864805,
        50.140866
       ],
       [
        9.864753,
        50.140856
       ],
       [
        9.858931,
        50.141963
       ]
      ]
     ],
     [
      [
       [
        9.907154,
        50.107255
       ],
       [
        9.907733,
        50.105916
       ],
       [
        9.911261,
        50.10212
       ],
       [
        9.911347,
        50.099704
       ],
       [
        9.910163,
        50.098231
       ],
       [
        9.905812,
        50.098046
       ],
       [
        9.904542,
        50.099361
       ],
       [
        9.904379,
        50.101744
       ],
       [
        9.906338,
        50.104425
       ],
       [
        9.907154,
        50.107255
       ]
      ]
     ],
     [
      [
       [
        9.942961,
        50.119549
       ],
       [
        9.947805,
        50.118667
       ],
       [
        9.949446,
        50.116417
       ],
       [
        9.948971,
        50.113789
       ],
       [
        9.950539,
        50.10744
       ],
       [
        9.951569,
        50.106122
       ],
       [
        9.950801,
        50.103237
       ],
       [
        9.948306,
        50.102797
       ],
       [
        9.94569,
        50.101291
       ],
       [
        9.945669,
        50.101338
       ],
       [
        9.945281,
        50.101163
       ],
       [
        9.939737,
        50.10093
       ],
       [
        9.937096,
        50.102184
       ],
       [
        9.936959,
        50.102213
       ],
       [
        9.935709,
        50.103804
       ],
       [
        9.936093,
        50.106949
       ],
       [
        9.937866,
        50.108089
       ],
       [
        9.941305,
        50.112888
       ],
       [
        9.942961,
        50.119549
       ]
      ]
     ],
     [
      [
       [
        9.873136,
        50.101706
       ],
       [
        9.872171,
        50.101823
       ],
       [
        9.868855,
        50.102011
       ],
       [
        9.868686,
        50.10206
       ],
       [
        9.868692,
        50.102086
       ],
       [
        9.868605,
        50.102106
       ],
       [
        9.868175,
        50.102203
       ],
       [
        9.868052,
        50.10223
       ],
       [
        9.867762,
        50.102291
       ],
       [
        9.867747,
        50.102294
       ],
       [
        9.867744,
        50.102295
       ],
       [
        9.861982,
        50.101315
       ],
       [
        9.855407,
        50.097353
       ],
       [
        9.855404,
        50.097353
       ],
       [
        9.852047,
        50.099447
       ],
       [
        9.851873,
        50.100185
       ],
       [
        9.850216,
        50.103151
       ],
       [
        9.850364,
        50.103259
       ],
       [
        9.849552,
        50.104369
       ],
       [
        9.848948,
        50.105742
       ],
       [
        9.848936,
        50.105796
       ],
       [
        9.849084,
        50.108411
       ],
       [
        9.849392,
        50.108946
       ],
       [
        9.85069,
        50.109257
       ],
       [
        9.853011,
        50.110219
       ],
       [
        9.85442,
        50.111084
       ],
       [
        9.855156,
        50.111061
       ],
       [
        9.855704,
        50.111139
       ],
       [
        9.85642,
        50.111063
       ],
       [
        9.856634,
        50.11106
       ],
       [
        9.857151,
        50.111025
       ],
       [
        9.857649,
        50.110957
       ],
       [
        9.857867,
        50.110917
       ],
       [
        9.857931,
        50.110904
       ],
       [
        9.858004,
        50.110888
       ],
       [
        9.864515,
        50.112967
       ],
       [
        9.867978,
        50.113457
       ],
       [
        9.868325,
        50.113514
       ],
       [
        9.869053,
        50.11365
       ],
       [
        9.869549,
        50.113522
       ],
       [
        9.869609,
        50.113754
       ],
       [
        9.870233,
        50.113871
       ],
       [
        9.870738,
        50.113766
       ],
       [
        9.870869,
        50.113348
       ],
       [
        9.872413,
        50.110554
       ],
       [
        9.874136,
        50.108531
       ],
       [
        9.874652,
        50.107981
       ],
       [
        9.874983,
        50.107537
       ],
       [
        9.875089,
        50.107412
       ],
       [
        9.875151,
        50.10697
       ],
       [
        9.875371,
        50.10637
       ],
       [
        9.875343,
        50.105605
       ],
       [
        9.875472,
        50.104687
       ],
       [
        9.875034,
        50.10375
       ],
       [
        9.873951,
        50.102747
       ],
       [
        9.873136,
        50.101706
       ]
      ]
     ],
     [
      [
       [
        9.89357,
        49.965178
       ],
       [
        9.894405,
        49.96514
       ],
       [
        9.899643,
        49.966786
       ],
       [
        9.901763,
        49.968413
       ],
       [
        9.902624,
        49.968323
       ],
       [
        9.910397,
        49.972291
       ],
       [
        9.911667,
        49.974501
       ],
       [
        9.913881,
        49.975252
       ],
       [
        9.915065,
        49.975105
       ],
       [
        9.921495,
        49.977178
       ],
       [
        9.923792,
        49.97931
       ],
       [
        9.925079,
        49.979937
       ],
       [
        9.925002,
        49.980095
       ],
       [
        9.929039,
        49.983182
       ],
       [
        9.934499,
        49.984096
       ],
       [
        9.937273,
        49.983352
       ],
       [
        9.93923,
        49.983604
       ],
       [
        9.941678,
        49.982917
       ],
       [
        9.942352,
        49.981614
       ],
       [
        9.943029,
        49.98092
       ],
       [
        9.943159,
        49.980515
       ],
       [
        9.94336,
        49.98058
       ],
       [
        9.943405,
        49.980535
       ],
       [
        9.943646,
        49.979116
       ],
       [
        9.944035,
        49.978364
       ],
       [
        9.9432,
        49.975861
       ],
       [
        9.939864,
        49.973842
       ],
       [
        9.939812,
        49.973833
       ],
       [
        9.938147,
        49.974291
       ],
       [
        9.930686,
        49.972534
       ],
       [
        9.925646,
        49.968016
       ],
       [
        9.925671,
        49.967989
       ],
       [
        9.923017,
        49.967393
       ],
       [
        9.921569,
        49.966919
       ],
       [
        9.920373,
        49.966397
       ],
       [
        9.919861,
        49.966558
       ],
       [
        9.915956,
        49.966481
       ],
       [
        9.915914,
        49.966741
       ],
       [
        9.914771,
        49.966556
       ],
       [
        9.914376,
        49.966525
       ],
       [
        9.913835,
        49.966498
       ],
       [
        9.913319,
        49.966488
       ],
       [
        9.913299,
        49.966488
       ],
       [
        9.913295,
        49.966201
       ],
       [
        9.911128,
        49.966431
       ],
       [
        9.906734,
        49.963736
       ],
       [
        9.905836,
        49.962654
       ],
       [
        9.904584,
        49.954527
       ],
       [
        9.907054,
        49.948467
       ],
       [
        9.906274,
        49.946428
       ],
       [
        9.904538,
        49.945423
       ],
       [
        9.901319,
        49.946292
       ],
       [
        9.89871,
        49.952256
       ],
       [
        9.895538,
        49.955885
       ],
       [
        9.890555,
        49.958915
       ],
       [
        9.889999,
        49.96145
       ],
       [
        9.892296,
        49.964861
       ],
       [
        9.892736,
        49.965011
       ],
       [
        9.893249,
        49.965131
       ],
       [
        9.89357,
        49.965178
       ]
      ]
     ],
     [
      [
       [
        9.788729,
        50.040703
       ],
       [
        9.788693,
        50.044561
       ],
       [
        9.791432,
        50.046654
       ],
       [
        9.79335,
        50.046359
       ],
       [
        9.795052,
        50.044478
       ],
       [
        9.794945,
        50.041832
       ],
       [
        9.797792,
        50.035383
       ],
       [
        9.801499,
        50.032268
       ],
       [
        9.802377,
        50.030511
       ],
       [
        9.805498,
        50.027205
       ],
       [
        9.805983,
        50.022408
       ],
       [
        9.805657,
        50.020483
       ],
       [
        9.809104,
        50.015518
       ],
       [
        9.811166,
        50.014178
       ],
       [
        9.811806,
        50.009358
       ],
       [
        9.812282,
        50.007508
       ],
       [
        9.812532,
        50.006867
       ],
       [
        9.813055,
        50.005775
       ],
       [
        9.814716,
        50.002894
       ],
       [
        9.814955,
        50.000643
       ],
       [
        9.815314,
        49.999723
       ],
       [
        9.820604,
        49.994924
       ],
       [
        9.82121,
        49.994754
       ],
       [
        9.824235,
        49.994577
       ],
       [
        9.824236,
        49.994543
       ],
       [
        9.82439,
        49.994549
       ],
       [
        9.826478,
        49.993467
       ],
       [
        9.827958,
        49.992878
       ],
       [
        9.828091,
        49.99284
       ],
       [
        9.828151,
        49.992589
       ],
       [
        9.828763,
        49.991243
       ],
       [
        9.828879,
        49.989919
       ],
       [
        9.828979,
        49.989309
       ],
       [
        9.828916,
        49.98917
       ],
       [
        9.828632,
        49.987957
       ],
       [
        9.828528,
        49.987703
       ],
       [
        9.82834,
        49.987328
       ],
       [
        9.8278,
        49.986534
       ],
       [
        9.825842,
        49.98507
       ],
       [
        9.825411,
        49.984895
       ],
       [
        9.824325,
        49.984713
       ],
       [
        9.821771,
        49.98382
       ],
       [
        9.821658,
        49.983758
       ],
       [
        9.821051,
        49.98364
       ],
       [
        9.820761,
        49.983748
       ],
       [
        9.818576,
        49.984191
       ],
       [
        9.818579,
        49.984226
       ],
       [
        9.818352,
        49.984245
       ],
       [
        9.818014,
        49.984281
       ],
       [
        9.817455,
        49.984381
       ],
       [
        9.817094,
        49.984471
       ],
       [
        9.816872,
        49.984534
       ],
       [
        9.816775,
        49.984561
       ],
       [
        9.816698,
        49.984584
       ],
       [
        9.816167,
        49.984762
       ],
       [
        9.815339,
        49.984992
       ],
       [
        9.815206,
        49.985021
       ],
       [
        9.815199,
        49.985026
       ],
       [
        9.814946,
        49.985083
       ],
       [
        9.813883,
        49.985477
       ],
       [
        9.813398,
        49.985755
       ],
       [
        9.812822,
        49.986213
       ],
       [
        9.812325,
        49.986774
       ],
       [
        9.8117,
        49.992841
       ],
       [
        9.812073,
        49.995035
       ],
       [
        9.808128,
        50.00012
       ],
       [
        9.806831,
        50.000824
       ],
       [
        9.805524,
        50.002568
       ],
       [
        9.805249,
        50.002361
       ],
       [
        9.804641,
        50.003634
       ],
       [
        9.799628,
        50.005893
       ],
       [
        9.798636,
        50.005965
       ],
       [
        9.797722,
        50.006153
       ],
       [
        9.797596,
        50.006188
       ],
       [
        9.797136,
        50.006331
       ],
       [
        9.796915,
        50.006408
       ],
       [
        9.796669,
        50.006497
       ],
       [
        9.796388,
        50.006604
       ],
       [
        9.796083,
        50.006728
       ],
       [
        9.795868,
        50.00682
       ],
       [
        9.795564,
        50.006958
       ],
       [
        9.795527,
        50.006976
       ],
       [
        9.795293,
        50.007081
       ],
       [
        9.7951,
        50.007422
       ],
       [
        9.793447,
        50.009242
       ],
       [
        9.793323,
        50.009814
       ],
       [
        9.792462,
        50.012075
       ],
       [
        9.792222,
        50.012499
       ],
       [
        9.792272,
        50.013398
       ],
       [
        9.790685,
        50.018922
       ],
       [
        9.790487,
        50.01934
       ],
       [
        9.790442,
        50.01977
       ],
       [
        9.790147,
        50.020795
       ],
       [
        9.790301,
        50.021264
       ],
       [
        9.790348,
        50.021346
       ],
       [
        9.7905,
        50.021578
       ],
       [
        9.790563,
        50.021671
       ],
       [
        9.790604,
        50.021729
       ],
       [
        9.790763,
        50.021956
       ],
       [
        9.790472,
        50.02216
       ],
       [
        9.791613,
        50.02352
       ],
       [
        9.791936,
        50.023326
       ],
       [
        9.792454,
        50.02419
       ],
       [
        9.792541,
        50.024626
       ],
       [
        9.79256,
        50.024649
       ],
       [
        9.79267,
        50.025031
       ],
       [
        9.792623,
        50.025045
       ],
       [
        9.793506,
        50.0295
       ],
       [
        9.792746,
        50.034537
       ],
       [
        9.790387,
        50.039105
       ],
       [
        9.788729,
        50.040703
       ]
      ]
     ],
     [
      [
       [
        9.794808,
        50.065214
       ],
       [
        9.794735,
        50.065294
       ],
       [
        9.79461,
        50.06544
       ],
       [
        9.794435,
        50.065689
       ],
       [
        9.793747,
        50.068534
       ],
       [
        9.794785,
        50.071339
       ],
       [
        9.795391,
        50.071926
       ],
       [
        9.795667,
        50.072097
       ],
       [
        9.795855,
        50.072184
       ],
       [
        9.799642,
        50.072318
       ],
       [
        9.802339,
        50.070454
       ],
       [
        9.806183,
        50.069067
       ],
       [
        9.810445,
        50.068691
       ],
       [
        9.810806,
        50.06798
       ],
       [
        9.812799,
        50.06626
       ],
       [
        9.812341,
        50.062188
       ],
       [
        9.810809,
        50.060963
       ],
       [
        9.808536,
        50.060785
       ],
       [
        9.806359,
        50.062554
       ],
       [
        9.800716,
        50.063211
       ],
       [
        9.794808,
        50.065214
       ]
      ]
     ],
     [
      [
       [
        9.687748,
        49.794013
       ],
       [
        9.688912,
        49.795238
       ],
       [
        9.693388,
        49.796221
       ],
       [
        9.69333,
        49.796484
       ],
       [
        9.697843,
        49.79805
       ],
       [
        9.700309,
        49.803392
       ],
       [
        9.702536,
        49.805155
       ],
       [
        9.706552,
        49.804113
       ],
       [
        9.706779,
        49.800905
       ],
       [
        9.706817,
        49.800836
       ],
       [
        9.706791,
        49.800745
       ],
       [
        9.706811,
        49.800458
       ],
       [
        9.701948,
        49.796306
       ],
       [
        9.699258,
        49.791579
       ],
       [
        9.699027,
        49.79024
       ],
       [
        9.696085,
        49.787809
       ],
       [
        9.695482,
        49.787925
       ],
       [
        9.691494,
        49.787639
       ],
       [
        9.689065,
        49.789287
       ],
       [
        9.688223,
        49.789776
       ],
       [
        9.688067,
        49.789965
       ],
       [
        9.687813,
        49.790138
       ],
       [
        9.687748,
        49.794013
       ]
      ]
     ],
     [
      [
       [
        9.724865,
        49.797306
       ],
       [
        9.724261,
        49.798062
       ],
       [
        9.723644,
        49.800956
       ],
       [
        9.723495,
        49.801301
       ],
       [
        9.724232,
        49.804265
       ],
       [
        9.724225,
        49.804916
       ],
       [
        9.725258,
        49.808195
       ],
       [
        9.725095,
        49.809062
       ],
       [
        9.725157,
        49.809541
       ],
       [
        9.726926,
        49.812198
       ],
       [
        9.729868,
        49.813198
       ],
       [
        9.732567,
        49.812877
       ],
       [
        9.73626,
        49.813168
       ],
       [
        9.736475,
        49.813015
       ],
       [
        9.738719,
        49.811753
       ],
       [
        9.738723,
        49.811747
       ],
       [
        9.738947,
        49.808161
       ],
       [
        9.738265,
        49.80738
       ],
       [
        9.736309,
        49.802685
       ],
       [
        9.736114,
        49.799951
       ],
       [
        9.733688,
        49.797284
       ],
       [
        9.732982,
        49.796971
       ],
       [
        9.731844,
        49.796575
       ],
       [
        9.731864,
        49.796518
       ],
       [
        9.731154,
        49.796629
       ],
       [
        9.729105,
        49.796346
       ],
       [
        9.729102,
        49.796447
       ],
       [
        9.728987,
        49.796444
       ],
       [
        9.728614,
        49.796279
       ],
       [
        9.727434,
        49.796116
       ],
       [
        9.726502,
        49.796603
       ],
       [
        9.725627,
        49.796902
       ],
       [
        9.724865,
        49.797306
       ]
      ]
     ],
     [
      [
       [
        9.756904,
        49.813969
       ],
       [
        9.755345,
        49.81611
       ],
       [
        9.755214,
        49.818759
       ],
       [
        9.755251,
        49.818796
       ],
       [
        9.757487,
        49.82159
       ],
       [
        9.757552,
        49.82162
       ],
       [
        9.761019,
        49.821156
       ],
       [
        9.762707,
        49.819389
       ],
       [
        9.76256,
        49.81554
       ],
       [
        9.759473,
        49.813399
       ],
       [
        9.756904,
        49.813969
       ]
      ]
     ],
     [
      [
       [
        9.744903,
        50.031586
       ],
       [
        9.746346,
        50.033541
       ],
       [
        9.748871,
        50.034329
       ],
       [
        9.753663,
        50.033367
       ],
       [
        9.7543,
        50.033459
       ],
       [
        9.757032,
        50.031521
       ],
       [
        9.757319,
        50.02797
       ],
       [
        9.755503,
        50.02633
       ],
       [
        9.750546,
        50.025913
       ],
       [
        9.750566,
        50.025676
       ],
       [
        9.749086,
        50.026041
       ],
       [
        9.748521,
        50.025924
       ],
       [
        9.745464,
        50.027733
       ],
       [
        9.744903,
        50.031586
       ]
      ]
     ],
     [
      [
       [
        9.690816,
        50.052147
       ],
       [
        9.6906,
        50.05231
       ],
       [
        9.69039,
        50.052869
       ],
       [
        9.689419,
        50.053905
       ],
       [
        9.689285,
        50.056284
       ],
       [
        9.690325,
        50.057679
       ],
       [
        9.695577,
        50.057642
       ],
       [
        9.696652,
        50.055248
       ],
       [
        9.694851,
        50.052089
       ],
       [
        9.692612,
        50.05155
       ],
       [
        9.69155,
        50.052093
       ],
       [
        9.690816,
        50.052147
       ]
      ]
     ],
     [
      [
       [
        9.605882,
        49.809668
       ],
       [
        9.605701,
        49.810462
       ],
       [
        9.605912,
        49.811493
       ],
       [
        9.605963,
        49.811767
       ],
       [
        9.606431,
        49.814546
       ],
       [
        9.607554,
        49.815353
       ],
       [
        9.607999,
        49.815697
       ],
       [
        9.609435,
        49.816891
       ],
       [
        9.612158,
        49.82144
       ],
       [
        9.611438,
        49.826693
       ],
       [
        9.609946,
        49.828109
       ],
       [
        9.609412,
        49.830067
       ],
       [
        9.609276,
        49.830388
       ],
       [
        9.60928,
        49.830551
       ],
       [
        9.608358,
        49.833936
       ],
       [
        9.608144,
        49.833878
       ],
       [
        9.60814,
        49.8341
       ],
       [
        9.608463,
        49.834126
       ],
       [
        9.608284,
        49.836351
       ],
       [
        9.608198,
        49.836665
       ],
       [
        9.608185,
        49.836867
       ],
       [
        9.608227,
        49.837131
       ],
       [
        9.608121,
        49.838561
       ],
       [
        9.608348,
        49.839278
       ],
       [
        9.608787,
        49.839788
       ],
       [
        9.608841,
        49.839916
       ],
       [
        9.610409,
        49.841348
       ],
       [
        9.611553,
        49.841809
       ],
       [
        9.611847,
        49.841861
       ],
       [
        9.613537,
        49.841887
       ],
       [
        9.613571,
        49.841885
       ],
       [
        9.613604,
        49.841886
       ],
       [
        9.614619,
        49.841964
       ],
       [
        9.614692,
        49.841974
       ],
       [
        9.614969,
        49.842019
       ],
       [
        9.615121,
        49.842046
       ],
       [
        9.615672,
        49.842143
       ],
       [
        9.615794,
        49.842166
       ],
       [
        9.616541,
        49.842311
       ],
       [
        9.616634,
        49.842328
       ],
       [
        9.617062,
        49.842406
       ],
       [
        9.617163,
        49.842422
       ],
       [
        9.619161,
        49.842492
       ],
       [
        9.619159,
        49.842556
       ],
       [
        9.620498,
        49.84267
       ],
       [
        9.620504,
        49.842635
       ],
       [
        9.621044,
        49.842723
       ],
       [
        9.621421,
        49.842784
       ],
       [
        9.62179,
        49.842836
       ],
       [
        9.622372,
        49.842903
       ],
       [
        9.622699,
        49.842934
       ],
       [
        9.623236,
        49.842974
       ],
       [
        9.623737,
        49.842995
       ],
       [
        9.624478,
        49.843003
       ],
       [
        9.629893,
        49.839674
       ],
       [
        9.630933,
        49.837988
       ],
       [
        9.631012,
        49.837931
       ],
       [
        9.633036,
        49.834375
       ],
       [
        9.633627,
        49.83382
       ],
       [
        9.635442,
        49.830063
       ],
       [
        9.635434,
        49.830024
       ],
       [
        9.63612,
        49.824686
       ],
       [
        9.640034,
        49.82099
       ],
       [
        9.641009,
        49.820563
       ],
       [
        9.645334,
        49.820206
       ],
       [
        9.645342,
        49.820068
       ],
       [
        9.646665,
        49.820145
       ],
       [
        9.647288,
        49.820091
       ],
       [
        9.647582,
        49.820036
       ],
       [
        9.647677,
        49.820016
       ],
       [
        9.648016,
        49.819946
       ],
       [
        9.648074,
        49.819935
       ],
       [
        9.648924,
        49.819767
       ],
       [
        9.649191,
        49.819713
       ],
       [
        9.649623,
        49.819638
       ],
       [
        9.649625,
        49.819637
       ],
       [
        9.649949,
        49.819637
       ],
       [
        9.654588,
        49.81866
       ],
       [
        9.656377,
        49.816351
       ],
       [
        9.655783,
        49.812514
       ],
       [
        9.650048,
        49.809305
       ],
       [
        9.646779,
        49.807779
       ],
       [
        9.644546,
        49.802479
       ],
       [
        9.644507,
        49.801197
       ],
       [
        9.642769,
        49.799034
       ],
       [
        9.642424,
        49.794494
       ],
       [
        9.641106,
        49.793529
       ],
       [
        9.640969,
        49.793477
       ],
       [
        9.637475,
        49.790854
       ],
       [
        9.635465,
        49.788213
       ],
       [
        9.634748,
        49.78786
       ],
       [
        9.634073,
        49.787429
       ],
       [
        9.634054,
        49.787461
       ],
       [
        9.63186,
        49.786124
       ],
       [
        9.631516,
        49.785998
       ],
       [
        9.631379,
        49.785952
       ],
       [
        9.630878,
        49.785799
       ],
       [
        9.630621,
        49.78573
       ],
       [
        9.630277,
        49.785646
       ],
       [
        9.63009,
        49.785604
       ],
       [
        9.628935,
        49.785922
       ],
       [
        9.628696,
        49.78596
       ],
       [
        9.625837,
        49.785504
       ],
       [
        9.625802,
        49.785683
       ],
       [
        9.623277,
        49.785188
       ],
       [
        9.621085,
        49.783912
       ],
       [
        9.620214,
        49.784005
       ],
       [
        9.620161,
        49.784228
       ],
       [
        9.620057,
        49.784203
       ],
       [
        9.619848,
        49.784045
       ],
       [
        9.619578,
        49.784074
       ],
       [
        9.61945,
        49.784037
       ],
       [
        9.619079,
        49.783745
       ],
       [
        9.61825,
        49.783767
       ],
       [
        9.618002,
        49.783662
       ],
       [
        9.617566,
        49.783264
       ],
       [
        9.617132,
        49.783292
       ],
       [
        9.616936,
        49.783209
       ],
       [
        9.615024,
        49.78367
       ],
       [
        9.613058,
        49.787003
       ],
       [
        9.615825,
        49.793017
       ],
       [
        9.6158,
        49.793209
       ],
       [
        9.617874,
        49.796912
       ],
       [
        9.615694,
        49.803124
       ],
       [
        9.611571,
        49.804796
       ],
       [
        9.61171,
        49.805286
       ],
       [
        9.611406,
        49.805372
       ],
       [
        9.611257,
        49.805414
       ],
       [
        9.609836,
        49.805633
       ],
       [
        9.605882,
        49.809668
       ]
      ]
     ],
     [
      [
       [
        9.655793,
        49.789742
       ],
       [
        9.659313,
        49.792566
       ],
       [
        9.664319,
        49.7908
       ],
       [
        9.665197,
        49.788718
       ],
       [
        9.664542,
        49.786463
       ],
       [
        9.661409,
        49.784293
       ],
       [
        9.661252,
        49.78425
       ],
       [
        9.661062,
        49.784209
       ],
       [
        9.657394,
        49.784838
       ],
       [
        9.655867,
        49.786577
       ],
       [
        9.655988,
        49.789287
       ],
       [
        9.655793,
        49.789742
       ]
      ]
     ],
     [
      [
       [
        9.649481,
        49.71002
       ],
       [
        9.649341,
        49.713298
       ],
       [
        9.652182,
        49.715455
       ],
       [
        9.653994,
        49.715141
       ],
       [
        9.655799,
        49.713085
       ],
       [
        9.655875,
        49.712138
       ],
       [
        9.652061,
        49.708399
       ],
       [
        9.650398,
        49.708719
       ],
       [
        9.649481,
        49.71002
       ]
      ]
     ],
     [
      [
       [
        9.520995,
        49.766414
       ],
       [
        9.522347,
        49.768276
       ],
       [
        9.523642,
        49.768629
       ],
       [
        9.524676,
        49.769234
       ],
       [
        9.525494,
        49.769409
       ],
       [
        9.52547,
        49.769523
       ],
       [
        9.529082,
        49.771239
       ],
       [
        9.529117,
        49.771192
       ],
       [
        9.529353,
        49.771368
       ],
       [
        9.5294,
        49.771391
       ],
       [
        9.529476,
        49.771461
       ],
       [
        9.529478,
        49.771462
       ],
       [
        9.52968,
        49.771618
       ],
       [
        9.529755,
        49.771675
       ],
       [
        9.529848,
        49.771744
       ],
       [
        9.531218,
        49.772568
       ],
       [
        9.531612,
        49.772742
       ],
       [
        9.531756,
        49.772803
       ],
       [
        9.532092,
        49.772943
       ],
       [
        9.532411,
        49.773068
       ],
       [
        9.532817,
        49.773218
       ],
       [
        9.532855,
        49.773232
       ],
       [
        9.533384,
        49.773429
       ],
       [
        9.533713,
        49.773551
       ],
       [
        9.533847,
        49.773601
       ],
       [
        9.533899,
        49.773621
       ],
       [
        9.534319,
        49.773772
       ],
       [
        9.534565,
        49.773852
       ],
       [
        9.534915,
        49.773955
       ],
       [
        9.535767,
        49.774125
       ],
       [
        9.535785,
        49.774127
       ],
       [
        9.538037,
        49.773785
       ],
       [
        9.539139,
        49.773806
       ],
       [
        9.541532,
        49.771577
       ],
       [
        9.541415,
        49.770949
       ],
       [
        9.541314,
        49.768721
       ],
       [
        9.541316,
        49.768701
       ],
       [
        9.541167,
        49.768373
       ],
       [
        9.54074,
        49.767021
       ],
       [
        9.540423,
        49.766716
       ],
       [
        9.539735,
        49.76631
       ],
       [
        9.538997,
        49.766
       ],
       [
        9.538804,
        49.765932
       ],
       [
        9.538805,
        49.76593
       ],
       [
        9.538215,
        49.765687
       ],
       [
        9.538213,
        49.765693
       ],
       [
        9.537443,
        49.765362
       ],
       [
        9.53681,
        49.765122
       ],
       [
        9.536341,
        49.764926
       ],
       [
        9.536237,
        49.764879
       ],
       [
        9.536132,
        49.764832
       ],
       [
        9.535599,
        49.764599
       ],
       [
        9.53535,
        49.764472
       ],
       [
        9.534286,
        49.764474
       ],
       [
        9.532581,
        49.763803
       ],
       [
        9.531469,
        49.763263
       ],
       [
        9.526521,
        49.760365
       ],
       [
        9.526258,
        49.760391
       ],
       [
        9.526058,
        49.760416
       ],
       [
        9.525846,
        49.760444
       ],
       [
        9.52547,
        49.760499
       ],
       [
        9.521485,
        49.76301
       ],
       [
        9.520995,
        49.766414
       ]
      ]
     ],
     [
      [
       [
        9.37562,
        49.785664
       ],
       [
        9.376117,
        49.787169
       ],
       [
        9.376245,
        49.788152
       ],
       [
        9.377451,
        49.788979
       ],
       [
        9.379077,
        49.790471
       ],
       [
        9.379157,
        49.790505
       ],
       [
        9.37994,
        49.790854
       ],
       [
        9.384241,
        49.791621
       ],
       [
        9.384901,
        49.791221
       ],
       [
        9.385792,
        49.7908
       ],
       [
        9.385779,
        49.790772
       ],
       [
        9.386645,
        49.790368
       ],
       [
        9.386947,
        49.790148
       ],
       [
        9.387316,
        49.789907
       ],
       [
        9.387825,
        49.789533
       ],
       [
        9.38881,
        49.788489
       ],
       [
        9.389173,
        49.787716
       ],
       [
        9.388734,
        49.786518
       ],
       [
        9.388321,
        49.783819
       ],
       [
        9.38694,
        49.781617
       ],
       [
        9.38691,
        49.781537
       ],
       [
        9.386655,
        49.781401
       ],
       [
        9.38634,
        49.781289
       ],
       [
        9.386109,
        49.781325
       ],
       [
        9.385665,
        49.78125
       ],
       [
        9.383637,
        49.780384
       ],
       [
        9.383467,
        49.780413
       ],
       [
        9.380045,
        49.779708
       ],
       [
        9.377073,
        49.781124
       ],
       [
        9.376322,
        49.784053
       ],
       [
        9.37562,
        49.785664
       ]
      ]
     ],
     [
      [
       [
        9.332521,
        49.70002
       ],
       [
        9.330264,
        49.702468
       ],
       [
        9.329646,
        49.703049
       ],
       [
        9.329558,
        49.703235
       ],
       [
        9.329385,
        49.703422
       ],
       [
        9.329474,
        49.706742
       ],
       [
        9.330461,
        49.707873
       ],
       [
        9.336423,
        49.707623
       ],
       [
        9.337609,
        49.706611
       ],
       [
        9.340419,
        49.704822
       ],
       [
        9.34089,
        49.701564
       ],
       [
        9.339605,
        49.699792
       ],
       [
        9.337296,
        49.699173
       ],
       [
        9.332521,
        49.70002
       ]
      ]
     ],
     [
      [
       [
        9.182567,
        49.745433
       ],
       [
        9.182562,
        49.74545
       ],
       [
        9.182548,
        49.745504
       ],
       [
        9.18244,
        49.745911
       ],
       [
        9.182318,
        49.745879
       ],
       [
        9.182363,
        49.746857
       ],
       [
        9.182211,
        49.747242
       ],
       [
        9.182214,
        49.747899
       ],
       [
        9.18228,
        49.748305
       ],
       [
        9.184131,
        49.75113
       ],
       [
        9.187208,
        49.752212
       ],
       [
        9.190571,
        49.750329
       ],
       [
        9.19072,
        49.749803
       ],
       [
        9.191077,
        49.749419
       ],
       [
        9.191499,
        49.747794
       ],
       [
        9.192807,
        49.746075
       ],
       [
        9.193997,
        49.743886
       ],
       [
        9.193714,
        49.743717
       ],
       [
        9.193859,
        49.743473
       ],
       [
        9.194387,
        49.743169
       ],
       [
        9.194984,
        49.742071
       ],
       [
        9.195423,
        49.7417
       ],
       [
        9.19564,
        49.741956
       ],
       [
        9.196119,
        49.741736
       ],
       [
        9.196207,
        49.741633
       ],
       [
        9.196407,
        49.741488
       ],
       [
        9.197052,
        49.740729
       ],
       [
        9.197155,
        49.740688
       ],
       [
        9.197148,
        49.740676
       ],
       [
        9.19736,
        49.740551
       ],
       [
        9.197387,
        49.740596
       ],
       [
        9.197862,
        49.740409
       ],
       [
        9.197835,
        49.740383
       ],
       [
        9.197912,
        49.740303
       ],
       [
        9.197877,
        49.740244
       ],
       [
        9.198044,
        49.740145
       ],
       [
        9.198052,
        49.740158
       ],
       [
        9.198661,
        49.739525
       ],
       [
        9.201056,
        49.737816
       ],
       [
        9.201257,
        49.737722
       ],
       [
        9.204939,
        49.736984
       ],
       [
        9.205918,
        49.737022
       ],
       [
        9.20738,
        49.73652
       ],
       [
        9.208404,
        49.737104
       ],
       [
        9.20843,
        49.736957
       ],
       [
        9.209828,
        49.737209
       ],
       [
        9.210155,
        49.737399
       ],
       [
        9.210893,
        49.737401
       ],
       [
        9.214326,
        49.73802
       ],
       [
        9.215178,
        49.738408
       ],
       [
        9.216356,
        49.738137
       ],
       [
        9.218286,
        49.737935
       ],
       [
        9.219211,
        49.73795
       ],
       [
        9.220966,
        49.737077
       ],
       [
        9.221766,
        49.736892
       ],
       [
        9.221943,
        49.736521
       ],
       [
        9.227427,
        49.732155
       ],
       [
        9.228418,
        49.731934
       ],
       [
        9.229178,
        49.730977
       ],
       [
        9.233783,
        49.728126
       ],
       [
        9.239149,
        49.728861
       ],
       [
        9.242817,
        49.732847
       ],
       [
        9.243105,
        49.738255
       ],
       [
        9.242603,
        49.739925
       ],
       [
        9.243995,
        49.743005
       ],
       [
        9.246222,
        49.744322
       ],
       [
        9.248016,
        49.74422
       ],
       [
        9.250695,
        49.741261
       ],
       [
        9.249753,
        49.737216
       ],
       [
        9.245872,
        49.734336
       ],
       [
        9.24585,
        49.734302
       ],
       [
        9.244687,
        49.728824
       ],
       [
        9.247401,
        49.723925
       ],
       [
        9.247596,
        49.723758
       ],
       [
        9.250003,
        49.722342
       ],
       [
        9.250443,
        49.722178
       ],
       [
        9.255636,
        49.722045
       ],
       [
        9.258266,
        49.723986
       ],
       [
        9.262445,
        49.725105
       ],
       [
        9.267741,
        49.721375
       ],
       [
        9.267776,
        49.721289
       ],
       [
        9.26828,
        49.720996
       ],
       [
        9.269188,
        49.720356
       ],
       [
        9.269244,
        49.720434
       ],
       [
        9.272235,
        49.718693
       ],
       [
        9.277351,
        49.719359
       ],
       [
        9.279018,
        49.72018
       ],
       [
        9.282556,
        49.719113
       ],
       [
        9.283263,
        49.719016
       ],
       [
        9.283974,
        49.718685
       ],
       [
        9.284386,
        49.718561
       ],
       [
        9.284991,
        49.718031
       ],
       [
        9.285934,
        49.718061
       ],
       [
        9.287009,
        49.717667
       ],
       [
        9.288257,
        49.717766
       ],
       [
        9.288258,
        49.71772
       ],
       [
        9.288493,
        49.717726
       ],
       [
        9.288491,
        49.717784
       ],
       [
        9.289447,
        49.71786
       ],
       [
        9.289406,
        49.717398
       ],
       [
        9.291869,
        49.717181
       ],
       [
        9.292096,
        49.717191
       ],
       [
        9.292477,
        49.717127
       ],
       [
        9.292716,
        49.717106
       ],
       [
        9.293238,
        49.717172
       ],
       [
        9.293513,
        49.717036
       ],
       [
        9.294072,
        49.716987
       ],
       [
        9.294081,
        49.71699
       ],
       [
        9.29409,
        49.716985
       ],
       [
        9.294147,
        49.71698
       ],
       [
        9.295774,
        49.71709
       ],
       [
        9.296983,
        49.716587
       ],
       [
        9.297159,
        49.716556
       ],
       [
        9.297254,
        49.716538
       ],
       [
        9.297422,
        49.716505
       ],
       [
        9.297523,
        49.717027
       ],
       [
        9.299524,
        49.716221
       ],
       [
        9.300413,
        49.71629
       ],
       [
        9.302608,
        49.716776
       ],
       [
        9.302794,
        49.716846
       ],
       [
        9.304592,
        49.716636
       ],
       [
        9.30465,
        49.716636
       ],
       [
        9.305681,
        49.716459
       ],
       [
        9.30586,
        49.716408
       ],
       [
        9.306143,
        49.71632
       ],
       [
        9.306164,
        49.716314
       ],
       [
        9.307128,
        49.71594
       ],
       [
        9.307759,
        49.71575
       ],
       [
        9.308231,
        49.715219
       ],
       [
        9.308533,
        49.714904
       ],
       [
        9.308531,
        49.714902
       ],
       [
        9.308535,
        49.714899
       ],
       [
        9.308794,
        49.714615
       ],
       [
        9.30911,
        49.714229
       ],
       [
        9.309948,
        49.713286
       ],
       [
        9.31009,
        49.712391
       ],
       [
        9.309986,
        49.711147
       ],
       [
        9.310004,
        49.710952
       ],
       [
        9.309494,
        49.709198
       ],
       [
        9.309072,
        49.708561
       ],
       [
        9.307855,
        49.707486
       ],
       [
        9.307094,
        49.707069
       ],
       [
        9.30702,
        49.707036
       ],
       [
        9.306929,
        49.706996
       ],
       [
        9.305949,
        49.706571
       ],
       [
        9.305578,
        49.706412
       ],
       [
        9.304758,
        49.706151
       ],
       [
        9.304253,
        49.70605
       ],
       [
        9.304227,
        49.706046
       ],
       [
        9.304097,
        49.706027
       ],
       [
        9.30381,
        49.705987
       ],
       [
        9.303563,
        49.705958
       ],
       [
        9.301602,
        49.705472
       ],
       [
        9.301045,
        49.705256
       ],
       [
        9.300957,
        49.705209
       ],
       [
        9.297786,
        49.705031
       ],
       [
        9.297782,
        49.705222
       ],
       [
        9.297568,
        49.705218
       ],
       [
        9.296344,
        49.704951
       ],
       [
        9.295452,
        49.704901
       ],
       [
        9.294886,
        49.704632
       ],
       [
        9.294521,
        49.704553
       ],
       [
        9.294093,
        49.704366
       ],
       [
        9.292798,
        49.704368
       ],
       [
        9.292743,
        49.704347
       ],
       [
        9.292343,
        49.70421
       ],
       [
        9.291665,
        49.703997
       ],
       [
        9.291411,
        49.703922
       ],
       [
        9.291198,
        49.703862
       ],
       [
        9.290749,
        49.703751
       ],
       [
        9.29069,
        49.703738
       ],
       [
        9.289836,
        49.703603
       ],
       [
        9.28544,
        49.701364
       ],
       [
        9.284676,
        49.699871
       ],
       [
        9.28464,
        49.699848
       ],
       [
        9.284587,
        49.699696
       ],
       [
        9.283823,
        49.698204
       ],
       [
        9.283675,
        49.69827
       ],
       [
        9.283617,
        49.698141
       ],
       [
        9.283759,
        49.698078
       ],
       [
        9.283458,
        49.697491
       ],
       [
        9.282529,
        49.696922
       ],
       [
        9.279828,
        49.694917
       ],
       [
        9.278733,
        49.695253
       ],
       [
        9.278198,
        49.695398
       ],
       [
        9.276743,
        49.695736
       ],
       [
        9.276068,
        49.696574
       ],
       [
        9.275472,
        49.696881
       ],
       [
        9.275383,
        49.697037
       ],
       [
        9.275387,
        49.697041
       ],
       [
        9.275373,
        49.697056
       ],
       [
        9.27464,
        49.698348
       ],
       [
        9.274604,
        49.698394
       ],
       [
        9.274216,
        49.699793
       ],
       [
        9.27259,
        49.702728
       ],
       [
        9.2671,
        49.706708
       ],
       [
        9.260526,
        49.705043
       ],
       [
        9.25852,
        49.703402
       ],
       [
        9.254744,
        49.703494
       ],
       [
        9.252057,
        49.707125
       ],
       [
        9.249037,
        49.709603
       ],
       [
        9.248124,
        49.710034
       ],
       [
        9.246486,
        49.710306
       ],
       [
        9.244572,
        49.711305
       ],
       [
        9.243844,
        49.711528
       ],
       [
        9.242753,
        49.712255
       ],
       [
        9.242074,
        49.712609
       ],
       [
        9.24217,
        49.712701
       ],
       [
        9.242062,
        49.712814
       ],
       [
        9.241927,
        49.712686
       ],
       [
        9.241901,
        49.7127
       ],
       [
        9.242027,
        49.71284
       ],
       [
        9.241933,
        49.712924
       ],
       [
        9.241786,
        49.712759
       ],
       [
        9.241349,
        49.712988
       ],
       [
        9.241104,
        49.713271
       ],
       [
        9.241295,
        49.71349
       ],
       [
        9.241216,
        49.713559
       ],
       [
        9.241034,
        49.713351
       ],
       [
        9.24047,
        49.714002
       ],
       [
        9.240586,
        49.714126
       ],
       [
        9.24043,
        49.714272
       ],
       [
        9.239427,
        49.714795
       ],
       [
        9.23948,
        49.714864
       ],
       [
        9.239395,
        49.714929
       ],
       [
        9.239131,
        49.714995
       ],
       [
        9.238631,
        49.715496
       ],
       [
        9.238412,
        49.71558
       ],
       [
        9.238247,
        49.715645
       ],
       [
        9.238157,
        49.715682
       ],
       [
        9.238132,
        49.715623
       ],
       [
        9.238113,
        49.715637
       ],
       [
        9.237591,
        49.715752
       ],
       [
        9.236642,
        49.716247
       ],
       [
        9.236496,
        49.716279
       ],
       [
        9.236312,
        49.716318
       ],
       [
        9.236254,
        49.716049
       ],
       [
        9.235802,
        49.716149
       ],
       [
        9.235848,
        49.716402
       ],
       [
        9.235689,
        49.716431
       ],
       [
        9.235644,
        49.716184
       ],
       [
        9.234838,
        49.716363
       ],
       [
        9.234719,
        49.716445
       ],
       [
        9.234015,
        49.716545
       ],
       [
        9.233229,
        49.716719
       ],
       [
        9.233243,
        49.716813
       ],
       [
        9.233097,
        49.716835
       ],
       [
        9.232861,
        49.716873
       ],
       [
        9.232817,
        49.716881
       ],
       [
        9.232805,
        49.716813
       ],
       [
        9.231903,
        49.717013
       ],
       [
        9.231404,
        49.716917
       ],
       [
        9.231365,
        49.716922
       ],
       [
        9.231204,
        49.717083
       ],
       [
        9.230974,
        49.717157
       ],
       [
        9.230997,
        49.717249
       ],
       [
        9.230893,
        49.717275
       ],
       [
        9.230872,
        49.717189
       ],
       [
        9.230165,
        49.717415
       ],
       [
        9.230187,
        49.717483
       ],
       [
        9.22976,
        49.717619
       ],
       [
        9.228561,
        49.718949
       ],
       [
        9.228169,
        49.719134
       ],
       [
        9.227111,
        49.719545
       ],
       [
        9.226918,
        49.719604
       ],
       [
        9.226186,
        49.720729
       ],
       [
        9.225544,
        49.721585
       ],
       [
        9.224094,
        49.72327
       ],
       [
        9.223895,
        49.723823
       ],
       [
        9.222754,
        49.725256
       ],
       [
        9.215265,
        49.728178
       ],
       [
        9.215016,
        49.728139
       ],
       [
        9.213513,
        49.727319
       ],
       [
        9.208187,
        49.726
       ],
       [
        9.208042,
        49.726021
       ],
       [
        9.207819,
        49.726057
       ],
       [
        9.207754,
        49.726068
       ],
       [
        9.207621,
        49.726093
       ],
       [
        9.20754,
        49.726108
       ],
       [
        9.20736,
        49.726145
       ],
       [
        9.207269,
        49.726165
       ],
       [
        9.207172,
        49.726186
       ],
       [
        9.206903,
        49.726248
       ],
       [
        9.206819,
        49.726268
       ],
       [
        9.206095,
        49.726442
       ],
       [
        9.206002,
        49.726464
       ],
       [
        9.204839,
        49.726729
       ],
       [
        9.204727,
        49.726755
       ],
       [
        9.203984,
        49.726936
       ],
       [
        9.203876,
        49.726963
       ],
       [
        9.202847,
        49.727228
       ],
       [
        9.202741,
        49.727256
       ],
       [
        9.202495,
        49.727323
       ],
       [
        9.202363,
        49.72736
       ],
       [
        9.201668,
        49.727562
       ],
       [
        9.201466,
        49.727624
       ],
       [
        9.201264,
        49.727688
       ],
       [
        9.201074,
        49.727752
       ],
       [
        9.20002,
        49.728118
       ],
       [
        9.199689,
        49.728241
       ],
       [
        9.199002,
        49.728515
       ],
       [
        9.198848,
        49.728576
       ],
       [
        9.198774,
        49.728606
       ],
       [
        9.197876,
        49.728973
       ],
       [
        9.196868,
        49.729393
       ],
       [
        9.196718,
        49.729457
       ],
       [
        9.196107,
        49.729726
       ],
       [
        9.195895,
        49.729823
       ],
       [
        9.19564,
        49.729944
       ],
       [
        9.195507,
        49.730009
       ],
       [
        9.195162,
        49.730181
       ],
       [
        9.194979,
        49.730275
       ],
       [
        9.19427,
        49.730652
       ],
       [
        9.194085,
        49.730753
       ],
       [
        9.193809,
        49.730909
       ],
       [
        9.193624,
        49.731017
       ],
       [
        9.193084,
        49.731342
       ],
       [
        9.192941,
        49.731429
       ],
       [
        9.192607,
        49.73164
       ],
       [
        9.192456,
        49.7314
       ],
       [
        9.192083,
        49.731623
       ],
       [
        9.192253,
        49.731868
       ],
       [
        9.192037,
        49.732018
       ],
       [
        9.191872,
        49.73178
       ],
       [
        9.189918,
        49.734235
       ],
       [
        9.188416,
        49.735513
       ],
       [
        9.188077,
        49.736209
       ],
       [
        9.187031,
        49.739745
       ],
       [
        9.1859,
        49.740533
       ],
       [
        9.183148,
        49.744579
       ],
       [
        9.183048,
        49.744671
       ],
       [
        9.182918,
        49.744917
       ],
       [
        9.182567,
        49.745433
       ]
      ]
     ],
     [
      [
       [
        9.217788,
        50.027468
       ],
       [
        9.217389,
        50.028517
       ],
       [
        9.217378,
        50.028556
       ],
       [
        9.217328,
        50.028849
       ],
       [
        9.219727,
        50.033773
       ],
       [
        9.224001,
        50.033526
       ],
       [
        9.225667,
        50.033745
       ],
       [
        9.228003,
        50.032152
       ],
       [
        9.228606,
        50.032028
       ],
       [
        9.228696,
        50.031356
       ],
       [
        9.229534,
        50.029948
       ],
       [
        9.229747,
        50.029686
       ],
       [
        9.229012,
        50.027669
       ],
       [
        9.228574,
        50.025769
       ],
       [
        9.228544,
        50.025492
       ],
       [
        9.227969,
        50.025181
       ],
       [
        9.227857,
        50.025023
       ],
       [
        9.227303,
        50.02482
       ],
       [
        9.226198,
        50.024221
       ],
       [
        9.224403,
        50.024556
       ],
       [
        9.22219,
        50.024093
       ],
       [
        9.220725,
        50.023787
       ],
       [
        9.220372,
        50.024209
       ],
       [
        9.220057,
        50.024519
       ],
       [
        9.219804,
        50.024889
       ],
       [
        9.218935,
        50.025929
       ],
       [
        9.218878,
        50.026152
       ],
       [
        9.217788,
        50.027468
       ]
      ]
     ],
     [
      [
       [
        9.199695,
        49.828335
       ],
       [
        9.19848,
        49.829326
       ],
       [
        9.198161,
        49.829517
       ],
       [
        9.197058,
        49.831365
       ],
       [
        9.196791,
        49.831656
       ],
       [
        9.196458,
        49.83264
       ],
       [
        9.196352,
        49.832793
       ],
       [
        9.19604,
        49.833151
       ],
       [
        9.195577,
        49.834677
       ],
       [
        9.194913,
        49.835751
       ],
       [
        9.195324,
        49.838155
       ],
       [
        9.196659,
        49.83923
       ],
       [
        9.20091,
        49.838565
       ],
       [
        9.202975,
        49.838512
       ],
       [
        9.203569,
        49.838574
       ],
       [
        9.20629,
        49.83966
       ],
       [
        9.206335,
        49.839543
       ],
       [
        9.208549,
        49.840377
       ],
       [
        9.20933,
        49.840475
       ],
       [
        9.209997,
        49.840437
       ],
       [
        9.210707,
        49.840273
       ],
       [
        9.211733,
        49.839799
       ],
       [
        9.212537,
        49.839171
       ],
       [
        9.212611,
        49.839134
       ],
       [
        9.213248,
        49.838414
       ],
       [
        9.21361,
        49.837836
       ],
       [
        9.213757,
        49.837443
       ],
       [
        9.215909,
        49.834294
       ],
       [
        9.217817,
        49.832583
       ],
       [
        9.21821,
        49.832291
       ],
       [
        9.218279,
        49.83217
       ],
       [
        9.219337,
        49.831222
       ],
       [
        9.219164,
        49.827823
       ],
       [
        9.217709,
        49.826484
       ],
       [
        9.213537,
        49.826139
       ],
       [
        9.212485,
        49.826291
       ],
       [
        9.21258,
        49.826863
       ],
       [
        9.212417,
        49.82689
       ],
       [
        9.212063,
        49.826956
       ],
       [
        9.211921,
        49.826986
       ],
       [
        9.211611,
        49.827058
       ],
       [
        9.211326,
        49.82713
       ],
       [
        9.211188,
        49.827167
       ],
       [
        9.210785,
        49.827276
       ],
       [
        9.209699,
        49.827317
       ],
       [
        9.209716,
        49.827431
       ],
       [
        9.209405,
        49.827479
       ],
       [
        9.20675,
        49.827439
       ],
       [
        9.206745,
        49.827438
       ],
       [
        9.205747,
        49.827323
       ],
       [
        9.205315,
        49.827318
       ],
       [
        9.205086,
        49.827323
       ],
       [
        9.204597,
        49.827359
       ],
       [
        9.204376,
        49.827371
       ],
       [
        9.204221,
        49.82739
       ],
       [
        9.204221,
        49.827386
       ],
       [
        9.204117,
        49.827393
       ],
       [
        9.204116,
        49.827383
       ],
       [
        9.204033,
        49.827386
       ],
       [
        9.204016,
        49.827006
       ],
       [
        9.203301,
        49.827262
       ],
       [
        9.203307,
        49.82729
       ],
       [
        9.203118,
        49.827329
       ],
       [
        9.202781,
        49.827449
       ],
       [
        9.202838,
        49.827652
       ],
       [
        9.202078,
        49.827867
       ],
       [
        9.20204,
        49.827735
       ],
       [
        9.201038,
        49.828133
       ],
       [
        9.199809,
        49.828323
       ],
       [
        9.199695,
        49.828335
       ]
      ]
     ],
     [
      [
       [
        9.203131,
        49.6731
       ],
       [
        9.206833,
        49.673865
       ],
       [
        9.208361,
        49.674394
       ],
       [
        9.213143,
        49.672378
       ],
       [
        9.21351,
        49.669757
       ],
       [
        9.210996,
        49.666672
       ],
       [
        9.209547,
        49.666933
       ],
       [
        9.20762,
        49.667042
       ],
       [
        9.204658,
        49.666852
       ],
       [
        9.202512,
        49.669745
       ],
       [
        9.203131,
        49.6731
       ]
      ]
     ],
     [
      [
       [
        9.137764,
        49.791705
       ],
       [
        9.137745,
        49.792039
       ],
       [
        9.137652,
        49.792033
       ],
       [
        9.136915,
        49.792026
       ],
       [
        9.1366,
        49.792037
       ],
       [
        9.136477,
        49.792041
       ],
       [
        9.136408,
        49.792042
       ],
       [
        9.136151,
        49.792053
       ],
       [
        9.135565,
        49.792115
       ],
       [
        9.134708,
        49.79224
       ],
       [
        9.133671,
        49.792935
       ],
       [
        9.131713,
        49.793614
       ],
       [
        9.131778,
        49.793778
       ],
       [
        9.130058,
        49.794467
       ],
       [
        9.130041,
        49.794425
       ],
       [
        9.129272,
        49.794701
       ],
       [
        9.129058,
        49.795118
       ],
       [
        9.129072,
        49.795123
       ],
       [
        9.128262,
        49.797208
       ],
       [
        9.128223,
        49.797463
       ],
       [
        9.128112,
        49.797915
       ],
       [
        9.12821,
        49.798228
       ],
       [
        9.128492,
        49.79958
       ],
       [
        9.128865,
        49.800223
       ],
       [
        9.13242,
        49.80196
       ],
       [
        9.132966,
        49.801743
       ],
       [
        9.136965,
        49.801246
       ],
       [
        9.137742,
        49.801348
       ],
       [
        9.137994,
        49.801386
       ],
       [
        9.138057,
        49.801396
       ],
       [
        9.142913,
        49.800237
       ],
       [
        9.147676,
        49.804196
       ],
       [
        9.148859,
        49.804508
       ],
       [
        9.151633,
        49.805856
       ],
       [
        9.151672,
        49.805885
       ],
       [
        9.153067,
        49.805888
       ],
       [
        9.153961,
        49.806005
       ],
       [
        9.156053,
        49.804425
       ],
       [
        9.162944,
        49.80308
       ],
       [
        9.165382,
        49.803733
       ],
       [
        9.166368,
        49.803165
       ],
       [
        9.167205,
        49.802746
       ],
       [
        9.169682,
        49.801683
       ],
       [
        9.170205,
        49.801119
       ],
       [
        9.170867,
        49.79994
       ],
       [
        9.171082,
        49.799744
       ],
       [
        9.171164,
        49.799668
       ],
       [
        9.171305,
        49.799535
       ],
       [
        9.171624,
        49.799222
       ],
       [
        9.171629,
        49.799227
       ],
       [
        9.172184,
        49.798717
       ],
       [
        9.172409,
        49.798533
       ],
       [
        9.172886,
        49.798171
       ],
       [
        9.17319,
        49.797959
       ],
       [
        9.173452,
        49.797783
       ],
       [
        9.173723,
        49.797609
       ],
       [
        9.173808,
        49.797555
       ],
       [
        9.173969,
        49.797454
       ],
       [
        9.174338,
        49.797209
       ],
       [
        9.174673,
        49.796973
       ],
       [
        9.174976,
        49.797404
       ],
       [
        9.175202,
        49.79721
       ],
       [
        9.174915,
        49.796802
       ],
       [
        9.175136,
        49.796647
       ],
       [
        9.175409,
        49.797033
       ],
       [
        9.175555,
        49.796908
       ],
       [
        9.17735,
        49.79536
       ],
       [
        9.178312,
        49.795042
       ],
       [
        9.178632,
        49.795001
       ],
       [
        9.179181,
        49.794755
       ],
       [
        9.179602,
        49.794616
       ],
       [
        9.179805,
        49.794516
       ],
       [
        9.179912,
        49.794735
       ],
       [
        9.180213,
        49.794382
       ],
       [
        9.18009,
        49.794163
       ],
       [
        9.181218,
        49.793527
       ],
       [
        9.182124,
        49.792802
       ],
       [
        9.182094,
        49.792763
       ],
       [
        9.182825,
        49.792204
       ],
       [
        9.18537,
        49.791398
       ],
       [
        9.185348,
        49.791371
       ],
       [
        9.185433,
        49.791301
       ],
       [
        9.185576,
        49.791259
       ],
       [
        9.185609,
        49.79116
       ],
       [
        9.185936,
        49.790895
       ],
       [
        9.185923,
        49.790847
       ],
       [
        9.186032,
        49.790818
       ],
       [
        9.186141,
        49.790729
       ],
       [
        9.187864,
        49.789666
       ],
       [
        9.190264,
        49.788577
       ],
       [
        9.191207,
        49.787577
       ],
       [
        9.191753,
        49.784056
       ],
       [
        9.191892,
        49.783365
       ],
       [
        9.192058,
        49.782695
       ],
       [
        9.192007,
        49.782423
       ],
       [
        9.192216,
        49.781078
       ],
       [
        9.192554,
        49.78113
       ],
       [
        9.192339,
        49.778063
       ],
       [
        9.193935,
        49.774568
       ],
       [
        9.193606,
        49.773313
       ],
       [
        9.193601,
        49.77318
       ],
       [
        9.193545,
        49.773082
       ],
       [
        9.193245,
        49.771937
       ],
       [
        9.189286,
        49.768482
       ],
       [
        9.186467,
        49.768971
       ],
       [
        9.185297,
        49.770195
       ],
       [
        9.184821,
        49.770516
       ],
       [
        9.184723,
        49.770796
       ],
       [
        9.183099,
        49.772496
       ],
       [
        9.182993,
        49.772394
       ],
       [
        9.182779,
        49.772895
       ],
       [
        9.18278,
        49.772983
       ],
       [
        9.182313,
        49.775724
       ],
       [
        9.18229,
        49.77579
       ],
       [
        9.179025,
        49.779562
       ],
       [
        9.178786,
        49.780094
       ],
       [
        9.175433,
        49.782329
       ],
       [
        9.175503,
        49.782389
       ],
       [
        9.17542,
        49.782486
       ],
       [
        9.175322,
        49.782403
       ],
       [
        9.174759,
        49.782778
       ],
       [
        9.173186,
        49.784907
       ],
       [
        9.166892,
        49.785664
       ],
       [
        9.162925,
        49.782355
       ],
       [
        9.162231,
        49.782223
       ],
       [
        9.158704,
        49.779726
       ],
       [
        9.156794,
        49.782062
       ],
       [
        9.155156,
        49.783575
       ],
       [
        9.152629,
        49.785325
       ],
       [
        9.152479,
        49.785757
       ],
       [
        9.150741,
        49.789002
       ],
       [
        9.146605,
        49.792675
       ],
       [
        9.141076,
        49.792787
       ],
       [
        9.139666,
        49.7923
       ],
       [
        9.138475,
        49.792099
       ],
       [
        9.138376,
        49.79209
       ],
       [
        9.138403,
        49.791773
       ],
       [
        9.137764,
        49.791705
       ]
      ]
     ],
     [
      [
       [
        9.158756,
        49.769028
       ],
       [
        9.160696,
        49.766964
       ],
       [
        9.16216,
        49.766363
       ],
       [
        9.163284,
        49.764299
       ],
       [
        9.162677,
        49.761041
       ],
       [
        9.157004,
        49.758319
       ],
       [
        9.15388,
        49.759675
       ],
       [
        9.152866,
        49.761929
       ],
       [
        9.153952,
        49.765243
       ],
       [
        9.156486,
        49.766338
       ],
       [
        9.158756,
        49.769028
       ]
      ]
     ],
     [
      [
       [
        9.176349,
        49.973743
       ],
       [
        9.176346,
        49.974236
       ],
       [
        9.176058,
        49.975672
       ],
       [
        9.176322,
        49.977493
       ],
       [
        9.176319,
        49.977832
       ],
       [
        9.178433,
        49.979259
       ],
       [
        9.178758,
        49.979146
       ],
       [
        9.180286,
        49.979318
       ],
       [
        9.182351,
        49.978252
       ],
       [
        9.182752,
        49.978212
       ],
       [
        9.183378,
        49.976605
       ],
       [
        9.18376,
        49.975847
       ],
       [
        9.182869,
        49.973417
       ],
       [
        9.182675,
        49.973332
       ],
       [
        9.180001,
        49.971883
       ],
       [
        9.179733,
        49.971859
       ],
       [
        9.179254,
        49.972051
       ],
       [
        9.177595,
        49.972499
       ],
       [
        9.176349,
        49.973743
       ]
      ]
     ],
     [
      [
       [
        9.11056,
        49.878371
       ],
       [
        9.109762,
        49.880172
       ],
       [
        9.110338,
        49.882416
       ],
       [
        9.113624,
        49.884919
       ],
       [
        9.113698,
        49.884952
       ],
       [
        9.114399,
        49.885226
       ],
       [
        9.114529,
        49.88527
       ],
       [
        9.114982,
        49.885408
       ],
       [
        9.115288,
        49.885491
       ],
       [
        9.115455,
        49.885539
       ],
       [
        9.115958,
        49.885687
       ],
       [
        9.116021,
        49.885706
       ],
       [
        9.116956,
        49.885974
       ],
       [
        9.117322,
        49.886068
       ],
       [
        9.117499,
        49.886115
       ],
       [
        9.117693,
        49.886169
       ],
       [
        9.118156,
        49.886276
       ],
       [
        9.119075,
        49.88637
       ],
       [
        9.119385,
        49.886407
       ],
       [
        9.120201,
        49.886522
       ],
       [
        9.121005,
        49.886505
       ],
       [
        9.122605,
        49.886045
       ],
       [
        9.123118,
        49.885721
       ],
       [
        9.124009,
        49.884135
       ],
       [
        9.128733,
        49.880377
       ],
       [
        9.128973,
        49.880307
       ],
       [
        9.129516,
        49.87878
       ],
       [
        9.129678,
        49.878362
       ],
       [
        9.130511,
        49.876379
       ],
       [
        9.134479,
        49.87224
       ],
       [
        9.140197,
        49.871819
       ],
       [
        9.140909,
        49.872033
       ],
       [
        9.145418,
        49.870501
       ],
       [
        9.145427,
        49.870528
       ],
       [
        9.146656,
        49.869967
       ],
       [
        9.151444,
        49.868899
       ],
       [
        9.152186,
        49.866369
       ],
       [
        9.149552,
        49.863154
       ],
       [
        9.149079,
        49.863147
       ],
       [
        9.14487,
        49.861405
       ],
       [
        9.144846,
        49.861455
       ],
       [
        9.144418,
        49.861255
       ],
       [
        9.143945,
        49.861051
       ],
       [
        9.143398,
        49.860837
       ],
       [
        9.143437,
        49.860738
       ],
       [
        9.142573,
        49.8609
       ],
       [
        9.141469,
        49.86076
       ],
       [
        9.141472,
        49.860786
       ],
       [
        9.141053,
        49.860846
       ],
       [
        9.140658,
        49.860817
       ],
       [
        9.140658,
        49.860871
       ],
       [
        9.14025,
        49.860866
       ],
       [
        9.140251,
        49.860788
       ],
       [
        9.139035,
        49.860699
       ],
       [
        9.137535,
        49.860972
       ],
       [
        9.137064,
        49.861117
       ],
       [
        9.137021,
        49.861138
       ],
       [
        9.132867,
        49.864764
       ],
       [
        9.132903,
        49.865142
       ],
       [
        9.13089,
        49.871249
       ],
       [
        9.128001,
        49.872557
       ],
       [
        9.128092,
        49.872703
       ],
       [
        9.123692,
        49.875447
       ],
       [
        9.120087,
        49.875974
       ],
       [
        9.120119,
        49.87611
       ],
       [
        9.11056,
        49.878371
       ]
      ]
     ],
     [
      [
       [
        9.141059,
        49.969328
       ],
       [
        9.136261,
        49.972987
       ],
       [
        9.135948,
        49.973053
       ],
       [
        9.135428,
        49.973146
       ],
       [
        9.135325,
        49.973161
       ],
       [
        9.135227,
        49.973176
       ],
       [
        9.133846,
        49.973718
       ],
       [
        9.133544,
        49.973712
       ],
       [
        9.132823,
        49.974351
       ],
       [
        9.132123,
        49.974833
       ],
       [
        9.131755,
        49.97531
       ],
       [
        9.130956,
        49.976028
       ],
       [
        9.130433,
        49.978783
       ],
       [
        9.13081,
        49.979836
       ],
       [
        9.133158,
        49.981475
       ],
       [
        9.136451,
        49.981476
       ],
       [
        9.140752,
        49.978437
       ],
       [
        9.140845,
        49.978372
       ],
       [
        9.141792,
        49.977722
       ],
       [
        9.141796,
        49.977728
       ],
       [
        9.144475,
        49.975053
       ],
       [
        9.145645,
        49.974695
       ],
       [
        9.146919,
        49.97446
       ],
       [
        9.148026,
        49.972962
       ],
       [
        9.147856,
        49.970564
       ],
       [
        9.145842,
        49.968515
       ],
       [
        9.145012,
        49.968164
       ],
       [
        9.141059,
        49.969328
       ]
      ]
     ],
     [
      [
       [
        9.09833,
        50.114347
       ],
       [
        9.098564,
        50.114265
       ],
       [
        9.100045,
        50.114384
       ],
       [
        9.104226,
        50.111695
       ],
       [
        9.109283,
        50.110456
       ],
       [
        9.114031,
        50.112592
       ],
       [
        9.114403,
        50.112941
       ],
       [
        9.114479,
        50.113004
       ],
       [
        9.12006,
        50.113417
       ],
       [
        9.120649,
        50.11327
       ],
       [
        9.123678,
        50.111185
       ],
       [
        9.123791,
        50.110836
       ],
       [
        9.126443,
        50.107955
       ],
       [
        9.126276,
        50.107823
       ],
       [
        9.127655,
        50.10607
       ],
       [
        9.128085,
        50.105653
       ],
       [
        9.12851,
        50.104983
       ],
       [
        9.128802,
        50.104612
       ],
       [
        9.131939,
        50.1031
       ],
       [
        9.131752,
        50.102758
       ],
       [
        9.13216,
        50.102536
       ],
       [
        9.13301,
        50.102323
       ],
       [
        9.133481,
        50.101818
       ],
       [
        9.139143,
        50.098739
       ],
       [
        9.139164,
        50.09869
       ],
       [
        9.139294,
        50.098156
       ],
       [
        9.139412,
        50.096595
       ],
       [
        9.139528,
        50.096145
       ],
       [
        9.138479,
        50.093041
       ],
       [
        9.134993,
        50.091197
       ],
       [
        9.134583,
        50.091189
       ],
       [
        9.1325,
        50.091632
       ],
       [
        9.132459,
        50.091647
       ],
       [
        9.131883,
        50.091881
       ],
       [
        9.131707,
        50.091961
       ],
       [
        9.130845,
        50.092468
       ],
       [
        9.130155,
        50.093193
       ],
       [
        9.124858,
        50.095665
       ],
       [
        9.124775,
        50.095671
       ],
       [
        9.12436,
        50.095722
       ],
       [
        9.123922,
        50.095789
       ],
       [
        9.123579,
        50.095852
       ],
       [
        9.123074,
        50.095964
       ],
       [
        9.121096,
        50.096723
       ],
       [
        9.120967,
        50.096388
       ],
       [
        9.115,
        50.097254
       ],
       [
        9.112636,
        50.094824
       ],
       [
        9.112493,
        50.095013
       ],
       [
        9.112419,
        50.094958
       ],
       [
        9.112169,
        50.094601
       ],
       [
        9.11192,
        50.094582
       ],
       [
        9.110299,
        50.093362
       ],
       [
        9.110228,
        50.093229
       ],
       [
        9.110049,
        50.093174
       ],
       [
        9.109801,
        50.092988
       ],
       [
        9.108295,
        50.091505
       ],
       [
        9.107731,
        50.090779
       ],
       [
        9.107663,
        50.09058
       ],
       [
        9.107524,
        50.090512
       ],
       [
        9.107186,
        50.090078
       ],
       [
        9.106037,
        50.089678
       ],
       [
        9.10529,
        50.089279
       ],
       [
        9.100374,
        50.091639
       ],
       [
        9.10005,
        50.091783
       ],
       [
        9.100425,
        50.092982
       ],
       [
        9.100784,
        50.095038
       ],
       [
        9.10079,
        50.095201
       ],
       [
        9.100795,
        50.095732
       ],
       [
        9.100717,
        50.098885
       ],
       [
        9.096279,
        50.105852
       ],
       [
        9.094634,
        50.10667
       ],
       [
        9.094415,
        50.106735
       ],
       [
        9.092437,
        50.109723
       ],
       [
        9.092641,
        50.11204
       ],
       [
        9.094172,
        50.113651
       ],
       [
        9.095494,
        50.114019
       ],
       [
        9.096934,
        50.114134
       ],
       [
        9.097014,
        50.114177
       ],
       [
        9.097105,
        50.114148
       ],
       [
        9.098078,
        50.114226
       ],
       [
        9.09833,
        50.114347
       ]
      ]
     ],
     [
      [
       [
        9.094253,
        50.106782
       ],
       [
        9.094172,
        50.106807
       ],
       [
        9.09409,
        50.106907
       ],
       [
        9.094253,
        50.106782
       ]
      ]
     ],
     [
      [
       [
        9.042841,
        49.882534
       ],
       [
        9.04175,
        49.884111
       ],
       [
        9.041381,
        49.884513
       ],
       [
        9.041622,
        49.886609
       ],
       [
        9.042005,
        49.887432
       ],
       [
        9.042649,
        49.888064
       ],
       [
        9.04305,
        49.888154
       ],
       [
        9.044498,
        49.889161
       ],
       [
        9.048875,
        49.88887
       ],
       [
        9.049742,
        49.884446
       ],
       [
        9.047988,
        49.882651
       ],
       [
        9.043519,
        49.882183
       ],
       [
        9.043439,
        49.88227
       ],
       [
        9.042841,
        49.882534
       ]
      ]
     ],
     [
      [
       [
        9.058752,
        49.898429
       ],
       [
        9.058433,
        49.901399
       ],
       [
        9.059232,
        49.902119
       ],
       [
        9.059537,
        49.902408
       ],
       [
        9.060838,
        49.903708
       ],
       [
        9.065054,
        49.902738
       ],
       [
        9.070244,
        49.903292
       ],
       [
        9.07236,
        49.905348
       ],
       [
        9.073707,
        49.90601
       ],
       [
        9.074425,
        49.906495
       ],
       [
        9.07521,
        49.907234
       ],
       [
        9.076498,
        49.907897
       ],
       [
        9.077025,
        49.908253
       ],
       [
        9.077867,
        49.908909
       ],
       [
        9.077965,
        49.908996
       ],
       [
        9.079189,
        49.908904
       ],
       [
        9.083232,
        49.910004
       ],
       [
        9.086268,
        49.909092
       ],
       [
        9.090165,
        49.908915
       ],
       [
        9.095025,
        49.909905
       ],
       [
        9.098323,
        49.908046
       ],
       [
        9.100093,
        49.903384
       ],
       [
        9.098976,
        49.901596
       ],
       [
        9.098861,
        49.900642
       ],
       [
        9.098478,
        49.900262
       ],
       [
        9.098408,
        49.900289
       ],
       [
        9.098396,
        49.900259
       ],
       [
        9.098396,
        49.90018
       ],
       [
        9.098344,
        49.900129
       ],
       [
        9.098268,
        49.899938
       ],
       [
        9.097782,
        49.898123
       ],
       [
        9.097777,
        49.898089
       ],
       [
        9.097761,
        49.898099
       ],
       [
        9.09756,
        49.897763
       ],
       [
        9.097468,
        49.897612
       ],
       [
        9.097406,
        49.897513
       ],
       [
        9.097134,
        49.897108
       ],
       [
        9.097049,
        49.89699
       ],
       [
        9.096911,
        49.896804
       ],
       [
        9.095032,
        49.896352
       ],
       [
        9.09339,
        49.89576
       ],
       [
        9.091409,
        49.894791
       ],
       [
        9.089231,
        49.894954
       ],
       [
        9.088754,
        49.894839
       ],
       [
        9.083474,
        49.890644
       ],
       [
        9.083277,
        49.883903
       ],
       [
        9.085493,
        49.878746
       ],
       [
        9.084839,
        49.876218
       ],
       [
        9.08195,
        49.874135
       ],
       [
        9.081607,
        49.874082
       ],
       [
        9.077864,
        49.875517
       ],
       [
        9.076573,
        49.878425
       ],
       [
        9.078677,
        49.883808
       ],
       [
        9.079032,
        49.888473
       ],
       [
        9.076716,
        49.892539
       ],
       [
        9.073401,
        49.895667
       ],
       [
        9.067827,
        49.897848
       ],
       [
        9.066235,
        49.897186
       ],
       [
        9.058752,
        49.898429
       ]
      ]
     ],
     [
      [
       [
        9.07239,
        50.039702
       ],
       [
        9.072428,
        50.039766
       ],
       [
        9.072141,
        50.039933
       ],
       [
        9.071648,
        50.040341
       ],
       [
        9.069299,
        50.041687
       ],
       [
        9.067252,
        50.042436
       ],
       [
        9.066239,
        50.043311
       ],
       [
        9.064731,
        50.047626
       ],
       [
        9.064908,
        50.048429
       ],
       [
        9.067326,
        50.049923
       ],
       [
        9.071038,
        50.055587
       ],
       [
        9.069076,
        50.062069
       ],
       [
        9.068166,
        50.063084
       ],
       [
        9.068176,
        50.066556
       ],
       [
        9.074301,
        50.070104
       ],
       [
        9.075386,
        50.070291
       ],
       [
        9.081398,
        50.071844
       ],
       [
        9.08233,
        50.072506
       ],
       [
        9.082771,
        50.072448
       ],
       [
        9.082856,
        50.072442
       ],
       [
        9.082907,
        50.07243
       ],
       [
        9.082978,
        50.07242
       ],
       [
        9.083316,
        50.072134
       ],
       [
        9.083929,
        50.071927
       ],
       [
        9.086415,
        50.071557
       ],
       [
        9.086454,
        50.071535
       ],
       [
        9.086454,
        50.071511
       ],
       [
        9.086496,
        50.07151
       ],
       [
        9.0904,
        50.069275
       ],
       [
        9.091126,
        50.065882
       ],
       [
        9.088934,
        50.062133
       ],
       [
        9.088796,
        50.062016
       ],
       [
        9.088314,
        50.061653
       ],
       [
        9.088293,
        50.061571
       ],
       [
        9.088218,
        50.061451
       ],
       [
        9.088255,
        50.061428
       ],
       [
        9.086984,
        50.05657
       ],
       [
        9.087546,
        50.04945
       ],
       [
        9.087724,
        50.049464
       ],
       [
        9.087654,
        50.048984
       ],
       [
        9.087225,
        50.049079
       ],
       [
        9.086132,
        50.044151
       ],
       [
        9.083112,
        50.041654
       ],
       [
        9.082998,
        50.041647
       ],
       [
        9.082913,
        50.041612
       ],
       [
        9.079653,
        50.039134
       ],
       [
        9.079457,
        50.038882
       ],
       [
        9.078054,
        50.038691
       ],
       [
        9.077292,
        50.03842
       ],
       [
        9.076875,
        50.03854
       ],
       [
        9.076897,
        50.038623
       ],
       [
        9.07636,
        50.038768
       ],
       [
        9.07605,
        50.038776
       ],
       [
        9.075842,
        50.038836
       ],
       [
        9.075594,
        50.03886
       ],
       [
        9.075587,
        50.03879
       ],
       [
        9.074085,
        50.038832
       ],
       [
        9.072961,
        50.039594
       ],
       [
        9.07239,
        50.039702
       ]
      ]
     ]
    ]
   }
  }
 ]
}
