{
 "type": "FeatureCollection",
 "_provenance": {
  "authority": "Regierungspräsidium Darmstadt, Dezernat Weinbau Eltville (membership) / HVBG ATKIS Basis-DLM (geometry)",
  "licence": "Free use without restriction or condition, § 24 HVGG",
  "attribution": "© Hessische Verwaltung für Bodenmanagement und Geoinformation (HVBG), ATKIS Basis-DLM",
  "method": "vineyard-clip+close: ATKIS AX_Landwirtschaft vegetationsmerkmal 1040 (Rebfläche) intersected with the Gemeinden the Weinbauamt names for each Anbaugebiet and Bereich. NOT a Weinbergsrolle: this is recorded land use, so an unregistered planted parcel is included and a registered Lage lying fallow is missed. Rheinland-Pfalz's footprints come from its published Weinbergsrolle and are legal boundaries; these are not. The clip is then closed morphologically (buffer +0.012°, then -0.008°) exactly as build-germany-anbaugebiete.mjs closes the six RLP Anbaugebiete, because a raw union of scattered parcels is unusable as a region outline. That INFLATES the displayed area; the 'hectares' property is the planted extent measured before the close, 'display_hectares' is what the geometry covers.",
  "statute": "https://rp-darmstadt.hessen.de/sites/rp-darmstadt.hessen.de/files/2022-11/_geografische_angaben.pdf",
  "generated_at": "2026-09-12"
 },
 "features": [
  {
   "type": "Feature",
   "properties": {
    "slug": "hessische-bergstrasse",
    "name": "Hessische Bergstraße",
    "tier": "anbaugebiet",
    "statute_section": "3.1.1",
    "gemeinden_count": 9,
    "parcels": 287,
    "hectares": 566.8,
    "display_hectares": 3784.2,
    "raw_parts": 76,
    "parts": 4
   },
   "geometry": {
    "type": "MultiPolygon",
    "coordinates": [
     [
      [
       [
        8.913248,
        49.850075
       ],
       [
        8.917794,
        49.851848
       ],
       [
        8.920601,
        49.850746
       ],
       [
        8.9272,
        49.851087
       ],
       [
        8.930617,
        49.85542
       ],
       [
        8.931929,
        49.85619
       ],
       [
        8.935749,
        49.861645
       ],
       [
        8.936198,
        49.864088
       ],
       [
        8.93625,
        49.866661
       ],
       [
        8.935321,
        49.87319
       ],
       [
        8.934781,
        49.873113
       ],
       [
        8.934992,
        49.875131
       ],
       [
        8.934567,
        49.876238
       ],
       [
        8.934266,
        49.87672
       ],
       [
        8.934223,
        49.87713
       ],
       [
        8.93368,
        49.87854
       ],
       [
        8.933676,
        49.878744
       ],
       [
        8.933591,
        49.878964
       ],
       [
        8.932851,
        49.880425
       ],
       [
        8.931931,
        49.881854
       ],
       [
        8.932126,
        49.883604
       ],
       [
        8.932107,
        49.883764
       ],
       [
        8.932173,
        49.884031
       ],
       [
        8.932255,
        49.884762
       ],
       [
        8.933514,
        49.8868
       ],
       [
        8.934051,
        49.887215
       ],
       [
        8.934964,
        49.887504
       ],
       [
        8.936814,
        49.888467
       ],
       [
        8.937366,
        49.888459
       ],
       [
        8.943196,
        49.89087
       ],
       [
        8.944601,
        49.89231
       ],
       [
        8.944335,
        49.892569
       ],
       [
        8.946405,
        49.893747
       ],
       [
        8.947972,
        49.896323
       ],
       [
        8.951855,
        49.897891
       ],
       [
        8.952506,
        49.897799
       ],
       [
        8.952681,
        49.89775
       ],
       [
        8.954407,
        49.897461
       ],
       [
        8.954893,
        49.897434
       ],
       [
        8.958707,
        49.89563
       ],
       [
        8.959593,
        49.893257
       ],
       [
        8.958158,
        49.889993
       ],
       [
        8.957822,
        49.889872
       ],
       [
        8.953682,
        49.886463
       ],
       [
        8.950619,
        49.881354
       ],
       [
        8.950003,
        49.874394
       ],
       [
        8.950195,
        49.873891
       ],
       [
        8.950415,
        49.869073
       ],
       [
        8.951715,
        49.867598
       ],
       [
        8.952088,
        49.864267
       ],
       [
        8.954813,
        49.8591
       ],
       [
        8.960324,
        49.857163
       ],
       [
        8.960461,
        49.857168
       ],
       [
        8.964623,
        49.856135
       ],
       [
        8.964737,
        49.856066
       ],
       [
        8.965596,
        49.855623
       ],
       [
        8.967278,
        49.853855
       ],
       [
        8.969569,
        49.852826
       ],
       [
        8.969915,
        49.851706
       ],
       [
        8.970634,
        49.850062
       ],
       [
        8.97149,
        49.848583
       ],
       [
        8.971736,
        49.848725
       ],
       [
        8.972394,
        49.846591
       ],
       [
        8.97303,
        49.845887
       ],
       [
        8.973285,
        49.843001
       ],
       [
        8.970716,
        49.839516
       ],
       [
        8.968667,
        49.839566
       ],
       [
        8.967388,
        49.839494
       ],
       [
        8.965905,
        49.839292
       ],
       [
        8.965313,
        49.839601
       ],
       [
        8.96512,
        49.839736
       ],
       [
        8.964853,
        49.839891
       ],
       [
        8.963941,
        49.840821
       ],
       [
        8.963359,
        49.84136
       ],
       [
        8.962116,
        49.8424
       ],
       [
        8.962058,
        49.842421
       ],
       [
        8.961254,
        49.844141
       ],
       [
        8.958052,
        49.846844
       ],
       [
        8.958302,
        49.847146
       ],
       [
        8.952031,
        49.852329
       ],
       [
        8.9468,
        49.854161
       ],
       [
        8.941634,
        49.852154
       ],
       [
        8.938253,
        49.849163
       ],
       [
        8.936561,
        49.849332
       ],
       [
        8.93656,
        49.849352
       ],
       [
        8.935923,
        49.849317
       ],
       [
        8.935598,
        49.84931
       ],
       [
        8.935603,
        49.849111
       ],
       [
        8.93232,
        49.850201
       ],
       [
        8.93009,
        49.849868
       ],
       [
        8.928166,
        49.850428
       ],
       [
        8.923333,
        49.848502
       ],
       [
        8.921091,
        49.844671
       ],
       [
        8.917171,
        49.842988
       ],
       [
        8.913141,
        49.845162
       ],
       [
        8.912224,
        49.84754
       ],
       [
        8.913248,
        49.850075
       ]
      ]
     ],
     [
      [
       [
        8.763438,
        49.848959
       ],
       [
        8.763745,
        49.850722
       ],
       [
        8.763673,
        49.853033
       ],
       [
        8.766399,
        49.855073
       ],
       [
        8.768883,
        49.854811
       ],
       [
        8.769485,
        49.854879
       ],
       [
        8.770701,
        49.853944
       ],
       [
        8.772367,
        49.852989
       ],
       [
        8.773347,
        49.850387
       ],
       [
        8.773426,
        49.848837
       ],
       [
        8.770699,
        49.844904
       ],
       [
        8.767857,
        49.844392
       ],
       [
        8.76565,
        49.845255
       ],
       [
        8.763904,
        49.848397
       ],
       [
        8.763438,
        49.848959
       ]
      ]
     ],
     [
      [
       [
        8.597353,
        49.71155
       ],
       [
        8.597328,
        49.715383
       ],
       [
        8.600325,
        49.717685
       ],
       [
        8.602673,
        49.716879
       ],
       [
        8.608913,
        49.717322
       ],
       [
        8.612926,
        49.722122
       ],
       [
        8.613089,
        49.722657
       ],
       [
        8.6133,
        49.723527
       ],
       [
        8.613333,
        49.723702
       ],
       [
        8.613309,
        49.726734
       ],
       [
        8.612623,
        49.730145
       ],
       [
        8.61251,
        49.730371
       ],
       [
        8.612723,
        49.731797
       ],
       [
        8.612683,
        49.731959
       ],
       [
        8.612858,
        49.732699
       ],
       [
        8.613422,
        49.736464
       ],
       [
        8.613955,
        49.737309
       ],
       [
        8.615138,
        49.737747
       ],
       [
        8.616767,
        49.73923
       ],
       [
        8.620989,
        49.738529
       ],
       [
        8.622925,
        49.738446
       ],
       [
        8.624068,
        49.738536
       ],
       [
        8.625875,
        49.736987
       ],
       [
        8.626373,
        49.734265
       ],
       [
        8.625673,
        49.733122
       ],
       [
        8.624686,
        49.727206
       ],
       [
        8.625705,
        49.725727
       ],
       [
        8.626044,
        49.723391
       ],
       [
        8.627717,
        49.719539
       ],
       [
        8.62774,
        49.719511
       ],
       [
        8.63034,
        49.71751
       ],
       [
        8.631647,
        49.715017
       ],
       [
        8.631422,
        49.713963
       ],
       [
        8.631857,
        49.709225
       ],
       [
        8.634907,
        49.705572
       ],
       [
        8.637516,
        49.703887
       ],
       [
        8.639434,
        49.701614
       ],
       [
        8.642007,
        49.70006
       ],
       [
        8.642254,
        49.698413
       ],
       [
        8.642563,
        49.697109
       ],
       [
        8.643261,
        49.694978
       ],
       [
        8.64583,
        49.691427
       ],
       [
        8.645856,
        49.691353
       ],
       [
        8.645894,
        49.691338
       ],
       [
        8.646118,
        49.691029
       ],
       [
        8.650622,
        49.689508
       ],
       [
        8.6521,
        49.688936
       ],
       [
        8.65237,
        49.688953
       ],
       [
        8.652782,
        49.68899
       ],
       [
        8.653176,
        49.689035
       ],
       [
        8.657249,
        49.688092
       ],
       [
        8.662047,
        49.688466
       ],
       [
        8.666738,
        49.690359
       ],
       [
        8.667983,
        49.689857
       ],
       [
        8.669882,
        49.689352
       ],
       [
        8.672351,
        49.689012
       ],
       [
        8.672947,
        49.689187
       ],
       [
        8.672999,
        49.689166
       ],
       [
        8.674897,
        49.688661
       ],
       [
        8.675535,
        49.688573
       ],
       [
        8.676996,
        49.685551
       ],
       [
        8.676308,
        49.683078
       ],
       [
        8.673162,
        49.680957
       ],
       [
        8.669356,
        49.679601
       ],
       [
        8.669054,
        49.679363
       ],
       [
        8.668031,
        49.679239
       ],
       [
        8.667807,
        49.679125
       ],
       [
        8.665662,
        49.677532
       ],
       [
        8.665515,
        49.677377
       ],
       [
        8.664634,
        49.67628
       ],
       [
        8.664455,
        49.676011
       ],
       [
        8.664367,
        49.676026
       ],
       [
        8.663813,
        49.675922
       ],
       [
        8.659241,
        49.673296
       ],
       [
        8.657296,
        49.668394
       ],
       [
        8.658194,
        49.665429
       ],
       [
        8.658106,
        49.664862
       ],
       [
        8.659129,
        49.661079
       ],
       [
        8.658937,
        49.661016
       ],
       [
        8.659435,
        49.659515
       ],
       [
        8.659684,
        49.659028
       ],
       [
        8.659801,
        49.658595
       ],
       [
        8.659942,
        49.658523
       ],
       [
        8.660543,
        49.65735
       ],
       [
        8.662896,
        49.654093
       ],
       [
        8.663152,
        49.654278
       ],
       [
        8.66575,
        49.65018
       ],
       [
        8.666749,
        49.64965
       ],
       [
        8.667213,
        49.649281
       ],
       [
        8.668214,
        49.647356
       ],
       [
        8.670554,
        49.645312
       ],
       [
        8.670242,
        49.644956
       ],
       [
        8.674481,
        49.641244
       ],
       [
        8.674758,
        49.638553
       ],
       [
        8.674097,
        49.637337
       ],
       [
        8.672493,
        49.632932
       ],
       [
        8.667978,
        49.630184
       ],
       [
        8.667829,
        49.630187
       ],
       [
        8.66751,
        49.63025
       ],
       [
        8.667287,
        49.630199
       ],
       [
        8.66727,
        49.6302
       ],
       [
        8.66727,
        49.630195
       ],
       [
        8.66116,
        49.628798
       ],
       [
        8.657995,
        49.623104
       ],
       [
        8.657969,
        49.622811
       ],
       [
        8.656629,
        49.621352
       ],
       [
        8.655411,
        49.618655
       ],
       [
        8.65426,
        49.617432
       ],
       [
        8.653311,
        49.616989
       ],
       [
        8.651615,
        49.615919
       ],
       [
        8.650468,
        49.614976
       ],
       [
        8.646328,
        49.615211
       ],
       [
        8.646317,
        49.61501
       ],
       [
        8.64551,
        49.615263
       ],
       [
        8.644211,
        49.615214
       ],
       [
        8.643575,
        49.615369
       ],
       [
        8.641964,
        49.61626
       ],
       [
        8.641284,
        49.616505
       ],
       [
        8.638518,
        49.619525
       ],
       [
        8.638486,
        49.619596
       ],
       [
        8.638455,
        49.619668
       ],
       [
        8.638213,
        49.620221
       ],
       [
        8.638065,
        49.620157
       ],
       [
        8.638188,
        49.62257
       ],
       [
        8.637876,
        49.624881
       ],
       [
        8.6379,
        49.624885
       ],
       [
        8.63749,
        49.627264
       ],
       [
        8.637536,
        49.628424
       ],
       [
        8.637679,
        49.628408
       ],
       [
        8.637695,
        49.628547
       ],
       [
        8.637541,
        49.628565
       ],
       [
        8.637567,
        49.629232
       ],
       [
        8.637663,
        49.629215
       ],
       [
        8.637839,
        49.630216
       ],
       [
        8.64042,
        49.635686
       ],
       [
        8.640954,
        49.641009
       ],
       [
        8.639133,
        49.643777
       ],
       [
        8.639139,
        49.64378
       ],
       [
        8.639065,
        49.643926
       ],
       [
        8.638959,
        49.644043
       ],
       [
        8.638758,
        49.644348
       ],
       [
        8.638815,
        49.644388
       ],
       [
        8.638548,
        49.64477
       ],
       [
        8.638533,
        49.644759
       ],
       [
        8.638391,
        49.645145
       ],
       [
        8.638024,
        49.645995
       ],
       [
        8.63789,
        49.64626
       ],
       [
        8.637845,
        49.646639
       ],
       [
        8.637524,
        49.647516
       ],
       [
        8.636537,
        49.649396
       ],
       [
        8.636032,
        49.650109
       ],
       [
        8.632334,
        49.652965
       ],
       [
        8.630503,
        49.653657
       ],
       [
        8.627992,
        49.658675
       ],
       [
        8.627941,
        49.65865
       ],
       [
        8.626481,
        49.66555
       ],
       [
        8.627242,
        49.668319
       ],
       [
        8.627955,
        49.668181
       ],
       [
        8.628037,
        49.668604
       ],
       [
        8.627725,
        49.670076
       ],
       [
        8.627993,
        49.671052
       ],
       [
        8.627913,
        49.671415
       ],
       [
        8.627462,
        49.671316
       ],
       [
        8.627361,
        49.671796
       ],
       [
        8.627737,
        49.671854
       ],
       [
        8.627684,
        49.672194
       ],
       [
        8.627739,
        49.672206
       ],
       [
        8.627722,
        49.672286
       ],
       [
        8.627643,
        49.672414
       ],
       [
        8.62698,
        49.674573
       ],
       [
        8.626237,
        49.67614
       ],
       [
        8.621867,
        49.680185
       ],
       [
        8.62132,
        49.680394
       ],
       [
        8.620225,
        49.681416
       ],
       [
        8.619639,
        49.682409
       ],
       [
        8.619542,
        49.682658
       ],
       [
        8.619359,
        49.683285
       ],
       [
        8.619336,
        49.683386
       ],
       [
        8.619257,
        49.683847
       ],
       [
        8.619273,
        49.685472
       ],
       [
        8.619419,
        49.685953
       ],
       [
        8.620562,
        49.687062
       ],
       [
        8.622139,
        49.69084
       ],
       [
        8.622334,
        49.691031
       ],
       [
        8.622456,
        49.697067
       ],
       [
        8.620975,
        49.700923
       ],
       [
        8.621125,
        49.70335
       ],
       [
        8.618046,
        49.707693
       ],
       [
        8.617849,
        49.707832
       ],
       [
        8.613382,
        49.709297
       ],
       [
        8.608863,
        49.707999
       ],
       [
        8.605811,
        49.706008
       ],
       [
        8.600093,
        49.707329
       ],
       [
        8.598185,
        49.710494
       ],
       [
        8.597353,
        49.71155
       ]
      ]
     ],
     [
      [
       [
        8.649417,
        49.779891
       ],
       [
        8.649102,
        49.781151
       ],
       [
        8.64935,
        49.781881
       ],
       [
        8.649302,
        49.782433
       ],
       [
        8.649499,
        49.782595
       ],
       [
        8.650987,
        49.784401
       ],
       [
        8.651644,
        49.784512
       ],
       [
        8.653599,
        49.785021
       ],
       [
        8.656413,
        49.783338
       ],
       [
        8.657429,
        49.777006
       ],
       [
        8.657709,
        49.777051
       ],
       [
        8.657447,
        49.773472
       ],
       [
        8.658631,
        49.771062
       ],
       [
        8.65776,
        49.768294
       ],
       [
        8.655102,
        49.76675
       ],
       [
        8.650523,
        49.76815
       ],
       [
        8.649365,
        49.770575
       ],
       [
        8.650329,
        49.773639
       ],
       [
        8.650049,
        49.779195
       ],
       [
        8.649976,
        49.779364
       ],
       [
        8.649417,
        49.779891
       ]
      ]
     ]
    ]
   }
  },
  {
   "type": "Feature",
   "properties": {
    "slug": "rheingau",
    "name": "Rheingau",
    "tier": "anbaugebiet",
    "statute_section": "3.1.2",
    "gemeinden_count": 12,
    "parcels": 1666,
    "hectares": 3696.3,
    "display_hectares": 11051.5,
    "raw_parts": 116,
    "parts": 6
   },
   "geometry": {
    "type": "MultiPolygon",
    "coordinates": [
     [
      [
       [
        9.42403,
        51.157073
       ],
       [
        9.42483,
        51.159348
       ],
       [
        9.427878,
        51.161217
       ],
       [
        9.429156,
        51.161362
       ],
       [
        9.432621,
        51.159867
       ],
       [
        9.433746,
        51.157461
       ],
       [
        9.432614,
        51.154328
       ],
       [
        9.4286,
        51.152711
       ],
       [
        9.42502,
        51.15452
       ],
       [
        9.42403,
        51.157073
       ]
      ]
     ],
     [
      [
       [
        8.725852,
        50.148688
       ],
       [
        8.725283,
        50.150025
       ],
       [
        8.725919,
        50.152276
       ],
       [
        8.726256,
        50.152515
       ],
       [
        8.726961,
        50.1537
       ],
       [
        8.72749,
        50.154083
       ],
       [
        8.728974,
        50.154764
       ],
       [
        8.729109,
        50.154808
       ],
       [
        8.729188,
        50.154833
       ],
       [
        8.729459,
        50.154919
       ],
       [
        8.729445,
        50.154966
       ],
       [
        8.72959,
        50.154955
       ],
       [
        8.729957,
        50.155078
       ],
       [
        8.733518,
        50.154836
       ],
       [
        8.735038,
        50.153525
       ],
       [
        8.735373,
        50.150078
       ],
       [
        8.732395,
        50.147084
       ],
       [
        8.725852,
        50.148688
       ]
      ]
     ],
     [
      [
       [
        8.305446,
        50.017539
       ],
       [
        8.309374,
        50.021933
       ],
       [
        8.309582,
        50.022011
       ],
       [
        8.309722,
        50.022062
       ],
       [
        8.310344,
        50.022281
       ],
       [
        8.315966,
        50.022331
       ],
       [
        8.318394,
        50.021669
       ],
       [
        8.319729,
        50.021753
       ],
       [
        8.323443,
        50.019338
       ],
       [
        8.325755,
        50.018312
       ],
       [
        8.32582,
        50.018295
       ],
       [
        8.327308,
        50.018047
       ],
       [
        8.330122,
        50.01785
       ],
       [
        8.331587,
        50.017312
       ],
       [
        8.334683,
        50.016828
       ],
       [
        8.334984,
        50.016841
       ],
       [
        8.335144,
        50.016846
       ],
       [
        8.336012,
        50.016865
       ],
       [
        8.336102,
        50.016866
       ],
       [
        8.336426,
        50.01687
       ],
       [
        8.336701,
        50.016878
       ],
       [
        8.336912,
        50.016887
       ],
       [
        8.337542,
        50.016901
       ],
       [
        8.339926,
        50.015782
       ],
       [
        8.343136,
        50.015025
       ],
       [
        8.343696,
        50.015012
       ],
       [
        8.343887,
        50.015002
       ],
       [
        8.344076,
        50.01499
       ],
       [
        8.345069,
        50.014914
       ],
       [
        8.345428,
        50.014887
       ],
       [
        8.345454,
        50.015229
       ],
       [
        8.34563,
        50.015158
       ],
       [
        8.345607,
        50.014904
       ],
       [
        8.34701,
        50.014779
       ],
       [
        8.347153,
        50.014761
       ],
       [
        8.347376,
        50.014735
       ],
       [
        8.347495,
        50.014723
       ],
       [
        8.352589,
        50.015928
       ],
       [
        8.355847,
        50.020024
       ],
       [
        8.355869,
        50.024131
       ],
       [
        8.357414,
        50.028261
       ],
       [
        8.358681,
        50.029764
       ],
       [
        8.358974,
        50.030134
       ],
       [
        8.362351,
        50.032321
       ],
       [
        8.365571,
        50.036445
       ],
       [
        8.365553,
        50.041677
       ],
       [
        8.365169,
        50.042777
       ],
       [
        8.365542,
        50.045292
       ],
       [
        8.365571,
        50.046016
       ],
       [
        8.367202,
        50.048077
       ],
       [
        8.371157,
        50.048731
       ],
       [
        8.37183,
        50.048538
       ],
       [
        8.376306,
        50.044857
       ],
       [
        8.378465,
        50.041404
       ],
       [
        8.384918,
        50.040303
       ],
       [
        8.388058,
        50.041113
       ],
       [
        8.388944,
        50.040471
       ],
       [
        8.391328,
        50.039952
       ],
       [
        8.395129,
        50.037727
       ],
       [
        8.397023,
        50.037663
       ],
       [
        8.397112,
        50.037717
       ],
       [
        8.398175,
        50.037267
       ],
       [
        8.398393,
        50.037255
       ],
       [
        8.398896,
        50.036764
       ],
       [
        8.399232,
        50.036366
       ],
       [
        8.399238,
        50.036371
       ],
       [
        8.399368,
        50.036243
       ],
       [
        8.399397,
        50.03616
       ],
       [
        8.399471,
        50.036068
       ],
       [
        8.399543,
        50.035979
       ],
       [
        8.399778,
        50.035692
       ],
       [
        8.399861,
        50.03576
       ],
       [
        8.400439,
        50.035195
       ],
       [
        8.400569,
        50.035093
       ],
       [
        8.400833,
        50.034535
       ],
       [
        8.404136,
        50.031825
       ],
       [
        8.405024,
        50.031514
       ],
       [
        8.40518,
        50.031334
       ],
       [
        8.405682,
        50.030183
       ],
       [
        8.410692,
        50.027763
       ],
       [
        8.415497,
        50.027307
       ],
       [
        8.417238,
        50.024853
       ],
       [
        8.41711,
        50.022295
       ],
       [
        8.416032,
        50.021291
       ],
       [
        8.414662,
        50.019721
       ],
       [
        8.414605,
        50.019688
       ],
       [
        8.413145,
        50.019167
       ],
       [
        8.41284,
        50.018848
       ],
       [
        8.412589,
        50.018314
       ],
       [
        8.412263,
        50.018069
       ],
       [
        8.411976,
        50.01802
       ],
       [
        8.411934,
        50.018105
       ],
       [
        8.411635,
        50.017961
       ],
       [
        8.410947,
        50.017843
       ],
       [
        8.410466,
        50.017622
       ],
       [
        8.408454,
        50.016299
       ],
       [
        8.408423,
        50.016272
       ],
       [
        8.408304,
        50.016178
       ],
       [
        8.407982,
        50.016114
       ],
       [
        8.403523,
        50.014464
       ],
       [
        8.398737,
        50.009571
       ],
       [
        8.399486,
        50.002767
       ],
       [
        8.400219,
        50.001577
       ],
       [
        8.399791,
        49.999166
       ],
       [
        8.396833,
        49.996837
       ],
       [
        8.395692,
        49.996627
       ],
       [
        8.39517,
        49.996595
       ],
       [
        8.392098,
        49.995625
       ],
       [
        8.390628,
        49.995641
       ],
       [
        8.389991,
        49.995844
       ],
       [
        8.386793,
        49.996489
       ],
       [
        8.386617,
        49.996522
       ],
       [
        8.386399,
        49.996561
       ],
       [
        8.385511,
        49.996669
       ],
       [
        8.38416,
        49.996757
       ],
       [
        8.382665,
        49.996981
       ],
       [
        8.380985,
        49.997469
       ],
       [
        8.379946,
        49.997697
       ],
       [
        8.379597,
        49.997749
       ],
       [
        8.378499,
        49.997975
       ],
       [
        8.378107,
        49.998045
       ],
       [
        8.377965,
        49.998067
       ],
       [
        8.377878,
        49.998081
       ],
       [
        8.377465,
        49.998149
       ],
       [
        8.377203,
        49.998197
       ],
       [
        8.375701,
        49.998497
       ],
       [
        8.375303,
        49.998566
       ],
       [
        8.373624,
        49.998813
       ],
       [
        8.373442,
        49.998838
       ],
       [
        8.372637,
        49.998938
       ],
       [
        8.37246,
        49.998958
       ],
       [
        8.371729,
        49.999032
       ],
       [
        8.371297,
        49.999064
       ],
       [
        8.370593,
        49.999097
       ],
       [
        8.370145,
        49.999106
       ],
       [
        8.369693,
        49.999102
       ],
       [
        8.369048,
        49.999122
       ],
       [
        8.367773,
        49.999214
       ],
       [
        8.3676,
        49.999226
       ],
       [
        8.367052,
        49.999247
       ],
       [
        8.366917,
        49.999247
       ],
       [
        8.366233,
        49.99922
       ],
       [
        8.364381,
        49.999067
       ],
       [
        8.363662,
        49.999034
       ],
       [
        8.362764,
        49.998943
       ],
       [
        8.361956,
        49.998814
       ],
       [
        8.361759,
        49.99878
       ],
       [
        8.36069,
        49.998582
       ],
       [
        8.357427,
        49.999318
       ],
       [
        8.356626,
        49.999156
       ],
       [
        8.354681,
        49.999937
       ],
       [
        8.349935,
        50.001007
       ],
       [
        8.34897,
        50.001164
       ],
       [
        8.34881,
        50.00118
       ],
       [
        8.346599,
        50.001015
       ],
       [
        8.346328,
        50.001086
       ],
       [
        8.34607,
        50.001101
       ],
       [
        8.345347,
        50.001176
       ],
       [
        8.345182,
        50.001201
       ],
       [
        8.344894,
        50.001244
       ],
       [
        8.343643,
        50.001673
       ],
       [
        8.342779,
        50.001789
       ],
       [
        8.342799,
        50.001823
       ],
       [
        8.342704,
        50.001876
       ],
       [
        8.342275,
        50.001918
       ],
       [
        8.341838,
        50.002293
       ],
       [
        8.34147,
        50.00242
       ],
       [
        8.341329,
        50.00201
       ],
       [
        8.340646,
        50.002076
       ],
       [
        8.340539,
        50.002091
       ],
       [
        8.340514,
        50.002089
       ],
       [
        8.339986,
        50.002141
       ],
       [
        8.340046,
        50.002367
       ],
       [
        8.338866,
        50.002684
       ],
       [
        8.338822,
        50.002521
       ],
       [
        8.338142,
        50.002848
       ],
       [
        8.338075,
        50.002859
       ],
       [
        8.336069,
        50.003213
       ],
       [
        8.335987,
        50.002745
       ],
       [
        8.334612,
        50.003374
       ],
       [
        8.333785,
        50.003366
       ],
       [
        8.331176,
        50.002903
       ],
       [
        8.329287,
        50.00223
       ],
       [
        8.32732,
        50.002234
       ],
       [
        8.32729,
        50.002579
       ],
       [
        8.326661,
        50.002526
       ],
       [
        8.326464,
        50.002511
       ],
       [
        8.32573,
        50.002468
       ],
       [
        8.325499,
        50.002457
       ],
       [
        8.324604,
        50.00243
       ],
       [
        8.323796,
        50.002408
       ],
       [
        8.322643,
        50.00246
       ],
       [
        8.322343,
        50.002496
       ],
       [
        8.321331,
        50.002551
       ],
       [
        8.320588,
        50.002544
       ],
       [
        8.314763,
        50.004561
       ],
       [
        8.314253,
        50.004945
       ],
       [
        8.314438,
        50.005101
       ],
       [
        8.312754,
        50.007098
       ],
       [
        8.310341,
        50.009033
       ],
       [
        8.310264,
        50.009074
       ],
       [
        8.307927,
        50.009752
       ],
       [
        8.305878,
        50.0116
       ],
       [
        8.305446,
        50.017539
       ]
      ],
      [
       [
        8.368196,
        50.027376
       ],
       [
        8.368209,
        50.027111
       ],
       [
        8.368236,
        50.027025
       ],
       [
        8.366484,
        50.022451
       ],
       [
        8.366992,
        50.015649
       ],
       [
        8.372562,
        50.011712
       ],
       [
        8.373129,
        50.011612
       ],
       [
        8.373628,
        50.011507
       ],
       [
        8.374738,
        50.011237
       ],
       [
        8.376405,
        50.011013
       ],
       [
        8.377213,
        50.01099
       ],
       [
        8.377546,
        50.010974
       ],
       [
        8.378941,
        50.010877
       ],
       [
        8.379803,
        50.010769
       ],
       [
        8.381412,
        50.010479
       ],
       [
        8.386576,
        50.011282
       ],
       [
        8.388409,
        50.013246
       ],
       [
        8.391097,
        50.014418
       ],
       [
        8.395606,
        50.019602
       ],
       [
        8.394431,
        50.026372
       ],
       [
        8.394426,
        50.026379
       ],
       [
        8.390538,
        50.029309
       ],
       [
        8.39051,
        50.029319
       ],
       [
        8.389385,
        50.029819
       ],
       [
        8.389129,
        50.029969
       ],
       [
        8.388772,
        50.030194
       ],
       [
        8.388767,
        50.030202
       ],
       [
        8.388629,
        50.030284
       ],
       [
        8.388627,
        50.030285
       ],
       [
        8.388624,
        50.030287
       ],
       [
        8.385208,
        50.032327
       ],
       [
        8.385209,
        50.032328
       ],
       [
        8.381512,
        50.036274
       ],
       [
        8.376445,
        50.038767
       ],
       [
        8.370993,
        50.037293
       ],
       [
        8.367874,
        50.032584
       ],
       [
        8.367776,
        50.032154
       ],
       [
        8.367929,
        50.028021
       ],
       [
        8.368,
        50.02779
       ],
       [
        8.368196,
        50.027376
       ]
      ]
     ],
     [
      [
       [
        8.22542,
        50.099635
       ],
       [
        8.227753,
        50.10055
       ],
       [
        8.228381,
        50.101133
       ],
       [
        8.228638,
        50.101193
       ],
       [
        8.228669,
        50.101198
       ],
       [
        8.22919,
        50.101282
       ],
       [
        8.229428,
        50.101279
       ],
       [
        8.229425,
        50.101255
       ],
       [
        8.234943,
        50.100518
       ],
       [
        8.235472,
        50.099743
       ],
       [
        8.236274,
        50.09875
       ],
       [
        8.237016,
        50.097967
       ],
       [
        8.23712,
        50.09733
       ],
       [
        8.237209,
        50.0972
       ],
       [
        8.236903,
        50.094777
       ],
       [
        8.234303,
        50.092496
       ],
       [
        8.233345,
        50.092298
       ],
       [
        8.232844,
        50.092311
       ],
       [
        8.230701,
        50.092076
       ],
       [
        8.230686,
        50.092072
       ],
       [
        8.230189,
        50.092021
       ],
       [
        8.229868,
        50.091989
       ],
       [
        8.228678,
        50.091868
       ],
       [
        8.227003,
        50.092599
       ],
       [
        8.226636,
        50.092635
       ],
       [
        8.224271,
        50.094581
       ],
       [
        8.223848,
        50.096944
       ],
       [
        8.22542,
        50.099635
       ]
      ]
     ],
     [
      [
       [
        7.787925,
        50.045451
       ],
       [
        7.787682,
        50.045693
       ],
       [
        7.787851,
        50.045912
       ],
       [
        7.787586,
        50.046117
       ],
       [
        7.787485,
        50.045987
       ],
       [
        7.7867,
        50.046695
       ],
       [
        7.786288,
        50.047122
       ],
       [
        7.786125,
        50.047207
       ],
       [
        7.7861,
        50.047159
       ],
       [
        7.785661,
        50.04738
       ],
       [
        7.785688,
        50.04743
       ],
       [
        7.78548,
        50.047544
       ],
       [
        7.785449,
        50.047488
       ],
       [
        7.785144,
        50.047641
       ],
       [
        7.78518,
        50.047706
       ],
       [
        7.785021,
        50.047799
       ],
       [
        7.783864,
        50.048297
       ],
       [
        7.783004,
        50.048879
       ],
       [
        7.782916,
        50.048951
       ],
       [
        7.782594,
        50.049282
       ],
       [
        7.781571,
        50.052808
       ],
       [
        7.783063,
        50.055798
       ],
       [
        7.787554,
        50.05821
       ],
       [
        7.787769,
        50.058241
       ],
       [
        7.791624,
        50.055832
       ],
       [
        7.792508,
        50.055354
       ],
       [
        7.792876,
        50.055184
       ],
       [
        7.792893,
        50.055147
       ],
       [
        7.793073,
        50.05495
       ],
       [
        7.795691,
        50.053056
       ],
       [
        7.796372,
        50.05275
       ],
       [
        7.796449,
        50.052923
       ],
       [
        7.796997,
        50.05242
       ],
       [
        7.797292,
        50.052298
       ],
       [
        7.798785,
        50.051377
       ],
       [
        7.798849,
        50.051481
       ],
       [
        7.79978,
        50.051084
       ],
       [
        7.799706,
        50.050938
       ],
       [
        7.800053,
        50.050761
       ],
       [
        7.801147,
        50.050303
       ],
       [
        7.801282,
        50.050258
       ],
       [
        7.803105,
        50.049286
       ],
       [
        7.803188,
        50.049442
       ],
       [
        7.804885,
        50.048137
       ],
       [
        7.810283,
        50.048315
       ],
       [
        7.810933,
        50.048573
       ],
       [
        7.811965,
        50.048372
       ],
       [
        7.813139,
        50.048639
       ],
       [
        7.813157,
        50.048636
       ],
       [
        7.815029,
        50.048159
       ],
       [
        7.815087,
        50.048135
       ],
       [
        7.815174,
        50.048064
       ],
       [
        7.815805,
        50.047762
       ],
       [
        7.815845,
        50.047847
       ],
       [
        7.815884,
        50.047833
       ],
       [
        7.816014,
        50.048201
       ],
       [
        7.816104,
        50.048387
       ],
       [
        7.817402,
        50.047337
       ],
       [
        7.817343,
        50.047137
       ],
       [
        7.817622,
        50.047056
       ],
       [
        7.817908,
        50.046978
       ],
       [
        7.817932,
        50.046972
       ],
       [
        7.818222,
        50.046881
       ],
       [
        7.818716,
        50.046737
       ],
       [
        7.818779,
        50.046714
       ],
       [
        7.818974,
        50.046639
       ],
       [
        7.819158,
        50.046565
       ],
       [
        7.819357,
        50.04648
       ],
       [
        7.82068,
        50.045655
       ],
       [
        7.821777,
        50.045084
       ],
       [
        7.82192,
        50.045024
       ],
       [
        7.822699,
        50.044496
       ],
       [
        7.822999,
        50.043725
       ],
       [
        7.823368,
        50.042914
       ],
       [
        7.823464,
        50.042731
       ],
       [
        7.827431,
        50.039248
       ],
       [
        7.828133,
        50.038391
       ],
       [
        7.829538,
        50.037465
       ],
       [
        7.829586,
        50.037303
       ],
       [
        7.82988,
        50.036475
       ],
       [
        7.829951,
        50.036305
       ],
       [
        7.83375,
        50.032764
       ],
       [
        7.833606,
        50.032565
       ],
       [
        7.838013,
        50.029367
       ],
       [
        7.838063,
        50.029436
       ],
       [
        7.839051,
        50.028456
       ],
       [
        7.839017,
        50.028402
       ],
       [
        7.839278,
        50.028231
       ],
       [
        7.839292,
        50.028217
       ],
       [
        7.839331,
        50.028196
       ],
       [
        7.839515,
        50.028076
       ],
       [
        7.839615,
        50.02792
       ],
       [
        7.845261,
        50.024313
       ],
       [
        7.845666,
        50.024257
       ],
       [
        7.846098,
        50.024185
       ],
       [
        7.846354,
        50.024136
       ],
       [
        7.846355,
        50.024141
       ],
       [
        7.846802,
        50.024054
       ],
       [
        7.847408,
        50.023966
       ],
       [
        7.847428,
        50.023951
       ],
       [
        7.849035,
        50.023048
       ],
       [
        7.849859,
        50.022703
       ],
       [
        7.850878,
        50.022617
       ],
       [
        7.850853,
        50.022539
       ],
       [
        7.851837,
        50.022225
       ],
       [
        7.851867,
        50.02232
       ],
       [
        7.852615,
        50.021786
       ],
       [
        7.853433,
        50.021621
       ],
       [
        7.853468,
        50.021584
       ],
       [
        7.855942,
        50.020391
       ],
       [
        7.855848,
        50.020234
       ],
       [
        7.857227,
        50.019408
       ],
       [
        7.857671,
        50.019316
       ],
       [
        7.857924,
        50.01899
       ],
       [
        7.860543,
        50.01742
       ],
       [
        7.861773,
        50.015358
       ],
       [
        7.862088,
        50.010546
       ],
       [
        7.86178,
        50.009337
       ],
       [
        7.864308,
        50.004328
       ],
       [
        7.869503,
        50.002211
       ],
       [
        7.869986,
        50.002197
       ],
       [
        7.875054,
        50.000272
       ],
       [
        7.876566,
        50.000295
       ],
       [
        7.876763,
        50.000311
       ],
       [
        7.876799,
        50.000299
       ],
       [
        7.879684,
        50.000342
       ],
       [
        7.883363,
        49.998283
       ],
       [
        7.884611,
        49.997807
       ],
       [
        7.886623,
        49.991806
       ],
       [
        7.886225,
        49.989898
       ],
       [
        7.889349,
        49.984851
       ],
       [
        7.89509,
        49.983346
       ],
       [
        7.895828,
        49.983437
       ],
       [
        7.897635,
        49.983882
       ],
       [
        7.897621,
        49.983877
       ],
       [
        7.897641,
        49.983883
       ],
       [
        7.897648,
        49.983885
       ],
       [
        7.897652,
        49.983886
       ],
       [
        7.897965,
        49.98398
       ],
       [
        7.898016,
        49.983994
       ],
       [
        7.899349,
        49.984621
       ],
       [
        7.901173,
        49.985199
       ],
       [
        7.901317,
        49.985325
       ],
       [
        7.901529,
        49.985311
       ],
       [
        7.901775,
        49.985389
       ],
       [
        7.903635,
        49.986254
       ],
       [
        7.904394,
        49.986735
       ],
       [
        7.907758,
        49.991121
       ],
       [
        7.907606,
        49.994076
       ],
       [
        7.907889,
        49.994078
       ],
       [
        7.907856,
        50.000024
       ],
       [
        7.910316,
        50.002454
       ],
       [
        7.911366,
        50.003023
       ],
       [
        7.91197,
        50.003141
       ],
       [
        7.915357,
        50.002374
       ],
       [
        7.91755,
        49.999806
       ],
       [
        7.924845,
        49.997094
       ],
       [
        7.925559,
        49.997203
       ],
       [
        7.927453,
        49.997992
       ],
       [
        7.927956,
        49.997913
       ],
       [
        7.930355,
        49.997896
       ],
       [
        7.932011,
        49.998135
       ],
       [
        7.932503,
        49.998038
       ],
       [
        7.93513,
        49.998361
       ],
       [
        7.936838,
        49.998087
       ],
       [
        7.941677,
        50.001273
       ],
       [
        7.943198,
        50.003411
       ],
       [
        7.946155,
        50.004569
       ],
       [
        7.946061,
        50.004807
       ],
       [
        7.949784,
        50.006889
       ],
       [
        7.954899,
        50.008487
       ],
       [
        7.954662,
        50.009242
       ],
       [
        7.959669,
        50.010775
       ],
       [
        7.96162,
        50.013165
       ],
       [
        7.963963,
        50.01401
       ],
       [
        7.96462,
        50.013983
       ],
       [
        7.968391,
        50.015858
       ],
       [
        7.973236,
        50.016616
       ],
       [
        7.97572,
        50.017437
       ],
       [
        7.977968,
        50.018618
       ],
       [
        7.980309,
        50.018652
       ],
       [
        7.985722,
        50.019858
       ],
       [
        7.98982,
        50.022197
       ],
       [
        7.990152,
        50.022551
       ],
       [
        7.990449,
        50.023179
       ],
       [
        7.990934,
        50.023548
       ],
       [
        7.991925,
        50.024443
       ],
       [
        7.992312,
        50.024855
       ],
       [
        7.992897,
        50.025043
       ],
       [
        7.994876,
        50.02655
       ],
       [
        7.994919,
        50.026551
       ],
       [
        7.995652,
        50.026899
       ],
       [
        7.995664,
        50.0268
       ],
       [
        7.996308,
        50.026879
       ],
       [
        7.999963,
        50.028298
       ],
       [
        8.000521,
        50.028695
       ],
       [
        8.00129,
        50.029317
       ],
       [
        8.001753,
        50.02974
       ],
       [
        8.005508,
        50.031026
       ],
       [
        8.006782,
        50.032389
       ],
       [
        8.007512,
        50.032412
       ],
       [
        8.008958,
        50.032592
       ],
       [
        8.00928,
        50.032662
       ],
       [
        8.010639,
        50.032959
       ],
       [
        8.010816,
        50.032997
       ],
       [
        8.012876,
        50.032763
       ],
       [
        8.017698,
        50.033737
       ],
       [
        8.019201,
        50.035362
       ],
       [
        8.019309,
        50.035239
       ],
       [
        8.026095,
        50.041204
       ],
       [
        8.026251,
        50.040801
       ],
       [
        8.032102,
        50.043068
       ],
       [
        8.032486,
        50.043051
       ],
       [
        8.032684,
        50.043036
       ],
       [
        8.033633,
        50.042541
       ],
       [
        8.036636,
        50.042292
       ],
       [
        8.036664,
        50.042627
       ],
       [
        8.041528,
        50.042921
       ],
       [
        8.042399,
        50.043981
       ],
       [
        8.04421,
        50.04513
       ],
       [
        8.044867,
        50.04617
       ],
       [
        8.045493,
        50.046393
       ],
       [
        8.046603,
        50.046099
       ],
       [
        8.050797,
        50.04657
       ],
       [
        8.054664,
        50.044277
       ],
       [
        8.060961,
        50.046362
       ],
       [
        8.064435,
        50.04958
       ],
       [
        8.067619,
        50.049447
       ],
       [
        8.068355,
        50.049511
       ],
       [
        8.068621,
        50.049405
       ],
       [
        8.069551,
        50.049367
       ],
       [
        8.07014,
        50.049533
       ],
       [
        8.071715,
        50.049349
       ],
       [
        8.073925,
        50.049605
       ],
       [
        8.078351,
        50.051601
       ],
       [
        8.079681,
        50.052797
       ],
       [
        8.079801,
        50.052875
       ],
       [
        8.079771,
        50.05292
       ],
       [
        8.081108,
        50.05336
       ],
       [
        8.081602,
        50.053823
       ],
       [
        8.086026,
        50.053381
       ],
       [
        8.086652,
        50.05294
       ],
       [
        8.086899,
        50.052702
       ],
       [
        8.09173,
        50.050497
       ],
       [
        8.095862,
        50.051545
       ],
       [
        8.095946,
        50.051343
       ],
       [
        8.097114,
        50.051827
       ],
       [
        8.101473,
        50.056803
       ],
       [
        8.105955,
        50.059372
       ],
       [
        8.107551,
        50.059278
       ],
       [
        8.108415,
        50.058674
       ],
       [
        8.112722,
        50.057232
       ],
       [
        8.114314,
        50.057176
       ],
       [
        8.116487,
        50.056269
       ],
       [
        8.117048,
        50.056193
       ],
       [
        8.117529,
        50.056143
       ],
       [
        8.117879,
        50.056117
       ],
       [
        8.119643,
        50.05679
       ],
       [
        8.11998,
        50.056558
       ],
       [
        8.121547,
        50.05648
       ],
       [
        8.123736,
        50.057117
       ],
       [
        8.12375,
        50.057034
       ],
       [
        8.127829,
        50.057731
       ],
       [
        8.128042,
        50.05775
       ],
       [
        8.128548,
        50.0577
       ],
       [
        8.12875,
        50.057692
       ],
       [
        8.130944,
        50.057994
       ],
       [
        8.13095,
        50.057959
       ],
       [
        8.131384,
        50.05804
       ],
       [
        8.131515,
        50.058063
       ],
       [
        8.132444,
        50.058219
       ],
       [
        8.132703,
        50.058268
       ],
       [
        8.134597,
        50.058387
       ],
       [
        8.134698,
        50.058405
       ],
       [
        8.135411,
        50.058068
       ],
       [
        8.137473,
        50.057994
       ],
       [
        8.138299,
        50.057689
       ],
       [
        8.141668,
        50.057217
       ],
       [
        8.142014,
        50.057243
       ],
       [
        8.146573,
        50.059106
       ],
       [
        8.149118,
        50.063191
       ],
       [
        8.151507,
        50.06481
       ],
       [
        8.151659,
        50.064799
       ],
       [
        8.154638,
        50.064988
       ],
       [
        8.156275,
        50.065264
       ],
       [
        8.160295,
        50.066381
       ],
       [
        8.160347,
        50.066395
       ],
       [
        8.160706,
        50.066374
       ],
       [
        8.161039,
        50.066225
       ],
       [
        8.163202,
        50.066184
       ],
       [
        8.165471,
        50.066948
       ],
       [
        8.169351,
        50.067005
       ],
       [
        8.171675,
        50.067387
       ],
       [
        8.174036,
        50.068144
       ],
       [
        8.174831,
        50.068075
       ],
       [
        8.175266,
        50.068166
       ],
       [
        8.175265,
        50.06815
       ],
       [
        8.175372,
        50.068144
       ],
       [
        8.17569,
        50.068086
       ],
       [
        8.176415,
        50.067988
       ],
       [
        8.176515,
        50.067979
       ],
       [
        8.176615,
        50.067918
       ],
       [
        8.176759,
        50.067892
       ],
       [
        8.178862,
        50.067805
       ],
       [
        8.179634,
        50.06751
       ],
       [
        8.179789,
        50.067405
       ],
       [
        8.183549,
        50.066135
       ],
       [
        8.185369,
        50.064473
       ],
       [
        8.191544,
        50.06242
       ],
       [
        8.191875,
        50.062608
       ],
       [
        8.191619,
        50.058463
       ],
       [
        8.191254,
        50.058404
       ],
       [
        8.192294,
        50.051901
       ],
       [
        8.1898,
        50.049187
       ],
       [
        8.189447,
        50.049172
       ],
       [
        8.18914,
        50.049014
       ],
       [
        8.188744,
        50.049141
       ],
       [
        8.185037,
        50.048981
       ],
       [
        8.183326,
        50.049411
       ],
       [
        8.183321,
        50.049411
       ],
       [
        8.182342,
        50.050019
       ],
       [
        8.182358,
        50.050061
       ],
       [
        8.182142,
        50.050143
       ],
       [
        8.181753,
        50.050385
       ],
       [
        8.18153,
        50.050377
       ],
       [
        8.180294,
        50.050848
       ],
       [
        8.179234,
        50.05117
       ],
       [
        8.179043,
        50.051214
       ],
       [
        8.177556,
        50.051236
       ],
       [
        8.17658,
        50.051368
       ],
       [
        8.175906,
        50.051587
       ],
       [
        8.175242,
        50.051521
       ],
       [
        8.175272,
        50.051648
       ],
       [
        8.172826,
        50.052233
       ],
       [
        8.171119,
        50.052641
       ],
       [
        8.170564,
        50.052776
       ],
       [
        8.170557,
        50.052782
       ],
       [
        8.169553,
        50.053055
       ],
       [
        8.167791,
        50.053329
       ],
       [
        8.166296,
        50.053392
       ],
       [
        8.166292,
        50.053392
       ],
       [
        8.165163,
        50.053595
       ],
       [
        8.158079,
        50.051361
       ],
       [
        8.155885,
        50.044265
       ],
       [
        8.157206,
        50.037127
       ],
       [
        8.15692,
        50.035732
       ],
       [
        8.156998,
        50.035186
       ],
       [
        8.157756,
        50.033989
       ],
       [
        8.157641,
        50.033278
       ],
       [
        8.157622,
        50.031063
       ],
       [
        8.157336,
        50.030522
       ],
       [
        8.153151,
        50.02661
       ],
       [
        8.150202,
        50.026776
       ],
       [
        8.149753,
        50.026691
       ],
       [
        8.149068,
        50.026529
       ],
       [
        8.148827,
        50.026477
       ],
       [
        8.148692,
        50.026449
       ],
       [
        8.147711,
        50.02642
       ],
       [
        8.145142,
        50.025917
       ],
       [
        8.144628,
        50.025724
       ],
       [
        8.14414,
        50.025456
       ],
       [
        8.143126,
        50.025163
       ],
       [
        8.142018,
        50.024748
       ],
       [
        8.140555,
        50.024716
       ],
       [
        8.140358,
        50.02471
       ],
       [
        8.139532,
        50.024671
       ],
       [
        8.137369,
        50.025301
       ],
       [
        8.130912,
        50.024416
       ],
       [
        8.12787,
        50.022526
       ],
       [
        8.127618,
        50.02219
       ],
       [
        8.127091,
        50.022042
       ],
       [
        8.126705,
        50.021803
       ],
       [
        8.118463,
        50.022532
       ],
       [
        8.11836,
        50.021373
       ],
       [
        8.113083,
        50.02121
       ],
       [
        8.107563,
        50.017384
       ],
       [
        8.107574,
        50.017368
       ],
       [
        8.107141,
        50.017159
       ],
       [
        8.107046,
        50.017356
       ],
       [
        8.106878,
        50.017275
       ],
       [
        8.105775,
        50.016839
       ],
       [
        8.105564,
        50.01677
       ],
       [
        8.104831,
        50.016568
       ],
       [
        8.104491,
        50.016491
       ],
       [
        8.104382,
        50.016466
       ],
       [
        8.103442,
        50.01624
       ],
       [
        8.103506,
        50.015974
       ],
       [
        8.100355,
        50.015313
       ],
       [
        8.099465,
        50.014129
       ],
       [
        8.094594,
        50.010507
       ],
       [
        8.094433,
        50.010454
       ],
       [
        8.094236,
        50.010484
       ],
       [
        8.090746,
        50.009836
       ],
       [
        8.090729,
        50.009931
       ],
       [
        8.090186,
        50.009836
       ],
       [
        8.089882,
        50.009675
       ],
       [
        8.089067,
        50.009524
       ],
       [
        8.08815,
        50.009
       ],
       [
        8.088254,
        50.008818
       ],
       [
        8.08766,
        50.008505
       ],
       [
        8.087391,
        50.008399
       ],
       [
        8.086956,
        50.008243
       ],
       [
        8.085837,
        50.007877
       ],
       [
        8.085393,
        50.007746
       ],
       [
        8.08482,
        50.007595
       ],
       [
        8.084474,
        50.007503
       ],
       [
        8.084359,
        50.007472
       ],
       [
        8.082099,
        50.006839
       ],
       [
        8.080606,
        50.00643
       ],
       [
        8.080473,
        50.006393
       ],
       [
        8.079935,
        50.006235
       ],
       [
        8.079899,
        50.006225
       ],
       [
        8.07864,
        50.005964
       ],
       [
        8.078618,
        50.005961
       ],
       [
        8.078494,
        50.005945
       ],
       [
        8.076569,
        50.005675
       ],
       [
        8.076538,
        50.005671
       ],
       [
        8.075862,
        50.005573
       ],
       [
        8.07557,
        50.005526
       ],
       [
        8.074703,
        50.005368
       ],
       [
        8.07397,
        50.005269
       ],
       [
        8.073717,
        50.005247
       ],
       [
        8.073396,
        50.005212
       ],
       [
        8.073,
        50.005161
       ],
       [
        8.072805,
        50.005139
       ],
       [
        8.072211,
        50.005077
       ],
       [
        8.072042,
        50.005063
       ],
       [
        8.071001,
        50.005193
       ],
       [
        8.068833,
        50.00743
       ],
       [
        8.064574,
        50.009724
       ],
       [
        8.059772,
        50.009143
       ],
       [
        8.057954,
        50.008315
       ],
       [
        8.057002,
        50.008255
       ],
       [
        8.056991,
        50.008255
       ],
       [
        8.056513,
        50.008224
       ],
       [
        8.056295,
        50.008207
       ],
       [
        8.055819,
        50.008164
       ],
       [
        8.054313,
        50.007575
       ],
       [
        8.054296,
        50.007646
       ],
       [
        8.053585,
        50.007482
       ],
       [
        8.053508,
        50.007464
       ],
       [
        8.053123,
        50.00738
       ],
       [
        8.053178,
        50.007131
       ],
       [
        8.05295,
        50.007042
       ],
       [
        8.052929,
        50.007171
       ],
       [
        8.052772,
        50.007146
       ],
       [
        8.052252,
        50.007047
       ],
       [
        8.052212,
        50.007038
       ],
       [
        8.052052,
        50.006996
       ],
       [
        8.052044,
        50.00702
       ],
       [
        8.051728,
        50.006915
       ],
       [
        8.051708,
        50.006905
       ],
       [
        8.05167,
        50.006895
       ],
       [
        8.051202,
        50.006755
       ],
       [
        8.050977,
        50.006694
       ],
       [
        8.049434,
        50.006794
       ],
       [
        8.046259,
        50.006356
       ],
       [
        8.046245,
        50.006351
       ],
       [
        8.045919,
        50.006228
       ],
       [
        8.045591,
        50.006096
       ],
       [
        8.045263,
        50.005956
       ],
       [
        8.045067,
        50.005867
       ],
       [
        8.044726,
        50.005702
       ],
       [
        8.044059,
        50.005359
       ],
       [
        8.042706,
        50.005539
       ],
       [
        8.04244,
        50.005575
       ],
       [
        8.038713,
        50.006072
       ],
       [
        8.03359,
        50.005033
       ],
       [
        8.030202,
        50.001051
       ],
       [
        8.03019,
        50.00102
       ],
       [
        8.027943,
        49.999775
       ],
       [
        8.027355,
        49.999324
       ],
       [
        8.0271,
        49.999308
       ],
       [
        8.026644,
        49.999055
       ],
       [
        8.026631,
        49.999052
       ],
       [
        8.026146,
        49.998918
       ],
       [
        8.025675,
        49.998804
       ],
       [
        8.025488,
        49.998764
       ],
       [
        8.02513,
        49.99868
       ],
       [
        8.024521,
        49.998522
       ],
       [
        8.024615,
        49.998162
       ],
       [
        8.023798,
        49.997873
       ],
       [
        8.023686,
        49.998304
       ],
       [
        8.022363,
        49.997961
       ],
       [
        8.02171,
        49.997761
       ],
       [
        8.021377,
        49.997643
       ],
       [
        8.021252,
        49.997598
       ],
       [
        8.020474,
        49.997308
       ],
       [
        8.019418,
        49.996996
       ],
       [
        8.019215,
        49.996951
       ],
       [
        8.019337,
        49.9964
       ],
       [
        8.01913,
        49.996324
       ],
       [
        8.019122,
        49.996547
       ],
       [
        8.018858,
        49.996537
       ],
       [
        8.017611,
        49.995943
       ],
       [
        8.017453,
        49.996362
       ],
       [
        8.0166,
        49.996042
       ],
       [
        8.016668,
        49.995862
       ],
       [
        8.0162,
        49.995803
       ],
       [
        8.01617,
        49.995881
       ],
       [
        8.015881,
        49.99577
       ],
       [
        8.015852,
        49.995758
       ],
       [
        8.013406,
        49.995445
       ],
       [
        8.008642,
        49.99304
       ],
       [
        8.008329,
        49.992713
       ],
       [
        8.008325,
        49.992711
       ],
       [
        8.007934,
        49.992481
       ],
       [
        8.007461,
        49.992181
       ],
       [
        8.006569,
        49.99157
       ],
       [
        8.006572,
        49.991565
       ],
       [
        8.006383,
        49.991449
       ],
       [
        8.006186,
        49.991308
       ],
       [
        8.006253,
        49.991214
       ],
       [
        8.005229,
        49.990391
       ],
       [
        8.005109,
        49.990531
       ],
       [
        8.004928,
        49.990376
       ],
       [
        8.004887,
        49.990349
       ],
       [
        8.004852,
        49.990311
       ],
       [
        8.004681,
        49.990164
       ],
       [
        8.004697,
        49.990145
       ],
       [
        8.004667,
        49.990112
       ],
       [
        8.003992,
        49.98978
       ],
       [
        8.003767,
        49.989484
       ],
       [
        8.003652,
        49.989124
       ],
       [
        8.003249,
        49.9888
       ],
       [
        8.003133,
        49.988647
       ],
       [
        8.003231,
        49.988572
       ],
       [
        8.002466,
        49.987752
       ],
       [
        8.002032,
        49.987466
       ],
       [
        8.001967,
        49.987427
       ],
       [
        8.001422,
        49.98713
       ],
       [
        8.001263,
        49.987051
       ],
       [
        8.000561,
        49.986745
       ],
       [
        8.000449,
        49.986702
       ],
       [
        8.000076,
        49.98657
       ],
       [
        7.999804,
        49.986482
       ],
       [
        7.999251,
        49.986323
       ],
       [
        7.999,
        49.986261
       ],
       [
        7.998368,
        49.986132
       ],
       [
        7.997902,
        49.986055
       ],
       [
        7.997749,
        49.986032
       ],
       [
        7.997348,
        49.985974
       ],
       [
        7.996798,
        49.985895
       ],
       [
        7.996659,
        49.985877
       ],
       [
        7.993957,
        49.985537
       ],
       [
        7.991889,
        49.985277
       ],
       [
        7.991727,
        49.985255
       ],
       [
        7.989823,
        49.984975
       ],
       [
        7.989803,
        49.984972
       ],
       [
        7.988791,
        49.984821
       ],
       [
        7.988265,
        49.984725
       ],
       [
        7.98789,
        49.984643
       ],
       [
        7.98779,
        49.98462
       ],
       [
        7.987273,
        49.984501
       ],
       [
        7.987157,
        49.984471
       ],
       [
        7.984767,
        49.984716
       ],
       [
        7.983213,
        49.984233
       ],
       [
        7.982997,
        49.984266
       ],
       [
        7.98245,
        49.984436
       ],
       [
        7.982398,
        49.984465
       ],
       [
        7.982347,
        49.984469
       ],
       [
        7.982126,
        49.984538
       ],
       [
        7.982091,
        49.984551
       ],
       [
        7.982066,
        49.984487
       ],
       [
        7.975634,
        49.984908
       ],
       [
        7.970958,
        49.980001
       ],
       [
        7.970425,
        49.97841
       ],
       [
        7.96758,
        49.976634
       ],
       [
        7.966734,
        49.976657
       ],
       [
        7.96366,
        49.978761
       ],
       [
        7.955516,
        49.97929
       ],
       [
        7.954513,
        49.97878
       ],
       [
        7.952703,
        49.979474
       ],
       [
        7.947191,
        49.979554
       ],
       [
        7.945511,
        49.978965
       ],
       [
        7.944184,
        49.977418
       ],
       [
        7.943835,
        49.977968
       ],
       [
        7.938358,
        49.974494
       ],
       [
        7.935905,
        49.975033
       ],
       [
        7.935887,
        49.975058
       ],
       [
        7.930732,
        49.978337
       ],
       [
        7.927679,
        49.977664
       ],
       [
        7.927665,
        49.977765
       ],
       [
        7.926868,
        49.977651
       ],
       [
        7.926275,
        49.977354
       ],
       [
        7.924766,
        49.977021
       ],
       [
        7.924671,
        49.976955
       ],
       [
        7.924103,
        49.976428
       ],
       [
        7.924075,
        49.976487
       ],
       [
        7.923977,
        49.97644
       ],
       [
        7.922306,
        49.975834
       ],
       [
        7.921351,
        49.975415
       ],
       [
        7.920979,
        49.975221
       ],
       [
        7.920183,
        49.974748
       ],
       [
        7.918546,
        49.973642
       ],
       [
        7.916624,
        49.973807
       ],
       [
        7.913155,
        49.973336
       ],
       [
        7.912952,
        49.97326
       ],
       [
        7.912787,
        49.973209
       ],
       [
        7.912523,
        49.973124
       ],
       [
        7.912126,
        49.97301
       ],
       [
        7.911263,
        49.972848
       ],
       [
        7.909675,
        49.972646
       ],
       [
        7.909414,
        49.972616
       ],
       [
        7.908966,
        49.972553
       ],
       [
        7.908954,
        49.972551
       ],
       [
        7.907692,
        49.972049
       ],
       [
        7.906512,
        49.971885
       ],
       [
        7.906131,
        49.971842
       ],
       [
        7.905314,
        49.971768
       ],
       [
        7.904628,
        49.971705
       ],
       [
        7.904513,
        49.971694
       ],
       [
        7.904305,
        49.971672
       ],
       [
        7.904037,
        49.971648
       ],
       [
        7.90356,
        49.971614
       ],
       [
        7.903226,
        49.971583
       ],
       [
        7.902627,
        49.971514
       ],
       [
        7.902165,
        49.971464
       ],
       [
        7.902052,
        49.971453
       ],
       [
        7.901907,
        49.971439
       ],
       [
        7.901723,
        49.97142
       ],
       [
        7.901273,
        49.971367
       ],
       [
        7.901256,
        49.971365
       ],
       [
        7.90022,
        49.97124
       ],
       [
        7.900083,
        49.971225
       ],
       [
        7.899373,
        49.971153
       ],
       [
        7.899025,
        49.971109
       ],
       [
        7.898445,
        49.971024
       ],
       [
        7.896526,
        49.970798
       ],
       [
        7.896296,
        49.970768
       ],
       [
        7.895336,
        49.970627
       ],
       [
        7.895204,
        49.970608
       ],
       [
        7.894029,
        49.970456
       ],
       [
        7.893977,
        49.970453
       ],
       [
        7.893194,
        49.97038
       ],
       [
        7.892816,
        49.970326
       ],
       [
        7.892624,
        49.970303
       ],
       [
        7.892567,
        49.970297
       ],
       [
        7.891787,
        49.9702
       ],
       [
        7.891241,
        49.970152
       ],
       [
        7.891106,
        49.970145
       ],
       [
        7.890785,
        49.970121
       ],
       [
        7.890608,
        49.970104
       ],
       [
        7.890073,
        49.970071
       ],
       [
        7.888919,
        49.970039
       ],
       [
        7.888883,
        49.970038
       ],
       [
        7.888185,
        49.970016
       ],
       [
        7.887718,
        49.970015
       ],
       [
        7.887378,
        49.970024
       ],
       [
        7.887185,
        49.970031
       ],
       [
        7.885856,
        49.970098
       ],
       [
        7.885511,
        49.970123
       ],
       [
        7.884733,
        49.970197
       ],
       [
        7.884227,
        49.97026
       ],
       [
        7.883862,
        49.970318
       ],
       [
        7.88338,
        49.97038
       ],
       [
        7.882752,
        49.970441
       ],
       [
        7.881869,
        49.970571
       ],
       [
        7.881623,
        49.970603
       ],
       [
        7.880291,
        49.970757
       ],
       [
        7.880216,
        49.970106
       ],
       [
        7.879685,
        49.970164
       ],
       [
        7.879752,
        49.970864
       ],
       [
        7.879545,
        49.970883
       ],
       [
        7.878822,
        49.970986
       ],
       [
        7.878565,
        49.971034
       ],
       [
        7.877757,
        49.971231
       ],
       [
        7.877198,
        49.971398
       ],
       [
        7.876829,
        49.971518
       ],
       [
        7.876729,
        49.971553
       ],
       [
        7.87174,
        49.975957
       ],
       [
        7.871684,
        49.975892
       ],
       [
        7.868621,
        49.979474
       ],
       [
        7.868454,
        49.979528
       ],
       [
        7.867253,
        49.97982
       ],
       [
        7.867031,
        49.979856
       ],
       [
        7.866932,
        49.980017
       ],
       [
        7.865831,
        49.981419
       ],
       [
        7.865452,
        49.981804
       ],
       [
        7.865343,
        49.982585
       ],
       [
        7.86344,
        49.98566
       ],
       [
        7.863378,
        49.986065
       ],
       [
        7.862533,
        49.988276
       ],
       [
        7.862465,
        49.989889
       ],
       [
        7.861442,
        49.992712
       ],
       [
        7.861504,
        49.992732
       ],
       [
        7.861372,
        49.993152
       ],
       [
        7.861292,
        49.993127
       ],
       [
        7.861232,
        49.993292
       ],
       [
        7.860816,
        49.99545
       ],
       [
        7.860387,
        49.996214
       ],
       [
        7.860364,
        49.996291
       ],
       [
        7.86106,
        50.001623
       ],
       [
        7.859703,
        50.007216
       ],
       [
        7.854942,
        50.01045
       ],
       [
        7.854017,
        50.010666
       ],
       [
        7.853689,
        50.010713
       ],
       [
        7.853608,
        50.010761
       ],
       [
        7.850883,
        50.011396
       ],
       [
        7.850944,
        50.011506
       ],
       [
        7.850214,
        50.011911
       ],
       [
        7.850126,
        50.011971
       ],
       [
        7.849177,
        50.012525
       ],
       [
        7.848578,
        50.012821
       ],
       [
        7.848411,
        50.012902
       ],
       [
        7.847654,
        50.013255
       ],
       [
        7.847479,
        50.013334
       ],
       [
        7.846824,
        50.01362
       ],
       [
        7.846626,
        50.013703
       ],
       [
        7.846212,
        50.013872
       ],
       [
        7.846088,
        50.013921
       ],
       [
        7.845942,
        50.013977
       ],
       [
        7.845728,
        50.013424
       ],
       [
        7.844307,
        50.01399
       ],
       [
        7.844442,
        50.014459
       ],
       [
        7.843912,
        50.014612
       ],
       [
        7.84279,
        50.014695
       ],
       [
        7.841157,
        50.015043
       ],
       [
        7.840795,
        50.015129
       ],
       [
        7.839858,
        50.015374
       ],
       [
        7.839469,
        50.015487
       ],
       [
        7.838266,
        50.015868
       ],
       [
        7.838098,
        50.015921
       ],
       [
        7.838039,
        50.01594
       ],
       [
        7.836799,
        50.016343
       ],
       [
        7.836747,
        50.016183
       ],
       [
        7.835772,
        50.016561
       ],
       [
        7.835825,
        50.016703
       ],
       [
        7.835768,
        50.016724
       ],
       [
        7.83558,
        50.016797
       ],
       [
        7.834853,
        50.017088
       ],
       [
        7.83455,
        50.017217
       ],
       [
        7.83351,
        50.017684
       ],
       [
        7.833271,
        50.017796
       ],
       [
        7.832884,
        50.017986
       ],
       [
        7.832411,
        50.018237
       ],
       [
        7.832087,
        50.018424
       ],
       [
        7.830914,
        50.019436
       ],
       [
        7.830246,
        50.019829
       ],
       [
        7.830137,
        50.019915
       ],
       [
        7.829941,
        50.020076
       ],
       [
        7.829673,
        50.020308
       ],
       [
        7.82955,
        50.020419
       ],
       [
        7.8295,
        50.020364
       ],
       [
        7.829014,
        50.020865
       ],
       [
        7.829058,
        50.020904
       ],
       [
        7.828893,
        50.02109
       ],
       [
        7.828507,
        50.021495
       ],
       [
        7.828321,
        50.021676
       ],
       [
        7.828088,
        50.021913
       ],
       [
        7.827728,
        50.022295
       ],
       [
        7.826755,
        50.023338
       ],
       [
        7.826672,
        50.023426
       ],
       [
        7.826358,
        50.023745
       ],
       [
        7.82634,
        50.023762
       ],
       [
        7.825963,
        50.024149
       ],
       [
        7.825737,
        50.024396
       ],
       [
        7.825697,
        50.02444
       ],
       [
        7.8253,
        50.024883
       ],
       [
        7.825166,
        50.025028
       ],
       [
        7.825118,
        50.025079
       ],
       [
        7.823168,
        50.026592
       ],
       [
        7.823022,
        50.026672
       ],
       [
        7.82204,
        50.027793
       ],
       [
        7.821434,
        50.028414
       ],
       [
        7.820563,
        50.029213
       ],
       [
        7.820288,
        50.029512
       ],
       [
        7.82012,
        50.029693
       ],
       [
        7.818588,
        50.030896
       ],
       [
        7.817786,
        50.031752
       ],
       [
        7.817716,
        50.031825
       ],
       [
        7.816906,
        50.032667
       ],
       [
        7.81677,
        50.032805
       ],
       [
        7.815787,
        50.033778
       ],
       [
        7.815115,
        50.034536
       ],
       [
        7.813846,
        50.035074
       ],
       [
        7.813441,
        50.035565
       ],
       [
        7.810619,
        50.037739
       ],
       [
        7.809552,
        50.03823
       ],
       [
        7.809549,
        50.038226
       ],
       [
        7.808549,
        50.038773
       ],
       [
        7.808019,
        50.038964
       ],
       [
        7.806557,
        50.039135
       ],
       [
        7.805965,
        50.03962
       ],
       [
        7.800706,
        50.041177
       ],
       [
        7.800716,
        50.041281
       ],
       [
        7.800695,
        50.041283
       ],
       [
        7.80056,
        50.041295
       ],
       [
        7.800457,
        50.041304
       ],
       [
        7.800367,
        50.041311
       ],
       [
        7.800218,
        50.041322
       ],
       [
        7.800018,
        50.041381
       ],
       [
        7.799842,
        50.041361
       ],
       [
        7.799656,
        50.041381
       ],
       [
        7.799369,
        50.041422
       ],
       [
        7.797496,
        50.041454
       ],
       [
        7.794791,
        50.042846
       ],
       [
        7.793349,
        50.042918
       ],
       [
        7.792692,
        50.043463
       ],
       [
        7.791395,
        50.04415
       ],
       [
        7.791323,
        50.044195
       ],
       [
        7.78929,
        50.045054
       ],
       [
        7.788709,
        50.045658
       ],
       [
        7.7885,
        50.045788
       ],
       [
        7.788331,
        50.045898
       ],
       [
        7.788025,
        50.045427
       ],
       [
        7.787925,
        50.045451
       ]
      ]
     ],
     [
      [
       [
        8.197642,
        50.067639
       ],
       [
        8.198599,
        50.07199
       ],
       [
        8.198316,
        50.07337
       ],
       [
        8.199598,
        50.075866
       ],
       [
        8.20182,
        50.076982
       ],
       [
        8.20574,
        50.076816
       ],
       [
        8.207304,
        50.076015
       ],
       [
        8.20734,
        50.075991
       ],
       [
        8.209745,
        50.071958
       ],
       [
        8.208623,
        50.068878
       ],
       [
        8.205262,
        50.067347
       ],
       [
        8.204021,
        50.067576
       ],
       [
        8.199705,
        50.067633
       ],
       [
        8.1997,
        50.067191
       ],
       [
        8.197642,
        50.067639
       ]
      ]
     ]
    ]
   }
  },
  {
   "type": "Feature",
   "properties": {
    "slug": "starkenburg",
    "name": "Starkenburg",
    "tier": "bereich",
    "statute_section": "3.2.1",
    "gemeinden_count": 5,
    "parcels": 227,
    "hectares": 453.2,
    "display_hectares": 2833.4,
    "raw_parts": 64,
    "parts": 2
   },
   "geometry": {
    "type": "MultiPolygon",
    "coordinates": [
     [
      [
       [
        8.597353,
        49.71155
       ],
       [
        8.597328,
        49.715383
       ],
       [
        8.600325,
        49.717685
       ],
       [
        8.602673,
        49.716879
       ],
       [
        8.608913,
        49.717322
       ],
       [
        8.612926,
        49.722122
       ],
       [
        8.613089,
        49.722657
       ],
       [
        8.6133,
        49.723527
       ],
       [
        8.613333,
        49.723702
       ],
       [
        8.613309,
        49.726734
       ],
       [
        8.612623,
        49.730145
       ],
       [
        8.61251,
        49.730371
       ],
       [
        8.612723,
        49.731797
       ],
       [
        8.612683,
        49.731959
       ],
       [
        8.612858,
        49.732699
       ],
       [
        8.613422,
        49.736464
       ],
       [
        8.613955,
        49.737309
       ],
       [
        8.615138,
        49.737747
       ],
       [
        8.616767,
        49.73923
       ],
       [
        8.620989,
        49.738529
       ],
       [
        8.622925,
        49.738446
       ],
       [
        8.624068,
        49.738536
       ],
       [
        8.625875,
        49.736987
       ],
       [
        8.626373,
        49.734265
       ],
       [
        8.625673,
        49.733122
       ],
       [
        8.624686,
        49.727206
       ],
       [
        8.625705,
        49.725727
       ],
       [
        8.626044,
        49.723391
       ],
       [
        8.627717,
        49.719539
       ],
       [
        8.62774,
        49.719511
       ],
       [
        8.63034,
        49.71751
       ],
       [
        8.631647,
        49.715017
       ],
       [
        8.631422,
        49.713963
       ],
       [
        8.631857,
        49.709225
       ],
       [
        8.634907,
        49.705572
       ],
       [
        8.637516,
        49.703887
       ],
       [
        8.639434,
        49.701614
       ],
       [
        8.642007,
        49.70006
       ],
       [
        8.642254,
        49.698413
       ],
       [
        8.642563,
        49.697109
       ],
       [
        8.643261,
        49.694978
       ],
       [
        8.64583,
        49.691427
       ],
       [
        8.645856,
        49.691353
       ],
       [
        8.645894,
        49.691338
       ],
       [
        8.646118,
        49.691029
       ],
       [
        8.650622,
        49.689508
       ],
       [
        8.6521,
        49.688936
       ],
       [
        8.65237,
        49.688953
       ],
       [
        8.652782,
        49.68899
       ],
       [
        8.653176,
        49.689035
       ],
       [
        8.657249,
        49.688092
       ],
       [
        8.662047,
        49.688466
       ],
       [
        8.666738,
        49.690359
       ],
       [
        8.667983,
        49.689857
       ],
       [
        8.669882,
        49.689352
       ],
       [
        8.672351,
        49.689012
       ],
       [
        8.672947,
        49.689187
       ],
       [
        8.672999,
        49.689166
       ],
       [
        8.674897,
        49.688661
       ],
       [
        8.675535,
        49.688573
       ],
       [
        8.676996,
        49.685551
       ],
       [
        8.676308,
        49.683078
       ],
       [
        8.673162,
        49.680957
       ],
       [
        8.669356,
        49.679601
       ],
       [
        8.669054,
        49.679363
       ],
       [
        8.668031,
        49.679239
       ],
       [
        8.667807,
        49.679125
       ],
       [
        8.665662,
        49.677532
       ],
       [
        8.665515,
        49.677377
       ],
       [
        8.664634,
        49.67628
       ],
       [
        8.664455,
        49.676011
       ],
       [
        8.664367,
        49.676026
       ],
       [
        8.663813,
        49.675922
       ],
       [
        8.659241,
        49.673296
       ],
       [
        8.657296,
        49.668394
       ],
       [
        8.658194,
        49.665429
       ],
       [
        8.658106,
        49.664862
       ],
       [
        8.659129,
        49.661079
       ],
       [
        8.658937,
        49.661016
       ],
       [
        8.659435,
        49.659515
       ],
       [
        8.659684,
        49.659028
       ],
       [
        8.659801,
        49.658595
       ],
       [
        8.659942,
        49.658523
       ],
       [
        8.660543,
        49.65735
       ],
       [
        8.662896,
        49.654093
       ],
       [
        8.663152,
        49.654278
       ],
       [
        8.66575,
        49.65018
       ],
       [
        8.666749,
        49.64965
       ],
       [
        8.667213,
        49.649281
       ],
       [
        8.668214,
        49.647356
       ],
       [
        8.670554,
        49.645312
       ],
       [
        8.670242,
        49.644956
       ],
       [
        8.674481,
        49.641244
       ],
       [
        8.674758,
        49.638553
       ],
       [
        8.674097,
        49.637337
       ],
       [
        8.672493,
        49.632932
       ],
       [
        8.667978,
        49.630184
       ],
       [
        8.667829,
        49.630187
       ],
       [
        8.66751,
        49.63025
       ],
       [
        8.667287,
        49.630199
       ],
       [
        8.66727,
        49.6302
       ],
       [
        8.66727,
        49.630195
       ],
       [
        8.66116,
        49.628798
       ],
       [
        8.657995,
        49.623104
       ],
       [
        8.657969,
        49.622811
       ],
       [
        8.656629,
        49.621352
       ],
       [
        8.655411,
        49.618655
       ],
       [
        8.65426,
        49.617432
       ],
       [
        8.653311,
        49.616989
       ],
       [
        8.651615,
        49.615919
       ],
       [
        8.650468,
        49.614976
       ],
       [
        8.646328,
        49.615211
       ],
       [
        8.646317,
        49.61501
       ],
       [
        8.64551,
        49.615263
       ],
       [
        8.644211,
        49.615214
       ],
       [
        8.643575,
        49.615369
       ],
       [
        8.641964,
        49.61626
       ],
       [
        8.641284,
        49.616505
       ],
       [
        8.638518,
        49.619525
       ],
       [
        8.638486,
        49.619596
       ],
       [
        8.638455,
        49.619668
       ],
       [
        8.638213,
        49.620221
       ],
       [
        8.638065,
        49.620157
       ],
       [
        8.638188,
        49.62257
       ],
       [
        8.637876,
        49.624881
       ],
       [
        8.6379,
        49.624885
       ],
       [
        8.63749,
        49.627264
       ],
       [
        8.637536,
        49.628424
       ],
       [
        8.637679,
        49.628408
       ],
       [
        8.637695,
        49.628547
       ],
       [
        8.637541,
        49.628565
       ],
       [
        8.637567,
        49.629232
       ],
       [
        8.637663,
        49.629215
       ],
       [
        8.637839,
        49.630216
       ],
       [
        8.64042,
        49.635686
       ],
       [
        8.640954,
        49.641009
       ],
       [
        8.639133,
        49.643777
       ],
       [
        8.639139,
        49.64378
       ],
       [
        8.639065,
        49.643926
       ],
       [
        8.638959,
        49.644043
       ],
       [
        8.638758,
        49.644348
       ],
       [
        8.638815,
        49.644388
       ],
       [
        8.638548,
        49.64477
       ],
       [
        8.638533,
        49.644759
       ],
       [
        8.638391,
        49.645145
       ],
       [
        8.638024,
        49.645995
       ],
       [
        8.63789,
        49.64626
       ],
       [
        8.637845,
        49.646639
       ],
       [
        8.637524,
        49.647516
       ],
       [
        8.636537,
        49.649396
       ],
       [
        8.636032,
        49.650109
       ],
       [
        8.632334,
        49.652965
       ],
       [
        8.630503,
        49.653657
       ],
       [
        8.627992,
        49.658675
       ],
       [
        8.627941,
        49.65865
       ],
       [
        8.626481,
        49.66555
       ],
       [
        8.627242,
        49.668319
       ],
       [
        8.627955,
        49.668181
       ],
       [
        8.628037,
        49.668604
       ],
       [
        8.627725,
        49.670076
       ],
       [
        8.627993,
        49.671052
       ],
       [
        8.627913,
        49.671415
       ],
       [
        8.627462,
        49.671316
       ],
       [
        8.627361,
        49.671796
       ],
       [
        8.627737,
        49.671854
       ],
       [
        8.627684,
        49.672194
       ],
       [
        8.627739,
        49.672206
       ],
       [
        8.627722,
        49.672286
       ],
       [
        8.627643,
        49.672414
       ],
       [
        8.62698,
        49.674573
       ],
       [
        8.626237,
        49.67614
       ],
       [
        8.621867,
        49.680185
       ],
       [
        8.62132,
        49.680394
       ],
       [
        8.620225,
        49.681416
       ],
       [
        8.619639,
        49.682409
       ],
       [
        8.619542,
        49.682658
       ],
       [
        8.619359,
        49.683285
       ],
       [
        8.619336,
        49.683386
       ],
       [
        8.619257,
        49.683847
       ],
       [
        8.619273,
        49.685472
       ],
       [
        8.619419,
        49.685953
       ],
       [
        8.620562,
        49.687062
       ],
       [
        8.622139,
        49.69084
       ],
       [
        8.622334,
        49.691031
       ],
       [
        8.622456,
        49.697067
       ],
       [
        8.620975,
        49.700923
       ],
       [
        8.621125,
        49.70335
       ],
       [
        8.618046,
        49.707693
       ],
       [
        8.617849,
        49.707832
       ],
       [
        8.613382,
        49.709297
       ],
       [
        8.608863,
        49.707999
       ],
       [
        8.605811,
        49.706008
       ],
       [
        8.600093,
        49.707329
       ],
       [
        8.598185,
        49.710494
       ],
       [
        8.597353,
        49.71155
       ]
      ]
     ],
     [
      [
       [
        8.649417,
        49.779891
       ],
       [
        8.649102,
        49.781151
       ],
       [
        8.64935,
        49.781881
       ],
       [
        8.649302,
        49.782433
       ],
       [
        8.649499,
        49.782595
       ],
       [
        8.650987,
        49.784401
       ],
       [
        8.651644,
        49.784512
       ],
       [
        8.653599,
        49.785021
       ],
       [
        8.656413,
        49.783338
       ],
       [
        8.657429,
        49.777006
       ],
       [
        8.657709,
        49.777051
       ],
       [
        8.657447,
        49.773472
       ],
       [
        8.658631,
        49.771062
       ],
       [
        8.65776,
        49.768294
       ],
       [
        8.655102,
        49.76675
       ],
       [
        8.650523,
        49.76815
       ],
       [
        8.649365,
        49.770575
       ],
       [
        8.650329,
        49.773639
       ],
       [
        8.650049,
        49.779195
       ],
       [
        8.649976,
        49.779364
       ],
       [
        8.649417,
        49.779891
       ]
      ]
     ]
    ]
   }
  },
  {
   "type": "Feature",
   "properties": {
    "slug": "umstadt",
    "name": "Umstadt",
    "tier": "bereich",
    "statute_section": "3.2.2",
    "gemeinden_count": 4,
    "parcels": 60,
    "hectares": 113.6,
    "display_hectares": 950.9,
    "raw_parts": 12,
    "parts": 2
   },
   "geometry": {
    "type": "MultiPolygon",
    "coordinates": [
     [
      [
       [
        8.913248,
        49.850075
       ],
       [
        8.917794,
        49.851848
       ],
       [
        8.920601,
        49.850746
       ],
       [
        8.9272,
        49.851087
       ],
       [
        8.930617,
        49.85542
       ],
       [
        8.931929,
        49.85619
       ],
       [
        8.935749,
        49.861645
       ],
       [
        8.936198,
        49.864088
       ],
       [
        8.93625,
        49.866661
       ],
       [
        8.935321,
        49.87319
       ],
       [
        8.934781,
        49.873113
       ],
       [
        8.934992,
        49.875131
       ],
       [
        8.934567,
        49.876238
       ],
       [
        8.934266,
        49.87672
       ],
       [
        8.934223,
        49.87713
       ],
       [
        8.93368,
        49.87854
       ],
       [
        8.933676,
        49.878744
       ],
       [
        8.933591,
        49.878964
       ],
       [
        8.932851,
        49.880425
       ],
       [
        8.931931,
        49.881854
       ],
       [
        8.932126,
        49.883604
       ],
       [
        8.932107,
        49.883764
       ],
       [
        8.932173,
        49.884031
       ],
       [
        8.932255,
        49.884762
       ],
       [
        8.933514,
        49.8868
       ],
       [
        8.934051,
        49.887215
       ],
       [
        8.934964,
        49.887504
       ],
       [
        8.936814,
        49.888467
       ],
       [
        8.937366,
        49.888459
       ],
       [
        8.943196,
        49.89087
       ],
       [
        8.944601,
        49.89231
       ],
       [
        8.944335,
        49.892569
       ],
       [
        8.946405,
        49.893747
       ],
       [
        8.947972,
        49.896323
       ],
       [
        8.951855,
        49.897891
       ],
       [
        8.952506,
        49.897799
       ],
       [
        8.952681,
        49.89775
       ],
       [
        8.954407,
        49.897461
       ],
       [
        8.954893,
        49.897434
       ],
       [
        8.958707,
        49.89563
       ],
       [
        8.959593,
        49.893257
       ],
       [
        8.958158,
        49.889993
       ],
       [
        8.957822,
        49.889872
       ],
       [
        8.953682,
        49.886463
       ],
       [
        8.950619,
        49.881354
       ],
       [
        8.950003,
        49.874394
       ],
       [
        8.950195,
        49.873891
       ],
       [
        8.950415,
        49.869073
       ],
       [
        8.951715,
        49.867598
       ],
       [
        8.952088,
        49.864267
       ],
       [
        8.954813,
        49.8591
       ],
       [
        8.960324,
        49.857163
       ],
       [
        8.960461,
        49.857168
       ],
       [
        8.964623,
        49.856135
       ],
       [
        8.964737,
        49.856066
       ],
       [
        8.965596,
        49.855623
       ],
       [
        8.967278,
        49.853855
       ],
       [
        8.969569,
        49.852826
       ],
       [
        8.969915,
        49.851706
       ],
       [
        8.970634,
        49.850062
       ],
       [
        8.97149,
        49.848583
       ],
       [
        8.971736,
        49.848725
       ],
       [
        8.972394,
        49.846591
       ],
       [
        8.97303,
        49.845887
       ],
       [
        8.973285,
        49.843001
       ],
       [
        8.970716,
        49.839516
       ],
       [
        8.968667,
        49.839566
       ],
       [
        8.967388,
        49.839494
       ],
       [
        8.965905,
        49.839292
       ],
       [
        8.965313,
        49.839601
       ],
       [
        8.96512,
        49.839736
       ],
       [
        8.964853,
        49.839891
       ],
       [
        8.963941,
        49.840821
       ],
       [
        8.963359,
        49.84136
       ],
       [
        8.962116,
        49.8424
       ],
       [
        8.962058,
        49.842421
       ],
       [
        8.961254,
        49.844141
       ],
       [
        8.958052,
        49.846844
       ],
       [
        8.958302,
        49.847146
       ],
       [
        8.952039,
        49.852322
       ],
       [
        8.946814,
        49.854154
       ],
       [
        8.94165,
        49.852154
       ],
       [
        8.938259,
        49.849162
       ],
       [
        8.936561,
        49.849332
       ],
       [
        8.93656,
        49.849352
       ],
       [
        8.935923,
        49.849317
       ],
       [
        8.935598,
        49.84931
       ],
       [
        8.935603,
        49.849111
       ],
       [
        8.93232,
        49.850201
       ],
       [
        8.93009,
        49.849868
       ],
       [
        8.928166,
        49.850428
       ],
       [
        8.923333,
        49.848502
       ],
       [
        8.921091,
        49.844671
       ],
       [
        8.917171,
        49.842988
       ],
       [
        8.913141,
        49.845162
       ],
       [
        8.912224,
        49.84754
       ],
       [
        8.913248,
        49.850075
       ]
      ]
     ],
     [
      [
       [
        8.763438,
        49.848959
       ],
       [
        8.763745,
        49.850722
       ],
       [
        8.763673,
        49.853033
       ],
       [
        8.766399,
        49.855073
       ],
       [
        8.768883,
        49.854811
       ],
       [
        8.769485,
        49.854879
       ],
       [
        8.770701,
        49.853944
       ],
       [
        8.772367,
        49.852989
       ],
       [
        8.773347,
        49.850387
       ],
       [
        8.773426,
        49.848837
       ],
       [
        8.770699,
        49.844904
       ],
       [
        8.767857,
        49.844392
       ],
       [
        8.76565,
        49.845255
       ],
       [
        8.763904,
        49.848397
       ],
       [
        8.763438,
        49.848959
       ]
      ]
     ]
    ]
   }
  },
  {
   "type": "Feature",
   "properties": {
    "slug": "johannisberg",
    "name": "Johannisberg",
    "tier": "bereich",
    "statute_section": "3.2.3",
    "gemeinden_count": 10,
    "parcels": 1663,
    "hectares": 3693.4,
    "display_hectares": 10958.8,
    "raw_parts": 114,
    "parts": 4
   },
   "geometry": {
    "type": "MultiPolygon",
    "coordinates": [
     [
      [
       [
        8.305446,
        50.017539
       ],
       [
        8.309374,
        50.021933
       ],
       [
        8.309582,
        50.022011
       ],
       [
        8.309722,
        50.022062
       ],
       [
        8.310344,
        50.022281
       ],
       [
        8.315966,
        50.022331
       ],
       [
        8.318394,
        50.021669
       ],
       [
        8.319729,
        50.021753
       ],
       [
        8.323443,
        50.019338
       ],
       [
        8.325755,
        50.018312
       ],
       [
        8.32582,
        50.018295
       ],
       [
        8.327308,
        50.018047
       ],
       [
        8.330122,
        50.01785
       ],
       [
        8.331587,
        50.017312
       ],
       [
        8.334683,
        50.016828
       ],
       [
        8.334984,
        50.016841
       ],
       [
        8.335144,
        50.016846
       ],
       [
        8.336012,
        50.016865
       ],
       [
        8.336102,
        50.016866
       ],
       [
        8.336426,
        50.01687
       ],
       [
        8.336701,
        50.016878
       ],
       [
        8.336912,
        50.016887
       ],
       [
        8.337542,
        50.016901
       ],
       [
        8.339926,
        50.015782
       ],
       [
        8.343136,
        50.015025
       ],
       [
        8.343696,
        50.015012
       ],
       [
        8.343887,
        50.015002
       ],
       [
        8.344076,
        50.01499
       ],
       [
        8.345069,
        50.014914
       ],
       [
        8.345428,
        50.014887
       ],
       [
        8.345454,
        50.015229
       ],
       [
        8.34563,
        50.015158
       ],
       [
        8.345607,
        50.014904
       ],
       [
        8.34701,
        50.014779
       ],
       [
        8.347153,
        50.014761
       ],
       [
        8.347376,
        50.014735
       ],
       [
        8.347495,
        50.014723
       ],
       [
        8.352589,
        50.015928
       ],
       [
        8.355847,
        50.020024
       ],
       [
        8.355869,
        50.024131
       ],
       [
        8.357414,
        50.028261
       ],
       [
        8.358681,
        50.029764
       ],
       [
        8.358974,
        50.030134
       ],
       [
        8.362351,
        50.032321
       ],
       [
        8.365571,
        50.036445
       ],
       [
        8.365553,
        50.041677
       ],
       [
        8.365169,
        50.042777
       ],
       [
        8.365542,
        50.045292
       ],
       [
        8.365571,
        50.046016
       ],
       [
        8.367202,
        50.048077
       ],
       [
        8.371157,
        50.048731
       ],
       [
        8.37183,
        50.048538
       ],
       [
        8.376306,
        50.044857
       ],
       [
        8.378465,
        50.041404
       ],
       [
        8.384918,
        50.040303
       ],
       [
        8.388058,
        50.041113
       ],
       [
        8.388944,
        50.040471
       ],
       [
        8.391328,
        50.039952
       ],
       [
        8.395129,
        50.037727
       ],
       [
        8.397023,
        50.037663
       ],
       [
        8.397112,
        50.037717
       ],
       [
        8.398175,
        50.037267
       ],
       [
        8.398393,
        50.037255
       ],
       [
        8.398896,
        50.036764
       ],
       [
        8.399232,
        50.036366
       ],
       [
        8.399238,
        50.036371
       ],
       [
        8.399368,
        50.036243
       ],
       [
        8.399397,
        50.03616
       ],
       [
        8.399471,
        50.036068
       ],
       [
        8.399543,
        50.035979
       ],
       [
        8.399778,
        50.035692
       ],
       [
        8.399861,
        50.03576
       ],
       [
        8.400439,
        50.035195
       ],
       [
        8.400569,
        50.035093
       ],
       [
        8.400833,
        50.034535
       ],
       [
        8.404136,
        50.031825
       ],
       [
        8.405024,
        50.031514
       ],
       [
        8.40518,
        50.031334
       ],
       [
        8.405682,
        50.030183
       ],
       [
        8.410692,
        50.027763
       ],
       [
        8.415497,
        50.027307
       ],
       [
        8.417238,
        50.024853
       ],
       [
        8.41711,
        50.022295
       ],
       [
        8.416032,
        50.021291
       ],
       [
        8.414662,
        50.019721
       ],
       [
        8.414605,
        50.019688
       ],
       [
        8.413145,
        50.019167
       ],
       [
        8.41284,
        50.018848
       ],
       [
        8.412589,
        50.018314
       ],
       [
        8.412263,
        50.018069
       ],
       [
        8.411976,
        50.01802
       ],
       [
        8.411934,
        50.018105
       ],
       [
        8.411635,
        50.017961
       ],
       [
        8.410947,
        50.017843
       ],
       [
        8.410466,
        50.017622
       ],
       [
        8.408454,
        50.016299
       ],
       [
        8.408423,
        50.016272
       ],
       [
        8.408304,
        50.016178
       ],
       [
        8.407982,
        50.016114
       ],
       [
        8.403523,
        50.014464
       ],
       [
        8.398737,
        50.009571
       ],
       [
        8.399486,
        50.002767
       ],
       [
        8.400219,
        50.001577
       ],
       [
        8.399791,
        49.999166
       ],
       [
        8.396833,
        49.996837
       ],
       [
        8.395692,
        49.996627
       ],
       [
        8.39517,
        49.996595
       ],
       [
        8.392098,
        49.995625
       ],
       [
        8.390628,
        49.995641
       ],
       [
        8.389991,
        49.995844
       ],
       [
        8.386793,
        49.996489
       ],
       [
        8.386617,
        49.996522
       ],
       [
        8.386399,
        49.996561
       ],
       [
        8.385511,
        49.996669
       ],
       [
        8.38416,
        49.996757
       ],
       [
        8.382665,
        49.996981
       ],
       [
        8.380985,
        49.997469
       ],
       [
        8.379946,
        49.997697
       ],
       [
        8.379597,
        49.997749
       ],
       [
        8.378499,
        49.997975
       ],
       [
        8.378107,
        49.998045
       ],
       [
        8.377965,
        49.998067
       ],
       [
        8.377878,
        49.998081
       ],
       [
        8.377465,
        49.998149
       ],
       [
        8.377203,
        49.998197
       ],
       [
        8.375701,
        49.998497
       ],
       [
        8.375303,
        49.998566
       ],
       [
        8.373624,
        49.998813
       ],
       [
        8.373442,
        49.998838
       ],
       [
        8.372637,
        49.998938
       ],
       [
        8.37246,
        49.998958
       ],
       [
        8.371729,
        49.999032
       ],
       [
        8.371297,
        49.999064
       ],
       [
        8.370593,
        49.999097
       ],
       [
        8.370145,
        49.999106
       ],
       [
        8.369693,
        49.999102
       ],
       [
        8.369048,
        49.999122
       ],
       [
        8.367773,
        49.999214
       ],
       [
        8.3676,
        49.999226
       ],
       [
        8.367052,
        49.999247
       ],
       [
        8.366917,
        49.999247
       ],
       [
        8.366233,
        49.99922
       ],
       [
        8.364381,
        49.999067
       ],
       [
        8.363662,
        49.999034
       ],
       [
        8.362764,
        49.998943
       ],
       [
        8.361956,
        49.998814
       ],
       [
        8.361759,
        49.99878
       ],
       [
        8.36069,
        49.998582
       ],
       [
        8.357427,
        49.999318
       ],
       [
        8.356626,
        49.999156
       ],
       [
        8.354681,
        49.999937
       ],
       [
        8.349935,
        50.001007
       ],
       [
        8.34897,
        50.001164
       ],
       [
        8.34881,
        50.00118
       ],
       [
        8.346599,
        50.001015
       ],
       [
        8.346328,
        50.001086
       ],
       [
        8.34607,
        50.001101
       ],
       [
        8.345347,
        50.001176
       ],
       [
        8.345182,
        50.001201
       ],
       [
        8.344894,
        50.001244
       ],
       [
        8.343643,
        50.001673
       ],
       [
        8.342779,
        50.001789
       ],
       [
        8.342799,
        50.001823
       ],
       [
        8.342704,
        50.001876
       ],
       [
        8.342275,
        50.001918
       ],
       [
        8.341838,
        50.002293
       ],
       [
        8.34147,
        50.00242
       ],
       [
        8.341329,
        50.00201
       ],
       [
        8.340646,
        50.002076
       ],
       [
        8.340539,
        50.002091
       ],
       [
        8.340514,
        50.002089
       ],
       [
        8.339986,
        50.002141
       ],
       [
        8.340046,
        50.002367
       ],
       [
        8.338866,
        50.002684
       ],
       [
        8.338822,
        50.002521
       ],
       [
        8.338142,
        50.002848
       ],
       [
        8.338075,
        50.002859
       ],
       [
        8.336069,
        50.003213
       ],
       [
        8.335987,
        50.002745
       ],
       [
        8.334612,
        50.003374
       ],
       [
        8.333785,
        50.003366
       ],
       [
        8.331176,
        50.002903
       ],
       [
        8.329287,
        50.00223
       ],
       [
        8.32732,
        50.002234
       ],
       [
        8.32729,
        50.002579
       ],
       [
        8.326661,
        50.002526
       ],
       [
        8.326464,
        50.002511
       ],
       [
        8.32573,
        50.002468
       ],
       [
        8.325499,
        50.002457
       ],
       [
        8.324604,
        50.00243
       ],
       [
        8.323796,
        50.002408
       ],
       [
        8.322643,
        50.00246
       ],
       [
        8.322343,
        50.002496
       ],
       [
        8.321331,
        50.002551
       ],
       [
        8.320588,
        50.002544
       ],
       [
        8.314763,
        50.004561
       ],
       [
        8.314253,
        50.004945
       ],
       [
        8.314438,
        50.005101
       ],
       [
        8.312754,
        50.007098
       ],
       [
        8.310341,
        50.009033
       ],
       [
        8.310264,
        50.009074
       ],
       [
        8.307927,
        50.009752
       ],
       [
        8.305878,
        50.0116
       ],
       [
        8.305446,
        50.017539
       ]
      ],
      [
       [
        8.368196,
        50.027376
       ],
       [
        8.368209,
        50.027111
       ],
       [
        8.368236,
        50.027025
       ],
       [
        8.366484,
        50.022451
       ],
       [
        8.366992,
        50.015649
       ],
       [
        8.372562,
        50.011712
       ],
       [
        8.373129,
        50.011612
       ],
       [
        8.373628,
        50.011507
       ],
       [
        8.374738,
        50.011237
       ],
       [
        8.376405,
        50.011013
       ],
       [
        8.377213,
        50.01099
       ],
       [
        8.377546,
        50.010974
       ],
       [
        8.378941,
        50.010877
       ],
       [
        8.379803,
        50.010769
       ],
       [
        8.381412,
        50.010479
       ],
       [
        8.386576,
        50.011282
       ],
       [
        8.388409,
        50.013246
       ],
       [
        8.391097,
        50.014418
       ],
       [
        8.395606,
        50.019602
       ],
       [
        8.394431,
        50.026372
       ],
       [
        8.394426,
        50.026379
       ],
       [
        8.390538,
        50.029309
       ],
       [
        8.39051,
        50.029319
       ],
       [
        8.389385,
        50.029819
       ],
       [
        8.389129,
        50.029969
       ],
       [
        8.388772,
        50.030194
       ],
       [
        8.388767,
        50.030202
       ],
       [
        8.388629,
        50.030284
       ],
       [
        8.388627,
        50.030285
       ],
       [
        8.388624,
        50.030287
       ],
       [
        8.385208,
        50.032327
       ],
       [
        8.385209,
        50.032328
       ],
       [
        8.381512,
        50.036274
       ],
       [
        8.376445,
        50.038767
       ],
       [
        8.370993,
        50.037293
       ],
       [
        8.367874,
        50.032584
       ],
       [
        8.367776,
        50.032154
       ],
       [
        8.367929,
        50.028021
       ],
       [
        8.368,
        50.02779
       ],
       [
        8.368196,
        50.027376
       ]
      ]
     ],
     [
      [
       [
        8.22542,
        50.099635
       ],
       [
        8.227753,
        50.10055
       ],
       [
        8.228381,
        50.101133
       ],
       [
        8.228638,
        50.101193
       ],
       [
        8.228669,
        50.101198
       ],
       [
        8.22919,
        50.101282
       ],
       [
        8.229428,
        50.101279
       ],
       [
        8.229425,
        50.101255
       ],
       [
        8.234943,
        50.100518
       ],
       [
        8.235472,
        50.099743
       ],
       [
        8.236274,
        50.09875
       ],
       [
        8.237016,
        50.097967
       ],
       [
        8.23712,
        50.09733
       ],
       [
        8.237209,
        50.0972
       ],
       [
        8.236903,
        50.094777
       ],
       [
        8.234303,
        50.092496
       ],
       [
        8.233345,
        50.092298
       ],
       [
        8.232844,
        50.092311
       ],
       [
        8.230701,
        50.092076
       ],
       [
        8.230686,
        50.092072
       ],
       [
        8.230189,
        50.092021
       ],
       [
        8.229868,
        50.091989
       ],
       [
        8.228678,
        50.091868
       ],
       [
        8.227003,
        50.092599
       ],
       [
        8.226636,
        50.092635
       ],
       [
        8.224271,
        50.094581
       ],
       [
        8.223848,
        50.096944
       ],
       [
        8.22542,
        50.099635
       ]
      ]
     ],
     [
      [
       [
        7.787925,
        50.045451
       ],
       [
        7.787682,
        50.045693
       ],
       [
        7.787851,
        50.045912
       ],
       [
        7.787586,
        50.046117
       ],
       [
        7.787485,
        50.045987
       ],
       [
        7.7867,
        50.046695
       ],
       [
        7.786288,
        50.047122
       ],
       [
        7.786125,
        50.047207
       ],
       [
        7.7861,
        50.047159
       ],
       [
        7.785661,
        50.04738
       ],
       [
        7.785688,
        50.04743
       ],
       [
        7.78548,
        50.047544
       ],
       [
        7.785449,
        50.047488
       ],
       [
        7.785144,
        50.047641
       ],
       [
        7.78518,
        50.047706
       ],
       [
        7.785021,
        50.047799
       ],
       [
        7.783864,
        50.048297
       ],
       [
        7.783004,
        50.048879
       ],
       [
        7.782916,
        50.048951
       ],
       [
        7.782594,
        50.049282
       ],
       [
        7.781571,
        50.052808
       ],
       [
        7.783063,
        50.055798
       ],
       [
        7.787554,
        50.05821
       ],
       [
        7.787769,
        50.058241
       ],
       [
        7.791624,
        50.055832
       ],
       [
        7.792508,
        50.055354
       ],
       [
        7.792876,
        50.055184
       ],
       [
        7.792893,
        50.055147
       ],
       [
        7.793073,
        50.05495
       ],
       [
        7.795691,
        50.053056
       ],
       [
        7.796372,
        50.05275
       ],
       [
        7.796449,
        50.052923
       ],
       [
        7.796997,
        50.05242
       ],
       [
        7.797292,
        50.052298
       ],
       [
        7.798785,
        50.051377
       ],
       [
        7.798849,
        50.051481
       ],
       [
        7.79978,
        50.051084
       ],
       [
        7.799706,
        50.050938
       ],
       [
        7.800053,
        50.050761
       ],
       [
        7.801147,
        50.050303
       ],
       [
        7.801282,
        50.050258
       ],
       [
        7.803105,
        50.049286
       ],
       [
        7.803188,
        50.049442
       ],
       [
        7.804885,
        50.048137
       ],
       [
        7.810283,
        50.048315
       ],
       [
        7.810933,
        50.048573
       ],
       [
        7.811965,
        50.048372
       ],
       [
        7.813139,
        50.048639
       ],
       [
        7.813157,
        50.048636
       ],
       [
        7.815029,
        50.048159
       ],
       [
        7.815087,
        50.048135
       ],
       [
        7.815174,
        50.048064
       ],
       [
        7.815805,
        50.047762
       ],
       [
        7.815845,
        50.047847
       ],
       [
        7.815884,
        50.047833
       ],
       [
        7.816014,
        50.048201
       ],
       [
        7.816104,
        50.048387
       ],
       [
        7.817402,
        50.047337
       ],
       [
        7.817343,
        50.047137
       ],
       [
        7.817622,
        50.047056
       ],
       [
        7.817908,
        50.046978
       ],
       [
        7.817932,
        50.046972
       ],
       [
        7.818222,
        50.046881
       ],
       [
        7.818716,
        50.046737
       ],
       [
        7.818779,
        50.046714
       ],
       [
        7.818974,
        50.046639
       ],
       [
        7.819158,
        50.046565
       ],
       [
        7.819357,
        50.04648
       ],
       [
        7.82068,
        50.045655
       ],
       [
        7.821777,
        50.045084
       ],
       [
        7.82192,
        50.045024
       ],
       [
        7.822699,
        50.044496
       ],
       [
        7.822999,
        50.043725
       ],
       [
        7.823368,
        50.042914
       ],
       [
        7.823464,
        50.042731
       ],
       [
        7.827431,
        50.039248
       ],
       [
        7.828133,
        50.038391
       ],
       [
        7.829538,
        50.037465
       ],
       [
        7.829586,
        50.037303
       ],
       [
        7.82988,
        50.036475
       ],
       [
        7.829951,
        50.036305
       ],
       [
        7.83375,
        50.032764
       ],
       [
        7.833606,
        50.032565
       ],
       [
        7.838013,
        50.029367
       ],
       [
        7.838063,
        50.029436
       ],
       [
        7.839051,
        50.028456
       ],
       [
        7.839017,
        50.028402
       ],
       [
        7.839278,
        50.028231
       ],
       [
        7.839292,
        50.028217
       ],
       [
        7.839331,
        50.028196
       ],
       [
        7.839515,
        50.028076
       ],
       [
        7.839615,
        50.02792
       ],
       [
        7.845261,
        50.024313
       ],
       [
        7.845666,
        50.024257
       ],
       [
        7.846098,
        50.024185
       ],
       [
        7.846354,
        50.024136
       ],
       [
        7.846355,
        50.024141
       ],
       [
        7.846802,
        50.024054
       ],
       [
        7.847408,
        50.023966
       ],
       [
        7.847428,
        50.023951
       ],
       [
        7.849035,
        50.023048
       ],
       [
        7.849859,
        50.022703
       ],
       [
        7.850878,
        50.022617
       ],
       [
        7.850853,
        50.022539
       ],
       [
        7.851837,
        50.022225
       ],
       [
        7.851867,
        50.02232
       ],
       [
        7.852615,
        50.021786
       ],
       [
        7.853433,
        50.021621
       ],
       [
        7.853468,
        50.021584
       ],
       [
        7.855942,
        50.020391
       ],
       [
        7.855848,
        50.020234
       ],
       [
        7.857227,
        50.019408
       ],
       [
        7.857671,
        50.019316
       ],
       [
        7.857924,
        50.01899
       ],
       [
        7.860543,
        50.01742
       ],
       [
        7.861773,
        50.015358
       ],
       [
        7.862088,
        50.010546
       ],
       [
        7.86178,
        50.009337
       ],
       [
        7.864308,
        50.004328
       ],
       [
        7.869503,
        50.002211
       ],
       [
        7.869986,
        50.002197
       ],
       [
        7.875054,
        50.000272
       ],
       [
        7.876566,
        50.000295
       ],
       [
        7.876763,
        50.000311
       ],
       [
        7.876799,
        50.000299
       ],
       [
        7.879684,
        50.000342
       ],
       [
        7.883363,
        49.998283
       ],
       [
        7.884611,
        49.997807
       ],
       [
        7.886623,
        49.991806
       ],
       [
        7.886225,
        49.989898
       ],
       [
        7.889349,
        49.984851
       ],
       [
        7.89509,
        49.983346
       ],
       [
        7.895828,
        49.983437
       ],
       [
        7.897635,
        49.983882
       ],
       [
        7.897621,
        49.983877
       ],
       [
        7.897641,
        49.983883
       ],
       [
        7.897648,
        49.983885
       ],
       [
        7.897652,
        49.983886
       ],
       [
        7.897965,
        49.98398
       ],
       [
        7.898016,
        49.983994
       ],
       [
        7.899349,
        49.984621
       ],
       [
        7.901173,
        49.985199
       ],
       [
        7.901317,
        49.985325
       ],
       [
        7.901529,
        49.985311
       ],
       [
        7.901775,
        49.985389
       ],
       [
        7.903635,
        49.986254
       ],
       [
        7.904394,
        49.986735
       ],
       [
        7.907758,
        49.991121
       ],
       [
        7.907606,
        49.994076
       ],
       [
        7.907889,
        49.994078
       ],
       [
        7.907856,
        50.000024
       ],
       [
        7.910316,
        50.002454
       ],
       [
        7.911366,
        50.003023
       ],
       [
        7.91197,
        50.003141
       ],
       [
        7.915357,
        50.002374
       ],
       [
        7.91755,
        49.999806
       ],
       [
        7.924845,
        49.997094
       ],
       [
        7.925559,
        49.997203
       ],
       [
        7.927453,
        49.997992
       ],
       [
        7.927956,
        49.997913
       ],
       [
        7.930355,
        49.997896
       ],
       [
        7.932011,
        49.998135
       ],
       [
        7.932503,
        49.998038
       ],
       [
        7.93513,
        49.998361
       ],
       [
        7.936838,
        49.998087
       ],
       [
        7.941677,
        50.001273
       ],
       [
        7.943198,
        50.003411
       ],
       [
        7.946155,
        50.004569
       ],
       [
        7.946061,
        50.004807
       ],
       [
        7.949784,
        50.006889
       ],
       [
        7.954899,
        50.008487
       ],
       [
        7.954662,
        50.009242
       ],
       [
        7.959669,
        50.010775
       ],
       [
        7.96162,
        50.013165
       ],
       [
        7.963963,
        50.01401
       ],
       [
        7.96462,
        50.013983
       ],
       [
        7.968391,
        50.015858
       ],
       [
        7.973236,
        50.016616
       ],
       [
        7.97572,
        50.017437
       ],
       [
        7.977968,
        50.018618
       ],
       [
        7.980309,
        50.018652
       ],
       [
        7.985722,
        50.019858
       ],
       [
        7.98982,
        50.022197
       ],
       [
        7.990152,
        50.022551
       ],
       [
        7.990449,
        50.023179
       ],
       [
        7.990934,
        50.023548
       ],
       [
        7.991925,
        50.024443
       ],
       [
        7.992312,
        50.024855
       ],
       [
        7.992897,
        50.025043
       ],
       [
        7.994876,
        50.02655
       ],
       [
        7.994919,
        50.026551
       ],
       [
        7.995652,
        50.026899
       ],
       [
        7.995664,
        50.0268
       ],
       [
        7.996308,
        50.026879
       ],
       [
        7.999963,
        50.028298
       ],
       [
        8.000521,
        50.028695
       ],
       [
        8.00129,
        50.029317
       ],
       [
        8.001753,
        50.02974
       ],
       [
        8.005508,
        50.031026
       ],
       [
        8.006782,
        50.032389
       ],
       [
        8.007512,
        50.032412
       ],
       [
        8.008958,
        50.032592
       ],
       [
        8.00928,
        50.032662
       ],
       [
        8.010639,
        50.032959
       ],
       [
        8.010816,
        50.032997
       ],
       [
        8.012876,
        50.032763
       ],
       [
        8.017698,
        50.033737
       ],
       [
        8.019201,
        50.035362
       ],
       [
        8.019309,
        50.035239
       ],
       [
        8.026095,
        50.041204
       ],
       [
        8.026251,
        50.040801
       ],
       [
        8.032102,
        50.043068
       ],
       [
        8.032486,
        50.043051
       ],
       [
        8.032684,
        50.043036
       ],
       [
        8.033633,
        50.042541
       ],
       [
        8.036636,
        50.042292
       ],
       [
        8.036664,
        50.042627
       ],
       [
        8.041528,
        50.042921
       ],
       [
        8.042399,
        50.043981
       ],
       [
        8.04421,
        50.04513
       ],
       [
        8.044867,
        50.04617
       ],
       [
        8.045493,
        50.046393
       ],
       [
        8.046603,
        50.046099
       ],
       [
        8.050797,
        50.04657
       ],
       [
        8.054664,
        50.044277
       ],
       [
        8.060961,
        50.046362
       ],
       [
        8.064435,
        50.04958
       ],
       [
        8.067619,
        50.049447
       ],
       [
        8.068355,
        50.049511
       ],
       [
        8.068621,
        50.049405
       ],
       [
        8.069551,
        50.049367
       ],
       [
        8.07014,
        50.049533
       ],
       [
        8.071715,
        50.049349
       ],
       [
        8.073925,
        50.049605
       ],
       [
        8.078351,
        50.051601
       ],
       [
        8.079681,
        50.052797
       ],
       [
        8.079801,
        50.052875
       ],
       [
        8.079771,
        50.05292
       ],
       [
        8.081108,
        50.05336
       ],
       [
        8.081602,
        50.053823
       ],
       [
        8.086026,
        50.053381
       ],
       [
        8.086652,
        50.05294
       ],
       [
        8.086899,
        50.052702
       ],
       [
        8.09173,
        50.050497
       ],
       [
        8.095862,
        50.051545
       ],
       [
        8.095946,
        50.051343
       ],
       [
        8.097114,
        50.051827
       ],
       [
        8.101473,
        50.056803
       ],
       [
        8.105955,
        50.059372
       ],
       [
        8.107551,
        50.059278
       ],
       [
        8.108415,
        50.058674
       ],
       [
        8.112722,
        50.057232
       ],
       [
        8.114314,
        50.057176
       ],
       [
        8.116487,
        50.056269
       ],
       [
        8.117048,
        50.056193
       ],
       [
        8.117529,
        50.056143
       ],
       [
        8.117879,
        50.056117
       ],
       [
        8.119643,
        50.05679
       ],
       [
        8.11998,
        50.056558
       ],
       [
        8.121547,
        50.05648
       ],
       [
        8.123736,
        50.057117
       ],
       [
        8.12375,
        50.057034
       ],
       [
        8.127829,
        50.057731
       ],
       [
        8.128042,
        50.05775
       ],
       [
        8.128548,
        50.0577
       ],
       [
        8.12875,
        50.057692
       ],
       [
        8.130944,
        50.057994
       ],
       [
        8.13095,
        50.057959
       ],
       [
        8.131384,
        50.05804
       ],
       [
        8.131515,
        50.058063
       ],
       [
        8.132444,
        50.058219
       ],
       [
        8.132703,
        50.058268
       ],
       [
        8.134597,
        50.058387
       ],
       [
        8.134698,
        50.058405
       ],
       [
        8.135411,
        50.058068
       ],
       [
        8.137473,
        50.057994
       ],
       [
        8.138299,
        50.057689
       ],
       [
        8.141668,
        50.057217
       ],
       [
        8.142014,
        50.057243
       ],
       [
        8.146573,
        50.059106
       ],
       [
        8.149118,
        50.063191
       ],
       [
        8.151507,
        50.06481
       ],
       [
        8.151659,
        50.064799
       ],
       [
        8.154638,
        50.064988
       ],
       [
        8.156275,
        50.065264
       ],
       [
        8.160295,
        50.066381
       ],
       [
        8.160347,
        50.066395
       ],
       [
        8.160706,
        50.066374
       ],
       [
        8.161039,
        50.066225
       ],
       [
        8.163202,
        50.066184
       ],
       [
        8.165471,
        50.066948
       ],
       [
        8.169351,
        50.067005
       ],
       [
        8.171675,
        50.067387
       ],
       [
        8.174036,
        50.068144
       ],
       [
        8.174831,
        50.068075
       ],
       [
        8.175266,
        50.068166
       ],
       [
        8.175265,
        50.06815
       ],
       [
        8.175372,
        50.068144
       ],
       [
        8.17569,
        50.068086
       ],
       [
        8.176415,
        50.067988
       ],
       [
        8.176515,
        50.067979
       ],
       [
        8.176615,
        50.067918
       ],
       [
        8.176759,
        50.067892
       ],
       [
        8.178862,
        50.067805
       ],
       [
        8.179634,
        50.06751
       ],
       [
        8.179789,
        50.067405
       ],
       [
        8.183549,
        50.066135
       ],
       [
        8.185369,
        50.064473
       ],
       [
        8.191544,
        50.06242
       ],
       [
        8.191875,
        50.062608
       ],
       [
        8.191619,
        50.058463
       ],
       [
        8.191254,
        50.058404
       ],
       [
        8.192294,
        50.051901
       ],
       [
        8.1898,
        50.049187
       ],
       [
        8.189447,
        50.049172
       ],
       [
        8.18914,
        50.049014
       ],
       [
        8.188744,
        50.049141
       ],
       [
        8.185037,
        50.048981
       ],
       [
        8.183326,
        50.049411
       ],
       [
        8.183321,
        50.049411
       ],
       [
        8.182342,
        50.050019
       ],
       [
        8.182358,
        50.050061
       ],
       [
        8.182142,
        50.050143
       ],
       [
        8.181753,
        50.050385
       ],
       [
        8.18153,
        50.050377
       ],
       [
        8.180294,
        50.050848
       ],
       [
        8.179234,
        50.05117
       ],
       [
        8.179043,
        50.051214
       ],
       [
        8.177556,
        50.051236
       ],
       [
        8.17658,
        50.051368
       ],
       [
        8.175906,
        50.051587
       ],
       [
        8.175242,
        50.051521
       ],
       [
        8.175272,
        50.051648
       ],
       [
        8.172826,
        50.052233
       ],
       [
        8.171119,
        50.052641
       ],
       [
        8.170564,
        50.052776
       ],
       [
        8.170557,
        50.052782
       ],
       [
        8.169553,
        50.053055
       ],
       [
        8.167791,
        50.053329
       ],
       [
        8.166296,
        50.053392
       ],
       [
        8.166292,
        50.053392
       ],
       [
        8.165163,
        50.053595
       ],
       [
        8.158079,
        50.051361
       ],
       [
        8.155885,
        50.044265
       ],
       [
        8.157247,
        50.036905
       ],
       [
        8.157591,
        50.035636
       ],
       [
        8.158199,
        50.033958
       ],
       [
        8.157359,
        50.03121
       ],
       [
        8.15726,
        50.030451
       ],
       [
        8.153151,
        50.02661
       ],
       [
        8.150202,
        50.026776
       ],
       [
        8.149753,
        50.026691
       ],
       [
        8.149068,
        50.026529
       ],
       [
        8.148827,
        50.026477
       ],
       [
        8.148692,
        50.026449
       ],
       [
        8.147711,
        50.02642
       ],
       [
        8.145142,
        50.025917
       ],
       [
        8.144628,
        50.025724
       ],
       [
        8.14414,
        50.025456
       ],
       [
        8.143126,
        50.025163
       ],
       [
        8.142018,
        50.024748
       ],
       [
        8.140555,
        50.024716
       ],
       [
        8.140358,
        50.02471
       ],
       [
        8.139532,
        50.024671
       ],
       [
        8.137369,
        50.025301
       ],
       [
        8.130912,
        50.024416
       ],
       [
        8.12787,
        50.022526
       ],
       [
        8.127618,
        50.02219
       ],
       [
        8.127091,
        50.022042
       ],
       [
        8.126705,
        50.021803
       ],
       [
        8.118463,
        50.022532
       ],
       [
        8.11836,
        50.021373
       ],
       [
        8.113083,
        50.02121
       ],
       [
        8.107563,
        50.017384
       ],
       [
        8.107574,
        50.017368
       ],
       [
        8.107141,
        50.017159
       ],
       [
        8.107046,
        50.017356
       ],
       [
        8.106878,
        50.017275
       ],
       [
        8.105775,
        50.016839
       ],
       [
        8.105564,
        50.01677
       ],
       [
        8.104831,
        50.016568
       ],
       [
        8.104491,
        50.016491
       ],
       [
        8.104382,
        50.016466
       ],
       [
        8.103442,
        50.01624
       ],
       [
        8.103506,
        50.015974
       ],
       [
        8.100355,
        50.015313
       ],
       [
        8.099465,
        50.014129
       ],
       [
        8.094594,
        50.010507
       ],
       [
        8.094433,
        50.010454
       ],
       [
        8.094236,
        50.010484
       ],
       [
        8.090746,
        50.009836
       ],
       [
        8.090729,
        50.009931
       ],
       [
        8.090186,
        50.009836
       ],
       [
        8.089882,
        50.009675
       ],
       [
        8.089067,
        50.009524
       ],
       [
        8.08815,
        50.009
       ],
       [
        8.088254,
        50.008818
       ],
       [
        8.08766,
        50.008505
       ],
       [
        8.087391,
        50.008399
       ],
       [
        8.086956,
        50.008243
       ],
       [
        8.085837,
        50.007877
       ],
       [
        8.085393,
        50.007746
       ],
       [
        8.08482,
        50.007595
       ],
       [
        8.084474,
        50.007503
       ],
       [
        8.084359,
        50.007472
       ],
       [
        8.082099,
        50.006839
       ],
       [
        8.080606,
        50.00643
       ],
       [
        8.080473,
        50.006393
       ],
       [
        8.079935,
        50.006235
       ],
       [
        8.079899,
        50.006225
       ],
       [
        8.07864,
        50.005964
       ],
       [
        8.078618,
        50.005961
       ],
       [
        8.078494,
        50.005945
       ],
       [
        8.076569,
        50.005675
       ],
       [
        8.076538,
        50.005671
       ],
       [
        8.075862,
        50.005573
       ],
       [
        8.07557,
        50.005526
       ],
       [
        8.074703,
        50.005368
       ],
       [
        8.07397,
        50.005269
       ],
       [
        8.073717,
        50.005247
       ],
       [
        8.073396,
        50.005212
       ],
       [
        8.073,
        50.005161
       ],
       [
        8.072805,
        50.005139
       ],
       [
        8.072211,
        50.005077
       ],
       [
        8.072042,
        50.005063
       ],
       [
        8.071001,
        50.005193
       ],
       [
        8.068833,
        50.00743
       ],
       [
        8.064574,
        50.009724
       ],
       [
        8.059772,
        50.009143
       ],
       [
        8.057954,
        50.008315
       ],
       [
        8.057002,
        50.008255
       ],
       [
        8.056991,
        50.008255
       ],
       [
        8.056513,
        50.008224
       ],
       [
        8.056295,
        50.008207
       ],
       [
        8.055819,
        50.008164
       ],
       [
        8.054313,
        50.007575
       ],
       [
        8.054296,
        50.007646
       ],
       [
        8.053585,
        50.007482
       ],
       [
        8.053508,
        50.007464
       ],
       [
        8.053123,
        50.00738
       ],
       [
        8.053178,
        50.007131
       ],
       [
        8.05295,
        50.007042
       ],
       [
        8.052929,
        50.007171
       ],
       [
        8.052772,
        50.007146
       ],
       [
        8.052252,
        50.007047
       ],
       [
        8.052212,
        50.007038
       ],
       [
        8.052052,
        50.006996
       ],
       [
        8.052044,
        50.00702
       ],
       [
        8.051728,
        50.006915
       ],
       [
        8.051708,
        50.006905
       ],
       [
        8.05167,
        50.006895
       ],
       [
        8.051202,
        50.006755
       ],
       [
        8.050977,
        50.006694
       ],
       [
        8.049434,
        50.006794
       ],
       [
        8.046259,
        50.006356
       ],
       [
        8.046245,
        50.006351
       ],
       [
        8.045919,
        50.006228
       ],
       [
        8.045591,
        50.006096
       ],
       [
        8.045263,
        50.005956
       ],
       [
        8.045067,
        50.005867
       ],
       [
        8.044726,
        50.005702
       ],
       [
        8.044059,
        50.005359
       ],
       [
        8.042706,
        50.005539
       ],
       [
        8.04244,
        50.005575
       ],
       [
        8.038713,
        50.006072
       ],
       [
        8.03359,
        50.005033
       ],
       [
        8.030202,
        50.001051
       ],
       [
        8.03019,
        50.00102
       ],
       [
        8.027943,
        49.999775
       ],
       [
        8.027355,
        49.999324
       ],
       [
        8.0271,
        49.999308
       ],
       [
        8.026644,
        49.999055
       ],
       [
        8.026631,
        49.999052
       ],
       [
        8.026146,
        49.998918
       ],
       [
        8.025675,
        49.998804
       ],
       [
        8.025488,
        49.998764
       ],
       [
        8.02513,
        49.99868
       ],
       [
        8.024521,
        49.998522
       ],
       [
        8.024615,
        49.998162
       ],
       [
        8.023798,
        49.997873
       ],
       [
        8.023686,
        49.998304
       ],
       [
        8.022363,
        49.997961
       ],
       [
        8.02171,
        49.997761
       ],
       [
        8.021377,
        49.997643
       ],
       [
        8.021252,
        49.997598
       ],
       [
        8.020474,
        49.997308
       ],
       [
        8.019418,
        49.996996
       ],
       [
        8.019215,
        49.996951
       ],
       [
        8.019337,
        49.9964
       ],
       [
        8.01913,
        49.996324
       ],
       [
        8.019122,
        49.996547
       ],
       [
        8.018858,
        49.996537
       ],
       [
        8.017611,
        49.995943
       ],
       [
        8.017453,
        49.996362
       ],
       [
        8.0166,
        49.996042
       ],
       [
        8.016668,
        49.995862
       ],
       [
        8.0162,
        49.995803
       ],
       [
        8.01617,
        49.995881
       ],
       [
        8.015881,
        49.99577
       ],
       [
        8.015852,
        49.995758
       ],
       [
        8.013406,
        49.995445
       ],
       [
        8.008642,
        49.99304
       ],
       [
        8.008329,
        49.992713
       ],
       [
        8.008325,
        49.992711
       ],
       [
        8.007934,
        49.992481
       ],
       [
        8.007461,
        49.992181
       ],
       [
        8.006569,
        49.99157
       ],
       [
        8.006572,
        49.991565
       ],
       [
        8.006383,
        49.991449
       ],
       [
        8.006186,
        49.991308
       ],
       [
        8.006253,
        49.991214
       ],
       [
        8.005229,
        49.990391
       ],
       [
        8.005109,
        49.990531
       ],
       [
        8.004928,
        49.990376
       ],
       [
        8.004887,
        49.990349
       ],
       [
        8.004852,
        49.990311
       ],
       [
        8.004681,
        49.990164
       ],
       [
        8.004697,
        49.990145
       ],
       [
        8.004667,
        49.990112
       ],
       [
        8.003992,
        49.98978
       ],
       [
        8.003767,
        49.989484
       ],
       [
        8.003652,
        49.989124
       ],
       [
        8.003249,
        49.9888
       ],
       [
        8.003133,
        49.988647
       ],
       [
        8.003231,
        49.988572
       ],
       [
        8.002466,
        49.987752
       ],
       [
        8.002032,
        49.987466
       ],
       [
        8.001967,
        49.987427
       ],
       [
        8.001422,
        49.98713
       ],
       [
        8.001263,
        49.987051
       ],
       [
        8.000561,
        49.986745
       ],
       [
        8.000449,
        49.986702
       ],
       [
        8.000076,
        49.98657
       ],
       [
        7.999804,
        49.986482
       ],
       [
        7.999251,
        49.986323
       ],
       [
        7.999,
        49.986261
       ],
       [
        7.998368,
        49.986132
       ],
       [
        7.997902,
        49.986055
       ],
       [
        7.997749,
        49.986032
       ],
       [
        7.997348,
        49.985974
       ],
       [
        7.996798,
        49.985895
       ],
       [
        7.996659,
        49.985877
       ],
       [
        7.993957,
        49.985537
       ],
       [
        7.991889,
        49.985277
       ],
       [
        7.991727,
        49.985255
       ],
       [
        7.989823,
        49.984975
       ],
       [
        7.989803,
        49.984972
       ],
       [
        7.988791,
        49.984821
       ],
       [
        7.988265,
        49.984725
       ],
       [
        7.98789,
        49.984643
       ],
       [
        7.98779,
        49.98462
       ],
       [
        7.987273,
        49.984501
       ],
       [
        7.987157,
        49.984471
       ],
       [
        7.984767,
        49.984716
       ],
       [
        7.983213,
        49.984233
       ],
       [
        7.982997,
        49.984266
       ],
       [
        7.98245,
        49.984436
       ],
       [
        7.982398,
        49.984465
       ],
       [
        7.982347,
        49.984469
       ],
       [
        7.982126,
        49.984538
       ],
       [
        7.982091,
        49.984551
       ],
       [
        7.982066,
        49.984487
       ],
       [
        7.975634,
        49.984908
       ],
       [
        7.970958,
        49.980001
       ],
       [
        7.970425,
        49.97841
       ],
       [
        7.96758,
        49.976634
       ],
       [
        7.966734,
        49.976657
       ],
       [
        7.96366,
        49.978761
       ],
       [
        7.955516,
        49.97929
       ],
       [
        7.954513,
        49.97878
       ],
       [
        7.952703,
        49.979474
       ],
       [
        7.947191,
        49.979554
       ],
       [
        7.945511,
        49.978965
       ],
       [
        7.944184,
        49.977418
       ],
       [
        7.943835,
        49.977968
       ],
       [
        7.938358,
        49.974494
       ],
       [
        7.935905,
        49.975033
       ],
       [
        7.935887,
        49.975058
       ],
       [
        7.930732,
        49.978337
       ],
       [
        7.927679,
        49.977664
       ],
       [
        7.927665,
        49.977765
       ],
       [
        7.926868,
        49.977651
       ],
       [
        7.926275,
        49.977354
       ],
       [
        7.924766,
        49.977021
       ],
       [
        7.924671,
        49.976955
       ],
       [
        7.924103,
        49.976428
       ],
       [
        7.924075,
        49.976487
       ],
       [
        7.923977,
        49.97644
       ],
       [
        7.922306,
        49.975834
       ],
       [
        7.921351,
        49.975415
       ],
       [
        7.920979,
        49.975221
       ],
       [
        7.920183,
        49.974748
       ],
       [
        7.918546,
        49.973642
       ],
       [
        7.916624,
        49.973807
       ],
       [
        7.913155,
        49.973336
       ],
       [
        7.912952,
        49.97326
       ],
       [
        7.912787,
        49.973209
       ],
       [
        7.912523,
        49.973124
       ],
       [
        7.912126,
        49.97301
       ],
       [
        7.911263,
        49.972848
       ],
       [
        7.909675,
        49.972646
       ],
       [
        7.909414,
        49.972616
       ],
       [
        7.908966,
        49.972553
       ],
       [
        7.908954,
        49.972551
       ],
       [
        7.907692,
        49.972049
       ],
       [
        7.906512,
        49.971885
       ],
       [
        7.906131,
        49.971842
       ],
       [
        7.905314,
        49.971768
       ],
       [
        7.904628,
        49.971705
       ],
       [
        7.904513,
        49.971694
       ],
       [
        7.904305,
        49.971672
       ],
       [
        7.904037,
        49.971648
       ],
       [
        7.90356,
        49.971614
       ],
       [
        7.903226,
        49.971583
       ],
       [
        7.902627,
        49.971514
       ],
       [
        7.902165,
        49.971464
       ],
       [
        7.902052,
        49.971453
       ],
       [
        7.901907,
        49.971439
       ],
       [
        7.901723,
        49.97142
       ],
       [
        7.901273,
        49.971367
       ],
       [
        7.901256,
        49.971365
       ],
       [
        7.90022,
        49.97124
       ],
       [
        7.900083,
        49.971225
       ],
       [
        7.899373,
        49.971153
       ],
       [
        7.899025,
        49.971109
       ],
       [
        7.898445,
        49.971024
       ],
       [
        7.896526,
        49.970798
       ],
       [
        7.896296,
        49.970768
       ],
       [
        7.895336,
        49.970627
       ],
       [
        7.895204,
        49.970608
       ],
       [
        7.894029,
        49.970456
       ],
       [
        7.893977,
        49.970453
       ],
       [
        7.893194,
        49.97038
       ],
       [
        7.892816,
        49.970326
       ],
       [
        7.892624,
        49.970303
       ],
       [
        7.892567,
        49.970297
       ],
       [
        7.891787,
        49.9702
       ],
       [
        7.891241,
        49.970152
       ],
       [
        7.891106,
        49.970145
       ],
       [
        7.890785,
        49.970121
       ],
       [
        7.890608,
        49.970104
       ],
       [
        7.890073,
        49.970071
       ],
       [
        7.888919,
        49.970039
       ],
       [
        7.888883,
        49.970038
       ],
       [
        7.888185,
        49.970016
       ],
       [
        7.887718,
        49.970015
       ],
       [
        7.887378,
        49.970024
       ],
       [
        7.887185,
        49.970031
       ],
       [
        7.885856,
        49.970098
       ],
       [
        7.885511,
        49.970123
       ],
       [
        7.884733,
        49.970197
       ],
       [
        7.884227,
        49.97026
       ],
       [
        7.883862,
        49.970318
       ],
       [
        7.88338,
        49.97038
       ],
       [
        7.882752,
        49.970441
       ],
       [
        7.881869,
        49.970571
       ],
       [
        7.881623,
        49.970603
       ],
       [
        7.880291,
        49.970757
       ],
       [
        7.880216,
        49.970106
       ],
       [
        7.879685,
        49.970164
       ],
       [
        7.879752,
        49.970864
       ],
       [
        7.879545,
        49.970883
       ],
       [
        7.878822,
        49.970986
       ],
       [
        7.878565,
        49.971034
       ],
       [
        7.877757,
        49.971231
       ],
       [
        7.877198,
        49.971398
       ],
       [
        7.876829,
        49.971518
       ],
       [
        7.876729,
        49.971553
       ],
       [
        7.87174,
        49.975957
       ],
       [
        7.871684,
        49.975892
       ],
       [
        7.868621,
        49.979474
       ],
       [
        7.868454,
        49.979528
       ],
       [
        7.867253,
        49.97982
       ],
       [
        7.867031,
        49.979856
       ],
       [
        7.866932,
        49.980017
       ],
       [
        7.865831,
        49.981419
       ],
       [
        7.865452,
        49.981804
       ],
       [
        7.865343,
        49.982585
       ],
       [
        7.86344,
        49.98566
       ],
       [
        7.863378,
        49.986065
       ],
       [
        7.862533,
        49.988276
       ],
       [
        7.862465,
        49.989889
       ],
       [
        7.861442,
        49.992712
       ],
       [
        7.861504,
        49.992732
       ],
       [
        7.861372,
        49.993152
       ],
       [
        7.861292,
        49.993127
       ],
       [
        7.861232,
        49.993292
       ],
       [
        7.860816,
        49.99545
       ],
       [
        7.860387,
        49.996214
       ],
       [
        7.860364,
        49.996291
       ],
       [
        7.86106,
        50.001623
       ],
       [
        7.859703,
        50.007216
       ],
       [
        7.854942,
        50.01045
       ],
       [
        7.854017,
        50.010666
       ],
       [
        7.853689,
        50.010713
       ],
       [
        7.853608,
        50.010761
       ],
       [
        7.850883,
        50.011396
       ],
       [
        7.850944,
        50.011506
       ],
       [
        7.850214,
        50.011911
       ],
       [
        7.850126,
        50.011971
       ],
       [
        7.849177,
        50.012525
       ],
       [
        7.848578,
        50.012821
       ],
       [
        7.848411,
        50.012902
       ],
       [
        7.847654,
        50.013255
       ],
       [
        7.847479,
        50.013334
       ],
       [
        7.846824,
        50.01362
       ],
       [
        7.846626,
        50.013703
       ],
       [
        7.846212,
        50.013872
       ],
       [
        7.846088,
        50.013921
       ],
       [
        7.845942,
        50.013977
       ],
       [
        7.845728,
        50.013424
       ],
       [
        7.844307,
        50.01399
       ],
       [
        7.844442,
        50.014459
       ],
       [
        7.843912,
        50.014612
       ],
       [
        7.84279,
        50.014695
       ],
       [
        7.841157,
        50.015043
       ],
       [
        7.840795,
        50.015129
       ],
       [
        7.839858,
        50.015374
       ],
       [
        7.839469,
        50.015487
       ],
       [
        7.838266,
        50.015868
       ],
       [
        7.838098,
        50.015921
       ],
       [
        7.838039,
        50.01594
       ],
       [
        7.836799,
        50.016343
       ],
       [
        7.836747,
        50.016183
       ],
       [
        7.835772,
        50.016561
       ],
       [
        7.835825,
        50.016703
       ],
       [
        7.835768,
        50.016724
       ],
       [
        7.83558,
        50.016797
       ],
       [
        7.834853,
        50.017088
       ],
       [
        7.83455,
        50.017217
       ],
       [
        7.83351,
        50.017684
       ],
       [
        7.833271,
        50.017796
       ],
       [
        7.832884,
        50.017986
       ],
       [
        7.832411,
        50.018237
       ],
       [
        7.832087,
        50.018424
       ],
       [
        7.830914,
        50.019436
       ],
       [
        7.830246,
        50.019829
       ],
       [
        7.830137,
        50.019915
       ],
       [
        7.829941,
        50.020076
       ],
       [
        7.829673,
        50.020308
       ],
       [
        7.82955,
        50.020419
       ],
       [
        7.8295,
        50.020364
       ],
       [
        7.829014,
        50.020865
       ],
       [
        7.829058,
        50.020904
       ],
       [
        7.828893,
        50.02109
       ],
       [
        7.828507,
        50.021495
       ],
       [
        7.828321,
        50.021676
       ],
       [
        7.828088,
        50.021913
       ],
       [
        7.827728,
        50.022295
       ],
       [
        7.826755,
        50.023338
       ],
       [
        7.826672,
        50.023426
       ],
       [
        7.826358,
        50.023745
       ],
       [
        7.82634,
        50.023762
       ],
       [
        7.825963,
        50.024149
       ],
       [
        7.825737,
        50.024396
       ],
       [
        7.825697,
        50.02444
       ],
       [
        7.8253,
        50.024883
       ],
       [
        7.825166,
        50.025028
       ],
       [
        7.825118,
        50.025079
       ],
       [
        7.823168,
        50.026592
       ],
       [
        7.823022,
        50.026672
       ],
       [
        7.82204,
        50.027793
       ],
       [
        7.821434,
        50.028414
       ],
       [
        7.820563,
        50.029213
       ],
       [
        7.820288,
        50.029512
       ],
       [
        7.82012,
        50.029693
       ],
       [
        7.818588,
        50.030896
       ],
       [
        7.817786,
        50.031752
       ],
       [
        7.817716,
        50.031825
       ],
       [
        7.816906,
        50.032667
       ],
       [
        7.81677,
        50.032805
       ],
       [
        7.815787,
        50.033778
       ],
       [
        7.815115,
        50.034536
       ],
       [
        7.813846,
        50.035074
       ],
       [
        7.813441,
        50.035565
       ],
       [
        7.810619,
        50.037739
       ],
       [
        7.809552,
        50.03823
       ],
       [
        7.809549,
        50.038226
       ],
       [
        7.808549,
        50.038773
       ],
       [
        7.808019,
        50.038964
       ],
       [
        7.806557,
        50.039135
       ],
       [
        7.805965,
        50.03962
       ],
       [
        7.800706,
        50.041177
       ],
       [
        7.800716,
        50.041281
       ],
       [
        7.800695,
        50.041283
       ],
       [
        7.80056,
        50.041295
       ],
       [
        7.800457,
        50.041304
       ],
       [
        7.800367,
        50.041311
       ],
       [
        7.800218,
        50.041322
       ],
       [
        7.800018,
        50.041381
       ],
       [
        7.799842,
        50.041361
       ],
       [
        7.799656,
        50.041381
       ],
       [
        7.799369,
        50.041422
       ],
       [
        7.797496,
        50.041454
       ],
       [
        7.794791,
        50.042846
       ],
       [
        7.793349,
        50.042918
       ],
       [
        7.792692,
        50.043463
       ],
       [
        7.791395,
        50.04415
       ],
       [
        7.791323,
        50.044195
       ],
       [
        7.78929,
        50.045054
       ],
       [
        7.788709,
        50.045658
       ],
       [
        7.7885,
        50.045788
       ],
       [
        7.788331,
        50.045898
       ],
       [
        7.788025,
        50.045427
       ],
       [
        7.787925,
        50.045451
       ]
      ]
     ],
     [
      [
       [
        8.197642,
        50.067639
       ],
       [
        8.198599,
        50.07199
       ],
       [
        8.198316,
        50.07337
       ],
       [
        8.199598,
        50.075866
       ],
       [
        8.20182,
        50.076982
       ],
       [
        8.20574,
        50.076816
       ],
       [
        8.207304,
        50.076015
       ],
       [
        8.20734,
        50.075991
       ],
       [
        8.209745,
        50.071958
       ],
       [
        8.208623,
        50.068878
       ],
       [
        8.205262,
        50.067347
       ],
       [
        8.204021,
        50.067576
       ],
       [
        8.199705,
        50.067633
       ],
       [
        8.1997,
        50.067191
       ],
       [
        8.197642,
        50.067639
       ]
      ]
     ]
    ]
   }
  }
 ]
}
