{"type":"FeatureCollection","_provenance":{"source":"Regione Piemonte — Aree di produzione dei vini DOC e DOCG","authority":"Regione Piemonte, Direzione Agricoltura e Cibo","record":"https://www.geoportale.piemonte.it/geonetwork/srv/api/records/r_piemon:bb722e24-ed1e-4b00-8fb0-6a205fbbda67","download":"https://www.datigeo-piem-download.it/direct/Geoportale/RegionePiemonte/AGRICOLTURA/Aree_vini_DOC_DOCG/aree_produzione_vini.zip","licence":"CC BY 4.0 (attribute Regione Piemonte)","source_crs":"EPSG:32632 (UTM 32N)","revised":"2025-10-14","normalization":"Reprojected to EPSG:4326 (mapshaper), filtered to the Langhe denominations used by the map, coordinates rounded to 5 decimals (~1 m).","retrieved_at":"2026-08-10"},"features":[{"type":"Feature","properties":{"denominazi":"Barbera d'Alba","tipo":"DOC","codice":"DOC_04"},"geometry":{"type":"Polygon","coordinates":[[[8.1035,44.76461],[8.10561,44.76581],[8.10566,44.76595],[8.10556,44.76631],[8.10394,44.76745],[8.10376,44.7676],[8.10331,44.76826],[8.10306,44.76891],[8.10292,44.76951],[8.10278,44.77046],[8.10273,44.77104],[8.10276,44.77171],[8.10302,44.77235],[8.10346,44.773],[8.10415,44.77361],[8.1044,44.77379],[8.10542,44.77408],[8.10645,44.7742],[8.11001,44.77374],[8.11034,44.77359],[8.11057,44.77343],[8.11085,44.77316],[8.11142,44.77236],[8.11153,44.77197],[8.11149,44.77176],[8.11127,44.77141],[8.11111,44.77108],[8.11113,44.77082],[8.1112,44.7706],[8.11129,44.77045],[8.11156,44.77014],[8.11212,44.76988],[8.11248,44.76977],[8.11276,44.76976],[8.11296,44.76981],[8.11393,44.77021],[8.11641,44.77152],[8.11744,44.77214],[8.1183,44.77271],[8.11936,44.77329],[8.1204,44.77385],[8.12119,44.7743],[8.12254,44.77502],[8.12334,44.77528],[8.12449,44.77556],[8.12517,44.77581],[8.12548,44.77599],[8.12551,44.77602],[8.12463,44.77726],[8.12451,44.77759],[8.12453,44.77774],[8.12462,44.77788],[8.12642,44.78028],[8.12703,44.78126],[8.12743,44.78154],[8.12758,44.78158],[8.12821,44.7815],[8.12903,44.78121],[8.12942,44.78112],[8.12958,44.7811],[8.12982,44.78113],[8.13013,44.78125],[8.13108,44.78177],[8.13115,44.78178],[8.13136,44.7817],[8.13162,44.78156],[8.13291,44.78098],[8.13309,44.78096],[8.13427,44.78111],[8.13617,44.78129],[8.1369,44.78133],[8.13718,44.78138],[8.13771,44.78178],[8.13782,44.782],[8.13796,44.78239],[8.13798,44.78277],[8.13779,44.78382],[8.13757,44.7839],[8.13707,44.78429],[8.13619,44.78478],[8.13559,44.78498],[8.13473,44.78524],[8.13412,44.78543],[8.13367,44.78553],[8.13339,44.78554],[8.13271,44.7855],[8.13256,44.7855],[8.13251,44.78553],[8.13248,44.78562],[8.13251,44.78613],[8.13244,44.78647],[8.13223,44.78703],[8.13189,44.78803],[8.13175,44.78849],[8.13112,44.79038],[8.13105,44.79054],[8.13078,44.79069],[8.12865,44.79149],[8.12833,44.7917],[8.12821,44.79183],[8.12811,44.79209],[8.12776,44.79329],[8.12765,44.7941],[8.12771,44.79443],[8.12778,44.79459],[8.12803,44.79487],[8.12834,44.79528],[8.12882,44.79576],[8.12959,44.79668],[8.13185,44.79903],[8.13163,44.79903],[8.13165,44.79923],[8.13177,44.79945],[8.1317,44.79964],[8.13172,44.79983],[8.13168,44.80013],[8.13169,44.80029],[8.13166,44.80061],[8.13142,44.80114],[8.13127,44.80131],[8.13092,44.8016],[8.13067,44.80173],[8.12999,44.80213],[8.12984,44.80231],[8.12951,44.80255],[8.12928,44.80276],[8.12906,44.80305],[8.12895,44.80327],[8.12894,44.80383],[8.12898,44.80489],[8.12914,44.80611],[8.12927,44.80676],[8.12938,44.80704],[8.12951,44.8073],[8.12961,44.80756],[8.12997,44.80758],[8.13028,44.8075],[8.13071,44.80741],[8.1311,44.80778],[8.13124,44.80802],[8.13168,44.80856],[8.13134,44.80897],[8.13067,44.80937],[8.13048,44.80947],[8.13018,44.80978],[8.12958,44.81032],[8.12935,44.8105],[8.12918,44.81079],[8.12883,44.81109],[8.12832,44.81151],[8.12782,44.81191],[8.12748,44.81208],[8.12712,44.81244],[8.12668,44.81275],[8.12625,44.81299],[8.12588,44.81324],[8.12529,44.81348],[8.12479,44.81365],[8.12439,44.81383],[8.12393,44.814],[8.12341,44.81413],[8.12275,44.8142],[8.12216,44.81428],[8.1216,44.81433],[8.12102,44.81442],[8.1206,44.81447],[8.11993,44.81439],[8.11964,44.81433],[8.11911,44.81409],[8.11871,44.81387],[8.11844,44.81378],[8.118,44.81386],[8.1179,44.8141],[8.11753,44.81405],[8.11695,44.81387],[8.11658,44.81365],[8.11625,44.81329],[8.11618,44.813],[8.11619,44.81265],[8.11611,44.81207],[8.11585,44.81186],[8.11539,44.81167],[8.11494,44.81152],[8.11431,44.81134],[8.11408,44.81191],[8.11393,44.81223],[8.11324,44.81214],[8.11261,44.81192],[8.11208,44.81159],[8.11166,44.81128],[8.11142,44.811],[8.11126,44.81063],[8.11114,44.81031],[8.11111,44.80991],[8.11091,44.80964],[8.11074,44.80947],[8.11037,44.80932],[8.10956,44.80939],[8.10897,44.80979],[8.10852,44.80996],[8.10805,44.80995],[8.10719,44.80969],[8.10689,44.80964],[8.10652,44.8097],[8.10613,44.80989],[8.10591,44.81006],[8.1057,44.81036],[8.10557,44.81058],[8.10565,44.81098],[8.1059,44.81122],[8.10616,44.8116],[8.10627,44.81186],[8.10644,44.81239],[8.10627,44.81288],[8.10614,44.81309],[8.10604,44.81332],[8.10577,44.8135],[8.10554,44.81362],[8.1054,44.81379],[8.10511,44.814],[8.10468,44.81416],[8.10426,44.81442],[8.10369,44.81469],[8.10341,44.81519],[8.10334,44.8154],[8.10305,44.81555],[8.10277,44.81583],[8.10249,44.81596],[8.10235,44.81625],[8.10218,44.81675],[8.10205,44.8174],[8.10197,44.81764],[8.10179,44.81801],[8.10166,44.8182],[8.10157,44.8185],[8.10076,44.8192],[8.10065,44.81959],[8.10021,44.8198],[8.09961,44.81998],[8.09905,44.8202],[8.09866,44.82054],[8.09783,44.82111],[8.09748,44.82133],[8.0968,44.82165],[8.0965,44.82163],[8.09628,44.8216],[8.09595,44.82164],[8.09556,44.82189],[8.09519,44.82208],[8.09481,44.82209],[8.09452,44.82181],[8.09427,44.82151],[8.09395,44.82122],[8.09356,44.82079],[8.09322,44.82062],[8.09286,44.8203],[8.09242,44.82013],[8.09198,44.81985],[8.09143,44.8196],[8.09058,44.81911],[8.09013,44.81893],[8.08966,44.81882],[8.0891,44.81851],[8.08857,44.81831],[8.08819,44.81819],[8.08773,44.8179],[8.08677,44.81736],[8.08649,44.81722],[8.08624,44.81695],[8.08585,44.81667],[8.08559,44.81642],[8.0853,44.81619],[8.08505,44.81593],[8.08488,44.81568],[8.08473,44.81537],[8.08454,44.81459],[8.08439,44.81431],[8.08421,44.8137],[8.08422,44.81346],[8.08392,44.81295],[8.08361,44.81266],[8.08327,44.81236],[8.08293,44.81206],[8.08269,44.81189],[8.08244,44.8118],[8.08227,44.81177],[8.08206,44.81164],[8.0819,44.81145],[8.08106,44.81074],[8.08082,44.81069],[8.08041,44.81035],[8.08016,44.81028],[8.07997,44.81011],[8.07968,44.80957],[8.07935,44.80919],[8.07897,44.80884],[8.07883,44.80866],[8.07876,44.80848],[8.07882,44.80773],[8.0789,44.80734],[8.07868,44.80717],[8.07842,44.80721],[8.07794,44.80733],[8.07722,44.80755],[8.07695,44.80766],[8.0767,44.80777],[8.07648,44.80794],[8.07575,44.80826],[8.07547,44.80837],[8.0747,44.8087],[8.07447,44.80883],[8.07422,44.80892],[8.07397,44.80907],[8.07374,44.80911],[8.07349,44.80908],[8.07324,44.80896],[8.07311,44.8088],[8.07313,44.80863],[8.07307,44.80846],[8.07294,44.80829],[8.07286,44.80812],[8.07271,44.80794],[8.07248,44.8078],[8.07223,44.80776],[8.07199,44.80774],[8.07151,44.80772],[8.07127,44.80774],[8.07102,44.80783],[8.07029,44.808],[8.07013,44.80784],[8.07019,44.80767],[8.07065,44.8073],[8.07078,44.80714],[8.07084,44.80696],[8.07088,44.80679],[8.07081,44.80662],[8.07034,44.80644],[8.0698,44.80628],[8.06934,44.80628],[8.06909,44.80636],[8.06863,44.8067],[8.06739,44.80791],[8.06693,44.80824],[8.0663,44.8088],[8.06607,44.80892],[8.0656,44.80902],[8.06537,44.80891],[8.06521,44.80872],[8.06498,44.80834],[8.06474,44.80829],[8.06451,44.80838],[8.06427,44.80852],[8.06426,44.80885],[8.06416,44.80903],[8.06393,44.80886],[8.06366,44.80877],[8.06341,44.80884],[8.0632,44.80901],[8.06303,44.80917],[8.06277,44.80952],[8.06257,44.80968],[8.06234,44.80971],[8.0621,44.8097],[8.06182,44.8098],[8.06114,44.81049],[8.06088,44.81058],[8.06038,44.81061],[8.06011,44.81057],[8.05987,44.81055],[8.05963,44.8104],[8.0597,44.81024],[8.05973,44.81008],[8.05974,44.80991],[8.05969,44.80973],[8.05951,44.80955],[8.05928,44.80953],[8.0588,44.80944],[8.05856,44.80948],[8.05838,44.80964],[8.05799,44.81017],[8.05776,44.81027],[8.05752,44.81017],[8.05729,44.81009],[8.05703,44.80998],[8.05656,44.8098],[8.05632,44.80972],[8.05606,44.80986],[8.05579,44.81022],[8.05571,44.8104],[8.05537,44.81095],[8.05514,44.81087],[8.05491,44.81068],[8.0548,44.81052],[8.05473,44.81035],[8.05473,44.81],[8.0546,44.80981],[8.05437,44.80983],[8.05413,44.81001],[8.0539,44.80999],[8.05404,44.80966],[8.05405,44.80947],[8.05397,44.80891],[8.05391,44.80872],[8.05377,44.80856],[8.05349,44.80814],[8.05327,44.80797],[8.0531,44.80774],[8.05293,44.80758],[8.05269,44.80748],[8.05245,44.80744],[8.05194,44.80729],[8.0517,44.80725],[8.05123,44.8071],[8.05099,44.80692],[8.05052,44.80674],[8.05002,44.80669],[8.04979,44.80663],[8.04953,44.80649],[8.04929,44.80633],[8.04908,44.80616],[8.0484,44.80541],[8.04797,44.80506],[8.04782,44.8049],[8.0477,44.80473],[8.0476,44.80456],[8.04749,44.80418],[8.04738,44.80393],[8.04729,44.80356],[8.04722,44.8034],[8.04697,44.80303],[8.04632,44.80223],[8.04599,44.80188],[8.04574,44.80169],[8.04547,44.80135],[8.04534,44.80115],[8.0453,44.80098],[8.04541,44.80079],[8.04548,44.8006],[8.04564,44.80025],[8.04567,44.80006],[8.04567,44.79988],[8.04565,44.7997],[8.04554,44.7995],[8.04443,44.79997],[8.04299,44.80056],[8.04275,44.8007],[8.04209,44.8012],[8.04186,44.80132],[8.04162,44.8015],[8.04115,44.80186],[8.04099,44.80204],[8.04075,44.80218],[8.04052,44.80214],[8.04028,44.80208],[8.04006,44.80212],[8.03999,44.80229],[8.03992,44.80263],[8.03954,44.80375],[8.03941,44.80394],[8.03918,44.80411],[8.03893,44.8042],[8.03869,44.80433],[8.0385,44.8045],[8.03837,44.80467],[8.03815,44.80484],[8.03777,44.8052],[8.03744,44.80557],[8.03708,44.80592],[8.03689,44.80608],[8.03672,44.80627],[8.03622,44.80678],[8.03519,44.80793],[8.03495,44.80826],[8.03443,44.80879],[8.03416,44.80911],[8.03383,44.80945],[8.03307,44.80994],[8.03236,44.81024],[8.0321,44.81031],[8.03185,44.81044],[8.03179,44.81079],[8.03184,44.81115],[8.03179,44.81153],[8.03159,44.81207],[8.0314,44.81223],[8.03117,44.81224],[8.03068,44.81221],[8.03039,44.81216],[8.03015,44.81223],[8.02966,44.81248],[8.02892,44.81299],[8.02881,44.81318],[8.02867,44.81352],[8.02858,44.81389],[8.02853,44.81453],[8.02849,44.8147],[8.02837,44.81492],[8.02813,44.815],[8.0279,44.815],[8.0274,44.81498],[8.02716,44.81494],[8.02666,44.81517],[8.02651,44.81533],[8.02632,44.81567],[8.02617,44.81602],[8.02602,44.81619],[8.02579,44.81635],[8.02554,44.81649],[8.02531,44.81657],[8.02507,44.81655],[8.02458,44.81657],[8.02432,44.8167],[8.02391,44.81703],[8.02367,44.81714],[8.02316,44.81729],[8.02291,44.81734],[8.02241,44.81737],[8.02164,44.81733],[8.0214,44.81729],[8.02058,44.81711],[8.02011,44.81691],[8.01987,44.81675],[8.01967,44.81657],[8.01956,44.81643],[8.01941,44.81621],[8.01923,44.81582],[8.01869,44.81528],[8.01847,44.8151],[8.01795,44.81481],[8.01769,44.81474],[8.01746,44.8147],[8.01673,44.8145],[8.01601,44.81437],[8.01523,44.81419],[8.01498,44.81412],[8.01444,44.81404],[8.01421,44.81399],[8.01314,44.81388],[8.01264,44.81386],[8.01187,44.81378],[8.01157,44.81376],[8.01077,44.8138],[8.01023,44.81379],[8.00974,44.81379],[8.00871,44.81384],[8.00746,44.81391],[8.00691,44.81395],[8.00667,44.81401],[8.00643,44.81405],[8.00618,44.81405],[8.00465,44.81416],[8.00439,44.81421],[8.00334,44.81454],[8.00311,44.8146],[8.00288,44.81471],[8.00264,44.81481],[8.00215,44.81496],[8.0019,44.81508],[8.00166,44.81516],[8.00163,44.81533],[8.0017,44.81551],[8.00212,44.81604],[8.00207,44.81622],[8.00157,44.81634],[8.00131,44.81638],[8.00081,44.81651],[8.00029,44.81665],[7.99979,44.81685],[7.99953,44.81703],[7.99894,44.81736],[7.99894,44.81734],[7.99783,44.81761],[7.99704,44.81768],[7.99644,44.81785],[7.99614,44.81821],[7.99578,44.81843],[7.99533,44.81856],[7.99463,44.81863],[7.99451,44.81867],[7.99334,44.81934],[7.9935,44.81951],[7.99403,44.82021],[7.99378,44.82085],[7.9936,44.82112],[7.99301,44.82176],[7.99263,44.82205],[7.99171,44.82266],[7.99124,44.82289],[7.98923,44.82379],[7.98946,44.82468],[7.98945,44.82549],[7.98821,44.82533],[7.98761,44.8253],[7.9869,44.8253],[7.98683,44.8253],[7.98605,44.82533],[7.98505,44.82532],[7.98451,44.82529],[7.98349,44.82554],[7.98304,44.82592],[7.98288,44.82626],[7.98297,44.82666],[7.98449,44.82723],[7.98461,44.82734],[7.98331,44.82925],[7.98364,44.83049],[7.98421,44.83121],[7.98431,44.83138],[7.98435,44.83157],[7.98531,44.8329],[7.98329,44.83458],[7.98236,44.83534],[7.98128,44.83704],[7.98066,44.83817],[7.97993,44.83927],[7.97924,44.84042],[7.97998,44.84121],[7.97996,44.84149],[7.97975,44.84238],[7.9796,44.84416],[7.97943,44.84556],[7.97944,44.84586],[7.97906,44.84668],[7.97859,44.84787],[7.97799,44.84904],[7.97781,44.8499],[7.97773,44.85011],[7.97708,44.85048],[7.97676,44.85062],[7.97647,44.8507],[7.97587,44.85076],[7.97477,44.85083],[7.97429,44.85083],[7.97334,44.85103],[7.97267,44.85127],[7.97243,44.85137],[7.97217,44.85162],[7.97208,44.85205],[7.97203,44.85258],[7.97171,44.85268],[7.9685,44.85347],[7.96776,44.85373],[7.96713,44.85408],[7.96671,44.8544],[7.9662,44.85494],[7.96565,44.85565],[7.96489,44.85624],[7.9642,44.85651],[7.96302,44.85585],[7.96276,44.85562],[7.96214,44.85457],[7.96156,44.85399],[7.96156,44.85347],[7.96153,44.85311],[7.96106,44.85246],[7.96084,44.85208],[7.96075,44.85197],[7.9587,44.85214],[7.95758,44.85222],[7.95542,44.85242],[7.95461,44.85099],[7.95402,44.85008],[7.95397,44.84962],[7.95424,44.84904],[7.95438,44.84882],[7.95456,44.84812],[7.95453,44.84763],[7.9544,44.84763],[7.95449,44.84642],[7.95466,44.84526],[7.95557,44.84321],[7.95636,44.84183],[7.95665,44.841],[7.95666,44.84035],[7.95624,44.83986],[7.95612,44.83944],[7.9562,44.83911],[7.95634,44.83874],[7.95631,44.83831],[7.95602,44.83787],[7.95605,44.83786],[7.95614,44.83722],[7.95608,44.83674],[7.95597,44.83662],[7.95411,44.83662],[7.95385,44.83667],[7.95255,44.83617],[7.95026,44.83525],[7.9487,44.83435],[7.94746,44.83352],[7.9473,44.83312],[7.94738,44.83243],[7.94747,44.83165],[7.94759,44.8307],[7.9474,44.82992],[7.94731,44.82947],[7.9473,44.82792],[7.94719,44.82776],[7.94678,44.82762],[7.94592,44.82731],[7.94534,44.82676],[7.94438,44.82611],[7.94392,44.82571],[7.9436,44.82456],[7.94347,44.82419],[7.94363,44.82382],[7.94375,44.82379],[7.94429,44.82349],[7.9441,44.82339],[7.94394,44.8233],[7.94376,44.82301],[7.94512,44.82241],[7.9463,44.82176],[7.94713,44.8212],[7.94758,44.82065],[7.94751,44.82038],[7.94696,44.8198],[7.94684,44.81914],[7.94717,44.81862],[7.94772,44.818],[7.94817,44.81757],[7.94855,44.8167],[7.94865,44.81633],[7.94861,44.81455],[7.94859,44.81401],[7.94835,44.81383],[7.94813,44.81351],[7.94818,44.81295],[7.9483,44.81247],[7.94819,44.81238],[7.94781,44.81202],[7.94746,44.81172],[7.94829,44.81151],[7.9481,44.81131],[7.94809,44.81124],[7.94713,44.81012],[7.9464,44.8096],[7.94497,44.8085],[7.94447,44.80822],[7.94338,44.80761],[7.94223,44.80679],[7.94136,44.80609],[7.94083,44.80582],[7.94026,44.80581],[7.93954,44.80592],[7.93832,44.80617],[7.93757,44.80628],[7.93683,44.80641],[7.93617,44.80653],[7.93564,44.80678],[7.93536,44.80679],[7.93415,44.80618],[7.93398,44.80601],[7.93367,44.80592],[7.93327,44.80586],[7.9326,44.80592],[7.93243,44.80607],[7.93207,44.80629],[7.93181,44.8062],[7.93166,44.806],[7.93154,44.80554],[7.9315,44.80528],[7.93134,44.8051],[7.93109,44.80495],[7.93055,44.80477],[7.92816,44.80402],[7.92723,44.80378],[7.92701,44.80373],[7.92681,44.80312],[7.92647,44.80211],[7.92631,44.80134],[7.92581,44.80062],[7.92603,44.80037],[7.92654,44.80007],[7.92644,44.79989],[7.92646,44.79964],[7.92646,44.79946],[7.92638,44.79941],[7.92628,44.79945],[7.92621,44.79952],[7.92605,44.79951],[7.92554,44.79903],[7.92532,44.79867],[7.92498,44.79864],[7.92464,44.79863],[7.92438,44.79854],[7.92398,44.79824],[7.92405,44.79767],[7.92416,44.79737],[7.92431,44.79699],[7.92432,44.79681],[7.92434,44.79666],[7.92414,44.79637],[7.92414,44.79625],[7.92518,44.79546],[7.92468,44.79509],[7.92456,44.79489],[7.9246,44.79468],[7.92478,44.79439],[7.92494,44.79423],[7.92493,44.79409],[7.92468,44.79408],[7.92425,44.79428],[7.92405,44.79437],[7.92355,44.79433],[7.92324,44.79428],[7.9228,44.79418],[7.92234,44.79436],[7.922,44.79455],[7.92182,44.79484],[7.92128,44.79507],[7.92111,44.79522],[7.92076,44.79529],[7.92063,44.79522],[7.92052,44.79519],[7.92036,44.79514],[7.91965,44.79485],[7.91932,44.7947],[7.91894,44.79457],[7.91933,44.79437],[7.91941,44.79433],[7.91956,44.79401],[7.91955,44.79354],[7.91939,44.79342],[7.91905,44.79347],[7.91854,44.79362],[7.91766,44.79379],[7.91707,44.79382],[7.9166,44.79388],[7.91605,44.79408],[7.91561,44.79436],[7.91502,44.79465],[7.91404,44.79499],[7.91389,44.79492],[7.91372,44.79467],[7.91433,44.79425],[7.91473,44.79385],[7.91489,44.79345],[7.91559,44.79295],[7.91619,44.79237],[7.91638,44.79198],[7.91659,44.79122],[7.91673,44.79018],[7.91686,44.78972],[7.91687,44.78917],[7.91696,44.78886],[7.91704,44.78855],[7.91714,44.78819],[7.91728,44.78791],[7.91747,44.7877],[7.91771,44.78753],[7.91799,44.78729],[7.91676,44.78715],[7.91606,44.78708],[7.91469,44.78666],[7.91312,44.7862],[7.91233,44.78612],[7.9119,44.78612],[7.91118,44.78628],[7.90904,44.78656],[7.90854,44.78672],[7.90827,44.78661],[7.90814,44.78643],[7.90798,44.78644],[7.9079,44.78644],[7.90763,44.78626],[7.90742,44.78619],[7.90694,44.78619],[7.90676,44.78606],[7.90679,44.78596],[7.90699,44.78578],[7.90714,44.78559],[7.90713,44.78544],[7.90713,44.78527],[7.90727,44.78524],[7.9079,44.78507],[7.90795,44.78485],[7.90807,44.78424],[7.90833,44.7832],[7.90849,44.78283],[7.90877,44.78253],[7.90917,44.78206],[7.90974,44.78146],[7.91042,44.78087],[7.91116,44.78059],[7.91249,44.78027],[7.91335,44.7799],[7.91372,44.77964],[7.914,44.77906],[7.9142,44.77827],[7.91458,44.77765],[7.91529,44.77705],[7.91617,44.77623],[7.91696,44.77557],[7.91711,44.77533],[7.91761,44.77418],[7.918,44.77308],[7.91814,44.77297],[7.91807,44.77229],[7.91777,44.77193],[7.91553,44.77228],[7.91356,44.77252],[7.91037,44.77203],[7.90985,44.77166],[7.91,44.77089],[7.91029,44.76938],[7.91027,44.76895],[7.91042,44.76836],[7.91064,44.76782],[7.91076,44.7663],[7.91067,44.76549],[7.91064,44.76517],[7.91006,44.7647],[7.90908,44.76359],[7.90984,44.76292],[7.91098,44.7622],[7.91166,44.76192],[7.91182,44.76145],[7.91288,44.76113],[7.91358,44.76076],[7.9143,44.76001],[7.91466,44.75958],[7.9145,44.75901],[7.91437,44.75852],[7.91425,44.75789],[7.91416,44.75746],[7.91358,44.75702],[7.91304,44.75666],[7.91283,44.75656],[7.9127,44.75655],[7.91258,44.75663],[7.91256,44.7568],[7.91255,44.75692],[7.91252,44.75698],[7.91233,44.757],[7.91226,44.75695],[7.9122,44.75685],[7.91222,44.75671],[7.91226,44.75655],[7.91211,44.75646],[7.91192,44.75644],[7.91172,44.75652],[7.91149,44.75662],[7.91095,44.75677],[7.91055,44.75687],[7.90994,44.75712],[7.90969,44.75735],[7.9096,44.75743],[7.90946,44.75747],[7.90929,44.7574],[7.90922,44.7573],[7.90924,44.75703],[7.90903,44.75685],[7.90888,44.75682],[7.90888,44.75677],[7.90906,44.75671],[7.90916,44.7566],[7.9092,44.75648],[7.90891,44.75635],[7.90884,44.75625],[7.90887,44.75604],[7.90863,44.75596],[7.90831,44.75595],[7.90804,44.75597],[7.90772,44.75601],[7.90754,44.75606],[7.9074,44.75604],[7.90743,44.75596],[7.90755,44.75588],[7.90762,44.75578],[7.90771,44.75569],[7.90765,44.75552],[7.90725,44.75537],[7.9054,44.75485],[7.9057,44.75451],[7.90586,44.75404],[7.90585,44.75355],[7.90536,44.75228],[7.90496,44.75139],[7.90461,44.75057],[7.90402,44.74943],[7.90362,44.74891],[7.90278,44.74866],[7.89802,44.74778],[7.89686,44.74494],[7.89632,44.7438],[7.89579,44.74343],[7.8949,44.74302],[7.89432,44.74275],[7.89385,44.74257],[7.89351,44.74257],[7.89339,44.74231],[7.89327,44.74199],[7.89288,44.74183],[7.89243,44.74174],[7.8921,44.74156],[7.8916,44.74142],[7.89121,44.74087],[7.89164,44.74055],[7.89177,44.74055],[7.89243,44.74036],[7.89253,44.74015],[7.89267,44.7397],[7.89272,44.73947],[7.89265,44.73912],[7.89247,44.73893],[7.89169,44.73889],[7.891,44.73907],[7.89045,44.73929],[7.89013,44.73927],[7.8899,44.73902],[7.88925,44.73886],[7.88891,44.73891],[7.88869,44.73915],[7.88839,44.7393],[7.88782,44.73915],[7.88733,44.73894],[7.88725,44.7386],[7.88739,44.73835],[7.88761,44.73809],[7.88781,44.73798],[7.88873,44.73681],[7.88873,44.73633],[7.88889,44.73574],[7.88878,44.73448],[7.88845,44.73089],[7.88802,44.72995],[7.88775,44.72993],[7.8869,44.72989],[7.88645,44.72995],[7.88606,44.73001],[7.88531,44.72999],[7.88457,44.72987],[7.88426,44.72974],[7.88378,44.72957],[7.88345,44.7295],[7.88242,44.72955],[7.88158,44.72982],[7.8805,44.72998],[7.87998,44.72962],[7.87969,44.72904],[7.87951,44.72772],[7.88005,44.72614],[7.88084,44.72388],[7.88125,44.72228],[7.87968,44.72223],[7.87854,44.72235],[7.87775,44.7227],[7.87626,44.72419],[7.87442,44.72512],[7.87335,44.72531],[7.86963,44.72467],[7.86882,44.72447],[7.86693,44.72398],[7.86531,44.72341],[7.86249,44.72245],[7.86243,44.72254],[7.86123,44.72164],[7.85988,44.72051],[7.85848,44.71918],[7.85768,44.71803],[7.85661,44.71658],[7.85576,44.71562],[7.85585,44.71449],[7.85619,44.71345],[7.85637,44.71165],[7.85629,44.71043],[7.85626,44.70993],[7.85682,44.70862],[7.857,44.70811],[7.85698,44.70788],[7.85635,44.70742],[7.85455,44.70634],[7.85402,44.70623],[7.85131,44.70509],[7.85053,44.70474],[7.85033,44.70448],[7.8503,44.70345],[7.85023,44.7034],[7.8505,44.70289],[7.85144,44.70162],[7.85217,44.70155],[7.85314,44.70154],[7.85347,44.70106],[7.85399,44.70085],[7.85439,44.70046],[7.85488,44.70009],[7.85581,44.69991],[7.85629,44.6999],[7.85725,44.69857],[7.85704,44.69798],[7.85802,44.69665],[7.8582,44.69623],[7.85816,44.69576],[7.85766,44.69512],[7.8577,44.69466],[7.85802,44.69416],[7.8581,44.69388],[7.85796,44.69335],[7.85674,44.69265],[7.8551,44.69248],[7.85476,44.69241],[7.85391,44.6922],[7.85361,44.69202],[7.85337,44.69191],[7.85259,44.69147],[7.85202,44.69131],[7.85247,44.69089],[7.85409,44.6893],[7.85471,44.68866],[7.85496,44.6887],[7.85506,44.68876],[7.85517,44.68881],[7.85538,44.68879],[7.85546,44.68863],[7.85542,44.68845],[7.85578,44.68834],[7.85608,44.68828],[7.85611,44.68821],[7.8559,44.68798],[7.85596,44.6878],[7.85652,44.68803],[7.85688,44.68808],[7.85761,44.68807],[7.85828,44.68815],[7.85923,44.68835],[7.8599,44.68851],[7.86029,44.68837],[7.8605,44.68812],[7.86057,44.68785],[7.86092,44.68798],[7.8628,44.68842],[7.86454,44.68929],[7.86597,44.69031],[7.86641,44.69137],[7.86649,44.69244],[7.86691,44.69409],[7.86793,44.695],[7.86944,44.69551],[7.87197,44.69627],[7.87318,44.69673],[7.87412,44.69714],[7.87628,44.69762],[7.87941,44.69822],[7.88007,44.6982],[7.88098,44.6981],[7.88399,44.6977],[7.89056,44.69683],[7.89987,44.69543],[7.9029,44.69508],[7.90592,44.69483],[7.90913,44.6946],[7.91011,44.69454],[7.9116,44.69357],[7.91261,44.69136],[7.9132,44.68815],[7.91373,44.68733],[7.91521,44.6871],[7.91542,44.68694],[7.91491,44.68633],[7.91342,44.68562],[7.91325,44.68554],[7.91254,44.68513],[7.91206,44.68479],[7.91202,44.68444],[7.91204,44.68383],[7.91221,44.68192],[7.91231,44.68088],[7.91249,44.68022],[7.91249,44.67974],[7.91212,44.67916],[7.91159,44.67865],[7.91093,44.67816],[7.90934,44.6774],[7.90817,44.67689],[7.90619,44.67632],[7.90405,44.67573],[7.90211,44.67486],[7.90042,44.67386],[7.8989,44.67292],[7.89726,44.67177],[7.89722,44.67174],[7.89619,44.67135],[7.89519,44.67079],[7.89474,44.67035],[7.89437,44.66946],[7.89325,44.66828],[7.89196,44.66765],[7.8901,44.66676],[7.8889,44.66609],[7.88813,44.66554],[7.88799,44.66535],[7.88698,44.66369],[7.88708,44.66244],[7.88839,44.6606],[7.88927,44.65984],[7.88969,44.65931],[7.88972,44.6589],[7.88956,44.6582],[7.88916,44.65696],[7.88861,44.65442],[7.88806,44.65271],[7.88782,44.652],[7.88734,44.65145],[7.88602,44.65123],[7.88354,44.65098],[7.88022,44.65055],[7.87565,44.6495],[7.87122,44.64779],[7.86901,44.64707],[7.86788,44.6464],[7.86686,44.6454],[7.86484,44.64328],[7.86391,44.64152],[7.86413,44.64074],[7.86476,44.64003],[7.86603,44.63998],[7.86742,44.6403],[7.86839,44.64087],[7.86923,44.64145],[7.87045,44.64142],[7.87144,44.64104],[7.87339,44.64001],[7.87552,44.63972],[7.87692,44.63932],[7.87823,44.63859],[7.87927,44.63824],[7.88015,44.63762],[7.88159,44.63616],[7.88255,44.63549],[7.88312,44.63492],[7.88353,44.63439],[7.88359,44.63272],[7.88331,44.63132],[7.88299,44.63014],[7.88194,44.62937],[7.88088,44.62857],[7.88009,44.62791],[7.87956,44.62708],[7.87911,44.62617],[7.87912,44.62566],[7.87839,44.6245],[7.8781,44.62416],[7.87795,44.62361],[7.87777,44.623],[7.87775,44.62268],[7.87806,44.62203],[7.87885,44.62131],[7.88024,44.62047],[7.88142,44.61999],[7.88226,44.61977],[7.88309,44.61936],[7.88369,44.61902],[7.88396,44.61871],[7.88403,44.61831],[7.88396,44.61798],[7.883,44.61683],[7.88211,44.61525],[7.88132,44.61435],[7.88112,44.61373],[7.8807,44.61352],[7.88027,44.61307],[7.87998,44.61264],[7.87977,44.6118],[7.8796,44.6111],[7.87974,44.61017],[7.87988,44.60933],[7.88038,44.60796],[7.88061,44.60747],[7.88125,44.60673],[7.88193,44.60599],[7.88299,44.60521],[7.8838,44.6047],[7.88429,44.60417],[7.88477,44.60347],[7.88517,44.60292],[7.88538,44.60257],[7.88561,44.60192],[7.88562,44.60146],[7.88578,44.60006],[7.88609,44.59866],[7.88613,44.59859],[7.8868,44.59776],[7.88782,44.59731],[7.89077,44.5964],[7.8914,44.59631],[7.89185,44.59583],[7.89197,44.59554],[7.89214,44.5946],[7.89184,44.59415],[7.89058,44.59341],[7.88864,44.59273],[7.88787,44.59182],[7.88676,44.5907],[7.88613,44.59019],[7.88605,44.58947],[7.88621,44.58816],[7.88813,44.58523],[7.8895,44.5828],[7.89102,44.58158],[7.89183,44.58138],[7.8935,44.58161],[7.89429,44.58166],[7.89566,44.5819],[7.89762,44.58227],[7.89912,44.58258],[7.90011,44.58288],[7.901,44.58312],[7.90161,44.5832],[7.90198,44.58324],[7.90236,44.58307],[7.90269,44.58263],[7.9029,44.5822],[7.90313,44.58173],[7.90371,44.58071],[7.90423,44.58011],[7.9048,44.5797],[7.906,44.57911],[7.90731,44.57877],[7.90839,44.57838],[7.90923,44.57791],[7.91074,44.57712],[7.91242,44.57633],[7.91329,44.57595],[7.9137,44.57551],[7.91419,44.57496],[7.91445,44.57461],[7.91465,44.57422],[7.9146,44.57389],[7.91416,44.57351],[7.91392,44.57328],[7.91341,44.57325],[7.91325,44.57306],[7.91293,44.57284],[7.91226,44.57265],[7.91069,44.57257],[7.90931,44.57256],[7.90828,44.57234],[7.90755,44.57238],[7.90717,44.57216],[7.90631,44.57174],[7.90587,44.57152],[7.90553,44.57149],[7.905,44.57109],[7.90449,44.57052],[7.90377,44.5697],[7.90318,44.5687],[7.9028,44.56775],[7.90243,44.567],[7.90203,44.5661],[7.90171,44.5652],[7.90147,44.56484],[7.9003,44.56405],[7.89971,44.56362],[7.89936,44.5635],[7.89864,44.56336],[7.89833,44.563],[7.89821,44.56273],[7.89818,44.56192],[7.89797,44.56101],[7.89802,44.56017],[7.8982,44.55969],[7.89865,44.55918],[7.89961,44.55882],[7.90154,44.55723],[7.90472,44.55672],[7.90681,44.5558],[7.91011,44.55306],[7.91028,44.55308],[7.91152,44.55309],[7.91356,44.55289],[7.91358,44.5533],[7.91392,44.55491],[7.91419,44.55549],[7.91451,44.55591],[7.91519,44.55666],[7.91649,44.55769],[7.91747,44.55876],[7.91772,44.55887],[7.91973,44.55948],[7.92046,44.55973],[7.92126,44.56017],[7.92259,44.56102],[7.92252,44.56133],[7.9225,44.56163],[7.92368,44.56182],[7.92394,44.56193],[7.92423,44.56208],[7.92458,44.56232],[7.92478,44.56243],[7.92529,44.5626],[7.92571,44.56265],[7.92628,44.56273],[7.92671,44.56267],[7.92707,44.56261],[7.92785,44.56224],[7.9289,44.56167],[7.92938,44.5613],[7.92988,44.56102],[7.93017,44.56097],[7.9306,44.56097],[7.93121,44.56104],[7.93169,44.56108],[7.93261,44.56131],[7.93381,44.56168],[7.93442,44.56215],[7.93489,44.56229],[7.93525,44.56241],[7.93653,44.5627],[7.93707,44.56307],[7.93746,44.56325],[7.93853,44.56351],[7.93896,44.56358],[7.93935,44.56362],[7.93961,44.5637],[7.93981,44.56386],[7.9402,44.5641],[7.94043,44.56428],[7.94072,44.56442],[7.94077,44.56444],[7.94175,44.56468],[7.94216,44.56487],[7.94301,44.56516],[7.94344,44.56522],[7.94409,44.56524],[7.94428,44.56521],[7.94481,44.56528],[7.9454,44.5654],[7.94594,44.56541],[7.94612,44.56551],[7.94634,44.56568],[7.94716,44.56636],[7.94737,44.56645],[7.94804,44.56655],[7.94864,44.56652],[7.94923,44.56644],[7.95,44.56597],[7.95041,44.56568],[7.95102,44.56529],[7.95129,44.56506],[7.95167,44.56498],[7.95228,44.56497],[7.95292,44.56503],[7.95356,44.56495],[7.95399,44.5647],[7.95443,44.56451],[7.95518,44.56435],[7.95565,44.5642],[7.95614,44.56397],[7.95646,44.56374],[7.95685,44.56338],[7.95712,44.56327],[7.95774,44.56312],[7.9593,44.56283],[7.95988,44.56256],[7.96065,44.56213],[7.96099,44.56191],[7.9621,44.56105],[7.96272,44.56103],[7.96337,44.56102],[7.96372,44.56119],[7.964,44.56138],[7.96416,44.56154],[7.96411,44.56177],[7.96372,44.563],[7.96399,44.56329],[7.96472,44.5633],[7.96503,44.56327],[7.96549,44.56314],[7.96562,44.56307],[7.96929,44.56045],[7.97005,44.55995],[7.97096,44.55924],[7.9712,44.55912],[7.97143,44.55913],[7.97168,44.55934],[7.9717,44.55939],[7.97174,44.55951],[7.97176,44.55997],[7.97172,44.56015],[7.97192,44.56049],[7.9721,44.56072],[7.97249,44.56095],[7.97278,44.56106],[7.973,44.56128],[7.97306,44.56138],[7.97309,44.56149],[7.97298,44.56178],[7.97295,44.56206],[7.97296,44.56217],[7.97305,44.56234],[7.97327,44.56255],[7.97357,44.56273],[7.9739,44.56287],[7.975,44.56291],[7.97573,44.56287],[7.97632,44.56277],[7.97696,44.56248],[7.97781,44.56224],[7.9781,44.56208],[7.97839,44.56205],[7.97889,44.56203],[7.97943,44.56203],[7.97959,44.56195],[7.97983,44.56172],[7.98004,44.56126],[7.98008,44.56099],[7.98117,44.56018],[7.98156,44.55992],[7.98213,44.55957],[7.98233,44.5594],[7.98265,44.55915],[7.98434,44.55858],[7.98458,44.55856],[7.98492,44.55863],[7.98488,44.55953],[7.98543,44.55974],[7.98581,44.55985],[7.9861,44.55971],[7.98634,44.5595],[7.98686,44.55889],[7.98794,44.55818],[7.98823,44.55813],[7.98858,44.55824],[7.98939,44.55825],[7.98991,44.55822],[7.99063,44.55827],[7.99102,44.55835],[7.9914,44.55837],[7.99156,44.5583],[7.99175,44.55813],[7.99218,44.55735],[7.99238,44.55717],[7.99251,44.55717],[7.99264,44.55663],[7.99235,44.55584],[7.99219,44.55578],[7.99171,44.55547],[7.99137,44.55504],[7.9912,44.55467],[7.99111,44.55457],[7.99105,44.5544],[7.99115,44.5543],[7.99146,44.55406],[7.99154,44.5539],[7.99137,44.55358],[7.99107,44.55329],[7.99091,44.55324],[7.99048,44.5532],[7.99023,44.55321],[7.98997,44.55312],[7.98974,44.55299],[7.98963,44.5528],[7.98961,44.55266],[7.98957,44.55246],[7.98963,44.55236],[7.99002,44.55207],[7.99014,44.55194],[7.99018,44.55185],[7.9901,44.55164],[7.99001,44.55149],[7.98967,44.55126],[7.98972,44.55101],[7.9898,44.55088],[7.99095,44.54928],[7.99124,44.54902],[7.99141,44.54877],[7.99199,44.54824],[7.99493,44.54601],[7.99574,44.5455],[7.9967,44.54514],[7.99732,44.54552],[7.99832,44.54598],[7.99895,44.54624],[7.99922,44.5465],[7.99967,44.54673],[8.00006,44.54682],[8.00047,44.54689],[8.00076,44.54709],[8.00092,44.54717],[8.00123,44.54728],[8.00185,44.54743],[8.0023,44.5477],[8.00273,44.54779],[8.00295,44.54779],[8.00305,44.54789],[8.00312,44.54801],[8.00389,44.5485],[8.00442,44.54878],[8.00495,44.54902],[8.00523,44.5492],[8.00557,44.54928],[8.00588,44.54938],[8.00635,44.54968],[8.00744,44.5502],[8.00789,44.55049],[8.00819,44.5507],[8.00783,44.55194],[8.00765,44.55273],[8.00757,44.55297],[8.0073,44.55321],[8.00716,44.55341],[8.00736,44.55385],[8.0077,44.55435],[8.00773,44.55449],[8.00719,44.55597],[8.00706,44.55622],[8.00703,44.55656],[8.00632,44.55704],[8.00561,44.55754],[8.00509,44.55804],[8.00483,44.55833],[8.0042,44.55949],[8.00397,44.56039],[8.00403,44.56049],[8.00438,44.56061],[8.00508,44.56067],[8.0053,44.5607],[8.00591,44.56093],[8.00711,44.56121],[8.00748,44.56136],[8.00763,44.56144],[8.00776,44.56157],[8.00809,44.56176],[8.00842,44.56189],[8.0086,44.56193],[8.00895,44.56192],[8.00932,44.56194],[8.01031,44.56203],[8.01075,44.56207],[8.01092,44.56197],[8.01145,44.56222],[8.01184,44.56244],[8.0122,44.56258],[8.01252,44.56264],[8.01286,44.56259],[8.01322,44.56249],[8.01349,44.56251],[8.0143,44.56284],[8.01558,44.56319],[8.01597,44.56334],[8.01642,44.56357],[8.01648,44.56378],[8.01642,44.56418],[8.01634,44.56447],[8.01633,44.56508],[8.01639,44.56535],[8.01654,44.56568],[8.01688,44.56615],[8.01695,44.56628],[8.01756,44.56685],[8.01843,44.56743],[8.01876,44.56775],[8.01905,44.56799],[8.01928,44.56804],[8.01978,44.56792],[8.02032,44.56789],[8.02073,44.56796],[8.02096,44.56813],[8.02111,44.56828],[8.02126,44.56859],[8.02142,44.56883],[8.02161,44.569],[8.02178,44.56907],[8.02205,44.56906],[8.02236,44.56902],[8.02266,44.56902],[8.02285,44.56908],[8.02303,44.56919],[8.02328,44.5693],[8.02352,44.56954],[8.02362,44.57033],[8.02369,44.57055],[8.02406,44.57052],[8.02475,44.5705],[8.02495,44.57056],[8.02513,44.57065],[8.02519,44.5708],[8.02522,44.57111],[8.02534,44.57122],[8.02562,44.57139],[8.02582,44.57146],[8.0262,44.57143],[8.02649,44.5714],[8.02695,44.57211],[8.02746,44.57237],[8.02756,44.57253],[8.02761,44.57269],[8.02763,44.57289],[8.02767,44.57299],[8.02799,44.57325],[8.0281,44.57337],[8.02821,44.57361],[8.02832,44.57375],[8.02845,44.57378],[8.02879,44.57375],[8.02893,44.57375],[8.02929,44.5739],[8.02948,44.574],[8.02958,44.5741],[8.0299,44.57462],[8.03029,44.57491],[8.03094,44.57519],[8.03118,44.57538],[8.03148,44.57565],[8.03207,44.57577],[8.03238,44.57598],[8.03264,44.57604],[8.03283,44.57604],[8.03318,44.57634],[8.03342,44.57642],[8.03358,44.57642],[8.034,44.57628],[8.03421,44.57629],[8.03454,44.57627],[8.03516,44.57612],[8.03566,44.57612],[8.03585,44.5762],[8.03618,44.57638],[8.03624,44.57644],[8.03638,44.57652],[8.0366,44.57656],[8.03688,44.57656],[8.03708,44.57654],[8.03726,44.57644],[8.0376,44.57623],[8.03784,44.57617],[8.03822,44.5761],[8.03859,44.57593],[8.03987,44.57527],[8.04009,44.57523],[8.04028,44.57523],[8.0408,44.57482],[8.04125,44.57471],[8.04148,44.57471],[8.04156,44.57444],[8.04165,44.57431],[8.04218,44.57424],[8.04256,44.57417],[8.04281,44.57417],[8.04359,44.57465],[8.0438,44.57469],[8.04399,44.57466],[8.04415,44.57457],[8.04427,44.57441],[8.0453,44.57444],[8.04635,44.57438],[8.0467,44.57439],[8.04735,44.57445],[8.04754,44.5744],[8.04775,44.57411],[8.04804,44.57426],[8.04847,44.57428],[8.04887,44.57435],[8.04884,44.57448],[8.04884,44.57457],[8.04951,44.57523],[8.04984,44.5758],[8.04996,44.57615],[8.05004,44.57672],[8.05002,44.57696],[8.04971,44.57738],[8.04923,44.57811],[8.04911,44.57878],[8.04894,44.57917],[8.04848,44.57948],[8.0481,44.5797],[8.04693,44.58026],[8.04665,44.58046],[8.04634,44.5809],[8.04606,44.58141],[8.04583,44.58203],[8.04569,44.58289],[8.0457,44.58303],[8.04583,44.58316],[8.04634,44.58352],[8.04714,44.58447],[8.04729,44.58476],[8.04742,44.58528],[8.04728,44.58571],[8.04714,44.58596],[8.0465,44.58676],[8.0463,44.58706],[8.04605,44.58724],[8.04579,44.58745],[8.04545,44.58771],[8.04503,44.58798],[8.04446,44.58913],[8.04422,44.58945],[8.0441,44.58984],[8.04369,44.59026],[8.0434,44.59067],[8.04305,44.59104],[8.04244,44.5916],[8.04201,44.59212],[8.04176,44.59234],[8.04142,44.59245],[8.04105,44.59273],[8.04076,44.59331],[8.04051,44.59393],[8.04062,44.59383],[8.0408,44.59374],[8.04093,44.59371],[8.04107,44.59373],[8.04132,44.59389],[8.04148,44.59403],[8.04196,44.59435],[8.04235,44.59444],[8.0431,44.59433],[8.0434,44.59431],[8.04362,44.59423],[8.04383,44.59442],[8.04413,44.59453],[8.04438,44.59452],[8.04472,44.59439],[8.04505,44.59418],[8.04577,44.59336],[8.04605,44.59317],[8.04631,44.59292],[8.04656,44.59274],[8.04692,44.59269],[8.04699,44.59262],[8.0472,44.59229],[8.04752,44.59232],[8.04765,44.5923],[8.04779,44.59222],[8.04816,44.59206],[8.04871,44.59188],[8.04991,44.59152],[8.05009,44.59139],[8.05036,44.59114],[8.05054,44.59091],[8.05117,44.59058],[8.05143,44.59031],[8.05172,44.59011],[8.05271,44.58953],[8.05319,44.58915],[8.05358,44.58902],[8.05377,44.58898],[8.05404,44.58878],[8.0542,44.5888],[8.0544,44.58879],[8.05448,44.58868],[8.0546,44.58842],[8.05482,44.58833],[8.05547,44.58832],[8.05614,44.58777],[8.0565,44.58779],[8.0567,44.58775],[8.05699,44.58745],[8.05732,44.58734],[8.05801,44.58717],[8.05822,44.58709],[8.05849,44.58696],[8.05888,44.58666],[8.0595,44.58607],[8.05969,44.58602],[8.0599,44.58603],[8.06064,44.58647],[8.06153,44.58705],[8.06306,44.5877],[8.0636,44.58796],[8.06393,44.58802],[8.06438,44.58774],[8.06512,44.58752],[8.06546,44.58745],[8.06611,44.5872],[8.06674,44.58686],[8.06725,44.58655],[8.06738,44.5864],[8.06756,44.58634],[8.06784,44.58637],[8.06812,44.58643],[8.0685,44.58644],[8.06886,44.58661],[8.06966,44.58691],[8.07015,44.58705],[8.07039,44.58715],[8.07113,44.58763],[8.07156,44.58776],[8.07219,44.5879],[8.0732,44.58807],[8.07411,44.5878],[8.0744,44.58769],[8.07459,44.58757],[8.07526,44.58723],[8.07587,44.58683],[8.07647,44.58662],[8.07676,44.58656],[8.07694,44.58664],[8.07708,44.58677],[8.07748,44.58738],[8.07691,44.58923],[8.07694,44.58973],[8.07706,44.59002],[8.07725,44.59061],[8.07713,44.59104],[8.07632,44.59127],[8.07586,44.59159],[8.07567,44.59167],[8.07556,44.59185],[8.07562,44.59258],[8.07582,44.59335],[8.07538,44.59466],[8.07515,44.59497],[8.0745,44.59569],[8.07383,44.59625],[8.07371,44.59634],[8.07347,44.5964],[8.07316,44.59662],[8.07255,44.597],[8.07182,44.5976],[8.07151,44.59797],[8.07113,44.59812],[8.07123,44.59827],[8.07119,44.5984],[8.071,44.59865],[8.07064,44.59902],[8.0707,44.5993],[8.07033,44.59946],[8.0701,44.59969],[8.07,44.59982],[8.07031,44.60001],[8.07047,44.60006],[8.0711,44.60012],[8.07169,44.60031],[8.07211,44.60031],[8.0725,44.60028],[8.07291,44.60028],[8.07364,44.60006],[8.07381,44.60002],[8.07442,44.6001],[8.07491,44.59984],[8.07528,44.59969],[8.07549,44.59944],[8.07564,44.59936],[8.07602,44.59922],[8.07606,44.59902],[8.07676,44.59868],[8.07723,44.59849],[8.07751,44.59823],[8.07851,44.59756],[8.07902,44.5971],[8.07943,44.59689],[8.08029,44.59665],[8.08228,44.59604],[8.08268,44.59592],[8.08299,44.59645],[8.08327,44.59702],[8.08359,44.59787],[8.0835,44.59786],[8.08296,44.59813],[8.0826,44.59826],[8.08242,44.59834],[8.08228,44.5985],[8.08076,44.59902],[8.08073,44.59916],[8.08035,44.59967],[8.08009,44.60008],[8.07982,44.60032],[8.07953,44.60051],[8.07856,44.60106],[8.07771,44.60148],[8.07734,44.60165],[8.07714,44.60169],[8.07695,44.6017],[8.07668,44.6017],[8.07616,44.60148],[8.07579,44.60135],[8.07518,44.60118],[8.07478,44.60122],[8.07441,44.60134],[8.07422,44.60145],[8.07401,44.60173],[8.07388,44.60199],[8.0737,44.60226],[8.07357,44.60237],[8.0727,44.60279],[8.07233,44.60292],[8.07125,44.60336],[8.07087,44.60349],[8.06906,44.60418],[8.06835,44.60447],[8.0675,44.60495],[8.06732,44.60521],[8.06731,44.60551],[8.06727,44.60596],[8.06726,44.60655],[8.06717,44.6067],[8.06694,44.60695],[8.0662,44.60722],[8.06582,44.60734],[8.0655,44.6074],[8.06492,44.60753],[8.06451,44.60754],[8.06409,44.60754],[8.0637,44.60761],[8.06327,44.60766],[8.06343,44.60777],[8.06391,44.60844],[8.06397,44.60857],[8.06422,44.60857],[8.06437,44.60869],[8.06511,44.60941],[8.06544,44.60962],[8.06576,44.60976],[8.06613,44.60989],[8.06652,44.60994],[8.06796,44.61001],[8.06877,44.61015],[8.06915,44.61024],[8.06996,44.61072],[8.07087,44.61133],[8.07156,44.61168],[8.07227,44.61231],[8.07281,44.61206],[8.07341,44.61172],[8.07409,44.61136],[8.07459,44.61112],[8.07487,44.61131],[8.07519,44.6115],[8.07556,44.61166],[8.07631,44.6119],[8.07689,44.61233],[8.0775,44.61271],[8.07753,44.61287],[8.0774,44.61315],[8.07732,44.61329],[8.07675,44.61372],[8.07654,44.61398],[8.07619,44.61433],[8.07554,44.61492],[8.07555,44.61505],[8.0773,44.6161],[8.0765,44.61659],[8.07637,44.61675],[8.0758,44.61753],[8.07586,44.61792],[8.07647,44.6183],[8.07704,44.61872],[8.07888,44.61987],[8.07931,44.61992],[8.08011,44.61998],[8.08138,44.62004],[8.08131,44.62019],[8.08063,44.62093],[8.08022,44.62142],[8.08014,44.62204],[8.07969,44.62251],[8.07975,44.62265],[8.07996,44.62268],[8.08075,44.62281],[8.08159,44.62296],[8.0818,44.62301],[8.08209,44.62319],[8.08229,44.62335],[8.08254,44.62357],[8.08297,44.62398],[8.08316,44.62431],[8.08322,44.62451],[8.08306,44.62469],[8.08281,44.62482],[8.08229,44.62486],[8.0817,44.62503],[8.08213,44.62546],[8.08229,44.62573],[8.083,44.62631],[8.08296,44.6266],[8.08295,44.62692],[8.08326,44.62742],[8.08349,44.62787],[8.08342,44.62824],[8.08317,44.62887],[8.08308,44.62936],[8.08312,44.62974],[8.08345,44.6303],[8.08357,44.63041],[8.08406,44.63014],[8.08425,44.63074],[8.08391,44.6318],[8.08325,44.63295],[8.08321,44.63345],[8.08283,44.63387],[8.08284,44.6343],[8.08278,44.63464],[8.08268,44.63477],[8.08246,44.63487],[8.08228,44.63501],[8.08194,44.6353],[8.08124,44.63584],[8.0811,44.63588],[8.08097,44.63612],[8.08077,44.63637],[8.08015,44.63697],[8.08007,44.63708],[8.07996,44.63737],[8.0796,44.63788],[8.07951,44.63797],[8.07912,44.63811],[8.07905,44.63838],[8.07875,44.63856],[8.07868,44.6387],[8.07865,44.63884],[8.07866,44.63899],[8.07862,44.63914],[8.07852,44.63924],[8.07851,44.63939],[8.07854,44.63967],[8.0786,44.63984],[8.07932,44.63993],[8.08015,44.63987],[8.08053,44.63978],[8.08206,44.63933],[8.08229,44.63921],[8.08272,44.63901],[8.08309,44.63878],[8.08418,44.63804],[8.08431,44.63807],[8.08555,44.63868],[8.08589,44.63874],[8.08652,44.6388],[8.0873,44.63908],[8.08918,44.63982],[8.08972,44.64],[8.09028,44.64008],[8.09085,44.64042],[8.09211,44.64125],[8.09247,44.64162],[8.09277,44.64183],[8.09298,44.64204],[8.09372,44.64307],[8.09394,44.64328],[8.09411,44.64349],[8.09429,44.64387],[8.0947,44.64419],[8.0949,44.64437],[8.09524,44.64492],[8.09556,44.64462],[8.09567,44.64452],[8.0961,44.64407],[8.09625,44.644],[8.09617,44.64343],[8.09622,44.64328],[8.09631,44.64317],[8.09644,44.64309],[8.09692,44.64296],[8.09768,44.64195],[8.09769,44.64171],[8.09773,44.64159],[8.09789,44.64135],[8.09811,44.64123],[8.09873,44.64094],[8.09929,44.64072],[8.09956,44.64057],[8.09989,44.64037],[8.10036,44.63989],[8.10073,44.63945],[8.10098,44.63922],[8.10113,44.63911],[8.10129,44.63907],[8.10151,44.63906],[8.10157,44.63893],[8.10173,44.6389],[8.10225,44.63869],[8.10257,44.63846],[8.10304,44.63796],[8.10317,44.63738],[8.1033,44.63729],[8.10367,44.63688],[8.10373,44.63676],[8.1038,44.63664],[8.10399,44.63657],[8.10455,44.6366],[8.10556,44.63653],[8.10575,44.63655],[8.10595,44.63655],[8.10666,44.63631],[8.10748,44.636],[8.10843,44.63579],[8.10882,44.63568],[8.10947,44.63567],[8.11059,44.6355],[8.11102,44.63549],[8.11131,44.6355],[8.11154,44.63554],[8.11161,44.63484],[8.11197,44.63455],[8.11269,44.63375],[8.11302,44.63342],[8.11299,44.63301],[8.1129,44.63285],[8.11286,44.63244],[8.11286,44.63225],[8.11275,44.63212],[8.11222,44.63202],[8.11185,44.63174],[8.11149,44.63132],[8.11119,44.63112],[8.11098,44.6307],[8.11106,44.63044],[8.1112,44.63013],[8.11172,44.62989],[8.1119,44.62982],[8.11214,44.62976],[8.11261,44.62944],[8.11307,44.6292],[8.1133,44.62911],[8.11348,44.62893],[8.11363,44.62882],[8.11358,44.62867],[8.11371,44.62858],[8.1138,44.62848],[8.11397,44.62818],[8.11397,44.62802],[8.11392,44.62782],[8.11398,44.62758],[8.11408,44.62746],[8.11428,44.62728],[8.11444,44.62703],[8.11494,44.62679],[8.11501,44.62668],[8.1152,44.62662],[8.11546,44.62643],[8.11565,44.6262],[8.11613,44.62588],[8.11629,44.62557],[8.11634,44.62551],[8.11651,44.62514],[8.1166,44.62486],[8.11688,44.62462],[8.11689,44.6245],[8.11717,44.62413],[8.11726,44.62385],[8.11729,44.62372],[8.11735,44.6236],[8.11751,44.62348],[8.1175,44.62333],[8.11765,44.62313],[8.11759,44.62279],[8.11767,44.62269],[8.11799,44.62231],[8.11829,44.62189],[8.11871,44.62176],[8.11911,44.62169],[8.11815,44.62105],[8.11785,44.62055],[8.11765,44.62042],[8.11744,44.62039],[8.11719,44.62041],[8.11658,44.62053],[8.11627,44.62057],[8.11579,44.6205],[8.11552,44.62042],[8.11559,44.62012],[8.11561,44.61943],[8.11568,44.61926],[8.11577,44.61913],[8.11564,44.61873],[8.11561,44.61839],[8.11565,44.61795],[8.11566,44.61751],[8.11575,44.61694],[8.11614,44.61633],[8.11633,44.61614],[8.11681,44.61606],[8.1177,44.61595],[8.11908,44.61563],[8.11973,44.61541],[8.12037,44.61513],[8.12109,44.61478],[8.12169,44.61445],[8.12215,44.61426],[8.12301,44.61401],[8.12347,44.61355],[8.12477,44.61237],[8.12536,44.61201],[8.12592,44.61194],[8.1269,44.61188],[8.12809,44.61191],[8.12908,44.61183],[8.13004,44.61168],[8.13082,44.61147],[8.13178,44.61123],[8.13334,44.61062],[8.13365,44.61044],[8.1342,44.61033],[8.13552,44.61013],[8.13583,44.61013],[8.13606,44.61018],[8.13648,44.61044],[8.13678,44.61071],[8.13735,44.61131],[8.13758,44.61139],[8.13822,44.61172],[8.1401,44.61205],[8.14065,44.61214],[8.1414,44.61229],[8.14185,44.61232],[8.14233,44.61222],[8.14256,44.61187],[8.14277,44.61139],[8.1429,44.61117],[8.14306,44.61108],[8.14333,44.61119],[8.14384,44.61138],[8.14409,44.61159],[8.14442,44.61195],[8.14471,44.6122],[8.14515,44.61224],[8.14557,44.61225],[8.14613,44.61223],[8.14697,44.61208],[8.14779,44.61178],[8.1482,44.61155],[8.14865,44.6111],[8.14931,44.61057],[8.14974,44.61014],[8.14994,44.61003],[8.15022,44.60982],[8.15037,44.60957],[8.15046,44.60931],[8.15045,44.60909],[8.15092,44.6085],[8.15134,44.60811],[8.15168,44.60794],[8.15177,44.60781],[8.15186,44.60757],[8.15207,44.60724],[8.15223,44.60716],[8.15282,44.60677],[8.15278,44.6066],[8.15271,44.60637],[8.1529,44.60624],[8.15323,44.60614],[8.15357,44.60598],[8.15393,44.6054],[8.15427,44.60518],[8.15435,44.60488],[8.15443,44.60443],[8.15534,44.60323],[8.15617,44.6023],[8.15639,44.60197],[8.1564,44.60168],[8.15643,44.60136],[8.15737,44.60024],[8.15757,44.59971],[8.15789,44.59917],[8.15826,44.59902],[8.15839,44.59894],[8.15874,44.59877],[8.16024,44.59796],[8.1606,44.59787],[8.16141,44.5979],[8.16182,44.59793],[8.16198,44.59791],[8.16221,44.59782],[8.16354,44.59747],[8.16363,44.59739],[8.16418,44.59548],[8.16555,44.59272],[8.16661,44.5906],[8.16736,44.58854],[8.16794,44.5872],[8.16883,44.58482],[8.1695,44.5831],[8.16946,44.58309],[8.16962,44.58295],[8.17207,44.58332],[8.17327,44.58315],[8.1748,44.58265],[8.17675,44.58239],[8.18013,44.58213],[8.18371,44.58196],[8.18499,44.58184],[8.18571,44.5816],[8.18629,44.58079],[8.18676,44.5794],[8.18727,44.57864],[8.18824,44.57796],[8.18906,44.57774],[8.18998,44.57777],[8.1905,44.57818],[8.19137,44.57928],[8.19204,44.58025],[8.19358,44.58226],[8.19449,44.58044],[8.19562,44.57916],[8.19708,44.5782],[8.19943,44.57685],[8.20036,44.57584],[8.20148,44.57395],[8.20172,44.57233],[8.20156,44.57071],[8.20164,44.5699],[8.20286,44.56917],[8.20364,44.56898],[8.20444,44.56842],[8.20467,44.56779],[8.20515,44.56625],[8.20582,44.56465],[8.20583,44.56374],[8.20506,44.56295],[8.20309,44.56164],[8.20278,44.56114],[8.20329,44.55985],[8.20383,44.55821],[8.20409,44.55823],[8.20432,44.55823],[8.20555,44.55847],[8.20607,44.55868],[8.20696,44.55898],[8.20765,44.55925],[8.20901,44.55972],[8.20957,44.5599],[8.21046,44.56025],[8.21101,44.56045],[8.21228,44.56092],[8.21256,44.56108],[8.21284,44.56126],[8.21287,44.56138],[8.21293,44.56214],[8.213,44.56227],[8.21324,44.56252],[8.21341,44.56278],[8.21355,44.56288],[8.21382,44.56315],[8.21398,44.56324],[8.21455,44.56346],[8.21488,44.56366],[8.21511,44.56393],[8.21525,44.56438],[8.21535,44.56448],[8.21549,44.5646],[8.21595,44.56488],[8.21618,44.56498],[8.21724,44.5651],[8.21786,44.56508],[8.21848,44.56501],[8.22033,44.56476],[8.2215,44.56452],[8.22277,44.56405],[8.22337,44.56381],[8.22356,44.56359],[8.22394,44.5632],[8.22402,44.56309],[8.22402,44.56295],[8.22412,44.56255],[8.22433,44.56226],[8.22449,44.56214],[8.2247,44.5621],[8.22488,44.5621],[8.22504,44.56219],[8.22593,44.5628],[8.22614,44.56282],[8.22634,44.56281],[8.22712,44.56264],[8.2273,44.56258],[8.22844,44.56195],[8.22862,44.56203],[8.22877,44.56228],[8.22925,44.56299],[8.2297,44.56375],[8.2301,44.56363],[8.23051,44.56366],[8.23076,44.56363],[8.23098,44.56356],[8.23126,44.56335],[8.2314,44.56322],[8.23141,44.56307],[8.2315,44.56277],[8.23159,44.56233],[8.23174,44.56205],[8.23198,44.56179],[8.23226,44.56158],[8.23261,44.5614],[8.23277,44.56133],[8.23296,44.56135],[8.23317,44.56145],[8.23352,44.56167],[8.23365,44.56174],[8.23391,44.56168],[8.2341,44.56187],[8.23562,44.56307],[8.23571,44.56318],[8.23663,44.56365],[8.23727,44.56385],[8.23766,44.5641],[8.23773,44.56422],[8.23789,44.56492],[8.23789,44.56535],[8.23779,44.56573],[8.23753,44.56621],[8.23753,44.56637],[8.23861,44.56674],[8.23909,44.56693],[8.23993,44.56737],[8.24031,44.56761],[8.24085,44.56832],[8.24134,44.56922],[8.24154,44.56972],[8.24133,44.57021],[8.24121,44.57068],[8.2411,44.57115],[8.24251,44.57045],[8.24309,44.57034],[8.24336,44.57033],[8.24402,44.57032],[8.24471,44.57018],[8.24501,44.57004],[8.2454,44.57],[8.24556,44.57009],[8.24535,44.57133],[8.24504,44.57177],[8.24497,44.57218],[8.24492,44.57275],[8.24466,44.57371],[8.24441,44.57454],[8.24421,44.57537],[8.24422,44.57559],[8.24452,44.57682],[8.24495,44.57875],[8.24501,44.57975],[8.2449,44.58076],[8.24473,44.58106],[8.24385,44.58148],[8.24213,44.58226],[8.24115,44.58284],[8.24096,44.58304],[8.24044,44.58328],[8.23957,44.58346],[8.23872,44.58361],[8.23823,44.58401],[8.23782,44.5844],[8.23754,44.58452],[8.2371,44.58455],[8.23676,44.58462],[8.2363,44.58481],[8.23557,44.5853],[8.2355,44.58535],[8.23561,44.58575],[8.23558,44.58585],[8.23543,44.58591],[8.23489,44.58596],[8.23428,44.5862],[8.23389,44.58664],[8.23387,44.58715],[8.23375,44.58752],[8.23366,44.58764],[8.23311,44.5878],[8.2325,44.58794],[8.23218,44.58808],[8.23191,44.58834],[8.23183,44.58858],[8.23183,44.58869],[8.23231,44.58893],[8.23243,44.58908],[8.23249,44.58953],[8.23231,44.58973],[8.23191,44.58991],[8.23147,44.59025],[8.23105,44.59055],[8.23155,44.59114],[8.23191,44.59202],[8.23163,44.59248],[8.23091,44.59266],[8.23045,44.59276],[8.23031,44.59276],[8.23027,44.59317],[8.2301,44.59368],[8.23205,44.59519],[8.2323,44.59546],[8.23249,44.5958],[8.23226,44.59628],[8.23198,44.59678],[8.23192,44.59723],[8.23202,44.59753],[8.23219,44.59775],[8.23236,44.59788],[8.23266,44.59806],[8.23337,44.5983],[8.23428,44.59858],[8.23455,44.59863],[8.23456,44.59877],[8.23452,44.59902],[8.2345,44.59913],[8.23375,44.6],[8.23373,44.60022],[8.23373,44.60054],[8.23362,44.60093],[8.23318,44.60129],[8.23304,44.60136],[8.23248,44.60148],[8.23211,44.60188],[8.23184,44.602],[8.23026,44.60265],[8.22963,44.60283],[8.22919,44.60283],[8.2288,44.60276],[8.22867,44.60277],[8.2277,44.60295],[8.22713,44.60289],[8.22687,44.60281],[8.22496,44.60319],[8.22393,44.60327],[8.22386,44.60336],[8.22382,44.60368],[8.22373,44.60467],[8.22372,44.60518],[8.22349,44.60547],[8.22303,44.60586],[8.22289,44.60602],[8.22292,44.60651],[8.22302,44.60702],[8.22324,44.60748],[8.22331,44.60786],[8.22323,44.60834],[8.22312,44.60869],[8.22264,44.60968],[8.22256,44.61003],[8.22234,44.61055],[8.22198,44.61101],[8.22152,44.61141],[8.22021,44.61182],[8.21967,44.61216],[8.21944,44.61248],[8.21922,44.61298],[8.21912,44.61337],[8.21903,44.61382],[8.21897,44.61402],[8.21861,44.61439],[8.21844,44.61449],[8.21801,44.61466],[8.21747,44.61497],[8.21721,44.61545],[8.21671,44.61567],[8.21544,44.61606],[8.21523,44.61669],[8.21505,44.617],[8.21432,44.61759],[8.2141,44.61767],[8.21359,44.61735],[8.21303,44.61708],[8.21191,44.61659],[8.2108,44.61605],[8.20971,44.6155],[8.20908,44.61523],[8.20863,44.61508],[8.20818,44.61495],[8.20775,44.61487],[8.20732,44.61491],[8.20704,44.61497],[8.2065,44.61524],[8.20549,44.6156],[8.20484,44.61579],[8.20414,44.61598],[8.20346,44.6162],[8.20274,44.61636],[8.20202,44.61638],[8.20114,44.61638],[8.20062,44.61633],[8.19997,44.61617],[8.19924,44.61597],[8.19843,44.61553],[8.19775,44.61512],[8.19757,44.6155],[8.19734,44.61595],[8.19683,44.61715],[8.1967,44.61736],[8.19645,44.61792],[8.19634,44.61827],[8.19742,44.61853],[8.19791,44.61863],[8.19792,44.61872],[8.1978,44.6193],[8.19648,44.61966],[8.1967,44.62013],[8.19702,44.62055],[8.19762,44.62096],[8.19792,44.62126],[8.19821,44.62224],[8.19858,44.62317],[8.19872,44.62363],[8.19879,44.62398],[8.19876,44.6241],[8.19854,44.6242],[8.19769,44.62448],[8.19764,44.62458],[8.19728,44.62496],[8.19682,44.62526],[8.19626,44.62557],[8.19612,44.62595],[8.19579,44.62616],[8.19511,44.62648],[8.19497,44.62665],[8.19483,44.62698],[8.19469,44.62769],[8.19465,44.62813],[8.19472,44.62865],[8.19475,44.62928],[8.19476,44.62937],[8.19492,44.62977],[8.19599,44.63042],[8.19639,44.63076],[8.19707,44.63157],[8.19729,44.63168],[8.19775,44.63175],[8.19913,44.63174],[8.19924,44.63197],[8.19935,44.6331],[8.19948,44.63325],[8.19992,44.63342],[8.20072,44.63379],[8.20129,44.63414],[8.20218,44.63483],[8.20323,44.63557],[8.20352,44.63555],[8.20395,44.63546],[8.20466,44.63552],[8.20501,44.63574],[8.20512,44.63588],[8.20519,44.63602],[8.20525,44.63629],[8.20506,44.63684],[8.20465,44.63822],[8.20452,44.63855],[8.20429,44.64009],[8.2043,44.64059],[8.20456,44.64102],[8.20495,44.64153],[8.20511,44.64183],[8.20525,44.64231],[8.20532,44.64242],[8.20607,44.64306],[8.20585,44.6434],[8.20591,44.64389],[8.20597,44.64415],[8.20606,44.64438],[8.2062,44.64451],[8.20661,44.64476],[8.20739,44.64531],[8.20766,44.64576],[8.2078,44.64623],[8.20818,44.64664],[8.20846,44.64706],[8.20883,44.64736],[8.20981,44.64771],[8.21121,44.64809],[8.21208,44.64828],[8.21324,44.64871],[8.21389,44.64903],[8.21674,44.65031],[8.21711,44.65063],[8.21745,44.65109],[8.2179,44.6515],[8.21793,44.65185],[8.21791,44.65256],[8.21799,44.65318],[8.21842,44.65382],[8.21918,44.65437],[8.21927,44.65449],[8.21918,44.65481],[8.21902,44.65509],[8.21907,44.6554],[8.21932,44.65563],[8.21951,44.65614],[8.22035,44.65688],[8.22133,44.65763],[8.22198,44.65828],[8.22295,44.65904],[8.22378,44.65963],[8.2243,44.66007],[8.22474,44.6604],[8.2252,44.66055],[8.22593,44.66068],[8.22623,44.66077],[8.22635,44.66098],[8.22635,44.66135],[8.22626,44.66173],[8.22635,44.66235],[8.22634,44.66269],[8.22595,44.66326],[8.22549,44.66388],[8.22444,44.66516],[8.22425,44.6658],[8.22418,44.66624],[8.22423,44.66757],[8.22419,44.66853],[8.22427,44.66927],[8.22439,44.66961],[8.22461,44.6698],[8.22468,44.66989],[8.2247,44.66994],[8.22465,44.67009],[8.22442,44.67036],[8.22422,44.67085],[8.22406,44.67155],[8.22394,44.67279],[8.22416,44.67312],[8.22471,44.67371],[8.22523,44.674],[8.22552,44.67434],[8.22546,44.67449],[8.22491,44.6748],[8.2242,44.67526],[8.22373,44.67578],[8.22284,44.67656],[8.22273,44.67676],[8.22271,44.67723],[8.22277,44.67751],[8.22289,44.6779],[8.22314,44.67832],[8.22355,44.67889],[8.22385,44.67941],[8.22437,44.67984],[8.22514,44.68024],[8.22616,44.68056],[8.22675,44.68063],[8.22721,44.68056],[8.22757,44.68055],[8.22815,44.68057],[8.22936,44.68081],[8.23088,44.68126],[8.2315,44.68125],[8.23196,44.68117],[8.23226,44.68122],[8.2326,44.68142],[8.23304,44.68202],[8.23327,44.68236],[8.23328,44.6828],[8.23343,44.68294],[8.23372,44.68293],[8.23395,44.68301],[8.23395,44.68327],[8.23409,44.68355],[8.23437,44.68371],[8.23447,44.68415],[8.23466,44.68438],[8.23491,44.68455],[8.23548,44.68481],[8.23569,44.68508],[8.23584,44.68517],[8.23614,44.68516],[8.23665,44.68517],[8.23699,44.68532],[8.23719,44.68553],[8.23771,44.68559],[8.23806,44.6856],[8.23855,44.68573],[8.23908,44.68577],[8.23949,44.68597],[8.23986,44.68626],[8.24025,44.68636],[8.24071,44.68636],[8.24119,44.68639],[8.24174,44.68648],[8.24179,44.68665],[8.24172,44.68681],[8.24184,44.68698],[8.24196,44.68702],[8.24215,44.68701],[8.24233,44.68706],[8.24256,44.68723],[8.24275,44.68757],[8.24301,44.68795],[8.24332,44.68831],[8.2434,44.68877],[8.24358,44.68897],[8.24389,44.68926],[8.24438,44.68956],[8.24447,44.68981],[8.24439,44.69018],[8.24412,44.6905],[8.24413,44.69067],[8.24435,44.69088],[8.245,44.69129],[8.24585,44.69139],[8.24672,44.69142],[8.24704,44.69138],[8.24752,44.69154],[8.24785,44.6916],[8.2482,44.69159],[8.2484,44.69161],[8.24866,44.69182],[8.24895,44.69221],[8.2493,44.69242],[8.24977,44.69243],[8.25004,44.69253],[8.25027,44.69264],[8.25028,44.69268],[8.25027,44.69273],[8.24977,44.69297],[8.24977,44.69305],[8.24978,44.69311],[8.24987,44.69315],[8.25045,44.69319],[8.2507,44.69321],[8.25104,44.69358],[8.25111,44.69363],[8.25129,44.69367],[8.25146,44.69383],[8.25161,44.6939],[8.25187,44.69393],[8.25247,44.69395],[8.25345,44.69421],[8.25451,44.69427],[8.25463,44.69432],[8.25466,44.69449],[8.25468,44.69487],[8.25478,44.69498],[8.25502,44.69505],[8.25515,44.69504],[8.25544,44.69492],[8.25551,44.69483],[8.25574,44.69472],[8.25593,44.69466],[8.25588,44.69482],[8.2558,44.69519],[8.2559,44.69534],[8.25638,44.69559],[8.25668,44.69565],[8.25716,44.69564],[8.25749,44.69565],[8.25776,44.69596],[8.25797,44.69644],[8.25816,44.69656],[8.25832,44.69654],[8.25846,44.69644],[8.25861,44.69627],[8.25877,44.69622],[8.25906,44.69622],[8.25916,44.69624],[8.25943,44.69664],[8.25966,44.69677],[8.25988,44.6968],[8.26017,44.69679],[8.26032,44.69812],[8.2604,44.69856],[8.2602,44.69858],[8.26022,44.69903],[8.26078,44.70052],[8.26129,44.7015],[8.26137,44.70175],[8.26157,44.70189],[8.26175,44.70198],[8.26195,44.70217],[8.26204,44.70237],[8.26218,44.70284],[8.26217,44.70321],[8.2621,44.70379],[8.26227,44.70455],[8.26254,44.70504],[8.26285,44.7055],[8.26344,44.70605],[8.26376,44.70616],[8.2642,44.70664],[8.26441,44.707],[8.26446,44.70715],[8.26445,44.70782],[8.26457,44.70804],[8.26472,44.70817],[8.26529,44.70835],[8.26575,44.70854],[8.26634,44.70891],[8.26728,44.70964],[8.26764,44.71],[8.2687,44.71091],[8.26895,44.71126],[8.26902,44.71148],[8.26892,44.71171],[8.26744,44.71288],[8.2673,44.71291],[8.26626,44.71244],[8.26562,44.71222],[8.26545,44.71222],[8.26513,44.71274],[8.26451,44.71391],[8.26443,44.71401],[8.2639,44.71438],[8.26289,44.71506],[8.26233,44.71547],[8.26165,44.71634],[8.25997,44.71828],[8.25889,44.71982],[8.25886,44.72022],[8.25879,44.72037],[8.25829,44.72075],[8.25787,44.72113],[8.25731,44.72132],[8.25685,44.7214],[8.25668,44.72141],[8.2566,44.72163],[8.25685,44.72252],[8.25775,44.72359],[8.25791,44.72397],[8.25804,44.72456],[8.25804,44.72497],[8.25791,44.72527],[8.25688,44.72606],[8.25663,44.7262],[8.25626,44.72635],[8.2558,44.72646],[8.2557,44.72651],[8.25576,44.72667],[8.25598,44.7271],[8.25616,44.72748],[8.2564,44.72823],[8.25646,44.72853],[8.25645,44.72913],[8.25648,44.73005],[8.25657,44.73054],[8.25683,44.7313],[8.25687,44.73173],[8.25681,44.73234],[8.25674,44.73237],[8.2567,44.73239],[8.25656,44.73237],[8.25368,44.73157],[8.25231,44.73122],[8.25204,44.7312],[8.25141,44.73127],[8.25085,44.73122],[8.25029,44.73109],[8.2498,44.7309],[8.24932,44.73064],[8.24895,44.73016],[8.24889,44.7301],[8.24859,44.72969],[8.24774,44.72871],[8.24748,44.72846],[8.24713,44.72822],[8.24655,44.72796],[8.24499,44.7274],[8.24448,44.72712],[8.24439,44.72689],[8.24462,44.72641],[8.24481,44.72594],[8.24469,44.72583],[8.24299,44.72483],[8.2426,44.72475],[8.24204,44.72469],[8.24175,44.72465],[8.2414,44.72451],[8.2412,44.72432],[8.24079,44.72362],[8.23994,44.72352],[8.23878,44.72342],[8.23813,44.72334],[8.23748,44.7234],[8.23705,44.72368],[8.23645,44.72388],[8.23596,44.72392],[8.23423,44.72361],[8.23363,44.72331],[8.23363,44.72376],[8.23156,44.72414],[8.23103,44.72374],[8.23065,44.72355],[8.23039,44.72346],[8.22902,44.72348],[8.22759,44.7236],[8.22744,44.72365],[8.22652,44.72465],[8.22602,44.72486],[8.2256,44.72526],[8.22483,44.72605],[8.2247,44.72649],[8.22477,44.72674],[8.22488,44.72702],[8.22485,44.72724],[8.22474,44.72741],[8.22417,44.7277],[8.22395,44.72787],[8.22378,44.72815],[8.22275,44.72871],[8.22225,44.72914],[8.22199,44.72962],[8.22139,44.72935],[8.22021,44.72889],[8.21926,44.72846],[8.21853,44.72812],[8.2175,44.72753],[8.21741,44.72764],[8.21677,44.72735],[8.21602,44.72656],[8.21356,44.7274],[8.21327,44.72752],[8.21281,44.7279],[8.21189,44.72858],[8.21064,44.72978],[8.2099,44.73058],[8.20936,44.73119],[8.20903,44.73185],[8.20903,44.73271],[8.20942,44.73415],[8.20972,44.73508],[8.20927,44.73546],[8.20883,44.73579],[8.20842,44.73625],[8.20687,44.73723],[8.20683,44.7377],[8.20688,44.73799],[8.20725,44.73827],[8.20792,44.73931],[8.2052,44.7415],[8.2047,44.74186],[8.20366,44.74245],[8.20296,44.7435],[8.20264,44.74391],[8.20214,44.74433],[8.20216,44.74451],[8.20246,44.74473],[8.20309,44.74499],[8.20349,44.74523],[8.20371,44.74516],[8.20389,44.74518],[8.20429,44.74532],[8.20524,44.74611],[8.20645,44.74639],[8.20778,44.74667],[8.20798,44.74679],[8.20857,44.7474],[8.2086,44.74754],[8.20859,44.7479],[8.20849,44.74829],[8.2083,44.74862],[8.20776,44.74904],[8.20675,44.75006],[8.20615,44.74964],[8.20552,44.74923],[8.20526,44.74904],[8.20505,44.74872],[8.20468,44.74903],[8.20406,44.74938],[8.20369,44.74948],[8.20333,44.74954],[8.20295,44.74953],[8.20261,44.74947],[8.20233,44.74955],[8.20174,44.74983],[8.20132,44.74984],[8.20097,44.74976],[8.19999,44.74942],[8.19911,44.74903],[8.19895,44.74893],[8.19884,44.74892],[8.19864,44.74896],[8.1985,44.74904],[8.19813,44.74914],[8.1974,44.74932],[8.19704,44.74938],[8.19274,44.74935],[8.19234,44.74942],[8.19196,44.74954],[8.19118,44.74986],[8.18964,44.75057],[8.18875,44.75099],[8.18764,44.75172],[8.18733,44.75197],[8.18548,44.75128],[8.18499,44.75115],[8.18233,44.75106],[8.18233,44.75095],[8.18223,44.75058],[8.18212,44.75045],[8.18187,44.75028],[8.18187,44.75015],[8.18195,44.75004],[8.18235,44.74925],[8.1824,44.74903],[8.18215,44.7487],[8.1821,44.74851],[8.18215,44.74772],[8.18145,44.74635],[8.18109,44.74592],[8.18089,44.74562],[8.18081,44.74508],[8.18068,44.74449],[8.18039,44.74399],[8.1803,44.74349],[8.17971,44.7426],[8.17938,44.74217],[8.17915,44.74168],[8.17911,44.74121],[8.17899,44.74071],[8.17881,44.74023],[8.17866,44.73973],[8.17866,44.73911],[8.17869,44.7386],[8.17863,44.73809],[8.17841,44.73716],[8.17811,44.7367],[8.17779,44.73628],[8.17713,44.73632],[8.17693,44.73638],[8.17642,44.73645],[8.17625,44.73644],[8.17558,44.73627],[8.1751,44.73591],[8.175,44.73575],[8.17498,44.73556],[8.17499,44.73516],[8.17507,44.73478],[8.17506,44.73449],[8.17485,44.734],[8.17461,44.73353],[8.17445,44.73317],[8.17424,44.73302],[8.17219,44.73181],[8.17096,44.73281],[8.17029,44.73321],[8.16985,44.73354],[8.16866,44.73404],[8.16845,44.73397],[8.16775,44.73406],[8.16693,44.73402],[8.16603,44.73386],[8.16563,44.73372],[8.16544,44.7336],[8.16461,44.73315],[8.16441,44.73308],[8.16414,44.73304],[8.16297,44.73301],[8.16374,44.73229],[8.16375,44.73224],[8.1638,44.73181],[8.16376,44.73173],[8.16345,44.73144],[8.16327,44.73133],[8.16329,44.73115],[8.16325,44.73089],[8.16334,44.73077],[8.16372,44.73043],[8.16387,44.7302],[8.16412,44.72966],[8.16421,44.72941],[8.16425,44.72908],[8.1643,44.72844],[8.16442,44.72826],[8.16472,44.72796],[8.1648,44.72762],[8.16485,44.7272],[8.16479,44.72613],[8.16477,44.72472],[8.1648,44.72446],[8.16494,44.72425],[8.16511,44.72408],[8.16544,44.72408],[8.16563,44.72406],[8.16587,44.724],[8.16607,44.72377],[8.16616,44.72352],[8.16619,44.72328],[8.16612,44.72301],[8.16592,44.72282],[8.16577,44.72254],[8.16578,44.72234],[8.16588,44.72206],[8.16583,44.72193],[8.16562,44.72179],[8.16515,44.72144],[8.16383,44.72181],[8.16337,44.72196],[8.16303,44.72194],[8.16266,44.72189],[8.16233,44.72165],[8.16221,44.72152],[8.16215,44.7211],[8.16172,44.72086],[8.16139,44.72112],[8.16117,44.72133],[8.16114,44.72162],[8.1612,44.72182],[8.16166,44.72264],[8.16144,44.72281],[8.16111,44.7227],[8.16075,44.72251],[8.1605,44.72231],[8.16015,44.72167],[8.15978,44.72106],[8.15968,44.72072],[8.15962,44.72034],[8.15968,44.7196],[8.15956,44.71852],[8.15949,44.71781],[8.1595,44.71744],[8.15939,44.71702],[8.15915,44.7166],[8.15865,44.7158],[8.15793,44.71472],[8.1572,44.71373],[8.15704,44.71355],[8.15614,44.7135],[8.15549,44.71335],[8.15243,44.71252],[8.15144,44.71268],[8.1512,44.71333],[8.15108,44.71351],[8.15083,44.71372],[8.15065,44.71389],[8.15057,44.71426],[8.15047,44.71447],[8.1501,44.7151],[8.14993,44.71531],[8.14952,44.71559],[8.14947,44.71573],[8.14954,44.71618],[8.14951,44.71626],[8.14923,44.7165],[8.14929,44.71715],[8.14891,44.71797],[8.14888,44.71845],[8.14884,44.71858],[8.14836,44.71893],[8.14759,44.71945],[8.14744,44.71964],[8.1475,44.72042],[8.14743,44.72054],[8.14641,44.72123],[8.1463,44.72163],[8.14612,44.72192],[8.14542,44.72274],[8.14531,44.72288],[8.14525,44.72308],[8.14433,44.72361],[8.14365,44.72402],[8.14356,44.72416],[8.14353,44.72446],[8.1438,44.72469],[8.1436,44.72499],[8.14337,44.72546],[8.14326,44.72578],[8.14312,44.72598],[8.14252,44.72647],[8.1422,44.72677],[8.14167,44.72756],[8.14146,44.72779],[8.14084,44.72839],[8.14073,44.72852],[8.14044,44.7291],[8.14001,44.72954],[8.13921,44.72998],[8.13899,44.73012],[8.13884,44.73038],[8.13848,44.73044],[8.13815,44.73053],[8.13801,44.73064],[8.13784,44.73109],[8.13767,44.73133],[8.13643,44.73234],[8.13596,44.73304],[8.13576,44.7335],[8.13579,44.73398],[8.13593,44.7348],[8.13614,44.7363],[8.13623,44.73686],[8.13661,44.73746],[8.13696,44.73774],[8.13773,44.73785],[8.13699,44.73966],[8.13655,44.74086],[8.13644,44.74138],[8.13619,44.74365],[8.13613,44.74375],[8.13558,44.7441],[8.13503,44.74456],[8.13458,44.74517],[8.13399,44.74612],[8.13351,44.74652],[8.13282,44.74667],[8.13254,44.74667],[8.13196,44.74678],[8.13095,44.74708],[8.13011,44.74741],[8.12914,44.74768],[8.12873,44.74773],[8.12644,44.74774],[8.12449,44.74903],[8.12386,44.74949],[8.12149,44.7511],[8.1205,44.7514],[8.11893,44.75158],[8.11851,44.75155],[8.1182,44.75145],[8.11768,44.75052],[8.11716,44.74997],[8.11635,44.74903],[8.11557,44.74792],[8.11535,44.74783],[8.11436,44.74824],[8.114,44.74836],[8.1138,44.74838],[8.11302,44.74831],[8.11269,44.74818],[8.11199,44.74851],[8.11157,44.74875],[8.11093,44.74903],[8.11081,44.74912],[8.10622,44.75172],[8.10414,44.75292],[8.10311,44.75351],[8.10201,44.75414],[8.10019,44.75514],[8.09912,44.75574],[8.09817,44.75632],[8.09698,44.757],[8.09461,44.75853],[8.09463,44.75857],[8.09511,44.75886],[8.09549,44.75897],[8.09593,44.75904],[8.09645,44.75919],[8.0968,44.75932],[8.09727,44.75945],[8.09757,44.7595],[8.09858,44.7596],[8.10021,44.7597],[8.10067,44.75981],[8.10127,44.76006],[8.10279,44.76086],[8.10304,44.76114],[8.1036,44.76225],[8.10391,44.76295],[8.10393,44.76318],[8.10364,44.76398],[8.10348,44.7645],[8.1035,44.76461]]]}},{"type":"Feature","properties":{"denominazi":"Dolcetto d'Alba","tipo":"DOC","codice":"DOC_20"},"geometry":{"type":"Polygon","coordinates":[[[8.11269,44.74818],[8.11105,44.74902],[8.10349,44.75326],[8.10272,44.75231],[8.10148,44.75172],[8.09924,44.75142],[8.09756,44.75115],[8.09618,44.7505],[8.09479,44.7495],[8.09315,44.74824],[8.09235,44.74811],[8.09099,44.74793],[8.09051,44.7465],[8.0898,44.74426],[8.08953,44.74275],[8.0886,44.74086],[8.08705,44.7392],[8.08558,44.73779],[8.08363,44.73645],[8.08288,44.73534],[8.08235,44.73519],[8.0818,44.73408],[8.08173,44.73363],[8.08199,44.73327],[8.08217,44.73296],[8.08166,44.73224],[8.08125,44.7315],[8.07937,44.72906],[8.07835,44.72812],[8.07745,44.72782],[8.07442,44.72785],[8.07213,44.72808],[8.07074,44.7281],[8.07,44.72746],[8.07005,44.72657],[8.07108,44.72469],[8.07124,44.72367],[8.07119,44.72305],[8.07028,44.72233],[8.06827,44.72087],[8.06611,44.71953],[8.06487,44.71944],[8.06412,44.7193],[8.06168,44.71753],[8.06094,44.71638],[8.06092,44.71653],[8.06119,44.7177],[8.06157,44.71805],[8.06182,44.71833],[8.06197,44.71863],[8.06209,44.71902],[8.06209,44.71925],[8.06254,44.7205],[8.06271,44.72108],[8.06351,44.72249],[8.06454,44.72366],[8.06531,44.72432],[8.06613,44.72494],[8.06735,44.72559],[8.06742,44.72564],[8.06763,44.72647],[8.06692,44.72693],[8.06613,44.72758],[8.06563,44.72819],[8.06521,44.72883],[8.06512,44.72894],[8.06493,44.72917],[8.06419,44.72943],[8.06361,44.72972],[8.06253,44.7299],[8.06341,44.73074],[8.06212,44.73185],[8.06037,44.73328],[8.06006,44.73424],[8.05977,44.73439],[8.05934,44.73442],[8.05765,44.73441],[8.05734,44.73382],[8.05652,44.73238],[8.05615,44.73178],[8.05584,44.73119],[8.05544,44.72965],[8.0552,44.72892],[8.05498,44.72824],[8.0542,44.72799],[8.05395,44.7278],[8.05394,44.72731],[8.05388,44.72706],[8.05411,44.72661],[8.0542,44.72632],[8.05422,44.72621],[8.05361,44.72508],[8.05315,44.72447],[8.05314,44.72418],[8.05301,44.72374],[8.05286,44.72351],[8.05295,44.72298],[8.05299,44.72287],[8.0529,44.72266],[8.05275,44.7224],[8.05259,44.72234],[8.05229,44.72241],[8.0518,44.72259],[8.05159,44.72253],[8.0512,44.7222],[8.051,44.7221],[8.05071,44.72209],[8.05056,44.72207],[8.05023,44.72216],[8.04958,44.72184],[8.04926,44.72164],[8.04867,44.72115],[8.04833,44.72089],[8.04777,44.7209],[8.0469,44.7207],[8.04617,44.7205],[8.04551,44.72086],[8.04526,44.72133],[8.04505,44.72164],[8.04453,44.7226],[8.04412,44.72281],[8.04211,44.72375],[8.0414,44.72305],[8.04141,44.72285],[8.04181,44.72245],[8.04079,44.7215],[8.03872,44.72257],[8.0382,44.72285],[8.0363,44.72194],[8.03529,44.72152],[8.03384,44.72083],[8.03287,44.72042],[8.03253,44.72045],[8.03084,44.72113],[8.03,44.72145],[8.02914,44.7217],[8.02848,44.72202],[8.02839,44.7221],[8.02858,44.72134],[8.02897,44.7211],[8.02902,44.7207],[8.02908,44.72051],[8.02814,44.72032],[8.02796,44.72113],[8.02786,44.7212],[8.02743,44.72118],[8.02729,44.7215],[8.02716,44.72156],[8.02551,44.72151],[8.02533,44.72104],[8.02453,44.72117],[8.02412,44.72081],[8.02347,44.72031],[8.02296,44.72069],[8.02222,44.72125],[8.02149,44.72211],[8.02086,44.72277],[8.02059,44.72319],[8.02028,44.7238],[8.02002,44.72419],[8.01967,44.72468],[8.01914,44.7252],[8.01861,44.72542],[8.01829,44.72563],[8.0179,44.72567],[8.01623,44.72576],[8.01557,44.72583],[8.01516,44.72584],[8.01487,44.7258],[8.01432,44.72534],[8.01418,44.72525],[8.01422,44.72489],[8.01401,44.72473],[8.01323,44.72405],[8.01301,44.72383],[8.0128,44.72329],[8.0125,44.72261],[8.01161,44.72253],[8.01116,44.72247],[8.01,44.72224],[8.01001,44.72242],[8.01008,44.72269],[8.01017,44.72322],[8.01019,44.72394],[8.01008,44.72414],[8.00982,44.72481],[8.00965,44.72499],[8.00969,44.72518],[8.00999,44.72534],[8.0103,44.7256],[8.01029,44.72583],[8.01017,44.726],[8.00977,44.72613],[8.00892,44.72635],[8.0082,44.72637],[8.00746,44.72669],[8.00724,44.72693],[8.0074,44.72719],[8.00754,44.72751],[8.00675,44.7277],[8.0062,44.72768],[8.00603,44.72766],[8.00587,44.72778],[8.00568,44.72787],[8.00535,44.72776],[8.00512,44.7276],[8.00492,44.72747],[8.00434,44.72762],[8.00421,44.72775],[8.0042,44.72787],[8.00398,44.72782],[8.00378,44.72767],[8.00362,44.72763],[8.00331,44.72762],[8.00311,44.72747],[8.00272,44.72723],[8.00241,44.72768],[8.00228,44.72762],[8.00194,44.72714],[8.00169,44.72699],[8.00097,44.72695],[8.00087,44.72692],[8.00048,44.72666],[8.00009,44.72658],[7.99981,44.72656],[7.99947,44.72661],[7.99916,44.72682],[7.99895,44.72703],[7.99877,44.72725],[7.9986,44.72741],[7.9984,44.72739],[7.99822,44.72733],[7.99804,44.72679],[7.99775,44.72554],[7.99766,44.7253],[7.99756,44.72518],[7.99738,44.72507],[7.99709,44.72486],[7.99597,44.72443],[7.99493,44.72411],[7.99418,44.72356],[7.99411,44.72346],[7.99392,44.72334],[7.99376,44.72317],[7.99343,44.72179],[7.99338,44.72163],[7.99282,44.72127],[7.99247,44.72103],[7.99228,44.72102],[7.99203,44.72125],[7.99194,44.72135],[7.99142,44.72177],[7.99109,44.72187],[7.98975,44.72222],[7.98848,44.72266],[7.9872,44.72307],[7.98693,44.72318],[7.98645,44.72331],[7.98591,44.72322],[7.98565,44.72314],[7.98412,44.72333],[7.98388,44.72334],[7.98359,44.72331],[7.98335,44.72331],[7.98322,44.72326],[7.98379,44.72292],[7.98441,44.72259],[7.98446,44.72241],[7.98439,44.72235],[7.9833,44.72227],[7.98308,44.72224],[7.98243,44.72197],[7.98223,44.72194],[7.98172,44.72195],[7.98108,44.72191],[7.98,44.7218],[7.97721,44.72158],[7.97731,44.72135],[7.97731,44.72115],[7.97719,44.72109],[7.97497,44.72107],[7.97469,44.72108],[7.97454,44.72107],[7.97298,44.7206],[7.97259,44.72052],[7.97164,44.72034],[7.97145,44.72028],[7.97047,44.71948],[7.97014,44.71945],[7.96989,44.71944],[7.96961,44.71941],[7.96881,44.71935],[7.96881,44.71933],[7.96891,44.71892],[7.96889,44.7173],[7.96873,44.71683],[7.96869,44.71598],[7.96863,44.71568],[7.97072,44.71468],[7.97174,44.7134],[7.97141,44.71321],[7.97073,44.71292],[7.97086,44.71267],[7.97119,44.71228],[7.97158,44.71173],[7.97204,44.71169],[7.97299,44.71165],[7.97312,44.71156],[7.97352,44.71007],[7.97378,44.70923],[7.97362,44.70917],[7.97277,44.70908],[7.97302,44.70885],[7.97387,44.70785],[7.97401,44.70773],[7.97445,44.70717],[7.975,44.70657],[7.9755,44.70594],[7.97588,44.70557],[7.97639,44.70568],[7.97646,44.70542],[7.97631,44.70533],[7.97442,44.7051],[7.97451,44.70497],[7.97491,44.70453],[7.97505,44.70435],[7.97541,44.70398],[7.97553,44.70382],[7.97561,44.70341],[7.97641,44.70264],[7.97677,44.70233],[7.97693,44.70215],[7.97736,44.70182],[7.97887,44.70096],[7.97922,44.70072],[7.97984,44.70039],[7.98082,44.69979],[7.98117,44.69964],[7.98232,44.69902],[7.98266,44.69886],[7.98384,44.69819],[7.98432,44.69797],[7.98424,44.69774],[7.98415,44.69727],[7.98414,44.69697],[7.98416,44.69673],[7.98425,44.69643],[7.98455,44.69525],[7.98435,44.69503],[7.98422,44.69474],[7.98389,44.69417],[7.98378,44.69401],[7.98368,44.69363],[7.98373,44.69329],[7.98386,44.69316],[7.98421,44.69272],[7.9851,44.69183],[7.98552,44.69135],[7.98585,44.69102],[7.98608,44.69088],[7.98473,44.69063],[7.9824,44.69032],[7.98173,44.69021],[7.98149,44.69017],[7.97981,44.69014],[7.97905,44.69018],[7.97872,44.69026],[7.97798,44.69066],[7.9776,44.69084],[7.9767,44.69083],[7.97354,44.69082],[7.97265,44.6908],[7.96933,44.69086],[7.96843,44.69135],[7.96764,44.69157],[7.96731,44.6916],[7.96328,44.69122],[7.96226,44.6911],[7.96106,44.69107],[7.96002,44.69107],[7.95678,44.69134],[7.95565,44.69015],[7.95422,44.68919],[7.95265,44.68851],[7.95029,44.6881],[7.94801,44.68808],[7.94566,44.68791],[7.94282,44.68757],[7.9405,44.68743],[7.93797,44.6871],[7.9368,44.68668],[7.93539,44.68605],[7.93354,44.68552],[7.92961,44.68505],[7.92594,44.68478],[7.92419,44.68491],[7.9213,44.68479],[7.91874,44.68486],[7.91637,44.68515],[7.9142,44.68513],[7.91368,44.68487],[7.9133,44.6842],[7.91344,44.68222],[7.91372,44.68084],[7.91331,44.67945],[7.91297,44.67873],[7.91209,44.67793],[7.90932,44.67657],[7.90769,44.67587],[7.90574,44.67527],[7.90394,44.67464],[7.90135,44.67347],[7.90023,44.67289],[7.89956,44.6722],[7.89922,44.67124],[7.89852,44.67028],[7.89728,44.66969],[7.89585,44.66906],[7.89411,44.66746],[7.8934,44.66679],[7.89252,44.66625],[7.88956,44.66469],[7.88879,44.66407],[7.8883,44.66338],[7.88842,44.66267],[7.88905,44.66145],[7.88999,44.66042],[7.89084,44.659],[7.89101,44.65869],[7.89084,44.65813],[7.89043,44.65712],[7.89029,44.65532],[7.88989,44.65407],[7.88948,44.65305],[7.88879,44.65233],[7.88837,44.65159],[7.8881,44.65102],[7.8875,44.6507],[7.88559,44.65045],[7.88371,44.65018],[7.88182,44.65014],[7.87911,44.64958],[7.87547,44.64844],[7.87218,44.64732],[7.8698,44.64663],[7.86883,44.64603],[7.86771,44.6451],[7.86674,44.644],[7.8658,44.64295],[7.86509,44.6423],[7.86497,44.64179],[7.86515,44.64146],[7.86575,44.6415],[7.86774,44.64192],[7.86955,44.64216],[7.87074,44.64205],[7.87198,44.64171],[7.8726,44.64126],[7.87332,44.64086],[7.87385,44.64073],[7.8751,44.64054],[7.87651,44.64031],[7.87779,44.63968],[7.87923,44.63918],[7.88078,44.63821],[7.88185,44.63708],[7.88308,44.63608],[7.88391,44.63537],[7.8844,44.63449],[7.88449,44.6335],[7.88431,44.63184],[7.88387,44.63026],[7.88311,44.62936],[7.88223,44.62874],[7.88137,44.62796],[7.88085,44.62732],[7.87995,44.62601],[7.87941,44.62443],[7.87868,44.62348],[7.87829,44.62299],[7.87842,44.62233],[7.87939,44.62143],[7.88037,44.62085],[7.88166,44.62038],[7.88255,44.62026],[7.88331,44.6196],[7.88438,44.61905],[7.8846,44.61869],[7.88463,44.61849],[7.88446,44.618],[7.88388,44.6169],[7.88334,44.61565],[7.88166,44.61348],[7.88087,44.61232],[7.88067,44.61145],[7.88059,44.60978],[7.88093,44.60845],[7.88163,44.60725],[7.88261,44.60637],[7.88435,44.60501],[7.88536,44.60398],[7.88603,44.60277],[7.88664,44.60216],[7.88693,44.60145],[7.88655,44.60117],[7.88639,44.60075],[7.88662,44.60001],[7.88685,44.59936],[7.88758,44.59864],[7.88859,44.59782],[7.88934,44.59757],[7.8912,44.597],[7.89268,44.5962],[7.89317,44.59496],[7.89307,44.59435],[7.89255,44.59361],[7.89054,44.59275],[7.88986,44.59215],[7.8887,44.59122],[7.88773,44.59011],[7.88717,44.58911],[7.88714,44.58848],[7.88745,44.58761],[7.88833,44.58623],[7.8899,44.58397],[7.89032,44.58319],[7.89064,44.58264],[7.89165,44.58204],[7.89297,44.58205],[7.89488,44.58227],[7.89723,44.58283],[7.89866,44.58309],[7.90037,44.58353],[7.90186,44.5837],[7.90285,44.58381],[7.90351,44.58329],[7.90476,44.58113],[7.9053,44.58035],[7.90656,44.57975],[7.90885,44.57893],[7.91108,44.57798],[7.91416,44.57659],[7.91529,44.57558],[7.91592,44.57426],[7.91592,44.57425],[7.91618,44.57434],[7.91739,44.57502],[7.91799,44.57551],[7.91896,44.57599],[7.91941,44.57618],[7.92045,44.57702],[7.92084,44.57724],[7.92166,44.57735],[7.92221,44.5774],[7.92259,44.57741],[7.92281,44.57754],[7.92295,44.5777],[7.92361,44.57836],[7.92425,44.57853],[7.9245,44.57877],[7.92471,44.57902],[7.92497,44.57918],[7.92725,44.57944],[7.92834,44.57947],[7.92871,44.57949],[7.92919,44.57993],[7.92981,44.58061],[7.93016,44.58088],[7.9313,44.58161],[7.93159,44.58163],[7.93205,44.58141],[7.9323,44.58122],[7.93248,44.58105],[7.93308,44.58092],[7.93373,44.58081],[7.93405,44.5807],[7.93413,44.58058],[7.93443,44.57856],[7.93466,44.57765],[7.93474,44.57662],[7.93481,44.57521],[7.93485,44.57482],[7.93514,44.57442],[7.93547,44.574],[7.93602,44.57375],[7.93643,44.57364],[7.93689,44.57356],[7.93738,44.57333],[7.93797,44.57309],[7.93831,44.57275],[7.93861,44.57239],[7.93863,44.57222],[7.93833,44.57171],[7.9379,44.57013],[7.93778,44.56981],[7.93774,44.56962],[7.93784,44.56924],[7.93849,44.56725],[7.93867,44.56646],[7.93884,44.56586],[7.93917,44.56565],[7.93975,44.56518],[7.94072,44.56442],[7.94077,44.56444],[7.94175,44.56468],[7.94216,44.56487],[7.94301,44.56516],[7.94344,44.56522],[7.94409,44.56524],[7.94428,44.56521],[7.94481,44.56528],[7.9454,44.5654],[7.94594,44.56541],[7.94612,44.56551],[7.94634,44.56568],[7.94716,44.56636],[7.94737,44.56645],[7.94804,44.56655],[7.94864,44.56652],[7.94923,44.56644],[7.95,44.56597],[7.95041,44.56568],[7.95102,44.56529],[7.95129,44.56506],[7.95167,44.56498],[7.95228,44.56497],[7.95292,44.56503],[7.95356,44.56495],[7.95399,44.5647],[7.95443,44.56451],[7.95518,44.56435],[7.95565,44.5642],[7.95614,44.56397],[7.95646,44.56374],[7.95685,44.56338],[7.95712,44.56327],[7.95774,44.56312],[7.9593,44.56283],[7.95988,44.56256],[7.96065,44.56213],[7.96099,44.56191],[7.9621,44.56105],[7.96272,44.56103],[7.96337,44.56102],[7.96372,44.56119],[7.964,44.56138],[7.96416,44.56154],[7.96411,44.56177],[7.96372,44.563],[7.96399,44.56329],[7.96472,44.5633],[7.96503,44.56327],[7.96549,44.56314],[7.96562,44.56307],[7.96929,44.56045],[7.97005,44.55995],[7.97096,44.55924],[7.9712,44.55912],[7.97143,44.55913],[7.97168,44.55934],[7.9717,44.55939],[7.97174,44.55951],[7.97176,44.55997],[7.97172,44.56015],[7.97192,44.56049],[7.9721,44.56072],[7.97249,44.56095],[7.97278,44.56106],[7.973,44.56128],[7.97306,44.56138],[7.97309,44.56149],[7.97298,44.56178],[7.97295,44.56206],[7.97296,44.56217],[7.97305,44.56234],[7.97327,44.56255],[7.97357,44.56273],[7.9739,44.56287],[7.975,44.56291],[7.97573,44.56287],[7.97632,44.56277],[7.97696,44.56248],[7.97781,44.56224],[7.9781,44.56208],[7.97839,44.56205],[7.97889,44.56203],[7.97943,44.56203],[7.97959,44.56195],[7.97983,44.56172],[7.98004,44.56126],[7.98008,44.56099],[7.98117,44.56018],[7.98156,44.55992],[7.98213,44.55957],[7.98233,44.5594],[7.98265,44.55915],[7.98434,44.55858],[7.98458,44.55856],[7.98492,44.55863],[7.98488,44.55953],[7.98543,44.55974],[7.98581,44.55985],[7.9861,44.55971],[7.98634,44.5595],[7.98686,44.55889],[7.98794,44.55818],[7.98823,44.55813],[7.98858,44.55824],[7.98939,44.55825],[7.98991,44.55822],[7.99063,44.55827],[7.99102,44.55835],[7.9914,44.55837],[7.99156,44.5583],[7.99175,44.55813],[7.99218,44.55735],[7.99238,44.55717],[7.99251,44.55717],[7.99258,44.55687],[7.99292,44.55708],[7.99352,44.55718],[7.99396,44.55708],[7.99427,44.55701],[7.99452,44.55697],[7.99495,44.5567],[7.99525,44.55633],[7.99561,44.55633],[7.9959,44.55662],[7.99632,44.55676],[7.99675,44.55705],[7.99682,44.55717],[7.99665,44.55748],[7.99673,44.55798],[7.99695,44.55828],[7.99708,44.55835],[7.99741,44.55813],[7.99772,44.55774],[7.99811,44.55752],[7.99842,44.55731],[7.9988,44.55745],[7.9992,44.55775],[7.99956,44.55796],[7.99988,44.55805],[8.00053,44.55807],[8.0008,44.55811],[8.00137,44.55827],[8.00191,44.55851],[8.00216,44.5587],[8.00231,44.55914],[8.00252,44.55936],[8.00269,44.55973],[8.00332,44.56013],[8.00352,44.56031],[8.00398,44.5604],[8.00403,44.56049],[8.00438,44.56061],[8.00508,44.56067],[8.0053,44.5607],[8.00591,44.56093],[8.00711,44.56121],[8.00748,44.56136],[8.00763,44.56144],[8.00776,44.56157],[8.00809,44.56176],[8.00842,44.56189],[8.0086,44.56193],[8.00895,44.56192],[8.00932,44.56194],[8.01031,44.56203],[8.01075,44.56207],[8.01092,44.56197],[8.01145,44.56222],[8.01184,44.56244],[8.0122,44.56258],[8.01252,44.56264],[8.01286,44.56259],[8.01322,44.56249],[8.01349,44.56251],[8.0143,44.56284],[8.01558,44.56319],[8.01597,44.56334],[8.01642,44.56357],[8.01648,44.56378],[8.01642,44.56418],[8.01634,44.56447],[8.01633,44.56508],[8.01639,44.56535],[8.01654,44.56568],[8.01688,44.56615],[8.01695,44.56628],[8.01756,44.56685],[8.01843,44.56743],[8.01876,44.56775],[8.01905,44.56799],[8.01928,44.56804],[8.01978,44.56792],[8.02032,44.56789],[8.02073,44.56796],[8.02096,44.56813],[8.02111,44.56828],[8.02126,44.56859],[8.02142,44.56883],[8.02161,44.569],[8.02178,44.56907],[8.02205,44.56906],[8.02236,44.56902],[8.02266,44.56902],[8.02285,44.56908],[8.02303,44.56919],[8.02328,44.5693],[8.02352,44.56954],[8.02362,44.57033],[8.02369,44.57055],[8.02406,44.57052],[8.02475,44.5705],[8.02495,44.57056],[8.02513,44.57065],[8.02519,44.5708],[8.02522,44.57111],[8.02534,44.57122],[8.02562,44.57139],[8.02582,44.57146],[8.0262,44.57143],[8.02649,44.5714],[8.02695,44.57211],[8.02746,44.57237],[8.02756,44.57253],[8.02761,44.57269],[8.02763,44.57289],[8.02767,44.57299],[8.02799,44.57325],[8.0281,44.57337],[8.02821,44.57361],[8.02832,44.57375],[8.02845,44.57378],[8.02879,44.57375],[8.02893,44.57375],[8.02929,44.5739],[8.02948,44.574],[8.02958,44.5741],[8.0299,44.57462],[8.03029,44.57491],[8.03094,44.57519],[8.03118,44.57538],[8.03148,44.57565],[8.03207,44.57577],[8.03238,44.57598],[8.03264,44.57604],[8.03283,44.57604],[8.03318,44.57634],[8.03342,44.57642],[8.03358,44.57642],[8.034,44.57628],[8.03421,44.57629],[8.03454,44.57627],[8.03516,44.57612],[8.03566,44.57612],[8.03585,44.5762],[8.03618,44.57638],[8.03624,44.57644],[8.03638,44.57652],[8.0366,44.57656],[8.03688,44.57656],[8.03708,44.57654],[8.03726,44.57644],[8.0376,44.57623],[8.03784,44.57617],[8.03822,44.5761],[8.03859,44.57593],[8.03987,44.57527],[8.04009,44.57523],[8.04028,44.57523],[8.0408,44.57482],[8.04125,44.57471],[8.04148,44.57471],[8.04156,44.57444],[8.04165,44.57431],[8.04218,44.57424],[8.04256,44.57417],[8.04281,44.57417],[8.04359,44.57465],[8.0438,44.57469],[8.04399,44.57466],[8.04415,44.57457],[8.04427,44.57441],[8.0453,44.57444],[8.04635,44.57438],[8.0467,44.57439],[8.04735,44.57445],[8.04754,44.5744],[8.04775,44.57411],[8.04804,44.57426],[8.04847,44.57428],[8.04887,44.57435],[8.04884,44.57448],[8.04884,44.57457],[8.04951,44.57523],[8.04984,44.5758],[8.04996,44.57615],[8.05004,44.57672],[8.05002,44.57696],[8.04971,44.57738],[8.04923,44.57811],[8.04911,44.57878],[8.04894,44.57917],[8.04848,44.57948],[8.0481,44.5797],[8.04693,44.58026],[8.04665,44.58046],[8.04634,44.5809],[8.04606,44.58141],[8.04583,44.58203],[8.04569,44.58289],[8.0457,44.58303],[8.04583,44.58316],[8.04634,44.58352],[8.04714,44.58447],[8.04729,44.58476],[8.04742,44.58528],[8.04728,44.58571],[8.04714,44.58596],[8.0465,44.58676],[8.0463,44.58706],[8.04605,44.58724],[8.04579,44.58745],[8.04545,44.58771],[8.04503,44.58798],[8.04446,44.58913],[8.04422,44.58945],[8.0441,44.58984],[8.04369,44.59026],[8.0434,44.59067],[8.04305,44.59104],[8.04244,44.5916],[8.04201,44.59212],[8.04176,44.59234],[8.04142,44.59245],[8.04105,44.59273],[8.04076,44.59331],[8.04051,44.59393],[8.04062,44.59383],[8.0408,44.59374],[8.04093,44.59371],[8.04107,44.59373],[8.04132,44.59389],[8.04148,44.59403],[8.04196,44.59435],[8.04235,44.59444],[8.0431,44.59433],[8.0434,44.59431],[8.04362,44.59423],[8.04383,44.59442],[8.04413,44.59453],[8.04438,44.59452],[8.04472,44.59439],[8.04505,44.59418],[8.04577,44.59336],[8.04605,44.59317],[8.04631,44.59292],[8.04656,44.59274],[8.04692,44.59269],[8.04699,44.59262],[8.0472,44.59229],[8.04752,44.59232],[8.04765,44.5923],[8.04779,44.59222],[8.04816,44.59206],[8.04871,44.59188],[8.04991,44.59152],[8.05009,44.59139],[8.05036,44.59114],[8.05054,44.59091],[8.05117,44.59058],[8.05143,44.59031],[8.05172,44.59011],[8.05271,44.58953],[8.05319,44.58915],[8.05358,44.58902],[8.05377,44.58898],[8.05404,44.58878],[8.0542,44.5888],[8.0544,44.58879],[8.05448,44.58868],[8.0546,44.58842],[8.05482,44.58833],[8.05547,44.58832],[8.05614,44.58777],[8.0565,44.58779],[8.0567,44.58775],[8.05699,44.58745],[8.05732,44.58734],[8.05801,44.58717],[8.05822,44.58709],[8.05849,44.58696],[8.05888,44.58666],[8.0595,44.58607],[8.05969,44.58602],[8.0599,44.58603],[8.06064,44.58647],[8.06153,44.58705],[8.06306,44.5877],[8.0636,44.58796],[8.06393,44.58802],[8.06438,44.58774],[8.06512,44.58752],[8.06546,44.58745],[8.06611,44.5872],[8.06674,44.58686],[8.06725,44.58655],[8.06738,44.5864],[8.06756,44.58634],[8.06784,44.58637],[8.06812,44.58643],[8.0685,44.58644],[8.06886,44.58661],[8.06966,44.58691],[8.07015,44.58705],[8.07039,44.58715],[8.07113,44.58763],[8.07156,44.58776],[8.07219,44.5879],[8.0732,44.58807],[8.07411,44.5878],[8.0744,44.58769],[8.07459,44.58757],[8.07526,44.58723],[8.07587,44.58683],[8.07647,44.58662],[8.07676,44.58656],[8.07694,44.58664],[8.07708,44.58677],[8.07748,44.58738],[8.07806,44.58709],[8.07834,44.58702],[8.07862,44.58709],[8.07917,44.58731],[8.07957,44.5875],[8.07997,44.58753],[8.0807,44.58762],[8.08131,44.5879],[8.08169,44.58781],[8.08228,44.58773],[8.08246,44.58778],[8.08301,44.588],[8.08321,44.58795],[8.08342,44.58792],[8.08382,44.58781],[8.08414,44.58774],[8.08452,44.58763],[8.08471,44.58758],[8.08492,44.58767],[8.08527,44.58772],[8.08568,44.58782],[8.08587,44.5878],[8.08632,44.5877],[8.08653,44.58751],[8.08667,44.58736],[8.08698,44.58718],[8.08763,44.58699],[8.0881,44.5865],[8.08839,44.58629],[8.08864,44.58606],[8.08879,44.58579],[8.08891,44.58547],[8.08908,44.58522],[8.08922,44.58495],[8.08932,44.58465],[8.08947,44.58453],[8.09006,44.58434],[8.0903,44.5841],[8.09037,44.58395],[8.09177,44.58371],[8.09215,44.58374],[8.09251,44.58365],[8.0928,44.58329],[8.09318,44.58314],[8.09362,44.58313],[8.09382,44.58314],[8.09477,44.58288],[8.09516,44.58271],[8.09576,44.58258],[8.09607,44.58233],[8.09639,44.58214],[8.09787,44.58169],[8.09804,44.58162],[8.09848,44.58151],[8.0987,44.58146],[8.09909,44.58145],[8.09928,44.58147],[8.09974,44.58158],[8.10072,44.58107],[8.10108,44.58093],[8.10146,44.5809],[8.10163,44.5807],[8.10181,44.58066],[8.102,44.5806],[8.10219,44.58063],[8.10234,44.58061],[8.10254,44.58055],[8.10267,44.58042],[8.10281,44.58014],[8.10294,44.58002],[8.10333,44.58014],[8.10375,44.58011],[8.10405,44.5799],[8.10418,44.57978],[8.10457,44.57979],[8.10498,44.57976],[8.10544,44.57948],[8.10564,44.57945],[8.10602,44.57929],[8.10603,44.5791],[8.1059,44.57881],[8.10604,44.57865],[8.10688,44.57868],[8.10705,44.57863],[8.10712,44.5785],[8.10715,44.57818],[8.10726,44.57805],[8.10766,44.57793],[8.10844,44.57785],[8.10863,44.57773],[8.10894,44.57734],[8.1091,44.57706],[8.10931,44.57697],[8.10966,44.5769],[8.11028,44.57681],[8.11084,44.57661],[8.11147,44.57622],[8.1116,44.57612],[8.11201,44.57619],[8.11337,44.57652],[8.11358,44.57653],[8.11377,44.57656],[8.11411,44.57672],[8.11441,44.57692],[8.11473,44.57723],[8.11483,44.57736],[8.1149,44.57753],[8.11494,44.57768],[8.11491,44.57786],[8.11467,44.57807],[8.1146,44.57852],[8.1144,44.57901],[8.11435,44.57929],[8.11444,44.57982],[8.11459,44.58013],[8.11473,44.58041],[8.11502,44.58079],[8.11532,44.58097],[8.11633,44.58147],[8.11647,44.58159],[8.11655,44.58172],[8.11678,44.58198],[8.11695,44.58223],[8.11732,44.5826],[8.11761,44.5828],[8.11781,44.58286],[8.11801,44.58286],[8.11823,44.58257],[8.11904,44.58243],[8.11989,44.58236],[8.12033,44.58243],[8.12066,44.58264],[8.12107,44.58295],[8.12134,44.58326],[8.12145,44.5835],[8.1215,44.58369],[8.12161,44.58386],[8.12193,44.58423],[8.12214,44.58454],[8.12214,44.58469],[8.12211,44.5851],[8.12213,44.58537],[8.12198,44.58599],[8.12181,44.58619],[8.12262,44.5869],[8.1234,44.58776],[8.12391,44.58809],[8.12453,44.5884],[8.12445,44.58853],[8.12432,44.58865],[8.12402,44.58885],[8.12398,44.58896],[8.12375,44.58918],[8.12353,44.58927],[8.12336,44.58949],[8.12322,44.58979],[8.12295,44.59001],[8.12263,44.59053],[8.12277,44.59057],[8.12294,44.59066],[8.12312,44.59067],[8.12466,44.59025],[8.12484,44.58993],[8.12507,44.58985],[8.12579,44.59013],[8.12612,44.59029],[8.12646,44.59049],[8.12768,44.58971],[8.12805,44.58954],[8.12824,44.58947],[8.12843,44.58953],[8.12898,44.59032],[8.12924,44.59071],[8.12945,44.59079],[8.13086,44.5902],[8.13162,44.58975],[8.13176,44.58963],[8.13195,44.58922],[8.13241,44.58838],[8.13248,44.58825],[8.13261,44.58813],[8.13416,44.58769],[8.13515,44.58744],[8.13545,44.5872],[8.13595,44.58674],[8.13629,44.58658],[8.13763,44.58589],[8.13783,44.58563],[8.13798,44.58535],[8.13803,44.58508],[8.13805,44.58477],[8.13821,44.5846],[8.13994,44.58352],[8.14027,44.58333],[8.14057,44.58309],[8.13993,44.58271],[8.13933,44.58231],[8.13893,44.58197],[8.13865,44.58176],[8.13824,44.58124],[8.13797,44.58082],[8.1381,44.58034],[8.13825,44.57993],[8.13833,44.57953],[8.13879,44.57818],[8.13905,44.57671],[8.13911,44.57611],[8.13916,44.57567],[8.13929,44.57543],[8.14029,44.5745],[8.14041,44.57433],[8.14047,44.57419],[8.14049,44.57361],[8.14048,44.5733],[8.13989,44.57257],[8.13982,44.57214],[8.13979,44.57186],[8.13974,44.57156],[8.13967,44.5713],[8.1392,44.5708],[8.13888,44.57041],[8.13859,44.56959],[8.13845,44.56929],[8.13836,44.56899],[8.13825,44.56873],[8.13809,44.56825],[8.13793,44.56793],[8.13758,44.56777],[8.13724,44.56758],[8.13623,44.56708],[8.13591,44.56691],[8.13542,44.56583],[8.13519,44.56526],[8.13506,44.56485],[8.13424,44.56497],[8.1336,44.56503],[8.13289,44.56473],[8.13268,44.5647],[8.13235,44.56486],[8.13212,44.56491],[8.13163,44.56469],[8.13123,44.56455],[8.13086,44.56468],[8.13045,44.56476],[8.12995,44.5643],[8.12983,44.56376],[8.13004,44.56288],[8.13005,44.56261],[8.12907,44.56207],[8.12904,44.56178],[8.12907,44.56103],[8.12906,44.56017],[8.12882,44.55994],[8.12852,44.5597],[8.12849,44.5596],[8.12853,44.5593],[8.12852,44.55914],[8.12858,44.55886],[8.12883,44.55864],[8.12926,44.55835],[8.12884,44.55832],[8.12844,44.55826],[8.12801,44.55822],[8.12763,44.55815],[8.12724,44.55805],[8.12684,44.55797],[8.12645,44.55787],[8.12606,44.55779],[8.12493,44.55743],[8.12457,44.5573],[8.12395,44.55718],[8.12316,44.55711],[8.12262,44.55691],[8.1214,44.55669],[8.121,44.55663],[8.12059,44.5566],[8.12017,44.55661],[8.11974,44.55661],[8.11929,44.55665],[8.11891,44.55666],[8.11868,44.55669],[8.11848,44.55669],[8.11837,44.55661],[8.11821,44.55631],[8.1181,44.55618],[8.11805,44.55601],[8.11799,44.55528],[8.11774,44.55503],[8.11773,44.55492],[8.11751,44.55484],[8.1173,44.55467],[8.11633,44.5541],[8.11602,44.5539],[8.11584,44.55381],[8.11564,44.5538],[8.11616,44.55355],[8.11652,44.55343],[8.11756,44.55294],[8.11836,44.55242],[8.11908,44.55188],[8.11932,44.55188],[8.12012,44.55181],[8.12055,44.5517],[8.1213,44.55147],[8.12166,44.55131],[8.12199,44.55114],[8.12269,44.55084],[8.12297,44.55064],[8.12322,44.55041],[8.12368,44.5499],[8.12393,44.54966],[8.12421,44.54926],[8.12444,44.54902],[8.12515,44.54846],[8.12583,44.54796],[8.12597,44.54773],[8.12611,44.54726],[8.12629,44.54658],[8.12632,44.54635],[8.12673,44.54627],[8.12704,44.54607],[8.1271,44.54564],[8.1274,44.54562],[8.12781,44.5455],[8.12851,44.54545],[8.12895,44.5454],[8.12929,44.5454],[8.12971,44.54532],[8.12987,44.54522],[8.13051,44.54509],[8.1313,44.545],[8.13192,44.5447],[8.13227,44.5446],[8.13274,44.54457],[8.13313,44.54452],[8.13402,44.54465],[8.1344,44.5448],[8.13519,44.54482],[8.13545,44.54481],[8.13584,44.54474],[8.13606,44.54469],[8.13722,44.54449],[8.13783,44.54437],[8.13803,44.54431],[8.13831,44.54424],[8.13851,44.54422],[8.13874,44.54422],[8.13889,44.54422],[8.13889,44.54461],[8.13891,44.54496],[8.13884,44.54561],[8.13866,44.54702],[8.1387,44.54739],[8.13922,44.54864],[8.13914,44.54911],[8.13867,44.54948],[8.13811,44.54981],[8.13637,44.55079],[8.13498,44.55231],[8.13509,44.553],[8.13527,44.55362],[8.13548,44.55438],[8.13622,44.55517],[8.13667,44.55538],[8.13854,44.5557],[8.14064,44.55603],[8.14149,44.55581],[8.14158,44.55595],[8.14184,44.55638],[8.14209,44.55693],[8.14238,44.55747],[8.14272,44.5586],[8.14282,44.5589],[8.14296,44.55933],[8.1432,44.55986],[8.14396,44.56027],[8.14415,44.5603],[8.14453,44.56039],[8.14556,44.56031],[8.14592,44.56022],[8.14631,44.5602],[8.14717,44.55975],[8.14728,44.55962],[8.14812,44.55921],[8.14879,44.55924],[8.14918,44.55922],[8.14958,44.55917],[8.14996,44.55908],[8.15035,44.55894],[8.15049,44.55882],[8.15062,44.55866],[8.1506,44.55848],[8.15053,44.55833],[8.15033,44.55825],[8.14955,44.55821],[8.14922,44.55813],[8.1488,44.55778],[8.14893,44.55759],[8.14897,44.55741],[8.14927,44.55722],[8.14942,44.55709],[8.14995,44.55628],[8.14995,44.55615],[8.15002,44.556],[8.15016,44.55589],[8.15158,44.55603],[8.15197,44.55598],[8.15217,44.55597],[8.15258,44.5559],[8.15323,44.55596],[8.15361,44.55607],[8.1542,44.55616],[8.1544,44.55623],[8.1545,44.55637],[8.15462,44.55658],[8.15463,44.55673],[8.15474,44.55701],[8.15481,44.55731],[8.15484,44.5576],[8.1549,44.5579],[8.15501,44.55803],[8.15512,44.55818],[8.1555,44.55814],[8.15594,44.55821],[8.15636,44.55837],[8.15657,44.55849],[8.15677,44.55857],[8.15701,44.5586],[8.15723,44.55869],[8.15757,44.55876],[8.15908,44.55893],[8.15928,44.55894],[8.15971,44.55899],[8.16051,44.55903],[8.16081,44.55914],[8.16138,44.55901],[8.16161,44.559],[8.16244,44.559],[8.16264,44.55899],[8.16347,44.55897],[8.16394,44.55892],[8.1641,44.55893],[8.16449,44.55902],[8.16487,44.55958],[8.16531,44.55991],[8.16547,44.55996],[8.16561,44.55997],[8.16649,44.56037],[8.16687,44.56071],[8.16711,44.56096],[8.16793,44.56139],[8.16834,44.56151],[8.16874,44.56153],[8.16917,44.56147],[8.16913,44.5616],[8.169,44.56173],[8.16896,44.56185],[8.16916,44.56197],[8.1693,44.56211],[8.16872,44.56278],[8.16877,44.56295],[8.16892,44.56318],[8.1692,44.56369],[8.16922,44.56401],[8.1692,44.56431],[8.16897,44.56493],[8.16838,44.56633],[8.16824,44.5675],[8.16815,44.56766],[8.16781,44.56803],[8.16755,44.56829],[8.16655,44.56903],[8.16603,44.5694],[8.16562,44.56966],[8.16552,44.56975],[8.16505,44.57004],[8.16476,44.57026],[8.16444,44.57045],[8.16355,44.57106],[8.16231,44.5718],[8.16201,44.57203],[8.16138,44.57242],[8.16093,44.57272],[8.15969,44.57354],[8.1587,44.57406],[8.15839,44.57425],[8.15787,44.57451],[8.15773,44.5746],[8.1567,44.57514],[8.15636,44.57529],[8.15606,44.57547],[8.1558,44.57566],[8.15558,44.57591],[8.15495,44.57648],[8.15454,44.57679],[8.15421,44.57698],[8.15387,44.57718],[8.15303,44.57758],[8.1526,44.57776],[8.15184,44.57804],[8.15148,44.57815],[8.1499,44.57849],[8.14916,44.57874],[8.14838,44.5788],[8.14778,44.57899],[8.1477,44.57913],[8.14754,44.57921],[8.14697,44.57939],[8.14628,44.57995],[8.14603,44.58019],[8.14575,44.5804],[8.14548,44.58065],[8.14527,44.58087],[8.14513,44.58129],[8.14638,44.58159],[8.14669,44.58185],[8.14691,44.58204],[8.14753,44.58213],[8.14779,44.58199],[8.14842,44.58179],[8.14944,44.58174],[8.15017,44.58185],[8.15078,44.58204],[8.151,44.5821],[8.1513,44.58214],[8.15209,44.58209],[8.15285,44.58196],[8.15357,44.58173],[8.15398,44.58159],[8.15505,44.58126],[8.15586,44.58117],[8.15704,44.58085],[8.158,44.58068],[8.15944,44.58049],[8.15982,44.58039],[8.16056,44.58006],[8.16113,44.57998],[8.16167,44.5799],[8.16234,44.57972],[8.16257,44.57966],[8.16341,44.5793],[8.16383,44.57892],[8.16471,44.57881],[8.1655,44.5789],[8.16533,44.57943],[8.16536,44.57988],[8.16591,44.58051],[8.16781,44.58222],[8.16836,44.58265],[8.16909,44.58292],[8.16997,44.58306],[8.1719,44.58336],[8.17243,44.58336],[8.17345,44.58317],[8.17424,44.583],[8.17509,44.58265],[8.17713,44.58241],[8.178,44.58231],[8.18096,44.5821],[8.18505,44.58184],[8.18562,44.5817],[8.18609,44.58119],[8.18676,44.57997],[8.18732,44.57864],[8.18816,44.57809],[8.18901,44.57783],[8.18988,44.57793],[8.1903,44.57809],[8.19097,44.57876],[8.192,44.58024],[8.19278,44.58127],[8.19352,44.58208],[8.1939,44.58223],[8.19417,44.58186],[8.19465,44.58064],[8.19546,44.57969],[8.19666,44.57865],[8.19791,44.57799],[8.1989,44.57734],[8.19963,44.57687],[8.20048,44.57617],[8.20113,44.57513],[8.20182,44.57386],[8.20195,44.57309],[8.20197,44.5721],[8.20176,44.57123],[8.20172,44.57054],[8.20174,44.57012],[8.20254,44.56945],[8.20333,44.56937],[8.20411,44.56899],[8.20497,44.56836],[8.20597,44.56896],[8.20638,44.56938],[8.2065,44.56973],[8.20645,44.56994],[8.20633,44.5702],[8.20595,44.57047],[8.20585,44.57066],[8.20602,44.57086],[8.20626,44.57097],[8.20791,44.57114],[8.20845,44.57128],[8.20869,44.5716],[8.20867,44.57177],[8.20837,44.57208],[8.20836,44.57232],[8.20869,44.57253],[8.20944,44.57257],[8.21071,44.57258],[8.21163,44.57252],[8.21255,44.5723],[8.21336,44.5721],[8.21362,44.57209],[8.21518,44.57137],[8.21507,44.57113],[8.21499,44.57056],[8.21524,44.57005],[8.2157,44.57008],[8.21693,44.57037],[8.21788,44.57033],[8.21832,44.57],[8.2188,44.5696],[8.21933,44.56949],[8.22001,44.56948],[8.22052,44.56934],[8.22098,44.56889],[8.22129,44.56839],[8.22149,44.56812],[8.22171,44.56808],[8.22227,44.56818],[8.22293,44.56809],[8.22335,44.56791],[8.22385,44.56755],[8.22398,44.56714],[8.22429,44.56656],[8.225,44.56644],[8.22594,44.56643],[8.22637,44.56631],[8.22645,44.56619],[8.22645,44.56579],[8.22633,44.5655],[8.22648,44.56529],[8.22695,44.56513],[8.22761,44.56503],[8.22821,44.56494],[8.22839,44.56489],[8.22908,44.56451],[8.22938,44.56426],[8.22962,44.56409],[8.22978,44.56373],[8.2301,44.56363],[8.23051,44.56366],[8.23076,44.56363],[8.23098,44.56356],[8.23126,44.56335],[8.2314,44.56322],[8.23141,44.56307],[8.2315,44.56277],[8.23159,44.56233],[8.23174,44.56205],[8.23198,44.56179],[8.23226,44.56158],[8.23261,44.5614],[8.23277,44.56133],[8.23296,44.56135],[8.23317,44.56145],[8.23352,44.56167],[8.23365,44.56174],[8.23389,44.56167],[8.2341,44.56187],[8.23562,44.56307],[8.23571,44.56318],[8.23663,44.56365],[8.23727,44.56385],[8.23766,44.5641],[8.23773,44.56422],[8.23789,44.56492],[8.23789,44.56535],[8.23779,44.56573],[8.23753,44.56621],[8.23753,44.56637],[8.23861,44.56674],[8.23909,44.56693],[8.23993,44.56737],[8.24031,44.56761],[8.24085,44.56832],[8.24134,44.56922],[8.24154,44.56972],[8.24133,44.57021],[8.24121,44.57068],[8.2411,44.57115],[8.24096,44.57128],[8.24044,44.57198],[8.23984,44.57257],[8.23963,44.57283],[8.2388,44.57366],[8.2378,44.57363],[8.23758,44.57365],[8.23694,44.57397],[8.23639,44.57418],[8.23583,44.57416],[8.23547,44.57421],[8.23514,44.57439],[8.2342,44.57496],[8.2338,44.57505],[8.23306,44.57538],[8.23272,44.57557],[8.23217,44.57598],[8.23156,44.57636],[8.23125,44.57659],[8.23098,44.57682],[8.23086,44.57694],[8.23042,44.57707],[8.22971,44.57736],[8.229,44.57768],[8.22886,44.57776],[8.22853,44.57795],[8.22825,44.57814],[8.22825,44.57828],[8.22812,44.57843],[8.22792,44.57848],[8.22709,44.57851],[8.227,44.57863],[8.22715,44.57904],[8.22709,44.57917],[8.22699,44.5793],[8.22683,44.57941],[8.22667,44.57969],[8.22662,44.57982],[8.22652,44.58058],[8.22647,44.58072],[8.22602,44.58103],[8.22574,44.58125],[8.2256,44.5814],[8.22542,44.58165],[8.22516,44.58192],[8.2248,44.58222],[8.22476,44.58237],[8.22462,44.58262],[8.2242,44.58267],[8.22344,44.58289],[8.22318,44.58293],[8.22261,44.58293],[8.22174,44.58301],[8.22154,44.58311],[8.22093,44.58349],[8.22069,44.58339],[8.22056,44.58331],[8.22034,44.5833],[8.22019,44.58337],[8.22004,44.58363],[8.2199,44.58373],[8.21973,44.58376],[8.2198,44.58387],[8.21985,44.58402],[8.22013,44.58458],[8.21993,44.58532],[8.21977,44.58546],[8.21947,44.58566],[8.21922,44.58576],[8.21902,44.58578],[8.21778,44.58583],[8.21761,44.58585],[8.21743,44.58592],[8.21701,44.58628],[8.21679,44.58651],[8.2163,44.58676],[8.21612,44.58689],[8.21586,44.58728],[8.21571,44.5874],[8.21551,44.58742],[8.21527,44.58742],[8.21466,44.58737],[8.21449,44.58743],[8.21413,44.58779],[8.21371,44.58783],[8.2135,44.5878],[8.21327,44.5878],[8.21311,44.58786],[8.21255,44.5881],[8.21219,44.58797],[8.21199,44.58797],[8.21178,44.58795],[8.21167,44.58785],[8.21155,44.58771],[8.21118,44.58765],[8.21098,44.58772],[8.21056,44.5878],[8.21041,44.58787],[8.20967,44.58781],[8.20872,44.58804],[8.20812,44.58805],[8.20674,44.58827],[8.20635,44.58839],[8.20537,44.58916],[8.205,44.5893],[8.20417,44.58944],[8.20397,44.58946],[8.20358,44.58945],[8.20214,44.58951],[8.20172,44.58961],[8.20123,44.58982],[8.20071,44.59009],[8.20012,44.59049],[8.1998,44.59074],[8.19943,44.59108],[8.19883,44.59168],[8.19872,44.59182],[8.19849,44.59222],[8.19831,44.59246],[8.19767,44.59303],[8.19745,44.59326],[8.19724,44.59332],[8.19669,44.59353],[8.1963,44.59365],[8.19595,44.59391],[8.19583,44.59406],[8.19555,44.59427],[8.19551,44.59442],[8.19571,44.59448],[8.19583,44.59459],[8.19619,44.59509],[8.19689,44.59583],[8.19702,44.59628],[8.19703,44.59658],[8.19735,44.59697],[8.1976,44.5977],[8.1978,44.59842],[8.19799,44.59902],[8.19791,44.59943],[8.1979,44.59971],[8.19797,44.60014],[8.19797,44.60045],[8.198,44.60074],[8.19799,44.60105],[8.19789,44.60132],[8.19772,44.60173],[8.19758,44.60185],[8.19741,44.60191],[8.19722,44.60195],[8.19702,44.60196],[8.19678,44.60195],[8.19657,44.60199],[8.19627,44.60237],[8.19591,44.60274],[8.19563,44.60313],[8.19528,44.60366],[8.19515,44.60439],[8.19504,44.60484],[8.19487,44.60527],[8.19469,44.60583],[8.19454,44.60612],[8.19409,44.60663],[8.19365,44.60691],[8.19353,44.60701],[8.19352,44.60716],[8.19355,44.60729],[8.19382,44.6077],[8.19446,44.60805],[8.19475,44.60828],[8.19488,44.60842],[8.19506,44.60884],[8.19504,44.60895],[8.19432,44.60921],[8.19331,44.60948],[8.1928,44.60965],[8.19161,44.60994],[8.19039,44.61011],[8.18917,44.61034],[8.18884,44.6109],[8.18774,44.61196],[8.18762,44.61211],[8.18756,44.61241],[8.18761,44.61253],[8.18772,44.61264],[8.18847,44.61313],[8.18863,44.61321],[8.18914,44.61367],[8.19039,44.61466],[8.19182,44.61554],[8.19225,44.61584],[8.19237,44.61597],[8.19235,44.61612],[8.19255,44.6167],[8.19265,44.61683],[8.193,44.6172],[8.19358,44.61782],[8.19375,44.61787],[8.19397,44.61787],[8.19417,44.61784],[8.1944,44.61785],[8.19558,44.61806],[8.19634,44.61827],[8.19742,44.61853],[8.19791,44.61863],[8.19792,44.61872],[8.1978,44.6193],[8.19648,44.61966],[8.1967,44.62013],[8.19702,44.62055],[8.19762,44.62096],[8.19792,44.62126],[8.19821,44.62224],[8.19858,44.62317],[8.19872,44.62363],[8.19879,44.62398],[8.19876,44.6241],[8.19854,44.6242],[8.19769,44.62448],[8.19764,44.62458],[8.19728,44.62496],[8.19682,44.62526],[8.19626,44.62557],[8.19612,44.62595],[8.19579,44.62616],[8.19511,44.62648],[8.19497,44.62665],[8.19483,44.62698],[8.19469,44.62769],[8.19465,44.62813],[8.19472,44.62865],[8.19475,44.62928],[8.19476,44.62937],[8.19492,44.62977],[8.19599,44.63042],[8.19639,44.63076],[8.19707,44.63157],[8.19729,44.63168],[8.19775,44.63175],[8.19913,44.63174],[8.19924,44.63197],[8.19935,44.6331],[8.19948,44.63325],[8.19992,44.63342],[8.20072,44.63379],[8.20129,44.63414],[8.20218,44.63483],[8.20323,44.63557],[8.20352,44.63555],[8.20395,44.63546],[8.20466,44.63552],[8.20501,44.63574],[8.20512,44.63588],[8.20519,44.63602],[8.20525,44.63629],[8.20506,44.63684],[8.20465,44.63822],[8.20452,44.63855],[8.20429,44.64009],[8.2043,44.64059],[8.20456,44.64102],[8.20495,44.64153],[8.20511,44.64183],[8.20525,44.64231],[8.20532,44.64242],[8.20607,44.64306],[8.20585,44.6434],[8.20591,44.64389],[8.20597,44.64415],[8.20606,44.64438],[8.2062,44.64451],[8.20661,44.64476],[8.20739,44.64531],[8.20766,44.64576],[8.2078,44.64623],[8.20818,44.64664],[8.20846,44.64706],[8.20883,44.64736],[8.20981,44.64771],[8.21121,44.64809],[8.21208,44.64828],[8.21324,44.64871],[8.21389,44.64903],[8.21674,44.65031],[8.21711,44.65063],[8.21745,44.65109],[8.2179,44.6515],[8.21793,44.65185],[8.21791,44.65256],[8.21799,44.65318],[8.21842,44.65382],[8.21918,44.65437],[8.21927,44.65449],[8.21918,44.65481],[8.21902,44.65509],[8.21907,44.6554],[8.21932,44.65563],[8.21951,44.65614],[8.22035,44.65688],[8.22133,44.65763],[8.22198,44.65828],[8.22295,44.65904],[8.22378,44.65963],[8.2243,44.66007],[8.22474,44.6604],[8.2252,44.66055],[8.22593,44.66068],[8.22623,44.66077],[8.22635,44.66098],[8.22635,44.66135],[8.22626,44.66173],[8.22635,44.66235],[8.22634,44.66269],[8.22595,44.66326],[8.22549,44.66388],[8.22444,44.66516],[8.22425,44.6658],[8.22418,44.66624],[8.22423,44.66757],[8.22419,44.66853],[8.22427,44.66927],[8.22439,44.66961],[8.22461,44.6698],[8.22468,44.66989],[8.2247,44.66994],[8.22465,44.67009],[8.22442,44.67036],[8.22422,44.67085],[8.22406,44.67155],[8.22394,44.67279],[8.22416,44.67312],[8.22471,44.67371],[8.22523,44.674],[8.22552,44.67434],[8.22546,44.67449],[8.22491,44.6748],[8.2242,44.67526],[8.22373,44.67578],[8.22284,44.67656],[8.22273,44.67676],[8.22271,44.67723],[8.22277,44.67751],[8.22289,44.6779],[8.22314,44.67832],[8.22355,44.67889],[8.22385,44.67941],[8.22437,44.67984],[8.22514,44.68024],[8.22616,44.68056],[8.22675,44.68063],[8.22721,44.68056],[8.22757,44.68055],[8.22815,44.68057],[8.22936,44.68081],[8.23088,44.68126],[8.2315,44.68125],[8.23196,44.68117],[8.23226,44.68122],[8.2326,44.68142],[8.23304,44.68202],[8.23327,44.68236],[8.23328,44.6828],[8.23343,44.68294],[8.23372,44.68293],[8.23395,44.68301],[8.23395,44.68327],[8.23409,44.68355],[8.23437,44.68371],[8.23447,44.68415],[8.23466,44.68438],[8.23491,44.68455],[8.23548,44.68481],[8.23569,44.68508],[8.23584,44.68517],[8.23614,44.68516],[8.23665,44.68517],[8.23699,44.68532],[8.23719,44.68553],[8.23771,44.68559],[8.23806,44.6856],[8.23855,44.68573],[8.23908,44.68577],[8.23949,44.68597],[8.23986,44.68626],[8.24025,44.68636],[8.24071,44.68636],[8.24119,44.68639],[8.24174,44.68648],[8.24179,44.68665],[8.24172,44.68681],[8.24184,44.68698],[8.24196,44.68702],[8.24215,44.68701],[8.24233,44.68706],[8.24256,44.68723],[8.24275,44.68757],[8.24301,44.68795],[8.24332,44.68831],[8.2434,44.68877],[8.24358,44.68897],[8.24389,44.68926],[8.24438,44.68956],[8.24447,44.68981],[8.24439,44.69018],[8.24412,44.6905],[8.24413,44.69067],[8.24435,44.69088],[8.245,44.69129],[8.24585,44.69139],[8.24672,44.69142],[8.24704,44.69138],[8.24752,44.69154],[8.24785,44.6916],[8.2482,44.69159],[8.2484,44.69161],[8.24866,44.69182],[8.24895,44.69221],[8.2493,44.69242],[8.24977,44.69243],[8.25004,44.69253],[8.25027,44.69264],[8.25028,44.69268],[8.25027,44.69273],[8.24977,44.69297],[8.24977,44.69305],[8.24978,44.69311],[8.24987,44.69315],[8.25045,44.69319],[8.2507,44.69321],[8.25104,44.69358],[8.25111,44.69363],[8.25129,44.69367],[8.25146,44.69383],[8.25161,44.6939],[8.25187,44.69393],[8.25247,44.69395],[8.25345,44.69421],[8.25451,44.69427],[8.25463,44.69432],[8.25466,44.69449],[8.25468,44.69487],[8.25478,44.69498],[8.25502,44.69505],[8.25515,44.69504],[8.25544,44.69492],[8.25551,44.69483],[8.25574,44.69472],[8.25593,44.69466],[8.25588,44.69482],[8.2558,44.69519],[8.2559,44.69534],[8.25638,44.69559],[8.25668,44.69565],[8.25716,44.69564],[8.25749,44.69565],[8.25776,44.69596],[8.25797,44.69644],[8.25816,44.69656],[8.25832,44.69654],[8.25846,44.69644],[8.25861,44.69627],[8.25877,44.69622],[8.25906,44.69622],[8.25916,44.69624],[8.25943,44.69664],[8.25966,44.69677],[8.25988,44.6968],[8.26017,44.69679],[8.26032,44.69812],[8.2604,44.69856],[8.2602,44.69858],[8.26022,44.69903],[8.26078,44.70052],[8.26129,44.7015],[8.26137,44.70175],[8.26157,44.70189],[8.26175,44.70198],[8.26195,44.70217],[8.26204,44.70237],[8.26218,44.70284],[8.26217,44.70321],[8.2621,44.70379],[8.26227,44.70455],[8.26254,44.70504],[8.26285,44.7055],[8.26344,44.70605],[8.26376,44.70616],[8.2642,44.70664],[8.26441,44.707],[8.26446,44.70715],[8.26445,44.70782],[8.26457,44.70804],[8.26472,44.70817],[8.26529,44.70835],[8.26575,44.70854],[8.26634,44.70891],[8.26728,44.70964],[8.26764,44.71],[8.2687,44.71091],[8.26895,44.71126],[8.26902,44.71148],[8.26892,44.71171],[8.26744,44.71288],[8.2673,44.71291],[8.26626,44.71244],[8.26562,44.71222],[8.26545,44.71222],[8.26513,44.71274],[8.26451,44.71391],[8.26443,44.71401],[8.2639,44.71438],[8.26289,44.71506],[8.26233,44.71547],[8.26165,44.71634],[8.25997,44.71828],[8.25889,44.71982],[8.25886,44.72022],[8.25879,44.72037],[8.25829,44.72075],[8.25787,44.72113],[8.25731,44.72132],[8.25685,44.7214],[8.25668,44.72141],[8.2566,44.72163],[8.25685,44.72252],[8.25775,44.72359],[8.25791,44.72397],[8.25804,44.72456],[8.25804,44.72497],[8.25791,44.72527],[8.25688,44.72606],[8.25663,44.7262],[8.25626,44.72635],[8.2558,44.72646],[8.2557,44.72651],[8.25576,44.72667],[8.25598,44.7271],[8.25616,44.72748],[8.2564,44.72823],[8.25646,44.72853],[8.25645,44.72913],[8.25648,44.73005],[8.25657,44.73054],[8.25683,44.7313],[8.25687,44.73173],[8.25681,44.73234],[8.25674,44.73237],[8.2567,44.73239],[8.25656,44.73237],[8.25368,44.73157],[8.25231,44.73122],[8.25204,44.7312],[8.25141,44.73127],[8.25085,44.73122],[8.25029,44.73109],[8.2498,44.7309],[8.24932,44.73064],[8.24895,44.73016],[8.24889,44.7301],[8.24859,44.72969],[8.24774,44.72871],[8.24748,44.72846],[8.24713,44.72822],[8.24655,44.72796],[8.24499,44.7274],[8.24448,44.72712],[8.24439,44.72689],[8.24462,44.72641],[8.24481,44.72594],[8.24469,44.72583],[8.24299,44.72483],[8.2426,44.72475],[8.24204,44.72469],[8.24175,44.72465],[8.2414,44.72451],[8.2412,44.72432],[8.24079,44.72362],[8.23994,44.72352],[8.23878,44.72342],[8.23813,44.72334],[8.23748,44.7234],[8.23705,44.72368],[8.23645,44.72388],[8.23596,44.72392],[8.23423,44.72361],[8.23363,44.72331],[8.23363,44.72376],[8.23156,44.72414],[8.23103,44.72374],[8.23065,44.72355],[8.23039,44.72346],[8.22902,44.72348],[8.22759,44.7236],[8.22744,44.72365],[8.22652,44.72465],[8.22602,44.72486],[8.2256,44.72526],[8.22483,44.72605],[8.2247,44.72649],[8.22477,44.72674],[8.22488,44.72702],[8.22485,44.72724],[8.22474,44.72741],[8.22417,44.7277],[8.22395,44.72787],[8.22378,44.72815],[8.22275,44.72871],[8.22225,44.72914],[8.22199,44.72962],[8.22139,44.72935],[8.22021,44.72889],[8.21926,44.72846],[8.21853,44.72812],[8.2175,44.72753],[8.21741,44.72764],[8.21677,44.72735],[8.21602,44.72656],[8.21356,44.7274],[8.21327,44.72752],[8.21281,44.7279],[8.21189,44.72858],[8.21064,44.72978],[8.2099,44.73058],[8.20936,44.73119],[8.20903,44.73185],[8.20903,44.73271],[8.20942,44.73415],[8.20972,44.73508],[8.20927,44.73546],[8.20883,44.73579],[8.20842,44.73625],[8.20687,44.73723],[8.20683,44.7377],[8.20688,44.73799],[8.20725,44.73827],[8.20792,44.73931],[8.2052,44.7415],[8.2047,44.74186],[8.20366,44.74245],[8.20296,44.7435],[8.20264,44.74391],[8.20214,44.74433],[8.20216,44.74451],[8.20246,44.74473],[8.20309,44.74499],[8.20349,44.74523],[8.20371,44.74516],[8.20389,44.74518],[8.20429,44.74532],[8.20524,44.74611],[8.20645,44.74639],[8.20778,44.74667],[8.20798,44.74679],[8.20857,44.7474],[8.2086,44.74754],[8.20859,44.7479],[8.20849,44.74829],[8.2083,44.74862],[8.20776,44.74904],[8.20675,44.75006],[8.20615,44.74964],[8.20552,44.74923],[8.20526,44.74904],[8.20505,44.74872],[8.20468,44.74903],[8.20406,44.74938],[8.20369,44.74948],[8.20333,44.74954],[8.20295,44.74953],[8.20261,44.74947],[8.20233,44.74955],[8.20174,44.74983],[8.20132,44.74984],[8.20097,44.74976],[8.19999,44.74942],[8.19911,44.74903],[8.19895,44.74893],[8.19884,44.74892],[8.19864,44.74896],[8.1985,44.74904],[8.19813,44.74914],[8.1974,44.74932],[8.19704,44.74938],[8.19274,44.74935],[8.19234,44.74942],[8.19196,44.74954],[8.19118,44.74986],[8.18964,44.75057],[8.18875,44.75099],[8.18764,44.75172],[8.18733,44.75197],[8.18548,44.75128],[8.18499,44.75115],[8.18233,44.75106],[8.18233,44.75095],[8.18223,44.75058],[8.18212,44.75045],[8.18187,44.75028],[8.18187,44.75015],[8.18195,44.75004],[8.18235,44.74925],[8.1824,44.74903],[8.18215,44.7487],[8.1821,44.74851],[8.18215,44.74772],[8.18145,44.74635],[8.18109,44.74592],[8.18089,44.74562],[8.18081,44.74508],[8.18068,44.74449],[8.18039,44.74399],[8.1803,44.74349],[8.17971,44.7426],[8.17938,44.74217],[8.17915,44.74168],[8.17911,44.74121],[8.17899,44.74071],[8.17881,44.74023],[8.17866,44.73973],[8.17866,44.73911],[8.17869,44.7386],[8.17863,44.73809],[8.17841,44.73716],[8.17811,44.7367],[8.17779,44.73628],[8.17713,44.73632],[8.17693,44.73638],[8.17642,44.73645],[8.17625,44.73644],[8.17558,44.73627],[8.1751,44.73591],[8.175,44.73575],[8.17498,44.73556],[8.17499,44.73516],[8.17507,44.73478],[8.17506,44.73449],[8.17485,44.734],[8.17461,44.73353],[8.17445,44.73317],[8.17424,44.73302],[8.17219,44.73181],[8.17096,44.73281],[8.17029,44.73321],[8.16985,44.73354],[8.16866,44.73404],[8.16845,44.73397],[8.16775,44.73406],[8.16693,44.73402],[8.16603,44.73386],[8.16563,44.73372],[8.16544,44.7336],[8.16461,44.73315],[8.16441,44.73308],[8.16414,44.73304],[8.16297,44.73301],[8.16281,44.73331],[8.16269,44.73341],[8.16259,44.73344],[8.16223,44.73347],[8.16214,44.73351],[8.16209,44.73362],[8.16194,44.73414],[8.16184,44.7343],[8.1617,44.73437],[8.16121,44.73455],[8.16115,44.73461],[8.16114,44.7347],[8.16123,44.73482],[8.16126,44.73496],[8.16054,44.73525],[8.15986,44.73517],[8.15973,44.73518],[8.15963,44.73522],[8.15944,44.73533],[8.15908,44.73548],[8.1589,44.73557],[8.1588,44.73565],[8.15864,44.7358],[8.15822,44.73599],[8.15814,44.73613],[8.15767,44.7368],[8.15751,44.73692],[8.15699,44.73701],[8.15641,44.73714],[8.15575,44.73723],[8.15517,44.73738],[8.15496,44.73739],[8.15457,44.73744],[8.15437,44.7375],[8.15372,44.7378],[8.15343,44.738],[8.15263,44.73857],[8.15225,44.73822],[8.15192,44.73799],[8.15161,44.73766],[8.1509,44.7371],[8.15065,44.73687],[8.15049,44.73675],[8.1504,44.73664],[8.15038,44.73634],[8.15032,44.73622],[8.15018,44.7361],[8.15016,44.73598],[8.15012,44.73549],[8.1499,44.73548],[8.14928,44.73554],[8.14895,44.73563],[8.14801,44.73596],[8.14713,44.73653],[8.14647,44.73693],[8.14506,44.7382],[8.14468,44.73855],[8.14422,44.73904],[8.14373,44.73952],[8.14346,44.73989],[8.14321,44.74014],[8.14247,44.74103],[8.14224,44.74093],[8.14209,44.74084],[8.14197,44.74071],[8.14192,44.74057],[8.14151,44.74001],[8.14116,44.73963],[8.14087,44.73952],[8.1406,44.73948],[8.14012,44.73957],[8.13997,44.73946],[8.13978,44.73915],[8.13967,44.73904],[8.13952,44.73901],[8.1394,44.73902],[8.13894,44.7391],[8.13885,44.73909],[8.13855,44.73894],[8.1384,44.7388],[8.13832,44.73866],[8.13817,44.73809],[8.13805,44.73802],[8.13793,44.73791],[8.13773,44.73785],[8.13688,44.73994],[8.13656,44.74082],[8.1364,44.74155],[8.13616,44.74367],[8.13542,44.74416],[8.13503,44.74457],[8.13476,44.74488],[8.1343,44.74561],[8.13402,44.74608],[8.13352,44.7465],[8.13282,44.74668],[8.13235,44.74671],[8.13166,44.74685],[8.13065,44.74721],[8.12911,44.7477],[8.1265,44.74773],[8.12482,44.74883],[8.12146,44.75112],[8.12052,44.7514],[8.11881,44.75158],[8.11821,44.75145],[8.11783,44.75074],[8.11621,44.74891],[8.11562,44.74792],[8.11541,44.74782],[8.11443,44.74814],[8.11382,44.74834],[8.11326,44.74829],[8.11269,44.74818]],[[8.00516,44.6337],[8.00489,44.63361],[8.00477,44.63349],[8.00459,44.6334],[8.0041,44.63306],[8.00316,44.63248],[8.00156,44.63153],[8.00139,44.63148],[8.00113,44.6319],[8.00093,44.63215],[8.00056,44.6327],[8.00047,44.63282],[8.00015,44.63301],[7.99999,44.63308],[7.99961,44.63316],[7.9994,44.63317],[7.99922,44.63309],[7.99895,44.63223],[7.99888,44.63232],[7.99872,44.63252],[7.99851,44.63261],[7.99817,44.63263],[7.99776,44.63259],[7.99717,44.63246],[7.99671,44.63232],[7.99623,44.6324],[7.99552,44.63258],[7.99494,44.63276],[7.99478,44.63289],[7.99419,44.63334],[7.99376,44.63371],[7.99376,44.63388],[7.99394,44.63445],[7.99428,44.63482],[7.99454,44.63514],[7.99494,44.6356],[7.99506,44.6357],[7.99521,44.6361],[7.99504,44.63687],[7.99494,44.63715],[7.99477,44.63732],[7.9946,44.63744],[7.99391,44.63767],[7.99277,44.63845],[7.99221,44.63873],[7.99142,44.63908],[7.99106,44.63933],[7.9904,44.63993],[7.98948,44.64051],[7.98914,44.64061],[7.98868,44.64071],[7.98818,44.64066],[7.98785,44.64058],[7.98771,44.64067],[7.98749,44.64108],[7.98723,44.6415],[7.9865,44.64198],[7.9863,44.64219],[7.98593,44.64252],[7.98572,44.64277],[7.98552,44.64292],[7.98402,44.64346],[7.98381,44.6435],[7.98347,44.64367],[7.98288,44.64403],[7.98237,44.64427],[7.9821,44.64435],[7.98133,44.64469],[7.98114,44.64492],[7.98084,44.64554],[7.98052,44.6459],[7.98019,44.64618],[7.98002,44.64637],[7.97992,44.64661],[7.97982,44.64698],[7.97971,44.64715],[7.9793,44.64755],[7.97875,44.64799],[7.97922,44.64902],[7.97926,44.64932],[7.97935,44.65082],[7.97928,44.65118],[7.9791,44.65144],[7.97931,44.65169],[7.97913,44.65188],[7.97917,44.65207],[7.97912,44.65247],[7.97952,44.65296],[7.97966,44.65331],[7.97957,44.65359],[7.97985,44.6543],[7.98015,44.65495],[7.98084,44.65442],[7.98121,44.65421],[7.98183,44.6538],[7.9819,44.65337],[7.98201,44.653],[7.98235,44.65262],[7.98254,44.65256],[7.9831,44.65257],[7.98352,44.65255],[7.9842,44.6525],[7.98471,44.65241],[7.98498,44.6523],[7.98575,44.65173],[7.98643,44.65129],[7.98678,44.65142],[7.98745,44.65143],[7.98823,44.65126],[7.9888,44.65113],[7.98971,44.65078],[7.99,44.65056],[7.99013,44.65033],[7.98947,44.6494],[7.98916,44.64902],[7.98876,44.6487],[7.98866,44.64856],[7.98865,44.64844],[7.98871,44.64836],[7.98892,44.6483],[7.98932,44.64825],[7.99053,44.64843],[7.99101,44.64848],[7.99303,44.64902],[7.99288,44.64902],[7.99399,44.64942],[7.99442,44.64973],[7.9949,44.64997],[7.99518,44.65012],[7.99549,44.65014],[7.99562,44.6501],[7.99599,44.65012],[7.99713,44.65043],[7.9973,44.65055],[7.99795,44.6509],[7.99824,44.65115],[7.99848,44.65121],[7.99895,44.65141],[7.99905,44.65171],[7.99927,44.65178],[7.99964,44.65183],[7.99992,44.65179],[8.00009,44.65173],[8.00022,44.65176],[8.00031,44.65186],[8.00061,44.65195],[8.0015,44.65205],[8.00159,44.65189],[8.00186,44.65177],[8.00229,44.65175],[8.00315,44.65176],[8.00338,44.65182],[8.00352,44.6519],[8.00375,44.65194],[8.00391,44.65199],[8.00426,44.65213],[8.00476,44.65242],[8.00509,44.65258],[8.00529,44.65266],[8.00545,44.65264],[8.00552,44.6525],[8.00571,44.65243],[8.00592,44.65239],[8.00671,44.65264],[8.00764,44.65296],[8.00803,44.65313],[8.00796,44.65327],[8.00758,44.65366],[8.00737,44.65396],[8.00665,44.65454],[8.005,44.65564],[8.00458,44.65621],[8.00495,44.65687],[8.00499,44.65729],[8.00523,44.65752],[8.00543,44.65753],[8.00568,44.65748],[8.00667,44.65741],[8.00711,44.65746],[8.00785,44.65767],[8.00945,44.65834],[8.00998,44.65851],[8.01023,44.65857],[8.01072,44.65856],[8.0109,44.65852],[8.01106,44.65849],[8.01111,44.65849],[8.0112,44.65847],[8.01175,44.65847],[8.01227,44.65851],[8.0134,44.65885],[8.0135,44.6589],[8.01354,44.65897],[8.01411,44.65959],[8.01429,44.65969],[8.01577,44.66018],[8.01617,44.66029],[8.01821,44.66099],[8.01836,44.66102],[8.01845,44.66102],[8.01901,44.66059],[8.01953,44.6603],[8.02034,44.66019],[8.02076,44.66014],[8.02143,44.66019],[8.0221,44.66025],[8.02279,44.66052],[8.02297,44.66073],[8.02335,44.66126],[8.02331,44.66149],[8.02298,44.66182],[8.02172,44.66359],[8.02135,44.66417],[8.02058,44.66553],[8.01993,44.6665],[8.02016,44.66654],[8.02079,44.66663],[8.02288,44.66667],[8.02306,44.66666],[8.02388,44.66643],[8.02418,44.66679],[8.02433,44.66705],[8.02436,44.66722],[8.02431,44.66749],[8.02483,44.66777],[8.02527,44.66808],[8.02557,44.66825],[8.02584,44.66862],[8.02682,44.66956],[8.02696,44.66976],[8.02736,44.66991],[8.02856,44.67046],[8.02944,44.67086],[8.03,44.67107],[8.03038,44.67117],[8.03097,44.67114],[8.03149,44.67104],[8.03221,44.67108],[8.03247,44.67114],[8.03266,44.67124],[8.03282,44.67143],[8.03303,44.67159],[8.03332,44.6717],[8.03373,44.67194],[8.03388,44.67207],[8.03428,44.67218],[8.03452,44.67221],[8.03477,44.67228],[8.03563,44.67265],[8.03605,44.67271],[8.03628,44.67267],[8.03645,44.67267],[8.03669,44.67288],[8.03711,44.673],[8.0376,44.67322],[8.0382,44.67327],[8.03829,44.67341],[8.03883,44.6736],[8.03954,44.67403],[8.03984,44.6741],[8.03995,44.67381],[8.0404,44.67291],[8.04104,44.6715],[8.04203,44.6691],[8.04257,44.66804],[8.04289,44.66724],[8.04376,44.66535],[8.04495,44.66264],[8.04517,44.66248],[8.04539,44.66248],[8.0468,44.66287],[8.04717,44.66289],[8.04772,44.66287],[8.04819,44.66289],[8.04868,44.66302],[8.04938,44.66337],[8.04957,44.66343],[8.04975,44.66347],[8.05017,44.66349],[8.05121,44.66342],[8.05218,44.66329],[8.05266,44.66296],[8.05316,44.66284],[8.05394,44.66258],[8.0547,44.6624],[8.05511,44.66233],[8.05541,44.66225],[8.05558,44.66213],[8.0557,44.66198],[8.05605,44.66167],[8.05645,44.66126],[8.05667,44.66099],[8.05694,44.66079],[8.05729,44.66066],[8.0579,44.66037],[8.05839,44.66019],[8.05851,44.66006],[8.05858,44.65994],[8.05868,44.65982],[8.05897,44.65973],[8.05939,44.65964],[8.05956,44.65954],[8.06014,44.65876],[8.06063,44.65852],[8.06136,44.65812],[8.06247,44.65733],[8.06327,44.65686],[8.0654,44.65626],[8.06564,44.65623],[8.0664,44.65622],[8.06666,44.65614],[8.0666,44.65602],[8.06611,44.6554],[8.06553,44.65527],[8.06484,44.65503],[8.06465,44.65495],[8.0644,44.65491],[8.06405,44.65493],[8.0637,44.65503],[8.06342,44.65515],[8.06268,44.65524],[8.06254,44.65514],[8.06233,44.65506],[8.06174,44.65488],[8.06139,44.65472],[8.06074,44.65434],[8.05807,44.65386],[8.05667,44.65329],[8.05634,44.65306],[8.05549,44.65224],[8.05524,44.65182],[8.05426,44.65101],[8.05346,44.65062],[8.05384,44.65039],[8.0543,44.65024],[8.05491,44.64989],[8.0554,44.64967],[8.05611,44.64944],[8.0562,44.64928],[8.05612,44.64921],[8.05611,44.64903],[8.05628,44.64879],[8.05658,44.6487],[8.05781,44.64817],[8.05855,44.64788],[8.05908,44.64764],[8.0594,44.64745],[8.05978,44.64747],[8.05997,44.64744],[8.0605,44.64717],[8.06068,44.64712],[8.06164,44.64707],[8.06207,44.64742],[8.06222,44.64751],[8.06244,44.64751],[8.06281,44.64736],[8.06297,44.64726],[8.0632,44.6473],[8.06339,44.64731],[8.0638,44.64735],[8.06434,44.64711],[8.06452,44.64714],[8.06489,44.64731],[8.06501,44.64738],[8.06523,44.64736],[8.06533,44.64725],[8.06554,44.64699],[8.06592,44.64707],[8.06611,44.64705],[8.06638,44.64681],[8.06676,44.64676],[8.06706,44.64656],[8.06788,44.64633],[8.06825,44.6462],[8.06857,44.64601],[8.06864,44.64579],[8.069,44.64561],[8.06932,44.64541],[8.06955,44.64518],[8.06986,44.64479],[8.07014,44.64457],[8.07042,44.64438],[8.07082,44.64403],[8.0712,44.64398],[8.07153,44.6438],[8.07192,44.64364],[8.07228,44.64329],[8.07246,44.64318],[8.07281,44.64306],[8.0736,44.64284],[8.07413,44.6424],[8.07512,44.64189],[8.0755,44.64179],[8.07571,44.64172],[8.07592,44.64168],[8.07609,44.64172],[8.0764,44.64151],[8.07734,44.64073],[8.07765,44.6404],[8.07786,44.64035],[8.07812,44.64011],[8.07846,44.63994],[8.0786,44.63984],[8.07854,44.63967],[8.07851,44.63939],[8.07852,44.63924],[8.07862,44.63914],[8.07866,44.63899],[8.07865,44.63884],[8.07868,44.6387],[8.07875,44.63856],[8.07905,44.63838],[8.07912,44.63811],[8.07951,44.63797],[8.0796,44.63788],[8.07996,44.63737],[8.08007,44.63708],[8.08015,44.63697],[8.08077,44.63637],[8.08097,44.63612],[8.0811,44.63588],[8.07862,44.6341],[8.07844,44.6341],[8.07755,44.63472],[8.0773,44.63496],[8.07689,44.63529],[8.07614,44.63601],[8.07587,44.63622],[8.07558,44.6364],[8.0725,44.6381],[8.07152,44.63861],[8.0705,44.63913],[8.0701,44.63936],[8.06877,44.64014],[8.06754,44.64089],[8.06526,44.64239],[8.06494,44.64255],[8.06475,44.64256],[8.06392,44.64254],[8.06375,44.6426],[8.0636,44.6427],[8.06326,44.64287],[8.06229,44.64344],[8.06197,44.64362],[8.06166,44.64382],[8.061,44.64418],[8.06068,44.64395],[8.05989,44.64414],[8.05963,44.64411],[8.05942,44.64436],[8.05905,44.6444],[8.05804,44.64432],[8.05766,44.64438],[8.05689,44.64461],[8.05651,44.64471],[8.05618,44.6451],[8.05614,44.64526],[8.05623,44.64542],[8.05645,44.64597],[8.05663,44.64626],[8.05703,44.64661],[8.05701,44.64686],[8.05695,44.64713],[8.05683,44.64741],[8.05658,44.64764],[8.0563,44.64786],[8.05597,44.64807],[8.0551,44.64871],[8.05477,44.64884],[8.05461,44.64893],[8.05454,44.64902],[8.05463,44.64902],[8.05448,44.6491],[8.05311,44.64934],[8.05178,44.64977],[8.05115,44.65002],[8.05032,44.65024],[8.04994,44.65045],[8.04893,44.65088],[8.04856,44.65092],[8.04845,44.65067],[8.04813,44.65019],[8.04771,44.64965],[8.0474,44.64929],[8.04715,44.64902],[8.04697,44.6489],[8.0463,44.64832],[8.04636,44.64802],[8.04634,44.64776],[8.04623,44.64747],[8.04585,44.64679],[8.04554,44.64592],[8.04553,44.64518],[8.04535,44.64474],[8.04507,44.64462],[8.04501,44.64452],[8.04502,44.64438],[8.04544,44.64386],[8.04476,44.64349],[8.04448,44.64312],[8.04417,44.64212],[8.044,44.64168],[8.04386,44.64097],[8.04374,44.64067],[8.04358,44.64039],[8.04326,44.6402],[8.04297,44.63994],[8.04273,44.63969],[8.04235,44.63959],[8.04203,44.63934],[8.04184,44.63926],[8.04144,44.63915],[8.04133,44.63901],[8.0411,44.63857],[8.04084,44.63838],[8.04049,44.63817],[8.04015,44.63805],[8.03954,44.63789],[8.03912,44.6378],[8.03871,44.63775],[8.03845,44.63769],[8.03834,44.63756],[8.03841,44.63712],[8.03843,44.63652],[8.03842,44.63625],[8.03833,44.63566],[8.03828,44.6351],[8.03825,44.63464],[8.03824,44.63418],[8.03803,44.63361],[8.03788,44.63348],[8.03774,44.63343],[8.03758,44.63328],[8.03752,44.63311],[8.03733,44.63305],[8.03671,44.63302],[8.03609,44.63305],[8.03568,44.63304],[8.03545,44.63303],[8.0353,44.63295],[8.03385,44.63148],[8.03364,44.63132],[8.03288,44.63046],[8.03164,44.62926],[8.0314,44.62925],[8.02975,44.62932],[8.02788,44.62947],[8.0273,44.62956],[8.02667,44.62963],[8.02605,44.62967],[8.02564,44.62968],[8.02537,44.62992],[8.02523,44.63002],[8.02501,44.62996],[8.02481,44.62995],[8.02462,44.62998],[8.02442,44.63],[8.02401,44.62996],[8.02379,44.62998],[8.02343,44.62987],[8.02269,44.63019],[8.02249,44.63021],[8.0218,44.62988],[8.02142,44.62983],[8.0204,44.62975],[8.01917,44.62968],[8.01816,44.62969],[8.01787,44.62949],[8.0175,44.62939],[8.01717,44.62923],[8.01696,44.62924],[8.01676,44.62927],[8.01657,44.62926],[8.01639,44.62917],[8.01624,44.62907],[8.01616,44.62893],[8.01595,44.62868],[8.0158,44.62857],[8.01436,44.62845],[8.01415,44.62843],[8.01398,44.62848],[8.01378,44.62876],[8.01332,44.62876],[8.01291,44.62875],[8.01276,44.62867],[8.01246,44.62843],[8.0104,44.62838],[8.01004,44.62823],[8.00949,44.6281],[8.00929,44.62802],[8.00861,44.62803],[8.00853,44.6283],[8.00836,44.62856],[8.00779,44.62918],[8.0077,44.62943],[8.00761,44.63023],[8.00763,44.63064],[8.00771,44.63118],[8.0077,44.63161],[8.00755,44.63233],[8.00721,44.63249],[8.00633,44.63281],[8.0055,44.63348],[8.00516,44.6337]]]}},{"type":"Feature","properties":{"denominazi":"Nebbiolo d'Alba","tipo":"DOC","codice":"DOC_42"},"geometry":{"type":"Polygon","coordinates":[[[8.1035,44.76461],[8.10561,44.76581],[8.10566,44.76595],[8.10556,44.76631],[8.10394,44.76745],[8.10376,44.7676],[8.10331,44.76826],[8.10306,44.76891],[8.10292,44.76951],[8.10278,44.77046],[8.10273,44.77104],[8.10276,44.77171],[8.10302,44.77235],[8.10346,44.773],[8.10415,44.77361],[8.1044,44.77379],[8.10542,44.77408],[8.10645,44.7742],[8.11001,44.77374],[8.11034,44.77359],[8.11057,44.77343],[8.11085,44.77316],[8.11142,44.77236],[8.11153,44.77197],[8.11149,44.77176],[8.11127,44.77141],[8.11111,44.77108],[8.11113,44.77082],[8.1112,44.7706],[8.11129,44.77045],[8.11156,44.77014],[8.11212,44.76988],[8.11248,44.76977],[8.11276,44.76976],[8.11296,44.76981],[8.11393,44.77021],[8.11641,44.77152],[8.11744,44.77214],[8.1183,44.77271],[8.11936,44.77329],[8.1204,44.77385],[8.12119,44.7743],[8.12254,44.77502],[8.12334,44.77528],[8.12449,44.77556],[8.12517,44.77581],[8.12548,44.77599],[8.12551,44.77602],[8.12463,44.77726],[8.12451,44.77759],[8.12453,44.77774],[8.12462,44.77788],[8.12642,44.78028],[8.12703,44.78126],[8.12743,44.78154],[8.12758,44.78158],[8.12821,44.7815],[8.12903,44.78121],[8.12942,44.78112],[8.12958,44.7811],[8.12982,44.78113],[8.13013,44.78125],[8.13108,44.78177],[8.13115,44.78178],[8.13136,44.7817],[8.13162,44.78156],[8.13291,44.78098],[8.13309,44.78096],[8.13427,44.78111],[8.13617,44.78129],[8.1369,44.78133],[8.13718,44.78138],[8.13771,44.78178],[8.13782,44.782],[8.13796,44.78239],[8.13798,44.78277],[8.13779,44.78382],[8.13757,44.7839],[8.13707,44.78429],[8.13619,44.78478],[8.13559,44.78498],[8.13473,44.78524],[8.13412,44.78543],[8.13367,44.78553],[8.13339,44.78554],[8.13271,44.7855],[8.13256,44.7855],[8.13251,44.78553],[8.13248,44.78562],[8.13251,44.78613],[8.13244,44.78647],[8.13223,44.78703],[8.13189,44.78803],[8.13175,44.78849],[8.13112,44.79038],[8.13105,44.79054],[8.13078,44.79069],[8.12865,44.79149],[8.12833,44.7917],[8.12821,44.79183],[8.12811,44.79209],[8.12776,44.79329],[8.12765,44.7941],[8.12771,44.79443],[8.12778,44.79459],[8.12803,44.79487],[8.12834,44.79528],[8.12882,44.79576],[8.12959,44.79668],[8.13185,44.79903],[8.13163,44.79903],[8.13165,44.79923],[8.13177,44.79945],[8.1317,44.79964],[8.13172,44.79983],[8.13168,44.80013],[8.13169,44.80029],[8.13166,44.80061],[8.13142,44.80114],[8.13127,44.80131],[8.13092,44.8016],[8.13067,44.80173],[8.12999,44.80213],[8.12984,44.80231],[8.12951,44.80255],[8.12928,44.80276],[8.12906,44.80305],[8.12895,44.80327],[8.12894,44.80383],[8.12898,44.80489],[8.12914,44.80611],[8.12927,44.80676],[8.12938,44.80704],[8.12951,44.8073],[8.12961,44.80756],[8.12997,44.80758],[8.13028,44.8075],[8.13071,44.80741],[8.1311,44.80778],[8.13124,44.80802],[8.13168,44.80856],[8.13134,44.80897],[8.13067,44.80937],[8.13048,44.80947],[8.13018,44.80978],[8.12958,44.81032],[8.12935,44.8105],[8.12918,44.81079],[8.12883,44.81109],[8.12832,44.81151],[8.12782,44.81191],[8.12748,44.81208],[8.12712,44.81244],[8.12668,44.81275],[8.12625,44.81299],[8.12588,44.81324],[8.12529,44.81348],[8.12479,44.81365],[8.12439,44.81383],[8.12393,44.814],[8.12341,44.81413],[8.12275,44.8142],[8.12216,44.81428],[8.1216,44.81433],[8.12102,44.81442],[8.1206,44.81447],[8.11993,44.81439],[8.11964,44.81433],[8.11911,44.81409],[8.11871,44.81387],[8.11844,44.81378],[8.118,44.81386],[8.1179,44.8141],[8.11753,44.81405],[8.11695,44.81387],[8.11658,44.81365],[8.11625,44.81329],[8.11618,44.813],[8.11619,44.81265],[8.11611,44.81207],[8.11585,44.81186],[8.11539,44.81167],[8.11494,44.81152],[8.11431,44.81134],[8.11408,44.81191],[8.11393,44.81223],[8.11324,44.81214],[8.11261,44.81192],[8.11208,44.81159],[8.11166,44.81128],[8.11142,44.811],[8.11126,44.81063],[8.11114,44.81031],[8.11111,44.80991],[8.11091,44.80964],[8.11074,44.80947],[8.11037,44.80932],[8.10956,44.80939],[8.10897,44.80979],[8.10852,44.80996],[8.10805,44.80995],[8.10719,44.80969],[8.10689,44.80964],[8.10652,44.8097],[8.10613,44.80989],[8.10591,44.81006],[8.1057,44.81036],[8.10557,44.81058],[8.10565,44.81098],[8.1059,44.81122],[8.10616,44.8116],[8.10627,44.81186],[8.10644,44.81239],[8.10627,44.81288],[8.10614,44.81309],[8.10604,44.81332],[8.10577,44.8135],[8.10554,44.81362],[8.1054,44.81379],[8.10511,44.814],[8.10468,44.81416],[8.10426,44.81442],[8.10369,44.81469],[8.10341,44.81519],[8.10334,44.8154],[8.10305,44.81555],[8.10277,44.81583],[8.10249,44.81596],[8.10235,44.81625],[8.10218,44.81675],[8.10205,44.8174],[8.10197,44.81764],[8.10179,44.81801],[8.10166,44.8182],[8.10157,44.8185],[8.10076,44.8192],[8.10065,44.81959],[8.10021,44.8198],[8.09961,44.81998],[8.09905,44.8202],[8.09866,44.82054],[8.09783,44.82111],[8.09748,44.82133],[8.0968,44.82165],[8.0965,44.82163],[8.09628,44.8216],[8.09595,44.82164],[8.09556,44.82189],[8.09519,44.82208],[8.09481,44.82209],[8.09452,44.82181],[8.09427,44.82151],[8.09395,44.82122],[8.09356,44.82079],[8.09322,44.82062],[8.09286,44.8203],[8.09242,44.82013],[8.09198,44.81985],[8.09143,44.8196],[8.09058,44.81911],[8.09013,44.81893],[8.08966,44.81882],[8.0891,44.81851],[8.08857,44.81831],[8.08819,44.81819],[8.08773,44.8179],[8.08677,44.81736],[8.08649,44.81722],[8.08624,44.81695],[8.08585,44.81667],[8.08559,44.81642],[8.0853,44.81619],[8.08505,44.81593],[8.08488,44.81568],[8.08473,44.81537],[8.08454,44.81459],[8.08439,44.81431],[8.08421,44.8137],[8.08422,44.81346],[8.08392,44.81295],[8.08361,44.81266],[8.08327,44.81236],[8.08293,44.81206],[8.08269,44.81189],[8.08244,44.8118],[8.08227,44.81177],[8.08206,44.81164],[8.0819,44.81145],[8.08106,44.81074],[8.08082,44.81069],[8.08041,44.81035],[8.08016,44.81028],[8.07997,44.81011],[8.07968,44.80957],[8.07935,44.80919],[8.07897,44.80884],[8.07883,44.80866],[8.07876,44.80848],[8.07882,44.80773],[8.0789,44.80734],[8.07868,44.80717],[8.07842,44.80721],[8.07794,44.80733],[8.07722,44.80755],[8.07695,44.80766],[8.0767,44.80777],[8.07648,44.80794],[8.07575,44.80826],[8.07547,44.80837],[8.0747,44.8087],[8.07447,44.80883],[8.07422,44.80892],[8.07397,44.80907],[8.07374,44.80911],[8.07349,44.80908],[8.07324,44.80896],[8.07311,44.8088],[8.07313,44.80863],[8.07307,44.80846],[8.07294,44.80829],[8.07286,44.80812],[8.07271,44.80794],[8.07248,44.8078],[8.07223,44.80776],[8.07199,44.80774],[8.07151,44.80772],[8.07127,44.80774],[8.07102,44.80783],[8.07029,44.808],[8.07013,44.80784],[8.07019,44.80767],[8.07065,44.8073],[8.07078,44.80714],[8.07084,44.80696],[8.07088,44.80679],[8.07081,44.80662],[8.07034,44.80644],[8.0698,44.80628],[8.06934,44.80628],[8.06909,44.80636],[8.06863,44.8067],[8.06739,44.80791],[8.06693,44.80824],[8.0663,44.8088],[8.06607,44.80892],[8.0656,44.80902],[8.06537,44.80891],[8.06521,44.80872],[8.06498,44.80834],[8.06474,44.80829],[8.06451,44.80838],[8.06427,44.80852],[8.06426,44.80885],[8.06416,44.80903],[8.06393,44.80886],[8.06366,44.80877],[8.06341,44.80884],[8.0632,44.80901],[8.06303,44.80917],[8.06277,44.80952],[8.06257,44.80968],[8.06234,44.80971],[8.0621,44.8097],[8.06182,44.8098],[8.06114,44.81049],[8.06088,44.81058],[8.06038,44.81061],[8.06011,44.81057],[8.05987,44.81055],[8.05963,44.8104],[8.0597,44.81024],[8.05973,44.81008],[8.05974,44.80991],[8.05969,44.80973],[8.05951,44.80955],[8.05928,44.80953],[8.0588,44.80944],[8.05856,44.80948],[8.05838,44.80964],[8.05799,44.81017],[8.05776,44.81027],[8.05752,44.81017],[8.05729,44.81009],[8.05703,44.80998],[8.05656,44.8098],[8.05632,44.80972],[8.05606,44.80986],[8.05579,44.81022],[8.05571,44.8104],[8.05537,44.81095],[8.05514,44.81087],[8.05491,44.81068],[8.0548,44.81052],[8.05473,44.81035],[8.05473,44.81],[8.0546,44.80981],[8.05437,44.80983],[8.05413,44.81001],[8.0539,44.80999],[8.05404,44.80966],[8.05405,44.80947],[8.054,44.8092],[8.05397,44.80891],[8.05391,44.80872],[8.05377,44.80856],[8.05349,44.80814],[8.05327,44.80797],[8.0531,44.80774],[8.05293,44.80758],[8.05269,44.80748],[8.05245,44.80744],[8.05194,44.80729],[8.0517,44.80725],[8.05123,44.8071],[8.05099,44.80692],[8.05052,44.80674],[8.05002,44.80669],[8.04979,44.80663],[8.04953,44.80649],[8.04929,44.80633],[8.04908,44.80616],[8.04876,44.80585],[8.0484,44.80541],[8.04797,44.80506],[8.04782,44.8049],[8.0477,44.80473],[8.0476,44.80456],[8.04749,44.80418],[8.04738,44.80393],[8.04729,44.80356],[8.04722,44.8034],[8.04697,44.80303],[8.04632,44.80223],[8.04599,44.80188],[8.04574,44.80169],[8.04547,44.80135],[8.04534,44.80115],[8.0453,44.80098],[8.04541,44.80079],[8.04548,44.8006],[8.04564,44.80025],[8.04567,44.80006],[8.04567,44.79988],[8.04565,44.7997],[8.04554,44.7995],[8.04443,44.79997],[8.04299,44.80056],[8.04275,44.8007],[8.04209,44.8012],[8.04186,44.80132],[8.04162,44.8015],[8.04115,44.80186],[8.04099,44.80204],[8.04075,44.80218],[8.04052,44.80214],[8.04028,44.80208],[8.04006,44.80212],[8.03999,44.80229],[8.03992,44.80263],[8.03954,44.80375],[8.03941,44.80394],[8.03918,44.80411],[8.03893,44.8042],[8.03869,44.80433],[8.0385,44.8045],[8.03837,44.80467],[8.03815,44.80484],[8.03777,44.8052],[8.03744,44.80557],[8.03708,44.80592],[8.03689,44.80608],[8.03672,44.80627],[8.03622,44.80678],[8.03519,44.80793],[8.03495,44.80826],[8.03443,44.80879],[8.03416,44.80911],[8.03383,44.80945],[8.03307,44.80994],[8.03236,44.81024],[8.0321,44.81031],[8.03185,44.81044],[8.03179,44.81079],[8.03184,44.81115],[8.03179,44.81153],[8.03159,44.81207],[8.0314,44.81223],[8.03117,44.81224],[8.03068,44.81221],[8.03039,44.81216],[8.03015,44.81223],[8.02966,44.81248],[8.02892,44.81299],[8.02881,44.81318],[8.02867,44.81352],[8.02858,44.81389],[8.02853,44.81453],[8.02849,44.8147],[8.02837,44.81492],[8.02813,44.815],[8.0279,44.815],[8.0274,44.81498],[8.02716,44.81494],[8.02666,44.81517],[8.02651,44.81533],[8.02632,44.81567],[8.02617,44.81602],[8.02602,44.81619],[8.02579,44.81635],[8.02554,44.81649],[8.02531,44.81657],[8.02507,44.81655],[8.02458,44.81657],[8.02432,44.8167],[8.02391,44.81703],[8.02367,44.81714],[8.02316,44.81729],[8.02291,44.81734],[8.02241,44.81737],[8.02164,44.81733],[8.0214,44.81729],[8.02058,44.81711],[8.02011,44.81691],[8.01987,44.81675],[8.01967,44.81657],[8.01956,44.81643],[8.01941,44.81621],[8.01923,44.81582],[8.01869,44.81528],[8.01847,44.8151],[8.01795,44.81481],[8.01769,44.81474],[8.01746,44.8147],[8.01673,44.8145],[8.01601,44.81437],[8.01523,44.81419],[8.01498,44.81412],[8.01444,44.81404],[8.01421,44.81399],[8.01314,44.81388],[8.01264,44.81386],[8.01187,44.81378],[8.01157,44.81376],[8.01077,44.8138],[8.01023,44.81379],[8.00974,44.81379],[8.00871,44.81384],[8.00746,44.81391],[8.00691,44.81395],[8.00667,44.81401],[8.00643,44.81405],[8.00618,44.81405],[8.00465,44.81416],[8.00439,44.81421],[8.00334,44.81454],[8.00311,44.8146],[8.00288,44.81471],[8.00264,44.81481],[8.00215,44.81496],[8.0019,44.81508],[8.00166,44.81516],[8.00163,44.81533],[8.0017,44.81551],[8.00212,44.81604],[8.00207,44.81622],[8.00157,44.81634],[8.00131,44.81638],[8.00081,44.81651],[8.00029,44.81665],[7.99979,44.81685],[7.99953,44.81703],[7.99894,44.81736],[7.99894,44.81734],[7.99783,44.81761],[7.99704,44.81768],[7.99644,44.81785],[7.99614,44.81821],[7.99578,44.81843],[7.99533,44.81856],[7.99463,44.81863],[7.99451,44.81867],[7.99334,44.81934],[7.9935,44.81951],[7.99403,44.82021],[7.99378,44.82085],[7.9936,44.82112],[7.99301,44.82176],[7.99263,44.82205],[7.99171,44.82266],[7.99124,44.82289],[7.98923,44.82379],[7.98946,44.82468],[7.98945,44.82549],[7.98821,44.82533],[7.98761,44.8253],[7.9869,44.8253],[7.98605,44.82533],[7.98505,44.82532],[7.98451,44.82529],[7.98349,44.82554],[7.98304,44.82592],[7.98288,44.82626],[7.98297,44.82666],[7.98449,44.82723],[7.98461,44.82734],[7.98331,44.82925],[7.98364,44.83049],[7.98421,44.83121],[7.98431,44.83138],[7.98435,44.83157],[7.98531,44.8329],[7.98329,44.83458],[7.98236,44.83534],[7.98128,44.83704],[7.98066,44.83817],[7.97993,44.83927],[7.97924,44.84042],[7.97998,44.84121],[7.97996,44.84149],[7.97975,44.84238],[7.9796,44.84416],[7.97943,44.84556],[7.97944,44.84586],[7.97906,44.84668],[7.97859,44.84787],[7.97799,44.84904],[7.97781,44.8499],[7.97773,44.85011],[7.97708,44.85048],[7.97676,44.85062],[7.97647,44.8507],[7.97587,44.85076],[7.97477,44.85083],[7.97429,44.85083],[7.97334,44.85103],[7.97267,44.85127],[7.97243,44.85137],[7.97217,44.85162],[7.97208,44.85205],[7.97203,44.85258],[7.97171,44.85268],[7.9685,44.85347],[7.96776,44.85373],[7.96713,44.85408],[7.96671,44.8544],[7.9662,44.85494],[7.96565,44.85565],[7.96489,44.85624],[7.9642,44.85651],[7.96302,44.85585],[7.96276,44.85562],[7.96214,44.85457],[7.96156,44.85399],[7.96156,44.85347],[7.96153,44.85311],[7.96106,44.85246],[7.96084,44.85208],[7.96075,44.85197],[7.9587,44.85214],[7.95758,44.85222],[7.95542,44.85242],[7.95461,44.85099],[7.95402,44.85008],[7.95397,44.84962],[7.95424,44.84904],[7.95438,44.84882],[7.95456,44.84812],[7.95453,44.84763],[7.9544,44.84763],[7.95449,44.84642],[7.95466,44.84526],[7.95557,44.84321],[7.95636,44.84183],[7.95665,44.841],[7.95666,44.84035],[7.95624,44.83986],[7.95612,44.83944],[7.9562,44.83911],[7.95634,44.83874],[7.95631,44.83831],[7.95602,44.83787],[7.95605,44.83786],[7.95614,44.83722],[7.95608,44.83674],[7.95597,44.83662],[7.95411,44.83662],[7.95385,44.83667],[7.95255,44.83617],[7.95026,44.83525],[7.9487,44.83435],[7.94746,44.83352],[7.9473,44.83312],[7.94738,44.83243],[7.94747,44.83165],[7.94759,44.8307],[7.9474,44.82992],[7.94731,44.82947],[7.9473,44.82792],[7.94719,44.82776],[7.94678,44.82762],[7.94592,44.82731],[7.94534,44.82676],[7.94438,44.82611],[7.94392,44.82571],[7.9436,44.82456],[7.94347,44.82419],[7.94363,44.82382],[7.94375,44.82379],[7.94429,44.82349],[7.9441,44.82339],[7.94394,44.8233],[7.94376,44.82301],[7.94512,44.82241],[7.9463,44.82176],[7.94713,44.8212],[7.94758,44.82065],[7.94751,44.82038],[7.94696,44.8198],[7.94684,44.81914],[7.94717,44.81862],[7.94772,44.818],[7.94817,44.81757],[7.94855,44.8167],[7.94865,44.81633],[7.94861,44.81455],[7.94859,44.81401],[7.94835,44.81383],[7.94813,44.81351],[7.94818,44.81295],[7.9483,44.81247],[7.94819,44.81238],[7.94781,44.81202],[7.94746,44.81172],[7.94829,44.81151],[7.9481,44.81131],[7.94809,44.81124],[7.94713,44.81012],[7.9464,44.8096],[7.94497,44.8085],[7.94447,44.80822],[7.94338,44.80761],[7.94223,44.80679],[7.94136,44.80609],[7.94083,44.80582],[7.94026,44.80581],[7.93954,44.80592],[7.93832,44.80617],[7.93757,44.80628],[7.93683,44.80641],[7.93617,44.80653],[7.93564,44.80678],[7.93536,44.80679],[7.93415,44.80618],[7.93398,44.80601],[7.93367,44.80592],[7.93327,44.80586],[7.9326,44.80592],[7.93243,44.80607],[7.93207,44.80629],[7.93181,44.8062],[7.93166,44.806],[7.93154,44.80554],[7.9315,44.80528],[7.93134,44.8051],[7.93109,44.80495],[7.93055,44.80477],[7.92816,44.80402],[7.92723,44.80378],[7.92714,44.80376],[7.92706,44.80481],[7.92655,44.80523],[7.92609,44.80586],[7.92574,44.80598],[7.92543,44.80605],[7.92509,44.80626],[7.92498,44.80645],[7.92466,44.80653],[7.92404,44.80651],[7.92287,44.80669],[7.92215,44.80703],[7.92169,44.80701],[7.91932,44.80662],[7.91847,44.80659],[7.91533,44.80572],[7.91467,44.80579],[7.91349,44.80618],[7.91201,44.80655],[7.91104,44.80676],[7.91014,44.80709],[7.90871,44.80817],[7.9077,44.80595],[7.90754,44.80557],[7.90759,44.80501],[7.90834,44.80368],[7.90883,44.80302],[7.91102,44.80083],[7.91174,44.80042],[7.91242,44.80019],[7.91555,44.79933],[7.91744,44.79895],[7.91989,44.79836],[7.92163,44.79794],[7.92208,44.79773],[7.92268,44.79747],[7.92344,44.79683],[7.92404,44.79636],[7.92516,44.79542],[7.92476,44.79513],[7.92457,44.79487],[7.92474,44.7945],[7.92494,44.79426],[7.92494,44.79411],[7.92461,44.7941],[7.92419,44.79425],[7.92398,44.79431],[7.92366,44.79432],[7.92285,44.79416],[7.92256,44.79424],[7.9222,44.79445],[7.92196,44.7946],[7.92177,44.79488],[7.92123,44.79507],[7.92109,44.79524],[7.92072,44.79525],[7.91986,44.79493],[7.91947,44.79476],[7.91895,44.79459],[7.91937,44.79436],[7.91957,44.79404],[7.91956,44.79356],[7.91939,44.7934],[7.91916,44.79356],[7.9185,44.79377],[7.91812,44.79385],[7.91788,44.79384],[7.91676,44.79389],[7.91626,44.79393],[7.91578,44.79437],[7.9152,44.79457],[7.91394,44.79494],[7.91381,44.79489],[7.91373,44.79473],[7.91432,44.79421],[7.91469,44.79389],[7.91493,44.79347],[7.91606,44.79254],[7.91643,44.79199],[7.91663,44.79089],[7.91688,44.7892],[7.91704,44.78849],[7.91713,44.78806],[7.91735,44.78782],[7.91755,44.78765],[7.91796,44.7873],[7.91687,44.78716],[7.91612,44.7871],[7.91475,44.78668],[7.91334,44.78625],[7.91288,44.78617],[7.91225,44.78608],[7.91177,44.78607],[7.9114,44.78627],[7.91022,44.78639],[7.90934,44.78655],[7.90903,44.7866],[7.90858,44.78672],[7.90825,44.78663],[7.90816,44.78644],[7.90797,44.78645],[7.90768,44.7863],[7.90744,44.78618],[7.907,44.7862],[7.90677,44.78609],[7.90684,44.78595],[7.9071,44.78563],[7.90712,44.78528],[7.90792,44.78508],[7.90793,44.78494],[7.90807,44.78424],[7.90833,44.7832],[7.90849,44.78283],[7.90877,44.78253],[7.90917,44.78206],[7.90974,44.78146],[7.91042,44.78087],[7.91116,44.78059],[7.91249,44.78027],[7.91335,44.7799],[7.91372,44.77964],[7.914,44.77906],[7.9142,44.77827],[7.91458,44.77765],[7.91529,44.77705],[7.91617,44.77623],[7.91696,44.77557],[7.91711,44.77533],[7.91761,44.77418],[7.918,44.77308],[7.91814,44.77297],[7.91807,44.77229],[7.91777,44.77193],[7.91553,44.77228],[7.91356,44.77252],[7.91037,44.77203],[7.90985,44.77166],[7.91,44.77089],[7.91029,44.76938],[7.91027,44.76895],[7.91042,44.76836],[7.91064,44.76782],[7.91076,44.7663],[7.91071,44.76543],[7.91064,44.76517],[7.91006,44.76465],[7.90873,44.76393],[7.9089,44.76377],[7.90933,44.7632],[7.90984,44.76292],[7.91068,44.76248],[7.91098,44.7622],[7.91166,44.76192],[7.91182,44.76145],[7.91217,44.76137],[7.91251,44.76123],[7.91288,44.76113],[7.91358,44.76076],[7.9143,44.76001],[7.91466,44.75958],[7.9145,44.75901],[7.91437,44.75852],[7.91425,44.75789],[7.91416,44.75746],[7.91358,44.75702],[7.91304,44.75666],[7.91283,44.75656],[7.9127,44.75655],[7.91258,44.75663],[7.91256,44.7568],[7.91255,44.75692],[7.91252,44.75698],[7.91233,44.757],[7.91226,44.75695],[7.9122,44.75685],[7.91222,44.75671],[7.91226,44.75655],[7.91211,44.75646],[7.91192,44.75644],[7.91172,44.75652],[7.91149,44.75662],[7.91095,44.75677],[7.91055,44.75687],[7.90994,44.75712],[7.90969,44.75735],[7.9096,44.75743],[7.90946,44.75747],[7.90929,44.7574],[7.90922,44.7573],[7.90924,44.75703],[7.90903,44.75685],[7.90888,44.75682],[7.90888,44.75677],[7.90906,44.75671],[7.90916,44.7566],[7.9092,44.75648],[7.90891,44.75635],[7.90884,44.75625],[7.90887,44.75604],[7.90863,44.75596],[7.90831,44.75595],[7.90804,44.75597],[7.90772,44.75601],[7.90754,44.75606],[7.9074,44.75604],[7.90743,44.75596],[7.90755,44.75588],[7.90762,44.75578],[7.90771,44.75569],[7.90765,44.75552],[7.90725,44.75537],[7.9054,44.75485],[7.9057,44.75451],[7.90586,44.75404],[7.90585,44.75355],[7.90558,44.75285],[7.90576,44.75275],[7.90579,44.75243],[7.9058,44.75215],[7.90586,44.75193],[7.90605,44.75162],[7.90633,44.7513],[7.90673,44.75111],[7.90711,44.75083],[7.90749,44.7506],[7.90794,44.75035],[7.90844,44.75008],[7.90874,44.74957],[7.90937,44.74903],[7.90891,44.74901],[7.90774,44.74891],[7.90823,44.74861],[7.90813,44.74828],[7.90798,44.74798],[7.9079,44.74767],[7.90846,44.74712],[7.90787,44.74664],[7.90632,44.74649],[7.90578,44.74652],[7.90514,44.74653],[7.90486,44.7463],[7.90504,44.74549],[7.90518,44.7449],[7.90513,44.74443],[7.90451,44.74394],[7.90348,44.74371],[7.90258,44.74393],[7.89994,44.74465],[7.89926,44.74495],[7.89888,44.74516],[7.89832,44.74537],[7.89713,44.7456],[7.89153,44.73961],[7.88802,44.73755],[7.88866,44.73662],[7.88883,44.73561],[7.88859,44.73311],[7.88829,44.73083],[7.88797,44.72989],[7.88724,44.72989],[7.88538,44.72987],[7.88479,44.72986],[7.88368,44.72954],[7.88229,44.72957],[7.88168,44.72984],[7.8806,44.72997],[7.88,44.72975],[7.8796,44.72906],[7.87952,44.72801],[7.87966,44.72708],[7.88028,44.72544],[7.88087,44.72383],[7.88104,44.723],[7.88121,44.72233],[7.87967,44.72222],[7.87857,44.72225],[7.8777,44.72274],[7.87681,44.72352],[7.87602,44.72431],[7.87464,44.72497],[7.87341,44.72531],[7.87122,44.72496],[7.86963,44.72456],[7.86811,44.72425],[7.86586,44.72366],[7.8639,44.72293],[7.86236,44.72245],[7.86128,44.72174],[7.85963,44.72035],[7.8584,44.7191],[7.85794,44.71842],[7.85659,44.71669],[7.85581,44.71566],[7.8559,44.71489],[7.85595,44.71411],[7.85617,44.71375],[7.85619,44.71333],[7.85627,44.71275],[7.85628,44.71218],[7.85638,44.71172],[7.85641,44.71131],[7.85625,44.71001],[7.85658,44.70899],[7.85702,44.70798],[7.85694,44.70786],[7.85583,44.70724],[7.85531,44.70677],[7.85456,44.70639],[7.85415,44.70636],[7.85371,44.70629],[7.85302,44.70596],[7.85212,44.70548],[7.85137,44.70514],[7.85062,44.70473],[7.85044,44.70461],[7.85033,44.70419],[7.85032,44.70367],[7.85023,44.70329],[7.85072,44.70266],[7.85139,44.70164],[7.85239,44.70152],[7.85309,44.70151],[7.85349,44.70106],[7.85402,44.70082],[7.85476,44.70011],[7.85559,44.69993],[7.85637,44.69988],[7.85664,44.69942],[7.85707,44.69881],[7.85728,44.69857],[7.85721,44.69836],[7.85706,44.69793],[7.85788,44.69681],[7.85809,44.69647],[7.85824,44.69614],[7.85814,44.69579],[7.85786,44.69539],[7.85765,44.69509],[7.85771,44.69462],[7.85788,44.69434],[7.85808,44.69387],[7.85804,44.69333],[7.85671,44.69268],[7.85476,44.6924],[7.8539,44.69217],[7.85358,44.692],[7.85337,44.69191],[7.85318,44.6918],[7.85297,44.69169],[7.85259,44.69146],[7.85206,44.69132],[7.85269,44.69065],[7.85437,44.68909],[7.85474,44.68867],[7.85496,44.6887],[7.85506,44.68876],[7.85517,44.68881],[7.85538,44.68879],[7.85546,44.68863],[7.85542,44.68845],[7.85578,44.68834],[7.85608,44.68828],[7.85611,44.68821],[7.8559,44.68798],[7.85596,44.6878],[7.85652,44.68803],[7.85688,44.68808],[7.85761,44.68807],[7.85828,44.68815],[7.85923,44.68835],[7.8599,44.68851],[7.86029,44.68837],[7.8605,44.68812],[7.86057,44.68787],[7.86171,44.68818],[7.86304,44.68851],[7.86389,44.68897],[7.86512,44.68964],[7.86565,44.69005],[7.86596,44.69027],[7.86641,44.69141],[7.8665,44.69227],[7.86675,44.69336],[7.86688,44.69406],[7.86763,44.69471],[7.86789,44.69503],[7.87045,44.69583],[7.87122,44.6962],[7.87283,44.69663],[7.87377,44.69709],[7.87624,44.69768],[7.87829,44.69805],[7.87958,44.69829],[7.88068,44.69815],[7.88267,44.69789],[7.89226,44.69652],[7.89681,44.69594],[7.9022,44.69517],[7.90665,44.69486],[7.91058,44.69453],[7.91068,44.69412],[7.91114,44.69373],[7.91178,44.69272],[7.91217,44.69243],[7.91269,44.69157],[7.91264,44.69089],[7.91287,44.69015],[7.91323,44.68939],[7.9134,44.68848],[7.91332,44.68785],[7.91372,44.68727],[7.91535,44.68705],[7.91548,44.68675],[7.91506,44.68598],[7.9144,44.68597],[7.91383,44.68567],[7.91274,44.68514],[7.91215,44.68467],[7.91223,44.6836],[7.91216,44.68165],[7.91205,44.67998],[7.91186,44.67939],[7.91086,44.67847],[7.90855,44.67712],[7.90661,44.67645],[7.90471,44.67601],[7.9035,44.67541],[7.9019,44.67487],[7.89997,44.67357],[7.89819,44.67236],[7.89839,44.67103],[7.89855,44.66988],[7.89858,44.66982],[7.89902,44.66981],[7.89974,44.66933],[7.90032,44.66937],[7.9021,44.66967],[7.90239,44.66964],[7.90297,44.66851],[7.9035,44.66796],[7.90443,44.66745],[7.90539,44.66714],[7.9059,44.66711],[7.90646,44.66722],[7.9068,44.66748],[7.908,44.6673],[7.90938,44.66716],[7.91038,44.66902],[7.91081,44.66999],[7.91072,44.67126],[7.91081,44.67183],[7.91181,44.67268],[7.91323,44.67331],[7.91371,44.67366],[7.91439,44.674],[7.91557,44.67435],[7.91508,44.67315],[7.91567,44.67255],[7.91598,44.67189],[7.91629,44.67125],[7.91617,44.66986],[7.91583,44.66976],[7.91586,44.66924],[7.91597,44.66876],[7.91598,44.66809],[7.91654,44.66694],[7.91658,44.66665],[7.91668,44.66523],[7.91703,44.66498],[7.91725,44.66438],[7.91752,44.66334],[7.91768,44.66227],[7.91957,44.66308],[7.92038,44.66316],[7.9219,44.66319],[7.92299,44.66333],[7.92486,44.66419],[7.92707,44.66488],[7.92977,44.66571],[7.93062,44.66647],[7.93121,44.66703],[7.93159,44.66766],[7.93235,44.66878],[7.93294,44.66923],[7.93335,44.66961],[7.93389,44.66995],[7.9342,44.66997],[7.93465,44.67022],[7.93525,44.67066],[7.93584,44.67233],[7.93596,44.6731],[7.93601,44.67358],[7.93602,44.67409],[7.93638,44.67449],[7.93677,44.6745],[7.93686,44.6747],[7.93779,44.67464],[7.93997,44.67542],[7.94064,44.67568],[7.94127,44.67592],[7.94203,44.67593],[7.94288,44.67571],[7.94419,44.67456],[7.94532,44.6746],[7.94637,44.67445],[7.9468,44.67406],[7.94741,44.6737],[7.94769,44.6735],[7.94793,44.67338],[7.94819,44.67349],[7.94858,44.67371],[7.94926,44.67382],[7.95085,44.67436],[7.95198,44.67463],[7.95237,44.67449],[7.95318,44.67458],[7.95336,44.67447],[7.95378,44.67434],[7.95474,44.6744],[7.95527,44.67355],[7.95561,44.67305],[7.95596,44.67258],[7.95632,44.67202],[7.95678,44.67159],[7.9576,44.6709],[7.95731,44.67079],[7.95713,44.67067],[7.95629,44.66978],[7.95588,44.66942],[7.95541,44.66907],[7.9552,44.66894],[7.95412,44.66862],[7.95353,44.6684],[7.95423,44.66805],[7.95532,44.66785],[7.95591,44.6676],[7.95637,44.66728],[7.95648,44.66716],[7.95646,44.66697],[7.95649,44.66697],[7.95677,44.66688],[7.95732,44.66643],[7.95757,44.6662],[7.95928,44.66545],[7.95966,44.66518],[7.95966,44.66516],[7.96042,44.66489],[7.96116,44.66447],[7.96169,44.66432],[7.9623,44.66419],[7.96291,44.66352],[7.96336,44.66309],[7.96402,44.66282],[7.96501,44.66281],[7.96599,44.66332],[7.96726,44.66399],[7.96883,44.66452],[7.96786,44.66644],[7.97006,44.66689],[7.97103,44.66567],[7.97149,44.66586],[7.97265,44.66673],[7.97319,44.66638],[7.97427,44.66551],[7.97386,44.66524],[7.97362,44.66492],[7.9738,44.66462],[7.97479,44.66468],[7.9754,44.66475],[7.97587,44.66469],[7.97567,44.66384],[7.97466,44.66355],[7.97429,44.66363],[7.97376,44.66371],[7.97002,44.66285],[7.97005,44.66237],[7.97014,44.66185],[7.96995,44.66154],[7.96984,44.66097],[7.96964,44.66056],[7.96951,44.66054],[7.96933,44.66074],[7.96903,44.66106],[7.96876,44.66116],[7.96811,44.66118],[7.96759,44.66108],[7.9676,44.66072],[7.96785,44.6603],[7.96751,44.66013],[7.96676,44.65989],[7.96665,44.65961],[7.96673,44.65925],[7.96711,44.65915],[7.96759,44.65951],[7.96781,44.65994],[7.96827,44.65994],[7.9685,44.65959],[7.9687,44.65898],[7.96897,44.65868],[7.96903,44.65845],[7.96891,44.6584],[7.96847,44.65825],[7.96811,44.65791],[7.96801,44.65758],[7.96772,44.65714],[7.96783,44.65693],[7.96824,44.65678],[7.96854,44.65662],[7.96864,44.65628],[7.9685,44.65597],[7.96824,44.65581],[7.96806,44.65585],[7.96796,44.65602],[7.96787,44.65622],[7.96759,44.65631],[7.96743,44.65616],[7.96697,44.65575],[7.96758,44.65481],[7.96825,44.65442],[7.97052,44.65403],[7.97226,44.65383],[7.97294,44.65384],[7.97673,44.65433],[7.97705,44.65555],[7.9777,44.65858],[7.97839,44.6613],[7.97863,44.66244],[7.9794,44.66386],[7.98145,44.66692],[7.98282,44.66895],[7.98409,44.66895],[7.98702,44.66891],[7.98697,44.66861],[7.98659,44.66834],[7.988,44.66744],[7.98898,44.66699],[7.99064,44.66572],[7.99254,44.66401],[7.99316,44.66339],[7.99364,44.66325],[7.9952,44.66345],[7.9953,44.66374],[7.99511,44.66419],[7.99476,44.66469],[7.99487,44.66507],[7.99508,44.66504],[7.99552,44.66459],[7.99607,44.66368],[7.99663,44.66309],[7.99829,44.66281],[7.99914,44.66229],[8.00024,44.66184],[8.00121,44.66159],[8.00216,44.66137],[8.00285,44.66111],[8.00346,44.66073],[8.00372,44.66037],[8.0038,44.65992],[8.00391,44.6596],[8.00382,44.65902],[8.00414,44.65845],[8.00434,44.65807],[8.00449,44.6579],[8.00462,44.65773],[8.00469,44.65749],[8.00478,44.65723],[8.00463,44.65687],[8.00428,44.65608],[8.00456,44.65603],[8.00478,44.65553],[8.00564,44.65511],[8.00635,44.65466],[8.00735,44.65386],[8.00807,44.65315],[8.00714,44.65279],[8.00602,44.65245],[8.00568,44.65244],[8.00553,44.65258],[8.00536,44.65267],[8.00529,44.65263],[8.00432,44.65222],[8.00366,44.65192],[8.00269,44.65175],[8.00181,44.6518],[8.00154,44.65192],[8.00132,44.65202],[8.00088,44.65198],[8.00034,44.65182],[8.00011,44.65175],[7.99969,44.65181],[7.99921,44.65177],[7.99838,44.65149],[7.99805,44.65114],[7.99776,44.65084],[7.99704,44.65043],[7.9958,44.6501],[7.99505,44.65005],[7.99399,44.64951],[7.99373,44.64946],[7.99431,44.64913],[7.99461,44.64886],[7.99467,44.64868],[7.99469,44.6484],[7.99468,44.6481],[7.99475,44.64798],[7.99483,44.64783],[7.99493,44.64755],[7.995,44.64727],[7.99491,44.64713],[7.99455,44.64696],[7.99424,44.64682],[7.99413,44.64671],[7.99413,44.64647],[7.99416,44.64618],[7.99396,44.64598],[7.99377,44.64577],[7.99367,44.64564],[7.99354,44.64541],[7.9934,44.64511],[7.99354,44.64482],[7.99367,44.6447],[7.9936,44.64446],[7.99355,44.64431],[7.99372,44.64394],[7.99389,44.64379],[7.99452,44.64362],[7.99518,44.64369],[7.99592,44.64356],[7.99642,44.64336],[7.99688,44.643],[7.99722,44.64274],[7.99745,44.64249],[7.99755,44.6423],[7.99747,44.64209],[7.99735,44.64169],[7.99728,44.64153],[7.99707,44.64138],[7.99703,44.64126],[7.99709,44.64111],[7.99738,44.64073],[7.9986,44.63967],[7.99928,44.63903],[7.99956,44.63872],[7.99982,44.63847],[8.00003,44.63811],[8.00026,44.63786],[8.00061,44.63761],[8.00095,44.63766],[8.00128,44.63782],[8.00181,44.63784],[8.00278,44.63763],[8.00386,44.63723],[8.00422,44.63704],[8.00442,44.63654],[8.00464,44.63608],[8.00462,44.63569],[8.00462,44.63537],[8.00462,44.635],[8.0046,44.63477],[8.00458,44.63449],[8.00472,44.63399],[8.00504,44.63366],[8.00516,44.6337],[8.0055,44.63348],[8.00633,44.63281],[8.00721,44.63249],[8.00755,44.63233],[8.0077,44.63161],[8.00771,44.63118],[8.00763,44.63064],[8.00761,44.63023],[8.0077,44.62943],[8.00779,44.62918],[8.00836,44.62856],[8.00853,44.6283],[8.00861,44.62803],[8.0082,44.62737],[8.0083,44.62703],[8.00847,44.62658],[8.00853,44.62614],[8.00851,44.6259],[8.00822,44.62558],[8.00776,44.62537],[8.0076,44.62527],[8.00745,44.62497],[8.00748,44.62479],[8.00727,44.62449],[8.00728,44.62448],[8.00707,44.62441],[8.00676,44.62427],[8.00636,44.62374],[8.00633,44.62314],[8.00634,44.62299],[8.00643,44.62286],[8.00677,44.62249],[8.00685,44.62236],[8.00712,44.62201],[8.00718,44.62185],[8.00712,44.62053],[8.0072,44.62023],[8.00737,44.62011],[8.00753,44.62001],[8.00848,44.61988],[8.00895,44.61982],[8.00914,44.61977],[8.00932,44.6197],[8.00984,44.61945],[8.01121,44.61856],[8.0115,44.6183],[8.01141,44.61801],[8.01125,44.6179],[8.0105,44.6182],[8.01027,44.61823],[8.01006,44.61817],[8.00992,44.61809],[8.00943,44.6176],[8.00954,44.61741],[8.00975,44.61716],[8.00987,44.61698],[8.00979,44.61609],[8.00981,44.61567],[8.0099,44.61556],[8.0104,44.61525],[8.01142,44.61485],[8.01153,44.61475],[8.01158,44.6146],[8.01155,44.61441],[8.01114,44.61374],[8.01089,44.61322],[8.01077,44.61291],[8.01081,44.6126],[8.01093,44.61218],[8.01072,44.61202],[8.01003,44.61173],[8.00907,44.61147],[8.00872,44.61135],[8.00854,44.61125],[8.00784,44.61072],[8.00737,44.61043],[8.00706,44.61028],[8.00627,44.61006],[8.00602,44.60983],[8.00571,44.60962],[8.00546,44.60936],[8.00526,44.60913],[8.00484,44.6088],[8.00465,44.60809],[8.00443,44.60781],[8.00431,44.60755],[8.00421,44.60741],[8.00392,44.6072],[8.00373,44.60662],[8.00366,44.60636],[8.00354,44.60604],[8.00354,44.6059],[8.00433,44.60522],[8.00454,44.60498],[8.00491,44.60463],[8.00527,44.60427],[8.0056,44.6039],[8.00581,44.60364],[8.00669,44.60295],[8.00688,44.60271],[8.00698,44.60255],[8.00704,44.60238],[8.00708,44.60221],[8.00706,44.60188],[8.00639,44.6002],[8.00629,44.60004],[8.00625,44.59946],[8.00629,44.59902],[8.00658,44.59844],[8.00675,44.59819],[8.00758,44.59744],[8.00894,44.59655],[8.00985,44.596],[8.00998,44.59576],[8.00985,44.59517],[8.00898,44.59367],[8.00874,44.59339],[8.00836,44.59301],[8.00829,44.5928],[8.00821,44.59245],[8.00795,44.5924],[8.00678,44.59173],[8.00618,44.59108],[8.00608,44.59075],[8.00597,44.58918],[8.00605,44.58889],[8.00585,44.58848],[8.00541,44.58821],[8.00458,44.58777],[8.00426,44.58741],[8.00316,44.58639],[8.0026,44.58643],[8.0023,44.58651],[8.00193,44.58652],[8.00089,44.58649],[8.00031,44.58665],[7.99985,44.58668],[7.99951,44.5868],[7.99896,44.58715],[7.99849,44.5869],[7.99827,44.58642],[7.99799,44.5858],[7.99768,44.58542],[7.99751,44.585],[7.99743,44.58467],[7.99697,44.58413],[7.99601,44.58358],[7.99545,44.5832],[7.99499,44.58279],[7.99413,44.58234],[7.99354,44.58216],[7.99314,44.58209],[7.99217,44.58156],[7.99135,44.58122],[7.99066,44.58078],[7.98973,44.58046],[7.98772,44.58015],[7.98692,44.57988],[7.98641,44.57945],[7.98618,44.57902],[7.98593,44.57834],[7.98586,44.57773],[7.98566,44.5775],[7.9846,44.57721],[7.984,44.57702],[7.98314,44.57696],[7.98157,44.57682],[7.98127,44.57761],[7.98127,44.57791],[7.98221,44.57921],[7.9823,44.57968],[7.98209,44.5802],[7.98166,44.58077],[7.98129,44.58097],[7.98079,44.58127],[7.98031,44.58167],[7.97901,44.58186],[7.97746,44.58178],[7.97704,44.58202],[7.9768,44.58222],[7.97633,44.58223],[7.97605,44.58204],[7.97583,44.58155],[7.97523,44.58123],[7.97298,44.58036],[7.97187,44.58013],[7.97153,44.58029],[7.97037,44.58127],[7.96963,44.58187],[7.9686,44.58289],[7.96802,44.58291],[7.9663,44.58324],[7.96541,44.5831],[7.96437,44.58284],[7.96383,44.58266],[7.9633,44.58267],[7.96268,44.58276],[7.96192,44.58264],[7.96153,44.5826],[7.96119,44.58238],[7.96114,44.5822],[7.96117,44.58191],[7.96059,44.58161],[7.96006,44.58156],[7.95965,44.58144],[7.95892,44.58138],[7.95872,44.58124],[7.95817,44.58078],[7.95786,44.58061],[7.95755,44.58014],[7.95749,44.57965],[7.95709,44.5793],[7.95669,44.57906],[7.95611,44.57861],[7.95559,44.57836],[7.95504,44.57815],[7.95468,44.57798],[7.95409,44.57792],[7.95352,44.57796],[7.95284,44.57823],[7.95242,44.57828],[7.95168,44.5785],[7.95079,44.57888],[7.94997,44.57924],[7.94991,44.57928],[7.9483,44.57931],[7.94759,44.57933],[7.94661,44.57933],[7.94581,44.57899],[7.94534,44.57866],[7.94517,44.57815],[7.94498,44.57792],[7.94489,44.57744],[7.94471,44.57699],[7.94415,44.57648],[7.94402,44.57618],[7.94403,44.57547],[7.94397,44.57475],[7.94371,44.57452],[7.94325,44.57431],[7.94276,44.57401],[7.94168,44.57315],[7.94094,44.57253],[7.94055,44.57232],[7.94007,44.57232],[7.93951,44.57227],[7.93909,44.5722],[7.93863,44.57222],[7.93861,44.57239],[7.93831,44.57275],[7.93797,44.57309],[7.93738,44.57333],[7.93689,44.57356],[7.93643,44.57364],[7.93602,44.57375],[7.93547,44.574],[7.93514,44.57442],[7.93485,44.57482],[7.93481,44.57521],[7.93474,44.57662],[7.93466,44.57765],[7.93443,44.57856],[7.93413,44.58058],[7.93405,44.5807],[7.93373,44.58081],[7.93308,44.58092],[7.93248,44.58105],[7.9323,44.58122],[7.93205,44.58141],[7.93159,44.58163],[7.93125,44.5816],[7.93078,44.58119],[7.92975,44.5805],[7.92916,44.58003],[7.92864,44.57964],[7.92808,44.57952],[7.92669,44.57945],[7.92579,44.57928],[7.92491,44.57926],[7.92435,44.58004],[7.92396,44.581],[7.92323,44.58184],[7.92253,44.58258],[7.92162,44.58327],[7.92161,44.58405],[7.9219,44.58541],[7.92213,44.5859],[7.92373,44.58665],[7.9244,44.58701],[7.92464,44.58701],[7.92477,44.58683],[7.92475,44.58668],[7.92451,44.58641],[7.92454,44.58625],[7.92491,44.58612],[7.92533,44.58631],[7.92599,44.58688],[7.92609,44.58777],[7.92623,44.58824],[7.92628,44.58825],[7.92649,44.58829],[7.92637,44.5888],[7.92583,44.59001],[7.92588,44.59013],[7.92557,44.59118],[7.9246,44.59195],[7.92498,44.59231],[7.92517,44.59299],[7.92504,44.59308],[7.92455,44.5932],[7.92333,44.59353],[7.92278,44.59433],[7.92203,44.59516],[7.92079,44.59615],[7.92054,44.59656],[7.91999,44.59711],[7.91965,44.59742],[7.91907,44.59786],[7.91897,44.59804],[7.91909,44.59827],[7.91904,44.59839],[7.91769,44.59882],[7.91657,44.59888],[7.9165,44.59928],[7.91705,44.60016],[7.91677,44.60035],[7.91416,44.60053],[7.91381,44.60062],[7.9134,44.60134],[7.91291,44.60225],[7.91186,44.60343],[7.91025,44.60253],[7.90902,44.6018],[7.90464,44.59931],[7.90419,44.59902],[7.90425,44.59889],[7.90204,44.59778],[7.90044,44.59732],[7.89951,44.59696],[7.89896,44.59676],[7.89844,44.59655],[7.89521,44.59587],[7.89508,44.5958],[7.89591,44.59474],[7.89621,44.59394],[7.8961,44.59247],[7.89608,44.5909],[7.89635,44.58959],[7.89769,44.58782],[7.89996,44.58638],[7.90346,44.5845],[7.90581,44.58317],[7.90872,44.5816],[7.91024,44.58074],[7.91177,44.57971],[7.91429,44.57768],[7.91579,44.57628],[7.91616,44.57607],[7.91651,44.57577],[7.91685,44.57544],[7.91728,44.57473],[7.91821,44.57477],[7.91957,44.57489],[7.92106,44.57504],[7.9215,44.575],[7.92215,44.57486],[7.92281,44.57475],[7.92452,44.57452],[7.92477,44.57443],[7.9247,44.57426],[7.9245,44.5742],[7.92447,44.57406],[7.92486,44.57414],[7.92518,44.57417],[7.92562,44.57412],[7.92629,44.57394],[7.92652,44.57387],[7.92777,44.57342],[7.92869,44.57282],[7.92905,44.57305],[7.92999,44.57189],[7.93083,44.57232],[7.93152,44.57111],[7.93343,44.57046],[7.93389,44.57026],[7.93513,44.56947],[7.93543,44.56934],[7.93577,44.56923],[7.9362,44.56908],[7.93658,44.56888],[7.93669,44.56875],[7.93661,44.56825],[7.93639,44.56755],[7.9365,44.56743],[7.93741,44.56715],[7.93778,44.56706],[7.9382,44.5671],[7.93833,44.56715],[7.93849,44.56711],[7.93882,44.56592],[7.93906,44.56572],[7.94075,44.56443],[7.94077,44.56444],[7.94175,44.56468],[7.94216,44.56487],[7.94301,44.56516],[7.94344,44.56522],[7.94409,44.56524],[7.94428,44.56521],[7.94481,44.56528],[7.9454,44.5654],[7.94594,44.56541],[7.94612,44.56551],[7.94634,44.56568],[7.94716,44.56636],[7.94737,44.56645],[7.94804,44.56655],[7.94864,44.56652],[7.94923,44.56644],[7.95,44.56597],[7.95041,44.56568],[7.95102,44.56529],[7.95129,44.56506],[7.95167,44.56498],[7.95228,44.56497],[7.95292,44.56503],[7.95356,44.56495],[7.95399,44.5647],[7.95443,44.56451],[7.95518,44.56435],[7.95565,44.5642],[7.95614,44.56397],[7.95646,44.56374],[7.95685,44.56338],[7.95712,44.56327],[7.95774,44.56312],[7.9593,44.56283],[7.95988,44.56256],[7.96065,44.56213],[7.96099,44.56191],[7.9621,44.56105],[7.96272,44.56103],[7.96337,44.56102],[7.96372,44.56119],[7.964,44.56138],[7.96416,44.56154],[7.96411,44.56177],[7.96372,44.563],[7.96399,44.56329],[7.96472,44.5633],[7.96503,44.56327],[7.96549,44.56314],[7.96562,44.56307],[7.96929,44.56045],[7.97005,44.55995],[7.97096,44.55924],[7.9712,44.55912],[7.97143,44.55913],[7.97168,44.55934],[7.9717,44.55939],[7.97174,44.55951],[7.97176,44.55997],[7.97172,44.56015],[7.97192,44.56049],[7.9721,44.56072],[7.97249,44.56095],[7.97278,44.56106],[7.973,44.56128],[7.97306,44.56138],[7.97309,44.56149],[7.97298,44.56178],[7.97295,44.56206],[7.97296,44.56217],[7.97305,44.56234],[7.97327,44.56255],[7.97357,44.56273],[7.9739,44.56287],[7.975,44.56291],[7.97573,44.56287],[7.97632,44.56277],[7.97696,44.56248],[7.97781,44.56224],[7.9781,44.56208],[7.97839,44.56205],[7.97889,44.56203],[7.97943,44.56203],[7.97959,44.56195],[7.97983,44.56172],[7.98004,44.56126],[7.98008,44.56099],[7.98117,44.56018],[7.98156,44.55992],[7.98213,44.55957],[7.98233,44.5594],[7.98265,44.55915],[7.98434,44.55858],[7.98458,44.55856],[7.98492,44.55863],[7.98488,44.55953],[7.98543,44.55974],[7.98581,44.55985],[7.9861,44.55971],[7.98634,44.5595],[7.98686,44.55889],[7.98794,44.55818],[7.98823,44.55813],[7.98858,44.55824],[7.98939,44.55825],[7.98991,44.55822],[7.99063,44.55827],[7.99102,44.55835],[7.9914,44.55837],[7.99156,44.5583],[7.99175,44.55813],[7.99218,44.55735],[7.99238,44.55717],[7.99251,44.55717],[7.9925,44.55722],[7.99277,44.55751],[7.99323,44.55813],[7.99404,44.55907],[7.99433,44.55943],[7.99444,44.56003],[7.99463,44.5603],[7.99479,44.56041],[7.99528,44.56115],[7.99551,44.56135],[7.99796,44.56161],[7.99895,44.56133],[7.99938,44.56136],[7.99967,44.56146],[7.99974,44.5616],[7.99973,44.56174],[7.99943,44.5621],[7.99939,44.56228],[7.99942,44.56256],[7.99968,44.56318],[8.00022,44.56364],[8.0007,44.56498],[8.00076,44.56526],[8.00064,44.56569],[8.00045,44.56598],[8.00007,44.56643],[7.99999,44.56659],[7.99999,44.567],[8.00003,44.56727],[8.00016,44.56738],[8.00066,44.5676],[8.00103,44.56781],[8.00136,44.56805],[8.00174,44.56829],[8.00191,44.56852],[8.00228,44.56905],[8.00247,44.56916],[8.00298,44.56931],[8.00332,44.56951],[8.00338,44.56961],[8.00289,44.57027],[8.00258,44.57058],[8.00254,44.57077],[8.0026,44.57121],[8.00263,44.57179],[8.0026,44.5721],[8.00249,44.57236],[8.00242,44.57265],[8.00243,44.57305],[8.00251,44.5734],[8.00262,44.57371],[8.00297,44.57438],[8.00313,44.5746],[8.00381,44.57536],[8.00444,44.57603],[8.00474,44.57639],[8.00524,44.57756],[8.00519,44.57799],[8.00515,44.57808],[8.00522,44.5782],[8.00662,44.57879],[8.00699,44.57876],[8.00731,44.57873],[8.00816,44.5781],[8.00834,44.57811],[8.01098,44.57872],[8.01154,44.57873],[8.01188,44.57864],[8.01217,44.57866],[8.01313,44.57916],[8.01369,44.5794],[8.01395,44.5797],[8.01397,44.58149],[8.01421,44.58211],[8.01406,44.5824],[8.01326,44.58318],[8.01286,44.58382],[8.01268,44.58474],[8.01265,44.58512],[8.01286,44.58522],[8.01368,44.58532],[8.01459,44.58567],[8.01487,44.58575],[8.01552,44.5858],[8.01575,44.58587],[8.01601,44.58611],[8.01624,44.5861],[8.01683,44.58612],[8.01717,44.58615],[8.01953,44.58602],[8.02085,44.58601],[8.02129,44.58605],[8.02153,44.58612],[8.02169,44.58612],[8.02198,44.58614],[8.02229,44.58626],[8.02259,44.58652],[8.02279,44.58673],[8.023,44.58703],[8.02311,44.58733],[8.02329,44.58753],[8.02343,44.58774],[8.02339,44.58794],[8.02339,44.58808],[8.02353,44.5882],[8.02371,44.58828],[8.02392,44.58845],[8.02416,44.58947],[8.02426,44.58983],[8.0243,44.59038],[8.02458,44.59056],[8.02522,44.59085],[8.02603,44.59112],[8.02811,44.59206],[8.02867,44.59232],[8.02929,44.59268],[8.03156,44.59405],[8.03187,44.59428],[8.03226,44.59441],[8.03271,44.59452],[8.0333,44.59469],[8.0345,44.59485],[8.03506,44.59496],[8.03534,44.59504],[8.03573,44.59496],[8.03591,44.59481],[8.0362,44.59459],[8.03627,44.59453],[8.03641,44.59453],[8.03696,44.59479],[8.03794,44.59465],[8.03831,44.59446],[8.03845,44.59429],[8.03848,44.59416],[8.03877,44.59398],[8.03918,44.59423],[8.03941,44.59429],[8.03999,44.5943],[8.04032,44.59409],[8.04051,44.59393],[8.04062,44.59383],[8.0408,44.59374],[8.04093,44.59371],[8.04107,44.59373],[8.04132,44.59389],[8.04148,44.59403],[8.04196,44.59435],[8.04235,44.59444],[8.0431,44.59433],[8.0434,44.59431],[8.04362,44.59423],[8.04383,44.59442],[8.04413,44.59453],[8.04438,44.59452],[8.04403,44.59485],[8.04298,44.59554],[8.04211,44.59605],[8.04212,44.59649],[8.04262,44.59656],[8.04303,44.59669],[8.04392,44.59715],[8.04491,44.59758],[8.04554,44.59782],[8.04621,44.59795],[8.04641,44.59812],[8.04674,44.59845],[8.0472,44.59902],[8.04762,44.59951],[8.04796,44.60051],[8.04812,44.6009],[8.04844,44.60108],[8.04898,44.60133],[8.04904,44.60143],[8.04902,44.60189],[8.04904,44.60235],[8.04892,44.60246],[8.04812,44.60257],[8.04791,44.60266],[8.04761,44.60322],[8.04737,44.60377],[8.04691,44.60522],[8.04681,44.60552],[8.04792,44.60588],[8.0483,44.60598],[8.0487,44.60603],[8.0489,44.60604],[8.04927,44.60609],[8.04951,44.60607],[8.05055,44.60605],[8.05093,44.60614],[8.05113,44.6061],[8.05214,44.60595],[8.05252,44.60583],[8.05275,44.60603],[8.05318,44.60654],[8.05328,44.60668],[8.05317,44.60698],[8.05305,44.60756],[8.05289,44.60822],[8.05317,44.60936],[8.05289,44.60938],[8.0525,44.60946],[8.05233,44.60945],[8.05214,44.60947],[8.05215,44.6105],[8.05209,44.6108],[8.0503,44.61295],[8.0501,44.61307],[8.04971,44.61306],[8.0491,44.61267],[8.04892,44.61265],[8.04829,44.61267],[8.04814,44.61262],[8.04776,44.61225],[8.04741,44.6121],[8.04662,44.61156],[8.04646,44.61129],[8.04638,44.61101],[8.04627,44.61091],[8.04585,44.61085],[8.04522,44.61083],[8.04502,44.61087],[8.04445,44.61102],[8.04201,44.61195],[8.04185,44.61194],[8.0417,44.61183],[8.04154,44.61164],[8.04075,44.61061],[8.04063,44.61052],[8.04013,44.61002],[8.03986,44.60978],[8.03971,44.6097],[8.03952,44.60962],[8.03931,44.60956],[8.03913,44.60963],[8.03877,44.60981],[8.03546,44.61131],[8.03503,44.61163],[8.03492,44.61173],[8.03426,44.61205],[8.03403,44.61209],[8.0338,44.61238],[8.03363,44.61245],[8.03342,44.61245],[8.03301,44.61255],[8.03264,44.61273],[8.03232,44.61294],[8.03219,44.61309],[8.03212,44.61346],[8.03153,44.61411],[8.03138,44.61433],[8.03076,44.61473],[8.03019,44.61498],[8.02976,44.61505],[8.02958,44.61522],[8.02947,44.61549],[8.02924,44.61622],[8.02891,44.61662],[8.02817,44.61682],[8.02737,44.61724],[8.027,44.61735],[8.02661,44.61745],[8.0256,44.61818],[8.0254,44.61827],[8.02516,44.6185],[8.02454,44.6189],[8.02438,44.61897],[8.02411,44.61921],[8.02386,44.61939],[8.02438,44.61969],[8.02586,44.62008],[8.0261,44.62031],[8.02646,44.62046],[8.02677,44.62042],[8.02732,44.62032],[8.0288,44.62044],[8.02928,44.62044],[8.02958,44.62048],[8.03029,44.62049],[8.03084,44.62053],[8.03109,44.62035],[8.0315,44.62032],[8.0317,44.62039],[8.03304,44.62048],[8.03412,44.62139],[8.03489,44.62189],[8.03552,44.62186],[8.03635,44.6219],[8.03711,44.62208],[8.03773,44.62234],[8.03805,44.62238],[8.03837,44.6222],[8.03865,44.62183],[8.03923,44.62164],[8.04018,44.62144],[8.04107,44.62124],[8.04156,44.62102],[8.04246,44.62059],[8.04293,44.62045],[8.04369,44.6202],[8.04423,44.61996],[8.04462,44.6199],[8.04511,44.61988],[8.04567,44.61954],[8.04582,44.61967],[8.04581,44.62038],[8.04556,44.6211],[8.04501,44.62131],[8.04445,44.62162],[8.04403,44.62206],[8.04358,44.62265],[8.04333,44.62321],[8.04303,44.62384],[8.04273,44.62418],[8.04226,44.62456],[8.04168,44.62484],[8.04136,44.62493],[8.04148,44.6253],[8.04072,44.62563],[8.04024,44.62583],[8.0395,44.62593],[8.03864,44.62632],[8.03803,44.62658],[8.03717,44.62672],[8.0368,44.62694],[8.03613,44.62762],[8.03581,44.62828],[8.03555,44.62885],[8.03522,44.62935],[8.03515,44.62965],[8.03488,44.63007],[8.03412,44.63106],[8.03374,44.6314],[8.03385,44.63148],[8.0353,44.63295],[8.03545,44.63303],[8.03568,44.63304],[8.03609,44.63305],[8.03671,44.63302],[8.03733,44.63305],[8.03752,44.63311],[8.03758,44.63328],[8.03774,44.63343],[8.03788,44.63348],[8.03803,44.63361],[8.03824,44.63418],[8.03825,44.63464],[8.03828,44.6351],[8.03833,44.63566],[8.03842,44.63625],[8.03843,44.63652],[8.03841,44.63712],[8.03834,44.63756],[8.03845,44.63769],[8.03871,44.63775],[8.03912,44.6378],[8.03954,44.63789],[8.04015,44.63805],[8.04049,44.63817],[8.04084,44.63838],[8.0411,44.63857],[8.04133,44.63901],[8.04144,44.63915],[8.04184,44.63926],[8.04203,44.63934],[8.04235,44.63959],[8.04273,44.63969],[8.04297,44.63994],[8.04326,44.6402],[8.04358,44.64039],[8.04374,44.64067],[8.04386,44.64097],[8.044,44.64168],[8.04417,44.64212],[8.04448,44.64312],[8.04476,44.64349],[8.04544,44.64386],[8.04502,44.64438],[8.04501,44.64452],[8.04507,44.64462],[8.04535,44.64474],[8.04553,44.64518],[8.04554,44.64592],[8.04585,44.64679],[8.04623,44.64747],[8.04634,44.64776],[8.04636,44.64802],[8.0463,44.64832],[8.04697,44.6489],[8.04715,44.64902],[8.0474,44.64929],[8.04771,44.64965],[8.04813,44.65019],[8.04845,44.65067],[8.04856,44.65092],[8.04893,44.65088],[8.04994,44.65045],[8.05032,44.65024],[8.05115,44.65002],[8.05178,44.64977],[8.05311,44.64934],[8.05448,44.6491],[8.05463,44.64902],[8.05454,44.64902],[8.05461,44.64893],[8.05477,44.64884],[8.0551,44.64871],[8.05597,44.64807],[8.0563,44.64786],[8.05658,44.64764],[8.05683,44.64741],[8.05695,44.64713],[8.05701,44.64686],[8.05703,44.64661],[8.05663,44.64626],[8.05645,44.64597],[8.05623,44.64542],[8.05614,44.64526],[8.05618,44.6451],[8.05651,44.64471],[8.05689,44.64461],[8.05766,44.64438],[8.05804,44.64432],[8.05905,44.6444],[8.05942,44.64436],[8.05963,44.64411],[8.05989,44.64414],[8.06068,44.64395],[8.061,44.64418],[8.06166,44.64382],[8.06197,44.64362],[8.06229,44.64344],[8.06326,44.64287],[8.0636,44.6427],[8.06375,44.6426],[8.06392,44.64254],[8.06475,44.64256],[8.06494,44.64255],[8.06526,44.64239],[8.06754,44.64089],[8.06877,44.64014],[8.0701,44.63936],[8.0705,44.63913],[8.07152,44.63861],[8.0725,44.6381],[8.07558,44.6364],[8.07587,44.63622],[8.07614,44.63601],[8.07689,44.63529],[8.0773,44.63496],[8.07755,44.63472],[8.07844,44.6341],[8.07862,44.6341],[8.0811,44.63588],[8.08097,44.63612],[8.08077,44.63637],[8.08015,44.63697],[8.08007,44.63708],[8.07996,44.63737],[8.0796,44.63788],[8.07951,44.63797],[8.07912,44.63811],[8.07905,44.63838],[8.07875,44.63856],[8.07868,44.6387],[8.07865,44.63884],[8.07866,44.63899],[8.07862,44.63914],[8.07852,44.63924],[8.07851,44.63939],[8.07854,44.63967],[8.0786,44.63984],[8.07932,44.63993],[8.08015,44.63987],[8.08053,44.63978],[8.08206,44.63933],[8.08229,44.63921],[8.08272,44.63901],[8.08309,44.63878],[8.08418,44.63804],[8.08431,44.63807],[8.08555,44.63868],[8.08589,44.63874],[8.08652,44.6388],[8.0873,44.63908],[8.08918,44.63982],[8.08972,44.64],[8.09028,44.64008],[8.09085,44.64042],[8.09211,44.64125],[8.09247,44.64162],[8.09277,44.64183],[8.09298,44.64204],[8.09372,44.64307],[8.09394,44.64328],[8.09411,44.64349],[8.09429,44.64387],[8.0947,44.64419],[8.0949,44.64437],[8.09524,44.64492],[8.09501,44.64513],[8.09464,44.64568],[8.09375,44.64579],[8.09362,44.64588],[8.09357,44.64604],[8.09355,44.64627],[8.09338,44.64644],[8.09315,44.64648],[8.09279,44.64662],[8.09269,44.64669],[8.09255,44.64698],[8.09235,44.64699],[8.09209,44.64702],[8.0916,44.64732],[8.09153,44.64741],[8.09135,44.64751],[8.091,44.64762],[8.09023,44.64789],[8.09008,44.64812],[8.09009,44.64828],[8.0902,44.64858],[8.09017,44.6488],[8.08984,44.64902],[8.08964,44.6491],[8.08921,44.6491],[8.08884,44.64964],[8.089,44.64991],[8.08914,44.6502],[8.08946,44.65075],[8.09066,44.65124],[8.09104,44.65135],[8.09142,44.65144],[8.09195,44.65187],[8.09218,44.65197],[8.09256,44.65205],[8.09292,44.65215],[8.09339,44.65247],[8.0942,44.6527],[8.0944,44.65279],[8.09466,44.653],[8.09506,44.65311],[8.09521,44.65319],[8.09549,44.65337],[8.09555,44.65386],[8.09555,44.65414],[8.09551,44.65444],[8.09544,44.65467],[8.09535,44.65486],[8.09532,44.65513],[8.0953,44.65557],[8.0953,44.65617],[8.0953,44.65634],[8.09534,44.65648],[8.09553,44.65676],[8.09577,44.65703],[8.09607,44.65722],[8.09642,44.65742],[8.09741,44.65761],[8.0976,44.65766],[8.09793,44.65785],[8.0981,44.65792],[8.09825,44.65801],[8.09732,44.659],[8.09704,44.65922],[8.09686,44.65931],[8.09623,44.65936],[8.09557,44.65958],[8.09497,44.66002],[8.09466,44.6604],[8.09429,44.66072],[8.09391,44.66086],[8.09353,44.66095],[8.09321,44.6611],[8.09309,44.66125],[8.09295,44.66133],[8.09228,44.66165],[8.09187,44.66197],[8.09146,44.66234],[8.09114,44.66271],[8.09075,44.66338],[8.09074,44.66354],[8.09067,44.66368],[8.09047,44.66395],[8.09036,44.66423],[8.09029,44.66454],[8.09019,44.66465],[8.08956,44.66472],[8.0892,44.6649],[8.08887,44.66508],[8.08826,44.66547],[8.08816,44.66556],[8.08774,44.66579],[8.08753,44.66581],[8.08694,44.66605],[8.08635,44.66645],[8.086,44.66658],[8.08585,44.66687],[8.08542,44.66721],[8.08532,44.66732],[8.0853,44.66749],[8.08534,44.6675],[8.08531,44.66788],[8.08533,44.66809],[8.08548,44.66828],[8.08596,44.66827],[8.0864,44.66839],[8.08716,44.66819],[8.08768,44.66795],[8.08831,44.66794],[8.08899,44.66797],[8.08974,44.66816],[8.09052,44.6685],[8.09101,44.66882],[8.09164,44.6689],[8.09244,44.66928],[8.09191,44.66967],[8.0912,44.66995],[8.09054,44.67029],[8.09012,44.67062],[8.09112,44.67061],[8.0919,44.67062],[8.09221,44.67072],[8.09353,44.67075],[8.09367,44.67127],[8.09398,44.67138],[8.09386,44.67179],[8.0939,44.67195],[8.09436,44.67231],[8.0946,44.67299],[8.09459,44.67356],[8.09445,44.67402],[8.09415,44.67463],[8.09406,44.67546],[8.09376,44.6759],[8.09358,44.67619],[8.09288,44.67667],[8.09229,44.67708],[8.09211,44.67742],[8.09239,44.67781],[8.09293,44.6784],[8.0928,44.67892],[8.09262,44.67915],[8.09212,44.67968],[8.09172,44.68026],[8.09127,44.6811],[8.0905,44.68167],[8.09002,44.68213],[8.08987,44.68265],[8.08994,44.68303],[8.0901,44.68391],[8.09067,44.6848],[8.09058,44.68568],[8.09089,44.68694],[8.09095,44.68752],[8.09025,44.68818],[8.08992,44.68835],[8.08902,44.68858],[8.08789,44.68873],[8.08767,44.68878],[8.0872,44.68898],[8.08716,44.68883],[8.08742,44.6885],[8.08775,44.68813],[8.08728,44.68823],[8.0868,44.68838],[8.08552,44.68822],[8.084,44.68824],[8.08342,44.68848],[8.08309,44.68846],[8.08258,44.68858],[8.08138,44.68891],[8.0808,44.68872],[8.0803,44.68848],[8.07871,44.68861],[8.07794,44.68881],[8.07648,44.68918],[8.07533,44.68908],[8.07401,44.68894],[8.07305,44.68896],[8.0725,44.68883],[8.07221,44.68876],[8.07155,44.68879],[8.07113,44.68889],[8.07059,44.68888],[8.06992,44.68914],[8.06939,44.68925],[8.0691,44.68921],[8.06877,44.689],[8.06827,44.68876],[8.06811,44.68866],[8.06791,44.68868],[8.06747,44.6889],[8.06704,44.6892],[8.06656,44.68934],[8.0663,44.6895],[8.06588,44.68996],[8.06435,44.68938],[8.06423,44.68899],[8.06376,44.68891],[8.06319,44.68894],[8.06293,44.68887],[8.0632,44.6883],[8.0632,44.68804],[8.06296,44.68795],[8.06254,44.68803],[8.06236,44.68838],[8.06218,44.68856],[8.0618,44.68869],[8.06148,44.68884],[8.06126,44.68909],[8.06144,44.68989],[8.06164,44.69035],[8.0616,44.69066],[8.06139,44.69105],[8.06139,44.69138],[8.0615,44.69174],[8.06154,44.69192],[8.06166,44.69232],[8.06168,44.69268],[8.06173,44.69301],[8.06151,44.69325],[8.06121,44.69363],[8.06102,44.69395],[8.0611,44.69416],[8.06129,44.69426],[8.06146,44.69443],[8.06144,44.69499],[8.06159,44.6952],[8.06171,44.69569],[8.06172,44.69587],[8.06163,44.69616],[8.06161,44.69637],[8.0617,44.69648],[8.06181,44.69669],[8.06164,44.69684],[8.06156,44.69736],[8.06168,44.69752],[8.062,44.69785],[8.06209,44.69803],[8.06208,44.69826],[8.0619,44.69869],[8.06186,44.69897],[8.06207,44.69909],[8.0624,44.69921],[8.06257,44.6994],[8.06255,44.70004],[8.06254,44.70081],[8.06261,44.70108],[8.06253,44.70127],[8.06225,44.70153],[8.06226,44.7019],[8.0623,44.70206],[8.06239,44.70207],[8.06278,44.70224],[8.06329,44.70253],[8.06372,44.70267],[8.06389,44.70278],[8.06385,44.70293],[8.06338,44.70338],[8.06329,44.70352],[8.06332,44.70374],[8.06338,44.70398],[8.06303,44.70432],[8.06217,44.70491],[8.06182,44.70538],[8.06191,44.70565],[8.06224,44.70583],[8.06244,44.70594],[8.06246,44.70609],[8.06198,44.7063],[8.06076,44.70677],[8.0605,44.70702],[8.06066,44.70718],[8.06103,44.70733],[8.06108,44.70757],[8.06086,44.70777],[8.06057,44.70808],[8.06026,44.70826],[8.05968,44.70847],[8.05963,44.70873],[8.05959,44.70898],[8.05877,44.70929],[8.05825,44.7098],[8.05798,44.7103],[8.05813,44.71066],[8.05845,44.71136],[8.05858,44.712],[8.05852,44.71247],[8.05845,44.71273],[8.05871,44.7131],[8.05889,44.71359],[8.05923,44.71384],[8.05965,44.71446],[8.05983,44.71479],[8.05983,44.71499],[8.05983,44.71513],[8.05974,44.71541],[8.05951,44.71521],[8.05906,44.71506],[8.05874,44.71507],[8.05853,44.71516],[8.0584,44.71522],[8.05811,44.71511],[8.05787,44.71466],[8.0576,44.71312],[8.05716,44.71167],[8.05677,44.71073],[8.0561,44.70969],[8.05554,44.70901],[8.05481,44.70828],[8.05353,44.70709],[8.05275,44.70643],[8.0515,44.7058],[8.05026,44.70505],[8.04927,44.70432],[8.04876,44.70403],[8.04811,44.70363],[8.04724,44.70351],[8.04632,44.70362],[8.04588,44.70379],[8.04533,44.7038],[8.0405,44.7046],[8.0388,44.70504],[8.0375,44.70553],[8.03645,44.70579],[8.03454,44.70604],[8.03344,44.70606],[8.03142,44.70598],[8.03033,44.70582],[8.02897,44.70549],[8.02828,44.70524],[8.02747,44.70521],[8.0271,44.70657],[8.02707,44.70692],[8.02691,44.70773],[8.03119,44.70859],[8.03351,44.70906],[8.03495,44.70943],[8.03603,44.7097],[8.03687,44.71004],[8.03797,44.71067],[8.03958,44.71226],[8.0416,44.7145],[8.04574,44.71894],[8.0484,44.72122],[8.0508,44.72315],[8.05194,44.72422],[8.05258,44.72502],[8.05307,44.72596],[8.05325,44.72689],[8.05326,44.72778],[8.0531,44.73188],[8.05283,44.73291],[8.0523,44.73441],[8.05212,44.73518],[8.05206,44.73593],[8.05238,44.73658],[8.05283,44.7373],[8.05532,44.74007],[8.05621,44.74102],[8.06,44.74515],[8.06423,44.74963],[8.06806,44.75368],[8.06842,44.75412],[8.07254,44.7585],[8.07665,44.76291],[8.08055,44.76721],[8.0826,44.76956],[8.08469,44.77169],[8.08677,44.77392],[8.08797,44.77523],[8.08842,44.77493],[8.09014,44.77384],[8.09091,44.77327],[8.09153,44.77287],[8.09166,44.77274],[8.09074,44.77192],[8.09059,44.77188],[8.08991,44.77228],[8.08972,44.77223],[8.08931,44.77187],[8.08929,44.77176],[8.08939,44.77163],[8.0902,44.77118],[8.09057,44.77151],[8.09062,44.77153],[8.09128,44.77117],[8.09183,44.77084],[8.09189,44.77084],[8.09348,44.77218],[8.09388,44.77254],[8.094,44.7725],[8.09413,44.77242],[8.09413,44.77239],[8.09274,44.77112],[8.09209,44.77059],[8.09209,44.77053],[8.09236,44.7704],[8.09271,44.77064],[8.09288,44.77065],[8.09313,44.77049],[8.09315,44.77044],[8.093,44.77025],[8.093,44.77018],[8.09373,44.76968],[8.09375,44.76965],[8.09309,44.76874],[8.0929,44.76846],[8.0924,44.7678],[8.09239,44.76767],[8.0927,44.76755],[8.09324,44.76733],[8.09345,44.76725],[8.0938,44.76762],[8.09416,44.76751],[8.0942,44.76749],[8.09404,44.76717],[8.09403,44.76711],[8.09461,44.76691],[8.09472,44.76701],[8.09505,44.76755],[8.0956,44.76833],[8.09567,44.7684],[8.09579,44.76844],[8.09593,44.7684],[8.09598,44.76836],[8.09592,44.76824],[8.095,44.7669],[8.09504,44.76677],[8.09533,44.76667],[8.09542,44.76667],[8.09555,44.76679],[8.09565,44.76681],[8.09571,44.76679],[8.09571,44.76664],[8.09577,44.76652],[8.09593,44.76642],[8.0961,44.76636],[8.09666,44.76602],[8.09673,44.766],[8.09686,44.76607],[8.09716,44.76621],[8.09725,44.76622],[8.09865,44.76549],[8.09868,44.76543],[8.09834,44.76525],[8.09826,44.76512],[8.09828,44.76501],[8.09894,44.76473],[8.0996,44.76448],[8.09975,44.7645],[8.10051,44.76537],[8.10093,44.76588],[8.10098,44.76592],[8.10142,44.76583],[8.1016,44.76583],[8.10189,44.766],[8.10205,44.76605],[8.10217,44.76604],[8.10231,44.76595],[8.10251,44.76538],[8.10257,44.76529],[8.1033,44.76471],[8.1035,44.76461]]]}},{"type":"Feature","properties":{"denominazi":"Verduno Pelaverga o Verduno","tipo":"DOC","codice":"DOC_50"},"geometry":{"type":"Polygon","coordinates":[[[7.95678,44.67159],[7.95646,44.67188],[7.95689,44.6728],[7.95701,44.67284],[7.95817,44.67291],[7.95939,44.67324],[7.9605,44.67367],[7.96086,44.67378],[7.96113,44.67372],[7.96158,44.67363],[7.96131,44.67437],[7.96125,44.67477],[7.96146,44.67513],[7.96164,44.67531],[7.96242,44.67575],[7.96268,44.67602],[7.96269,44.67679],[7.96325,44.67742],[7.96198,44.6773],[7.96178,44.67867],[7.96279,44.67905],[7.96439,44.67878],[7.9659,44.67865],[7.96686,44.67864],[7.96766,44.67873],[7.96861,44.67893],[7.96975,44.67891],[7.97037,44.67884],[7.97128,44.67874],[7.97191,44.67878],[7.97203,44.68029],[7.97137,44.68043],[7.97109,44.68055],[7.97073,44.68095],[7.97058,44.68126],[7.97083,44.68128],[7.97111,44.68112],[7.97139,44.6811],[7.97166,44.68132],[7.9719,44.68181],[7.97127,44.6848],[7.96967,44.68498],[7.96937,44.68508],[7.9679,44.68516],[7.96566,44.68517],[7.96429,44.68502],[7.96246,44.6847],[7.95866,44.68441],[7.958,44.68455],[7.95708,44.68451],[7.95358,44.68404],[7.95008,44.68365],[7.94841,44.68316],[7.94612,44.68354],[7.94003,44.68352],[7.93911,44.6833],[7.93833,44.68452],[7.9378,44.68564],[7.93706,44.68701],[7.93637,44.68796],[7.93634,44.68795],[7.93414,44.68713],[7.9332,44.68681],[7.93245,44.68652],[7.93129,44.6872],[7.93037,44.68766],[7.92957,44.6881],[7.92873,44.68851],[7.92799,44.68895],[7.92661,44.68963],[7.92597,44.69003],[7.92562,44.68998],[7.92505,44.68996],[7.92414,44.69011],[7.92352,44.68949],[7.92327,44.6893],[7.9227,44.68913],[7.92278,44.68886],[7.92302,44.68849],[7.92316,44.68821],[7.92334,44.68804],[7.92372,44.68721],[7.92394,44.68686],[7.92187,44.68666],[7.92065,44.6865],[7.91932,44.68639],[7.91819,44.68625],[7.91707,44.68616],[7.91561,44.68599],[7.91494,44.68599],[7.91454,44.68598],[7.91423,44.68595],[7.91418,44.6859],[7.91561,44.6836],[7.91613,44.68288],[7.91636,44.6825],[7.91702,44.68157],[7.91737,44.68103],[7.91803,44.68008],[7.91857,44.67956],[7.9186,44.67923],[7.9185,44.67867],[7.91845,44.67804],[7.91851,44.677],[7.91831,44.67675],[7.91688,44.67545],[7.91576,44.67449],[7.91561,44.67442],[7.91542,44.67397],[7.91516,44.67349],[7.91508,44.67327],[7.91508,44.6732],[7.91541,44.67297],[7.91561,44.67268],[7.91617,44.67169],[7.91629,44.67125],[7.91616,44.67034],[7.91614,44.66988],[7.91607,44.66981],[7.91575,44.66976],[7.91595,44.66881],[7.91601,44.66816],[7.91618,44.66768],[7.91656,44.66705],[7.91663,44.66588],[7.91669,44.66533],[7.91703,44.66496],[7.91727,44.66436],[7.91754,44.66321],[7.91759,44.6627],[7.9176,44.66191],[7.91822,44.66164],[7.91877,44.66133],[7.9195,44.66084],[7.91991,44.66107],[7.92029,44.66124],[7.92056,44.66164],[7.9207,44.66197],[7.92079,44.66201],[7.92109,44.662],[7.92124,44.66185],[7.92128,44.6615],[7.92139,44.66089],[7.92164,44.66052],[7.9223,44.65971],[7.92307,44.6593],[7.92319,44.65918],[7.92336,44.65861],[7.92338,44.6583],[7.92389,44.65806],[7.92458,44.6577],[7.92468,44.65755],[7.92513,44.65717],[7.92577,44.65696],[7.92628,44.65664],[7.92633,44.65654],[7.92678,44.65653],[7.92726,44.65638],[7.92752,44.65549],[7.92755,44.65502],[7.92751,44.65456],[7.92796,44.65404],[7.92834,44.65339],[7.92822,44.6531],[7.92837,44.65271],[7.929,44.65238],[7.9287,44.6518],[7.92842,44.65133],[7.92828,44.65083],[7.92808,44.64998],[7.92779,44.64933],[7.92797,44.64832],[7.92804,44.64719],[7.92821,44.6463],[7.92825,44.64578],[7.93315,44.64626],[7.93332,44.64601],[7.93349,44.64572],[7.93358,44.64544],[7.93359,44.64519],[7.93367,44.64504],[7.93374,44.64488],[7.93386,44.64473],[7.93422,44.64448],[7.93433,44.64415],[7.93428,44.6439],[7.93419,44.64369],[7.93421,44.6435],[7.93431,44.64304],[7.93446,44.6425],[7.93465,44.64233],[7.93484,44.64213],[7.9349,44.64188],[7.93484,44.64176],[7.93482,44.64075],[7.93496,44.64045],[7.93543,44.63965],[7.93635,44.63903],[7.93709,44.63848],[7.93712,44.63813],[7.93659,44.63708],[7.93664,44.63684],[7.93684,44.63677],[7.93702,44.63683],[7.93798,44.63756],[7.9388,44.63811],[7.93903,44.63811],[7.94031,44.63762],[7.94169,44.63715],[7.94204,44.63712],[7.94224,44.63721],[7.94222,44.63735],[7.94185,44.63816],[7.94156,44.63861],[7.94156,44.63878],[7.94171,44.63883],[7.94217,44.63869],[7.94286,44.63828],[7.94375,44.637],[7.94395,44.63707],[7.94402,44.63717],[7.94393,44.63803],[7.94401,44.63912],[7.94429,44.63923],[7.94462,44.63926],[7.94483,44.63917],[7.94496,44.63888],[7.94515,44.63847],[7.94633,44.63744],[7.94747,44.63754],[7.9479,44.63767],[7.94815,44.63787],[7.94844,44.63821],[7.94902,44.63831],[7.94959,44.63837],[7.95163,44.63898],[7.95273,44.63938],[7.95342,44.63962],[7.95347,44.63996],[7.95358,44.64065],[7.95361,44.64205],[7.95359,44.64312],[7.95414,44.644],[7.95479,44.6468],[7.95445,44.64699],[7.95458,44.64721],[7.95468,44.64746],[7.95447,44.64746],[7.95414,44.64727],[7.95332,44.64837],[7.95268,44.64813],[7.95106,44.6505],[7.95186,44.65068],[7.95264,44.65113],[7.95335,44.65162],[7.95468,44.6526],[7.95577,44.65331],[7.95635,44.65403],[7.95677,44.65452],[7.95743,44.65474],[7.95831,44.6553],[7.96048,44.65732],[7.9616,44.65814],[7.96208,44.65826],[7.96158,44.65873],[7.9613,44.65887],[7.96077,44.65909],[7.96088,44.65917],[7.96101,44.65967],[7.96096,44.65969],[7.96063,44.6599],[7.96113,44.66051],[7.96004,44.66153],[7.95979,44.66171],[7.95988,44.66321],[7.95987,44.66344],[7.96016,44.6638],[7.96031,44.66394],[7.96034,44.66412],[7.9601,44.66438],[7.95978,44.66456],[7.95977,44.66484],[7.95966,44.66518],[7.95928,44.66545],[7.95757,44.6662],[7.95732,44.66643],[7.95677,44.66688],[7.95649,44.66697],[7.95646,44.66697],[7.95648,44.66716],[7.95637,44.66728],[7.95591,44.6676],[7.95532,44.66785],[7.95423,44.66805],[7.95353,44.6684],[7.95412,44.66862],[7.9552,44.66894],[7.95541,44.66907],[7.95588,44.66942],[7.95629,44.66978],[7.95713,44.67067],[7.95731,44.67079],[7.9576,44.6709],[7.95678,44.67159]]]}},{"type":"Feature","properties":{"denominazi":"Barbaresco","tipo":"DOCG","codice":"DOC_03"},"geometry":{"type":"Polygon","coordinates":[[[8.08635,44.66645],[8.08676,44.66617],[8.0866,44.66633],[8.08669,44.6666],[8.08676,44.66683],[8.0869,44.66688],[8.08769,44.66678],[8.08775,44.6668],[8.08776,44.66673],[8.08776,44.66665],[8.08777,44.66645],[8.08776,44.66616],[8.08776,44.66602],[8.08776,44.66586],[8.08777,44.66565],[8.08793,44.66563],[8.08807,44.66555],[8.08811,44.66553],[8.08818,44.66549],[8.08828,44.66544],[8.08832,44.66536],[8.08834,44.66533],[8.08836,44.6653],[8.08841,44.66527],[8.0885,44.66525],[8.08869,44.66521],[8.08873,44.66518],[8.08884,44.66508],[8.08887,44.66505],[8.0889,44.66501],[8.08892,44.66499],[8.08896,44.66496],[8.08915,44.66492],[8.08924,44.6649],[8.08941,44.66478],[8.08951,44.66473],[8.08956,44.66471],[8.08973,44.66471],[8.08987,44.66468],[8.08997,44.66465],[8.09006,44.6646],[8.0901,44.66458],[8.0902,44.66459],[8.09025,44.66457],[8.0903,44.66453],[8.0903,44.66449],[8.09032,44.66437],[8.09032,44.66423],[8.09031,44.66416],[8.09031,44.66413],[8.09035,44.66404],[8.09043,44.66399],[8.09058,44.66389],[8.09059,44.66388],[8.0907,44.66374],[8.09072,44.66364],[8.09077,44.66355],[8.09078,44.66343],[8.09077,44.66341],[8.09083,44.6633],[8.09086,44.66325],[8.09087,44.66323],[8.09089,44.6631],[8.0909,44.66308],[8.09096,44.66296],[8.09109,44.66282],[8.09116,44.66278],[8.09125,44.66271],[8.09129,44.6627],[8.09133,44.66267],[8.09141,44.66256],[8.09148,44.66242],[8.09167,44.66226],[8.09173,44.66217],[8.09203,44.66207],[8.09217,44.66188],[8.09219,44.66187],[8.09229,44.6618],[8.09236,44.66175],[8.09249,44.66164],[8.09255,44.66163],[8.0926,44.66161],[8.09281,44.66156],[8.09291,44.66153],[8.09295,44.66151],[8.09297,44.6615],[8.09296,44.66142],[8.09301,44.66141],[8.09317,44.66141],[8.0933,44.66136],[8.09337,44.66128],[8.09342,44.66116],[8.09368,44.66108],[8.09377,44.6611],[8.09387,44.66104],[8.09388,44.66098],[8.094,44.66094],[8.09414,44.66091],[8.09425,44.66088],[8.0944,44.66076],[8.09449,44.6607],[8.0946,44.66064],[8.09465,44.66061],[8.09472,44.66058],[8.0947,44.66054],[8.09466,44.66047],[8.09466,44.66044],[8.0947,44.66042],[8.0948,44.66045],[8.09488,44.6603],[8.09506,44.66019],[8.09516,44.66009],[8.09521,44.66004],[8.09528,44.65997],[8.09533,44.65992],[8.0954,44.65985],[8.09547,44.65977],[8.09558,44.6597],[8.09566,44.6596],[8.09568,44.65958],[8.09575,44.65959],[8.09583,44.65963],[8.09589,44.65966],[8.09595,44.65965],[8.09606,44.65957],[8.09625,44.65951],[8.09633,44.65951],[8.09641,44.65948],[8.09652,44.65946],[8.09659,44.65944],[8.09666,44.6594],[8.0967,44.65936],[8.09674,44.65936],[8.09683,44.65938],[8.09691,44.65936],[8.09697,44.6593],[8.097,44.65929],[8.09711,44.65923],[8.09715,44.6592],[8.09721,44.65919],[8.09737,44.65913],[8.09739,44.65911],[8.09744,44.65906],[8.09749,44.65896],[8.09754,44.65887],[8.09756,44.65885],[8.09758,44.65883],[8.09768,44.65874],[8.0977,44.65871],[8.09776,44.65863],[8.09792,44.65852],[8.09799,44.65842],[8.09806,44.65833],[8.09824,44.65792],[8.0983,44.65791],[8.09842,44.65827],[8.09845,44.65836],[8.09847,44.65841],[8.09853,44.6586],[8.09854,44.65862],[8.09864,44.65875],[8.09871,44.65885],[8.09878,44.65893],[8.09878,44.65914],[8.09878,44.65917],[8.09878,44.65931],[8.09878,44.65933],[8.09885,44.65948],[8.09887,44.65952],[8.09891,44.6596],[8.09894,44.65966],[8.09896,44.65971],[8.09897,44.65972],[8.09901,44.65976],[8.09911,44.65987],[8.09913,44.65988],[8.09915,44.6599],[8.09918,44.65993],[8.09929,44.66005],[8.09935,44.66014],[8.09944,44.66024],[8.09947,44.66028],[8.09953,44.66034],[8.09959,44.66042],[8.09963,44.66047],[8.09966,44.66052],[8.09969,44.66059],[8.09972,44.66064],[8.09977,44.66074],[8.09977,44.66076],[8.09982,44.66085],[8.09988,44.66096],[8.0999,44.66105],[8.09991,44.66108],[8.09992,44.66111],[8.09994,44.6612],[8.09996,44.66131],[8.09997,44.66133],[8.09999,44.66137],[8.10008,44.66147],[8.1001,44.6615],[8.10012,44.66152],[8.10016,44.66158],[8.10018,44.66162],[8.1002,44.66168],[8.10021,44.6617],[8.10023,44.66174],[8.10023,44.66178],[8.10023,44.66184],[8.10022,44.66194],[8.10021,44.66202],[8.10021,44.66204],[8.10021,44.66208],[8.10021,44.6621],[8.1002,44.66213],[8.1002,44.66214],[8.10018,44.66225],[8.10015,44.66235],[8.10014,44.66239],[8.10013,44.66245],[8.10014,44.66256],[8.10014,44.6626],[8.10015,44.66265],[8.10015,44.66269],[8.10016,44.66271],[8.10018,44.66274],[8.10019,44.66277],[8.10021,44.66281],[8.10026,44.66287],[8.1003,44.66295],[8.10034,44.66301],[8.10037,44.66306],[8.10039,44.66316],[8.1004,44.66324],[8.10041,44.66327],[8.1004,44.66337],[8.10039,44.6634],[8.10036,44.66349],[8.10035,44.66359],[8.10035,44.66366],[8.10034,44.66373],[8.10034,44.66376],[8.10034,44.66377],[8.10029,44.66388],[8.10025,44.66391],[8.10023,44.66393],[8.10017,44.66397],[8.10011,44.66401],[8.10007,44.66403],[8.09996,44.6641],[8.09988,44.66416],[8.09974,44.66424],[8.09969,44.66428],[8.09966,44.66431],[8.0996,44.66436],[8.09948,44.66449],[8.09939,44.6646],[8.09935,44.66465],[8.0993,44.66472],[8.09922,44.66486],[8.0992,44.6649],[8.09917,44.66495],[8.09908,44.66509],[8.09905,44.66514],[8.09902,44.6652],[8.09898,44.6653],[8.09895,44.66539],[8.09895,44.66541],[8.09895,44.66557],[8.09895,44.66573],[8.09895,44.6658],[8.09892,44.66585],[8.09888,44.66592],[8.09884,44.66597],[8.09882,44.66599],[8.0988,44.66601],[8.09875,44.66606],[8.0986,44.66621],[8.09856,44.66625],[8.09844,44.66635],[8.09837,44.66642],[8.09835,44.66644],[8.09832,44.66649],[8.0983,44.66654],[8.09828,44.66663],[8.09823,44.66678],[8.09819,44.66693],[8.09816,44.66705],[8.09812,44.66715],[8.09809,44.66729],[8.09805,44.66737],[8.09803,44.66746],[8.09798,44.66763],[8.09785,44.66779],[8.09782,44.66783],[8.09772,44.66796],[8.09769,44.668],[8.09767,44.66805],[8.09767,44.66806],[8.09766,44.66821],[8.0976,44.66827],[8.09753,44.66831],[8.09743,44.66837],[8.09727,44.66851],[8.09724,44.66853],[8.09716,44.66861],[8.09707,44.66871],[8.09699,44.66878],[8.09689,44.66889],[8.09682,44.66896],[8.0968,44.66898],[8.09667,44.66912],[8.09666,44.66914],[8.09657,44.66937],[8.0965,44.66956],[8.09648,44.6696],[8.09643,44.66967],[8.0964,44.66971],[8.09634,44.6698],[8.09632,44.66983],[8.09629,44.66988],[8.09628,44.6699],[8.09625,44.67003],[8.09621,44.67008],[8.09619,44.67012],[8.09615,44.67018],[8.0961,44.67026],[8.09603,44.67035],[8.09601,44.67039],[8.09596,44.67047],[8.09594,44.6705],[8.09593,44.67052],[8.0959,44.67061],[8.09589,44.67063],[8.09576,44.67076],[8.09574,44.67077],[8.09571,44.6708],[8.09562,44.67089],[8.09552,44.67099],[8.0955,44.67101],[8.09545,44.6711],[8.09541,44.67114],[8.09535,44.67121],[8.09527,44.67132],[8.09521,44.6714],[8.09519,44.67143],[8.09518,44.67146],[8.09516,44.67159],[8.09518,44.67171],[8.09519,44.67183],[8.09523,44.67216],[8.09524,44.67223],[8.09533,44.67238],[8.09534,44.67241],[8.09538,44.67251],[8.09546,44.67273],[8.09547,44.67275],[8.09556,44.67311],[8.09556,44.67314],[8.09556,44.67325],[8.09556,44.67344],[8.09555,44.67358],[8.09553,44.67367],[8.09547,44.67374],[8.09539,44.67383],[8.09537,44.67386],[8.09534,44.6739],[8.09526,44.67401],[8.09517,44.67414],[8.09509,44.67426],[8.09506,44.67429],[8.095,44.67442],[8.09498,44.67446],[8.09495,44.6745],[8.09488,44.6746],[8.09486,44.67464],[8.09482,44.67471],[8.0948,44.67475],[8.09479,44.67481],[8.09478,44.67484],[8.09477,44.67488],[8.09472,44.67513],[8.09469,44.67531],[8.09467,44.67538],[8.09466,44.67548],[8.09465,44.67551],[8.0946,44.67565],[8.09457,44.6757],[8.09446,44.67585],[8.09443,44.67591],[8.09435,44.67602],[8.09432,44.67608],[8.09429,44.67611],[8.09425,44.67616],[8.09404,44.67641],[8.09401,44.67644],[8.09387,44.67659],[8.09384,44.67661],[8.09374,44.67674],[8.09371,44.67678],[8.09366,44.6769],[8.09359,44.67707],[8.09358,44.6771],[8.09353,44.67728],[8.09352,44.67749],[8.09351,44.67773],[8.09351,44.67798],[8.0935,44.67808],[8.09348,44.67838],[8.09347,44.67845],[8.09346,44.67847],[8.09375,44.67865],[8.09389,44.67874],[8.09398,44.67881],[8.09411,44.67893],[8.09417,44.67898],[8.0942,44.679],[8.09424,44.67904],[8.0943,44.6791],[8.09439,44.67917],[8.0945,44.67925],[8.09458,44.6793],[8.09469,44.67937],[8.09477,44.67942],[8.0948,44.67944],[8.09494,44.67954],[8.09514,44.67965],[8.09526,44.67972],[8.09528,44.67973],[8.09551,44.67983],[8.09561,44.67987],[8.09564,44.67988],[8.09611,44.68006],[8.09622,44.6801],[8.09647,44.68021],[8.09651,44.68022],[8.09666,44.68027],[8.097,44.68042],[8.09703,44.68043],[8.09729,44.68053],[8.09732,44.68054],[8.09744,44.68059],[8.09758,44.68065],[8.09785,44.68077],[8.09795,44.68081],[8.09834,44.68099],[8.09836,44.681],[8.09868,44.6812],[8.09871,44.68122],[8.09881,44.6813],[8.0989,44.68138],[8.09898,44.68146],[8.09904,44.68153],[8.09906,44.68155],[8.09922,44.68175],[8.09931,44.68187],[8.09939,44.68196],[8.09942,44.68198],[8.09945,44.68201],[8.09965,44.68222],[8.09966,44.68223],[8.09971,44.68228],[8.09975,44.68233],[8.09981,44.68242],[8.09984,44.68249],[8.0999,44.68257],[8.09992,44.6826],[8.1001,44.68284],[8.10023,44.68301],[8.10032,44.68313],[8.10036,44.68318],[8.10042,44.68327],[8.10045,44.6833],[8.10051,44.68337],[8.10078,44.68368],[8.10082,44.68373],[8.10085,44.68377],[8.10097,44.68391],[8.10111,44.68408],[8.10143,44.68444],[8.10149,44.68451],[8.10155,44.68458],[8.10156,44.6846],[8.10165,44.68476],[8.10168,44.68483],[8.10171,44.68489],[8.10175,44.68495],[8.10183,44.68513],[8.10189,44.68524],[8.10202,44.68549],[8.10206,44.68557],[8.10212,44.68568],[8.10219,44.68582],[8.10231,44.6861],[8.10233,44.68611],[8.10234,44.68614],[8.10237,44.68618],[8.10239,44.68625],[8.10242,44.6863],[8.10247,44.68639],[8.10242,44.68678],[8.1024,44.68694],[8.10237,44.68711],[8.10226,44.68736],[8.10225,44.68739],[8.10214,44.68776],[8.10212,44.68781],[8.10202,44.68812],[8.10201,44.68814],[8.10196,44.68822],[8.10184,44.68827],[8.10158,44.68834],[8.10154,44.68835],[8.10156,44.68866],[8.10157,44.68897],[8.10157,44.68927],[8.10158,44.68933],[8.10158,44.68935],[8.1016,44.68949],[8.10161,44.68969],[8.10164,44.68969],[8.1017,44.68968],[8.10188,44.68965],[8.10191,44.68964],[8.10223,44.68962],[8.10227,44.68963],[8.10252,44.68969],[8.10265,44.68973],[8.10275,44.68975],[8.10285,44.68978],[8.10275,44.68983],[8.10268,44.68986],[8.10252,44.68993],[8.1024,44.68998],[8.10222,44.69005],[8.10218,44.69009],[8.10205,44.69022],[8.10194,44.69032],[8.10185,44.69039],[8.10179,44.69046],[8.1015,44.69072],[8.10144,44.69079],[8.1014,44.69082],[8.1012,44.69103],[8.1011,44.69109],[8.10049,44.69144],[8.10047,44.69145],[8.10045,44.69151],[8.10044,44.69157],[8.10046,44.69166],[8.10074,44.69203],[8.10077,44.69207],[8.10098,44.69235],[8.10103,44.69242],[8.10096,44.69253],[8.10088,44.69269],[8.10083,44.6928],[8.1008,44.69286],[8.10078,44.69293],[8.10071,44.69308],[8.10069,44.69313],[8.10066,44.69342],[8.10066,44.69347],[8.10055,44.69374],[8.10053,44.69379],[8.10049,44.69389],[8.10046,44.69394],[8.10045,44.69397],[8.10043,44.69403],[8.10035,44.69423],[8.10033,44.69426],[8.10024,44.69449],[8.10019,44.69459],[8.10009,44.69483],[8.09999,44.69508],[8.09996,44.69514],[8.09993,44.6952],[8.09991,44.69526],[8.0999,44.69528],[8.09988,44.69532],[8.0998,44.69539],[8.09969,44.69545],[8.09961,44.69549],[8.0993,44.69564],[8.09914,44.69571],[8.09889,44.69583],[8.09874,44.6959],[8.0986,44.69597],[8.09833,44.69611],[8.09811,44.69622],[8.09807,44.69628],[8.09795,44.69646],[8.0979,44.69654],[8.0978,44.69671],[8.0977,44.69687],[8.09763,44.69698],[8.09761,44.69703],[8.09762,44.69711],[8.09762,44.69716],[8.09757,44.69725],[8.09743,44.6974],[8.09737,44.69748],[8.09733,44.69753],[8.09728,44.69761],[8.09719,44.69781],[8.09709,44.69803],[8.09709,44.69817],[8.09709,44.69825],[8.0971,44.69838],[8.09711,44.69845],[8.09708,44.69854],[8.09716,44.69871],[8.09721,44.69883],[8.09726,44.69888],[8.09732,44.69894],[8.09738,44.69899],[8.0974,44.699],[8.09744,44.69902],[8.09747,44.69905],[8.0977,44.6992],[8.0978,44.69926],[8.09782,44.69927],[8.0979,44.69931],[8.09793,44.69932],[8.09798,44.69936],[8.09802,44.69939],[8.09811,44.69945],[8.09823,44.69953],[8.09833,44.69962],[8.09834,44.69963],[8.09838,44.69966],[8.09862,44.69987],[8.09884,44.70006],[8.09888,44.70009],[8.09896,44.70016],[8.09902,44.70021],[8.09912,44.70029],[8.09917,44.70034],[8.09922,44.70039],[8.09923,44.70041],[8.09929,44.70048],[8.09934,44.70054],[8.09944,44.70066],[8.09951,44.70076],[8.09954,44.70079],[8.09955,44.70082],[8.09962,44.70092],[8.09965,44.70095],[8.09965,44.70097],[8.09967,44.70103],[8.09968,44.70106],[8.09972,44.70113],[8.09974,44.70116],[8.09976,44.70119],[8.09981,44.70124],[8.09989,44.70133],[8.09997,44.70142],[8.10004,44.7015],[8.10009,44.70153],[8.10025,44.70164],[8.10026,44.70166],[8.1003,44.70171],[8.10031,44.70174],[8.10034,44.70178],[8.10037,44.70185],[8.10037,44.70187],[8.10039,44.70194],[8.10042,44.70207],[8.10042,44.70209],[8.10044,44.70213],[8.10046,44.70214],[8.10048,44.70218],[8.1005,44.70221],[8.10054,44.70223],[8.10056,44.70226],[8.10066,44.70234],[8.1007,44.70238],[8.1008,44.70248],[8.10082,44.70251],[8.10086,44.70257],[8.10099,44.70276],[8.10103,44.70282],[8.10107,44.70283],[8.10115,44.70286],[8.10147,44.70305],[8.10152,44.70316],[8.10154,44.70319],[8.10158,44.70328],[8.10169,44.70348],[8.1018,44.7037],[8.10182,44.70373],[8.10187,44.70382],[8.10188,44.70384],[8.10189,44.70386],[8.10194,44.70396],[8.102,44.70407],[8.10208,44.70419],[8.1021,44.70423],[8.10218,44.70438],[8.10224,44.70449],[8.10225,44.70452],[8.10228,44.70457],[8.10232,44.70466],[8.10237,44.70476],[8.10251,44.70501],[8.10255,44.70508],[8.10263,44.70523],[8.10265,44.70528],[8.10267,44.7053],[8.10269,44.70534],[8.1028,44.70554],[8.10287,44.70567],[8.10288,44.70569],[8.10291,44.70575],[8.10293,44.70578],[8.10318,44.70604],[8.10331,44.70617],[8.10333,44.70619],[8.10351,44.70638],[8.10369,44.70656],[8.10377,44.70665],[8.1039,44.70678],[8.10395,44.70683],[8.10414,44.70702],[8.10416,44.70709],[8.10423,44.70725],[8.10429,44.70743],[8.10434,44.70755],[8.10437,44.70763],[8.10443,44.7078],[8.10444,44.70782],[8.10445,44.70785],[8.1045,44.70798],[8.10453,44.70807],[8.10458,44.70808],[8.10492,44.70814],[8.10495,44.70815],[8.10503,44.70816],[8.10506,44.70817],[8.10523,44.7082],[8.10527,44.70821],[8.10575,44.70831],[8.10612,44.70838],[8.10647,44.70845],[8.10668,44.70848],[8.10697,44.70855],[8.10712,44.70858],[8.10718,44.70859],[8.10735,44.70863],[8.10761,44.70868],[8.10768,44.7087],[8.10783,44.70873],[8.10816,44.70879],[8.10821,44.7088],[8.10852,44.70886],[8.10857,44.70889],[8.10879,44.709],[8.10888,44.70905],[8.10923,44.70924],[8.10926,44.70925],[8.10931,44.70928],[8.10949,44.70937],[8.10977,44.70952],[8.10985,44.70956],[8.11024,44.70976],[8.11036,44.70981],[8.11048,44.70988],[8.1107,44.70999],[8.11076,44.71002],[8.11109,44.71019],[8.11166,44.71049],[8.11181,44.71056],[8.1122,44.71077],[8.11224,44.71078],[8.1123,44.71081],[8.11247,44.71091],[8.11265,44.71099],[8.11267,44.71101],[8.11296,44.71116],[8.11303,44.71119],[8.11317,44.71126],[8.11336,44.71136],[8.11343,44.71139],[8.11368,44.71153],[8.11375,44.71155],[8.11377,44.71157],[8.11449,44.71194],[8.11453,44.71195],[8.11465,44.71198],[8.11487,44.71201],[8.11559,44.71212],[8.11599,44.71214],[8.11603,44.71214],[8.11651,44.71217],[8.11667,44.71218],[8.11704,44.71219],[8.11704,44.71198],[8.11701,44.71186],[8.11701,44.71183],[8.11705,44.71175],[8.11707,44.71172],[8.11713,44.71166],[8.11736,44.71147],[8.11739,44.71143],[8.11753,44.71123],[8.11766,44.71104],[8.1177,44.71099],[8.11786,44.71074],[8.11789,44.71069],[8.11802,44.71051],[8.11814,44.71034],[8.11826,44.71015],[8.1183,44.71009],[8.11832,44.7101],[8.1185,44.71014],[8.11918,44.71032],[8.11934,44.71036],[8.11995,44.71052],[8.12005,44.71055],[8.12007,44.71051],[8.12009,44.71047],[8.12009,44.71043],[8.1201,44.71037],[8.12006,44.71035],[8.12007,44.71033],[8.12007,44.71029],[8.1201,44.71027],[8.12016,44.71024],[8.1202,44.71024],[8.12024,44.71021],[8.12023,44.71019],[8.12025,44.71017],[8.12017,44.71012],[8.12019,44.71005],[8.12023,44.71005],[8.12026,44.71006],[8.12029,44.71003],[8.12028,44.70995],[8.12031,44.70988],[8.12037,44.70984],[8.12033,44.70979],[8.12029,44.70974],[8.12028,44.70966],[8.12023,44.70964],[8.12021,44.70957],[8.12017,44.70957],[8.12015,44.70951],[8.12018,44.70949],[8.12017,44.70946],[8.1202,44.70943],[8.12026,44.70921],[8.12027,44.70919],[8.12031,44.70903],[8.12025,44.70902],[8.12025,44.70899],[8.12021,44.70899],[8.12022,44.70882],[8.12031,44.70881],[8.12038,44.70881],[8.1204,44.7088],[8.12038,44.70877],[8.12037,44.70875],[8.12034,44.70874],[8.12025,44.70868],[8.12065,44.70866],[8.12086,44.70865],[8.12136,44.70867],[8.12139,44.70868],[8.12154,44.70869],[8.12183,44.7087],[8.12188,44.7087],[8.12212,44.70871],[8.12237,44.70872],[8.12275,44.70872],[8.12278,44.70872],[8.12311,44.70874],[8.12316,44.70866],[8.12332,44.70841],[8.12337,44.70829],[8.12341,44.70816],[8.12341,44.70802],[8.12342,44.70798],[8.12346,44.7076],[8.12352,44.70718],[8.12357,44.70685],[8.12362,44.70655],[8.12363,44.70651],[8.12367,44.70623],[8.12368,44.70617],[8.12373,44.70588],[8.12374,44.70581],[8.12378,44.70556],[8.12379,44.70548],[8.12381,44.70526],[8.12381,44.7052],[8.12382,44.70511],[8.12384,44.705],[8.1239,44.70477],[8.12391,44.70472],[8.12394,44.70472],[8.12401,44.70473],[8.12433,44.70475],[8.12472,44.70477],[8.12477,44.70477],[8.12504,44.70478],[8.12513,44.70479],[8.1254,44.70481],[8.12551,44.70481],[8.12554,44.70481],[8.12579,44.70483],[8.12584,44.70483],[8.12589,44.70484],[8.12606,44.70485],[8.12631,44.70486],[8.1266,44.70487],[8.12663,44.70487],[8.12662,44.70476],[8.12661,44.70471],[8.12659,44.70458],[8.12659,44.70451],[8.12659,44.70448],[8.12661,44.70442],[8.12666,44.70434],[8.12676,44.70419],[8.12686,44.70409],[8.12695,44.70398],[8.12703,44.7039],[8.12708,44.70384],[8.12718,44.70369],[8.12724,44.70359],[8.12726,44.70357],[8.12729,44.70348],[8.12732,44.70326],[8.12735,44.70304],[8.12736,44.70291],[8.12738,44.70272],[8.12741,44.70268],[8.1277,44.70275],[8.12795,44.70276],[8.12801,44.70273],[8.12804,44.70272],[8.12812,44.70266],[8.12816,44.70256],[8.12816,44.7024],[8.12833,44.70219],[8.12836,44.70211],[8.12831,44.70202],[8.12827,44.70197],[8.1281,44.70181],[8.12803,44.70174],[8.12785,44.70156],[8.12783,44.70149],[8.12783,44.70144],[8.12788,44.7014],[8.12815,44.70136],[8.12847,44.70135],[8.12854,44.70134],[8.12876,44.7013],[8.12889,44.70122],[8.12888,44.70116],[8.12884,44.70112],[8.12869,44.70098],[8.12863,44.70087],[8.12867,44.70081],[8.12871,44.70081],[8.12908,44.70085],[8.12911,44.70084],[8.12917,44.70082],[8.12921,44.70081],[8.12925,44.70079],[8.12938,44.70074],[8.12961,44.70062],[8.12964,44.70063],[8.12975,44.70067],[8.12978,44.70068],[8.12981,44.70069],[8.12984,44.7007],[8.13018,44.70081],[8.13032,44.70086],[8.13048,44.70092],[8.13054,44.70094],[8.13059,44.70095],[8.13091,44.70106],[8.13097,44.70108],[8.13111,44.70113],[8.13133,44.70121],[8.13145,44.70125],[8.1317,44.70134],[8.13181,44.70138],[8.13186,44.7014],[8.1321,44.70148],[8.13228,44.70155],[8.13251,44.70162],[8.13255,44.70164],[8.13273,44.7017],[8.13282,44.70174],[8.13299,44.7018],[8.13305,44.70182],[8.13315,44.70186],[8.13341,44.70195],[8.13358,44.70201],[8.1336,44.70202],[8.13373,44.70206],[8.13408,44.70218],[8.13414,44.7022],[8.1342,44.70221],[8.13424,44.70224],[8.13444,44.70231],[8.13483,44.70244],[8.13498,44.70231],[8.13502,44.70228],[8.13511,44.70217],[8.13522,44.70205],[8.13524,44.70203],[8.13543,44.70183],[8.13548,44.70178],[8.13554,44.70171],[8.13571,44.70153],[8.13579,44.70141],[8.13581,44.70139],[8.13597,44.70122],[8.13601,44.70119],[8.13607,44.70112],[8.13621,44.70096],[8.13625,44.7009],[8.13628,44.70087],[8.1365,44.70068],[8.13665,44.70055],[8.13677,44.70044],[8.13679,44.70042],[8.13682,44.70037],[8.13699,44.70013],[8.13706,44.70007],[8.13715,44.69998],[8.13726,44.69987],[8.13732,44.69983],[8.13745,44.69974],[8.13756,44.69966],[8.13762,44.69962],[8.13769,44.69958],[8.13775,44.69954],[8.13803,44.69938],[8.13807,44.69936],[8.13811,44.69934],[8.13814,44.69932],[8.1382,44.69926],[8.13822,44.69923],[8.13825,44.69918],[8.13829,44.69912],[8.13834,44.69903],[8.13848,44.69881],[8.13849,44.69878],[8.1386,44.69862],[8.1387,44.69846],[8.13871,44.69844],[8.13878,44.69831],[8.13885,44.69804],[8.13914,44.69809],[8.13933,44.69812],[8.13952,44.69815],[8.13957,44.69816],[8.1398,44.6982],[8.13998,44.69824],[8.14014,44.69828],[8.14052,44.69836],[8.14071,44.69844],[8.141,44.69855],[8.14103,44.69857],[8.14123,44.69865],[8.14131,44.69869],[8.14142,44.69872],[8.1418,44.69896],[8.14183,44.69898],[8.14217,44.6992],[8.1425,44.69941],[8.14255,44.69963],[8.14257,44.69973],[8.14253,44.69979],[8.14251,44.69981],[8.14239,44.69985],[8.1423,44.69988],[8.14228,44.6999],[8.14217,44.69997],[8.14211,44.7],[8.14208,44.70002],[8.14208,44.70014],[8.14221,44.70017],[8.14228,44.70024],[8.14227,44.7003],[8.14215,44.70031],[8.14206,44.70035],[8.14202,44.70037],[8.14198,44.70044],[8.14197,44.70047],[8.14193,44.70057],[8.14185,44.70063],[8.14182,44.70065],[8.14181,44.70067],[8.14173,44.70082],[8.1417,44.70087],[8.1417,44.70092],[8.14169,44.70094],[8.14161,44.70106],[8.14156,44.70113],[8.14152,44.70121],[8.14141,44.70137],[8.14143,44.70143],[8.14149,44.70157],[8.14154,44.7017],[8.14133,44.70172],[8.1411,44.70175],[8.14106,44.70187],[8.14129,44.70193],[8.14131,44.70196],[8.14147,44.70217],[8.14184,44.70225],[8.14199,44.70228],[8.14233,44.70235],[8.14242,44.70237],[8.14277,44.7025],[8.1428,44.70251],[8.14291,44.70254],[8.14298,44.70256],[8.14305,44.70258],[8.14308,44.70259],[8.14326,44.7026],[8.1435,44.70269],[8.1436,44.70273],[8.14369,44.70278],[8.14374,44.70282],[8.14383,44.70295],[8.14385,44.70298],[8.14389,44.70304],[8.14393,44.70312],[8.14403,44.70332],[8.14413,44.7034],[8.14416,44.70342],[8.14426,44.70353],[8.1443,44.70358],[8.14433,44.70369],[8.14439,44.70375],[8.14445,44.70381],[8.14463,44.70405],[8.14481,44.70428],[8.14484,44.70431],[8.14493,44.70442],[8.14497,44.70452],[8.14511,44.70462],[8.14513,44.70463],[8.14522,44.70475],[8.14524,44.70478],[8.14526,44.70482],[8.14535,44.70496],[8.14538,44.705],[8.14553,44.70519],[8.14554,44.70522],[8.14563,44.70536],[8.14565,44.70538],[8.14569,44.70541],[8.14574,44.70547],[8.14575,44.70549],[8.14589,44.70567],[8.14592,44.7057],[8.14597,44.70578],[8.14603,44.70587],[8.14605,44.7059],[8.14608,44.70593],[8.14614,44.70599],[8.14624,44.70613],[8.14635,44.70626],[8.14636,44.7063],[8.1464,44.70641],[8.14642,44.70645],[8.14649,44.70656],[8.14657,44.70669],[8.14659,44.70672],[8.14661,44.70676],[8.14674,44.70697],[8.14682,44.70712],[8.14699,44.70741],[8.14705,44.70751],[8.14707,44.70753],[8.14715,44.70768],[8.14717,44.70771],[8.14722,44.70778],[8.14725,44.70784],[8.14734,44.70799],[8.14737,44.70805],[8.14753,44.70831],[8.14756,44.70836],[8.14757,44.70839],[8.14761,44.70845],[8.14762,44.70847],[8.1477,44.7086],[8.1478,44.70879],[8.14782,44.70881],[8.14783,44.70884],[8.14821,44.70888],[8.14861,44.70892],[8.14878,44.70894],[8.14881,44.70894],[8.14884,44.70894],[8.1492,44.70898],[8.14949,44.70901],[8.1496,44.70903],[8.1504,44.70912],[8.15051,44.70914],[8.15069,44.70916],[8.15089,44.70918],[8.15091,44.70918],[8.15105,44.7092],[8.15113,44.70921],[8.15141,44.70925],[8.15174,44.70929],[8.15177,44.70928],[8.15219,44.70924],[8.15221,44.7094],[8.15223,44.70948],[8.15224,44.7095],[8.15232,44.70963],[8.15238,44.70973],[8.15243,44.70983],[8.15245,44.70987],[8.15248,44.70991],[8.15249,44.70995],[8.15252,44.71002],[8.15253,44.71007],[8.15256,44.7101],[8.15262,44.71018],[8.15266,44.71024],[8.15264,44.71049],[8.15268,44.71058],[8.1527,44.71068],[8.15271,44.71071],[8.15272,44.71074],[8.15268,44.7108],[8.15267,44.71083],[8.15268,44.71089],[8.15292,44.71106],[8.15287,44.71118],[8.15286,44.71121],[8.15283,44.71124],[8.15279,44.71127],[8.1527,44.71131],[8.15269,44.71134],[8.15267,44.71136],[8.1527,44.71141],[8.15271,44.71144],[8.15272,44.71147],[8.15275,44.71163],[8.15274,44.71165],[8.15273,44.71174],[8.15261,44.7118],[8.15254,44.71184],[8.15251,44.71187],[8.15249,44.71202],[8.15251,44.71209],[8.15248,44.71214],[8.15228,44.71225],[8.15219,44.71233],[8.15213,44.71239],[8.15207,44.71242],[8.15193,44.71245],[8.15189,44.71246],[8.15177,44.7125],[8.15172,44.71257],[8.1517,44.71259],[8.15158,44.71271],[8.15148,44.7128],[8.15135,44.71293],[8.1514,44.71316],[8.15136,44.71323],[8.15133,44.71342],[8.15139,44.71346],[8.15139,44.71349],[8.15129,44.71356],[8.15107,44.7137],[8.15103,44.71373],[8.15097,44.71375],[8.15072,44.71386],[8.15072,44.71394],[8.15076,44.71406],[8.15065,44.71423],[8.15064,44.71426],[8.15058,44.71439],[8.15057,44.71441],[8.15054,44.71454],[8.15052,44.71465],[8.15043,44.71474],[8.15037,44.71485],[8.15038,44.71492],[8.15031,44.71509],[8.1502,44.71522],[8.15013,44.71531],[8.14998,44.71547],[8.14975,44.71543],[8.14961,44.71556],[8.14951,44.71564],[8.14978,44.71581],[8.14977,44.71584],[8.1496,44.71585],[8.14942,44.71587],[8.1494,44.71591],[8.14944,44.71602],[8.14961,44.71619],[8.1496,44.71625],[8.14946,44.71643],[8.14921,44.71646],[8.14914,44.71648],[8.14913,44.71651],[8.14931,44.71669],[8.1494,44.71678],[8.14953,44.71698],[8.14956,44.71704],[8.14951,44.71716],[8.14926,44.71725],[8.14925,44.71746],[8.14913,44.7177],[8.14908,44.71781],[8.14907,44.71795],[8.14899,44.71807],[8.14894,44.71827],[8.14895,44.71852],[8.14896,44.71858],[8.14889,44.7187],[8.14856,44.71878],[8.14853,44.7188],[8.14851,44.71881],[8.14843,44.71887],[8.14832,44.71904],[8.14831,44.71906],[8.14821,44.71912],[8.14804,44.71915],[8.14787,44.71925],[8.14781,44.71928],[8.14756,44.71939],[8.1475,44.71955],[8.14736,44.71972],[8.14733,44.71988],[8.14732,44.7199],[8.14726,44.72006],[8.14729,44.72008],[8.14746,44.71999],[8.14757,44.71997],[8.14768,44.71998],[8.14762,44.72007],[8.14767,44.7203],[8.14776,44.72042],[8.14769,44.72052],[8.1476,44.72056],[8.14746,44.72059],[8.14729,44.72068],[8.14726,44.72071],[8.1472,44.72078],[8.14724,44.72085],[8.14721,44.72095],[8.14695,44.72096],[8.14659,44.72106],[8.14645,44.72113],[8.14641,44.72114],[8.14628,44.72129],[8.14622,44.72134],[8.14637,44.72136],[8.14643,44.72144],[8.14624,44.72163],[8.1462,44.72185],[8.14618,44.72196],[8.14607,44.72206],[8.14597,44.72221],[8.1458,44.72231],[8.14569,44.7225],[8.14555,44.72268],[8.14538,44.72291],[8.14538,44.72313],[8.14528,44.72321],[8.14519,44.72322],[8.14514,44.72322],[8.1451,44.72322],[8.14492,44.72321],[8.14489,44.72321],[8.14482,44.72322],[8.14479,44.72329],[8.14472,44.72343],[8.14467,44.72353],[8.14444,44.72342],[8.14412,44.72361],[8.14397,44.72365],[8.14394,44.72366],[8.14382,44.72371],[8.1437,44.72382],[8.14373,44.72397],[8.14379,44.72416],[8.14361,44.72422],[8.14347,44.72431],[8.14345,44.72436],[8.14349,44.72444],[8.1435,44.72463],[8.14351,44.72465],[8.14357,44.7247],[8.14376,44.72469],[8.14389,44.72468],[8.14395,44.72471],[8.14394,44.72476],[8.14387,44.7248],[8.14376,44.72496],[8.14371,44.72503],[8.14361,44.72511],[8.1433,44.72521],[8.14313,44.72527],[8.14306,44.72536],[8.14302,44.72542],[8.14302,44.72546],[8.14304,44.72548],[8.14308,44.7255],[8.14338,44.72548],[8.14357,44.72551],[8.14363,44.72554],[8.14357,44.7256],[8.14352,44.72566],[8.14349,44.72576],[8.1435,44.72592],[8.14344,44.72605],[8.14343,44.72607],[8.14321,44.72608],[8.14306,44.72617],[8.14306,44.72621],[8.14308,44.72625],[8.14309,44.72631],[8.1431,44.72634],[8.143,44.72637],[8.14292,44.72642],[8.14288,44.72644],[8.14281,44.72642],[8.1427,44.72644],[8.14254,44.7266],[8.14244,44.72668],[8.14242,44.72669],[8.14216,44.72678],[8.14204,44.72684],[8.14203,44.72688],[8.14207,44.72696],[8.14208,44.72698],[8.14211,44.72714],[8.14197,44.72722],[8.14185,44.72719],[8.14176,44.72722],[8.14181,44.72738],[8.14197,44.72757],[8.14197,44.7276],[8.14159,44.72769],[8.14156,44.72771],[8.14158,44.72785],[8.14132,44.72804],[8.14127,44.728],[8.14124,44.72799],[8.14121,44.72797],[8.14116,44.728],[8.14115,44.72806],[8.14115,44.72821],[8.1411,44.72833],[8.14105,44.72849],[8.14103,44.72854],[8.14094,44.72862],[8.14082,44.72874],[8.1408,44.72885],[8.14075,44.72906],[8.14066,44.72917],[8.14055,44.72921],[8.14036,44.72923],[8.14023,44.72929],[8.14017,44.72934],[8.14015,44.72939],[8.14015,44.72946],[8.14015,44.72949],[8.14011,44.72968],[8.14009,44.72976],[8.13995,44.72981],[8.13982,44.7298],[8.13979,44.7298],[8.13955,44.72991],[8.13953,44.72993],[8.13944,44.72999],[8.13937,44.73004],[8.13922,44.73017],[8.13917,44.73024],[8.13914,44.73027],[8.13896,44.73048],[8.13888,44.73051],[8.13862,44.7306],[8.13848,44.73064],[8.13832,44.73057],[8.13822,44.73064],[8.13817,44.73069],[8.1381,44.73075],[8.13802,44.73099],[8.13803,44.73115],[8.13798,44.73133],[8.13784,44.73144],[8.13758,44.7315],[8.13749,44.7316],[8.13724,44.73177],[8.13707,44.73188],[8.13689,44.73213],[8.13666,44.73226],[8.13662,44.73229],[8.13655,44.73233],[8.13651,44.73242],[8.13652,44.73254],[8.13642,44.73263],[8.13637,44.73267],[8.13628,44.73273],[8.13622,44.73279],[8.13614,44.73294],[8.13615,44.73298],[8.13613,44.73301],[8.13607,44.73309],[8.13605,44.73313],[8.13603,44.73315],[8.13593,44.73323],[8.13593,44.73328],[8.13591,44.73334],[8.1359,44.73336],[8.13589,44.73339],[8.13587,44.73341],[8.13583,44.73348],[8.1358,44.73367],[8.13579,44.73376],[8.13582,44.73386],[8.13598,44.7339],[8.13605,44.73395],[8.13608,44.73403],[8.13606,44.73414],[8.13597,44.73426],[8.13597,44.7344],[8.13593,44.73448],[8.13589,44.73459],[8.13584,44.7347],[8.13583,44.73473],[8.13584,44.73483],[8.13588,44.73486],[8.13603,44.73486],[8.13609,44.7349],[8.13613,44.73496],[8.13622,44.73511],[8.13623,44.73523],[8.13621,44.73527],[8.13616,44.73533],[8.13608,44.73541],[8.13614,44.73554],[8.13615,44.73561],[8.13623,44.73574],[8.13624,44.73577],[8.13624,44.7358],[8.13624,44.73592],[8.13627,44.73602],[8.13629,44.73609],[8.13631,44.73615],[8.13631,44.73617],[8.13632,44.7362],[8.13634,44.73643],[8.13646,44.73657],[8.13649,44.73663],[8.13656,44.73669],[8.13658,44.73671],[8.13657,44.73673],[8.13646,44.73676],[8.13639,44.73682],[8.13625,44.73695],[8.13622,44.73699],[8.13625,44.73702],[8.13628,44.73706],[8.13638,44.7372],[8.13638,44.73721],[8.13647,44.73731],[8.13653,44.73739],[8.13669,44.73748],[8.13672,44.73749],[8.13693,44.73758],[8.13726,44.73763],[8.13752,44.73763],[8.13761,44.73762],[8.13781,44.73762],[8.13784,44.73764],[8.13791,44.73779],[8.13792,44.73782],[8.13796,44.73789],[8.13804,44.73808],[8.13802,44.73814],[8.13788,44.73844],[8.13787,44.73847],[8.13785,44.73852],[8.13783,44.73856],[8.13779,44.73866],[8.13769,44.73887],[8.13764,44.739],[8.13756,44.73918],[8.13745,44.73943],[8.13739,44.73955],[8.13737,44.73959],[8.13733,44.73968],[8.13729,44.73977],[8.13713,44.74011],[8.13707,44.74025],[8.13701,44.74039],[8.137,44.74042],[8.13693,44.74054],[8.13687,44.74067],[8.13673,44.74099],[8.13669,44.74107],[8.13669,44.74126],[8.13668,44.74134],[8.13668,44.74139],[8.13667,44.74166],[8.13667,44.74173],[8.13666,44.74186],[8.13666,44.74195],[8.13666,44.74197],[8.13666,44.74212],[8.13666,44.74229],[8.13664,44.74251],[8.13664,44.74255],[8.13665,44.74259],[8.13662,44.74328],[8.13662,44.74332],[8.1366,44.74334],[8.13658,44.74338],[8.13648,44.7435],[8.13623,44.74375],[8.13611,44.74382],[8.13603,44.74387],[8.13601,44.74389],[8.13596,44.74393],[8.13588,44.74398],[8.13574,44.74408],[8.13556,44.74422],[8.13546,44.74432],[8.13529,44.7445],[8.13517,44.74462],[8.13504,44.74475],[8.13502,44.74477],[8.13492,44.7449],[8.13487,44.74499],[8.13474,44.7452],[8.13461,44.74541],[8.13457,44.74549],[8.13454,44.74557],[8.13452,44.7456],[8.13447,44.7457],[8.13439,44.7458],[8.13434,44.74588],[8.13428,44.74596],[8.13425,44.74599],[8.13414,44.74613],[8.13405,44.74622],[8.13398,44.7463],[8.13393,44.74633],[8.13386,44.7464],[8.13367,44.74654],[8.13364,44.74656],[8.1335,44.74666],[8.13345,44.74669],[8.13337,44.74673],[8.13324,44.74675],[8.13309,44.74675],[8.13306,44.74675],[8.13292,44.74678],[8.13259,44.74687],[8.13257,44.74687],[8.13253,44.74688],[8.13231,44.74694],[8.13227,44.74694],[8.13222,44.74695],[8.13202,44.74701],[8.1319,44.74705],[8.13186,44.74706],[8.13166,44.74714],[8.13163,44.74715],[8.13146,44.74724],[8.13139,44.74725],[8.13137,44.74726],[8.13133,44.74728],[8.13123,44.74731],[8.13109,44.7474],[8.13104,44.74744],[8.13097,44.74748],[8.13093,44.7475],[8.13083,44.74757],[8.13069,44.74766],[8.13039,44.74773],[8.13023,44.74776],[8.12993,44.74783],[8.12979,44.74786],[8.12945,44.74794],[8.1294,44.74794],[8.12932,44.74794],[8.12913,44.74794],[8.12903,44.74794],[8.12878,44.74794],[8.12849,44.74794],[8.12841,44.74794],[8.12811,44.74794],[8.12806,44.74794],[8.12793,44.74794],[8.12786,44.74794],[8.12754,44.74795],[8.12712,44.74797],[8.12708,44.74798],[8.12699,44.74798],[8.12684,44.74799],[8.12663,44.748],[8.12642,44.748],[8.12637,44.74801],[8.12613,44.74802],[8.12609,44.74806],[8.12601,44.74816],[8.12581,44.74838],[8.12566,44.74854],[8.12553,44.74868],[8.12544,44.7488],[8.12525,44.749],[8.12505,44.74922],[8.12499,44.74928],[8.12473,44.74956],[8.1247,44.7496],[8.12453,44.74979],[8.12438,44.74995],[8.12436,44.74998],[8.12427,44.75009],[8.12425,44.75011],[8.12413,44.75023],[8.12409,44.75029],[8.12405,44.75034],[8.12375,44.75065],[8.12351,44.75068],[8.12323,44.75071],[8.12283,44.75078],[8.12269,44.75078],[8.12219,44.75077],[8.12175,44.75075],[8.12156,44.75075],[8.12152,44.75075],[8.1215,44.75079],[8.12145,44.75089],[8.12141,44.75097],[8.12131,44.75113],[8.12113,44.75148],[8.12077,44.75147],[8.12072,44.75147],[8.12066,44.75148],[8.1206,44.75148],[8.12038,44.75148],[8.12032,44.75148],[8.12014,44.75149],[8.12003,44.75149],[8.1195,44.75151],[8.1194,44.75151],[8.11897,44.75152],[8.11881,44.75153],[8.11867,44.75153],[8.11861,44.75154],[8.11855,44.75153],[8.11827,44.75154],[8.11799,44.75155],[8.11795,44.75155],[8.11793,44.75145],[8.11792,44.75139],[8.1179,44.75134],[8.11777,44.75109],[8.11771,44.75097],[8.11766,44.75086],[8.11762,44.75076],[8.11759,44.75067],[8.11751,44.75056],[8.11749,44.75054],[8.11734,44.7504],[8.1173,44.75034],[8.11696,44.74999],[8.1167,44.74972],[8.11661,44.74963],[8.11647,44.74947],[8.11642,44.7494],[8.11637,44.74932],[8.11635,44.7493],[8.11625,44.74915],[8.11601,44.74879],[8.11598,44.74875],[8.11586,44.74856],[8.11563,44.74822],[8.11555,44.74811],[8.11548,44.748],[8.11543,44.74795],[8.11539,44.74791],[8.11523,44.74794],[8.11506,44.748],[8.11503,44.74802],[8.11493,44.74807],[8.11489,44.74809],[8.11466,44.74826],[8.11435,44.74837],[8.11427,44.74839],[8.11421,44.7484],[8.11413,44.74841],[8.11402,44.74843],[8.11395,44.74844],[8.11388,44.74844],[8.11378,44.74844],[8.11371,44.74843],[8.11328,44.7484],[8.11307,44.74838],[8.1129,44.74837],[8.11286,44.7484],[8.11275,44.74846],[8.1127,44.7485],[8.11255,44.74856],[8.11239,44.74867],[8.11231,44.74872],[8.11226,44.74875],[8.11221,44.74879],[8.11219,44.7488],[8.1121,44.74885],[8.11192,44.74896],[8.1119,44.74897],[8.11185,44.749],[8.11181,44.74902],[8.11165,44.74912],[8.11161,44.74914],[8.11143,44.74925],[8.11137,44.74928],[8.11134,44.7493],[8.11131,44.74932],[8.11117,44.74941],[8.11114,44.74943],[8.11105,44.74948],[8.11097,44.74953],[8.11094,44.74955],[8.11077,44.74965],[8.11072,44.74968],[8.11063,44.74972],[8.11052,44.74979],[8.11039,44.74987],[8.11027,44.74993],[8.11012,44.75006],[8.11008,44.75009],[8.10999,44.75011],[8.10996,44.75012],[8.10981,44.75016],[8.10977,44.75018],[8.10974,44.7502],[8.10965,44.75025],[8.10956,44.75035],[8.10954,44.75037],[8.10951,44.75039],[8.10944,44.75044],[8.10938,44.75049],[8.10929,44.75056],[8.10919,44.75059],[8.10899,44.75065],[8.10881,44.75082],[8.10879,44.75084],[8.10874,44.75088],[8.1087,44.7509],[8.10836,44.75109],[8.10831,44.75112],[8.10828,44.75114],[8.10784,44.75138],[8.10778,44.75144],[8.10768,44.75152],[8.10765,44.75155],[8.10717,44.75183],[8.10672,44.7521],[8.10664,44.75214],[8.10614,44.75242],[8.10568,44.75267],[8.1056,44.75271],[8.10556,44.75273],[8.10544,44.7528],[8.10537,44.75283],[8.10521,44.75291],[8.10512,44.75296],[8.10505,44.753],[8.10461,44.75324],[8.10458,44.75326],[8.10453,44.75329],[8.10442,44.75335],[8.10432,44.7534],[8.10427,44.75343],[8.10416,44.75349],[8.10391,44.75363],[8.10375,44.75371],[8.10368,44.75375],[8.10356,44.75382],[8.10293,44.75416],[8.1028,44.75423],[8.10276,44.75425],[8.10218,44.75457],[8.10173,44.75481],[8.10136,44.75502],[8.10119,44.75511],[8.10074,44.75537],[8.10017,44.75567],[8.09949,44.75604],[8.09889,44.75637],[8.09747,44.75713],[8.0974,44.75716],[8.09727,44.75724],[8.09699,44.75698],[8.09671,44.75672],[8.09642,44.75645],[8.09637,44.75641],[8.09603,44.75607],[8.09589,44.75593],[8.09574,44.75579],[8.09557,44.75565],[8.09555,44.75563],[8.09544,44.75552],[8.09532,44.75541],[8.09518,44.75528],[8.09509,44.7552],[8.09504,44.75515],[8.09487,44.75498],[8.09469,44.75481],[8.09461,44.75473],[8.09439,44.75451],[8.0943,44.75443],[8.09418,44.75433],[8.09403,44.75418],[8.09373,44.7539],[8.09367,44.75383],[8.09362,44.75379],[8.09357,44.75374],[8.0935,44.75369],[8.09346,44.75364],[8.09339,44.75358],[8.09327,44.75346],[8.09316,44.75335],[8.09304,44.75325],[8.09293,44.75315],[8.09282,44.75304],[8.09271,44.75294],[8.09259,44.75282],[8.09251,44.75274],[8.09247,44.75269],[8.09242,44.75266],[8.09237,44.75261],[8.09233,44.75257],[8.09224,44.75249],[8.09217,44.75241],[8.09214,44.75239],[8.09201,44.75226],[8.09198,44.75224],[8.09191,44.75218],[8.09187,44.75213],[8.09182,44.75209],[8.09173,44.75201],[8.09161,44.75189],[8.09154,44.75183],[8.09146,44.75175],[8.09131,44.75161],[8.09124,44.75154],[8.09122,44.75152],[8.09112,44.75143],[8.09102,44.75133],[8.09077,44.7511],[8.09072,44.75105],[8.09063,44.75096],[8.09053,44.75087],[8.09043,44.75077],[8.09042,44.75075],[8.09039,44.75073],[8.0903,44.75066],[8.09024,44.7506],[8.09005,44.75041],[8.08996,44.75031],[8.08983,44.75021],[8.08973,44.7501],[8.08959,44.74998],[8.08952,44.7499],[8.08944,44.74984],[8.08937,44.74977],[8.08914,44.74955],[8.08899,44.74941],[8.08884,44.74926],[8.08872,44.74915],[8.08868,44.74911],[8.08842,44.74885],[8.08833,44.74876],[8.08826,44.74869],[8.08787,44.74832],[8.08772,44.74818],[8.0875,44.74798],[8.08711,44.7476],[8.08668,44.74718],[8.08621,44.74753],[8.08591,44.74775],[8.08578,44.74784],[8.0854,44.74813],[8.08501,44.74841],[8.08455,44.74874],[8.08413,44.74906],[8.08395,44.7492],[8.08393,44.74921],[8.08352,44.74952],[8.08348,44.74954],[8.08311,44.74982],[8.08301,44.74989],[8.08279,44.75005],[8.0823,44.75042],[8.08222,44.75047],[8.08205,44.75052],[8.082,44.75054],[8.08182,44.75056],[8.08168,44.75058],[8.08162,44.75059],[8.08147,44.7506],[8.08143,44.7506],[8.08111,44.75059],[8.08074,44.75057],[8.08031,44.75062],[8.07996,44.75062],[8.07954,44.75065],[8.07933,44.75064],[8.07902,44.75065],[8.07885,44.75064],[8.07855,44.75064],[8.07843,44.75062],[8.07832,44.75059],[8.07811,44.75051],[8.0779,44.75042],[8.0778,44.75037],[8.07769,44.75031],[8.07763,44.75027],[8.07756,44.75023],[8.07746,44.75017],[8.07736,44.7501],[8.07715,44.74996],[8.07709,44.74991],[8.07678,44.74971],[8.07665,44.74956],[8.07658,44.74949],[8.0764,44.74919],[8.07631,44.74903],[8.07627,44.74895],[8.07615,44.74876],[8.07606,44.74856],[8.076,44.74833],[8.07598,44.74822],[8.07599,44.74816],[8.07607,44.7478],[8.07611,44.74771],[8.07617,44.7476],[8.07627,44.74747],[8.0763,44.74733],[8.07635,44.74726],[8.07659,44.74701],[8.07669,44.74692],[8.07674,44.74687],[8.07692,44.74667],[8.07699,44.7466],[8.07703,44.74654],[8.07709,44.74647],[8.07712,44.74644],[8.07714,44.74642],[8.07716,44.7464],[8.07722,44.74635],[8.07725,44.74632],[8.07739,44.7462],[8.07746,44.74616],[8.07755,44.74608],[8.07766,44.74599],[8.07772,44.74595],[8.07784,44.74585],[8.07789,44.74581],[8.07802,44.74571],[8.07819,44.7456],[8.07829,44.74554],[8.07836,44.74546],[8.07853,44.74527],[8.07857,44.74522],[8.07862,44.74516],[8.07865,44.74513],[8.07871,44.74506],[8.07873,44.74504],[8.07883,44.74492],[8.07888,44.74486],[8.07893,44.7448],[8.07907,44.74464],[8.07933,44.74435],[8.07937,44.7443],[8.07953,44.74411],[8.07958,44.74406],[8.07968,44.74396],[8.07974,44.74389],[8.07977,44.74385],[8.0798,44.74381],[8.07985,44.74374],[8.07987,44.74371],[8.07993,44.74367],[8.07997,44.74362],[8.08022,44.74333],[8.08028,44.74327],[8.08039,44.74313],[8.08048,44.74303],[8.08062,44.74287],[8.08067,44.74281],[8.08072,44.74276],[8.08076,44.74271],[8.08077,44.74269],[8.08083,44.74263],[8.08089,44.74256],[8.08093,44.74251],[8.08097,44.74247],[8.08102,44.7424],[8.08134,44.74203],[8.08209,44.74203],[8.08291,44.74205],[8.08341,44.74205],[8.08375,44.74206],[8.0848,44.74209],[8.08486,44.74209],[8.08514,44.7421],[8.08513,44.74205],[8.0851,44.74191],[8.08507,44.7418],[8.08507,44.74178],[8.08505,44.74165],[8.08502,44.74146],[8.085,44.74136],[8.08497,44.74127],[8.08496,44.7412],[8.08482,44.74048],[8.08482,44.74046],[8.08477,44.74018],[8.08473,44.74001],[8.08468,44.73973],[8.08465,44.73959],[8.08457,44.7392],[8.08441,44.73836],[8.08432,44.73793],[8.08416,44.73708],[8.08406,44.73658],[8.08404,44.73655],[8.08402,44.73641],[8.08392,44.73594],[8.08392,44.7359],[8.08389,44.73577],[8.08387,44.73567],[8.08384,44.73558],[8.08383,44.73553],[8.0838,44.73538],[8.08378,44.73524],[8.0837,44.73521],[8.08358,44.73516],[8.08325,44.73503],[8.08305,44.73495],[8.08281,44.73485],[8.08237,44.73467],[8.08225,44.73463],[8.08202,44.73452],[8.08174,44.73441],[8.08136,44.73426],[8.08098,44.7341],[8.0806,44.73395],[8.08026,44.73381],[8.07988,44.73366],[8.07985,44.73368],[8.07971,44.73376],[8.07963,44.7338],[8.07941,44.73393],[8.07925,44.73402],[8.0792,44.73405],[8.07904,44.73414],[8.07898,44.73416],[8.07877,44.73428],[8.07858,44.73439],[8.07853,44.73442],[8.07815,44.73463],[8.07765,44.73492],[8.07716,44.7352],[8.07633,44.73567],[8.07607,44.73582],[8.07587,44.73593],[8.07568,44.73605],[8.07549,44.73615],[8.07533,44.73625],[8.07526,44.73629],[8.07519,44.73621],[8.07512,44.73614],[8.07508,44.73609],[8.07505,44.73606],[8.07499,44.736],[8.07495,44.73595],[8.07492,44.73593],[8.07486,44.73586],[8.07481,44.73582],[8.07478,44.73579],[8.07471,44.73571],[8.07468,44.73568],[8.07464,44.73564],[8.0746,44.73559],[8.07457,44.73556],[8.07454,44.73553],[8.07448,44.73547],[8.07446,44.73545],[8.07441,44.7354],[8.07435,44.73534],[8.07429,44.73527],[8.07426,44.73524],[8.07422,44.73521],[8.07416,44.73514],[8.07412,44.73511],[8.07409,44.73507],[8.0739,44.73487],[8.07377,44.73474],[8.07371,44.73467],[8.0736,44.73457],[8.0735,44.73447],[8.07343,44.7344],[8.07336,44.73434],[8.07333,44.7343],[8.07322,44.73419],[8.0731,44.73408],[8.07299,44.73396],[8.07288,44.73385],[8.07278,44.73375],[8.07274,44.73371],[8.0727,44.73368],[8.07268,44.73366],[8.07269,44.73363],[8.07269,44.73359],[8.07271,44.73348],[8.07274,44.73336],[8.07274,44.73332],[8.07277,44.73317],[8.0728,44.73302],[8.07283,44.73288],[8.07286,44.73273],[8.07288,44.73262],[8.07289,44.73255],[8.07292,44.73243],[8.07292,44.7324],[8.07294,44.7323],[8.07295,44.73226],[8.07295,44.73223],[8.07296,44.73221],[8.07297,44.73211],[8.07299,44.73204],[8.07301,44.73195],[8.07302,44.73187],[8.07306,44.7317],[8.07307,44.73164],[8.07308,44.73154],[8.07309,44.73144],[8.0731,44.7314],[8.07312,44.73125],[8.073,44.73131],[8.07291,44.73135],[8.07286,44.73138],[8.07272,44.73148],[8.07264,44.73155],[8.07251,44.73164],[8.07245,44.73168],[8.07227,44.73179],[8.07217,44.73184],[8.07204,44.7319],[8.07198,44.73193],[8.07195,44.73195],[8.07187,44.73198],[8.0718,44.732],[8.07171,44.73203],[8.07168,44.73204],[8.07152,44.73209],[8.07146,44.73211],[8.07133,44.73215],[8.07128,44.73216],[8.07115,44.7322],[8.07098,44.73224],[8.07091,44.73225],[8.07082,44.73226],[8.07067,44.73228],[8.07064,44.73228],[8.07046,44.73229],[8.07031,44.73231],[8.07018,44.73231],[8.06995,44.73231],[8.06983,44.73231],[8.06972,44.73231],[8.06968,44.73231],[8.06953,44.7323],[8.06945,44.73229],[8.06933,44.73228],[8.06929,44.73228],[8.0692,44.73226],[8.06915,44.73226],[8.06902,44.73224],[8.06887,44.73222],[8.06875,44.73221],[8.06873,44.7322],[8.06851,44.73217],[8.06845,44.73217],[8.06836,44.73215],[8.06828,44.73213],[8.06819,44.73212],[8.06815,44.73211],[8.06806,44.73208],[8.06798,44.73205],[8.06796,44.73204],[8.06781,44.73198],[8.06772,44.73194],[8.0677,44.73193],[8.06761,44.73188],[8.06757,44.73186],[8.06752,44.73184],[8.06739,44.73177],[8.0673,44.73172],[8.06726,44.73169],[8.06707,44.73155],[8.06693,44.73144],[8.06687,44.7314],[8.06675,44.73131],[8.06669,44.73126],[8.06651,44.73113],[8.06648,44.73111],[8.06645,44.73109],[8.06639,44.73104],[8.06632,44.73099],[8.0663,44.73097],[8.06627,44.73094],[8.06626,44.73092],[8.06622,44.73089],[8.0662,44.73088],[8.06612,44.73079],[8.06607,44.73073],[8.06605,44.73072],[8.06599,44.73066],[8.06597,44.73064],[8.06594,44.73061],[8.06592,44.73055],[8.06591,44.73051],[8.06584,44.7304],[8.0658,44.73031],[8.06577,44.73025],[8.06576,44.73023],[8.0657,44.73009],[8.06565,44.73],[8.06565,44.72998],[8.06563,44.72996],[8.06562,44.72993],[8.0656,44.7299],[8.06555,44.72981],[8.06552,44.72975],[8.06548,44.72966],[8.06545,44.7296],[8.06542,44.72956],[8.06541,44.72953],[8.06535,44.7294],[8.06533,44.72938],[8.06527,44.72927],[8.0652,44.72915],[8.0652,44.72911],[8.06519,44.72907],[8.06518,44.72898],[8.06517,44.72893],[8.06517,44.7289],[8.06514,44.72874],[8.06511,44.72866],[8.06511,44.72859],[8.06509,44.72852],[8.06507,44.72841],[8.06506,44.72839],[8.06506,44.72837],[8.06507,44.72835],[8.06508,44.72819],[8.06508,44.72812],[8.06509,44.72794],[8.06511,44.7279],[8.06514,44.72784],[8.06521,44.72767],[8.06523,44.72762],[8.06531,44.72741],[8.06542,44.72716],[8.06545,44.72707],[8.06554,44.72687],[8.06558,44.72675],[8.06561,44.72668],[8.06566,44.72656],[8.06567,44.72654],[8.06574,44.72637],[8.06575,44.72633],[8.06581,44.72621],[8.06591,44.72602],[8.06593,44.72597],[8.06605,44.72575],[8.06608,44.72566],[8.06615,44.72552],[8.06618,44.72545],[8.06619,44.72542],[8.06631,44.7252],[8.06637,44.72507],[8.06644,44.72491],[8.06645,44.72488],[8.06649,44.72479],[8.06656,44.72466],[8.06657,44.72464],[8.06665,44.72444],[8.06667,44.72441],[8.06676,44.72422],[8.06636,44.72397],[8.06584,44.72364],[8.0658,44.72362],[8.06573,44.72358],[8.06552,44.72344],[8.06534,44.72334],[8.06529,44.72331],[8.06502,44.72311],[8.06486,44.72299],[8.06472,44.72289],[8.06464,44.72282],[8.06438,44.7226],[8.06429,44.72253],[8.06422,44.72248],[8.06411,44.72239],[8.06389,44.72222],[8.06382,44.72217],[8.06366,44.72204],[8.06361,44.72201],[8.06348,44.72188],[8.06336,44.72176],[8.06323,44.72162],[8.06308,44.72149],[8.06305,44.72147],[8.06297,44.72135],[8.06295,44.72133],[8.06289,44.72125],[8.06286,44.7212],[8.06284,44.72117],[8.06283,44.72114],[8.06281,44.7211],[8.06276,44.72098],[8.06274,44.72093],[8.0627,44.72083],[8.06264,44.72073],[8.06265,44.72069],[8.06264,44.72063],[8.06261,44.7205],[8.0626,44.72045],[8.06259,44.72043],[8.06255,44.72033],[8.06254,44.72031],[8.06248,44.72016],[8.06243,44.72003],[8.06238,44.7199],[8.06231,44.71972],[8.06225,44.71951],[8.06215,44.7192],[8.06209,44.71903],[8.06204,44.71889],[8.06204,44.71887],[8.06201,44.71881],[8.06194,44.71869],[8.06189,44.71859],[8.06181,44.71843],[8.0617,44.71825],[8.06159,44.71804],[8.06157,44.718],[8.06142,44.71765],[8.06141,44.71763],[8.06133,44.71745],[8.0613,44.71736],[8.06128,44.71732],[8.06124,44.71725],[8.06113,44.71707],[8.06108,44.71698],[8.06099,44.71684],[8.06092,44.71669],[8.06086,44.71659],[8.06079,44.71645],[8.06078,44.71642],[8.06072,44.7163],[8.06066,44.71622],[8.06057,44.71602],[8.06052,44.71589],[8.0605,44.71586],[8.06042,44.71573],[8.06038,44.71566],[8.06032,44.71553],[8.0603,44.71549],[8.06023,44.71535],[8.06019,44.71521],[8.06018,44.71518],[8.06016,44.71512],[8.0601,44.7149],[8.06,44.71481],[8.05996,44.71477],[8.05994,44.71475],[8.05984,44.71465],[8.05975,44.71454],[8.05965,44.71442],[8.05945,44.71416],[8.05928,44.71395],[8.0592,44.71385],[8.05904,44.71365],[8.05889,44.71346],[8.05887,44.71344],[8.05882,44.71335],[8.05873,44.71322],[8.05863,44.71305],[8.05856,44.71295],[8.05854,44.71292],[8.05826,44.71247],[8.05821,44.7124],[8.05813,44.71226],[8.05805,44.71216],[8.058,44.71207],[8.05786,44.71184],[8.05779,44.71173],[8.05776,44.71169],[8.05758,44.71139],[8.05747,44.71123],[8.0573,44.71096],[8.05729,44.71092],[8.05719,44.71077],[8.05715,44.71074],[8.05704,44.71066],[8.05705,44.71066],[8.05713,44.71059],[8.05713,44.71059],[8.05713,44.71059],[8.05728,44.71047],[8.05739,44.71039],[8.05763,44.7102],[8.05805,44.70988],[8.05823,44.70974],[8.05832,44.70965],[8.05849,44.70948],[8.05866,44.70941],[8.05878,44.70933],[8.05884,44.70929],[8.05891,44.70925],[8.05895,44.70923],[8.05898,44.70921],[8.05911,44.70917],[8.05926,44.70915],[8.0594,44.70908],[8.05957,44.70901],[8.05961,44.70892],[8.0596,44.70878],[8.05959,44.70871],[8.0596,44.70861],[8.0596,44.70852],[8.05961,44.70841],[8.05972,44.70828],[8.05982,44.70817],[8.05986,44.70816],[8.06005,44.70811],[8.06035,44.70804],[8.06076,44.70786],[8.06082,44.70767],[8.06089,44.70743],[8.0609,44.70741],[8.06082,44.70734],[8.06043,44.70726],[8.06036,44.70717],[8.06034,44.70715],[8.06035,44.70712],[8.06038,44.70704],[8.0604,44.70701],[8.06045,44.70697],[8.0605,44.70695],[8.06062,44.70686],[8.06071,44.7068],[8.06085,44.70671],[8.06104,44.70663],[8.06128,44.70654],[8.06139,44.7065],[8.06157,44.70643],[8.06173,44.70638],[8.06203,44.70625],[8.06224,44.70617],[8.06226,44.70615],[8.06229,44.7061],[8.06223,44.70605],[8.06207,44.70592],[8.06199,44.70585],[8.06196,44.70582],[8.06191,44.70576],[8.06176,44.70558],[8.06171,44.70551],[8.06172,44.70533],[8.06172,44.7053],[8.06189,44.70506],[8.06205,44.7049],[8.0621,44.70486],[8.06227,44.70473],[8.06236,44.70466],[8.06245,44.7046],[8.06288,44.70432],[8.06297,44.70426],[8.06312,44.70417],[8.06314,44.70414],[8.06328,44.70404],[8.06329,44.70401],[8.0633,44.70398],[8.0631,44.70377],[8.06304,44.70365],[8.06306,44.70363],[8.06317,44.70351],[8.06322,44.70347],[8.06345,44.70329],[8.06382,44.70286],[8.06383,44.70283],[8.06387,44.70273],[8.06383,44.70263],[8.06348,44.70248],[8.06318,44.70241],[8.06315,44.70239],[8.06306,44.70234],[8.06283,44.70215],[8.06281,44.70214],[8.06263,44.70211],[8.06249,44.70208],[8.0624,44.70205],[8.06232,44.70204],[8.0623,44.70202],[8.0623,44.70199],[8.06238,44.70181],[8.06244,44.70162],[8.06246,44.70148],[8.06247,44.70132],[8.06247,44.70127],[8.06252,44.70095],[8.06256,44.70062],[8.06258,44.70056],[8.06257,44.70041],[8.06257,44.70027],[8.06258,44.70017],[8.06259,44.70011],[8.06261,44.69989],[8.06263,44.69978],[8.06267,44.69954],[8.06271,44.6994],[8.06262,44.69932],[8.0625,44.69921],[8.06228,44.69907],[8.06215,44.69898],[8.06192,44.69889],[8.06179,44.69883],[8.06171,44.6988],[8.06175,44.69875],[8.06182,44.69868],[8.06186,44.69862],[8.06194,44.69853],[8.062,44.69845],[8.06203,44.69825],[8.06197,44.69813],[8.06193,44.69804],[8.06191,44.698],[8.06188,44.69795],[8.06184,44.69787],[8.06182,44.69783],[8.06176,44.69773],[8.06175,44.6977],[8.06171,44.6976],[8.06165,44.69745],[8.06162,44.69737],[8.06162,44.69724],[8.06163,44.69721],[8.06164,44.69706],[8.06164,44.69697],[8.06165,44.69692],[8.06166,44.69683],[8.06171,44.69667],[8.06172,44.69664],[8.06174,44.69655],[8.06176,44.69648],[8.06181,44.69627],[8.06167,44.69611],[8.06171,44.69595],[8.06175,44.69587],[8.0618,44.69582],[8.06189,44.69572],[8.06189,44.69558],[8.06189,44.6954],[8.06184,44.69526],[8.06171,44.69512],[8.0615,44.69489],[8.0614,44.69476],[8.06133,44.69465],[8.06138,44.69451],[8.06141,44.69442],[8.0614,44.69437],[8.06138,44.69425],[8.06137,44.6942],[8.06127,44.69413],[8.06121,44.69406],[8.06116,44.69401],[8.06111,44.69385],[8.0611,44.69381],[8.06111,44.69378],[8.06115,44.69368],[8.06119,44.69357],[8.06125,44.69347],[8.0613,44.69339],[8.06137,44.69332],[8.0614,44.6933],[8.06147,44.69322],[8.06156,44.69311],[8.06163,44.69302],[8.06169,44.69291],[8.06175,44.69279],[8.06173,44.69269],[8.06171,44.69251],[8.0617,44.69234],[8.0617,44.69229],[8.06168,44.69202],[8.06167,44.69194],[8.06163,44.69179],[8.06159,44.69169],[8.06157,44.69165],[8.06152,44.69152],[8.06149,44.69147],[8.06145,44.69138],[8.06144,44.69135],[8.06143,44.69125],[8.06143,44.69121],[8.06143,44.69114],[8.06144,44.69112],[8.06149,44.691],[8.06152,44.69101],[8.06154,44.69101],[8.06158,44.69093],[8.06171,44.6909],[8.06177,44.69091],[8.06171,44.69004],[8.0614,44.68907],[8.06224,44.68863],[8.06267,44.68837],[8.06266,44.68763],[8.06326,44.687],[8.06408,44.68648],[8.06438,44.68595],[8.06439,44.68541],[8.06486,44.68475],[8.06616,44.68364],[8.06632,44.6834],[8.06623,44.68309],[8.06587,44.68264],[8.06604,44.68226],[8.06678,44.68169],[8.06657,44.68098],[8.0666,44.68062],[8.06678,44.68026],[8.06754,44.68015],[8.06794,44.67997],[8.06849,44.67895],[8.06897,44.6779],[8.06949,44.6775],[8.07059,44.67721],[8.07136,44.67691],[8.07201,44.67615],[8.07232,44.67565],[8.07408,44.67497],[8.07592,44.67446],[8.07651,44.67427],[8.07754,44.67399],[8.07875,44.67322],[8.07968,44.67266],[8.08006,44.67197],[8.08021,44.67165],[8.08072,44.67145],[8.08107,44.67078],[8.08131,44.67033],[8.08224,44.66951],[8.08279,44.6692],[8.08401,44.66919],[8.08429,44.66911],[8.08452,44.66889],[8.08477,44.66865],[8.08527,44.66844],[8.0855,44.66835],[8.0854,44.66821],[8.08535,44.66806],[8.08541,44.66753],[8.0853,44.66749],[8.08532,44.66732],[8.08542,44.66721],[8.08585,44.66687],[8.086,44.66658],[8.08635,44.66645]]]}},{"type":"Feature","properties":{"denominazi":"Barolo","tipo":"DOCG","codice":"DOC_07"},"geometry":{"type":"Polygon","coordinates":[[[7.95474,44.6744],[7.95421,44.67414],[7.95399,44.67426],[7.95383,44.67436],[7.95373,44.67438],[7.95353,44.67441],[7.95351,44.67452],[7.95354,44.67456],[7.95328,44.6747],[7.95303,44.67476],[7.95269,44.67469],[7.95245,44.67466],[7.95213,44.67461],[7.9521,44.67465],[7.9519,44.67496],[7.95136,44.67562],[7.95112,44.6759],[7.95094,44.67596],[7.95064,44.67601],[7.95011,44.67607],[7.94959,44.67607],[7.9488,44.67576],[7.94764,44.67618],[7.94732,44.67624],[7.94667,44.67622],[7.94602,44.67624],[7.94571,44.67631],[7.9455,44.67647],[7.94508,44.6767],[7.94461,44.67709],[7.94373,44.67766],[7.94353,44.67768],[7.9406,44.67761],[7.94058,44.67721],[7.94048,44.67727],[7.94048,44.67722],[7.94048,44.67719],[7.9404,44.67719],[7.94037,44.6771],[7.94011,44.67714],[7.94018,44.67694],[7.93959,44.67683],[7.93949,44.67695],[7.93882,44.67671],[7.93821,44.67657],[7.93775,44.67613],[7.93722,44.67518],[7.93707,44.67508],[7.93671,44.67487],[7.93661,44.67471],[7.93648,44.67457],[7.93652,44.67456],[7.93629,44.67447],[7.93619,44.67441],[7.93612,44.67435],[7.93592,44.67409],[7.93588,44.67365],[7.936,44.67298],[7.936,44.67278],[7.9356,44.67173],[7.9356,44.67168],[7.93548,44.67136],[7.93533,44.67095],[7.93521,44.67072],[7.93506,44.67055],[7.93424,44.67002],[7.93418,44.66996],[7.93415,44.66986],[7.93415,44.66971],[7.93306,44.66925],[7.9324,44.66881],[7.93176,44.66798],[7.93142,44.66753],[7.93092,44.66682],[7.9303,44.66616],[7.92974,44.66565],[7.92836,44.66516],[7.92452,44.66406],[7.92281,44.66333],[7.92199,44.66322],[7.91958,44.66315],[7.91832,44.66263],[7.91769,44.66232],[7.91723,44.66439],[7.9166,44.66555],[7.91638,44.66695],[7.91634,44.66696],[7.91636,44.66717],[7.91641,44.66717],[7.9165,44.66736],[7.91649,44.66745],[7.91641,44.66756],[7.91641,44.66762],[7.91605,44.66879],[7.91608,44.66911],[7.91607,44.66925],[7.91603,44.66934],[7.916,44.6694],[7.91578,44.66973],[7.91588,44.66983],[7.91601,44.66994],[7.916,44.66999],[7.91588,44.67009],[7.91586,44.67013],[7.91586,44.67015],[7.91587,44.67016],[7.91612,44.67034],[7.91615,44.67036],[7.91615,44.67039],[7.91613,44.67042],[7.91594,44.67045],[7.9159,44.67051],[7.91591,44.6709],[7.91598,44.67102],[7.91607,44.6716],[7.91592,44.67178],[7.91541,44.67271],[7.91531,44.67282],[7.91507,44.67295],[7.91504,44.67301],[7.91565,44.67431],[7.91548,44.67425],[7.914,44.67389],[7.91372,44.67358],[7.91307,44.6731],[7.91243,44.67289],[7.91148,44.67238],[7.91082,44.67189],[7.91089,44.67002],[7.90949,44.6673],[7.90936,44.66707],[7.9092,44.66712],[7.90912,44.66714],[7.90897,44.66716],[7.90843,44.66722],[7.90843,44.66722],[7.90803,44.6664],[7.90801,44.66636],[7.90776,44.6664],[7.90723,44.66648],[7.90677,44.66655],[7.90702,44.6656],[7.90676,44.66551],[7.90629,44.66533],[7.90615,44.66528],[7.90617,44.66527],[7.90615,44.66523],[7.90628,44.66504],[7.90625,44.66492],[7.90578,44.66478],[7.9056,44.66475],[7.9053,44.66472],[7.90486,44.66466],[7.90474,44.66465],[7.90464,44.66461],[7.90428,44.66452],[7.90416,44.6645],[7.90394,44.66445],[7.90369,44.6644],[7.9035,44.66433],[7.90305,44.66422],[7.90253,44.66404],[7.9023,44.664],[7.90225,44.664],[7.90204,44.66399],[7.90202,44.66398],[7.90204,44.66393],[7.90205,44.6639],[7.90211,44.66386],[7.90211,44.66384],[7.90208,44.66379],[7.90211,44.66373],[7.90209,44.66369],[7.9021,44.66365],[7.90213,44.66363],[7.9022,44.66363],[7.90222,44.66361],[7.90223,44.6636],[7.90218,44.66357],[7.90218,44.66354],[7.90223,44.66351],[7.90227,44.66344],[7.90228,44.66341],[7.90227,44.66339],[7.90226,44.66339],[7.90228,44.66337],[7.90232,44.66333],[7.90236,44.66332],[7.90236,44.66329],[7.90232,44.66325],[7.9023,44.66325],[7.9023,44.66324],[7.90238,44.66322],[7.90242,44.66319],[7.90244,44.66317],[7.90261,44.66304],[7.90275,44.66295],[7.90276,44.66295],[7.90276,44.66293],[7.90285,44.6629],[7.90285,44.66286],[7.90284,44.66283],[7.9029,44.66277],[7.90294,44.66274],[7.90304,44.66277],[7.90308,44.66279],[7.90321,44.66284],[7.90323,44.66284],[7.90328,44.66287],[7.90329,44.66286],[7.90375,44.66293],[7.90381,44.66293],[7.9038,44.66295],[7.90395,44.66298],[7.90413,44.663],[7.90424,44.66302],[7.90431,44.663],[7.90468,44.66273],[7.90506,44.66245],[7.90473,44.66209],[7.9045,44.66216],[7.90311,44.66245],[7.90239,44.66295],[7.90142,44.66372],[7.90059,44.66478],[7.90041,44.66582],[7.90048,44.66625],[7.9,44.66696],[7.89919,44.66811],[7.89886,44.66886],[7.89874,44.66993],[7.89473,44.66787],[7.89369,44.66687],[7.89806,44.66484],[7.89897,44.6641],[7.90029,44.66356],[7.90166,44.66231],[7.90185,44.66198],[7.90313,44.66154],[7.90467,44.66087],[7.90514,44.65991],[7.90487,44.65738],[7.90447,44.6546],[7.9044,44.65342],[7.90427,44.65228],[7.90445,44.65097],[7.90452,44.65059],[7.90359,44.65099],[7.90349,44.65126],[7.90326,44.65177],[7.9023,44.65176],[7.90117,44.65159],[7.90065,44.65114],[7.90013,44.65051],[7.90018,44.65048],[7.90023,44.65026],[7.90009,44.65003],[7.8995,44.64934],[7.89929,44.64891],[7.89969,44.64846],[7.89962,44.64823],[7.89917,44.6478],[7.89889,44.64747],[7.89976,44.64666],[7.90074,44.64592],[7.90123,44.64572],[7.90208,44.64562],[7.90224,44.64535],[7.90291,44.64503],[7.90373,44.64496],[7.90483,44.64462],[7.90491,44.64453],[7.90552,44.64441],[7.90591,44.64422],[7.9071,44.64333],[7.90763,44.64299],[7.90776,44.64282],[7.90781,44.64264],[7.90761,44.64127],[7.90762,44.64068],[7.90745,44.63961],[7.90707,44.63917],[7.90692,44.63814],[7.90665,44.63668],[7.90491,44.63587],[7.90474,44.63569],[7.90458,44.63527],[7.90426,44.63452],[7.90459,44.63396],[7.90511,44.63346],[7.90488,44.63288],[7.90457,44.63256],[7.90414,44.63205],[7.90354,44.6315],[7.90345,44.63113],[7.90342,44.63077],[7.90366,44.63016],[7.90371,44.62994],[7.90381,44.62979],[7.9038,44.62964],[7.90395,44.62951],[7.90403,44.62918],[7.90378,44.62822],[7.90382,44.628],[7.90398,44.62775],[7.9041,44.62735],[7.90405,44.62712],[7.90386,44.62692],[7.90365,44.62676],[7.90362,44.62663],[7.9036,44.62632],[7.90373,44.62608],[7.90374,44.62588],[7.90364,44.62575],[7.90334,44.62555],[7.90327,44.6253],[7.9034,44.62422],[7.90336,44.62374],[7.90337,44.62341],[7.9037,44.62299],[7.90375,44.62276],[7.90384,44.62263],[7.90424,44.62217],[7.90434,44.62188],[7.90449,44.62209],[7.90489,44.62212],[7.90509,44.62221],[7.90529,44.62238],[7.90575,44.62263],[7.90621,44.62291],[7.90675,44.62318],[7.90753,44.6233],[7.90847,44.62332],[7.90942,44.6234],[7.90976,44.62332],[7.9106,44.62337],[7.91142,44.62332],[7.91232,44.62311],[7.91289,44.623],[7.91362,44.62299],[7.91562,44.62282],[7.91583,44.62273],[7.91692,44.62208],[7.91837,44.62114],[7.91878,44.6209],[7.92008,44.62021],[7.92097,44.61977],[7.92154,44.61938],[7.92188,44.61906],[7.92145,44.61919],[7.92144,44.6192],[7.92141,44.61915],[7.92137,44.61909],[7.92129,44.61897],[7.92126,44.61893],[7.92116,44.61878],[7.92112,44.61872],[7.92102,44.61857],[7.921,44.61855],[7.92092,44.61843],[7.92082,44.61829],[7.92073,44.61814],[7.9207,44.6181],[7.92062,44.618],[7.92058,44.61794],[7.92051,44.61784],[7.92045,44.61775],[7.9204,44.61769],[7.92037,44.61765],[7.92036,44.61762],[7.92036,44.61759],[7.92036,44.61752],[7.92037,44.61741],[7.92038,44.61723],[7.92038,44.61718],[7.92041,44.61687],[7.92042,44.61673],[7.92042,44.61669],[7.92042,44.61664],[7.92043,44.61658],[7.92043,44.61649],[7.92043,44.61644],[7.92043,44.61638],[7.92043,44.61632],[7.92042,44.61627],[7.92042,44.61618],[7.92041,44.61605],[7.9204,44.61596],[7.9204,44.61592],[7.92039,44.61589],[7.92039,44.61582],[7.92038,44.61577],[7.92037,44.6156],[7.92035,44.61547],[7.92034,44.61539],[7.92034,44.61536],[7.92033,44.61524],[7.92032,44.61518],[7.92031,44.61512],[7.9203,44.61497],[7.92029,44.61481],[7.92028,44.61473],[7.92026,44.61456],[7.92025,44.61442],[7.92024,44.61428],[7.92023,44.61417],[7.92019,44.61369],[7.92019,44.61364],[7.92019,44.61357],[7.92018,44.61343],[7.92018,44.61333],[7.92017,44.61332],[7.92016,44.61329],[7.92013,44.61315],[7.9201,44.61305],[7.92009,44.613],[7.92006,44.61289],[7.92005,44.61286],[7.92002,44.61273],[7.91998,44.61257],[7.91995,44.61245],[7.91991,44.61228],[7.9199,44.6122],[7.91989,44.61216],[7.91985,44.612],[7.91982,44.61185],[7.91979,44.61175],[7.91978,44.61173],[7.91978,44.6117],[7.91974,44.61156],[7.91973,44.6115],[7.91972,44.61145],[7.9197,44.61134],[7.91969,44.61131],[7.91965,44.61114],[7.91962,44.61104],[7.91961,44.61097],[7.9196,44.61095],[7.9196,44.61107],[7.9196,44.61111],[7.91947,44.61047],[7.91944,44.6103],[7.91941,44.61017],[7.91933,44.60986],[7.91929,44.6097],[7.91928,44.60964],[7.91925,44.60953],[7.91924,44.60951],[7.91921,44.60937],[7.91918,44.6092],[7.91916,44.6091],[7.91915,44.60905],[7.91914,44.6089],[7.91913,44.60871],[7.91911,44.60843],[7.91909,44.60815],[7.91907,44.608],[7.91906,44.60795],[7.91906,44.60793],[7.91884,44.60677],[7.91853,44.60644],[7.91783,44.60638],[7.91727,44.60637],[7.91696,44.60632],[7.91652,44.60619],[7.91609,44.60609],[7.91562,44.60604],[7.91508,44.60569],[7.91448,44.60526],[7.91284,44.60398],[7.91165,44.60331],[7.91202,44.60273],[7.91248,44.60203],[7.91301,44.6011],[7.91381,44.60062],[7.91593,44.59939],[7.91724,44.59883],[7.91753,44.59879],[7.91789,44.59873],[7.91909,44.59832],[7.9189,44.5981],[7.91905,44.59783],[7.91958,44.59752],[7.92005,44.59714],[7.92063,44.59649],[7.92199,44.5952],[7.92206,44.59509],[7.92205,44.595],[7.92209,44.59487],[7.92211,44.59479],[7.92221,44.59458],[7.92234,44.59439],[7.92242,44.5943],[7.92266,44.59412],[7.9229,44.59401],[7.92302,44.59394],[7.92329,44.59359],[7.92314,44.59359],[7.92301,44.59338],[7.923,44.59335],[7.92302,44.59331],[7.9239,44.59266],[7.92415,44.59246],[7.92455,44.59207],[7.92469,44.59201],[7.92465,44.59178],[7.9247,44.59173],[7.92477,44.5917],[7.92493,44.59164],[7.92508,44.5916],[7.92509,44.59154],[7.92519,44.59143],[7.92549,44.59111],[7.92589,44.58999],[7.92637,44.58873],[7.92676,44.58831],[7.92695,44.58821],[7.92698,44.58842],[7.92733,44.58881],[7.92755,44.58868],[7.92755,44.58868],[7.92763,44.5886],[7.92766,44.58859],[7.92776,44.58852],[7.92777,44.58851],[7.92784,44.58847],[7.92788,44.58847],[7.928,44.58843],[7.92809,44.58837],[7.92815,44.58833],[7.92823,44.5883],[7.92824,44.5883],[7.92832,44.58826],[7.92824,44.58826],[7.9283,44.58822],[7.92837,44.58815],[7.92837,44.58815],[7.92838,44.58814],[7.92839,44.58813],[7.9284,44.58812],[7.92842,44.58809],[7.92847,44.58801],[7.92851,44.58794],[7.92854,44.58788],[7.92855,44.58786],[7.92858,44.58782],[7.92859,44.58781],[7.9286,44.58781],[7.92862,44.58776],[7.92865,44.58766],[7.92865,44.58759],[7.92865,44.58759],[7.92864,44.58757],[7.92864,44.58756],[7.92864,44.58756],[7.92861,44.58751],[7.92859,44.58749],[7.92852,44.58738],[7.92844,44.58726],[7.92839,44.58721],[7.92838,44.58721],[7.92828,44.58709],[7.92823,44.58702],[7.92819,44.58698],[7.92816,44.58694],[7.92792,44.58677],[7.92777,44.58667],[7.92754,44.58655],[7.92754,44.58654],[7.92754,44.58654],[7.92753,44.58653],[7.92747,44.58647],[7.92747,44.58646],[7.92745,44.58631],[7.92745,44.58631],[7.9274,44.58624],[7.92716,44.5862],[7.92703,44.58619],[7.9268,44.58616],[7.92654,44.58607],[7.92653,44.58606],[7.92653,44.58606],[7.92651,44.58602],[7.92644,44.58594],[7.92639,44.58589],[7.92637,44.58587],[7.92635,44.58588],[7.92619,44.58593],[7.92604,44.58597],[7.92579,44.58599],[7.92569,44.586],[7.92557,44.58604],[7.92548,44.58606],[7.92546,44.58607],[7.92535,44.58611],[7.92528,44.58617],[7.92524,44.5862],[7.92523,44.58621],[7.92518,44.58618],[7.92511,44.58614],[7.92498,44.58611],[7.92497,44.5861],[7.92487,44.58609],[7.92478,44.58611],[7.92479,44.58612],[7.92472,44.58613],[7.92467,44.58614],[7.92463,44.58616],[7.92459,44.58619],[7.92452,44.58624],[7.92449,44.5863],[7.92447,44.58636],[7.92447,44.58642],[7.92447,44.58646],[7.9245,44.58651],[7.92461,44.58663],[7.92463,44.58666],[7.9247,44.58673],[7.92472,44.58676],[7.92474,44.58678],[7.92476,44.58681],[7.92476,44.58681],[7.92479,44.58687],[7.92478,44.58691],[7.92474,44.58696],[7.9247,44.58699],[7.92463,44.58702],[7.92455,44.58702],[7.92449,44.587],[7.92403,44.58675],[7.92368,44.58656],[7.92355,44.5865],[7.92334,44.58638],[7.9233,44.58636],[7.92292,44.58616],[7.92278,44.58609],[7.92249,44.58594],[7.92248,44.58593],[7.92245,44.5859],[7.92232,44.58581],[7.92227,44.58578],[7.92217,44.58574],[7.92217,44.58574],[7.92211,44.58571],[7.92199,44.58546],[7.92195,44.58541],[7.92191,44.58534],[7.92187,44.58526],[7.92181,44.58515],[7.92171,44.58499],[7.92166,44.58489],[7.92161,44.58482],[7.92156,44.58473],[7.92154,44.58468],[7.92146,44.58449],[7.92145,44.58443],[7.92143,44.58438],[7.92133,44.58412],[7.92129,44.58403],[7.92127,44.58396],[7.92125,44.58384],[7.92124,44.58373],[7.92128,44.5837],[7.9213,44.58369],[7.9214,44.58365],[7.92155,44.5836],[7.92168,44.58357],[7.92177,44.58354],[7.92184,44.58352],[7.92192,44.58351],[7.92197,44.5835],[7.92198,44.58349],[7.92199,44.58349],[7.92206,44.58347],[7.9222,44.58342],[7.92226,44.58339],[7.92229,44.58336],[7.92237,44.5833],[7.92261,44.58322],[7.92274,44.58319],[7.92296,44.58317],[7.92304,44.58316],[7.92313,44.58313],[7.92321,44.58311],[7.92334,44.58306],[7.92344,44.58303],[7.92344,44.583],[7.92334,44.58277],[7.92329,44.58265],[7.92321,44.58253],[7.9232,44.58246],[7.9232,44.58246],[7.9232,44.58241],[7.92353,44.58235],[7.92379,44.5823],[7.92385,44.58229],[7.92394,44.5823],[7.92406,44.58237],[7.92423,44.58242],[7.92427,44.58243],[7.92435,44.58244],[7.92443,44.58244],[7.92451,44.58242],[7.92455,44.5824],[7.92459,44.58236],[7.92465,44.5823],[7.9248,44.58213],[7.92489,44.58204],[7.92491,44.58201],[7.92504,44.58191],[7.92515,44.5818],[7.92523,44.58171],[7.92533,44.58153],[7.9254,44.58147],[7.92547,44.5814],[7.92555,44.5813],[7.92567,44.58116],[7.92569,44.58113],[7.92571,44.5811],[7.92576,44.58101],[7.92581,44.58103],[7.92584,44.58094],[7.9258,44.58093],[7.9259,44.58071],[7.92592,44.58072],[7.92594,44.58069],[7.92598,44.58064],[7.9261,44.58046],[7.92615,44.58038],[7.92629,44.58016],[7.92629,44.58015],[7.92631,44.58004],[7.92637,44.57975],[7.92642,44.57949],[7.92644,44.57935],[7.92644,44.57932],[7.92645,44.57932],[7.92662,44.57925],[7.92663,44.57924],[7.92671,44.57913],[7.92673,44.5791],[7.92676,44.57908],[7.92681,44.57906],[7.92684,44.57908],[7.92687,44.5791],[7.92714,44.57932],[7.9272,44.57935],[7.92755,44.57947],[7.92762,44.57946],[7.92767,44.57945],[7.92787,44.57946],[7.92795,44.57947],[7.92803,44.57946],[7.92813,44.57948],[7.92823,44.57954],[7.92832,44.57954],[7.92838,44.57951],[7.92843,44.57946],[7.92844,44.57945],[7.92843,44.57943],[7.92842,44.57942],[7.92842,44.57941],[7.92843,44.5794],[7.92843,44.5794],[7.92845,44.5794],[7.92846,44.5794],[7.92849,44.5794],[7.9285,44.5794],[7.92852,44.57938],[7.92863,44.57942],[7.92871,44.57949],[7.92899,44.57976],[7.92911,44.57988],[7.92915,44.57989],[7.92922,44.57998],[7.92937,44.58011],[7.92944,44.58015],[7.92969,44.58035],[7.92986,44.58047],[7.92992,44.58051],[7.93,44.58063],[7.93007,44.58068],[7.93018,44.58074],[7.93025,44.58081],[7.93028,44.58086],[7.93041,44.581],[7.93056,44.58115],[7.93057,44.58115],[7.93057,44.58116],[7.93065,44.58119],[7.93087,44.58132],[7.9309,44.58133],[7.93097,44.58142],[7.93098,44.58143],[7.93098,44.58143],[7.93106,44.58149],[7.93107,44.5815],[7.93113,44.58157],[7.93146,44.5817],[7.93148,44.58171],[7.93149,44.58171],[7.9315,44.58173],[7.93159,44.58163],[7.93205,44.58141],[7.9323,44.58122],[7.93248,44.58105],[7.93308,44.58092],[7.93373,44.58081],[7.93405,44.5807],[7.93413,44.58058],[7.93391,44.5784],[7.93398,44.57792],[7.93436,44.57795],[7.93464,44.57796],[7.93466,44.57765],[7.93474,44.57662],[7.93481,44.57521],[7.93485,44.57482],[7.93514,44.57442],[7.93547,44.574],[7.93602,44.57375],[7.93643,44.57364],[7.93689,44.57356],[7.93738,44.57333],[7.93797,44.57309],[7.93831,44.57275],[7.93859,44.57257],[7.93879,44.57244],[7.93893,44.57242],[7.93897,44.57222],[7.93892,44.57213],[7.93916,44.57208],[7.93936,44.5721],[7.93965,44.5721],[7.93992,44.5722],[7.94026,44.57215],[7.94066,44.57218],[7.9409,44.57243],[7.94136,44.57266],[7.94166,44.573],[7.94189,44.57321],[7.94216,44.57333],[7.9423,44.57347],[7.94228,44.5735],[7.94231,44.57355],[7.94237,44.57361],[7.94263,44.57377],[7.94288,44.57399],[7.94306,44.57419],[7.94324,44.57425],[7.9437,44.57448],[7.94388,44.57447],[7.9439,44.5746],[7.94388,44.57464],[7.94383,44.57474],[7.94376,44.57476],[7.94376,44.57485],[7.94393,44.57521],[7.94391,44.576],[7.94396,44.57603],[7.94401,44.57629],[7.94409,44.57634],[7.94425,44.57639],[7.94431,44.57642],[7.94436,44.57642],[7.94446,44.57643],[7.94469,44.57668],[7.94468,44.57688],[7.94488,44.57691],[7.9449,44.57707],[7.94506,44.5772],[7.94498,44.57729],[7.94503,44.57774],[7.94503,44.57777],[7.94519,44.57786],[7.94524,44.57793],[7.94522,44.57809],[7.94524,44.5782],[7.94524,44.57827],[7.94522,44.5783],[7.94517,44.57833],[7.94515,44.57834],[7.94516,44.57836],[7.94521,44.5784],[7.94534,44.57855],[7.9459,44.57909],[7.94648,44.57932],[7.94743,44.57935],[7.94957,44.57927],[7.94996,44.57914],[7.95111,44.57837],[7.95261,44.5777],[7.95396,44.57743],[7.95438,44.57749],[7.95451,44.57755],[7.95477,44.57787],[7.95519,44.57803],[7.95576,44.57819],[7.95673,44.57847],[7.95722,44.57886],[7.95763,44.57953],[7.95781,44.58002],[7.95804,44.58031],[7.95843,44.58063],[7.95921,44.58096],[7.96052,44.58127],[7.96091,44.58176],[7.96108,44.58211],[7.96202,44.58243],[7.96313,44.58259],[7.96439,44.5826],[7.96595,44.58277],[7.96784,44.58293],[7.96798,44.58292],[7.96864,44.58289],[7.96909,44.58248],[7.96957,44.58198],[7.97163,44.58021],[7.972,44.58011],[7.97255,44.58022],[7.97385,44.58071],[7.97582,44.58155],[7.97628,44.58223],[7.97678,44.58226],[7.97718,44.58192],[7.97768,44.58181],[7.97978,44.58183],[7.98038,44.58167],[7.98072,44.58126],[7.98163,44.5808],[7.98183,44.58061],[7.9823,44.57971],[7.98217,44.57916],[7.98124,44.57769],[7.9813,44.57757],[7.98156,44.57755],[7.98161,44.57758],[7.98322,44.5774],[7.98319,44.57737],[7.98384,44.57731],[7.98415,44.5774],[7.98412,44.57735],[7.9845,44.57747],[7.98476,44.57744],[7.9848,44.57746],[7.98521,44.57734],[7.98536,44.57748],[7.98549,44.57788],[7.98558,44.57809],[7.98573,44.57824],[7.98574,44.57839],[7.98577,44.57848],[7.98604,44.57883],[7.98624,44.57903],[7.98658,44.57942],[7.98671,44.57951],[7.98722,44.57975],[7.98755,44.57986],[7.98781,44.57992],[7.98803,44.57984],[7.98825,44.57986],[7.98848,44.57992],[7.98875,44.58003],[7.98883,44.58002],[7.98906,44.58004],[7.98934,44.58009],[7.98946,44.58013],[7.9898,44.58026],[7.98988,44.5803],[7.99022,44.58065],[7.99011,44.58077],[7.99015,44.58092],[7.99027,44.58083],[7.99051,44.5808],[7.99152,44.58131],[7.99182,44.58144],[7.99327,44.58214],[7.99389,44.5823],[7.99501,44.58316],[7.99516,44.58318],[7.99554,44.58333],[7.99606,44.58362],[7.99653,44.58382],[7.99683,44.58402],[7.99705,44.58411],[7.99711,44.58417],[7.99724,44.58437],[7.9973,44.58444],[7.99742,44.5845],[7.99738,44.58452],[7.99766,44.5848],[7.99776,44.58499],[7.99781,44.58542],[7.99798,44.58561],[7.99829,44.58604],[7.99823,44.58606],[7.99819,44.58608],[7.99848,44.58652],[7.99845,44.58707],[7.99876,44.58697],[7.99882,44.58699],[7.99887,44.58703],[7.99891,44.58708],[7.999,44.58708],[7.99911,44.58703],[7.99923,44.58688],[7.99924,44.58685],[7.99931,44.58682],[7.99939,44.58682],[7.99948,44.58685],[7.99956,44.58683],[7.99959,44.5868],[7.99958,44.58675],[7.99955,44.58673],[7.99959,44.58668],[7.99964,44.58666],[7.99976,44.58666],[7.99983,44.58668],[7.99987,44.58675],[7.99994,44.5868],[7.99999,44.58683],[8.0001,44.58685],[8.0002,44.58684],[8.00028,44.5867],[8.00038,44.58668],[8.00049,44.58672],[8.00061,44.58671],[8.00064,44.58666],[8.00065,44.58664],[8.00061,44.58654],[8.00066,44.58646],[8.00074,44.58642],[8.00082,44.58641],[8.00086,44.58642],[8.00094,44.58645],[8.00097,44.58652],[8.00104,44.58652],[8.00117,44.58648],[8.00122,44.58647],[8.00137,44.58644],[8.00144,44.58645],[8.0015,44.58644],[8.00166,44.58644],[8.00172,44.58646],[8.00174,44.58658],[8.00175,44.58661],[8.0018,44.58663],[8.00184,44.58663],[8.00197,44.58656],[8.0021,44.5865],[8.00221,44.58648],[8.00229,44.58649],[8.00241,44.58646],[8.00243,44.58645],[8.0025,44.58638],[8.0026,44.58637],[8.00265,44.58639],[8.00272,44.58642],[8.00287,44.58644],[8.00294,44.58643],[8.00301,44.58641],[8.0032,44.58634],[8.0034,44.58633],[8.00348,44.58632],[8.00362,44.58623],[8.00373,44.58636],[8.00375,44.58639],[8.0039,44.58656],[8.00392,44.58658],[8.00394,44.58661],[8.00404,44.58675],[8.00418,44.58697],[8.00442,44.58721],[8.00445,44.58724],[8.00453,44.58732],[8.00464,44.58739],[8.00499,44.58758],[8.00501,44.58759],[8.00509,44.58765],[8.0051,44.58768],[8.00514,44.5877],[8.00523,44.58772],[8.00533,44.58786],[8.00537,44.5879],[8.00543,44.58796],[8.00552,44.58799],[8.00562,44.58803],[8.00565,44.58804],[8.00571,44.58807],[8.00573,44.58808],[8.00576,44.58811],[8.00586,44.58818],[8.00589,44.5882],[8.00595,44.58822],[8.00606,44.58824],[8.00606,44.58827],[8.00604,44.58832],[8.00603,44.58839],[8.00601,44.58843],[8.006,44.58846],[8.00595,44.58858],[8.00591,44.5887],[8.0058,44.58895],[8.00574,44.58912],[8.00567,44.58931],[8.00554,44.58953],[8.00533,44.58985],[8.0052,44.59006],[8.00508,44.59027],[8.00497,44.59041],[8.00504,44.59053],[8.00519,44.59081],[8.0055,44.59081],[8.00568,44.59081],[8.00598,44.59112],[8.00604,44.59115],[8.0062,44.59116],[8.00629,44.5912],[8.00632,44.59122],[8.00635,44.59131],[8.00636,44.59134],[8.00633,44.59139],[8.00631,44.59141],[8.0064,44.5916],[8.0065,44.59167],[8.00656,44.59168],[8.00663,44.59173],[8.00665,44.59177],[8.00668,44.59181],[8.00674,44.5919],[8.00688,44.59197],[8.00698,44.59205],[8.00705,44.59204],[8.00725,44.5921],[8.00728,44.59212],[8.00742,44.5922],[8.00749,44.59224],[8.00758,44.59232],[8.00782,44.5924],[8.00795,44.59244],[8.00803,44.59248],[8.00809,44.59262],[8.00816,44.59268],[8.00815,44.59279],[8.00817,44.59284],[8.00819,44.5929],[8.00814,44.59299],[8.00813,44.59309],[8.00825,44.59314],[8.00836,44.59326],[8.00839,44.59329],[8.00855,44.5934],[8.00861,44.5935],[8.00867,44.59355],[8.00872,44.59359],[8.00873,44.59367],[8.00874,44.59377],[8.00898,44.59393],[8.009,44.59394],[8.00903,44.59399],[8.00899,44.5941],[8.00903,44.59423],[8.0092,44.59437],[8.00923,44.5944],[8.00925,44.59443],[8.00927,44.59446],[8.00933,44.59462],[8.00935,44.59466],[8.00942,44.59472],[8.00944,44.59479],[8.00949,44.5949],[8.00955,44.59503],[8.00958,44.59522],[8.00958,44.59524],[8.0096,44.5954],[8.00969,44.59555],[8.00968,44.59568],[8.00967,44.59582],[8.0097,44.59589],[8.0091,44.59614],[8.00905,44.59616],[8.00883,44.59625],[8.00845,44.5964],[8.00831,44.59646],[8.00827,44.59649],[8.00808,44.59665],[8.00788,44.59681],[8.00765,44.597],[8.00795,44.59716],[8.00792,44.59729],[8.00783,44.59761],[8.00747,44.59766],[8.00723,44.59769],[8.00682,44.59773],[8.00675,44.59775],[8.00668,44.59776],[8.00666,44.59776],[8.00663,44.5979],[8.00662,44.59793],[8.00653,44.59816],[8.00651,44.5982],[8.00648,44.59823],[8.00645,44.5983],[8.00637,44.59853],[8.00634,44.59859],[8.00634,44.59862],[8.00634,44.59866],[8.00622,44.59896],[8.00611,44.59919],[8.0061,44.59922],[8.00608,44.59929],[8.00607,44.59933],[8.00604,44.59948],[8.00603,44.59951],[8.00602,44.59957],[8.00601,44.59965],[8.00601,44.59967],[8.00599,44.59975],[8.006,44.59984],[8.006,44.59986],[8.006,44.59989],[8.006,44.59994],[8.006,44.59997],[8.00601,44.6],[8.00602,44.60003],[8.00602,44.60005],[8.00602,44.60008],[8.00604,44.60011],[8.0062,44.60036],[8.00627,44.60041],[8.0064,44.60057],[8.00655,44.60069],[8.00662,44.60071],[8.00675,44.60074],[8.00695,44.6008],[8.00694,44.60106],[8.00694,44.60122],[8.00694,44.60124],[8.00694,44.60137],[8.00694,44.60148],[8.00694,44.60151],[8.00695,44.60161],[8.00694,44.60172],[8.00694,44.60176],[8.00695,44.60189],[8.00695,44.60192],[8.0069,44.60194],[8.00688,44.60199],[8.0068,44.60207],[8.00679,44.60216],[8.0068,44.6022],[8.0069,44.60242],[8.00689,44.60247],[8.00696,44.60267],[8.00683,44.60284],[8.00675,44.60287],[8.00654,44.60296],[8.00633,44.60308],[8.00631,44.60309],[8.00615,44.60321],[8.00611,44.60323],[8.00591,44.60336],[8.00571,44.60348],[8.00562,44.60364],[8.00561,44.60366],[8.00558,44.60374],[8.00534,44.60386],[8.00533,44.60388],[8.00529,44.60399],[8.00527,44.60404],[8.00525,44.60409],[8.00516,44.60429],[8.00514,44.60432],[8.005,44.60437],[8.00484,44.60454],[8.0048,44.60458],[8.00478,44.60459],[8.00465,44.60467],[8.00461,44.60475],[8.00458,44.60478],[8.00455,44.60484],[8.00454,44.60488],[8.00444,44.60492],[8.00442,44.60506],[8.00441,44.6051],[8.00422,44.60516],[8.00408,44.60522],[8.00399,44.60527],[8.00393,44.60541],[8.00391,44.60542],[8.00385,44.60546],[8.00371,44.60555],[8.00369,44.6056],[8.0036,44.60565],[8.00354,44.6057],[8.0035,44.60571],[8.00339,44.60578],[8.00336,44.60587],[8.00334,44.60593],[8.00335,44.60596],[8.00342,44.60622],[8.00342,44.60628],[8.00345,44.60634],[8.00345,44.60636],[8.00347,44.60642],[8.00348,44.60645],[8.00351,44.6065],[8.00352,44.60654],[8.00355,44.60661],[8.00355,44.60665],[8.00357,44.60673],[8.00358,44.60678],[8.00368,44.60695],[8.00374,44.60703],[8.00369,44.60708],[8.00378,44.60716],[8.00378,44.60719],[8.00379,44.60727],[8.00394,44.60738],[8.00403,44.60744],[8.00406,44.60751],[8.00415,44.60769],[8.00424,44.60777],[8.00428,44.60781],[8.00434,44.60792],[8.00442,44.60803],[8.00444,44.60805],[8.00447,44.60812],[8.00449,44.60815],[8.00455,44.60822],[8.00452,44.60828],[8.00455,44.60833],[8.00464,44.60841],[8.00464,44.60854],[8.00465,44.60855],[8.00469,44.60859],[8.0048,44.60864],[8.00486,44.6087],[8.00489,44.60871],[8.00499,44.60873],[8.00504,44.60874],[8.00505,44.60875],[8.00507,44.60877],[8.00507,44.6088],[8.00507,44.60887],[8.00515,44.60891],[8.00518,44.60894],[8.00525,44.60898],[8.00528,44.60901],[8.00541,44.60908],[8.00548,44.60914],[8.00549,44.60916],[8.0055,44.60918],[8.00563,44.6093],[8.00574,44.60943],[8.00584,44.60953],[8.00589,44.60955],[8.00601,44.6097],[8.0061,44.60984],[8.00628,44.60999],[8.00652,44.61006],[8.00656,44.61008],[8.00666,44.61012],[8.00682,44.61016],[8.00689,44.61025],[8.00704,44.61034],[8.00708,44.61036],[8.00719,44.6104],[8.00726,44.61042],[8.00736,44.61046],[8.00744,44.61047],[8.0076,44.6105],[8.00769,44.61059],[8.00776,44.61074],[8.00798,44.61087],[8.00808,44.61081],[8.00811,44.61081],[8.00817,44.61084],[8.00829,44.61101],[8.00845,44.6111],[8.00856,44.61123],[8.0088,44.61134],[8.00915,44.61135],[8.00947,44.6114],[8.00971,44.61145],[8.00975,44.61145],[8.00981,44.61145],[8.01002,44.61144],[8.01026,44.61163],[8.01064,44.6123],[8.01069,44.6124],[8.01074,44.6129],[8.01078,44.61302],[8.01081,44.61309],[8.01089,44.61333],[8.011,44.61379],[8.0115,44.61423],[8.0117,44.61432],[8.01172,44.61438],[8.01173,44.61445],[8.01174,44.61452],[8.01174,44.61457],[8.01159,44.6146],[8.01098,44.61483],[8.01084,44.6149],[8.01076,44.61494],[8.01062,44.61501],[8.01037,44.61512],[8.0102,44.61519],[8.01,44.61531],[8.00999,44.61536],[8.00981,44.6155],[8.0098,44.61552],[8.00972,44.61563],[8.0097,44.61575],[8.00969,44.61586],[8.00968,44.61602],[8.00968,44.61615],[8.00968,44.61619],[8.00966,44.6163],[8.00965,44.61636],[8.00965,44.61644],[8.00964,44.61649],[8.00964,44.61655],[8.00964,44.61664],[8.00963,44.61683],[8.00955,44.61701],[8.00946,44.61707],[8.00933,44.61731],[8.00931,44.61752],[8.00932,44.61774],[8.0094,44.6179],[8.00946,44.61802],[8.00965,44.61813],[8.00973,44.61819],[8.00976,44.6182],[8.00992,44.61827],[8.01014,44.61825],[8.01029,44.61821],[8.01033,44.6182],[8.01071,44.61811],[8.0109,44.61806],[8.01105,44.61801],[8.0111,44.61803],[8.01117,44.61804],[8.01128,44.61809],[8.01133,44.61815],[8.01135,44.61821],[8.01137,44.61826],[8.01133,44.61839],[8.01128,44.61854],[8.0112,44.61868],[8.01102,44.61882],[8.01084,44.61895],[8.0107,44.61906],[8.01056,44.61916],[8.01051,44.61919],[8.01035,44.61931],[8.01022,44.61939],[8.0102,44.61941],[8.01006,44.61953],[8.01004,44.61955],[8.00998,44.61959],[8.00996,44.61961],[8.00988,44.61969],[8.0096,44.61978],[8.00956,44.61979],[8.00945,44.61982],[8.00902,44.61992],[8.00872,44.62],[8.00868,44.62001],[8.00865,44.62001],[8.0083,44.62005],[8.00816,44.62007],[8.00781,44.62011],[8.00761,44.62022],[8.00756,44.62025],[8.00738,44.62044],[8.00738,44.62058],[8.00737,44.6206],[8.00738,44.62066],[8.00738,44.6207],[8.0074,44.62083],[8.00741,44.62086],[8.00747,44.62102],[8.00748,44.6212],[8.00749,44.62143],[8.00754,44.62158],[8.00759,44.6218],[8.00758,44.62188],[8.00753,44.62198],[8.00747,44.62213],[8.00746,44.62215],[8.00734,44.62224],[8.0073,44.62227],[8.00719,44.62232],[8.00698,44.62243],[8.0068,44.62249],[8.0065,44.6226],[8.00644,44.62268],[8.00642,44.6227],[8.00638,44.62282],[8.00638,44.62285],[8.00634,44.62294],[8.00631,44.62301],[8.00628,44.62308],[8.00634,44.62322],[8.00647,44.62331],[8.00666,44.62355],[8.00668,44.62357],[8.0067,44.62364],[8.00674,44.62374],[8.00677,44.62379],[8.00683,44.62393],[8.00689,44.62409],[8.00694,44.62423],[8.00699,44.62436],[8.00705,44.62451],[8.00666,44.6245],[8.00651,44.62449],[8.0064,44.62449],[8.00632,44.62449],[8.00572,44.62447],[8.00549,44.62447],[8.00506,44.62446],[8.00497,44.62446],[8.00502,44.62451],[8.00505,44.6246],[8.00507,44.62463],[8.00508,44.62467],[8.0051,44.62472],[8.00514,44.62487],[8.00515,44.62501],[8.00516,44.62515],[8.00517,44.62534],[8.00517,44.62542],[8.00518,44.62554],[8.00518,44.62562],[8.00519,44.62569],[8.00519,44.62571],[8.00519,44.62577],[8.00519,44.62583],[8.00519,44.62591],[8.00518,44.62609],[8.00517,44.62611],[8.00517,44.62617],[8.00517,44.62621],[8.00517,44.62634],[8.00517,44.62643],[8.00518,44.62653],[8.00518,44.62665],[8.00519,44.6268],[8.00519,44.62691],[8.00519,44.62707],[8.00518,44.62712],[8.00517,44.62719],[8.00516,44.62721],[8.00515,44.62725],[8.00513,44.62727],[8.00513,44.62732],[8.00553,44.62738],[8.00587,44.62743],[8.00643,44.62751],[8.00649,44.62752],[8.00689,44.62763],[8.00691,44.62758],[8.00697,44.62742],[8.00703,44.62727],[8.00719,44.62727],[8.00741,44.62727],[8.00773,44.62727],[8.00791,44.62726],[8.00814,44.62727],[8.00824,44.62735],[8.00834,44.62743],[8.00838,44.62746],[8.00849,44.62757],[8.00853,44.62763],[8.00854,44.62777],[8.00855,44.62786],[8.00854,44.6279],[8.00853,44.62794],[8.00819,44.6283],[8.00813,44.62838],[8.00802,44.62853],[8.00796,44.62861],[8.00784,44.62878],[8.00783,44.62881],[8.00782,44.62888],[8.00781,44.629],[8.00778,44.62912],[8.00777,44.62915],[8.00763,44.63072],[8.0076,44.63077],[8.00743,44.63101],[8.00739,44.63125],[8.00746,44.63139],[8.00754,44.6315],[8.00752,44.63166],[8.00751,44.6317],[8.00748,44.632],[8.00736,44.63226],[8.00731,44.6323],[8.00694,44.63248],[8.00677,44.63254],[8.00669,44.63256],[8.00626,44.63266],[8.00538,44.63321],[8.00532,44.63326],[8.00465,44.63398],[8.0045,44.6343],[8.0045,44.6347],[8.00453,44.63549],[8.00456,44.6359],[8.00431,44.63658],[8.00418,44.63697],[8.00375,44.63722],[8.0025,44.63767],[8.00167,44.63785],[8.00123,44.63778],[8.00092,44.63756],[8.00062,44.63751],[8.00039,44.63761],[7.99991,44.63837],[7.99915,44.63912],[7.99828,44.63983],[7.99734,44.64078],[7.99723,44.64129],[7.99733,44.64162],[7.99752,44.64239],[7.99721,44.64277],[7.99652,44.64322],[7.99546,44.64348],[7.99488,44.64335],[7.99448,44.64336],[7.99377,44.64354],[7.99332,44.64401],[7.99324,44.64456],[7.99273,44.64505],[7.9924,44.64572],[7.99242,44.64646],[7.99258,44.64729],[7.99256,44.64749],[7.99214,44.64763],[7.99171,44.64774],[7.9911,44.64828],[7.99074,44.64844],[7.99141,44.6488],[7.99152,44.64885],[7.99195,44.6489],[7.99263,44.64925],[7.99331,44.64943],[7.99415,44.64982],[7.99454,44.64998],[7.99494,44.65028],[7.99539,44.65025],[7.99581,44.65012],[7.99676,44.65042],[7.99754,44.65075],[7.99801,44.65111],[7.99833,44.65144],[7.99891,44.65161],[7.99963,44.65178],[8.00003,44.65174],[8.00025,44.6517],[8.00043,44.6519],[8.00111,44.65198],[8.00192,44.65202],[8.00239,44.65215],[8.00255,44.65187],[8.00333,44.65194],[8.00405,44.65219],[8.00464,44.65258],[8.00518,44.65281],[8.00557,44.65276],[8.00577,44.65256],[8.00594,44.65251],[8.00673,44.65277],[8.00793,44.65316],[8.00794,44.65324],[8.00733,44.65395],[8.00659,44.65448],[8.00548,44.65537],[8.00474,44.65586],[8.00432,44.65608],[8.00467,44.65703],[8.00477,44.65729],[8.00472,44.65749],[8.00443,44.65792],[8.00403,44.65854],[8.00388,44.65886],[8.00386,44.65915],[8.00392,44.65963],[8.00383,44.66024],[8.00361,44.66057],[8.00315,44.66096],[8.00225,44.66133],[8.00153,44.66154],[7.99997,44.66193],[7.99927,44.66225],[7.99852,44.66272],[7.99801,44.6629],[7.99692,44.66297],[7.9966,44.66316],[7.99608,44.6637],[7.99561,44.66453],[7.99524,44.66501],[7.99491,44.6651],[7.99478,44.66494],[7.9948,44.66469],[7.9952,44.66408],[7.99531,44.66379],[7.99525,44.66349],[7.99486,44.66342],[7.99359,44.66327],[7.99316,44.66341],[7.99232,44.66425],[7.99077,44.66567],[7.98957,44.66659],[7.98773,44.6677],[7.98672,44.66815],[7.98606,44.66765],[7.98285,44.66855],[7.98262,44.66858],[7.97903,44.66344],[7.97863,44.66241],[7.97764,44.65837],[7.97719,44.65609],[7.97703,44.65539],[7.97677,44.65437],[7.97467,44.65406],[7.97282,44.65385],[7.97192,44.65386],[7.96977,44.65416],[7.96819,44.65448],[7.9676,44.65482],[7.96694,44.6557],[7.96741,44.65624],[7.96751,44.65631],[7.96774,44.65633],[7.96794,44.65621],[7.96805,44.656],[7.96813,44.65585],[7.96835,44.65587],[7.96854,44.6561],[7.96854,44.65652],[7.9683,44.65673],[7.96767,44.6569],[7.96759,44.65713],[7.96786,44.65745],[7.96814,44.65804],[7.96844,44.6583],[7.96894,44.6584],[7.96902,44.65853],[7.96884,44.65879],[7.96852,44.65929],[7.96817,44.65974],[7.9679,44.65988],[7.96782,44.65978],[7.96762,44.65953],[7.96726,44.65925],[7.96698,44.65918],[7.96665,44.65927],[7.96653,44.65958],[7.96664,44.65992],[7.96715,44.66016],[7.96773,44.66032],[7.9678,44.66052],[7.9676,44.6609],[7.9675,44.66113],[7.96801,44.66121],[7.96863,44.66131],[7.96908,44.66114],[7.96936,44.66076],[7.9695,44.66064],[7.96968,44.66074],[7.96984,44.66134],[7.9701,44.66185],[7.97002,44.66224],[7.96983,44.6627],[7.97007,44.66285],[7.97078,44.66311],[7.97289,44.66366],[7.9738,44.66377],[7.97412,44.66367],[7.97433,44.66354],[7.97457,44.66346],[7.97476,44.66347],[7.97499,44.66361],[7.9754,44.66366],[7.97559,44.66371],[7.97575,44.6638],[7.9758,44.66387],[7.97577,44.66422],[7.97587,44.66433],[7.97597,44.66454],[7.97596,44.66467],[7.97587,44.66483],[7.9758,44.66486],[7.97568,44.66481],[7.97545,44.66466],[7.97541,44.66466],[7.97527,44.6647],[7.97525,44.6647],[7.97512,44.66461],[7.97504,44.66458],[7.97454,44.66457],[7.97382,44.66456],[7.97361,44.66491],[7.9736,44.66507],[7.9737,44.66521],[7.97383,44.6653],[7.97392,44.66535],[7.97425,44.66544],[7.97455,44.66565],[7.97487,44.66611],[7.97498,44.66621],[7.97517,44.66629],[7.97562,44.66637],[7.97552,44.6665],[7.97538,44.66652],[7.97528,44.66656],[7.97523,44.66658],[7.97511,44.66668],[7.97506,44.66671],[7.97495,44.66677],[7.97484,44.66685],[7.97481,44.66676],[7.97468,44.66683],[7.97462,44.66689],[7.97451,44.66693],[7.9744,44.66702],[7.97433,44.66711],[7.97425,44.66713],[7.97419,44.6672],[7.9741,44.6672],[7.97407,44.66726],[7.97389,44.66739],[7.97372,44.66746],[7.97364,44.66747],[7.97348,44.66754],[7.97343,44.66759],[7.97332,44.66763],[7.97344,44.66731],[7.97297,44.66675],[7.97279,44.66667],[7.97215,44.66649],[7.97081,44.66588],[7.97001,44.66683],[7.96996,44.66681],[7.96988,44.66701],[7.96876,44.66661],[7.96872,44.66661],[7.96869,44.66659],[7.96806,44.66653],[7.96807,44.66653],[7.96783,44.6665],[7.96781,44.66648],[7.96777,44.66646],[7.9677,44.66638],[7.96882,44.6645],[7.96746,44.6641],[7.96684,44.66383],[7.96601,44.66335],[7.96525,44.6629],[7.96439,44.66286],[7.96338,44.66296],[7.96261,44.66385],[7.96211,44.6642],[7.96093,44.66459],[7.96049,44.6649],[7.95981,44.6653],[7.95953,44.66556],[7.95869,44.66597],[7.95791,44.66629],[7.95682,44.66712],[7.95648,44.66716],[7.95646,44.66718],[7.95661,44.66721],[7.95649,44.66733],[7.95609,44.66759],[7.95594,44.66768],[7.95578,44.66777],[7.95568,44.66781],[7.95551,44.66788],[7.95531,44.66793],[7.95494,44.66802],[7.95456,44.66811],[7.95407,44.66825],[7.9538,44.66839],[7.95373,44.66843],[7.95412,44.66862],[7.9552,44.66894],[7.95541,44.66907],[7.95588,44.66942],[7.95629,44.66978],[7.95713,44.67067],[7.95731,44.67079],[7.9576,44.6709],[7.95678,44.67159],[7.95658,44.67199],[7.95659,44.67205],[7.95654,44.67214],[7.95655,44.67217],[7.95654,44.67226],[7.95655,44.67232],[7.95659,44.67233],[7.95662,44.67234],[7.95664,44.67239],[7.95668,44.67245],[7.95665,44.67252],[7.95654,44.67265],[7.95587,44.67306],[7.95544,44.67332],[7.95527,44.67355],[7.95474,44.6744]]]}},{"type":"Feature","properties":{"denominazi":"Dolcetto di Diano d'Alba","tipo":"DOCG","codice":"DOC_23"},"geometry":{"type":"Polygon","coordinates":[[[8.00781,44.629],[8.00803,44.62888],[8.00828,44.62876],[8.00833,44.62873],[8.00845,44.62867],[8.00857,44.62865],[8.00872,44.62863],[8.00883,44.62862],[8.00904,44.62858],[8.00922,44.62853],[8.00928,44.62851],[8.00958,44.62837],[8.00961,44.62835],[8.00967,44.62832],[8.00979,44.62826],[8.00981,44.62825],[8.00991,44.62819],[8.01003,44.62826],[8.01005,44.62828],[8.01006,44.62829],[8.0101,44.62833],[8.01019,44.62842],[8.01041,44.62839],[8.0106,44.6284],[8.01087,44.62843],[8.01105,44.62844],[8.01123,44.62846],[8.01133,44.62847],[8.01173,44.62836],[8.0118,44.62843],[8.01187,44.62848],[8.0124,44.62849],[8.01247,44.62853],[8.01251,44.62855],[8.01254,44.62866],[8.01257,44.62875],[8.01262,44.62876],[8.01266,44.62877],[8.01296,44.62877],[8.01313,44.62878],[8.0132,44.62878],[8.01344,44.62879],[8.01369,44.6288],[8.01373,44.6288],[8.01386,44.62884],[8.01389,44.62879],[8.01387,44.62869],[8.01384,44.6285],[8.01383,44.62842],[8.01388,44.62841],[8.01392,44.62841],[8.01402,44.62842],[8.01432,44.62845],[8.01437,44.62846],[8.01447,44.62847],[8.01451,44.62847],[8.01493,44.62849],[8.01507,44.62851],[8.01512,44.62851],[8.01562,44.62853],[8.0157,44.62857],[8.01579,44.62861],[8.01582,44.62863],[8.01592,44.62869],[8.01605,44.62875],[8.01603,44.62883],[8.01595,44.6289],[8.01594,44.62892],[8.01594,44.62896],[8.01596,44.62898],[8.01599,44.62899],[8.01601,44.62901],[8.0161,44.62906],[8.01621,44.62911],[8.01627,44.62914],[8.01636,44.62917],[8.01643,44.62919],[8.01646,44.6292],[8.01654,44.62924],[8.01668,44.62931],[8.01671,44.62931],[8.01675,44.62932],[8.01677,44.62932],[8.01685,44.62928],[8.01693,44.62925],[8.01706,44.62919],[8.01711,44.62916],[8.0172,44.62912],[8.01723,44.62914],[8.01738,44.62923],[8.01744,44.62929],[8.01757,44.6294],[8.01763,44.62946],[8.01776,44.62948],[8.0179,44.62948],[8.01794,44.62947],[8.01798,44.62949],[8.01798,44.62952],[8.01803,44.62973],[8.01813,44.62974],[8.01842,44.62969],[8.0185,44.62967],[8.01865,44.62964],[8.01879,44.62961],[8.01885,44.6296],[8.01889,44.62959],[8.01909,44.62961],[8.01915,44.62961],[8.01925,44.6296],[8.01948,44.62957],[8.01965,44.62965],[8.01973,44.62964],[8.01995,44.62963],[8.02,44.62963],[8.02021,44.62963],[8.02026,44.62963],[8.02031,44.62963],[8.0204,44.62962],[8.02043,44.62962],[8.02059,44.62962],[8.02064,44.62962],[8.02069,44.62963],[8.02081,44.62964],[8.02084,44.62965],[8.02101,44.62969],[8.02118,44.62972],[8.0213,44.62975],[8.0214,44.62977],[8.02151,44.62978],[8.02156,44.62979],[8.02163,44.6298],[8.02174,44.62981],[8.02187,44.62982],[8.02191,44.62983],[8.02197,44.62984],[8.02204,44.62986],[8.02209,44.62988],[8.02219,44.62991],[8.02224,44.62992],[8.0223,44.62994],[8.02242,44.63],[8.02257,44.63008],[8.02279,44.6302],[8.02287,44.63022],[8.02294,44.63021],[8.02297,44.6302],[8.02302,44.63017],[8.02314,44.6301],[8.02326,44.63008],[8.0233,44.63007],[8.0234,44.63006],[8.02349,44.63006],[8.02352,44.63006],[8.02355,44.63006],[8.0236,44.63006],[8.02374,44.63008],[8.02401,44.6301],[8.02426,44.63013],[8.02447,44.63012],[8.02449,44.63012],[8.02478,44.63011],[8.02486,44.63007],[8.02493,44.63007],[8.02509,44.63006],[8.02533,44.62998],[8.02546,44.62994],[8.02555,44.62982],[8.02559,44.62978],[8.02563,44.62972],[8.02582,44.6297],[8.02592,44.62964],[8.02611,44.62963],[8.02614,44.62963],[8.02628,44.62961],[8.02653,44.62957],[8.02661,44.62956],[8.02678,44.62959],[8.02691,44.62955],[8.02694,44.62954],[8.02702,44.62953],[8.02711,44.62953],[8.02727,44.62952],[8.02738,44.62946],[8.02748,44.62947],[8.02753,44.62945],[8.02758,44.62944],[8.02777,44.62944],[8.02784,44.6294],[8.02801,44.62936],[8.0281,44.62935],[8.02833,44.62936],[8.02866,44.62936],[8.02868,44.6293],[8.02877,44.6293],[8.02889,44.6293],[8.02901,44.6293],[8.02906,44.6293],[8.02916,44.6293],[8.0292,44.62931],[8.02929,44.62932],[8.02933,44.62933],[8.02942,44.62936],[8.02946,44.62938],[8.0297,44.62949],[8.0298,44.62949],[8.02988,44.62952],[8.02991,44.62953],[8.02998,44.62959],[8.03033,44.62963],[8.03054,44.62966],[8.03058,44.62967],[8.03062,44.62967],[8.03075,44.62967],[8.03082,44.62975],[8.03109,44.62979],[8.03134,44.62983],[8.03157,44.62988],[8.03163,44.6299],[8.03166,44.6299],[8.03191,44.62996],[8.03194,44.62996],[8.03202,44.62998],[8.03207,44.62999],[8.03213,44.63002],[8.03221,44.63006],[8.03226,44.63008],[8.0323,44.6301],[8.03233,44.63011],[8.03256,44.63015],[8.03297,44.63024],[8.03301,44.63024],[8.03322,44.63029],[8.03323,44.6303],[8.03338,44.63045],[8.03347,44.63055],[8.03359,44.63066],[8.03364,44.63072],[8.03372,44.6308],[8.03383,44.6309],[8.03372,44.63122],[8.03369,44.63129],[8.03371,44.63132],[8.03376,44.63139],[8.03377,44.6314],[8.03381,44.63145],[8.0339,44.63157],[8.03393,44.63161],[8.03399,44.63169],[8.03419,44.63196],[8.03425,44.63204],[8.03431,44.63211],[8.03451,44.63238],[8.03454,44.63243],[8.03473,44.63268],[8.03492,44.63294],[8.03495,44.63297],[8.03499,44.63298],[8.03502,44.63302],[8.03507,44.63302],[8.03518,44.63303],[8.03525,44.63306],[8.03531,44.63309],[8.03534,44.6331],[8.03543,44.6331],[8.03546,44.63311],[8.03551,44.6331],[8.03554,44.63312],[8.03563,44.63312],[8.03568,44.63314],[8.03573,44.63315],[8.03579,44.63317],[8.03589,44.63316],[8.03593,44.63318],[8.03602,44.63316],[8.03607,44.63317],[8.03612,44.63318],[8.03617,44.63317],[8.03622,44.63316],[8.03634,44.63315],[8.03647,44.63313],[8.03652,44.63313],[8.03655,44.63313],[8.0366,44.63312],[8.03678,44.63315],[8.03701,44.63315],[8.03709,44.63313],[8.03724,44.63321],[8.03729,44.6332],[8.03734,44.6332],[8.03745,44.63323],[8.03743,44.63326],[8.03744,44.63329],[8.0375,44.63332],[8.03753,44.63334],[8.03797,44.63348],[8.03801,44.63352],[8.03809,44.63361],[8.03813,44.63372],[8.03825,44.6338],[8.03827,44.63382],[8.03829,44.63383],[8.03832,44.63387],[8.03825,44.6344],[8.03828,44.63445],[8.03834,44.63451],[8.03836,44.63453],[8.03839,44.63458],[8.0384,44.63461],[8.03832,44.6347],[8.03828,44.63474],[8.03826,44.63476],[8.03824,44.63479],[8.03832,44.63492],[8.03832,44.63497],[8.03831,44.63503],[8.03831,44.63511],[8.03831,44.63513],[8.03834,44.63526],[8.03835,44.63531],[8.03833,44.63536],[8.0383,44.63542],[8.03831,44.63555],[8.03832,44.6356],[8.03835,44.63577],[8.03837,44.63579],[8.03842,44.63588],[8.03845,44.63593],[8.03846,44.63606],[8.03847,44.6361],[8.03849,44.63636],[8.03852,44.63653],[8.03854,44.6366],[8.03854,44.63666],[8.03855,44.63669],[8.0385,44.63681],[8.03849,44.63684],[8.03843,44.63696],[8.03841,44.63705],[8.03841,44.63707],[8.0384,44.63715],[8.03839,44.63719],[8.03841,44.63724],[8.03846,44.63734],[8.03846,44.63737],[8.03842,44.63741],[8.03836,44.63745],[8.03831,44.63748],[8.03826,44.63751],[8.03824,44.63754],[8.03824,44.6376],[8.03825,44.63767],[8.0383,44.63771],[8.03834,44.63773],[8.03839,44.63775],[8.03848,44.63777],[8.03871,44.63779],[8.03876,44.63782],[8.03883,44.63786],[8.03889,44.63789],[8.03908,44.63791],[8.03917,44.63795],[8.03922,44.63799],[8.03925,44.638],[8.03928,44.63801],[8.03931,44.63801],[8.03941,44.63801],[8.03944,44.63801],[8.03949,44.63802],[8.03952,44.63803],[8.03956,44.63804],[8.0396,44.63805],[8.03964,44.63807],[8.03966,44.6381],[8.03971,44.63814],[8.03978,44.63819],[8.03983,44.63821],[8.0399,44.63824],[8.0401,44.63829],[8.04015,44.63832],[8.04019,44.63833],[8.04028,44.63837],[8.04034,44.63839],[8.04051,44.63845],[8.04059,44.6385],[8.04062,44.63855],[8.04062,44.6386],[8.04059,44.63863],[8.04057,44.63864],[8.04051,44.63867],[8.04048,44.63871],[8.04049,44.63874],[8.04054,44.6388],[8.04068,44.63887],[8.04072,44.63889],[8.04081,44.63893],[8.04087,44.63893],[8.04092,44.63892],[8.04106,44.63886],[8.0411,44.63886],[8.04114,44.63886],[8.04118,44.63889],[8.04122,44.63894],[8.04123,44.639],[8.04122,44.63904],[8.04121,44.63906],[8.04118,44.63909],[8.04114,44.63911],[8.04107,44.63914],[8.04105,44.63917],[8.04102,44.6392],[8.04102,44.63923],[8.04102,44.63925],[8.04105,44.63928],[8.04107,44.6393],[8.04109,44.63931],[8.04113,44.63931],[8.04115,44.6393],[8.04131,44.63925],[8.04135,44.63923],[8.0414,44.63922],[8.04145,44.63922],[8.04149,44.63923],[8.04154,44.63923],[8.04159,44.63924],[8.04178,44.63931],[8.04182,44.63932],[8.04191,44.63937],[8.04195,44.63943],[8.04196,44.63945],[8.04204,44.63951],[8.04205,44.63953],[8.04202,44.63957],[8.04204,44.63962],[8.04207,44.63964],[8.04211,44.63967],[8.04216,44.63969],[8.0422,44.63971],[8.04224,44.63972],[8.04234,44.63974],[8.04243,44.63975],[8.04259,44.63977],[8.04262,44.63979],[8.04267,44.63982],[8.04269,44.63985],[8.04268,44.63999],[8.04271,44.64004],[8.04297,44.64028],[8.04302,44.64032],[8.04305,44.64033],[8.04313,44.64038],[8.04319,44.64041],[8.04327,44.64045],[8.0433,44.64047],[8.04337,44.64052],[8.04344,44.64057],[8.04347,44.64059],[8.04354,44.64061],[8.04366,44.64066],[8.04382,44.64072],[8.04386,44.64109],[8.04387,44.64126],[8.04388,44.64134],[8.04389,44.64136],[8.04394,44.64145],[8.04396,44.64151],[8.04404,44.6417],[8.04405,44.64174],[8.04409,44.64192],[8.04421,44.64229],[8.04421,44.64231],[8.04426,44.64246],[8.04429,44.64254],[8.04434,44.64265],[8.04441,44.64275],[8.04442,44.64278],[8.04451,44.64289],[8.04453,44.64292],[8.04458,44.64296],[8.04462,44.643],[8.04464,44.64301],[8.04471,44.64306],[8.04473,44.64308],[8.04483,44.64315],[8.04485,44.64317],[8.04497,44.64322],[8.0451,44.64333],[8.04515,44.64335],[8.04523,44.6434],[8.04529,44.64348],[8.04535,44.64356],[8.04536,44.64359],[8.04537,44.64366],[8.04537,44.64372],[8.04538,44.64376],[8.04538,44.64381],[8.04533,44.64389],[8.04528,44.64398],[8.04519,44.64407],[8.04508,44.64418],[8.04505,44.64423],[8.04504,44.64429],[8.04504,44.64437],[8.04504,44.64441],[8.04507,44.64453],[8.04509,44.64459],[8.04512,44.64466],[8.04514,44.64472],[8.0452,44.64484],[8.04521,44.64487],[8.04524,44.64497],[8.04529,44.64519],[8.04532,44.6453],[8.04535,44.64546],[8.04534,44.64551],[8.04532,44.64556],[8.04528,44.64561],[8.04524,44.64564],[8.04521,44.64567],[8.04508,44.64578],[8.04506,44.64581],[8.04503,44.64585],[8.04505,44.646],[8.04508,44.64603],[8.04512,44.64607],[8.04516,44.6461],[8.04532,44.64618],[8.04543,44.64624],[8.04553,44.64631],[8.04559,44.64635],[8.0456,44.64642],[8.0456,44.64646],[8.04563,44.6466],[8.04564,44.64662],[8.04567,44.64676],[8.04569,44.64682],[8.0457,44.64684],[8.04574,44.64692],[8.04575,44.64693],[8.04578,44.647],[8.04581,44.64704],[8.04585,44.64712],[8.04591,44.64719],[8.04597,44.64728],[8.04601,44.64733],[8.04612,44.64746],[8.04616,44.64752],[8.04616,44.64759],[8.04615,44.64763],[8.04613,44.64783],[8.0461,44.64792],[8.04609,44.64797],[8.04607,44.648],[8.04602,44.64807],[8.04603,44.64811],[8.04604,44.6482],[8.0461,44.64831],[8.04614,44.64838],[8.04622,44.64851],[8.04624,44.64853],[8.04636,44.64871],[8.0464,44.64876],[8.04642,44.64878],[8.04677,44.64898],[8.04679,44.649],[8.04689,44.64909],[8.04702,44.64922],[8.04708,44.64942],[8.04725,44.64957],[8.0474,44.6497],[8.04743,44.64972],[8.04746,44.64974],[8.04759,44.64983],[8.04769,44.65009],[8.0477,44.65014],[8.04773,44.65026],[8.04775,44.65036],[8.04781,44.65047],[8.04801,44.65066],[8.04803,44.65068],[8.04818,44.65085],[8.04822,44.65086],[8.04827,44.65086],[8.04836,44.65087],[8.04842,44.65087],[8.04851,44.65087],[8.04855,44.65088],[8.04867,44.65089],[8.04874,44.65089],[8.04877,44.6509],[8.04879,44.65091],[8.04883,44.65092],[8.04899,44.65086],[8.0491,44.65085],[8.04915,44.65084],[8.04931,44.65081],[8.04936,44.65081],[8.04942,44.6508],[8.04966,44.65077],[8.04983,44.65076],[8.04995,44.65075],[8.05002,44.65073],[8.05004,44.65072],[8.05013,44.65068],[8.05018,44.65065],[8.05021,44.65063],[8.05026,44.65057],[8.0503,44.65052],[8.05033,44.65049],[8.0504,44.65042],[8.05042,44.6504],[8.05045,44.65038],[8.05049,44.65035],[8.05061,44.6503],[8.05069,44.65027],[8.05079,44.65023],[8.05084,44.65022],[8.05095,44.65019],[8.05099,44.65018],[8.05109,44.65016],[8.05124,44.65012],[8.0516,44.65],[8.05167,44.64998],[8.05172,44.64996],[8.05179,44.64994],[8.05183,44.64991],[8.05201,44.64983],[8.05203,44.64982],[8.05212,44.64977],[8.05231,44.64967],[8.05233,44.64966],[8.05251,44.64961],[8.05264,44.64955],[8.05272,44.64952],[8.05274,44.64951],[8.05319,44.64941],[8.0533,44.64938],[8.05343,44.64936],[8.05362,44.64931],[8.05377,44.64928],[8.05406,44.64922],[8.05427,44.64928],[8.05458,44.64938],[8.05471,44.64942],[8.05477,44.64934],[8.05485,44.64908],[8.05491,44.64872],[8.0553,44.64836],[8.05532,44.64832],[8.05546,44.64822],[8.05581,44.64795],[8.05608,44.64785],[8.05639,44.64766],[8.05653,44.64748],[8.05665,44.64743],[8.05669,44.64738],[8.05673,44.64731],[8.05676,44.64724],[8.05679,44.64714],[8.05682,44.64706],[8.0568,44.64695],[8.0568,44.64686],[8.05679,44.64676],[8.05678,44.6467],[8.05678,44.64659],[8.05677,44.64657],[8.05669,44.64644],[8.05659,44.64623],[8.05636,44.64589],[8.05623,44.64573],[8.0561,44.64556],[8.05609,44.64543],[8.05611,44.64531],[8.05613,44.64523],[8.05616,44.64505],[8.05624,44.64489],[8.05625,44.64487],[8.05634,44.64476],[8.05647,44.64462],[8.05666,44.64446],[8.05677,44.64444],[8.05693,44.6444],[8.05702,44.64429],[8.05709,44.64418],[8.05705,44.64403],[8.05702,44.64383],[8.05701,44.64355],[8.05722,44.64363],[8.05739,44.64368],[8.05743,44.64369],[8.05751,44.6437],[8.0576,44.64371],[8.05775,44.64364],[8.05793,44.64367],[8.05795,44.64368],[8.05826,44.64385],[8.05833,44.64387],[8.05841,44.64389],[8.05851,44.64392],[8.05855,44.64391],[8.05859,44.6439],[8.05866,44.64391],[8.05868,44.64391],[8.05872,44.64391],[8.05879,44.64391],[8.05917,44.64388],[8.0592,44.64388],[8.05924,44.64389],[8.0594,44.64388],[8.05952,44.64389],[8.05963,44.6439],[8.05986,44.64387],[8.06007,44.6438],[8.06013,44.64379],[8.06019,44.64378],[8.06026,44.64376],[8.06044,44.64369],[8.0605,44.64362],[8.06062,44.64359],[8.06077,44.64359],[8.0608,44.64359],[8.06103,44.64355],[8.06113,44.64354],[8.0612,44.64354],[8.06139,44.64343],[8.06143,44.64341],[8.06156,44.64335],[8.0616,44.64332],[8.06167,44.64327],[8.06184,44.64317],[8.06193,44.64316],[8.06198,44.64313],[8.06206,44.64313],[8.06209,44.6431],[8.06219,44.64308],[8.06224,44.64305],[8.06229,44.64303],[8.06235,44.64302],[8.06239,44.64298],[8.06246,44.64298],[8.06257,44.64295],[8.06262,44.64292],[8.06265,44.6429],[8.06269,44.64283],[8.0628,44.64281],[8.06281,44.64279],[8.06285,44.64275],[8.06285,44.64272],[8.06291,44.64267],[8.06294,44.64263],[8.06298,44.6426],[8.06309,44.64245],[8.06323,44.64241],[8.06384,44.6424],[8.06395,44.6424],[8.06401,44.64238],[8.0646,44.64221],[8.06468,44.64219],[8.06515,44.64206],[8.06565,44.64193],[8.06592,44.64171],[8.06596,44.64168],[8.06607,44.64159],[8.06612,44.64155],[8.06616,44.64151],[8.06637,44.6413],[8.06649,44.6412],[8.06651,44.64118],[8.0667,44.641],[8.0668,44.64095],[8.06699,44.64086],[8.06729,44.64071],[8.0675,44.64061],[8.0677,44.64051],[8.0681,44.64032],[8.06825,44.64025],[8.06829,44.64024],[8.06845,44.64016],[8.06862,44.64007],[8.06866,44.64005],[8.06891,44.63994],[8.06906,44.63986],[8.06914,44.63983],[8.06918,44.63981],[8.06925,44.63977],[8.06942,44.63968],[8.0696,44.6396],[8.0697,44.63955],[8.06977,44.63951],[8.06989,44.63944],[8.07023,44.63926],[8.07027,44.63925],[8.0703,44.63923],[8.07034,44.63921],[8.07045,44.63916],[8.07062,44.63906],[8.07095,44.63889],[8.07124,44.63874],[8.07132,44.63871],[8.07139,44.63868],[8.07153,44.6386],[8.07172,44.63849],[8.07184,44.63843],[8.07207,44.63831],[8.07214,44.63828],[8.07231,44.63819],[8.07246,44.63812],[8.0726,44.63805],[8.0727,44.638],[8.07286,44.63792],[8.0729,44.6379],[8.07293,44.6379],[8.07298,44.63788],[8.07318,44.63778],[8.07327,44.63775],[8.07337,44.63771],[8.07361,44.6376],[8.07379,44.63753],[8.07385,44.6375],[8.07388,44.63749],[8.07404,44.63743],[8.07413,44.63739],[8.07429,44.63732],[8.07465,44.63717],[8.07489,44.63707],[8.07506,44.637],[8.07525,44.63682],[8.07531,44.63676],[8.07535,44.63672],[8.0755,44.63655],[8.07555,44.63646],[8.07562,44.63635],[8.07565,44.63631],[8.07571,44.63623],[8.07581,44.63611],[8.07587,44.63604],[8.0759,44.63599],[8.07593,44.63596],[8.076,44.63584],[8.07625,44.63546],[8.0763,44.63539],[8.07633,44.63527],[8.07634,44.63521],[8.07636,44.63515],[8.07637,44.63513],[8.07649,44.63498],[8.07652,44.63493],[8.0766,44.63482],[8.07663,44.63476],[8.07666,44.63471],[8.07669,44.63464],[8.07675,44.63456],[8.07682,44.63438],[8.07688,44.63432],[8.07694,44.63425],[8.07698,44.63419],[8.07702,44.63414],[8.07704,44.63413],[8.07751,44.63395],[8.07757,44.63392],[8.07778,44.63383],[8.07791,44.63378],[8.07826,44.63365],[8.07878,44.63345],[8.07902,44.63335],[8.07905,44.63334],[8.07907,44.63333],[8.07961,44.63297],[8.07971,44.63325],[8.07972,44.63331],[8.07981,44.63357],[8.07982,44.63359],[8.07984,44.63367],[8.07984,44.63375],[8.07984,44.6338],[8.07984,44.63383],[8.07986,44.63398],[8.07994,44.63406],[8.07995,44.63408],[8.07998,44.63411],[8.08,44.63419],[8.08003,44.63427],[8.08,44.63434],[8.08002,44.63442],[8.08001,44.63448],[8.08,44.63451],[8.08001,44.63454],[8.08003,44.63457],[8.08007,44.63467],[8.08009,44.63476],[8.08008,44.6348],[8.08007,44.63483],[8.0801,44.63486],[8.08016,44.63504],[8.08024,44.63508],[8.08027,44.63512],[8.0804,44.63525],[8.0805,44.63537],[8.08053,44.6354],[8.08062,44.63549],[8.08078,44.63565],[8.08093,44.63579],[8.08093,44.63582],[8.08094,44.63586],[8.08095,44.63588],[8.081,44.63593],[8.0811,44.636],[8.08109,44.63608],[8.08108,44.63611],[8.08106,44.63615],[8.08103,44.63621],[8.08099,44.63629],[8.08096,44.63634],[8.08095,44.63636],[8.08092,44.63639],[8.08087,44.63644],[8.08084,44.63646],[8.08071,44.63657],[8.08069,44.63658],[8.0806,44.63664],[8.08059,44.63666],[8.08039,44.63692],[8.0803,44.63695],[8.08027,44.63696],[8.08023,44.63697],[8.0802,44.63706],[8.08018,44.63711],[8.08001,44.63717],[8.07998,44.63723],[8.07998,44.63726],[8.07994,44.6374],[8.07994,44.63742],[8.07982,44.63754],[8.0797,44.63767],[8.07969,44.63772],[8.07946,44.63788],[8.07938,44.63811],[8.07934,44.63815],[8.07915,44.63813],[8.07902,44.6382],[8.07904,44.63833],[8.07906,44.63844],[8.07898,44.63851],[8.07885,44.6386],[8.07865,44.63877],[8.07868,44.63898],[8.07868,44.63903],[8.07869,44.63916],[8.07865,44.63928],[8.07864,44.63931],[8.07856,44.63947],[8.07854,44.63952],[8.07855,44.63956],[8.07857,44.63974],[8.07859,44.63992],[8.07854,44.63993],[8.07828,44.63998],[8.07823,44.64009],[8.07821,44.64011],[8.07803,44.64014],[8.07789,44.6402],[8.07767,44.64029],[8.07765,44.64038],[8.07763,44.64046],[8.07763,44.64048],[8.07759,44.64049],[8.07731,44.6405],[8.07727,44.64051],[8.0772,44.64064],[8.07713,44.64074],[8.0771,44.64078],[8.07691,44.64083],[8.07676,44.64096],[8.07662,44.6411],[8.0765,44.64121],[8.07648,44.64124],[8.07642,44.64135],[8.07641,44.64138],[8.07629,44.6415],[8.07613,44.64165],[8.07603,44.64174],[8.07585,44.64181],[8.07566,44.64188],[8.07537,44.64194],[8.07532,44.64195],[8.07516,44.64202],[8.07502,44.64209],[8.07475,44.64213],[8.07448,44.64219],[8.07438,44.64226],[8.07432,44.64233],[8.07427,44.64238],[8.07423,44.6424],[8.07406,44.6425],[8.07403,44.64251],[8.07391,44.64268],[8.07389,44.64269],[8.0737,44.64288],[8.07367,44.64291],[8.07364,44.64293],[8.07355,44.64299],[8.0735,44.64297],[8.07339,44.64294],[8.07335,44.64294],[8.07331,44.64293],[8.07325,44.64295],[8.07303,44.64308],[8.07302,44.64309],[8.07271,44.64317],[8.07264,44.64318],[8.07233,44.64324],[8.07221,44.6434],[8.07209,44.64354],[8.07205,44.6436],[8.07201,44.64365],[8.07192,44.64379],[8.07189,44.64382],[8.07182,44.64382],[8.07159,44.64382],[8.07144,44.64382],[8.0714,44.64388],[8.07124,44.6441],[8.07121,44.64412],[8.07115,44.64415],[8.07093,44.64412],[8.07072,44.64411],[8.07068,44.64415],[8.07063,44.64421],[8.07057,44.64426],[8.07051,44.64432],[8.07047,44.6444],[8.07045,44.64443],[8.07022,44.64476],[8.0699,44.64471],[8.06981,44.64476],[8.06978,44.64478],[8.06964,44.64483],[8.06953,44.64513],[8.0695,44.64524],[8.06928,44.6454],[8.06925,44.64542],[8.06914,44.6455],[8.06903,44.64556],[8.06895,44.6456],[8.06867,44.64576],[8.06863,44.64578],[8.06854,44.64584],[8.06835,44.64593],[8.06824,44.64606],[8.06795,44.64618],[8.06757,44.64623],[8.06752,44.64626],[8.06748,44.64627],[8.06747,44.64629],[8.06739,44.64641],[8.06736,44.64645],[8.06726,44.64655],[8.06714,44.64661],[8.06701,44.64661],[8.06696,44.64659],[8.06686,44.64654],[8.06679,44.64651],[8.06673,44.64648],[8.06668,44.64647],[8.06661,44.64647],[8.06648,44.64651],[8.06641,44.64654],[8.06635,44.64658],[8.06633,44.64661],[8.06629,44.64664],[8.06628,44.64666],[8.06626,44.64671],[8.06624,44.6468],[8.06613,44.64688],[8.06611,44.6469],[8.06604,44.64693],[8.066,44.64693],[8.06592,44.64692],[8.06577,44.64688],[8.06556,44.64684],[8.0654,44.64686],[8.0653,44.64693],[8.06527,44.64701],[8.06519,44.64718],[8.06517,44.64724],[8.06515,44.64729],[8.06514,44.64731],[8.06509,44.64734],[8.06506,44.64736],[8.06501,44.64735],[8.06492,44.6473],[8.06481,44.64724],[8.06473,44.64719],[8.06455,44.64714],[8.06439,44.64708],[8.06434,44.64707],[8.06424,44.64701],[8.06419,44.647],[8.06416,44.647],[8.0641,44.64703],[8.06406,44.64704],[8.06396,44.64711],[8.06385,44.64718],[8.06376,44.64722],[8.0637,44.64723],[8.06364,44.64723],[8.0636,44.64723],[8.06353,44.64723],[8.06342,44.64722],[8.06325,44.64719],[8.06307,44.64715],[8.06293,44.64718],[8.06291,44.64718],[8.06276,44.64725],[8.0625,44.64728],[8.06247,44.64729],[8.0623,44.64734],[8.06224,44.64735],[8.06219,44.64734],[8.06215,44.64733],[8.0621,44.64731],[8.06203,44.64728],[8.06199,44.64726],[8.06187,44.64715],[8.06175,44.64708],[8.0615,44.64706],[8.06147,44.64706],[8.06138,44.64704],[8.06118,44.64701],[8.06089,44.64701],[8.06086,44.64701],[8.06054,44.64704],[8.06019,44.64711],[8.06006,44.64717],[8.05993,44.64725],[8.05987,44.64729],[8.05968,44.64743],[8.05956,44.64744],[8.05949,44.64742],[8.05946,44.6474],[8.05941,44.64738],[8.05935,44.64735],[8.05931,44.64734],[8.05927,44.64734],[8.05924,44.64735],[8.05921,44.64735],[8.05915,44.64738],[8.05911,44.6474],[8.05902,44.64747],[8.05899,44.64749],[8.05893,44.64756],[8.05888,44.64763],[8.05882,44.64765],[8.0588,44.64766],[8.05877,44.64766],[8.05865,44.64767],[8.05843,44.64767],[8.05837,44.64767],[8.05822,44.64771],[8.05817,44.64772],[8.05808,44.64776],[8.05802,44.64778],[8.05795,44.64782],[8.05772,44.64787],[8.05766,44.64789],[8.05761,44.64789],[8.05757,44.64789],[8.05749,44.64787],[8.05741,44.64781],[8.05731,44.64776],[8.05716,44.64767],[8.05701,44.64758],[8.05697,44.64756],[8.05693,44.64754],[8.05685,44.64752],[8.05672,44.64751],[8.05668,44.64756],[8.05666,44.64757],[8.05654,44.64774],[8.05646,44.6478],[8.05644,44.64781],[8.05639,44.64789],[8.05619,44.64799],[8.05599,44.64809],[8.05588,44.64815],[8.05577,44.64822],[8.05559,44.64841],[8.05547,44.64864],[8.05539,44.64881],[8.0553,44.64898],[8.05525,44.64907],[8.05524,44.6491],[8.05516,44.64925],[8.05509,44.64937],[8.05506,44.64942],[8.05504,44.64945],[8.05501,44.6495],[8.0549,44.64965],[8.05483,44.64989],[8.05473,44.64997],[8.05464,44.65004],[8.05462,44.65006],[8.05451,44.65013],[8.05427,44.65031],[8.05425,44.65031],[8.05413,44.65032],[8.05409,44.65033],[8.05401,44.65034],[8.05397,44.65035],[8.05392,44.65035],[8.05385,44.65036],[8.05372,44.65038],[8.0537,44.65039],[8.05366,44.65039],[8.0536,44.65039],[8.05352,44.65039],[8.05341,44.6504],[8.05336,44.6504],[8.0534,44.65047],[8.05343,44.65051],[8.05346,44.65054],[8.05353,44.6506],[8.05357,44.65064],[8.0536,44.65066],[8.05371,44.65074],[8.0538,44.65078],[8.05399,44.65084],[8.05426,44.65094],[8.05434,44.65097],[8.0544,44.65101],[8.05446,44.65108],[8.05449,44.65112],[8.05452,44.65117],[8.05455,44.65123],[8.05458,44.65125],[8.05473,44.65136],[8.05482,44.65139],[8.05481,44.65149],[8.05486,44.6515],[8.05498,44.65154],[8.05511,44.65164],[8.0552,44.65168],[8.05529,44.65171],[8.05534,44.65183],[8.0554,44.6519],[8.0554,44.65192],[8.05555,44.65198],[8.05562,44.65211],[8.05563,44.65214],[8.05565,44.65234],[8.05568,44.65237],[8.05575,44.65235],[8.05586,44.65242],[8.05587,44.65246],[8.05587,44.65249],[8.05594,44.65261],[8.05594,44.65264],[8.05595,44.65266],[8.05609,44.65286],[8.05612,44.65286],[8.05618,44.65286],[8.05637,44.65294],[8.05643,44.65305],[8.0567,44.65323],[8.05686,44.65335],[8.05689,44.65337],[8.05698,44.65352],[8.05722,44.65366],[8.05724,44.65368],[8.05729,44.65372],[8.05733,44.65377],[8.0575,44.6539],[8.05753,44.6539],[8.05765,44.65391],[8.0578,44.65394],[8.05797,44.65395],[8.05799,44.65396],[8.05804,44.65398],[8.05835,44.65409],[8.05849,44.65414],[8.05854,44.65416],[8.05875,44.65424],[8.05901,44.65437],[8.05914,44.65443],[8.05919,44.65446],[8.05944,44.65458],[8.05962,44.65468],[8.05968,44.65462],[8.05969,44.65461],[8.05971,44.65459],[8.05978,44.65453],[8.05985,44.65442],[8.0599,44.65436],[8.05998,44.65424],[8.06008,44.65411],[8.0602,44.65409],[8.06022,44.65408],[8.06053,44.65402],[8.06055,44.65402],[8.0607,44.65413],[8.06072,44.65415],[8.06076,44.65417],[8.06088,44.65426],[8.06093,44.65429],[8.0611,44.65441],[8.06113,44.65443],[8.06128,44.65453],[8.06141,44.65462],[8.06144,44.65463],[8.06152,44.65466],[8.06155,44.65468],[8.06162,44.6547],[8.06184,44.65476],[8.06192,44.65479],[8.06198,44.65481],[8.06215,44.65487],[8.06218,44.65488],[8.06232,44.65496],[8.06244,44.65502],[8.06251,44.65505],[8.06266,44.65513],[8.06268,44.65515],[8.06277,44.65521],[8.06285,44.65526],[8.06288,44.65527],[8.06292,44.65529],[8.06301,44.65528],[8.06316,44.65527],[8.06322,44.65526],[8.06325,44.65525],[8.06337,44.65522],[8.06348,44.65518],[8.06363,44.65517],[8.06368,44.65516],[8.06388,44.65512],[8.06394,44.65511],[8.06403,44.6551],[8.06418,44.6551],[8.06422,44.65509],[8.06427,44.6551],[8.06438,44.6551],[8.06445,44.65512],[8.06451,44.65513],[8.06457,44.65515],[8.06471,44.6552],[8.06478,44.65523],[8.06482,44.65524],[8.06491,44.65526],[8.06498,44.65528],[8.06503,44.65528],[8.06508,44.6553],[8.0652,44.65532],[8.06533,44.65535],[8.0655,44.65538],[8.06582,44.65543],[8.06589,44.65544],[8.06591,44.65544],[8.06593,44.65545],[8.06595,44.65546],[8.06598,44.6555],[8.066,44.65552],[8.06613,44.65567],[8.06614,44.6557],[8.06625,44.65586],[8.06635,44.65595],[8.06632,44.65596],[8.06628,44.65597],[8.06611,44.65604],[8.06576,44.65614],[8.0657,44.65616],[8.06528,44.65627],[8.06465,44.65645],[8.06444,44.65651],[8.06438,44.65652],[8.0641,44.6566],[8.0637,44.6567],[8.06361,44.6567],[8.06357,44.65671],[8.06331,44.65675],[8.06317,44.65678],[8.06304,44.6568],[8.06299,44.65682],[8.06278,44.65687],[8.06273,44.65688],[8.06269,44.65688],[8.06263,44.65689],[8.06256,44.6569],[8.06236,44.65702],[8.06234,44.65703],[8.06226,44.65711],[8.06179,44.65735],[8.06161,44.65738],[8.06155,44.65745],[8.06134,44.65749],[8.0613,44.65756],[8.06113,44.65762],[8.06109,44.65763],[8.06107,44.65764],[8.06099,44.65767],[8.06096,44.6577],[8.06094,44.65771],[8.0609,44.65776],[8.06087,44.65782],[8.06086,44.65784],[8.06084,44.65788],[8.06084,44.65792],[8.06085,44.65798],[8.06085,44.658],[8.06088,44.65805],[8.06089,44.65808],[8.06089,44.65813],[8.06089,44.65816],[8.06092,44.65823],[8.06098,44.6583],[8.06096,44.65835],[8.06095,44.65837],[8.06088,44.65845],[8.06079,44.65844],[8.06069,44.65849],[8.06056,44.65841],[8.06048,44.65846],[8.06035,44.65852],[8.06033,44.65853],[8.0601,44.65857],[8.05994,44.65866],[8.05992,44.65869],[8.05987,44.65872],[8.05983,44.65878],[8.05981,44.65887],[8.05975,44.65897],[8.05974,44.65899],[8.05972,44.65919],[8.05971,44.65921],[8.05959,44.65927],[8.05955,44.6593],[8.05949,44.65935],[8.0595,44.65945],[8.05935,44.65952],[8.0593,44.65958],[8.05929,44.65963],[8.05929,44.65965],[8.05923,44.65969],[8.05901,44.6598],[8.05893,44.6598],[8.05888,44.65975],[8.05881,44.65978],[8.05865,44.65987],[8.05858,44.65995],[8.05852,44.66],[8.0585,44.66002],[8.0584,44.6601],[8.05837,44.66011],[8.05832,44.66013],[8.05823,44.66022],[8.05821,44.66024],[8.05816,44.66027],[8.05812,44.66029],[8.05799,44.66029],[8.05784,44.66032],[8.05767,44.66041],[8.05753,44.66047],[8.05752,44.66054],[8.05745,44.66057],[8.05739,44.66057],[8.05734,44.66058],[8.05699,44.66064],[8.05674,44.66059],[8.05672,44.66062],[8.05669,44.66067],[8.05667,44.66069],[8.0566,44.66075],[8.0565,44.66084],[8.05652,44.66095],[8.05639,44.66099],[8.0563,44.66109],[8.05629,44.66111],[8.05628,44.66121],[8.05627,44.66125],[8.05618,44.66129],[8.0561,44.66132],[8.05602,44.6614],[8.05598,44.66151],[8.05597,44.66156],[8.05594,44.66164],[8.05584,44.66171],[8.0558,44.66174],[8.05575,44.66181],[8.05573,44.66191],[8.05572,44.66197],[8.05563,44.66201],[8.05555,44.66205],[8.05548,44.66208],[8.05543,44.6621],[8.0554,44.66211],[8.05533,44.66213],[8.05527,44.66216],[8.05521,44.66219],[8.05499,44.6623],[8.0548,44.66224],[8.05451,44.66216],[8.05445,44.66237],[8.05433,44.66249],[8.05428,44.66255],[8.05425,44.66258],[8.05418,44.66262],[8.05408,44.66269],[8.05396,44.66271],[8.05393,44.66269],[8.05389,44.66267],[8.05389,44.66246],[8.05389,44.66243],[8.05374,44.66246],[8.05368,44.66248],[8.0536,44.66251],[8.05353,44.66249],[8.05351,44.6625],[8.05346,44.6625],[8.05342,44.66258],[8.05346,44.66276],[8.05342,44.66278],[8.05336,44.66275],[8.05334,44.66273],[8.0533,44.66273],[8.05324,44.66272],[8.05318,44.66275],[8.05307,44.6628],[8.05304,44.6628],[8.05296,44.66281],[8.05287,44.66282],[8.05283,44.66282],[8.05271,44.66283],[8.05252,44.66289],[8.05236,44.66293],[8.05236,44.66297],[8.05228,44.66304],[8.05225,44.66307],[8.05223,44.66309],[8.05213,44.66323],[8.05208,44.66327],[8.05204,44.66329],[8.05196,44.66329],[8.05188,44.66328],[8.05182,44.66328],[8.05177,44.6633],[8.05171,44.66334],[8.05166,44.66336],[8.05149,44.66344],[8.05132,44.66346],[8.05122,44.66347],[8.05112,44.66349],[8.05088,44.66355],[8.05077,44.66356],[8.05064,44.66356],[8.05048,44.66355],[8.05045,44.66356],[8.05026,44.66361],[8.05018,44.6636],[8.05002,44.66357],[8.04996,44.66356],[8.04992,44.66355],[8.04985,44.66354],[8.04977,44.66353],[8.04965,44.66351],[8.04958,44.6635],[8.04944,44.66347],[8.04924,44.66343],[8.0492,44.66338],[8.04916,44.66337],[8.04906,44.66331],[8.04891,44.66327],[8.04878,44.66323],[8.04868,44.6631],[8.04842,44.66308],[8.0484,44.66306],[8.04823,44.663],[8.04816,44.663],[8.0481,44.66304],[8.04804,44.66308],[8.048,44.66307],[8.04796,44.66307],[8.04793,44.66306],[8.04785,44.66303],[8.0478,44.66302],[8.04774,44.66299],[8.04767,44.66296],[8.04765,44.66295],[8.04748,44.66294],[8.04729,44.66298],[8.04718,44.66293],[8.04701,44.66285],[8.04687,44.66288],[8.04674,44.66289],[8.04668,44.6629],[8.04662,44.6629],[8.04656,44.6629],[8.04652,44.66291],[8.0464,44.6629],[8.04632,44.66284],[8.04625,44.66277],[8.04613,44.66275],[8.04597,44.66265],[8.0459,44.66262],[8.04587,44.66259],[8.04581,44.66252],[8.04575,44.66245],[8.04569,44.6624],[8.04566,44.66236],[8.0456,44.6623],[8.04553,44.66224],[8.04549,44.66227],[8.04543,44.66231],[8.0454,44.66234],[8.04533,44.6624],[8.04526,44.66244],[8.0452,44.66249],[8.04515,44.66252],[8.04508,44.66256],[8.04505,44.66258],[8.04502,44.66258],[8.04497,44.66257],[8.04487,44.66255],[8.04484,44.66254],[8.04482,44.6626],[8.04474,44.66278],[8.04462,44.66303],[8.04459,44.6631],[8.04453,44.66323],[8.04447,44.66337],[8.04443,44.66344],[8.04441,44.66349],[8.04436,44.6636],[8.04431,44.66372],[8.04423,44.66386],[8.04421,44.66391],[8.04411,44.66414],[8.0441,44.66417],[8.04399,44.66441],[8.04389,44.66463],[8.04373,44.66498],[8.04369,44.66507],[8.04363,44.6652],[8.04349,44.66552],[8.04334,44.66583],[8.04326,44.66603],[8.04325,44.66606],[8.04314,44.66626],[8.04305,44.66649],[8.04301,44.66658],[8.04288,44.66686],[8.04284,44.66695],[8.04281,44.66701],[8.04266,44.66734],[8.04262,44.66743],[8.04257,44.66755],[8.04248,44.66775],[8.0424,44.66793],[8.04237,44.66799],[8.04225,44.66824],[8.0422,44.66834],[8.04214,44.6685],[8.04202,44.66876],[8.04198,44.66884],[8.04188,44.66905],[8.04183,44.66917],[8.0418,44.66924],[8.04169,44.66949],[8.04166,44.66956],[8.04161,44.66969],[8.04155,44.66983],[8.04151,44.66991],[8.04146,44.67003],[8.04133,44.67031],[8.04129,44.67041],[8.04118,44.67065],[8.04116,44.67071],[8.04104,44.67097],[8.04101,44.67104],[8.04093,44.67122],[8.04085,44.6714],[8.04078,44.67156],[8.0407,44.67173],[8.04061,44.67193],[8.0405,44.67216],[8.04044,44.6723],[8.04036,44.67247],[8.04024,44.67275],[8.04003,44.6732],[8.03996,44.67333],[8.03993,44.6734],[8.03981,44.67365],[8.03979,44.67369],[8.03964,44.67403],[8.03955,44.67422],[8.03947,44.67419],[8.03922,44.6741],[8.03918,44.67406],[8.03917,44.67405],[8.03916,44.67404],[8.03912,44.674],[8.03906,44.67394],[8.03866,44.67374],[8.03862,44.67365],[8.03856,44.67364],[8.03845,44.67361],[8.03839,44.67361],[8.03834,44.67362],[8.03816,44.67363],[8.03811,44.67358],[8.03806,44.67352],[8.03806,44.67351],[8.03807,44.67341],[8.03807,44.67337],[8.03792,44.67312],[8.03786,44.6731],[8.03778,44.67307],[8.03766,44.67304],[8.03757,44.67304],[8.03752,44.67305],[8.0375,44.67304],[8.03727,44.67294],[8.03704,44.67283],[8.03691,44.67276],[8.03688,44.67275],[8.03684,44.67274],[8.03681,44.67274],[8.03661,44.67271],[8.03658,44.67272],[8.03621,44.67282],[8.03602,44.67288],[8.03599,44.67287],[8.03575,44.67279],[8.0357,44.67279],[8.0355,44.6728],[8.03532,44.67264],[8.03519,44.67259],[8.03515,44.67258],[8.03514,44.67258],[8.03474,44.67244],[8.03433,44.6723],[8.03409,44.67222],[8.03403,44.67219],[8.03394,44.67204],[8.03387,44.67194],[8.03371,44.67188],[8.03367,44.67192],[8.03361,44.67189],[8.03343,44.67174],[8.03324,44.67159],[8.0331,44.67159],[8.03297,44.67152],[8.03296,44.67149],[8.03295,44.67147],[8.03294,44.67145],[8.03291,44.6714],[8.03282,44.67127],[8.03262,44.67111],[8.0326,44.67109],[8.03233,44.67104],[8.03196,44.67096],[8.03158,44.67101],[8.03154,44.67102],[8.03145,44.67098],[8.03126,44.6709],[8.03118,44.671],[8.03096,44.67099],[8.03034,44.67111],[8.02995,44.67098],[8.02992,44.67097],[8.02967,44.67083],[8.02953,44.67076],[8.02943,44.67073],[8.02933,44.6707],[8.02917,44.67058],[8.02897,44.67053],[8.02893,44.67052],[8.02887,44.6705],[8.02872,44.67044],[8.02868,44.67042],[8.02858,44.67037],[8.02847,44.67032],[8.02828,44.67023],[8.02824,44.6702],[8.02816,44.67016],[8.0281,44.67013],[8.02806,44.67011],[8.02797,44.67005],[8.02779,44.67001],[8.02776,44.67],[8.02771,44.66999],[8.0276,44.66997],[8.02751,44.66988],[8.02731,44.66989],[8.02723,44.66986],[8.02718,44.66984],[8.02707,44.66981],[8.02688,44.66976],[8.02665,44.66968],[8.02654,44.66965],[8.02649,44.66957],[8.02639,44.66944],[8.02628,44.66928],[8.02621,44.66919],[8.02616,44.66913],[8.02614,44.66911],[8.026,44.66898],[8.02596,44.66895],[8.02588,44.66887],[8.02585,44.66884],[8.02577,44.66878],[8.02568,44.66872],[8.02562,44.66871],[8.02559,44.6687],[8.02552,44.66852],[8.02545,44.66838],[8.02537,44.66833],[8.02532,44.6683],[8.02512,44.66819],[8.02505,44.66815],[8.02494,44.66809],[8.02483,44.66803],[8.02479,44.668],[8.02465,44.66789],[8.02459,44.66783],[8.02445,44.66777],[8.02426,44.6677],[8.02414,44.66755],[8.02404,44.66754],[8.02385,44.66751],[8.02357,44.66743],[8.02343,44.66739],[8.02335,44.66737],[8.02329,44.6673],[8.02326,44.66726],[8.02319,44.66719],[8.02315,44.66716],[8.02311,44.66712],[8.02306,44.6671],[8.02289,44.66706],[8.02286,44.66698],[8.02285,44.66697],[8.02284,44.6669],[8.02283,44.66681],[8.02282,44.66673],[8.02281,44.66667],[8.02271,44.66668],[8.02252,44.66671],[8.0224,44.66672],[8.02203,44.66675],[8.02192,44.66676],[8.02183,44.66674],[8.02172,44.66672],[8.0216,44.66669],[8.02154,44.66668],[8.02148,44.66667],[8.02146,44.66667],[8.02131,44.66668],[8.02114,44.66669],[8.02102,44.6667],[8.02096,44.66671],[8.02092,44.66673],[8.02084,44.66674],[8.0208,44.66673],[8.02074,44.66673],[8.0207,44.66672],[8.02061,44.6667],[8.02057,44.66669],[8.02036,44.66665],[8.02032,44.66664],[8.02007,44.66661],[8.02001,44.66661],[8.01995,44.6666],[8.01957,44.66657],[8.01954,44.66657],[8.01945,44.66656],[8.01936,44.66656],[8.01924,44.66656],[8.01911,44.66656],[8.01902,44.66656],[8.01884,44.66658],[8.0188,44.66659],[8.01844,44.66664],[8.01836,44.66665],[8.0181,44.66669],[8.01792,44.66677],[8.01787,44.66679],[8.01784,44.66681],[8.01769,44.66692],[8.01764,44.66692],[8.01759,44.66692],[8.01751,44.6669],[8.01741,44.66686],[8.01729,44.66682],[8.0172,44.66669],[8.01725,44.66653],[8.01728,44.66646],[8.01725,44.66642],[8.01729,44.66639],[8.01731,44.66627],[8.01733,44.66613],[8.01735,44.66604],[8.01738,44.66596],[8.0174,44.66594],[8.0175,44.66582],[8.01757,44.66571],[8.01763,44.66564],[8.01778,44.66547],[8.01783,44.66541],[8.01796,44.66527],[8.01812,44.66511],[8.01794,44.66505],[8.01789,44.66503],[8.01795,44.66496],[8.01799,44.6649],[8.01801,44.66487],[8.0181,44.66478],[8.01814,44.6647],[8.01817,44.66466],[8.01824,44.66458],[8.01825,44.66455],[8.01834,44.66444],[8.01842,44.66431],[8.01844,44.66427],[8.0185,44.66421],[8.01865,44.66407],[8.01883,44.66391],[8.01893,44.66382],[8.01902,44.66374],[8.01905,44.66371],[8.01913,44.66363],[8.01918,44.66359],[8.01924,44.66353],[8.01925,44.66351],[8.01931,44.66346],[8.01937,44.66341],[8.01939,44.6634],[8.01945,44.6634],[8.01958,44.66341],[8.01963,44.66338],[8.01966,44.66336],[8.01972,44.66332],[8.01978,44.66327],[8.01984,44.66322],[8.01998,44.66311],[8.02003,44.66306],[8.02019,44.66294],[8.02021,44.66292],[8.02024,44.66289],[8.02028,44.66285],[8.02033,44.6628],[8.0204,44.66273],[8.02044,44.66267],[8.02046,44.66264],[8.02047,44.66261],[8.0205,44.66251],[8.02053,44.66244],[8.02051,44.66243],[8.02031,44.66238],[8.02023,44.66236],[8.0193,44.66206],[8.01858,44.66183],[8.01826,44.66173],[8.01688,44.66129],[8.01664,44.66121],[8.01634,44.66111],[8.01572,44.66092],[8.01528,44.66077],[8.01401,44.66036],[8.01385,44.6603],[8.01357,44.6602],[8.01328,44.66012],[8.01305,44.66004],[8.01294,44.66002],[8.01292,44.66002],[8.01251,44.65993],[8.01237,44.6599],[8.01223,44.65987],[8.0119,44.65982],[8.01169,44.65965],[8.01163,44.65961],[8.01158,44.65956],[8.01134,44.65937],[8.01126,44.65931],[8.0111,44.65917],[8.01097,44.65907],[8.01089,44.65903],[8.01071,44.65894],[8.01035,44.65875],[8.00988,44.65852],[8.00982,44.65849],[8.0097,44.65843],[8.00966,44.65841],[8.00957,44.65836],[8.00949,44.65833],[8.00945,44.65831],[8.00942,44.65829],[8.00929,44.65823],[8.00924,44.6582],[8.00903,44.65808],[8.00894,44.65804],[8.00872,44.65794],[8.00869,44.65792],[8.00843,44.6578],[8.0082,44.65771],[8.00816,44.65769],[8.00805,44.65765],[8.00779,44.65757],[8.00758,44.65751],[8.00718,44.65738],[8.00709,44.65737],[8.00689,44.65735],[8.0066,44.65732],[8.00649,44.65731],[8.00643,44.6573],[8.00623,44.65727],[8.00603,44.65734],[8.00565,44.65746],[8.00559,44.65752],[8.00557,44.65753],[8.00548,44.65759],[8.00543,44.65763],[8.00538,44.65766],[8.00533,44.65769],[8.00519,44.65772],[8.00499,44.65772],[8.00495,44.65771],[8.00489,44.65771],[8.00468,44.65775],[8.00462,44.65776],[8.00462,44.65768],[8.00463,44.65766],[8.00471,44.65744],[8.00475,44.65732],[8.00477,44.65727],[8.00479,44.65719],[8.00477,44.6571],[8.00472,44.65698],[8.0047,44.65686],[8.00469,44.65683],[8.00461,44.65649],[8.0046,44.65643],[8.00458,44.65636],[8.00456,44.65627],[8.00455,44.65622],[8.00454,44.65615],[8.00454,44.65609],[8.00455,44.65604],[8.00455,44.65601],[8.00457,44.65592],[8.00457,44.65588],[8.00457,44.65586],[8.00457,44.65583],[8.00457,44.65579],[8.00458,44.65574],[8.0046,44.65571],[8.00464,44.65567],[8.00468,44.65564],[8.00472,44.65561],[8.0048,44.65556],[8.00488,44.65553],[8.00491,44.65552],[8.00496,44.6555],[8.005,44.65548],[8.00509,44.65543],[8.00523,44.65535],[8.00527,44.65533],[8.00552,44.65518],[8.00564,44.65511],[8.00579,44.65501],[8.00608,44.65483],[8.00613,44.6548],[8.00633,44.65464],[8.00639,44.65458],[8.00651,44.65448],[8.00665,44.65438],[8.00669,44.65435],[8.00686,44.6542],[8.00698,44.65412],[8.00721,44.65393],[8.00727,44.65388],[8.00729,44.65386],[8.00747,44.65369],[8.00783,44.65334],[8.00795,44.65322],[8.00789,44.65315],[8.00779,44.65308],[8.00772,44.65305],[8.00767,44.65305],[8.00752,44.65302],[8.00745,44.65301],[8.00723,44.65289],[8.00718,44.65291],[8.00682,44.65276],[8.00674,44.65276],[8.00657,44.65265],[8.00641,44.65259],[8.00634,44.65257],[8.00627,44.65263],[8.00626,44.65267],[8.00624,44.6527],[8.00619,44.65272],[8.00612,44.65271],[8.00606,44.65261],[8.00601,44.65253],[8.00599,44.65251],[8.0059,44.65246],[8.0058,44.65251],[8.0057,44.65253],[8.00566,44.65254],[8.00563,44.65256],[8.00552,44.6526],[8.0055,44.65273],[8.0054,44.65275],[8.00537,44.65271],[8.00525,44.65266],[8.00511,44.65264],[8.00506,44.65258],[8.00495,44.65252],[8.00478,44.65242],[8.00474,44.65241],[8.00461,44.65229],[8.00451,44.65223],[8.00447,44.65221],[8.00439,44.65216],[8.00428,44.65213],[8.00417,44.65206],[8.00402,44.65203],[8.00391,44.65205],[8.00387,44.65206],[8.00382,44.65208],[8.00376,44.6521],[8.00347,44.65197],[8.00338,44.65193],[8.00335,44.65192],[8.00323,44.65191],[8.0032,44.6519],[8.00315,44.65189],[8.00311,44.65189],[8.00308,44.65189],[8.00305,44.65188],[8.00299,44.65187],[8.00294,44.65187],[8.00283,44.65186],[8.0028,44.65185],[8.00278,44.65184],[8.00275,44.65183],[8.0026,44.6518],[8.00253,44.65181],[8.00249,44.65181],[8.0024,44.65181],[8.00233,44.65183],[8.00225,44.65184],[8.00223,44.65184],[8.0022,44.65182],[8.0021,44.65178],[8.00197,44.65175],[8.00191,44.65175],[8.00186,44.65175],[8.00183,44.65174],[8.00175,44.65173],[8.00166,44.65177],[8.00158,44.65182],[8.00156,44.65184],[8.00147,44.65192],[8.00143,44.65199],[8.00141,44.65202],[8.00138,44.65204],[8.00135,44.65207],[8.00123,44.65205],[8.00107,44.65202],[8.00096,44.65199],[8.00092,44.65198],[8.0007,44.6519],[8.00063,44.65188],[8.0006,44.65187],[8.00052,44.65182],[8.00048,44.65181],[8.00045,44.65181],[8.00039,44.65178],[8.00033,44.65176],[8.00026,44.65174],[8.00021,44.65173],[8.00017,44.65171],[8.00004,44.65168],[7.99996,44.65168],[7.99987,44.65167],[7.99976,44.65167],[7.99967,44.65169],[7.99966,44.65173],[7.99957,44.65175],[7.99923,44.65172],[7.99912,44.65166],[7.99906,44.65163],[7.99897,44.65158],[7.99894,44.65158],[7.99891,44.65157],[7.99886,44.65153],[7.99867,44.65154],[7.9986,44.6515],[7.99853,44.65148],[7.99845,44.65146],[7.99842,44.65143],[7.99837,44.65139],[7.99832,44.65136],[7.9982,44.6513],[7.99819,44.65124],[7.99817,44.65113],[7.99807,44.65109],[7.99805,44.65107],[7.99802,44.65106],[7.998,44.65104],[7.99794,44.65101],[7.99796,44.65094],[7.99798,44.65088],[7.998,44.65081],[7.99801,44.65076],[7.9979,44.65074],[7.99767,44.65068],[7.99756,44.65065],[7.99751,44.65067],[7.99741,44.65071],[7.99738,44.6507],[7.99734,44.65069],[7.99731,44.65067],[7.99729,44.65059],[7.99725,44.65055],[7.99723,44.65053],[7.99717,44.65053],[7.99712,44.65047],[7.99704,44.65045],[7.99696,44.65035],[7.99688,44.65033],[7.99686,44.65031],[7.99677,44.65026],[7.99672,44.65023],[7.99667,44.65021],[7.99663,44.65018],[7.99644,44.65018],[7.99634,44.65023],[7.9962,44.65018],[7.99617,44.65009],[7.99614,44.65011],[7.99595,44.65008],[7.99591,44.6501],[7.99587,44.65009],[7.99578,44.65012],[7.99565,44.65017],[7.9956,44.65015],[7.99552,44.65015],[7.99548,44.65016],[7.99535,44.65018],[7.99533,44.6502],[7.99529,44.65024],[7.99526,44.65027],[7.99524,44.65026],[7.99519,44.65025],[7.99514,44.65025],[7.99509,44.65027],[7.99495,44.65026],[7.99491,44.65022],[7.99487,44.6502],[7.99478,44.6502],[7.99474,44.65016],[7.99465,44.65011],[7.99459,44.65007],[7.99453,44.65],[7.99451,44.64998],[7.99443,44.64993],[7.99433,44.64988],[7.99418,44.64981],[7.99411,44.64978],[7.99394,44.6497],[7.99379,44.64962],[7.99375,44.6496],[7.99368,44.64956],[7.99355,44.6495],[7.99349,44.64949],[7.99343,44.64946],[7.99332,44.64944],[7.99327,44.64943],[7.99321,44.64942],[7.99307,44.64939],[7.99296,44.64936],[7.99287,44.64935],[7.99282,44.64934],[7.9928,44.64932],[7.99272,44.64932],[7.99264,44.6493],[7.99258,44.64928],[7.99248,44.64927],[7.99243,44.64925],[7.99239,44.64923],[7.99233,44.64923],[7.9923,44.64922],[7.99228,44.64922],[7.99219,44.64916],[7.99213,44.64909],[7.99207,44.64902],[7.99202,44.64898],[7.99199,44.64896],[7.99197,44.64894],[7.9919,44.64891],[7.99184,44.64888],[7.99169,44.64881],[7.99162,44.6488],[7.99146,44.64876],[7.99136,44.64873],[7.99119,44.64866],[7.99104,44.6486],[7.99096,44.64857],[7.99071,44.64855],[7.99055,44.64855],[7.9905,44.64854],[7.99041,44.64852],[7.99038,44.64851],[7.99034,44.64848],[7.99027,44.64847],[7.98992,44.64837],[7.98948,44.6486],[7.98931,44.64875],[7.98917,44.64888],[7.98889,44.64915],[7.9888,44.64963],[7.9889,44.64982],[7.98898,44.64987],[7.98907,44.6499],[7.98955,44.64998],[7.98963,44.65007],[7.98965,44.65009],[7.98972,44.65029],[7.98972,44.65031],[7.98969,44.65053],[7.98956,44.65064],[7.98954,44.65068],[7.98947,44.65077],[7.98926,44.651],[7.98905,44.65106],[7.98878,44.65112],[7.98856,44.65098],[7.98844,44.65091],[7.98812,44.65086],[7.988,44.65078],[7.9878,44.65063],[7.98775,44.65059],[7.98741,44.65064],[7.987,44.6507],[7.98696,44.65071],[7.98682,44.65072],[7.98662,44.65075],[7.98622,44.6508],[7.98592,44.65086],[7.98572,44.65089],[7.98563,44.6509],[7.98554,44.6509],[7.98537,44.65094],[7.98519,44.65096],[7.98514,44.65097],[7.98496,44.65099],[7.98454,44.65105],[7.98449,44.65105],[7.98397,44.65112],[7.98392,44.65112],[7.98343,44.65119],[7.98339,44.6512],[7.98323,44.65122],[7.98305,44.65124],[7.983,44.65142],[7.98298,44.65153],[7.98289,44.65189],[7.98288,44.65196],[7.98291,44.65199],[7.98298,44.65204],[7.98303,44.65208],[7.98305,44.6521],[7.98322,44.65234],[7.98333,44.65249],[7.98347,44.65269],[7.98341,44.65276],[7.98319,44.65281],[7.98316,44.65281],[7.98301,44.65283],[7.9828,44.65286],[7.98276,44.65286],[7.98256,44.65286],[7.98229,44.65297],[7.98226,44.65298],[7.98225,44.653],[7.98223,44.65313],[7.98226,44.65326],[7.98228,44.65329],[7.98234,44.6535],[7.98231,44.65364],[7.9823,44.65371],[7.98228,44.65376],[7.98225,44.65381],[7.98221,44.65385],[7.98212,44.65393],[7.98197,44.65407],[7.98193,44.6541],[7.98184,44.65416],[7.9815,44.65438],[7.98142,44.65443],[7.98116,44.65458],[7.98095,44.65469],[7.98081,44.65477],[7.98053,44.65493],[7.98024,44.65507],[7.98008,44.65469],[7.98008,44.65467],[7.98006,44.65464],[7.98005,44.65461],[7.98004,44.65458],[7.98002,44.65454],[7.98001,44.65452],[7.97999,44.65448],[7.97998,44.65445],[7.97996,44.65439],[7.97995,44.65436],[7.97993,44.65431],[7.97992,44.65429],[7.97988,44.65419],[7.97987,44.65416],[7.97985,44.6541],[7.97984,44.65407],[7.97982,44.654],[7.97977,44.65392],[7.97972,44.65382],[7.97967,44.65373],[7.97962,44.65362],[7.97955,44.65349],[7.97953,44.65345],[7.97948,44.65336],[7.97941,44.65319],[7.97939,44.65315],[7.97936,44.65309],[7.97928,44.65292],[7.97925,44.65286],[7.97917,44.65271],[7.97912,44.65261],[7.97903,44.65245],[7.979,44.6524],[7.97896,44.65231],[7.97895,44.65228],[7.97891,44.65216],[7.97893,44.65203],[7.97893,44.65199],[7.97901,44.65187],[7.97916,44.65165],[7.97919,44.65161],[7.97922,44.65156],[7.97925,44.65151],[7.9793,44.65144],[7.97938,44.6513],[7.9794,44.65126],[7.97941,44.65124],[7.97944,44.65116],[7.97945,44.65113],[7.97946,44.65107],[7.97948,44.651],[7.97948,44.65096],[7.97948,44.65093],[7.97948,44.65082],[7.97947,44.65074],[7.97948,44.65062],[7.97948,44.65059],[7.97945,44.65041],[7.97943,44.65025],[7.97942,44.65021],[7.97942,44.65017],[7.9794,44.65005],[7.9794,44.65],[7.97942,44.64993],[7.97942,44.64989],[7.97941,44.64972],[7.97942,44.6497],[7.97942,44.64968],[7.97941,44.64949],[7.97942,44.64944],[7.97941,44.64936],[7.97941,44.64925],[7.9794,44.6492],[7.97939,44.64915],[7.97936,44.64901],[7.97934,44.64897],[7.9793,44.64884],[7.97923,44.64869],[7.97917,44.64855],[7.97909,44.64837],[7.97904,44.64824],[7.97895,44.64802],[7.97891,44.64794],[7.97917,44.64795],[7.97924,44.64795],[7.97944,44.64796],[7.97999,44.64795],[7.98,44.64781],[7.98003,44.64725],[7.98003,44.64713],[7.98004,44.64688],[7.98004,44.64679],[7.98005,44.64661],[7.98037,44.64631],[7.98068,44.64602],[7.98085,44.64591],[7.98101,44.64577],[7.9811,44.64568],[7.98113,44.64556],[7.98125,44.64515],[7.98126,44.64511],[7.98132,44.64489],[7.98148,44.64483],[7.98157,44.6448],[7.98203,44.64464],[7.98243,44.6445],[7.98303,44.64429],[7.98325,44.64421],[7.98328,44.6442],[7.98398,44.64396],[7.98432,44.64384],[7.98436,44.64384],[7.98543,44.64344],[7.98549,44.6434],[7.98559,44.64332],[7.98584,44.64314],[7.98595,44.64297],[7.98599,44.6429],[7.98605,44.64279],[7.98612,44.64269],[7.98624,44.64249],[7.98634,44.64234],[7.98656,44.64197],[7.98663,44.64186],[7.98676,44.64166],[7.98688,44.64147],[7.98695,44.64136],[7.98711,44.64109],[7.98722,44.64092],[7.9873,44.64079],[7.98736,44.6407],[7.98745,44.64055],[7.98755,44.64039],[7.98768,44.64043],[7.98809,44.64057],[7.98824,44.64062],[7.98836,44.64063],[7.98844,44.64064],[7.98852,44.64064],[7.98859,44.64063],[7.98867,44.64063],[7.98877,44.64061],[7.98885,44.6406],[7.98889,44.64059],[7.98903,44.64056],[7.98908,44.64054],[7.98916,44.64052],[7.98929,44.64047],[7.98938,44.64043],[7.98951,44.64037],[7.98963,44.64028],[7.98981,44.64017],[7.98986,44.64013],[7.98993,44.64007],[7.99008,44.63995],[7.99011,44.63993],[7.99023,44.63983],[7.99026,44.6398],[7.99035,44.63972],[7.99043,44.63966],[7.9905,44.6396],[7.99067,44.63945],[7.99071,44.63943],[7.99079,44.6394],[7.9909,44.63934],[7.99093,44.63933],[7.99113,44.63924],[7.99122,44.63921],[7.99142,44.63914],[7.99144,44.63913],[7.99156,44.63906],[7.99178,44.63892],[7.99186,44.63888],[7.99204,44.63877],[7.99207,44.63875],[7.9922,44.63867],[7.99232,44.6386],[7.99241,44.63855],[7.99261,44.63839],[7.99267,44.63834],[7.99275,44.63827],[7.99288,44.63819],[7.99292,44.63816],[7.99297,44.63813],[7.99326,44.63795],[7.9933,44.63792],[7.99339,44.63787],[7.99347,44.63781],[7.99365,44.6377],[7.99376,44.63762],[7.99392,44.63755],[7.99424,44.63741],[7.99427,44.6374],[7.99433,44.63738],[7.99451,44.63729],[7.99452,44.63728],[7.99463,44.63722],[7.99467,44.63719],[7.9947,44.63715],[7.99474,44.6371],[7.9948,44.63704],[7.99486,44.63696],[7.99489,44.63691],[7.99492,44.63683],[7.99493,44.6368],[7.99495,44.63673],[7.99498,44.63665],[7.99501,44.63658],[7.99505,44.63651],[7.99507,44.63646],[7.99509,44.63642],[7.99518,44.63626],[7.99519,44.63623],[7.99521,44.63618],[7.99523,44.63613],[7.99524,44.6361],[7.99524,44.63606],[7.99523,44.63602],[7.99522,44.63599],[7.99519,44.63595],[7.99516,44.63591],[7.99505,44.63578],[7.99502,44.63574],[7.99495,44.63563],[7.99489,44.63553],[7.99487,44.63552],[7.99485,44.63549],[7.99481,44.63546],[7.99474,44.63543],[7.99468,44.63539],[7.99464,44.63537],[7.99455,44.63532],[7.99437,44.63525],[7.9943,44.63521],[7.99422,44.63518],[7.9942,44.63516],[7.99418,44.63514],[7.99413,44.6351],[7.99406,44.63499],[7.99405,44.63496],[7.99402,44.63494],[7.99399,44.63484],[7.99395,44.6347],[7.99388,44.63452],[7.99386,44.63445],[7.99383,44.6344],[7.99377,44.6343],[7.99374,44.63427],[7.99364,44.63416],[7.99355,44.63407],[7.99351,44.63405],[7.99339,44.63394],[7.99334,44.6339],[7.99323,44.6338],[7.99344,44.63371],[7.99369,44.63358],[7.99376,44.63355],[7.99397,44.63346],[7.99415,44.63337],[7.99417,44.63336],[7.99429,44.63331],[7.99456,44.63319],[7.99475,44.6331],[7.99486,44.63305],[7.99502,44.63297],[7.99507,44.63295],[7.99525,44.63286],[7.99535,44.63281],[7.99543,44.63278],[7.99561,44.6327],[7.9959,44.63256],[7.99606,44.63249],[7.99624,44.6324],[7.99627,44.63238],[7.99664,44.63221],[7.99685,44.63225],[7.99694,44.63227],[7.99723,44.63231],[7.99754,44.63235],[7.99803,44.6324],[7.9983,44.63241],[7.99839,44.63244],[7.9985,44.63248],[7.99898,44.63251],[7.99902,44.63248],[7.99904,44.63247],[7.99908,44.63244],[7.9991,44.63243],[7.99915,44.63237],[7.99918,44.63233],[7.99921,44.63229],[7.99926,44.63224],[7.99933,44.63215],[7.99947,44.63198],[7.99956,44.63187],[7.99961,44.63178],[7.99965,44.63172],[7.99966,44.6317],[7.9997,44.63164],[7.99977,44.63155],[7.99979,44.63153],[7.99989,44.63139],[8.00002,44.6312],[8.00008,44.63117],[8.00017,44.63114],[8.00024,44.63117],[8.0003,44.63119],[8.00071,44.63137],[8.00083,44.63142],[8.00121,44.63161],[8.00137,44.63167],[8.00147,44.63173],[8.00162,44.6318],[8.00176,44.63185],[8.00212,44.63207],[8.00216,44.63209],[8.00222,44.63211],[8.00235,44.63217],[8.00242,44.6322],[8.00257,44.63226],[8.00266,44.6323],[8.00284,44.63237],[8.00298,44.63242],[8.00304,44.63245],[8.00351,44.63265],[8.00396,44.63281],[8.0041,44.63286],[8.00427,44.63292],[8.00438,44.63296],[8.0046,44.63306],[8.00484,44.63316],[8.00566,44.6328],[8.00571,44.63279],[8.00605,44.63271],[8.00626,44.63266],[8.00669,44.63256],[8.00677,44.63254],[8.00694,44.63248],[8.00731,44.6323],[8.00736,44.63226],[8.00748,44.632],[8.00751,44.6317],[8.00752,44.63166],[8.00754,44.6315],[8.00746,44.63139],[8.00739,44.63125],[8.00743,44.63101],[8.0076,44.63077],[8.00763,44.63072],[8.00777,44.62915],[8.00778,44.62912],[8.00781,44.629]]]}},{"type":"Feature","properties":{"denominazi":"Langhe","tipo":"DOC","codice":"DOC_36"},"geometry":{"type":"Polygon","coordinates":[[[7.98585,44.82534],[7.98577,44.8256],[7.9857,44.82568],[7.98545,44.82599],[7.98522,44.82626],[7.985,44.82645],[7.98482,44.82661],[7.98458,44.82681],[7.98443,44.82694],[7.9842,44.82714],[7.98393,44.82737],[7.98366,44.82761],[7.98344,44.8278],[7.9834,44.82783],[7.98334,44.82789],[7.98333,44.82805],[7.98336,44.82813],[7.98341,44.82828],[7.98347,44.82858],[7.9835,44.82872],[7.98351,44.82897],[7.98352,44.82904],[7.98355,44.82932],[7.98358,44.82958],[7.9836,44.82975],[7.98367,44.82997],[7.98371,44.83008],[7.98372,44.83011],[7.98396,44.83049],[7.98397,44.83052],[7.98397,44.83069],[7.98404,44.83078],[7.9841,44.83082],[7.9842,44.83089],[7.98437,44.83102],[7.98441,44.83106],[7.98442,44.83109],[7.98446,44.83116],[7.98453,44.83131],[7.98455,44.83144],[7.98457,44.83156],[7.9846,44.83174],[7.98466,44.83189],[7.98473,44.83208],[7.98483,44.83228],[7.9847,44.83232],[7.9839,44.83272],[7.98388,44.83273],[7.98338,44.83298],[7.98319,44.83307],[7.98315,44.83311],[7.98289,44.83334],[7.9824,44.83377],[7.98247,44.83382],[7.98248,44.83382],[7.98259,44.83393],[7.98268,44.83403],[7.98283,44.83421],[7.98301,44.83441],[7.98315,44.83457],[7.98315,44.83458],[7.98315,44.83525],[7.98312,44.83527],[7.98304,44.83536],[7.98294,44.83546],[7.98282,44.83557],[7.98276,44.83563],[7.98273,44.83567],[7.98263,44.83577],[7.98254,44.83585],[7.98244,44.83595],[7.98222,44.83626],[7.98192,44.83665],[7.98156,44.83723],[7.98146,44.83739],[7.98135,44.83756],[7.98128,44.83772],[7.98117,44.83803],[7.9809,44.8387],[7.98087,44.8388],[7.98088,44.83882],[7.98089,44.83884],[7.98088,44.83896],[7.98087,44.83915],[7.98086,44.83916],[7.98082,44.83925],[7.98073,44.83948],[7.98064,44.8397],[7.98062,44.83982],[7.9806,44.83989],[7.98058,44.84004],[7.98058,44.84005],[7.98061,44.84022],[7.98065,44.84045],[7.98066,44.84054],[7.98067,44.84066],[7.98063,44.84073],[7.98059,44.84078],[7.98047,44.84113],[7.98032,44.84135],[7.98019,44.84152],[7.9801,44.84167],[7.98007,44.84177],[7.98007,44.84186],[7.98006,44.84204],[7.98005,44.84216],[7.98005,44.84228],[7.98005,44.8424],[7.98005,44.84248],[7.98005,44.84264],[7.98005,44.84281],[7.98006,44.84286],[7.98005,44.84289],[7.98002,44.843],[7.97994,44.84321],[7.97993,44.84323],[7.9799,44.8435],[7.9799,44.84355],[7.97991,44.84361],[7.97991,44.8437],[7.97992,44.84372],[7.97992,44.84375],[7.9799,44.84383],[7.97988,44.84398],[7.97987,44.844],[7.97988,44.84413],[7.97989,44.84442],[7.9799,44.84457],[7.9799,44.8447],[7.97989,44.84489],[7.97987,44.84502],[7.97985,44.8451],[7.97978,44.84536],[7.97976,44.8455],[7.97968,44.84566],[7.97968,44.84568],[7.97964,44.84577],[7.97962,44.84584],[7.97952,44.84606],[7.97942,44.8463],[7.97935,44.84648],[7.97924,44.84671],[7.97922,44.84679],[7.97917,44.84691],[7.979,44.84728],[7.97893,44.84744],[7.9789,44.8475],[7.97866,44.84802],[7.97866,44.84802],[7.97841,44.8486],[7.97822,44.84904],[7.97814,44.84922],[7.97789,44.84978],[7.97787,44.84984],[7.9778,44.85],[7.97777,44.85006],[7.97773,44.85015],[7.97773,44.85016],[7.97769,44.85023],[7.9776,44.85046],[7.97735,44.85049],[7.97735,44.85049],[7.9768,44.85072],[7.97679,44.85073],[7.97659,44.85082],[7.97647,44.85087],[7.97626,44.85096],[7.97617,44.851],[7.97613,44.85101],[7.97603,44.85106],[7.97599,44.85108],[7.97576,44.85117],[7.97572,44.85119],[7.97549,44.85129],[7.97505,44.85146],[7.97505,44.85146],[7.97476,44.85136],[7.97459,44.85129],[7.97458,44.85129],[7.97405,44.8511],[7.97405,44.8511],[7.97353,44.85091],[7.97341,44.85109],[7.97326,44.85119],[7.97304,44.8513],[7.97288,44.85137],[7.97275,44.85142],[7.97244,44.85149],[7.97233,44.85156],[7.97224,44.85164],[7.97216,44.8517],[7.97216,44.8517],[7.97189,44.8518],[7.97171,44.85189],[7.97171,44.85189],[7.97153,44.85196],[7.97138,44.85201],[7.97132,44.85204],[7.97128,44.85205],[7.97119,44.85211],[7.9711,44.85219],[7.97092,44.85245],[7.97092,44.85245],[7.9709,44.85248],[7.97097,44.85259],[7.97112,44.85289],[7.97079,44.853],[7.97044,44.85311],[7.97032,44.85316],[7.9701,44.85323],[7.96978,44.85334],[7.96941,44.85346],[7.96929,44.85351],[7.96888,44.85365],[7.9685,44.85377],[7.96845,44.85379],[7.9684,44.85381],[7.96828,44.85385],[7.9682,44.85388],[7.96816,44.8539],[7.96808,44.85393],[7.96804,44.85395],[7.96799,44.85397],[7.9676,44.85415],[7.96755,44.85417],[7.96743,44.85422],[7.96737,44.85425],[7.96691,44.85446],[7.96683,44.8545],[7.9664,44.85469],[7.96626,44.85475],[7.96621,44.85479],[7.96589,44.85506],[7.96577,44.85516],[7.9656,44.85531],[7.96519,44.85565],[7.96471,44.85606],[7.96444,44.8563],[7.96428,44.85644],[7.96422,44.85647],[7.96408,44.85635],[7.96399,44.85629],[7.96388,44.85622],[7.96368,44.85609],[7.96361,44.85605],[7.96351,44.85599],[7.96328,44.85587],[7.9632,44.85583],[7.96302,44.85573],[7.96296,44.85569],[7.96288,44.85564],[7.96275,44.85549],[7.96265,44.85533],[7.96256,44.85519],[7.96253,44.85513],[7.9624,44.85487],[7.96231,44.8547],[7.96225,44.85463],[7.96221,44.85459],[7.96197,44.85437],[7.96194,44.85434],[7.96182,44.8542],[7.96174,44.8541],[7.96171,44.85406],[7.96167,44.85392],[7.96167,44.85364],[7.96166,44.85324],[7.96163,44.85315],[7.9616,44.85309],[7.96158,44.85304],[7.96147,44.8529],[7.96125,44.85261],[7.96113,44.85246],[7.96109,44.85241],[7.96086,44.85207],[7.96078,44.85196],[7.96077,44.85195],[7.9601,44.85201],[7.95952,44.85206],[7.95891,44.85212],[7.95808,44.85219],[7.95719,44.85227],[7.95701,44.85229],[7.95664,44.85232],[7.95627,44.85235],[7.95581,44.8524],[7.95532,44.85245],[7.95531,44.85245],[7.95529,44.85243],[7.9552,44.85238],[7.95516,44.85226],[7.95509,44.8521],[7.95505,44.852],[7.95503,44.85197],[7.95496,44.85183],[7.95492,44.85176],[7.95489,44.85169],[7.95485,44.85159],[7.95477,44.85141],[7.95476,44.85139],[7.9547,44.85126],[7.95468,44.85125],[7.95436,44.85093],[7.95435,44.85092],[7.95423,44.85078],[7.95412,44.85061],[7.95409,44.85056],[7.95403,44.85046],[7.95383,44.85009],[7.95376,44.84991],[7.95373,44.84985],[7.95374,44.84983],[7.95379,44.84964],[7.95385,44.84941],[7.95376,44.84938],[7.95348,44.8493],[7.95338,44.84927],[7.95326,44.84924],[7.95312,44.84919],[7.95298,44.84915],[7.9527,44.84907],[7.95237,44.84897],[7.95207,44.84888],[7.95159,44.84874],[7.95144,44.8487],[7.95113,44.8486],[7.95059,44.84845],[7.95027,44.84835],[7.94994,44.84826],[7.94948,44.84812],[7.94901,44.84798],[7.94868,44.84788],[7.94807,44.8477],[7.94784,44.84764],[7.94757,44.84755],[7.94729,44.84747],[7.94707,44.84741],[7.94691,44.84736],[7.94679,44.84733],[7.94652,44.84725],[7.94632,44.84719],[7.94622,44.84716],[7.94614,44.84715],[7.94595,44.84708],[7.94577,44.84703],[7.94541,44.84696],[7.94508,44.8469],[7.94476,44.84683],[7.94439,44.84677],[7.94397,44.84669],[7.94346,44.84658],[7.94338,44.84655],[7.94328,44.84652],[7.94303,44.84644],[7.94292,44.8464],[7.94289,44.84639],[7.94261,44.84628],[7.94251,44.84624],[7.94211,44.84608],[7.94166,44.8459],[7.94129,44.84575],[7.94106,44.84566],[7.94098,44.84535],[7.94096,44.84526],[7.94091,44.84509],[7.94088,44.84498],[7.94084,44.84481],[7.9407,44.84427],[7.94065,44.84409],[7.94047,44.84382],[7.9403,44.84356],[7.94028,44.84353],[7.94018,44.84338],[7.94008,44.84324],[7.93959,44.84318],[7.93955,44.84318],[7.93948,44.84317],[7.93923,44.84313],[7.93895,44.84309],[7.93888,44.84308],[7.93871,44.84306],[7.93866,44.84305],[7.93845,44.84303],[7.93833,44.84301],[7.93812,44.84298],[7.93787,44.84295],[7.93765,44.84292],[7.93756,44.84291],[7.93735,44.84288],[7.93731,44.84287],[7.93722,44.84286],[7.93719,44.84286],[7.93719,44.84286],[7.93718,44.84263],[7.93715,44.84238],[7.93713,44.84212],[7.9371,44.84173],[7.9371,44.84169],[7.93708,44.84147],[7.93708,44.84143],[7.93707,44.84125],[7.93704,44.8409],[7.93688,44.84088],[7.93686,44.84088],[7.93682,44.84087],[7.93671,44.84085],[7.93664,44.84084],[7.93661,44.84084],[7.93656,44.84081],[7.93646,44.84076],[7.93643,44.84076],[7.93633,44.84076],[7.93626,44.8407],[7.93618,44.84064],[7.9361,44.84058],[7.93606,44.84055],[7.93605,44.84054],[7.93598,44.84057],[7.93593,44.84055],[7.93579,44.84049],[7.93576,44.84048],[7.93565,44.84044],[7.93562,44.84042],[7.93552,44.84039],[7.9355,44.84037],[7.9354,44.84028],[7.93535,44.84023],[7.93526,44.84022],[7.93509,44.84019],[7.93498,44.84017],[7.93496,44.84017],[7.93494,44.84017],[7.93481,44.84012],[7.93458,44.84005],[7.93455,44.84004],[7.93449,44.84002],[7.93445,44.84],[7.93439,44.83998],[7.93427,44.83998],[7.9342,44.83998],[7.93418,44.83998],[7.93409,44.83998],[7.93403,44.83997],[7.934,44.83997],[7.93394,44.83996],[7.93383,44.83992],[7.93383,44.83988],[7.93379,44.83985],[7.93368,44.8398],[7.93362,44.83977],[7.93349,44.8397],[7.9334,44.83967],[7.93332,44.83964],[7.93305,44.83955],[7.93287,44.83949],[7.93283,44.83951],[7.93274,44.83955],[7.93267,44.83957],[7.93258,44.83953],[7.93258,44.83953],[7.93252,44.83954],[7.9323,44.83954],[7.93227,44.83954],[7.9323,44.8394],[7.93205,44.83932],[7.93198,44.83933],[7.93182,44.83934],[7.93175,44.83932],[7.93161,44.83929],[7.93157,44.8393],[7.9315,44.83932],[7.93136,44.83932],[7.9311,44.8393],[7.93103,44.8393],[7.931,44.8393],[7.93099,44.8393],[7.93091,44.83927],[7.9307,44.83922],[7.93029,44.83911],[7.93011,44.83906],[7.9301,44.83906],[7.92994,44.83892],[7.92984,44.83883],[7.92977,44.83878],[7.92954,44.83859],[7.92898,44.8381],[7.92844,44.83764],[7.92836,44.83757],[7.92807,44.83732],[7.92779,44.83708],[7.92773,44.83711],[7.92763,44.83716],[7.92726,44.83735],[7.92685,44.83688],[7.92669,44.83671],[7.92655,44.83655],[7.92626,44.8362],[7.92599,44.8359],[7.9259,44.83579],[7.92559,44.83544],[7.92534,44.83515],[7.92522,44.83501],[7.92508,44.83485],[7.9248,44.83454],[7.92456,44.83427],[7.92438,44.83412],[7.9243,44.83405],[7.9242,44.83398],[7.92377,44.83362],[7.92266,44.83274],[7.9223,44.83244],[7.92224,44.83244],[7.92215,44.83244],[7.92189,44.83242],[7.92187,44.83242],[7.92154,44.8324],[7.92121,44.83239],[7.91968,44.83231],[7.91952,44.8323],[7.9191,44.83228],[7.91892,44.83227],[7.9188,44.83227],[7.91875,44.83226],[7.91859,44.83225],[7.91835,44.83221],[7.9183,44.83221],[7.91816,44.83219],[7.91798,44.83217],[7.91796,44.83216],[7.91783,44.83215],[7.91779,44.83214],[7.91746,44.8321],[7.9174,44.83209],[7.91727,44.83207],[7.91712,44.83206],[7.91705,44.83205],[7.91704,44.83204],[7.91671,44.832],[7.91671,44.832],[7.91605,44.83192],[7.9158,44.83188],[7.91579,44.83188],[7.91575,44.83188],[7.91562,44.83186],[7.91502,44.83179],[7.91457,44.83173],[7.91447,44.83172],[7.91444,44.83171],[7.91426,44.83169],[7.91381,44.83164],[7.91379,44.83163],[7.91373,44.83162],[7.91372,44.83162],[7.91328,44.83156],[7.91315,44.83155],[7.91294,44.83153],[7.91238,44.83145],[7.91208,44.83141],[7.91172,44.83137],[7.91165,44.83136],[7.91162,44.83135],[7.91156,44.83135],[7.91097,44.83127],[7.91094,44.83127],[7.9109,44.83126],[7.91079,44.83124],[7.91076,44.83124],[7.91075,44.83123],[7.91072,44.83117],[7.9107,44.83114],[7.91056,44.8309],[7.91021,44.83031],[7.90998,44.82993],[7.9098,44.82962],[7.90949,44.8291],[7.9093,44.82879],[7.9093,44.82878],[7.90891,44.82814],[7.90882,44.82798],[7.90875,44.82788],[7.90866,44.82773],[7.90865,44.8277],[7.90859,44.82762],[7.90851,44.82748],[7.90849,44.82744],[7.90844,44.82735],[7.90834,44.8272],[7.90826,44.82707],[7.90823,44.82702],[7.90817,44.82693],[7.90812,44.82685],[7.90803,44.82671],[7.90796,44.8266],[7.90792,44.82653],[7.90779,44.82633],[7.90776,44.82628],[7.90743,44.82577],[7.9074,44.82571],[7.90717,44.82535],[7.90716,44.82534],[7.90709,44.82523],[7.907,44.82508],[7.90692,44.82495],[7.90676,44.82471],[7.90674,44.82467],[7.90636,44.82409],[7.90632,44.82402],[7.90629,44.82397],[7.90624,44.8239],[7.90622,44.82387],[7.90619,44.82382],[7.90614,44.82375],[7.90603,44.82357],[7.90566,44.82338],[7.90563,44.82336],[7.90558,44.82334],[7.90532,44.82321],[7.90529,44.82319],[7.90513,44.82311],[7.90495,44.82302],[7.90491,44.823],[7.90468,44.82289],[7.90426,44.82267],[7.90423,44.82266],[7.90412,44.82261],[7.9041,44.8226],[7.90377,44.82243],[7.90375,44.82242],[7.90374,44.82241],[7.90338,44.82223],[7.90336,44.82222],[7.90317,44.82213],[7.90308,44.82208],[7.903,44.82204],[7.90285,44.82196],[7.90282,44.82195],[7.90268,44.82187],[7.90265,44.82186],[7.90257,44.82182],[7.90253,44.8218],[7.90242,44.82175],[7.90237,44.82172],[7.90229,44.82169],[7.9022,44.82164],[7.90144,44.8221],[7.90064,44.82259],[7.90058,44.82264],[7.90029,44.82288],[7.90021,44.82286],[7.90003,44.82281],[7.89985,44.82277],[7.89947,44.82266],[7.89878,44.82247],[7.89829,44.82257],[7.898,44.82263],[7.89796,44.82264],[7.89793,44.82264],[7.89786,44.82265],[7.8978,44.82267],[7.89767,44.8227],[7.89767,44.8227],[7.89759,44.82271],[7.89756,44.82272],[7.89743,44.82279],[7.89729,44.82288],[7.89727,44.82289],[7.89712,44.82298],[7.8971,44.823],[7.89704,44.8231],[7.89687,44.82336],[7.89681,44.82344],[7.89677,44.82352],[7.89676,44.82354],[7.89656,44.82389],[7.89628,44.82391],[7.89612,44.82392],[7.89567,44.82395],[7.89565,44.82395],[7.89553,44.82396],[7.89517,44.82398],[7.89513,44.82398],[7.89445,44.82415],[7.8944,44.82416],[7.89374,44.82431],[7.89368,44.82431],[7.89358,44.82431],[7.89318,44.82409],[7.89303,44.82401],[7.893,44.82399],[7.89288,44.82393],[7.89267,44.82382],[7.89239,44.82382],[7.89218,44.8238],[7.89213,44.8238],[7.89196,44.82378],[7.89168,44.82375],[7.89134,44.82372],[7.89093,44.82374],[7.89052,44.82376],[7.89012,44.82378],[7.8901,44.82378],[7.89003,44.82378],[7.88979,44.82392],[7.88966,44.824],[7.88945,44.82412],[7.88938,44.82417],[7.88919,44.82428],[7.8891,44.82441],[7.88887,44.82466],[7.88874,44.82482],[7.88871,44.82484],[7.88858,44.82491],[7.88841,44.82501],[7.88812,44.8252],[7.88776,44.82543],[7.88751,44.8256],[7.88749,44.82562],[7.88723,44.82591],[7.88705,44.82611],[7.88689,44.82628],[7.88677,44.82641],[7.88672,44.82645],[7.88654,44.82662],[7.88644,44.82669],[7.88639,44.82673],[7.88631,44.82679],[7.8861,44.82696],[7.88589,44.82707],[7.88581,44.82713],[7.88575,44.82722],[7.88568,44.82727],[7.88554,44.82743],[7.88541,44.82758],[7.88536,44.82764],[7.88531,44.82771],[7.88521,44.82781],[7.88512,44.82791],[7.88506,44.82795],[7.88504,44.82797],[7.88494,44.82805],[7.88492,44.82807],[7.88485,44.82814],[7.88468,44.8283],[7.88456,44.82835],[7.88447,44.8284],[7.88439,44.82845],[7.88433,44.82848],[7.88428,44.82849],[7.88424,44.82851],[7.88404,44.82858],[7.88374,44.82863],[7.88368,44.82864],[7.88356,44.82866],[7.88349,44.82867],[7.88339,44.82867],[7.88327,44.82866],[7.88313,44.82866],[7.88309,44.82866],[7.88276,44.82874],[7.88255,44.82879],[7.88219,44.82886],[7.88205,44.82889],[7.88181,44.82895],[7.8818,44.82896],[7.88173,44.82897],[7.88157,44.82901],[7.88145,44.82904],[7.88128,44.82908],[7.88111,44.82929],[7.88105,44.82936],[7.88104,44.82938],[7.88102,44.82942],[7.88094,44.82953],[7.88072,44.82981],[7.8807,44.82984],[7.88059,44.82998],[7.88028,44.83039],[7.88017,44.83054],[7.88017,44.83054],[7.88015,44.83057],[7.87993,44.83086],[7.87989,44.83092],[7.87977,44.83108],[7.87953,44.83141],[7.87943,44.83156],[7.87943,44.83158],[7.87943,44.83167],[7.87942,44.83218],[7.87941,44.83222],[7.87941,44.83225],[7.87941,44.83233],[7.87941,44.83244],[7.87941,44.83248],[7.87941,44.83253],[7.87941,44.83258],[7.87941,44.8326],[7.87941,44.83264],[7.87941,44.83269],[7.87941,44.83273],[7.87945,44.83297],[7.87949,44.8332],[7.87952,44.83338],[7.87954,44.83348],[7.87955,44.83356],[7.87958,44.83375],[7.87971,44.83404],[7.87977,44.83417],[7.87986,44.83435],[7.87991,44.83446],[7.87997,44.83459],[7.88019,44.83505],[7.88016,44.83505],[7.88003,44.83508],[7.87974,44.83513],[7.87919,44.83522],[7.87871,44.83531],[7.87817,44.83541],[7.87747,44.83553],[7.87704,44.83561],[7.87684,44.83565],[7.87665,44.83568],[7.87647,44.83571],[7.87629,44.83574],[7.87629,44.83574],[7.87628,44.83566],[7.87622,44.83504],[7.8762,44.83485],[7.87617,44.83465],[7.87617,44.8346],[7.87547,44.8346],[7.87537,44.83459],[7.87542,44.8342],[7.87542,44.83415],[7.87519,44.83377],[7.87505,44.83352],[7.87494,44.83353],[7.87488,44.83355],[7.87466,44.83354],[7.87462,44.83352],[7.87459,44.83333],[7.87448,44.83325],[7.8743,44.83324],[7.87411,44.83319],[7.87401,44.833],[7.87378,44.83298],[7.87358,44.83284],[7.87354,44.83282],[7.87324,44.8328],[7.8731,44.83272],[7.87291,44.83267],[7.87279,44.83259],[7.87266,44.83251],[7.87263,44.8325],[7.87254,44.83244],[7.87222,44.83229],[7.87206,44.8322],[7.8719,44.83219],[7.87176,44.83217],[7.87165,44.83214],[7.87139,44.83202],[7.87125,44.83192],[7.87096,44.83178],[7.87093,44.83177],[7.87083,44.83174],[7.87077,44.83172],[7.87074,44.83157],[7.87073,44.83155],[7.87067,44.8315],[7.87075,44.83125],[7.87085,44.83119],[7.87085,44.83119],[7.87071,44.83111],[7.87048,44.8312],[7.87019,44.83118],[7.87012,44.83123],[7.8701,44.83125],[7.87009,44.83125],[7.86997,44.83119],[7.86996,44.8312],[7.86989,44.83124],[7.86989,44.83124],[7.86984,44.83124],[7.86974,44.83118],[7.8697,44.83116],[7.86958,44.8311],[7.86951,44.83112],[7.86943,44.8311],[7.86939,44.83109],[7.86938,44.83109],[7.86931,44.83113],[7.86923,44.83115],[7.86905,44.83112],[7.86893,44.83108],[7.8688,44.8311],[7.86861,44.83101],[7.86836,44.83082],[7.86832,44.83083],[7.86816,44.83077],[7.86798,44.83069],[7.86791,44.83066],[7.86766,44.83056],[7.86712,44.83038],[7.86645,44.83016],[7.86559,44.82992],[7.86496,44.82974],[7.86478,44.8297],[7.86478,44.8297],[7.86464,44.8294],[7.86461,44.82935],[7.86461,44.8293],[7.86454,44.82901],[7.86448,44.82874],[7.86446,44.82866],[7.86446,44.82862],[7.86446,44.82862],[7.86445,44.82854],[7.86445,44.82848],[7.86445,44.82843],[7.86453,44.82832],[7.86459,44.82817],[7.86459,44.82815],[7.86459,44.82809],[7.86461,44.82806],[7.86474,44.82785],[7.86475,44.82776],[7.86483,44.82751],[7.86489,44.82733],[7.86494,44.82717],[7.86499,44.827],[7.86502,44.82688],[7.86504,44.82682],[7.86505,44.82676],[7.86505,44.82673],[7.86505,44.82669],[7.86509,44.82643],[7.86511,44.82628],[7.86515,44.82594],[7.86517,44.82568],[7.86517,44.82565],[7.86515,44.82562],[7.86508,44.82546],[7.86499,44.82524],[7.86495,44.82517],[7.86467,44.82448],[7.86435,44.82423],[7.86411,44.82403],[7.86401,44.82386],[7.86393,44.82373],[7.86389,44.82363],[7.86381,44.82349],[7.86371,44.82332],[7.86357,44.82306],[7.86348,44.82289],[7.86347,44.82287],[7.86342,44.8228],[7.86322,44.82242],[7.86321,44.8224],[7.86298,44.82211],[7.86293,44.82204],[7.86277,44.82184],[7.86264,44.82162],[7.86261,44.82156],[7.86242,44.82125],[7.86238,44.82117],[7.86229,44.82101],[7.86222,44.8209],[7.86212,44.82071],[7.86185,44.82026],[7.86176,44.82009],[7.86141,44.81949],[7.86133,44.81934],[7.86119,44.8191],[7.86117,44.81907],[7.86068,44.81903],[7.86061,44.81902],[7.86056,44.81902],[7.86021,44.81898],[7.8599,44.81895],[7.85956,44.81892],[7.85953,44.81892],[7.85949,44.81891],[7.85936,44.8189],[7.85845,44.81881],[7.85802,44.81823],[7.85796,44.81812],[7.85773,44.81772],[7.85762,44.81754],[7.85753,44.81737],[7.8573,44.81723],[7.85699,44.81729],[7.85666,44.81735],[7.85638,44.81735],[7.85597,44.81736],[7.85602,44.81731],[7.8563,44.81707],[7.85639,44.817],[7.85658,44.81692],[7.85664,44.81669],[7.85664,44.81667],[7.85666,44.81664],[7.85674,44.81642],[7.85673,44.81635],[7.85668,44.81605],[7.85691,44.81604],[7.85699,44.81605],[7.8574,44.81605],[7.85756,44.81606],[7.85807,44.81605],[7.85824,44.81605],[7.85854,44.81606],[7.85864,44.81626],[7.85866,44.81631],[7.85876,44.81653],[7.85879,44.81659],[7.85886,44.81674],[7.85891,44.81686],[7.8593,44.81715],[7.85947,44.81725],[7.85948,44.81708],[7.8593,44.81688],[7.85921,44.81679],[7.85905,44.81663],[7.85904,44.81659],[7.859,44.81645],[7.859,44.81627],[7.85898,44.81612],[7.85897,44.81607],[7.85897,44.81603],[7.85897,44.8159],[7.85897,44.81581],[7.85907,44.81554],[7.85908,44.81552],[7.85909,44.81529],[7.85909,44.81489],[7.85909,44.81455],[7.85913,44.81452],[7.85909,44.81442],[7.85904,44.81431],[7.85887,44.81401],[7.85867,44.81366],[7.85863,44.8136],[7.85859,44.81353],[7.85847,44.81336],[7.85843,44.81331],[7.85841,44.81328],[7.85839,44.81326],[7.85835,44.81319],[7.85819,44.81293],[7.85797,44.81261],[7.85795,44.81256],[7.85793,44.8125],[7.85788,44.81239],[7.85787,44.81237],[7.8578,44.81226],[7.8577,44.81201],[7.85761,44.81181],[7.85754,44.81162],[7.85745,44.81137],[7.85735,44.81109],[7.85734,44.81107],[7.85733,44.81103],[7.85726,44.81085],[7.85723,44.81077],[7.85721,44.81071],[7.85712,44.81048],[7.85711,44.81044],[7.85707,44.81036],[7.85696,44.81006],[7.85689,44.80987],[7.85684,44.80973],[7.85683,44.8097],[7.8568,44.80961],[7.85672,44.80939],[7.8567,44.80934],[7.85664,44.80919],[7.85663,44.80915],[7.85652,44.80884],[7.85633,44.80827],[7.85622,44.80796],[7.85606,44.80751],[7.85604,44.80747],[7.85588,44.80701],[7.85547,44.80581],[7.8553,44.80532],[7.85572,44.80507],[7.85627,44.80475],[7.85623,44.80471],[7.8565,44.80455],[7.85663,44.80447],[7.85671,44.80442],[7.85708,44.80417],[7.85713,44.80414],[7.85747,44.80391],[7.85788,44.80362],[7.85795,44.80357],[7.85825,44.80337],[7.85846,44.80314],[7.85869,44.80288],[7.85896,44.80258],[7.85898,44.80256],[7.85904,44.80244],[7.85919,44.80218],[7.85934,44.80191],[7.8594,44.80182],[7.85941,44.80179],[7.85944,44.80174],[7.85954,44.80156],[7.85958,44.8015],[7.85968,44.80131],[7.85993,44.80088],[7.86006,44.80071],[7.86061,44.8],[7.86065,44.79994],[7.86078,44.79978],[7.86086,44.79966],[7.86096,44.79954],[7.86144,44.79892],[7.86166,44.79878],[7.86176,44.79872],[7.8618,44.79869],[7.86187,44.79864],[7.86199,44.79857],[7.86211,44.79849],[7.86241,44.79831],[7.86251,44.79825],[7.86254,44.79824],[7.8626,44.79821],[7.86265,44.79819],[7.86283,44.79813],[7.86252,44.79772],[7.86237,44.79753],[7.86199,44.79704],[7.86195,44.79683],[7.8619,44.79663],[7.86188,44.79653],[7.86185,44.79652],[7.8616,44.79644],[7.86129,44.79634],[7.86126,44.79636],[7.86108,44.79648],[7.8609,44.79652],[7.86006,44.79672],[7.8599,44.79679],[7.85976,44.79685],[7.85963,44.79678],[7.85943,44.79667],[7.85931,44.7966],[7.85928,44.79663],[7.8591,44.79644],[7.85903,44.79636],[7.85901,44.79634],[7.85897,44.79629],[7.85871,44.79593],[7.85859,44.79576],[7.85855,44.79569],[7.85847,44.79555],[7.85856,44.7953],[7.85869,44.79498],[7.85852,44.79485],[7.85826,44.79465],[7.85824,44.79464],[7.85825,44.79455],[7.85828,44.79453],[7.85838,44.79441],[7.85848,44.79431],[7.85855,44.79423],[7.85857,44.79422],[7.8587,44.79414],[7.85878,44.7941],[7.85888,44.79406],[7.85894,44.79404],[7.85902,44.79386],[7.85905,44.7938],[7.85895,44.79375],[7.85879,44.79367],[7.85867,44.79357],[7.85865,44.79355],[7.8585,44.79344],[7.8582,44.7932],[7.85808,44.79311],[7.85798,44.79302],[7.85793,44.79298],[7.85787,44.79293],[7.85783,44.79289],[7.85775,44.79289],[7.85765,44.79289],[7.85739,44.7925],[7.85737,44.79247],[7.8572,44.79216],[7.85718,44.79214],[7.85713,44.79198],[7.85711,44.79194],[7.85707,44.79183],[7.85704,44.79173],[7.85703,44.79171],[7.85688,44.79167],[7.85678,44.79168],[7.85669,44.79168],[7.85666,44.7917],[7.85655,44.79174],[7.85636,44.79154],[7.85632,44.79151],[7.85619,44.79119],[7.85611,44.79098],[7.85608,44.7909],[7.85596,44.79061],[7.85592,44.7905],[7.85584,44.7903],[7.85574,44.79004],[7.85558,44.78967],[7.85556,44.78962],[7.85545,44.78934],[7.85486,44.78937],[7.85447,44.78939],[7.85426,44.78939],[7.85395,44.78941],[7.85388,44.78961],[7.85386,44.78966],[7.85384,44.78972],[7.85379,44.78987],[7.85377,44.78995],[7.85372,44.79008],[7.85371,44.7901],[7.85356,44.79037],[7.85348,44.79052],[7.85331,44.79082],[7.85329,44.79086],[7.85326,44.79091],[7.85279,44.79087],[7.85266,44.79095],[7.8526,44.79111],[7.85253,44.79131],[7.85252,44.79134],[7.85244,44.79156],[7.85242,44.79161],[7.85216,44.7916],[7.85164,44.79158],[7.85164,44.79135],[7.85164,44.79127],[7.85164,44.79119],[7.85164,44.7911],[7.85163,44.79094],[7.85164,44.7907],[7.85163,44.79051],[7.85164,44.79018],[7.85164,44.79001],[7.85164,44.78985],[7.85164,44.78958],[7.85164,44.78942],[7.85164,44.78903],[7.85121,44.78907],[7.85116,44.78907],[7.85091,44.78909],[7.85007,44.78918],[7.84988,44.7892],[7.84965,44.78923],[7.84949,44.78923],[7.84946,44.7888],[7.84943,44.78849],[7.8494,44.78814],[7.849,44.78815],[7.84875,44.78815],[7.84822,44.78816],[7.84748,44.78818],[7.84727,44.78818],[7.84682,44.78819],[7.8465,44.7882],[7.84639,44.7882],[7.84632,44.7882],[7.84588,44.7882],[7.84582,44.7882],[7.84566,44.78818],[7.84532,44.78814],[7.84506,44.78809],[7.84479,44.78804],[7.84454,44.788],[7.84428,44.78796],[7.84413,44.78793],[7.84397,44.78791],[7.84362,44.78785],[7.84358,44.78783],[7.8433,44.78766],[7.8431,44.78754],[7.84311,44.7875],[7.84312,44.78741],[7.84316,44.78705],[7.84318,44.78681],[7.8432,44.78671],[7.84322,44.78643],[7.84325,44.78619],[7.84319,44.78607],[7.84316,44.78603],[7.84315,44.786],[7.84311,44.78595],[7.84309,44.78591],[7.84299,44.78572],[7.84292,44.78559],[7.84281,44.78552],[7.84264,44.7854],[7.84253,44.78533],[7.84239,44.78523],[7.84234,44.7852],[7.84202,44.78498],[7.84193,44.78492],[7.84163,44.7847],[7.84145,44.78458],[7.84139,44.78454],[7.84132,44.78448],[7.84114,44.7846],[7.84109,44.78462],[7.84106,44.78465],[7.84084,44.78479],[7.84082,44.7848],[7.84059,44.78487],[7.84036,44.78493],[7.84028,44.78496],[7.84012,44.785],[7.83984,44.78509],[7.83967,44.78474],[7.83953,44.78445],[7.83948,44.78434],[7.83941,44.78417],[7.83926,44.78382],[7.83906,44.78338],[7.83892,44.78305],[7.83888,44.78297],[7.83882,44.78283],[7.83872,44.78264],[7.8386,44.78233],[7.83845,44.78197],[7.83836,44.78181],[7.83829,44.78168],[7.83826,44.78162],[7.83806,44.78126],[7.83791,44.78099],[7.83771,44.78063],[7.83758,44.78039],[7.83754,44.78033],[7.83762,44.78032],[7.83765,44.78026],[7.83765,44.78024],[7.83764,44.7802],[7.8376,44.78017],[7.83747,44.78014],[7.8374,44.78019],[7.83738,44.78019],[7.83728,44.7801],[7.83734,44.78],[7.83734,44.77997],[7.83735,44.77995],[7.83731,44.77992],[7.83726,44.77986],[7.83733,44.77964],[7.83736,44.77962],[7.83739,44.77963],[7.83743,44.77964],[7.83746,44.77964],[7.83752,44.77964],[7.83749,44.77948],[7.83748,44.77925],[7.83745,44.77842],[7.8375,44.7784],[7.83768,44.77833],[7.83785,44.77821],[7.83806,44.77807],[7.83813,44.77802],[7.83843,44.77783],[7.83848,44.77775],[7.83855,44.77765],[7.83865,44.77758],[7.83878,44.77749],[7.83885,44.77744],[7.83889,44.77743],[7.83929,44.77711],[7.83912,44.77695],[7.83905,44.77689],[7.83909,44.77686],[7.83898,44.77676],[7.83895,44.77672],[7.83892,44.77661],[7.83892,44.7765],[7.83891,44.7764],[7.8388,44.77626],[7.83862,44.77602],[7.83849,44.77584],[7.83844,44.7758],[7.83842,44.77578],[7.83842,44.77574],[7.83841,44.77573],[7.83836,44.77565],[7.83839,44.77547],[7.83843,44.7754],[7.83854,44.77518],[7.83855,44.77517],[7.83862,44.77505],[7.83886,44.77472],[7.83849,44.77455],[7.83836,44.77449],[7.83829,44.77446],[7.83809,44.7744],[7.83781,44.77474],[7.83748,44.77513],[7.83746,44.77523],[7.83733,44.77521],[7.83729,44.77528],[7.83668,44.77512],[7.83678,44.77499],[7.83686,44.77489],[7.83735,44.77426],[7.8374,44.77419],[7.83739,44.77416],[7.8375,44.77399],[7.83764,44.7738],[7.83777,44.7736],[7.83807,44.77309],[7.8379,44.77304],[7.83736,44.77287],[7.83665,44.77265],[7.83662,44.77264],[7.83659,44.77264],[7.83661,44.77248],[7.83682,44.7723],[7.83702,44.77191],[7.837,44.77183],[7.83695,44.77181],[7.83687,44.77178],[7.83686,44.77158],[7.8369,44.77128],[7.83698,44.77122],[7.83715,44.77125],[7.83717,44.77122],[7.83716,44.7712],[7.83715,44.77114],[7.83708,44.77107],[7.83709,44.77102],[7.83728,44.77096],[7.83732,44.77096],[7.83745,44.77101],[7.83748,44.77102],[7.83755,44.77102],[7.83762,44.77101],[7.83765,44.77095],[7.8377,44.77092],[7.83772,44.77086],[7.83766,44.77078],[7.83762,44.77068],[7.83757,44.77063],[7.83755,44.77061],[7.83754,44.77056],[7.83759,44.7705],[7.83766,44.77046],[7.83769,44.77041],[7.83772,44.77039],[7.83786,44.77042],[7.83793,44.77039],[7.8379,44.77026],[7.83798,44.77018],[7.83791,44.76994],[7.83795,44.76986],[7.83811,44.7698],[7.83836,44.76966],[7.83839,44.76957],[7.83836,44.76945],[7.83836,44.76943],[7.83833,44.76935],[7.83833,44.76933],[7.83832,44.76926],[7.83835,44.76923],[7.83841,44.76921],[7.83867,44.76907],[7.8389,44.7688],[7.83894,44.7687],[7.83903,44.76867],[7.83909,44.76861],[7.83918,44.76855],[7.83932,44.76846],[7.83929,44.7684],[7.83916,44.76838],[7.83901,44.76834],[7.83896,44.76824],[7.83877,44.76786],[7.83876,44.76771],[7.83875,44.76763],[7.83874,44.76748],[7.83873,44.76743],[7.83872,44.76741],[7.83864,44.76714],[7.83854,44.76686],[7.83855,44.76684],[7.83856,44.76679],[7.8386,44.76678],[7.83887,44.76674],[7.83884,44.76663],[7.83875,44.76641],[7.83867,44.76618],[7.83865,44.76612],[7.8386,44.76595],[7.83858,44.76588],[7.83845,44.76553],[7.83844,44.76551],[7.83838,44.76534],[7.83826,44.76496],[7.83793,44.76409],[7.8379,44.7641],[7.83784,44.76389],[7.83769,44.76339],[7.83767,44.76333],[7.83765,44.76328],[7.83756,44.76284],[7.83753,44.76245],[7.83753,44.7623],[7.83753,44.76212],[7.83758,44.76186],[7.83718,44.76211],[7.83709,44.76216],[7.83705,44.76219],[7.83682,44.76235],[7.83663,44.76248],[7.83629,44.76271],[7.83623,44.7626],[7.83612,44.76239],[7.83611,44.76237],[7.83602,44.76222],[7.8361,44.76218],[7.83615,44.76214],[7.83618,44.76213],[7.83632,44.76205],[7.83665,44.76189],[7.83689,44.76176],[7.83691,44.76174],[7.83752,44.76142],[7.83756,44.7614],[7.83808,44.76112],[7.83823,44.76104],[7.83826,44.76098],[7.83836,44.76076],[7.83844,44.76061],[7.83865,44.76016],[7.83878,44.75988],[7.83895,44.75953],[7.83915,44.75911],[7.83926,44.75891],[7.83928,44.75887],[7.83946,44.75849],[7.83959,44.75823],[7.83976,44.75787],[7.84001,44.75735],[7.84011,44.75714],[7.84018,44.75701],[7.84028,44.75683],[7.84058,44.75675],[7.8407,44.75673],[7.84094,44.75667],[7.84117,44.75661],[7.84145,44.75655],[7.84176,44.75647],[7.84229,44.75635],[7.84235,44.75634],[7.84258,44.75607],[7.84275,44.75589],[7.84281,44.75582],[7.84277,44.75579],[7.84251,44.7556],[7.84221,44.75539],[7.84175,44.75504],[7.8417,44.75502],[7.84161,44.75495],[7.84159,44.75493],[7.84163,44.75491],[7.84167,44.75488],[7.84178,44.75487],[7.84182,44.75488],[7.84185,44.7549],[7.84191,44.75489],[7.842,44.75484],[7.842,44.7548],[7.84199,44.75477],[7.84197,44.7547],[7.84204,44.75461],[7.84205,44.75459],[7.8421,44.75456],[7.84223,44.75452],[7.84229,44.75453],[7.84233,44.75454],[7.84238,44.75452],[7.84239,44.75447],[7.84235,44.75438],[7.84234,44.75434],[7.84231,44.75427],[7.84227,44.75422],[7.84229,44.75417],[7.84244,44.75405],[7.84242,44.75402],[7.84244,44.75399],[7.84248,44.75397],[7.8425,44.75395],[7.8426,44.75398],[7.84263,44.75399],[7.84265,44.75401],[7.84269,44.75402],[7.84274,44.75404],[7.84289,44.75412],[7.84292,44.75412],[7.84305,44.75415],[7.84311,44.75415],[7.84316,44.75414],[7.84323,44.75412],[7.84338,44.75408],[7.84356,44.75409],[7.84362,44.75408],[7.84365,44.75408],[7.84383,44.75411],[7.84389,44.75409],[7.84393,44.75406],[7.84394,44.75402],[7.84395,44.75395],[7.84397,44.75394],[7.844,44.75394],[7.84409,44.75393],[7.84412,44.75393],[7.84417,44.7539],[7.84422,44.75387],[7.84423,44.75385],[7.84428,44.75377],[7.84432,44.75376],[7.8444,44.75372],[7.84443,44.75372],[7.84449,44.75371],[7.84456,44.7536],[7.84463,44.75358],[7.84469,44.75356],[7.84476,44.75351],[7.84479,44.75351],[7.84484,44.75356],[7.84487,44.75359],[7.84496,44.7536],[7.84509,44.75362],[7.84517,44.75361],[7.84526,44.75358],[7.8453,44.75352],[7.84535,44.75352],[7.8454,44.75357],[7.84547,44.7536],[7.84558,44.75357],[7.84566,44.75357],[7.84571,44.75357],[7.84581,44.75357],[7.84592,44.75361],[7.84614,44.75364],[7.84621,44.75368],[7.84634,44.75363],[7.84641,44.75361],[7.84652,44.75366],[7.84658,44.75366],[7.84673,44.75362],[7.84688,44.75364],[7.84698,44.75367],[7.84711,44.75368],[7.84714,44.75367],[7.84719,44.75367],[7.84731,44.75363],[7.84741,44.75356],[7.84746,44.75355],[7.84745,44.75354],[7.84739,44.75347],[7.84708,44.75313],[7.84704,44.75308],[7.84697,44.75302],[7.84692,44.75297],[7.84692,44.75292],[7.84693,44.7529],[7.84695,44.75288],[7.8469,44.75286],[7.84692,44.75285],[7.84695,44.75284],[7.84692,44.75276],[7.84693,44.7527],[7.84689,44.75271],[7.84689,44.75264],[7.84692,44.75262],[7.84694,44.75257],[7.84695,44.75255],[7.84697,44.75252],[7.84692,44.75244],[7.84701,44.75235],[7.84698,44.75225],[7.84706,44.75214],[7.84708,44.75212],[7.84713,44.75212],[7.84718,44.75206],[7.84717,44.752],[7.84715,44.75196],[7.84711,44.75194],[7.84713,44.7519],[7.84717,44.75186],[7.8472,44.75182],[7.84722,44.75179],[7.8472,44.75178],[7.84717,44.75176],[7.84713,44.75174],[7.84714,44.75172],[7.84716,44.7517],[7.84717,44.75167],[7.84718,44.75163],[7.84712,44.75161],[7.84713,44.75157],[7.84719,44.75155],[7.84727,44.75157],[7.84726,44.7515],[7.84724,44.75146],[7.84725,44.75142],[7.8472,44.75142],[7.8472,44.75138],[7.84726,44.75132],[7.84728,44.75131],[7.84731,44.7513],[7.8474,44.75124],[7.84741,44.75121],[7.84747,44.75119],[7.84747,44.75113],[7.84752,44.75113],[7.84755,44.75115],[7.84759,44.75114],[7.84761,44.7511],[7.84765,44.75111],[7.84768,44.75108],[7.84773,44.7511],[7.84777,44.75111],[7.84777,44.75114],[7.84776,44.75117],[7.84772,44.75119],[7.84776,44.75121],[7.84775,44.75126],[7.84782,44.75128],[7.8479,44.75126],[7.8479,44.75124],[7.84793,44.75121],[7.84797,44.75122],[7.84801,44.75117],[7.84803,44.75116],[7.84807,44.75116],[7.84815,44.75115],[7.84817,44.75111],[7.84823,44.75106],[7.84828,44.75106],[7.84826,44.75104],[7.84823,44.75099],[7.84823,44.75094],[7.84825,44.75093],[7.84822,44.75092],[7.84819,44.75094],[7.84818,44.75091],[7.84825,44.7509],[7.84829,44.75086],[7.84834,44.75087],[7.84838,44.75087],[7.8484,44.75084],[7.84842,44.75081],[7.84848,44.75079],[7.8485,44.75082],[7.84852,44.75079],[7.84856,44.75078],[7.84859,44.75079],[7.8487,44.75073],[7.84864,44.75071],[7.84859,44.75069],[7.84859,44.75067],[7.84859,44.75065],[7.84861,44.75063],[7.84864,44.75061],[7.84867,44.75057],[7.8487,44.75054],[7.84874,44.75057],[7.84879,44.75057],[7.84881,44.75054],[7.84879,44.75052],[7.84877,44.75049],[7.84882,44.75047],[7.84884,44.75044],[7.8489,44.75048],[7.84892,44.75045],[7.84896,44.75043],[7.84896,44.75038],[7.84892,44.75036],[7.84892,44.75033],[7.84896,44.75027],[7.84895,44.75026],[7.84887,44.75023],[7.8488,44.75011],[7.84884,44.75006],[7.84885,44.75004],[7.84888,44.75002],[7.8489,44.75],[7.84894,44.75001],[7.84895,44.74998],[7.84896,44.74996],[7.849,44.74993],[7.849,44.74982],[7.84899,44.74979],[7.84895,44.7497],[7.84888,44.74963],[7.84884,44.74949],[7.84882,44.74945],[7.8488,44.74944],[7.84867,44.74929],[7.84862,44.7493],[7.8486,44.74932],[7.84857,44.74934],[7.84851,44.74939],[7.84844,44.74923],[7.84842,44.74922],[7.84842,44.74917],[7.84835,44.74909],[7.84825,44.74906],[7.84811,44.74904],[7.84809,44.74899],[7.84815,44.74894],[7.84819,44.74891],[7.84819,44.74885],[7.84811,44.7487],[7.84803,44.74855],[7.84797,44.74852],[7.84788,44.74862],[7.84784,44.74862],[7.84782,44.74856],[7.84783,44.74843],[7.84783,44.74836],[7.84767,44.74818],[7.84756,44.74805],[7.84758,44.74797],[7.84758,44.74788],[7.84762,44.74785],[7.8476,44.74775],[7.84769,44.74772],[7.84775,44.74769],[7.84776,44.74765],[7.8477,44.7476],[7.84767,44.74754],[7.84765,44.74751],[7.84767,44.74748],[7.84761,44.74743],[7.84755,44.74743],[7.84752,44.74743],[7.84747,44.74742],[7.84746,44.74738],[7.84748,44.74733],[7.84745,44.74728],[7.84742,44.7473],[7.84737,44.74731],[7.84731,44.74728],[7.84729,44.74727],[7.84728,44.74723],[7.84732,44.7472],[7.84735,44.74718],[7.84733,44.74716],[7.84734,44.74713],[7.84743,44.74711],[7.84749,44.74708],[7.8475,44.74702],[7.84745,44.747],[7.84738,44.74689],[7.84733,44.74689],[7.84731,44.74687],[7.8473,44.74685],[7.84722,44.74663],[7.84719,44.74656],[7.84714,44.74652],[7.84712,44.74648],[7.84711,44.74645],[7.84708,44.74648],[7.84705,44.74648],[7.84704,44.74646],[7.84703,44.74643],[7.84698,44.74643],[7.847,44.74637],[7.84704,44.74633],[7.84705,44.74623],[7.84705,44.7462],[7.84706,44.74612],[7.84712,44.74605],[7.84712,44.74595],[7.84712,44.74593],[7.84722,44.74585],[7.84724,44.74584],[7.84727,44.74582],[7.8473,44.74578],[7.84732,44.74575],[7.84733,44.74567],[7.84731,44.7456],[7.84732,44.7455],[7.8474,44.74541],[7.84744,44.74535],[7.84746,44.74532],[7.84749,44.7453],[7.8475,44.74526],[7.84745,44.74524],[7.84744,44.74516],[7.84745,44.74512],[7.84747,44.74508],[7.84746,44.74505],[7.84744,44.74503],[7.84742,44.74499],[7.84741,44.74497],[7.84741,44.74494],[7.84746,44.74491],[7.84747,44.74489],[7.84744,44.74487],[7.84747,44.74483],[7.84748,44.7448],[7.84749,44.74478],[7.84751,44.74477],[7.84754,44.74475],[7.84749,44.74466],[7.84747,44.74462],[7.84748,44.74457],[7.84746,44.7445],[7.84744,44.74443],[7.84744,44.74441],[7.84746,44.74437],[7.84745,44.7443],[7.84742,44.74423],[7.84738,44.74416],[7.84735,44.74411],[7.84736,44.74408],[7.84737,44.74404],[7.84739,44.744],[7.84737,44.74394],[7.8474,44.74389],[7.8474,44.74387],[7.84738,44.74384],[7.84739,44.74382],[7.8474,44.74379],[7.84737,44.74373],[7.84739,44.74368],[7.84741,44.74366],[7.84741,44.74358],[7.84744,44.74357],[7.84743,44.74353],[7.84747,44.74347],[7.84744,44.74342],[7.84747,44.74339],[7.84746,44.74335],[7.84751,44.74333],[7.84752,44.74322],[7.84753,44.74317],[7.84752,44.74311],[7.84751,44.74307],[7.84751,44.74304],[7.84754,44.74292],[7.84752,44.74288],[7.84753,44.74282],[7.84755,44.74279],[7.84756,44.74276],[7.84758,44.74272],[7.84766,44.74267],[7.8477,44.74256],[7.84776,44.74247],[7.84789,44.74219],[7.84797,44.74202],[7.84813,44.74165],[7.84815,44.74159],[7.8483,44.74131],[7.84835,44.74119],[7.84836,44.74115],[7.84843,44.74086],[7.84847,44.74066],[7.84854,44.74031],[7.84854,44.74029],[7.84849,44.74018],[7.8485,44.74016],[7.84849,44.74012],[7.84842,44.73978],[7.8484,44.73969],[7.84837,44.73942],[7.84835,44.73921],[7.84831,44.73881],[7.84824,44.73865],[7.84801,44.73807],[7.84785,44.73769],[7.84783,44.73736],[7.8478,44.73676],[7.84779,44.73664],[7.84768,44.73651],[7.84767,44.73649],[7.84759,44.73638],[7.84758,44.73636],[7.84751,44.7362],[7.8475,44.73603],[7.84744,44.73593],[7.84739,44.73577],[7.84738,44.73574],[7.84736,44.73558],[7.84734,44.73552],[7.84727,44.73531],[7.84727,44.73529],[7.84723,44.73517],[7.84714,44.73485],[7.84712,44.73474],[7.84695,44.73472],[7.84681,44.73471],[7.8466,44.73469],[7.84654,44.73468],[7.84649,44.73468],[7.84643,44.73467],[7.84633,44.73466],[7.84623,44.73465],[7.84611,44.73464],[7.8459,44.73461],[7.84582,44.73461],[7.84574,44.7346],[7.84562,44.73459],[7.84554,44.73458],[7.84542,44.73457],[7.84515,44.73453],[7.84509,44.73452],[7.84504,44.73452],[7.84499,44.73451],[7.84493,44.7345],[7.84477,44.73449],[7.84474,44.73448],[7.8446,44.73447],[7.84455,44.73446],[7.84443,44.73445],[7.84439,44.73444],[7.84436,44.73444],[7.8439,44.73439],[7.84383,44.73438],[7.84378,44.73437],[7.84372,44.73437],[7.84338,44.73433],[7.8432,44.73431],[7.84292,44.73428],[7.84258,44.73441],[7.84213,44.73458],[7.84149,44.73483],[7.84118,44.73494],[7.84098,44.73501],[7.84094,44.73503],[7.84089,44.73502],[7.84078,44.73495],[7.84073,44.73493],[7.84066,44.73487],[7.84057,44.73481],[7.84053,44.73479],[7.8404,44.73473],[7.84028,44.73468],[7.83996,44.73455],[7.83963,44.73446],[7.8393,44.73456],[7.83903,44.73457],[7.83896,44.73465],[7.83901,44.73474],[7.839,44.73477],[7.83888,44.73482],[7.83886,44.73485],[7.83882,44.73488],[7.8388,44.73495],[7.83876,44.73501],[7.83868,44.73501],[7.83865,44.73501],[7.83852,44.73499],[7.83833,44.73501],[7.83834,44.73511],[7.83814,44.73534],[7.83814,44.73544],[7.8381,44.7355],[7.83788,44.73539],[7.83783,44.73539],[7.8378,44.73542],[7.8378,44.73544],[7.83765,44.73559],[7.83765,44.73565],[7.83768,44.73571],[7.8376,44.73572],[7.83755,44.73574],[7.83728,44.73583],[7.83729,44.73594],[7.83724,44.73594],[7.83711,44.73593],[7.83713,44.73604],[7.83727,44.73622],[7.837,44.7363],[7.83698,44.73622],[7.83699,44.73612],[7.83688,44.73609],[7.83679,44.73616],[7.83676,44.73618],[7.83679,44.73627],[7.83669,44.73639],[7.83668,44.73643],[7.83673,44.73651],[7.83644,44.73656],[7.83638,44.73662],[7.83625,44.73673],[7.8363,44.73684],[7.83628,44.7369],[7.83618,44.73693],[7.83607,44.73689],[7.83599,44.73684],[7.83597,44.73683],[7.83593,44.73682],[7.83583,44.73693],[7.83581,44.73706],[7.83589,44.73717],[7.83562,44.73716],[7.83549,44.73715],[7.83545,44.73715],[7.83537,44.73716],[7.83528,44.73725],[7.83525,44.73725],[7.83523,44.73724],[7.83516,44.73722],[7.83506,44.73717],[7.83502,44.73716],[7.83497,44.73741],[7.83499,44.73757],[7.83498,44.7376],[7.83485,44.73747],[7.83468,44.7374],[7.83465,44.7374],[7.83461,44.73744],[7.83446,44.73761],[7.83439,44.73765],[7.83432,44.73768],[7.83411,44.73772],[7.8341,44.73774],[7.83405,44.73785],[7.83403,44.73788],[7.83402,44.73791],[7.83399,44.73789],[7.83383,44.73778],[7.83379,44.73776],[7.83362,44.73776],[7.83346,44.73777],[7.83343,44.73796],[7.8334,44.73796],[7.83337,44.73796],[7.83333,44.73796],[7.83326,44.73797],[7.83307,44.73799],[7.83295,44.73801],[7.83291,44.73806],[7.83291,44.73833],[7.83291,44.73836],[7.83285,44.73857],[7.83283,44.73863],[7.83278,44.73879],[7.83255,44.73894],[7.83243,44.73902],[7.83226,44.73904],[7.83217,44.73904],[7.83211,44.73899],[7.83207,44.73899],[7.83185,44.73911],[7.83158,44.73907],[7.83155,44.7391],[7.8316,44.73939],[7.83163,44.73942],[7.83166,44.73945],[7.83164,44.73964],[7.83163,44.7397],[7.8316,44.73987],[7.83133,44.73985],[7.83118,44.73973],[7.8311,44.73972],[7.83096,44.73973],[7.83093,44.73974],[7.83085,44.73976],[7.83078,44.73976],[7.83075,44.73976],[7.83057,44.73974],[7.83044,44.7399],[7.83044,44.73998],[7.83041,44.73999],[7.83037,44.74016],[7.8302,44.74032],[7.83,44.74043],[7.82993,44.74046],[7.82971,44.74066],[7.82956,44.74074],[7.82939,44.74083],[7.82931,44.74087],[7.82933,44.741],[7.82946,44.74106],[7.82948,44.74111],[7.82936,44.74126],[7.82931,44.74131],[7.82929,44.74133],[7.82926,44.74137],[7.82927,44.74146],[7.82924,44.74149],[7.829,44.74147],[7.82879,44.74152],[7.82861,44.74156],[7.82853,44.74161],[7.82851,44.7418],[7.82834,44.74193],[7.82821,44.742],[7.82802,44.74212],[7.8279,44.74226],[7.82798,44.74243],[7.82821,44.74265],[7.82816,44.74274],[7.82786,44.74292],[7.82785,44.74293],[7.82772,44.74309],[7.82764,44.74318],[7.82737,44.74336],[7.82712,44.7434],[7.82684,44.74345],[7.82628,44.74362],[7.82613,44.74383],[7.82611,44.74401],[7.82597,44.74403],[7.82589,44.74402],[7.8258,44.74399],[7.82555,44.7439],[7.82549,44.74391],[7.82547,44.74393],[7.82544,44.74397],[7.82547,44.74416],[7.82546,44.74421],[7.82551,44.74446],[7.82547,44.74453],[7.82546,44.74457],[7.82542,44.74461],[7.82532,44.74474],[7.82522,44.74483],[7.82515,44.7449],[7.82507,44.745],[7.82493,44.74504],[7.82491,44.74504],[7.82488,44.74505],[7.8248,44.74507],[7.82472,44.74508],[7.82469,44.7451],[7.82461,44.74512],[7.82453,44.74515],[7.82446,44.74526],[7.82444,44.74528],[7.82445,44.74537],[7.82441,44.74543],[7.82436,44.7455],[7.82431,44.74558],[7.82428,44.74559],[7.82402,44.74567],[7.82365,44.74567],[7.82333,44.74576],[7.82316,44.74593],[7.82312,44.74597],[7.82309,44.746],[7.82306,44.74601],[7.82292,44.7461],[7.82289,44.74612],[7.82275,44.7462],[7.8225,44.74622],[7.82238,44.74621],[7.82223,44.74623],[7.82182,44.74628],[7.82165,44.74631],[7.82143,44.74627],[7.82111,44.74622],[7.82082,44.74616],[7.82067,44.74615],[7.82051,44.74614],[7.82046,44.74615],[7.82032,44.74615],[7.82027,44.74615],[7.82002,44.7462],[7.81969,44.74635],[7.81954,44.7464],[7.8193,44.74649],[7.81919,44.74655],[7.81916,44.74653],[7.8191,44.7465],[7.81907,44.74648],[7.81883,44.74635],[7.8187,44.7463],[7.81838,44.74616],[7.81832,44.74614],[7.81821,44.74609],[7.81816,44.74607],[7.81803,44.74599],[7.81784,44.74597],[7.81753,44.74601],[7.81739,44.74605],[7.81736,44.74605],[7.81727,44.74607],[7.81711,44.74608],[7.81694,44.7461],[7.81678,44.74615],[7.81667,44.74621],[7.81648,44.74629],[7.81629,44.74632],[7.81611,44.74636],[7.81595,44.74652],[7.81592,44.74655],[7.81583,44.74662],[7.81573,44.7467],[7.81569,44.74672],[7.81547,44.74683],[7.81541,44.74686],[7.8153,44.7469],[7.81522,44.74693],[7.81492,44.74702],[7.81489,44.74703],[7.81486,44.74703],[7.81461,44.74706],[7.81457,44.74707],[7.81448,44.74706],[7.81427,44.74705],[7.81424,44.74705],[7.81412,44.74704],[7.81401,44.74699],[7.81391,44.74692],[7.81383,44.74687],[7.8138,44.74683],[7.81377,44.74682],[7.81367,44.74668],[7.81363,44.74664],[7.81355,44.74657],[7.81333,44.7465],[7.81331,44.74649],[7.81312,44.74647],[7.81309,44.74646],[7.813,44.74647],[7.81296,44.74648],[7.81294,44.7465],[7.81293,44.74653],[7.81286,44.74664],[7.81276,44.74683],[7.81267,44.74697],[7.81252,44.74714],[7.8125,44.74716],[7.81221,44.74744],[7.81208,44.74745],[7.81205,44.74745],[7.81173,44.74738],[7.81131,44.74738],[7.81118,44.74738],[7.8111,44.74739],[7.81098,44.74741],[7.81069,44.74747],[7.81056,44.7475],[7.81045,44.74752],[7.81029,44.74757],[7.81009,44.74763],[7.80983,44.74764],[7.80937,44.74755],[7.80928,44.7475],[7.80917,44.74743],[7.80914,44.74742],[7.80871,44.74719],[7.80843,44.74712],[7.80802,44.74712],[7.80765,44.74719],[7.80726,44.74715],[7.80713,44.74712],[7.80675,44.74705],[7.80636,44.74682],[7.80614,44.74667],[7.80593,44.74654],[7.80572,44.74643],[7.80562,44.74637],[7.80537,44.74624],[7.80505,44.74621],[7.80485,44.74624],[7.80369,44.74624],[7.80343,44.74624],[7.8034,44.74624],[7.80308,44.74624],[7.80264,44.74608],[7.80262,44.74607],[7.80218,44.74581],[7.80179,44.74558],[7.80174,44.74556],[7.80154,44.74543],[7.80148,44.74539],[7.80142,44.74536],[7.80123,44.74528],[7.80092,44.74522],[7.80089,44.74522],[7.80059,44.74519],[7.80054,44.74518],[7.80015,44.74514],[7.80011,44.74513],[7.79997,44.74509],[7.79992,44.74508],[7.79972,44.74498],[7.79968,44.74491],[7.79963,44.74484],[7.79955,44.74477],[7.79922,44.74453],[7.79897,44.74434],[7.79861,44.74408],[7.79838,44.7439],[7.79828,44.74382],[7.79814,44.7437],[7.79812,44.74368],[7.79801,44.74351],[7.79794,44.74344],[7.79788,44.74337],[7.7976,44.74323],[7.79754,44.74321],[7.79731,44.7431],[7.79696,44.74294],[7.79685,44.7429],[7.79676,44.74285],[7.79649,44.7427],[7.79646,44.74269],[7.79633,44.74265],[7.79594,44.74263],[7.79576,44.74263],[7.79551,44.74264],[7.79532,44.74265],[7.79529,44.74266],[7.79512,44.74264],[7.79509,44.74263],[7.79475,44.74253],[7.7945,44.74242],[7.79421,44.74238],[7.79411,44.74239],[7.79408,44.74239],[7.79389,44.74241],[7.79366,44.74242],[7.79346,44.74243],[7.79342,44.74244],[7.79332,44.74243],[7.79299,44.74234],[7.79278,44.74231],[7.79275,44.74231],[7.79266,44.7423],[7.79238,44.74231],[7.79199,44.74231],[7.79184,44.74229],[7.7918,44.74229],[7.79155,44.74224],[7.79137,44.74223],[7.79089,44.7422],[7.79079,44.74221],[7.79063,44.7422],[7.79019,44.74219],[7.79006,44.74218],[7.78991,44.74218],[7.78963,44.74211],[7.78831,44.742],[7.78792,44.74197],[7.78729,44.74192],[7.78725,44.74192],[7.78693,44.74189],[7.78668,44.74187],[7.78613,44.74183],[7.78515,44.74174],[7.78471,44.74171],[7.78455,44.74169],[7.78382,44.74164],[7.78377,44.74163],[7.78313,44.74157],[7.78256,44.74152],[7.78199,44.74147],[7.78135,44.74141],[7.78103,44.74139],[7.78048,44.74135],[7.78016,44.74132],[7.77963,44.74128],[7.77945,44.74127],[7.77928,44.74127],[7.77912,44.74126],[7.77906,44.74124],[7.77901,44.74112],[7.77899,44.74105],[7.77893,44.74093],[7.77887,44.74068],[7.77918,44.74052],[7.77951,44.74035],[7.7797,44.74024],[7.77997,44.74011],[7.78016,44.74],[7.78028,44.73994],[7.78056,44.73978],[7.78079,44.73966],[7.78083,44.73964],[7.78104,44.73954],[7.7811,44.73952],[7.78126,44.73942],[7.78132,44.73938],[7.78143,44.73932],[7.7817,44.73917],[7.78174,44.73915],[7.78181,44.7391],[7.78194,44.73901],[7.78199,44.73898],[7.78213,44.73892],[7.78221,44.73888],[7.78253,44.7387],[7.78263,44.73864],[7.7826,44.73862],[7.78257,44.73861],[7.782,44.73831],[7.78156,44.73807],[7.78149,44.73804],[7.7809,44.73772],[7.78035,44.73743],[7.77988,44.73719],[7.77983,44.73716],[7.77979,44.73714],[7.77981,44.73705],[7.77982,44.73697],[7.77984,44.73686],[7.77989,44.73653],[7.77991,44.73645],[7.77998,44.73603],[7.77998,44.73601],[7.77997,44.73576],[7.78005,44.73562],[7.78009,44.73547],[7.78013,44.73535],[7.7802,44.73527],[7.78032,44.73511],[7.78034,44.7351],[7.78036,44.73499],[7.78033,44.73494],[7.78018,44.73493],[7.78006,44.73498],[7.77988,44.73497],[7.77978,44.73492],[7.77967,44.73487],[7.77965,44.73479],[7.77951,44.73477],[7.77925,44.73472],[7.77915,44.73471],[7.7789,44.73461],[7.77885,44.73459],[7.77854,44.73445],[7.77824,44.73438],[7.77798,44.73426],[7.77784,44.73416],[7.77779,44.73415],[7.7776,44.73411],[7.77738,44.7341],[7.77736,44.73397],[7.77733,44.73396],[7.77727,44.73394],[7.77715,44.73392],[7.77706,44.7339],[7.77692,44.73386],[7.77688,44.73386],[7.77684,44.73386],[7.77673,44.73381],[7.77669,44.73379],[7.77658,44.73375],[7.7765,44.73371],[7.77639,44.73366],[7.77636,44.73364],[7.77626,44.73361],[7.77615,44.7336],[7.77604,44.7336],[7.77576,44.7335],[7.77568,44.73343],[7.77539,44.73335],[7.77512,44.73328],[7.77492,44.73317],[7.77476,44.73313],[7.77467,44.7331],[7.77462,44.73308],[7.7745,44.73304],[7.77435,44.733],[7.77426,44.73297],[7.77419,44.73295],[7.7741,44.73292],[7.77403,44.73289],[7.77365,44.73277],[7.77363,44.73276],[7.77359,44.73276],[7.77348,44.73273],[7.77321,44.73269],[7.77312,44.73265],[7.77307,44.73262],[7.77281,44.73249],[7.77278,44.73247],[7.77246,44.73231],[7.77194,44.73215],[7.77171,44.73203],[7.77168,44.73202],[7.7714,44.73183],[7.77113,44.73165],[7.77099,44.73155],[7.77091,44.73149],[7.77075,44.73138],[7.7707,44.73134],[7.77048,44.73119],[7.77038,44.73111],[7.77022,44.731],[7.7702,44.73099],[7.77001,44.73084],[7.76982,44.7307],[7.76968,44.73053],[7.7696,44.73049],[7.76953,44.73044],[7.76941,44.73037],[7.76934,44.73032],[7.76927,44.73029],[7.76916,44.73022],[7.76904,44.73012],[7.76896,44.73006],[7.76873,44.72986],[7.76868,44.72982],[7.76848,44.72966],[7.76827,44.72949],[7.76825,44.72947],[7.76805,44.72932],[7.76783,44.72915],[7.76766,44.72902],[7.76761,44.72895],[7.7676,44.72893],[7.76756,44.72882],[7.76765,44.72859],[7.76769,44.7285],[7.76776,44.72833],[7.76786,44.72808],[7.76788,44.72802],[7.76797,44.7278],[7.7681,44.7275],[7.76815,44.72738],[7.76822,44.72721],[7.76833,44.72694],[7.76844,44.72666],[7.76857,44.72637],[7.76869,44.72611],[7.76882,44.72583],[7.76885,44.72577],[7.76849,44.72556],[7.76811,44.72534],[7.76791,44.72522],[7.76781,44.72516],[7.76753,44.725],[7.76751,44.72498],[7.76738,44.72489],[7.7673,44.72483],[7.76713,44.72471],[7.7671,44.72468],[7.76694,44.72455],[7.76688,44.72451],[7.76675,44.72439],[7.76671,44.72437],[7.76658,44.72425],[7.7664,44.72409],[7.76622,44.72394],[7.76603,44.72378],[7.766,44.72376],[7.76598,44.72375],[7.76542,44.72351],[7.76492,44.72331],[7.76453,44.72314],[7.76399,44.72295],[7.76379,44.72285],[7.76367,44.72278],[7.76277,44.72229],[7.76221,44.72197],[7.7618,44.72173],[7.76149,44.72156],[7.76134,44.72147],[7.76065,44.72109],[7.76025,44.72086],[7.76009,44.72072],[7.75984,44.72066],[7.75946,44.72039],[7.75929,44.72024],[7.75925,44.72017],[7.75923,44.72012],[7.75921,44.72005],[7.75921,44.72001],[7.75923,44.71998],[7.75933,44.71996],[7.75941,44.71998],[7.75947,44.71998],[7.75961,44.71992],[7.75966,44.71986],[7.75966,44.71982],[7.75964,44.71979],[7.75958,44.71976],[7.75952,44.71975],[7.7595,44.71974],[7.75942,44.71972],[7.75933,44.71967],[7.75928,44.71961],[7.75928,44.71956],[7.75934,44.71953],[7.75949,44.71949],[7.7596,44.71943],[7.75977,44.71938],[7.75978,44.71935],[7.75978,44.71931],[7.75979,44.71927],[7.75983,44.71921],[7.75987,44.7192],[7.75993,44.71919],[7.76001,44.71917],[7.76005,44.71913],[7.76002,44.71907],[7.75991,44.71902],[7.75982,44.719],[7.75974,44.71905],[7.75961,44.71912],[7.75959,44.71912],[7.75955,44.71912],[7.75952,44.71911],[7.75951,44.71909],[7.7595,44.71905],[7.75953,44.71901],[7.75955,44.71898],[7.75958,44.71895],[7.75965,44.71886],[7.75967,44.71882],[7.75968,44.71875],[7.75974,44.71866],[7.75976,44.71858],[7.75975,44.71846],[7.75974,44.71834],[7.75974,44.7183],[7.75974,44.71825],[7.75974,44.71823],[7.75977,44.71815],[7.75982,44.71804],[7.75988,44.71794],[7.75989,44.71791],[7.75992,44.7178],[7.75996,44.71771],[7.75996,44.71768],[7.76009,44.71744],[7.76011,44.71742],[7.76015,44.71739],[7.76022,44.71736],[7.76031,44.71734],[7.76038,44.71724],[7.76038,44.71717],[7.76038,44.71713],[7.76037,44.71709],[7.76048,44.71708],[7.76057,44.71707],[7.7606,44.71707],[7.76065,44.71706],[7.7607,44.71705],[7.76075,44.71704],[7.76083,44.71698],[7.76087,44.71693],[7.76088,44.71689],[7.76085,44.71684],[7.76084,44.71682],[7.76079,44.71676],[7.76077,44.71674],[7.76069,44.71667],[7.76066,44.71666],[7.76059,44.71664],[7.76051,44.71664],[7.76043,44.71665],[7.76036,44.71661],[7.76034,44.71653],[7.76036,44.71652],[7.7604,44.7165],[7.76047,44.71649],[7.76058,44.71648],[7.76083,44.71643],[7.76086,44.7164],[7.76092,44.71635],[7.76095,44.71631],[7.761,44.71624],[7.76095,44.71619],[7.76087,44.71616],[7.76079,44.71615],[7.76067,44.71612],[7.76062,44.71607],[7.76059,44.71603],[7.76062,44.71599],[7.76065,44.71597],[7.76067,44.71595],[7.76082,44.71593],[7.76085,44.71592],[7.76094,44.71589],[7.76096,44.71587],[7.76096,44.71582],[7.76099,44.71577],[7.761,44.71575],[7.76107,44.71573],[7.76115,44.71574],[7.76119,44.71574],[7.76124,44.71573],[7.76125,44.71564],[7.76125,44.71562],[7.76125,44.7156],[7.76118,44.71555],[7.76108,44.71553],[7.76101,44.71551],[7.76093,44.71544],[7.7609,44.71539],[7.76089,44.71535],[7.76097,44.71524],[7.76105,44.7152],[7.76108,44.71519],[7.76113,44.71518],[7.7613,44.7152],[7.76137,44.71518],[7.76141,44.71514],[7.76142,44.71509],[7.76139,44.71502],[7.7614,44.71497],[7.7614,44.7149],[7.76142,44.71484],[7.76142,44.71481],[7.76142,44.71479],[7.76138,44.71476],[7.76134,44.71473],[7.76133,44.7147],[7.76135,44.71465],[7.76138,44.71459],[7.76142,44.71459],[7.76155,44.71456],[7.76166,44.71451],[7.76167,44.71448],[7.7617,44.71441],[7.76167,44.71437],[7.76155,44.71431],[7.76152,44.71431],[7.76146,44.71429],[7.76143,44.71423],[7.76144,44.71418],[7.76146,44.71414],[7.76148,44.714],[7.76152,44.71394],[7.76154,44.71381],[7.76151,44.71376],[7.76147,44.71371],[7.76148,44.71366],[7.76148,44.71361],[7.76151,44.71357],[7.76156,44.71354],[7.76162,44.71353],[7.76165,44.71352],[7.76184,44.71351],[7.76189,44.71348],[7.76192,44.71345],[7.76197,44.71331],[7.76194,44.71324],[7.76193,44.71322],[7.76183,44.71318],[7.76178,44.71317],[7.76173,44.71316],[7.7617,44.71315],[7.76166,44.71314],[7.76164,44.7131],[7.76166,44.71306],[7.7617,44.71306],[7.76174,44.71307],[7.76185,44.71308],[7.76196,44.71304],[7.76202,44.71304],[7.76206,44.71304],[7.76213,44.71306],[7.76218,44.71307],[7.76221,44.71305],[7.76225,44.713],[7.76227,44.7129],[7.76227,44.71285],[7.76224,44.71281],[7.76223,44.71278],[7.76221,44.71271],[7.76216,44.71269],[7.7619,44.71269],[7.76173,44.71273],[7.76168,44.71273],[7.76163,44.71273],[7.76158,44.71271],[7.76158,44.71267],[7.7616,44.71256],[7.76162,44.71255],[7.76161,44.71252],[7.7616,44.71249],[7.76158,44.71246],[7.76153,44.71245],[7.76141,44.71244],[7.76132,44.71241],[7.76126,44.71238],[7.7613,44.71233],[7.76138,44.71232],[7.76147,44.71229],[7.7615,44.71226],[7.76153,44.71223],[7.76153,44.71217],[7.7615,44.7121],[7.76149,44.71208],[7.76144,44.71203],[7.7614,44.71201],[7.76131,44.71203],[7.76125,44.71204],[7.76121,44.71204],[7.76115,44.71202],[7.76115,44.712],[7.76116,44.71198],[7.76122,44.71192],[7.76126,44.71189],[7.76129,44.71187],[7.76135,44.71179],[7.76136,44.71176],[7.76138,44.71168],[7.76139,44.71165],[7.76135,44.71161],[7.76128,44.71153],[7.76124,44.71149],[7.76122,44.71143],[7.76122,44.7114],[7.7612,44.71134],[7.7612,44.71128],[7.76119,44.71121],[7.76116,44.71114],[7.76116,44.71106],[7.76118,44.71102],[7.7612,44.71099],[7.76124,44.71094],[7.76133,44.71087],[7.76143,44.71079],[7.76146,44.71078],[7.76148,44.71074],[7.76152,44.71065],[7.76151,44.71063],[7.76148,44.71058],[7.76144,44.71058],[7.76134,44.71061],[7.76121,44.71065],[7.76116,44.71067],[7.76111,44.71068],[7.76105,44.71066],[7.76107,44.71059],[7.76119,44.71053],[7.76125,44.71051],[7.76128,44.71049],[7.76129,44.71047],[7.76132,44.71043],[7.76131,44.71039],[7.76129,44.71035],[7.76127,44.71033],[7.76122,44.71029],[7.76119,44.71025],[7.76118,44.7102],[7.76119,44.71018],[7.76119,44.71014],[7.7613,44.71005],[7.76134,44.71001],[7.76137,44.70999],[7.76136,44.70996],[7.76134,44.70993],[7.76126,44.70993],[7.76123,44.70991],[7.76111,44.70987],[7.7611,44.70984],[7.76113,44.70979],[7.76119,44.70977],[7.76125,44.70975],[7.76129,44.70973],[7.76132,44.7097],[7.76133,44.70967],[7.76132,44.70963],[7.76129,44.7096],[7.76126,44.7096],[7.76113,44.7096],[7.76105,44.7096],[7.76095,44.7096],[7.76088,44.70959],[7.76085,44.70958],[7.76084,44.70955],[7.76083,44.70951],[7.76082,44.70948],[7.76079,44.70941],[7.76081,44.70939],[7.76083,44.70937],[7.76095,44.70935],[7.76103,44.70935],[7.76107,44.70935],[7.7611,44.70934],[7.76113,44.70932],[7.76116,44.7093],[7.76121,44.70921],[7.76122,44.70918],[7.76123,44.70916],[7.76124,44.70912],[7.76124,44.70908],[7.76121,44.70905],[7.76113,44.70906],[7.76108,44.70906],[7.76102,44.70907],[7.76097,44.70907],[7.76092,44.7091],[7.76083,44.70908],[7.7608,44.70907],[7.76076,44.70907],[7.76066,44.70904],[7.76064,44.709],[7.76066,44.70897],[7.76089,44.70891],[7.76098,44.70888],[7.76099,44.70884],[7.761,44.7088],[7.76101,44.70877],[7.76097,44.70873],[7.76092,44.70869],[7.76089,44.70867],[7.76089,44.70863],[7.76095,44.7086],[7.76098,44.70859],[7.76103,44.70858],[7.76113,44.70859],[7.76126,44.70859],[7.7613,44.70856],[7.76129,44.70853],[7.76128,44.70851],[7.76123,44.70846],[7.76119,44.70841],[7.76119,44.70839],[7.76124,44.70832],[7.76121,44.70827],[7.76119,44.70824],[7.76114,44.7082],[7.76115,44.70816],[7.76117,44.70812],[7.76128,44.70809],[7.76131,44.70809],[7.76136,44.70803],[7.76135,44.70789],[7.76132,44.70788],[7.76116,44.70786],[7.76102,44.70787],[7.76099,44.70785],[7.7609,44.70768],[7.7609,44.70762],[7.76092,44.7076],[7.76095,44.70755],[7.76099,44.70755],[7.76103,44.70755],[7.76116,44.70757],[7.76118,44.70757],[7.76121,44.70757],[7.76131,44.70757],[7.76135,44.70757],[7.76145,44.70755],[7.76146,44.7075],[7.76145,44.70748],[7.76143,44.70737],[7.76144,44.70734],[7.76145,44.70731],[7.76146,44.70729],[7.76145,44.70726],[7.76137,44.70724],[7.76125,44.70722],[7.76115,44.7072],[7.76111,44.7072],[7.76106,44.70716],[7.76103,44.70715],[7.76102,44.70713],[7.76104,44.70707],[7.76123,44.70703],[7.76126,44.70703],[7.76129,44.70699],[7.76131,44.70697],[7.76136,44.70684],[7.76147,44.70672],[7.76147,44.70669],[7.76142,44.70666],[7.76136,44.70664],[7.76127,44.70657],[7.76122,44.70652],[7.7612,44.7065],[7.76116,44.70647],[7.76112,44.70641],[7.76117,44.70633],[7.76119,44.70627],[7.7612,44.70624],[7.76124,44.7062],[7.76126,44.70618],[7.7613,44.70616],[7.76134,44.70613],[7.76139,44.7061],[7.76142,44.70607],[7.76144,44.70604],[7.76147,44.70601],[7.76151,44.7059],[7.76151,44.70583],[7.76151,44.70577],[7.76147,44.70572],[7.76143,44.7057],[7.76133,44.70566],[7.76114,44.70557],[7.76102,44.70552],[7.76096,44.70549],[7.76093,44.70546],[7.76085,44.7054],[7.76079,44.70534],[7.7607,44.70526],[7.76068,44.70522],[7.76064,44.70516],[7.76062,44.70513],[7.76061,44.70511],[7.76055,44.70505],[7.76045,44.70503],[7.76032,44.70501],[7.7602,44.70499],[7.76001,44.70495],[7.75994,44.70487],[7.75988,44.70483],[7.75979,44.7048],[7.75969,44.70478],[7.75954,44.70476],[7.75948,44.70475],[7.75945,44.70474],[7.7593,44.7047],[7.75912,44.70475],[7.75907,44.70473],[7.75904,44.70464],[7.75904,44.7046],[7.75904,44.70458],[7.75887,44.70446],[7.75875,44.70432],[7.75874,44.70431],[7.7587,44.70427],[7.75866,44.70423],[7.75849,44.70418],[7.75846,44.70418],[7.75836,44.70419],[7.75827,44.70424],[7.75822,44.70426],[7.75819,44.70428],[7.75811,44.70429],[7.75804,44.70424],[7.75801,44.70423],[7.75796,44.70419],[7.75794,44.70416],[7.75791,44.70407],[7.75789,44.70403],[7.75788,44.70396],[7.75791,44.70394],[7.75802,44.70387],[7.75806,44.70384],[7.75809,44.70381],[7.7581,44.70378],[7.75812,44.70371],[7.75813,44.70363],[7.75816,44.70358],[7.7582,44.70349],[7.75822,44.70345],[7.75823,44.70339],[7.7582,44.70335],[7.7581,44.70327],[7.75805,44.70323],[7.75821,44.70297],[7.75823,44.70288],[7.75818,44.70279],[7.75821,44.70271],[7.75831,44.70265],[7.75841,44.70251],[7.75838,44.70246],[7.75836,44.70243],[7.75834,44.70242],[7.75831,44.7024],[7.75826,44.70237],[7.75823,44.70236],[7.7582,44.70235],[7.75805,44.70237],[7.75802,44.70236],[7.758,44.70234],[7.75801,44.70231],[7.758,44.70227],[7.75802,44.70223],[7.75804,44.70215],[7.75805,44.70211],[7.75812,44.70207],[7.75816,44.70206],[7.75819,44.70205],[7.75823,44.70204],[7.7583,44.70204],[7.75834,44.70202],[7.75841,44.702],[7.75849,44.70196],[7.75853,44.70193],[7.75856,44.70189],[7.75846,44.70175],[7.7584,44.70173],[7.75834,44.70172],[7.75831,44.70171],[7.75825,44.70169],[7.75821,44.70166],[7.7582,44.70162],[7.75828,44.70152],[7.75833,44.70146],[7.75843,44.70142],[7.75855,44.70139],[7.75862,44.70135],[7.75862,44.70129],[7.75847,44.70119],[7.75846,44.70117],[7.75841,44.70112],[7.75838,44.70102],[7.75837,44.70099],[7.75836,44.70095],[7.75837,44.7008],[7.75836,44.70077],[7.75835,44.7007],[7.75833,44.70064],[7.75833,44.70059],[7.75842,44.70046],[7.75843,44.70041],[7.75845,44.70034],[7.75847,44.70022],[7.75847,44.7002],[7.7585,44.7001],[7.75852,44.69998],[7.75852,44.69986],[7.75853,44.69983],[7.75854,44.69979],[7.75855,44.69973],[7.75856,44.6997],[7.75856,44.69968],[7.75856,44.69965],[7.75855,44.69962],[7.75849,44.6995],[7.75824,44.69913],[7.75817,44.6991],[7.75804,44.69903],[7.75799,44.699],[7.75797,44.69898],[7.75796,44.69896],[7.75795,44.69894],[7.75787,44.69874],[7.75784,44.69867],[7.75782,44.69859],[7.75779,44.6985],[7.75774,44.69837],[7.75772,44.69828],[7.75772,44.69825],[7.75761,44.69799],[7.75755,44.69764],[7.75743,44.69752],[7.7574,44.69743],[7.75742,44.69727],[7.75746,44.69712],[7.75747,44.69702],[7.75748,44.69693],[7.7575,44.6968],[7.75751,44.69676],[7.75756,44.69662],[7.75751,44.69647],[7.75749,44.69637],[7.7574,44.6961],[7.75736,44.696],[7.75735,44.69598],[7.75727,44.69581],[7.75725,44.69577],[7.75717,44.69562],[7.75716,44.69559],[7.75713,44.69553],[7.75709,44.69543],[7.75701,44.69523],[7.757,44.69521],[7.75699,44.69516],[7.75698,44.69512],[7.75691,44.695],[7.75682,44.69493],[7.75673,44.69484],[7.75649,44.69466],[7.75643,44.69461],[7.7563,44.69448],[7.75614,44.69434],[7.75612,44.6943],[7.7561,44.69426],[7.75598,44.69411],[7.75588,44.694],[7.75587,44.69393],[7.75586,44.69389],[7.75586,44.69387],[7.75577,44.69378],[7.75586,44.69369],[7.75589,44.6936],[7.75586,44.69349],[7.75584,44.69347],[7.75574,44.69335],[7.75578,44.69314],[7.75557,44.69284],[7.75558,44.69282],[7.75559,44.69279],[7.75563,44.69275],[7.75572,44.69276],[7.7559,44.69277],[7.75593,44.69276],[7.75592,44.69268],[7.75591,44.69265],[7.7559,44.69261],[7.75589,44.69253],[7.75588,44.69246],[7.75572,44.69246],[7.75567,44.69243],[7.75569,44.69238],[7.75575,44.6923],[7.75577,44.69228],[7.75583,44.69212],[7.75576,44.69201],[7.75574,44.69198],[7.75577,44.69196],[7.75582,44.69191],[7.75591,44.69185],[7.75594,44.69184],[7.75592,44.6918],[7.75592,44.69173],[7.7559,44.69163],[7.7559,44.6916],[7.75579,44.6915],[7.75574,44.69142],[7.75566,44.69131],[7.75561,44.69124],[7.7556,44.6912],[7.75564,44.69119],[7.75581,44.69116],[7.7559,44.69114],[7.75585,44.69103],[7.75582,44.69096],[7.7559,44.6909],[7.75593,44.69088],[7.75588,44.69065],[7.75578,44.69059],[7.75551,44.69043],[7.75549,44.69031],[7.7554,44.69019],[7.7555,44.69012],[7.75561,44.69013],[7.75573,44.6902],[7.75576,44.69022],[7.75588,44.69018],[7.75592,44.69013],[7.75585,44.68995],[7.75585,44.68987],[7.75576,44.68965],[7.75577,44.68956],[7.75569,44.68941],[7.75568,44.68937],[7.75565,44.68932],[7.75563,44.68923],[7.75568,44.68914],[7.75576,44.68915],[7.7558,44.68914],[7.75584,44.68914],[7.75588,44.68897],[7.75599,44.68885],[7.75585,44.68859],[7.75604,44.68856],[7.7559,44.68829],[7.75598,44.6882],[7.756,44.68818],[7.75613,44.68808],[7.75616,44.68805],[7.75612,44.68785],[7.7563,44.68778],[7.75636,44.68768],[7.75637,44.68766],[7.75645,44.68761],[7.75674,44.68761],[7.75678,44.68761],[7.75679,44.68742],[7.75671,44.68727],[7.75688,44.68719],[7.75705,44.68718],[7.7572,44.68718],[7.75722,44.68714],[7.75724,44.68711],[7.75725,44.68687],[7.75733,44.68682],[7.75749,44.68677],[7.75752,44.68675],[7.75767,44.68667],[7.75783,44.68662],[7.75791,44.68657],[7.75803,44.68633],[7.75804,44.68631],[7.75816,44.68629],[7.75822,44.68631],[7.75824,44.68639],[7.75836,44.68641],[7.75849,44.68641],[7.75858,44.68641],[7.75865,44.68636],[7.75868,44.6863],[7.75868,44.68625],[7.75856,44.68616],[7.75853,44.6861],[7.75855,44.68603],[7.75866,44.68596],[7.75875,44.68598],[7.75879,44.68604],[7.75892,44.68608],[7.75896,44.68608],[7.75922,44.68605],[7.75921,44.68599],[7.7592,44.68594],[7.75915,44.68576],[7.75925,44.68559],[7.75926,44.68557],[7.75929,44.68549],[7.75912,44.68541],[7.75909,44.6854],[7.75892,44.68537],[7.75889,44.68532],[7.75889,44.68516],[7.75895,44.68508],[7.75897,44.68506],[7.75902,44.68504],[7.75915,44.68503],[7.75921,44.68501],[7.75922,44.68496],[7.75916,44.68482],[7.75913,44.68474],[7.75912,44.6847],[7.75911,44.68459],[7.75936,44.68434],[7.75932,44.68429],[7.75931,44.68427],[7.7593,44.68425],[7.75929,44.68424],[7.75925,44.68421],[7.75911,44.6841],[7.75909,44.68408],[7.75905,44.68404],[7.75903,44.68403],[7.75897,44.68398],[7.759,44.68396],[7.75904,44.68393],[7.75908,44.68392],[7.75915,44.68389],[7.75919,44.68388],[7.75923,44.68386],[7.75926,44.68376],[7.75924,44.68373],[7.75913,44.68366],[7.7591,44.68364],[7.75871,44.68349],[7.75872,44.68346],[7.75877,44.68339],[7.75891,44.68338],[7.75901,44.6833],[7.75903,44.68326],[7.75899,44.6832],[7.75889,44.68316],[7.75863,44.68313],[7.75861,44.6831],[7.75863,44.68303],[7.75867,44.68299],[7.75876,44.68297],[7.75877,44.68295],[7.75879,44.68293],[7.75879,44.68289],[7.7587,44.68276],[7.75868,44.68273],[7.75868,44.68266],[7.75868,44.68264],[7.75874,44.68261],[7.75881,44.68257],[7.75883,44.68252],[7.75882,44.6825],[7.75881,44.6824],[7.75879,44.68235],[7.75879,44.68225],[7.75891,44.68209],[7.75901,44.68201],[7.75908,44.68195],[7.75908,44.68185],[7.75912,44.68175],[7.75912,44.68173],[7.75911,44.68167],[7.75905,44.68157],[7.75904,44.68155],[7.75904,44.68151],[7.75905,44.68147],[7.75906,44.68131],[7.75908,44.68125],[7.7591,44.68113],[7.75912,44.68101],[7.75913,44.68095],[7.75918,44.6808],[7.75923,44.68064],[7.75925,44.68059],[7.75931,44.68041],[7.75932,44.68038],[7.75931,44.68036],[7.75927,44.68024],[7.7593,44.68018],[7.75932,44.68015],[7.75934,44.68013],[7.75936,44.6801],[7.75939,44.68007],[7.75945,44.68],[7.75945,44.67991],[7.75937,44.67976],[7.75942,44.67964],[7.75947,44.67953],[7.75952,44.67944],[7.75953,44.67939],[7.75962,44.67924],[7.75964,44.67921],[7.75965,44.67918],[7.75966,44.679],[7.75969,44.67874],[7.75973,44.67869],[7.75974,44.67867],[7.75981,44.67858],[7.75983,44.67854],[7.75992,44.67843],[7.75993,44.67841],[7.75994,44.67832],[7.75978,44.67821],[7.75976,44.67818],[7.75975,44.67816],[7.75975,44.67804],[7.75977,44.67802],[7.75981,44.67795],[7.75982,44.67794],[7.75984,44.67784],[7.76007,44.67781],[7.76016,44.67772],[7.76009,44.67752],[7.76013,44.67749],[7.76015,44.67749],[7.76026,44.67751],[7.76033,44.67754],[7.76037,44.67753],[7.76046,44.67746],[7.76059,44.67741],[7.76076,44.67724],[7.76077,44.67723],[7.76091,44.67713],[7.76105,44.67698],[7.76109,44.67694],[7.76106,44.67688],[7.76106,44.67686],[7.76122,44.67677],[7.76134,44.67674],[7.76139,44.67669],[7.76142,44.67665],[7.76145,44.6766],[7.76145,44.67657],[7.7614,44.67651],[7.76136,44.67647],[7.76134,44.67644],[7.76131,44.67637],[7.76134,44.67626],[7.7614,44.67618],[7.7614,44.67616],[7.76143,44.67607],[7.76147,44.67598],[7.7615,44.67588],[7.76157,44.67579],[7.76159,44.67577],[7.7616,44.6757],[7.76159,44.67563],[7.76159,44.67561],[7.76159,44.67549],[7.76162,44.67542],[7.76164,44.67539],[7.76165,44.67535],[7.76169,44.6753],[7.76168,44.67526],[7.76169,44.67523],[7.76165,44.67515],[7.76165,44.67509],[7.76167,44.67498],[7.76168,44.67495],[7.76167,44.67486],[7.76154,44.67468],[7.76152,44.67461],[7.76158,44.67453],[7.76161,44.67452],[7.76171,44.67448],[7.76173,44.67445],[7.76171,44.67437],[7.76159,44.67428],[7.76155,44.67418],[7.76161,44.67411],[7.76162,44.67405],[7.76156,44.67399],[7.76151,44.6739],[7.76159,44.67377],[7.76159,44.67374],[7.76157,44.67368],[7.76155,44.67364],[7.76142,44.67359],[7.76133,44.67354],[7.76131,44.67331],[7.76148,44.67324],[7.76152,44.6732],[7.7615,44.67315],[7.76149,44.67311],[7.76126,44.67306],[7.7612,44.673],[7.76094,44.67288],[7.76087,44.67287],[7.76078,44.67286],[7.76075,44.67285],[7.76065,44.67283],[7.76057,44.67278],[7.76054,44.67275],[7.76054,44.67272],[7.76056,44.67254],[7.76046,44.67246],[7.76036,44.67242],[7.76023,44.67233],[7.76021,44.67232],[7.76013,44.67229],[7.7601,44.67228],[7.76003,44.67226],[7.76,44.67226],[7.7599,44.67225],[7.75984,44.67223],[7.75977,44.6722],[7.75969,44.6722],[7.7595,44.67227],[7.75938,44.67218],[7.75941,44.6721],[7.75942,44.67207],[7.75943,44.67194],[7.75944,44.67184],[7.75938,44.67173],[7.75951,44.67168],[7.75959,44.6717],[7.75966,44.67174],[7.75974,44.67175],[7.75977,44.67173],[7.75979,44.6717],[7.75977,44.67163],[7.75978,44.67152],[7.75978,44.67148],[7.75978,44.67146],[7.7597,44.67133],[7.7597,44.67122],[7.75969,44.67114],[7.75959,44.67104],[7.75945,44.67097],[7.75935,44.6709],[7.75928,44.67066],[7.7593,44.67063],[7.75937,44.67057],[7.75939,44.67055],[7.75942,44.67049],[7.75944,44.67046],[7.75942,44.67043],[7.75931,44.67038],[7.7592,44.67042],[7.75885,44.67029],[7.75885,44.67024],[7.75885,44.67022],[7.75885,44.6702],[7.75878,44.67012],[7.75876,44.67011],[7.75878,44.67006],[7.75899,44.67005],[7.75906,44.67004],[7.75923,44.6699],[7.75926,44.66988],[7.75925,44.66986],[7.75921,44.66981],[7.75918,44.6698],[7.75896,44.66979],[7.75888,44.66971],[7.75886,44.66961],[7.75876,44.66955],[7.75864,44.66954],[7.75853,44.66952],[7.75841,44.66951],[7.75841,44.66947],[7.75847,44.66938],[7.75861,44.66938],[7.75864,44.66936],[7.75867,44.66933],[7.75873,44.66924],[7.75875,44.66923],[7.75875,44.6692],[7.75874,44.66917],[7.75873,44.66915],[7.75869,44.66908],[7.75868,44.66897],[7.75864,44.66894],[7.75862,44.66892],[7.75855,44.66891],[7.7585,44.6689],[7.7586,44.66875],[7.75867,44.66863],[7.75964,44.66833],[7.75976,44.6683],[7.76014,44.66818],[7.76075,44.66799],[7.76151,44.66775],[7.76166,44.6677],[7.76171,44.66769],[7.76174,44.66768],[7.76186,44.66767],[7.76189,44.66767],[7.76211,44.66759],[7.76254,44.66746],[7.7626,44.66744],[7.76268,44.6674],[7.76272,44.66739],[7.76312,44.66725],[7.76321,44.66722],[7.7633,44.66717],[7.76344,44.6671],[7.76373,44.66694],[7.76374,44.66688],[7.76377,44.66677],[7.76378,44.66672],[7.7638,44.66667],[7.76383,44.66661],[7.76404,44.66624],[7.76424,44.66593],[7.76426,44.66587],[7.76435,44.66569],[7.76443,44.66553],[7.76445,44.66551],[7.76446,44.66548],[7.76455,44.66537],[7.76477,44.66524],[7.76476,44.66515],[7.76476,44.66511],[7.76472,44.66496],[7.76501,44.66486],[7.76507,44.66464],[7.76505,44.66444],[7.76506,44.66442],[7.76513,44.66421],[7.76558,44.66397],[7.76561,44.66396],[7.76567,44.66394],[7.76581,44.66384],[7.76583,44.66382],[7.76608,44.6637],[7.76608,44.66368],[7.76617,44.66351],[7.76618,44.66349],[7.76631,44.66332],[7.76635,44.66326],[7.76645,44.66314],[7.76653,44.66304],[7.76675,44.66295],[7.76677,44.66294],[7.767,44.66287],[7.76706,44.66282],[7.7671,44.66278],[7.76712,44.66273],[7.76714,44.66268],[7.7672,44.66247],[7.76737,44.66228],[7.76741,44.66214],[7.76742,44.66211],[7.76744,44.66194],[7.76745,44.66184],[7.76745,44.66182],[7.76738,44.6616],[7.76738,44.66156],[7.76735,44.66144],[7.76737,44.66128],[7.76739,44.66112],[7.76739,44.6611],[7.76742,44.66083],[7.76742,44.66081],[7.76735,44.66063],[7.76732,44.66033],[7.7673,44.66023],[7.76726,44.66009],[7.76724,44.66],[7.7672,44.65986],[7.76716,44.65967],[7.76713,44.65956],[7.76711,44.65934],[7.7671,44.65931],[7.767,44.65904],[7.767,44.65902],[7.76696,44.65881],[7.76696,44.65878],[7.76697,44.65846],[7.76694,44.65832],[7.76692,44.65821],[7.76689,44.65816],[7.76684,44.65807],[7.76645,44.65779],[7.7661,44.65756],[7.7658,44.65744],[7.76549,44.65723],[7.76543,44.65718],[7.76519,44.65702],[7.76482,44.65675],[7.76479,44.65674],[7.76456,44.65649],[7.76438,44.6563],[7.76425,44.6562],[7.764,44.65608],[7.76358,44.65581],[7.76356,44.65579],[7.76332,44.65558],[7.76317,44.65545],[7.76315,44.65543],[7.76283,44.65518],[7.76276,44.65511],[7.76252,44.65487],[7.7625,44.65485],[7.76249,44.65483],[7.76238,44.6547],[7.76231,44.65463],[7.76224,44.65442],[7.76215,44.6543],[7.76208,44.65423],[7.76199,44.65412],[7.76176,44.65387],[7.76164,44.65365],[7.76152,44.65359],[7.76102,44.65364],[7.76085,44.6535],[7.76082,44.65348],[7.76079,44.65334],[7.7608,44.65329],[7.76082,44.65315],[7.76083,44.65311],[7.76085,44.65307],[7.76096,44.65278],[7.76096,44.65274],[7.76097,44.6525],[7.76096,44.65236],[7.76089,44.65216],[7.76086,44.65206],[7.76083,44.65192],[7.76082,44.65189],[7.76079,44.65184],[7.76069,44.65168],[7.76065,44.65162],[7.76059,44.65148],[7.76058,44.65146],[7.76054,44.65121],[7.76048,44.65109],[7.76041,44.65099],[7.76038,44.65092],[7.76037,44.65089],[7.76035,44.65086],[7.76029,44.65078],[7.76017,44.65061],[7.75996,44.65041],[7.75993,44.65034],[7.75983,44.65014],[7.75981,44.65011],[7.75978,44.65002],[7.75972,44.64986],[7.75973,44.64983],[7.75972,44.64973],[7.75972,44.6497],[7.75982,44.64957],[7.75973,44.64945],[7.75972,44.64943],[7.75926,44.64912],[7.75907,44.64906],[7.75886,44.64891],[7.75862,44.64866],[7.75851,44.64854],[7.75842,44.64844],[7.75831,44.64832],[7.75788,44.64807],[7.75783,44.64804],[7.75775,44.64797],[7.75774,44.64795],[7.75769,44.64787],[7.75774,44.64774],[7.75788,44.64758],[7.75848,44.64744],[7.75812,44.64689],[7.75809,44.64683],[7.75807,44.64678],[7.75749,44.64691],[7.75749,44.64688],[7.75743,44.64658],[7.75744,44.64656],[7.75745,44.64634],[7.75745,44.64629],[7.75744,44.64613],[7.75744,44.64611],[7.75736,44.64586],[7.75727,44.64567],[7.75726,44.64565],[7.75722,44.64551],[7.75719,44.64522],[7.75718,44.64504],[7.75719,44.64484],[7.75718,44.6448],[7.75714,44.64464],[7.75712,44.64461],[7.75699,44.64438],[7.75694,44.64408],[7.75693,44.64405],[7.75696,44.64393],[7.75696,44.64378],[7.75699,44.64357],[7.75692,44.64344],[7.7569,44.64341],[7.75674,44.64316],[7.75675,44.64305],[7.75676,44.64293],[7.75666,44.64283],[7.75646,44.6426],[7.75636,44.64248],[7.75633,44.64243],[7.75609,44.64212],[7.75602,44.64195],[7.75599,44.64189],[7.75595,44.64179],[7.7559,44.64169],[7.75578,44.64157],[7.75576,44.64156],[7.7556,44.64143],[7.75558,44.64141],[7.75555,44.64139],[7.7555,44.64131],[7.75544,44.64128],[7.75544,44.64121],[7.75544,44.64119],[7.75543,44.64111],[7.75542,44.64108],[7.75541,44.64104],[7.75536,44.64098],[7.75511,44.6408],[7.75493,44.64081],[7.75486,44.64082],[7.75484,44.64083],[7.75465,44.64091],[7.75456,44.64095],[7.75453,44.64096],[7.75438,44.64104],[7.75434,44.64106],[7.75431,44.64107],[7.75429,44.64104],[7.75424,44.64096],[7.7542,44.64089],[7.75416,44.64081],[7.75414,44.64075],[7.75408,44.6406],[7.75406,44.64056],[7.75401,44.64046],[7.75397,44.64038],[7.75392,44.64027],[7.75385,44.64005],[7.75383,44.63995],[7.75376,44.63977],[7.75373,44.63968],[7.75368,44.63954],[7.75364,44.63939],[7.7536,44.63929],[7.75355,44.63915],[7.75353,44.63907],[7.75352,44.63905],[7.75351,44.63898],[7.75351,44.63891],[7.75345,44.63859],[7.75341,44.63838],[7.75338,44.63826],[7.75325,44.63808],[7.7532,44.63795],[7.75318,44.63791],[7.75308,44.6377],[7.75298,44.63765],[7.75275,44.63752],[7.7527,44.63748],[7.75266,44.63745],[7.75264,44.63739],[7.75263,44.63738],[7.75257,44.63726],[7.75248,44.63708],[7.75241,44.63693],[7.75226,44.63662],[7.7522,44.63639],[7.75215,44.63623],[7.75198,44.63599],[7.75196,44.63596],[7.75194,44.6359],[7.75191,44.63583],[7.75183,44.63565],[7.7518,44.63554],[7.75178,44.63549],[7.75178,44.63547],[7.75167,44.63529],[7.75157,44.6351],[7.75156,44.63507],[7.75151,44.63492],[7.75139,44.63469],[7.75137,44.63465],[7.75136,44.63456],[7.75135,44.63447],[7.75133,44.63446],[7.75111,44.63431],[7.75105,44.63424],[7.75086,44.63415],[7.75083,44.63414],[7.75065,44.63402],[7.75055,44.63396],[7.75051,44.63394],[7.75046,44.6339],[7.75035,44.63383],[7.75032,44.63381],[7.75011,44.63377],[7.75003,44.63376],[7.74988,44.6337],[7.74979,44.63366],[7.74977,44.63365],[7.74956,44.63348],[7.74942,44.63336],[7.74931,44.63332],[7.74926,44.6333],[7.74928,44.63303],[7.74929,44.633],[7.74927,44.63292],[7.74926,44.6329],[7.74927,44.63261],[7.74925,44.63256],[7.74925,44.63255],[7.74922,44.63234],[7.74927,44.63226],[7.74928,44.63219],[7.74928,44.63216],[7.7493,44.63206],[7.74926,44.63187],[7.74926,44.63182],[7.74927,44.63172],[7.74926,44.63169],[7.74925,44.63168],[7.74923,44.63166],[7.74924,44.63158],[7.74927,44.63148],[7.74924,44.63144],[7.74924,44.63137],[7.74924,44.6313],[7.74931,44.63121],[7.7494,44.63109],[7.74953,44.63093],[7.74955,44.63091],[7.74962,44.63086],[7.74963,44.63085],[7.74965,44.63082],[7.74967,44.63075],[7.74978,44.63055],[7.74985,44.63045],[7.74984,44.63035],[7.74983,44.63032],[7.74978,44.6302],[7.74978,44.63018],[7.74978,44.63014],[7.74977,44.63011],[7.74977,44.63003],[7.74977,44.63001],[7.74978,44.62991],[7.74974,44.62989],[7.74959,44.62985],[7.74959,44.62968],[7.74959,44.62965],[7.74961,44.62949],[7.74963,44.6294],[7.74966,44.62916],[7.74968,44.62909],[7.74968,44.62905],[7.74967,44.6289],[7.74965,44.62872],[7.74965,44.62862],[7.74963,44.62856],[7.74966,44.62856],[7.74979,44.6285],[7.74994,44.62847],[7.75044,44.62838],[7.75059,44.62838],[7.75099,44.62837],[7.75153,44.62826],[7.75161,44.62824],[7.75205,44.62817],[7.75228,44.62813],[7.75254,44.62808],[7.75299,44.62801],[7.75305,44.628],[7.75362,44.6279],[7.75367,44.62789],[7.75385,44.62787],[7.7545,44.62779],[7.75456,44.62778],[7.75508,44.62778],[7.75519,44.62777],[7.7557,44.62774],[7.75573,44.62774],[7.75619,44.62772],[7.75666,44.62767],[7.75669,44.62766],[7.75711,44.62764],[7.75764,44.62761],[7.75833,44.62758],[7.75865,44.62756],[7.75917,44.62754],[7.75967,44.62751],[7.75972,44.62751],[7.7601,44.62751],[7.7605,44.62751],[7.76058,44.62751],[7.76095,44.6275],[7.76141,44.62747],[7.76182,44.62745],[7.76195,44.62745],[7.76216,44.62743],[7.76262,44.62741],[7.76315,44.62738],[7.76326,44.62737],[7.76367,44.62734],[7.76413,44.62731],[7.76451,44.62728],[7.76462,44.6273],[7.76465,44.62749],[7.76472,44.62789],[7.76473,44.62793],[7.76478,44.62814],[7.7649,44.62862],[7.76491,44.62866],[7.76494,44.62885],[7.765,44.629],[7.76502,44.62905],[7.76508,44.62916],[7.76514,44.62928],[7.76523,44.62943],[7.76537,44.62966],[7.76545,44.62982],[7.76549,44.62986],[7.76552,44.62989],[7.76562,44.63002],[7.76576,44.63019],[7.76598,44.63048],[7.76601,44.63051],[7.76617,44.63072],[7.76631,44.6309],[7.76633,44.63091],[7.7664,44.63102],[7.76649,44.63116],[7.76664,44.63138],[7.76668,44.63144],[7.76669,44.63146],[7.76684,44.63174],[7.76699,44.632],[7.76702,44.63205],[7.76702,44.63209],[7.76705,44.63222],[7.76702,44.63235],[7.76706,44.63249],[7.76708,44.63253],[7.76719,44.63279],[7.76722,44.63289],[7.76728,44.63304],[7.76738,44.63333],[7.76738,44.63335],[7.76746,44.63347],[7.76753,44.63363],[7.76758,44.63369],[7.76761,44.63376],[7.76775,44.63399],[7.76776,44.63402],[7.76791,44.63426],[7.76794,44.63434],[7.76802,44.63454],[7.76804,44.63488],[7.76793,44.6349],[7.76787,44.63492],[7.76776,44.63494],[7.76769,44.63495],[7.76758,44.63497],[7.76756,44.63497],[7.76747,44.63498],[7.76743,44.63499],[7.76743,44.63502],[7.76745,44.6351],[7.76745,44.63513],[7.76745,44.63516],[7.76747,44.63524],[7.76749,44.63535],[7.76753,44.63576],[7.76763,44.63598],[7.76774,44.6362],[7.76788,44.63649],[7.76825,44.63653],[7.76884,44.63658],[7.76888,44.63659],[7.76898,44.63659],[7.76971,44.63666],[7.76989,44.63668],[7.76988,44.63701],[7.76987,44.63731],[7.76986,44.6374],[7.76986,44.63759],[7.76987,44.63762],[7.76994,44.63798],[7.76994,44.63799],[7.77015,44.63851],[7.77019,44.63859],[7.77024,44.63869],[7.77026,44.63874],[7.77044,44.63905],[7.77047,44.63912],[7.77053,44.63923],[7.77054,44.63926],[7.7706,44.63943],[7.77064,44.63956],[7.77065,44.63961],[7.77066,44.63964],[7.77071,44.63994],[7.7708,44.64044],[7.7708,44.64046],[7.77081,44.64049],[7.7708,44.64079],[7.7708,44.64107],[7.7708,44.64113],[7.77079,44.64157],[7.77078,44.64183],[7.77078,44.64186],[7.77077,44.64197],[7.77078,44.64209],[7.77074,44.64264],[7.77074,44.64279],[7.77072,44.64302],[7.7707,44.64347],[7.77071,44.6435],[7.77069,44.64361],[7.77066,44.644],[7.77065,44.64405],[7.77065,44.64408],[7.77064,44.64414],[7.77061,44.64447],[7.77061,44.6445],[7.77056,44.64509],[7.77054,44.64512],[7.77053,44.64514],[7.77049,44.64523],[7.77046,44.6453],[7.77032,44.64558],[7.77027,44.64567],[7.77026,44.6457],[7.77024,44.64573],[7.77026,44.64574],[7.77036,44.64581],[7.77038,44.64583],[7.77052,44.64597],[7.77115,44.64631],[7.77144,44.64636],[7.77158,44.64638],[7.77222,44.64648],[7.77232,44.64648],[7.77261,44.64644],[7.77274,44.64645],[7.77279,44.64645],[7.77284,44.64646],[7.77315,44.64648],[7.77322,44.64649],[7.77335,44.64651],[7.77341,44.64652],[7.77347,44.64652],[7.77383,44.64675],[7.77422,44.64686],[7.77438,44.6469],[7.77479,44.64699],[7.77492,44.647],[7.77507,44.64699],[7.7754,44.64694],[7.77652,44.64676],[7.77704,44.64674],[7.77724,44.64674],[7.77796,44.64682],[7.77861,44.64689],[7.77878,44.6469],[7.77894,44.64691],[7.77928,44.64694],[7.77934,44.64694],[7.77955,44.64696],[7.77965,44.64697],[7.77975,44.64698],[7.7803,44.64703],[7.78033,44.64704],[7.78041,44.64705],[7.78052,44.64707],[7.78062,44.64708],[7.78067,44.64708],[7.78073,44.64709],[7.78094,44.64711],[7.78097,44.64711],[7.78104,44.64712],[7.78112,44.64714],[7.78117,44.64715],[7.78131,44.64717],[7.78147,44.64718],[7.78167,44.64719],[7.78176,44.64717],[7.78189,44.64713],[7.7819,44.64715],[7.78197,44.64728],[7.78211,44.64733],[7.78215,44.64738],[7.78225,44.64747],[7.78247,44.64771],[7.78251,44.64777],[7.78255,44.64792],[7.78256,44.64795],[7.78257,44.64798],[7.78264,44.64806],[7.78272,44.64811],[7.78284,44.64819],[7.78289,44.64822],[7.78299,44.6483],[7.78304,44.64839],[7.78303,44.64861],[7.78308,44.64874],[7.7831,44.64879],[7.78313,44.64883],[7.78315,44.64886],[7.78327,44.64908],[7.78331,44.64914],[7.78344,44.64934],[7.78351,44.6494],[7.78357,44.64949],[7.78366,44.64961],[7.78372,44.64969],[7.78378,44.64976],[7.78392,44.64988],[7.78385,44.64995],[7.78376,44.65003],[7.78372,44.65006],[7.78365,44.65019],[7.78366,44.65023],[7.78389,44.65035],[7.78408,44.65046],[7.78421,44.65064],[7.78427,44.65068],[7.78436,44.65072],[7.78449,44.65078],[7.78467,44.65086],[7.78465,44.65102],[7.78471,44.65114],[7.78474,44.6513],[7.78475,44.65132],[7.78476,44.65137],[7.78482,44.65155],[7.78531,44.65152],[7.78553,44.65151],[7.78567,44.6515],[7.78622,44.65148],[7.78676,44.65146],[7.78706,44.65144],[7.78736,44.65143],[7.78781,44.6514],[7.78792,44.6514],[7.78847,44.65137],[7.78868,44.65136],[7.78908,44.65133],[7.78955,44.65124],[7.79024,44.65111],[7.79081,44.651],[7.7908,44.65095],[7.79168,44.65077],[7.79197,44.65072],[7.79298,44.65051],[7.7932,44.65047],[7.79423,44.65027],[7.79429,44.65026],[7.79525,44.65006],[7.79543,44.65002],[7.79546,44.65002],[7.79557,44.64999],[7.79565,44.64997],[7.79613,44.64987],[7.7962,44.64986],[7.79632,44.64983],[7.79654,44.64979],[7.79694,44.6497],[7.79709,44.64968],[7.79719,44.64966],[7.79739,44.64961],[7.79749,44.64959],[7.79772,44.64955],[7.79828,44.64945],[7.79838,44.64943],[7.79847,44.64941],[7.79868,44.64938],[7.7989,44.64934],[7.79917,44.64928],[7.79923,44.64927],[7.79937,44.64925],[7.79952,44.64922],[7.79967,44.64919],[7.79994,44.64914],[7.80014,44.6491],[7.80026,44.64908],[7.80059,44.64902],[7.80074,44.64899],[7.80084,44.64897],[7.80118,44.6489],[7.80122,44.64889],[7.80125,44.64889],[7.80138,44.64886],[7.80142,44.64886],[7.8017,44.6488],[7.80219,44.6487],[7.8024,44.64866],[7.80259,44.64863],[7.80262,44.64862],[7.8027,44.6486],[7.80288,44.64856],[7.80312,44.64851],[7.80316,44.6485],[7.80321,44.64849],[7.80331,44.64847],[7.80356,44.64841],[7.8038,44.64835],[7.80401,44.64831],[7.80405,44.6483],[7.80432,44.64824],[7.80449,44.6482],[7.80457,44.64818],[7.80476,44.64814],[7.80534,44.64801],[7.80536,44.64798],[7.80547,44.64789],[7.80553,44.64784],[7.80571,44.64769],[7.80583,44.64759],[7.8059,44.64752],[7.80603,44.64741],[7.80625,44.64723],[7.80634,44.64715],[7.80641,44.6471],[7.80671,44.64683],[7.80728,44.64633],[7.80734,44.64629],[7.80738,44.64625],[7.8075,44.64615],[7.80753,44.64613],[7.80779,44.64593],[7.80788,44.64587],[7.80801,44.64578],[7.80826,44.64562],[7.80887,44.64519],[7.80899,44.64512],[7.80909,44.64504],[7.80919,44.64498],[7.80921,44.64496],[7.80962,44.64468],[7.80965,44.64466],[7.80967,44.64464],[7.80991,44.64445],[7.81002,44.64436],[7.8104,44.64405],[7.81063,44.64386],[7.81074,44.64377],[7.81077,44.64374],[7.81089,44.64365],[7.81112,44.64345],[7.81116,44.64342],[7.81131,44.64329],[7.8115,44.64313],[7.81145,44.64299],[7.81141,44.64289],[7.81116,44.64227],[7.81113,44.64222],[7.81103,44.64196],[7.81102,44.64192],[7.81087,44.64158],[7.81083,44.64148],[7.81064,44.64102],[7.81062,44.64095],[7.8106,44.6409],[7.81051,44.64071],[7.81047,44.64056],[7.81038,44.64021],[7.81031,44.64],[7.81024,44.63985],[7.81019,44.63975],[7.8101,44.63956],[7.81005,44.63949],[7.8098,44.63939],[7.80987,44.63933],[7.81008,44.63913],[7.81015,44.63906],[7.81057,44.63866],[7.81092,44.63833],[7.81098,44.63827],[7.81143,44.63784],[7.81164,44.63764],[7.81166,44.63762],[7.81193,44.63736],[7.81197,44.63732],[7.81198,44.63731],[7.81248,44.63682],[7.81177,44.63633],[7.81145,44.6361],[7.81106,44.63582],[7.81077,44.6357],[7.80998,44.63533],[7.8099,44.63524],[7.80921,44.63448],[7.80916,44.63444],[7.80903,44.63431],[7.80894,44.63421],[7.80839,44.63369],[7.80828,44.63353],[7.808,44.63312],[7.80787,44.63294],[7.80768,44.63265],[7.80766,44.63261],[7.80761,44.63249],[7.80742,44.63189],[7.80729,44.63163],[7.80726,44.63156],[7.80713,44.6313],[7.80686,44.63077],[7.80686,44.63074],[7.80674,44.63029],[7.80663,44.62987],[7.80662,44.62985],[7.80653,44.6297],[7.80628,44.62931],[7.80626,44.62913],[7.80621,44.62868],[7.80617,44.62833],[7.80575,44.62781],[7.80572,44.6278],[7.80492,44.62732],[7.80489,44.6273],[7.80421,44.62698],[7.80336,44.62656],[7.80293,44.62645],[7.80271,44.6264],[7.80189,44.62618],[7.80183,44.62616],[7.80141,44.62608],[7.80108,44.62601],[7.79937,44.62567],[7.79905,44.6255],[7.79856,44.62523],[7.79777,44.62481],[7.79754,44.62468],[7.79753,44.62468],[7.79717,44.62448],[7.79622,44.62408],[7.7962,44.62407],[7.7957,44.62376],[7.79548,44.62363],[7.79472,44.62315],[7.79442,44.62296],[7.7943,44.62289],[7.79428,44.62287],[7.79324,44.62211],[7.79316,44.62176],[7.79293,44.62077],[7.79291,44.62068],[7.79285,44.6204],[7.79285,44.62038],[7.79281,44.62032],[7.79274,44.62019],[7.79258,44.61987],[7.79248,44.61968],[7.79236,44.61946],[7.79212,44.619],[7.79183,44.61868],[7.79174,44.61858],[7.79122,44.618],[7.79116,44.61793],[7.79076,44.6175],[7.79074,44.61747],[7.79052,44.61725],[7.7905,44.61723],[7.78993,44.6167],[7.78958,44.61538],[7.78936,44.61457],[7.78924,44.61412],[7.78915,44.6138],[7.78915,44.6138],[7.78914,44.61379],[7.78926,44.61327],[7.78932,44.61312],[7.78956,44.61229],[7.7896,44.61213],[7.78962,44.61209],[7.78982,44.61141],[7.79001,44.61115],[7.79006,44.61109],[7.7905,44.61051],[7.79061,44.61033],[7.79087,44.61001],[7.79156,44.60908],[7.7914,44.60861],[7.79116,44.60793],[7.79106,44.60768],[7.79089,44.60716],[7.78993,44.60553],[7.79075,44.60525],[7.79103,44.60514],[7.79109,44.60512],[7.79124,44.60507],[7.79156,44.60495],[7.79187,44.60493],[7.79197,44.60492],[7.79233,44.60478],[7.79241,44.60475],[7.79242,44.60473],[7.79257,44.60464],[7.79261,44.60461],[7.7927,44.60455],[7.79286,44.60443],[7.79293,44.60435],[7.79301,44.60429],[7.79307,44.60429],[7.79326,44.60403],[7.79329,44.60398],[7.79343,44.60379],[7.79355,44.60363],[7.79355,44.60358],[7.79363,44.60348],[7.79367,44.60319],[7.79404,44.60312],[7.79409,44.60313],[7.79415,44.60313],[7.79418,44.60312],[7.79422,44.60311],[7.79432,44.60303],[7.79434,44.60301],[7.79463,44.60291],[7.79467,44.60287],[7.79472,44.60285],[7.79479,44.60281],[7.79481,44.60279],[7.79491,44.60269],[7.79497,44.60269],[7.79499,44.60266],[7.79506,44.60253],[7.79511,44.6025],[7.79513,44.60245],[7.79516,44.60242],[7.79516,44.60234],[7.79521,44.60228],[7.79522,44.60224],[7.79522,44.6022],[7.79518,44.60216],[7.79527,44.60206],[7.79532,44.602],[7.79548,44.60181],[7.79575,44.60172],[7.79583,44.60169],[7.79586,44.60168],[7.796,44.60164],[7.79619,44.6016],[7.7963,44.60157],[7.79689,44.60143],[7.79708,44.60138],[7.79722,44.60135],[7.79741,44.6013],[7.79772,44.60122],[7.7978,44.6012],[7.79812,44.60112],[7.79821,44.6011],[7.7983,44.60108],[7.79851,44.60103],[7.79882,44.60095],[7.79885,44.60095],[7.79945,44.60095],[7.79967,44.60096],[7.80026,44.60096],[7.80049,44.60096],[7.80181,44.60096],[7.80249,44.60095],[7.80282,44.60067],[7.80323,44.60031],[7.80367,44.59993],[7.80402,44.60011],[7.80434,44.60027],[7.8047,44.60045],[7.80496,44.60058],[7.80575,44.60098],[7.80601,44.60111],[7.80614,44.60117],[7.80618,44.60119],[7.80667,44.60144],[7.80768,44.60195],[7.80795,44.60209],[7.80823,44.60223],[7.80872,44.60248],[7.809,44.60262],[7.80907,44.60266],[7.80941,44.60221],[7.80997,44.60148],[7.81013,44.60131],[7.81093,44.60068],[7.81123,44.60043],[7.81165,44.60007],[7.81198,44.59974],[7.81234,44.59924],[7.81269,44.59872],[7.81296,44.59832],[7.81325,44.59792],[7.81347,44.59768],[7.81362,44.59755],[7.81423,44.59717],[7.81445,44.59703],[7.81454,44.59695],[7.815,44.59656],[7.81509,44.59645],[7.81526,44.59618],[7.81541,44.59594],[7.81543,44.5959],[7.81589,44.59534],[7.8162,44.59503],[7.81644,44.59473],[7.81672,44.59435],[7.81675,44.59431],[7.8169,44.59409],[7.81698,44.59394],[7.81722,44.59353],[7.81723,44.5935],[7.81731,44.59328],[7.81739,44.5928],[7.8174,44.59277],[7.81748,44.59235],[7.81748,44.59196],[7.81743,44.59143],[7.8174,44.59101],[7.8174,44.59095],[7.8174,44.59086],[7.8174,44.59041],[7.81737,44.5903],[7.81739,44.59022],[7.81747,44.59012],[7.81793,44.58958],[7.81801,44.58948],[7.81804,44.58944],[7.8182,44.58924],[7.81822,44.58921],[7.81829,44.58918],[7.81844,44.58909],[7.8186,44.589],[7.81866,44.58896],[7.81883,44.58887],[7.81912,44.58869],[7.81951,44.58849],[7.81958,44.58845],[7.81989,44.58833],[7.82033,44.58801],[7.82044,44.58792],[7.82055,44.58784],[7.82059,44.58781],[7.82063,44.58779],[7.82111,44.58744],[7.82115,44.58741],[7.82124,44.58735],[7.82128,44.58733],[7.82134,44.58731],[7.82184,44.58723],[7.82186,44.5872],[7.82197,44.58703],[7.82208,44.58687],[7.82236,44.58645],[7.8224,44.58639],[7.82243,44.58634],[7.82244,44.58631],[7.82246,44.58627],[7.82249,44.58624],[7.82258,44.58612],[7.82291,44.58567],[7.82308,44.58545],[7.8231,44.58543],[7.82316,44.58534],[7.8232,44.58529],[7.8233,44.58515],[7.82339,44.58503],[7.82345,44.58494],[7.8236,44.58475],[7.82372,44.58459],[7.82421,44.5839],[7.82437,44.5837],[7.8244,44.58367],[7.82445,44.58362],[7.82472,44.5834],[7.82487,44.58328],[7.8249,44.58326],[7.82506,44.58313],[7.82524,44.58298],[7.82531,44.58293],[7.82559,44.58268],[7.82566,44.58262],[7.82588,44.5824],[7.82594,44.58234],[7.82608,44.5822],[7.82619,44.58209],[7.82623,44.58203],[7.82643,44.58177],[7.82647,44.58171],[7.82655,44.58159],[7.82661,44.5815],[7.82668,44.58142],[7.82677,44.58129],[7.8268,44.58125],[7.82693,44.58107],[7.82694,44.58104],[7.8271,44.5808],[7.82713,44.58076],[7.82738,44.58036],[7.82741,44.5803],[7.82743,44.58024],[7.82745,44.58015],[7.8275,44.57992],[7.82751,44.57989],[7.82752,44.57981],[7.82753,44.57978],[7.82754,44.57971],[7.82755,44.57967],[7.82755,44.57963],[7.82759,44.57944],[7.82936,44.57962],[7.82972,44.57966],[7.82989,44.57968],[7.83056,44.57975],[7.83064,44.57975],[7.83101,44.57979],[7.83137,44.57983],[7.83206,44.5799],[7.83212,44.5799],[7.83227,44.57991],[7.83268,44.57994],[7.83298,44.57996],[7.83316,44.57997],[7.83356,44.58],[7.83391,44.58003],[7.83401,44.58003],[7.83421,44.58005],[7.83426,44.58005],[7.8343,44.58005],[7.83462,44.58007],[7.83493,44.5801],[7.83572,44.58018],[7.83583,44.58019],[7.83617,44.58022],[7.83653,44.58025],[7.83661,44.58026],[7.83676,44.58028],[7.83709,44.58031],[7.83734,44.58033],[7.83761,44.58036],[7.83796,44.5804],[7.83818,44.58042],[7.83829,44.58043],[7.83862,44.58046],[7.83894,44.58048],[7.83971,44.58052],[7.84011,44.58056],[7.84055,44.5806],[7.84066,44.58061],[7.84112,44.58066],[7.84134,44.58068],[7.84161,44.58033],[7.84167,44.58027],[7.84184,44.58005],[7.8419,44.57997],[7.84203,44.57981],[7.84205,44.57979],[7.84215,44.57966],[7.84229,44.57948],[7.84254,44.57917],[7.84261,44.57907],[7.84281,44.57883],[7.84283,44.5788],[7.84289,44.57872],[7.84301,44.57857],[7.84316,44.57838],[7.8432,44.57832],[7.84326,44.57826],[7.84341,44.57806],[7.84356,44.57787],[7.84371,44.57769],[7.84379,44.57759],[7.84386,44.5775],[7.84399,44.57731],[7.84401,44.57729],[7.84414,44.57712],[7.84428,44.57697],[7.84429,44.57694],[7.84442,44.57679],[7.84444,44.57677],[7.84459,44.57657],[7.8446,44.57655],[7.84476,44.57636],[7.84478,44.57634],[7.84489,44.57619],[7.84511,44.57591],[7.84519,44.57581],[7.84533,44.57563],[7.84548,44.57544],[7.84557,44.57533],[7.84579,44.57506],[7.84588,44.57495],[7.8459,44.57492],[7.84594,44.57486],[7.84601,44.57477],[7.84608,44.57467],[7.84626,44.57446],[7.84627,44.57444],[7.84629,44.57441],[7.84632,44.57437],[7.8464,44.57428],[7.84652,44.57411],[7.84654,44.5741],[7.84668,44.57392],[7.84669,44.5739],[7.84685,44.5737],[7.84686,44.57368],[7.84699,44.57351],[7.84703,44.57347],[7.84704,44.57345],[7.84707,44.57341],[7.84713,44.57334],[7.84716,44.57329],[7.84722,44.57322],[7.84725,44.57318],[7.84733,44.57314],[7.84737,44.57306],[7.8474,44.573],[7.84743,44.57296],[7.84748,44.57292],[7.84752,44.57287],[7.84755,44.57283],[7.84756,44.57282],[7.8476,44.57274],[7.84766,44.57268],[7.84769,44.57265],[7.8477,44.57262],[7.84773,44.57258],[7.84774,44.57256],[7.84781,44.57249],[7.84782,44.57247],[7.84785,44.57242],[7.84787,44.57239],[7.84789,44.57235],[7.84798,44.57225],[7.848,44.57222],[7.84808,44.57212],[7.84809,44.5721],[7.84815,44.57203],[7.8482,44.57196],[7.84823,44.57192],[7.84833,44.57179],[7.84834,44.57177],[7.84836,44.57174],[7.84844,44.57161],[7.84848,44.57156],[7.84849,44.57154],[7.84859,44.57145],[7.84861,44.57141],[7.84863,44.57137],[7.84866,44.57134],[7.84867,44.57132],[7.84872,44.57126],[7.84877,44.57121],[7.84882,44.57114],[7.84888,44.57107],[7.8489,44.57104],[7.84896,44.57095],[7.84898,44.57093],[7.84908,44.57081],[7.84918,44.5707],[7.8493,44.57054],[7.84932,44.57051],[7.84943,44.57035],[7.84946,44.57032],[7.84955,44.57019],[7.84963,44.5701],[7.84971,44.56999],[7.84984,44.56984],[7.84988,44.56978],[7.84994,44.56972],[7.84998,44.56967],[7.85005,44.56967],[7.85013,44.56968],[7.85021,44.56969],[7.85024,44.56969],[7.85041,44.56971],[7.85047,44.56972],[7.85063,44.56974],[7.85072,44.56975],[7.85079,44.56976],[7.85093,44.56978],[7.85096,44.56978],[7.851,44.56979],[7.8511,44.56981],[7.8512,44.56982],[7.85133,44.56985],[7.85145,44.56988],[7.85151,44.5699],[7.8516,44.5699],[7.85173,44.56991],[7.85183,44.56992],[7.85194,44.56993],[7.85205,44.56994],[7.85218,44.56996],[7.85222,44.56997],[7.85229,44.56997],[7.85242,44.56999],[7.85264,44.57002],[7.85272,44.57002],[7.85276,44.57003],[7.85283,44.57004],[7.8529,44.57005],[7.85296,44.57006],[7.85299,44.57007],[7.85302,44.57007],[7.85312,44.57007],[7.85315,44.57007],[7.85332,44.57009],[7.85335,44.5701],[7.85346,44.5701],[7.85361,44.57012],[7.85365,44.57012],[7.85376,44.57015],[7.85394,44.57021],[7.854,44.57021],[7.85405,44.57019],[7.8541,44.57018],[7.85417,44.57017],[7.85423,44.57017],[7.85434,44.57017],[7.85438,44.57018],[7.85449,44.57018],[7.85456,44.57018],[7.85462,44.57017],[7.85467,44.57016],[7.85471,44.57015],[7.85476,44.57014],[7.8548,44.57013],[7.85488,44.57013],[7.85494,44.57013],[7.85496,44.57012],[7.85505,44.57012],[7.85519,44.57011],[7.85525,44.57011],[7.8553,44.5701],[7.85537,44.57009],[7.85543,44.57009],[7.85546,44.57009],[7.85556,44.57009],[7.85565,44.57007],[7.85572,44.57006],[7.85582,44.57006],[7.85593,44.57006],[7.85598,44.57005],[7.85605,44.57004],[7.85613,44.57004],[7.8562,44.57005],[7.85628,44.57004],[7.85646,44.57003],[7.85652,44.57002],[7.85655,44.57001],[7.85663,44.57001],[7.85667,44.57001],[7.85677,44.57],[7.8568,44.57],[7.85688,44.57001],[7.85695,44.57001],[7.85699,44.57001],[7.85708,44.57001],[7.85714,44.57001],[7.85723,44.57],[7.85728,44.56999],[7.85735,44.56999],[7.85739,44.56999],[7.85748,44.57],[7.85751,44.57],[7.85765,44.56999],[7.85776,44.56998],[7.8578,44.56998],[7.85792,44.56999],[7.858,44.56999],[7.85809,44.56999],[7.8582,44.56999],[7.85828,44.56999],[7.85839,44.56999],[7.85853,44.56999],[7.8586,44.56999],[7.8588,44.56998],[7.85888,44.56997],[7.85905,44.56997],[7.85912,44.56997],[7.85926,44.56997],[7.85932,44.56996],[7.85943,44.56995],[7.85951,44.56995],[7.85954,44.56994],[7.85963,44.56993],[7.85967,44.56993],[7.85971,44.56992],[7.85981,44.56987],[7.85985,44.56985],[7.86007,44.56976],[7.86019,44.56971],[7.86023,44.56969],[7.86029,44.56966],[7.86036,44.56963],[7.86047,44.56958],[7.86056,44.56956],[7.86059,44.56956],[7.86076,44.56969],[7.86092,44.56981],[7.86109,44.56995],[7.86114,44.57001],[7.86117,44.57002],[7.86122,44.57007],[7.86127,44.57012],[7.86134,44.57019],[7.86138,44.57022],[7.86148,44.57027],[7.86157,44.57029],[7.86177,44.57035],[7.86182,44.57037],[7.86189,44.57039],[7.86201,44.57044],[7.86208,44.57049],[7.86222,44.57056],[7.86226,44.5706],[7.86232,44.57064],[7.86233,44.57067],[7.86233,44.57069],[7.86237,44.57075],[7.86238,44.57078],[7.86239,44.5708],[7.86245,44.57086],[7.86245,44.57088],[7.86246,44.57091],[7.8625,44.57096],[7.86254,44.57105],[7.8626,44.57111],[7.86263,44.57117],[7.86264,44.57119],[7.86273,44.57132],[7.8628,44.57141],[7.8629,44.57152],[7.86296,44.57163],[7.86305,44.57177],[7.86314,44.57186],[7.86328,44.57197],[7.86342,44.57208],[7.8635,44.57215],[7.86351,44.57217],[7.86354,44.57219],[7.86361,44.57225],[7.86369,44.5723],[7.86378,44.57237],[7.86385,44.57243],[7.86389,44.57248],[7.86392,44.57252],[7.86408,44.57262],[7.86413,44.57262],[7.86417,44.57265],[7.86425,44.5727],[7.86429,44.57274],[7.86438,44.57286],[7.8644,44.57286],[7.8644,44.57286],[7.86441,44.57285],[7.86516,44.57267],[7.86625,44.57242],[7.86632,44.5724],[7.86707,44.57222],[7.86729,44.57216],[7.86776,44.57205],[7.86779,44.57204],[7.86812,44.57196],[7.86847,44.57188],[7.8685,44.57188],[7.86895,44.57176],[7.8695,44.57164],[7.87036,44.57143],[7.87143,44.57118],[7.87238,44.57095],[7.87247,44.57093],[7.87252,44.57092],[7.87256,44.57091],[7.87298,44.57081],[7.87301,44.5708],[7.873,44.57041],[7.873,44.57033],[7.87297,44.56981],[7.87297,44.56978],[7.87297,44.56973],[7.87304,44.56969],[7.87332,44.56956],[7.87336,44.56954],[7.87341,44.56951],[7.87347,44.56948],[7.87352,44.5695],[7.87356,44.56952],[7.87359,44.56953],[7.8737,44.56957],[7.87373,44.56958],[7.87382,44.56961],[7.87421,44.56976],[7.8748,44.56997],[7.87489,44.57001],[7.8751,44.57012],[7.87529,44.57022],[7.87533,44.57024],[7.87537,44.57026],[7.87557,44.57037],[7.87589,44.57055],[7.87594,44.57057],[7.87608,44.57065],[7.8764,44.57083],[7.87671,44.571],[7.8768,44.57106],[7.87691,44.57112],[7.8773,44.57134],[7.87737,44.57138],[7.87758,44.57151],[7.87761,44.57152],[7.87809,44.57179],[7.87839,44.57195],[7.87856,44.57205],[7.87877,44.57216],[7.87889,44.57223],[7.87916,44.57238],[7.87956,44.5726],[7.87971,44.57269],[7.87974,44.57271],[7.88005,44.57287],[7.88062,44.57305],[7.88071,44.57308],[7.88082,44.57311],[7.88092,44.57314],[7.88095,44.57315],[7.88156,44.57333],[7.88188,44.57341],[7.88248,44.5736],[7.88298,44.57375],[7.88307,44.57377],[7.88325,44.57382],[7.88327,44.57382],[7.88332,44.57383],[7.88339,44.57385],[7.88387,44.57397],[7.88495,44.57424],[7.885,44.57425],[7.88504,44.57426],[7.88512,44.57427],[7.88518,44.57429],[7.88533,44.57432],[7.88539,44.57434],[7.88567,44.5744],[7.88571,44.57441],[7.88585,44.57445],[7.88623,44.57454],[7.88648,44.57461],[7.88673,44.57467],[7.88704,44.57474],[7.88752,44.57486],[7.88805,44.57501],[7.88813,44.57503],[7.88838,44.57509],[7.88848,44.57511],[7.88854,44.57513],[7.88862,44.57515],[7.88879,44.57517],[7.88885,44.57518],[7.88889,44.57518],[7.88893,44.57519],[7.88896,44.57519],[7.88913,44.57522],[7.88923,44.57523],[7.88939,44.57518],[7.8894,44.57517],[7.88949,44.57514],[7.88951,44.57514],[7.88962,44.57512],[7.88965,44.57511],[7.88972,44.57509],[7.8901,44.57502],[7.89028,44.57499],[7.89032,44.57498],[7.89051,44.57496],[7.89061,44.57495],[7.89089,44.57495],[7.89117,44.57495],[7.89143,44.57493],[7.89162,44.57492],[7.89172,44.5749],[7.89182,44.57489],[7.89207,44.57483],[7.89217,44.57482],[7.89231,44.57481],[7.89237,44.57482],[7.89241,44.57484],[7.89256,44.57496],[7.89271,44.57508],[7.89289,44.57513],[7.89293,44.57514],[7.89295,44.57515],[7.89304,44.57519],[7.89323,44.57532],[7.89337,44.57541],[7.89347,44.57545],[7.8935,44.57546],[7.89364,44.57549],[7.89376,44.57548],[7.89408,44.57544],[7.89416,44.57542],[7.89434,44.57538],[7.89442,44.57537],[7.89469,44.57533],[7.89507,44.57528],[7.89514,44.57527],[7.89537,44.57523],[7.89551,44.57522],[7.89553,44.57521],[7.89588,44.57519],[7.89591,44.57519],[7.89629,44.57511],[7.89637,44.5751],[7.8967,44.57502],[7.89705,44.57494],[7.89735,44.57487],[7.89762,44.57481],[7.89784,44.57472],[7.89794,44.5747],[7.89798,44.57469],[7.89827,44.57464],[7.89841,44.5746],[7.89854,44.57457],[7.8987,44.57452],[7.89885,44.57447],[7.89896,44.57443],[7.89913,44.57437],[7.89933,44.57432],[7.89945,44.57428],[7.89961,44.57425],[7.89994,44.57419],[7.9001,44.57416],[7.9003,44.57412],[7.90037,44.57411],[7.90043,44.5741],[7.9006,44.57406],[7.90091,44.57398],[7.90098,44.57397],[7.90108,44.57379],[7.90115,44.57368],[7.90119,44.5736],[7.90126,44.57346],[7.90128,44.57343],[7.90131,44.57338],[7.90135,44.5733],[7.90146,44.5732],[7.90151,44.57316],[7.90155,44.57314],[7.90162,44.57311],[7.90178,44.57306],[7.90188,44.57301],[7.90203,44.57292],[7.90206,44.57291],[7.90206,44.57289],[7.9021,44.57283],[7.90211,44.57281],[7.90212,44.57278],[7.90215,44.57273],[7.90215,44.5727],[7.90214,44.57269],[7.90214,44.57267],[7.90209,44.57253],[7.90204,44.57241],[7.90202,44.57234],[7.90202,44.57224],[7.90202,44.57222],[7.90207,44.57217],[7.90214,44.5721],[7.90221,44.57204],[7.90223,44.57202],[7.9023,44.57196],[7.90234,44.57192],[7.90243,44.57184],[7.90253,44.57176],[7.90266,44.57165],[7.90272,44.57159],[7.90277,44.57155],[7.90288,44.57153],[7.90297,44.57153],[7.90301,44.57153],[7.90312,44.57155],[7.90324,44.57157],[7.9033,44.57159],[7.90335,44.57157],[7.90339,44.57156],[7.90344,44.57154],[7.90353,44.5715],[7.90361,44.57147],[7.90368,44.57143],[7.90396,44.5713],[7.90407,44.57126],[7.90417,44.57121],[7.90436,44.57112],[7.90438,44.57111],[7.90455,44.57102],[7.90473,44.57092],[7.90483,44.57087],[7.90487,44.57085],[7.90497,44.5708],[7.90507,44.57074],[7.90511,44.57073],[7.90527,44.57065],[7.90541,44.5706],[7.90548,44.57058],[7.90604,44.5703],[7.90618,44.57023],[7.90627,44.57019],[7.90651,44.57007],[7.90667,44.56999],[7.9068,44.56993],[7.90683,44.56992],[7.907,44.56983],[7.90707,44.56979],[7.90711,44.56978],[7.90722,44.56972],[7.9073,44.56968],[7.90737,44.56965],[7.90751,44.56958],[7.90753,44.56957],[7.90758,44.56955],[7.90765,44.56951],[7.90769,44.5695],[7.90791,44.56939],[7.90811,44.56929],[7.90832,44.56918],[7.90853,44.56908],[7.90884,44.56893],[7.90907,44.56882],[7.9093,44.56871],[7.90947,44.56863],[7.90966,44.56854],[7.90972,44.5685],[7.90998,44.56837],[7.91012,44.5683],[7.91022,44.56826],[7.9103,44.56822],[7.91045,44.56815],[7.91061,44.56807],[7.91074,44.568],[7.91092,44.56792],[7.9111,44.56783],[7.91127,44.56775],[7.91137,44.5677],[7.91121,44.56757],[7.91119,44.56752],[7.91108,44.56723],[7.91089,44.56702],[7.91069,44.56681],[7.91057,44.56665],[7.91054,44.5666],[7.91045,44.56652],[7.91037,44.56648],[7.91028,44.56643],[7.91025,44.56641],[7.9101,44.56633],[7.90994,44.56634],[7.90989,44.56635],[7.9098,44.56635],[7.90977,44.56636],[7.90957,44.56638],[7.90915,44.56641],[7.90822,44.5665],[7.90787,44.56653],[7.90741,44.56658],[7.90717,44.5666],[7.90683,44.56663],[7.90619,44.56669],[7.90604,44.56671],[7.90554,44.56676],[7.90533,44.56677],[7.90525,44.56679],[7.90512,44.5668],[7.90476,44.56675],[7.90427,44.56668],[7.90425,44.56668],[7.90384,44.56662],[7.90375,44.5666],[7.90327,44.56654],[7.90315,44.56652],[7.90287,44.56648],[7.90245,44.56642],[7.90239,44.56627],[7.90229,44.56599],[7.90227,44.56592],[7.90225,44.56588],[7.90223,44.56584],[7.90221,44.5658],[7.90219,44.56572],[7.90211,44.56546],[7.90211,44.56544],[7.90211,44.56533],[7.9021,44.56527],[7.90202,44.56512],[7.902,44.56509],[7.90193,44.565],[7.90188,44.56494],[7.90183,44.56488],[7.90178,44.56472],[7.90155,44.56438],[7.90128,44.56412],[7.90126,44.56409],[7.90116,44.56394],[7.90096,44.56365],[7.90095,44.56362],[7.90092,44.56355],[7.90079,44.56311],[7.90077,44.56278],[7.90077,44.56264],[7.90076,44.56261],[7.90075,44.56229],[7.90074,44.5621],[7.90074,44.56193],[7.90073,44.56176],[7.90073,44.56173],[7.90072,44.56167],[7.90072,44.56162],[7.90071,44.56136],[7.9007,44.56111],[7.90069,44.56087],[7.90068,44.5608],[7.90066,44.56038],[7.90065,44.56018],[7.90064,44.55993],[7.90062,44.55959],[7.90062,44.55956],[7.90061,44.55951],[7.90066,44.55947],[7.90073,44.55941],[7.90076,44.55939],[7.90086,44.55929],[7.90125,44.55893],[7.90128,44.55891],[7.90151,44.5587],[7.90163,44.55859],[7.90176,44.55847],[7.90201,44.55833],[7.9024,44.55811],[7.90258,44.55801],[7.90266,44.55796],[7.90285,44.55785],[7.90291,44.55782],[7.90304,44.55774],[7.90317,44.55767],[7.90331,44.55759],[7.90371,44.55737],[7.90382,44.5573],[7.90417,44.5571],[7.90444,44.55695],[7.90466,44.55682],[7.90597,44.55627],[7.90641,44.55593],[7.90652,44.55583],[7.90668,44.55569],[7.90671,44.55568],[7.90724,44.55533],[7.90749,44.55511],[7.90776,44.55487],[7.90822,44.55448],[7.90823,44.55447],[7.90862,44.55397],[7.90917,44.55326],[7.90933,44.5531],[7.90975,44.5524],[7.91003,44.55166],[7.91004,44.55162],[7.90996,44.5515],[7.90992,44.55144],[7.90981,44.55138],[7.90977,44.55137],[7.90972,44.55135],[7.90968,44.55133],[7.9095,44.55129],[7.90945,44.55128],[7.90881,44.5512],[7.90871,44.55119],[7.9078,44.55113],[7.90771,44.55086],[7.90765,44.55069],[7.90763,44.55065],[7.90762,44.55058],[7.90762,44.55056],[7.9076,44.55051],[7.90759,44.55048],[7.90754,44.55038],[7.9075,44.55033],[7.90745,44.55028],[7.90738,44.55021],[7.90737,44.55019],[7.90708,44.54991],[7.90699,44.54982],[7.90676,44.54962],[7.9065,44.54941],[7.90632,44.54928],[7.90614,44.54915],[7.906,44.54904],[7.90592,44.54898],[7.90579,44.54888],[7.90573,44.5489],[7.90568,44.54892],[7.90559,44.54894],[7.90517,44.54893],[7.90504,44.54893],[7.905,44.54893],[7.90473,44.54892],[7.90468,44.54892],[7.90452,44.54891],[7.90441,44.54891],[7.90438,44.54891],[7.90416,44.5489],[7.90399,44.5489],[7.9039,44.54889],[7.90362,44.54889],[7.90351,44.54888],[7.90332,44.54888],[7.90313,44.54887],[7.90299,44.54887],[7.90276,44.54886],[7.90251,44.54885],[7.9024,44.54885],[7.90237,44.54885],[7.90231,44.54884],[7.90224,44.54884],[7.90195,44.54883],[7.90189,44.54883],[7.90176,44.54882],[7.90155,44.54882],[7.90143,44.5488],[7.90104,44.54879],[7.90086,44.54878],[7.89946,44.54871],[7.8994,44.54847],[7.89938,44.54843],[7.89938,44.54841],[7.89871,44.54843],[7.89841,44.54843],[7.89834,44.54844],[7.89832,44.54844],[7.89795,44.54845],[7.89804,44.54825],[7.8981,44.54812],[7.89812,44.54809],[7.89837,44.54776],[7.8984,44.54773],[7.89874,44.54735],[7.89877,44.54731],[7.8991,44.54697],[7.89931,44.54674],[7.89945,44.54659],[7.89974,44.54627],[7.89974,44.54627],[7.89983,44.54616],[7.89932,44.54615],[7.89886,44.54615],[7.89826,44.54614],[7.8979,44.54612],[7.89795,44.54585],[7.89798,44.54555],[7.89799,44.54551],[7.89801,44.54543],[7.89802,44.54541],[7.89803,44.54537],[7.89809,44.5453],[7.89812,44.54525],[7.89801,44.5452],[7.89798,44.54519],[7.89791,44.54517],[7.89773,44.54514],[7.89749,44.5451],[7.89731,44.5451],[7.89721,44.5451],[7.89703,44.5451],[7.89696,44.5451],[7.89684,44.54508],[7.89669,44.54507],[7.89665,44.54494],[7.89658,44.54488],[7.8965,44.54481],[7.89646,44.54478],[7.89643,44.54474],[7.89641,44.54471],[7.89632,44.54459],[7.89628,44.54457],[7.89618,44.54447],[7.8961,44.54436],[7.89608,44.54433],[7.89609,44.54427],[7.8961,44.54423],[7.89609,44.54421],[7.89609,44.54417],[7.89608,44.54413],[7.89607,44.5441],[7.89607,44.54408],[7.89606,44.54402],[7.89604,44.54397],[7.89599,44.54394],[7.89593,44.54391],[7.89582,44.54379],[7.8957,44.54373],[7.89566,44.54372],[7.8954,44.54363],[7.89531,44.5436],[7.89528,44.54353],[7.89528,44.54351],[7.89527,44.54343],[7.89526,44.54338],[7.89526,44.54331],[7.89526,44.54321],[7.89526,44.54319],[7.89524,44.54309],[7.89524,44.54304],[7.89523,44.54297],[7.89522,44.54291],[7.89522,44.54287],[7.89523,44.54283],[7.89523,44.54278],[7.89523,44.54273],[7.89524,44.54264],[7.89522,44.54252],[7.89522,44.54248],[7.89527,44.54233],[7.89522,44.54231],[7.89487,44.54209],[7.89469,44.54198],[7.89467,44.54197],[7.89446,44.54192],[7.89418,44.5417],[7.89415,44.54156],[7.89411,44.54133],[7.89404,44.54129],[7.89379,44.54128],[7.89354,44.5413],[7.89349,44.5413],[7.8934,44.54124],[7.89327,44.54111],[7.8932,44.54104],[7.89327,44.54075],[7.89323,44.54065],[7.89314,44.5406],[7.89311,44.54058],[7.89264,44.54043],[7.89259,44.54042],[7.89255,44.54038],[7.89244,44.54022],[7.89228,44.53999],[7.89228,44.53978],[7.89217,44.53968],[7.89205,44.53964],[7.8918,44.53965],[7.89168,44.53959],[7.89166,44.53957],[7.89143,44.53938],[7.89128,44.53931],[7.89125,44.5393],[7.89115,44.53926],[7.89091,44.53922],[7.89075,44.53919],[7.8903,44.53906],[7.88985,44.53892],[7.88983,44.53893],[7.88986,44.53924],[7.88981,44.53931],[7.88974,44.53931],[7.88963,44.53928],[7.88959,44.53925],[7.88948,44.53905],[7.88923,44.53903],[7.88892,44.5391],[7.88877,44.53908],[7.8887,44.5389],[7.88864,44.53882],[7.88861,44.53878],[7.88845,44.53872],[7.88839,44.53869],[7.88832,44.53871],[7.8882,44.53874],[7.88815,44.53874],[7.88801,44.53873],[7.88777,44.53851],[7.88772,44.53832],[7.8877,44.53826],[7.88771,44.53812],[7.88763,44.5381],[7.88743,44.53815],[7.88736,44.53809],[7.88724,44.53793],[7.8872,44.53789],[7.88694,44.5376],[7.88691,44.53757],[7.88653,44.5375],[7.88639,44.53746],[7.88636,44.53746],[7.8863,44.53742],[7.88629,44.53731],[7.88644,44.53712],[7.88642,44.53697],[7.88618,44.53697],[7.88617,44.53667],[7.88607,44.53652],[7.88586,44.53649],[7.88561,44.53655],[7.88537,44.53637],[7.88531,44.53625],[7.8853,44.53623],[7.88521,44.5361],[7.88508,44.53585],[7.88505,44.5356],[7.88505,44.53558],[7.88505,44.53552],[7.8847,44.53546],[7.8845,44.53528],[7.8844,44.53502],[7.88416,44.53471],[7.88387,44.53459],[7.88361,44.53456],[7.88345,44.53452],[7.88335,44.53448],[7.8832,44.53443],[7.88311,44.5344],[7.88299,44.53436],[7.88276,44.53414],[7.88256,44.53395],[7.88242,44.53364],[7.88217,44.53351],[7.88179,44.53347],[7.88159,44.53345],[7.88151,44.53327],[7.8815,44.53325],[7.88147,44.53308],[7.88129,44.53299],[7.88118,44.53296],[7.88114,44.53296],[7.88097,44.53296],[7.88064,44.5329],[7.88061,44.53288],[7.88056,44.53285],[7.88047,44.53276],[7.88045,44.53273],[7.88043,44.53264],[7.88053,44.53252],[7.88064,44.53233],[7.88059,44.53231],[7.87986,44.53228],[7.87984,44.53224],[7.87978,44.53215],[7.87977,44.53213],[7.87977,44.53206],[7.88002,44.53182],[7.87996,44.53177],[7.87994,44.53175],[7.87987,44.53174],[7.87943,44.53177],[7.87923,44.53163],[7.87931,44.53141],[7.87926,44.53139],[7.87882,44.53118],[7.87868,44.53098],[7.87869,44.53076],[7.87853,44.5307],[7.87817,44.53072],[7.87802,44.53059],[7.87795,44.53032],[7.87794,44.53029],[7.87785,44.53002],[7.87754,44.52983],[7.87741,44.5298],[7.87733,44.52983],[7.87706,44.52989],[7.87682,44.52977],[7.8767,44.52956],[7.87687,44.52943],[7.87688,44.52938],[7.87683,44.52934],[7.87657,44.52933],[7.87641,44.5293],[7.87634,44.52907],[7.87622,44.52895],[7.8761,44.52893],[7.8759,44.52891],[7.87564,44.52888],[7.87567,44.52874],[7.87584,44.52854],[7.87573,44.52825],[7.87575,44.52822],[7.87578,44.52815],[7.87589,44.52809],[7.87597,44.52799],[7.87596,44.5279],[7.87591,44.52786],[7.87573,44.52783],[7.87556,44.52775],[7.87549,44.52767],[7.8755,44.52756],[7.87552,44.5275],[7.87563,44.52743],[7.8756,44.52727],[7.87529,44.52712],[7.87529,44.52699],[7.87543,44.5268],[7.87547,44.52674],[7.87545,44.52661],[7.87536,44.52645],[7.87536,44.52643],[7.87535,44.52633],[7.87535,44.52631],[7.87531,44.52624],[7.87524,44.52625],[7.87487,44.52626],[7.87426,44.52628],[7.87419,44.52628],[7.87411,44.52628],[7.87405,44.52629],[7.87383,44.52631],[7.87381,44.52632],[7.87358,44.52634],[7.87347,44.52635],[7.87336,44.52636],[7.87294,44.5264],[7.8728,44.52641],[7.87266,44.52642],[7.87262,44.52642],[7.87257,44.52641],[7.87241,44.5264],[7.87227,44.52638],[7.87197,44.52632],[7.87189,44.5263],[7.87184,44.52629],[7.87176,44.52627],[7.87172,44.52627],[7.87153,44.52626],[7.87076,44.52655],[7.87049,44.52629],[7.87035,44.52614],[7.87026,44.52605],[7.87021,44.526],[7.87017,44.52597],[7.86971,44.52555],[7.8697,44.52552],[7.86954,44.52537],[7.86951,44.52534],[7.86944,44.52529],[7.86927,44.52518],[7.86919,44.52512],[7.86914,44.52509],[7.86908,44.52504],[7.86893,44.52495],[7.86868,44.52479],[7.86866,44.52478],[7.86863,44.52476],[7.86847,44.52459],[7.86829,44.5244],[7.86815,44.52424],[7.8681,44.52419],[7.86805,44.52414],[7.86783,44.52391],[7.86771,44.5238],[7.86765,44.52374],[7.86762,44.52372],[7.86759,44.5237],[7.86756,44.52368],[7.86746,44.52364],[7.86742,44.52362],[7.86717,44.52353],[7.8667,44.52336],[7.86657,44.52331],[7.86627,44.5232],[7.86617,44.52316],[7.86595,44.52307],[7.86574,44.52297],[7.8656,44.5229],[7.86548,44.52284],[7.8654,44.52281],[7.86529,44.52277],[7.86507,44.52268],[7.86497,44.52265],[7.86481,44.52259],[7.86473,44.52256],[7.8646,44.52252],[7.86446,44.52247],[7.86437,44.52244],[7.86429,44.52241],[7.86426,44.5224],[7.86421,44.52238],[7.86411,44.52234],[7.86401,44.52231],[7.86397,44.52228],[7.86389,44.52224],[7.86386,44.52221],[7.86378,44.52215],[7.86362,44.522],[7.86357,44.52197],[7.86331,44.52177],[7.86322,44.52175],[7.86303,44.52167],[7.86296,44.52163],[7.86283,44.52156],[7.86268,44.52148],[7.86264,44.52146],[7.86254,44.52142],[7.86242,44.52137],[7.86237,44.52135],[7.86231,44.52133],[7.86226,44.52132],[7.86211,44.52128],[7.86205,44.52126],[7.86186,44.52119],[7.86176,44.52115],[7.86166,44.52111],[7.86156,44.52108],[7.86149,44.52105],[7.8614,44.52102],[7.86133,44.52099],[7.8613,44.52098],[7.86127,44.52097],[7.8612,44.52094],[7.86114,44.52091],[7.86101,44.52086],[7.86098,44.52084],[7.86091,44.52079],[7.86088,44.52077],[7.86079,44.52071],[7.86073,44.52067],[7.86064,44.5206],[7.86055,44.52054],[7.86049,44.52049],[7.86036,44.52038],[7.86024,44.52027],[7.86015,44.5202],[7.86013,44.52019],[7.86004,44.52012],[7.85997,44.52008],[7.85993,44.52006],[7.85987,44.52003],[7.85972,44.51996],[7.85958,44.51992],[7.85951,44.5199],[7.85941,44.51987],[7.85938,44.51986],[7.85933,44.51984],[7.85908,44.51972],[7.85883,44.51965],[7.85873,44.51962],[7.85861,44.51959],[7.85856,44.51958],[7.85853,44.51954],[7.85843,44.51951],[7.85836,44.51943],[7.85834,44.51942],[7.85816,44.51927],[7.85812,44.51923],[7.858,44.51914],[7.85794,44.51908],[7.85788,44.51903],[7.85775,44.51893],[7.85767,44.51887],[7.8575,44.51873],[7.85736,44.51862],[7.85719,44.51849],[7.85706,44.51839],[7.8569,44.51825],[7.85679,44.51817],[7.85658,44.51799],[7.85656,44.51797],[7.85647,44.51791],[7.85646,44.51789],[7.85635,44.5178],[7.85628,44.51775],[7.85621,44.51769],[7.85614,44.51763],[7.85612,44.51761],[7.8561,44.51759],[7.85593,44.51745],[7.85589,44.5174],[7.85576,44.51724],[7.85571,44.51718],[7.85559,44.51703],[7.85554,44.51697],[7.85537,44.51677],[7.8552,44.51655],[7.85501,44.51632],[7.85487,44.51613],[7.85477,44.51602],[7.85455,44.51575],[7.85436,44.51552],[7.85432,44.51551],[7.85423,44.51548],[7.85413,44.51544],[7.85394,44.51538],[7.85385,44.51534],[7.85379,44.51532],[7.85369,44.51528],[7.85362,44.51526],[7.85358,44.51525],[7.85346,44.5152],[7.85325,44.51513],[7.85303,44.51505],[7.85289,44.515],[7.85283,44.51498],[7.85276,44.51496],[7.85269,44.51493],[7.85259,44.51489],[7.85244,44.51484],[7.8523,44.51479],[7.85214,44.51473],[7.85203,44.5147],[7.85196,44.51467],[7.85194,44.51466],[7.85163,44.51456],[7.85155,44.51446],[7.85146,44.51434],[7.85134,44.51418],[7.85116,44.51394],[7.85105,44.51379],[7.85096,44.51367],[7.85082,44.51349],[7.85074,44.51339],[7.85069,44.51332],[7.85055,44.51314],[7.85043,44.51299],[7.85036,44.5129],[7.85034,44.51287],[7.85022,44.51266],[7.84992,44.51218],[7.84972,44.51187],[7.84969,44.51182],[7.84966,44.51177],[7.84959,44.51166],[7.84945,44.51144],[7.84921,44.51103],[7.84907,44.51079],[7.84906,44.51077],[7.84904,44.51075],[7.84913,44.51047],[7.84921,44.51021],[7.84922,44.51019],[7.84926,44.51008],[7.8495,44.50956],[7.84952,44.50952],[7.84968,44.50918],[7.84986,44.5088],[7.84991,44.50869],[7.84994,44.50861],[7.85006,44.50822],[7.85007,44.50818],[7.85021,44.50759],[7.85029,44.50758],[7.85032,44.50734],[7.85037,44.50701],[7.85038,44.50697],[7.85044,44.50664],[7.85045,44.50657],[7.85047,44.50645],[7.85049,44.50638],[7.8505,44.50629],[7.85051,44.50623],[7.85051,44.50611],[7.84993,44.50576],[7.84949,44.50549],[7.84918,44.5053],[7.8491,44.50525],[7.84887,44.50511],[7.84862,44.50496],[7.84855,44.50492],[7.84854,44.5049],[7.84851,44.50488],[7.84844,44.50479],[7.84834,44.50467],[7.84833,44.50465],[7.84805,44.50431],[7.84801,44.50425],[7.84791,44.50413],[7.84786,44.50407],[7.84762,44.50378],[7.84753,44.50367],[7.84748,44.50361],[7.84736,44.50347],[7.84729,44.50339],[7.84728,44.50337],[7.84726,44.50335],[7.84722,44.5033],[7.84715,44.50323],[7.84692,44.50297],[7.84664,44.50266],[7.84646,44.50271],[7.84641,44.50272],[7.8463,44.50275],[7.84626,44.50276],[7.84623,44.50277],[7.84617,44.50277],[7.84614,44.50278],[7.846,44.50279],[7.84584,44.50281],[7.8458,44.50281],[7.84565,44.50282],[7.84547,44.50283],[7.84542,44.50284],[7.84538,44.50284],[7.84529,44.50285],[7.84524,44.50286],[7.84511,44.50287],[7.84507,44.50288],[7.84481,44.50288],[7.8447,44.50288],[7.84448,44.50289],[7.84443,44.50289],[7.84423,44.50287],[7.8442,44.50287],[7.84406,44.50288],[7.84372,44.50285],[7.84355,44.50287],[7.84348,44.50288],[7.84342,44.50289],[7.84329,44.5029],[7.84307,44.50293],[7.84291,44.50293],[7.84265,44.50295],[7.84246,44.50295],[7.84235,44.50296],[7.84226,44.50298],[7.84208,44.50301],[7.84183,44.50305],[7.84179,44.50306],[7.84174,44.50306],[7.84149,44.50308],[7.84145,44.50308],[7.84119,44.50307],[7.84112,44.50306],[7.84094,44.50304],[7.84088,44.50304],[7.84065,44.50303],[7.84057,44.50302],[7.84051,44.50302],[7.84031,44.50302],[7.84022,44.50302],[7.84009,44.50302],[7.84,44.50303],[7.83994,44.50303],[7.83987,44.50304],[7.8398,44.50304],[7.83964,44.50305],[7.83952,44.50305],[7.83942,44.50305],[7.83938,44.50305],[7.83917,44.50308],[7.83914,44.50309],[7.83895,44.50309],[7.83872,44.5031],[7.83867,44.5031],[7.83855,44.50309],[7.83844,44.50308],[7.83829,44.50306],[7.83822,44.50305],[7.83815,44.50305],[7.83804,44.50303],[7.838,44.50303],[7.83763,44.50305],[7.83761,44.50305],[7.83739,44.50306],[7.83701,44.50308],[7.83676,44.50309],[7.83579,44.50313],[7.83534,44.50315],[7.83531,44.50315],[7.83517,44.50316],[7.83502,44.50313],[7.83452,44.50302],[7.83399,44.50292],[7.83374,44.50288],[7.83332,44.5028],[7.83316,44.50277],[7.83312,44.50276],[7.83289,44.50271],[7.83258,44.50265],[7.83231,44.5026],[7.83189,44.50251],[7.83147,44.50243],[7.83103,44.50234],[7.83098,44.50234],[7.83095,44.50233],[7.83061,44.5022],[7.83001,44.50198],[7.82945,44.5019],[7.82902,44.50183],[7.82893,44.50182],[7.82818,44.50171],[7.82808,44.50169],[7.82803,44.50168],[7.82795,44.50167],[7.82777,44.50165],[7.82771,44.50164],[7.82741,44.50159],[7.82687,44.50151],[7.82666,44.50147],[7.82649,44.50145],[7.82646,44.50144],[7.8263,44.50141],[7.82625,44.5014],[7.82583,44.50132],[7.82545,44.50124],[7.82538,44.50123],[7.82534,44.50122],[7.82503,44.50116],[7.82486,44.50113],[7.82471,44.50111],[7.8247,44.50104],[7.82462,44.50055],[7.82454,44.50004],[7.82427,44.49968],[7.82418,44.49957],[7.8241,44.49946],[7.82396,44.49927],[7.82389,44.49917],[7.82337,44.49843],[7.82335,44.4984],[7.82316,44.49812],[7.82309,44.49799],[7.82305,44.49791],[7.8229,44.49761],[7.82276,44.49732],[7.82275,44.4973],[7.82271,44.49721],[7.8225,44.49679],[7.82249,44.49676],[7.82247,44.49672],[7.82244,44.49663],[7.82221,44.49599],[7.82207,44.49563],[7.82204,44.49553],[7.82195,44.49532],[7.82191,44.4952],[7.82183,44.49499],[7.82167,44.49459],[7.82156,44.49431],[7.82149,44.49416],[7.82142,44.49403],[7.82137,44.49393],[7.82122,44.49364],[7.82121,44.4936],[7.82115,44.4935],[7.82113,44.49345],[7.82109,44.49337],[7.82105,44.4933],[7.82097,44.49312],[7.82091,44.49304],[7.82082,44.49292],[7.82071,44.49277],[7.82068,44.49273],[7.82066,44.49269],[7.82061,44.49262],[7.82054,44.49254],[7.82052,44.49251],[7.82043,44.49239],[7.82037,44.4923],[7.82033,44.49224],[7.82022,44.49209],[7.8202,44.49207],[7.82001,44.49197],[7.81989,44.4919],[7.81973,44.49182],[7.8194,44.49164],[7.81909,44.49149],[7.81883,44.49135],[7.81881,44.49133],[7.81864,44.49123],[7.81815,44.49128],[7.81786,44.4913],[7.8178,44.49131],[7.81716,44.49137],[7.81664,44.49141],[7.81609,44.49144],[7.81577,44.49146],[7.8157,44.49147],[7.81561,44.49147],[7.81528,44.4915],[7.81488,44.49153],[7.81482,44.49153],[7.81436,44.49157],[7.81422,44.49158],[7.81391,44.49161],[7.81355,44.49164],[7.81346,44.49164],[7.81301,44.49168],[7.81287,44.49169],[7.81279,44.49169],[7.81202,44.49166],[7.81201,44.49163],[7.81187,44.49123],[7.81172,44.49081],[7.8117,44.49077],[7.81152,44.49031],[7.81135,44.48985],[7.8113,44.48972],[7.81119,44.48945],[7.81116,44.48937],[7.81108,44.4892],[7.81093,44.48887],[7.8108,44.48858],[7.81068,44.48831],[7.81062,44.4882],[7.81059,44.48813],[7.81052,44.48798],[7.81052,44.48795],[7.81042,44.48771],[7.81037,44.4876],[7.81032,44.48747],[7.81027,44.48737],[7.81023,44.48727],[7.81018,44.48715],[7.81011,44.48699],[7.8101,44.48697],[7.81007,44.48694],[7.80997,44.48671],[7.8099,44.48655],[7.80984,44.48642],[7.80979,44.48631],[7.80971,44.48613],[7.80965,44.486],[7.8096,44.48587],[7.80956,44.48576],[7.80946,44.48552],[7.80941,44.48539],[7.8094,44.48536],[7.80938,44.48532],[7.80937,44.48528],[7.80933,44.48519],[7.80928,44.48508],[7.80928,44.48506],[7.80924,44.48497],[7.8092,44.48488],[7.80918,44.48481],[7.80917,44.48479],[7.80912,44.48467],[7.80907,44.48455],[7.80902,44.48442],[7.80901,44.4844],[7.80896,44.48427],[7.80891,44.48415],[7.80891,44.48413],[7.80881,44.4839],[7.80877,44.48381],[7.80873,44.48371],[7.80871,44.48367],[7.80867,44.48355],[7.80862,44.48344],[7.80859,44.48338],[7.80853,44.48323],[7.80848,44.48309],[7.80843,44.48296],[7.80838,44.48284],[7.80833,44.48272],[7.8083,44.48265],[7.80825,44.48252],[7.80818,44.48235],[7.80813,44.48222],[7.80809,44.48213],[7.80804,44.48199],[7.80797,44.48181],[7.80788,44.48159],[7.80784,44.48149],[7.80778,44.48135],[7.8077,44.48116],[7.80764,44.481],[7.80762,44.48096],[7.80752,44.48068],[7.80745,44.48051],[7.80734,44.48025],[7.80725,44.48002],[7.80724,44.47997],[7.80712,44.47969],[7.80705,44.47953],[7.80699,44.47939],[7.80702,44.47937],[7.80723,44.47925],[7.80747,44.47912],[7.80752,44.47909],[7.8076,44.47904],[7.80798,44.47883],[7.80852,44.47853],[7.80867,44.47844],[7.80899,44.47826],[7.80906,44.47822],[7.80963,44.47789],[7.80968,44.47786],[7.80971,44.47785],[7.80973,44.47783],[7.80976,44.47784],[7.81018,44.47759],[7.81052,44.47738],[7.81093,44.47714],[7.81117,44.477],[7.81145,44.47683],[7.8115,44.4768],[7.8118,44.47663],[7.81193,44.47655],[7.81239,44.47627],[7.81291,44.47595],[7.81297,44.47592],[7.81338,44.47569],[7.81342,44.47566],[7.81378,44.47544],[7.8138,44.47543],[7.81399,44.47531],[7.81415,44.47523],[7.81434,44.47512],[7.81484,44.47484],[7.81517,44.47465],[7.81527,44.47459],[7.81532,44.47457],[7.81617,44.47408],[7.81681,44.47372],[7.81703,44.47359],[7.81709,44.47355],[7.81737,44.47338],[7.81739,44.47337],[7.81757,44.47327],[7.81764,44.47323],[7.81772,44.47319],[7.81785,44.47311],[7.81811,44.47296],[7.8183,44.47285],[7.81841,44.47279],[7.81845,44.47276],[7.81862,44.47266],[7.81873,44.47259],[7.81876,44.47258],[7.81897,44.47244],[7.81905,44.47241],[7.81916,44.47234],[7.81928,44.47227],[7.81935,44.47223],[7.81943,44.47218],[7.81951,44.47214],[7.81954,44.47212],[7.81964,44.47207],[7.81978,44.47199],[7.81982,44.47197],[7.82008,44.47182],[7.82018,44.47177],[7.82024,44.47173],[7.82034,44.47167],[7.82046,44.47161],[7.82052,44.47158],[7.82058,44.47154],[7.82068,44.47149],[7.82083,44.4714],[7.82093,44.47133],[7.82105,44.47124],[7.82107,44.47123],[7.82119,44.47118],[7.82123,44.47115],[7.82136,44.47108],[7.82149,44.47101],[7.82152,44.471],[7.82161,44.47094],[7.82174,44.47087],[7.82187,44.4708],[7.82201,44.47072],[7.82216,44.47063],[7.8224,44.4705],[7.82256,44.4704],[7.82272,44.47031],[7.82283,44.47025],[7.82287,44.47022],[7.82292,44.47019],[7.82301,44.47014],[7.82306,44.47011],[7.82325,44.47],[7.82341,44.46991],[7.82356,44.46982],[7.82359,44.46981],[7.82368,44.46975],[7.82376,44.46971],[7.82379,44.46969],[7.82386,44.46965],[7.82394,44.46961],[7.82397,44.46959],[7.82401,44.46957],[7.82413,44.46949],[7.82424,44.46943],[7.82438,44.46935],[7.82443,44.46932],[7.82453,44.46926],[7.82465,44.4692],[7.82475,44.46913],[7.82488,44.46906],[7.82505,44.46896],[7.82544,44.46873],[7.8258,44.46852],[7.8261,44.46835],[7.8265,44.46802],[7.82657,44.46796],[7.82669,44.46786],[7.82682,44.46775],[7.8269,44.46769],[7.82692,44.46767],[7.82695,44.46765],[7.82704,44.46757],[7.82709,44.46753],[7.82712,44.46752],[7.82714,44.4675],[7.82716,44.46748],[7.82719,44.46746],[7.82723,44.46743],[7.82732,44.46735],[7.82735,44.46733],[7.82738,44.4673],[7.82741,44.46728],[7.82746,44.46722],[7.82748,44.4672],[7.82755,44.46714],[7.82757,44.46712],[7.82759,44.4671],[7.8278,44.46692],[7.82795,44.46679],[7.82797,44.46678],[7.82826,44.46651],[7.82831,44.46647],[7.82837,44.46643],[7.82839,44.46641],[7.82848,44.46634],[7.82873,44.46611],[7.82904,44.46584],[7.82906,44.46583],[7.82939,44.46553],[7.82965,44.4653],[7.82979,44.46518],[7.83014,44.46486],[7.83028,44.46474],[7.83038,44.46466],[7.83052,44.46453],[7.83056,44.4645],[7.83098,44.46413],[7.83109,44.46403],[7.83112,44.464],[7.83115,44.46397],[7.83119,44.46393],[7.83123,44.4639],[7.83146,44.4637],[7.83171,44.46347],[7.83184,44.46338],[7.83187,44.46335],[7.83189,44.46333],[7.83224,44.46302],[7.83232,44.46295],[7.83244,44.46285],[7.83294,44.4624],[7.83306,44.4623],[7.83337,44.46202],[7.8336,44.46181],[7.83379,44.46164],[7.83381,44.46163],[7.83422,44.46126],[7.83477,44.46079],[7.83482,44.46075],[7.83518,44.46047],[7.83525,44.4604],[7.83528,44.46038],[7.83554,44.46018],[7.83564,44.4601],[7.83576,44.46],[7.83611,44.45972],[7.83649,44.45942],[7.83669,44.45926],[7.83685,44.45914],[7.83695,44.45906],[7.83732,44.45877],[7.83756,44.45858],[7.83758,44.45856],[7.83762,44.45853],[7.83771,44.45846],[7.83794,44.45828],[7.838,44.45823],[7.83845,44.45789],[7.8386,44.45778],[7.83883,44.4576],[7.83899,44.45748],[7.83906,44.45743],[7.83909,44.4574],[7.83914,44.45736],[7.83939,44.45717],[7.8395,44.4571],[7.83957,44.45703],[7.83975,44.4569],[7.83979,44.45686],[7.83986,44.45681],[7.83996,44.45673],[7.84006,44.45666],[7.84034,44.45645],[7.84044,44.45637],[7.8408,44.4561],[7.84082,44.45608],[7.84116,44.45582],[7.8416,44.45548],[7.8417,44.4554],[7.84199,44.45518],[7.8421,44.4551],[7.8422,44.45502],[7.84239,44.45488],[7.84214,44.45466],[7.84209,44.45462],[7.84166,44.45443],[7.8416,44.4544],[7.84088,44.45424],[7.8406,44.45421],[7.84018,44.45417],[7.84008,44.45417],[7.83998,44.45417],[7.83986,44.45421],[7.83983,44.45422],[7.83947,44.45433],[7.83931,44.45437],[7.83925,44.45439],[7.83886,44.45452],[7.83883,44.45453],[7.83843,44.4547],[7.83814,44.45482],[7.83795,44.4549],[7.83791,44.45493],[7.83779,44.45501],[7.83765,44.4551],[7.83729,44.45534],[7.83694,44.45544],[7.83655,44.45555],[7.83646,44.45558],[7.83633,44.45564],[7.8363,44.45565],[7.8362,44.45572],[7.83616,44.45574],[7.83549,44.45603],[7.83508,44.4559],[7.83501,44.45588],[7.83458,44.45571],[7.8344,44.45536],[7.83432,44.4552],[7.83422,44.45502],[7.83421,44.45499],[7.83418,44.45492],[7.83407,44.45464],[7.83405,44.45462],[7.83402,44.45457],[7.83388,44.45436],[7.8337,44.45412],[7.83368,44.45409],[7.83351,44.45387],[7.83348,44.45381],[7.83346,44.45378],[7.83308,44.4534],[7.83299,44.45331],[7.83277,44.45309],[7.83275,44.45307],[7.83263,44.45301],[7.83252,44.45298],[7.83215,44.45289],[7.8321,44.45288],[7.83168,44.45284],[7.83156,44.45283],[7.83141,44.4528],[7.83096,44.45277],[7.83092,44.45276],[7.83064,44.45274],[7.83029,44.45272],[7.82993,44.45277],[7.82985,44.45279],[7.82948,44.45284],[7.82929,44.45287],[7.82926,44.45288],[7.82917,44.4529],[7.82886,44.45297],[7.82882,44.45298],[7.82852,44.45312],[7.82846,44.45315],[7.82835,44.4532],[7.82828,44.45325],[7.82825,44.45326],[7.82811,44.45335],[7.82797,44.45344],[7.82792,44.45347],[7.82772,44.4536],[7.82728,44.45375],[7.82684,44.45363],[7.82678,44.4536],[7.82649,44.45346],[7.82639,44.45338],[7.82631,44.45333],[7.82628,44.45332],[7.82616,44.45325],[7.82591,44.45311],[7.82564,44.45296],[7.82563,44.45295],[7.82532,44.45274],[7.8253,44.45272],[7.82492,44.45237],[7.82473,44.45211],[7.82472,44.45209],[7.82466,44.45191],[7.82464,44.45182],[7.82456,44.45157],[7.82449,44.45134],[7.82448,44.45131],[7.82443,44.45125],[7.8242,44.45099],[7.82414,44.45091],[7.8238,44.45054],[7.82365,44.45017],[7.82349,44.45009],[7.82333,44.44995],[7.82269,44.44937],[7.82245,44.44914],[7.82226,44.44909],[7.82155,44.44891],[7.82125,44.4488],[7.82034,44.4485],[7.82032,44.44849],[7.82024,44.44848],[7.82005,44.4484],[7.81968,44.44824],[7.81956,44.44813],[7.81944,44.44802],[7.8194,44.44799],[7.81926,44.4479],[7.81923,44.44788],[7.8191,44.44776],[7.81907,44.44774],[7.81879,44.44758],[7.81839,44.44734],[7.8181,44.44716],[7.81797,44.44709],[7.81778,44.44698],[7.81775,44.44697],[7.81769,44.44693],[7.81747,44.44679],[7.81726,44.44664],[7.81714,44.44656],[7.81701,44.44647],[7.81699,44.44645],[7.81688,44.44641],[7.81674,44.44633],[7.81668,44.4463],[7.81654,44.44622],[7.81649,44.44621],[7.81645,44.44619],[7.81596,44.44612],[7.81592,44.44612],[7.81582,44.44612],[7.81546,44.44613],[7.81527,44.44618],[7.815,44.44625],[7.81469,44.44647],[7.81455,44.44662],[7.81427,44.447],[7.81416,44.44714],[7.81411,44.44719],[7.81406,44.44724],[7.81379,44.44748],[7.81372,44.44752],[7.81358,44.44762],[7.81349,44.44768],[7.81325,44.44783],[7.81323,44.44784],[7.8131,44.44788],[7.81288,44.44796],[7.81258,44.44792],[7.81245,44.44792],[7.81239,44.44791],[7.81221,44.4479],[7.8121,44.44789],[7.81205,44.44789],[7.81201,44.44788],[7.81187,44.44784],[7.81173,44.44779],[7.81164,44.44776],[7.81161,44.44775],[7.8114,44.4476],[7.8113,44.44754],[7.81126,44.44752],[7.81118,44.44746],[7.81112,44.44741],[7.81087,44.44719],[7.81086,44.44718],[7.81073,44.44698],[7.81058,44.44673],[7.81057,44.4467],[7.81044,44.44664],[7.81029,44.44656],[7.81022,44.44652],[7.81009,44.44646],[7.81006,44.44644],[7.80992,44.44636],[7.8097,44.44624],[7.80915,44.44628],[7.80871,44.44632],[7.80867,44.44632],[7.80856,44.4463],[7.80843,44.44627],[7.80826,44.44624],[7.80806,44.44621],[7.80793,44.44617],[7.80775,44.44607],[7.80766,44.44599],[7.80763,44.44588],[7.8076,44.44584],[7.80747,44.44571],[7.80746,44.44569],[7.80742,44.44566],[7.80727,44.44541],[7.80722,44.44534],[7.80712,44.4452],[7.80703,44.44513],[7.80655,44.44451],[7.8063,44.44428],[7.80624,44.44422],[7.80596,44.44395],[7.80587,44.44387],[7.8056,44.4436],[7.80543,44.44342],[7.80531,44.44333],[7.80509,44.44318],[7.80487,44.443],[7.80467,44.44259],[7.80461,44.44237],[7.80462,44.4422],[7.80462,44.44216],[7.80461,44.44209],[7.8046,44.44198],[7.8046,44.44194],[7.8047,44.44175],[7.80475,44.44166],[7.80416,44.43935],[7.80411,44.4392],[7.80408,44.4391],[7.80405,44.439],[7.80404,44.43893],[7.80402,44.43882],[7.80401,44.43872],[7.80399,44.43855],[7.80397,44.43848],[7.80396,44.43834],[7.80395,44.43832],[7.80393,44.43806],[7.80392,44.43796],[7.80391,44.43793],[7.80385,44.43778],[7.80379,44.43765],[7.80372,44.43755],[7.80355,44.43737],[7.8034,44.4372],[7.80331,44.43712],[7.80325,44.43705],[7.80322,44.43702],[7.80319,44.43698],[7.80313,44.43691],[7.80301,44.43676],[7.80296,44.43669],[7.80293,44.43666],[7.80287,44.4366],[7.80278,44.43653],[7.80272,44.43648],[7.80256,44.43634],[7.80246,44.43626],[7.8023,44.43613],[7.80203,44.43583],[7.80201,44.4358],[7.80194,44.43577],[7.80178,44.43565],[7.80157,44.43549],[7.80148,44.43543],[7.80111,44.43518],[7.80109,44.43516],[7.80068,44.43502],[7.80065,44.43502],[7.80039,44.43494],[7.80032,44.43491],[7.80024,44.43489],[7.80015,44.43486],[7.80008,44.43484],[7.79988,44.43477],[7.79961,44.43468],[7.7995,44.43465],[7.79923,44.43457],[7.79897,44.43461],[7.79856,44.43456],[7.79853,44.43456],[7.79845,44.43455],[7.79841,44.43455],[7.79804,44.43455],[7.79782,44.43455],[7.79766,44.43456],[7.79764,44.43456],[7.7975,44.43454],[7.79748,44.43454],[7.79719,44.4345],[7.79715,44.4345],[7.79712,44.4345],[7.79696,44.43448],[7.79693,44.43447],[7.79676,44.43444],[7.79671,44.43443],[7.79654,44.43442],[7.79631,44.4344],[7.79621,44.43439],[7.79617,44.43439],[7.79589,44.43435],[7.79583,44.43433],[7.79558,44.43427],[7.7955,44.43425],[7.79526,44.43419],[7.79507,44.43413],[7.79498,44.4341],[7.79497,44.43409],[7.79491,44.43398],[7.7947,44.43377],[7.7946,44.43366],[7.79437,44.43342],[7.79432,44.4334],[7.79424,44.43335],[7.79394,44.43321],[7.79381,44.43319],[7.79365,44.43317],[7.79362,44.43317],[7.79336,44.43317],[7.79329,44.43318],[7.79325,44.43319],[7.79315,44.43319],[7.79294,44.43322],[7.79285,44.43323],[7.79283,44.43325],[7.79273,44.43332],[7.79262,44.43339],[7.79241,44.43354],[7.79226,44.43365],[7.79224,44.43366],[7.7921,44.43376],[7.79178,44.43398],[7.79174,44.434],[7.79164,44.43408],[7.79162,44.4341],[7.79142,44.43427],[7.7913,44.43437],[7.79119,44.43445],[7.79108,44.43451],[7.79089,44.43464],[7.79082,44.43469],[7.79024,44.43498],[7.78506,44.43391],[7.78439,44.43383],[7.78425,44.43381],[7.78422,44.43381],[7.78405,44.43379],[7.78402,44.43379],[7.78396,44.43378],[7.78369,44.43375],[7.78346,44.43371],[7.78201,44.43371],[7.77944,44.43333],[7.77899,44.43329],[7.77887,44.43327],[7.7787,44.43324],[7.77847,44.4332],[7.77791,44.433],[7.77778,44.43294],[7.77716,44.4327],[7.77682,44.43261],[7.77653,44.43259],[7.77582,44.43252],[7.77564,44.43251],[7.77558,44.43251],[7.77548,44.43251],[7.77543,44.43251],[7.77531,44.43251],[7.7751,44.43252],[7.77488,44.43253],[7.77465,44.43243],[7.77409,44.43218],[7.77372,44.43208],[7.7736,44.43202],[7.77348,44.43198],[7.77342,44.43196],[7.77315,44.43188],[7.77321,44.43167],[7.77321,44.43164],[7.77322,44.4316],[7.77331,44.43137],[7.77331,44.43128],[7.77339,44.4311],[7.7734,44.43107],[7.77339,44.43102],[7.77347,44.43079],[7.77349,44.43071],[7.77358,44.4304],[7.77358,44.43033],[7.7736,44.43026],[7.77363,44.43018],[7.77369,44.43015],[7.77373,44.43008],[7.77375,44.43002],[7.77381,44.42984],[7.77405,44.42977],[7.77412,44.42975],[7.77415,44.42972],[7.77421,44.42967],[7.77428,44.42959],[7.77428,44.42953],[7.77421,44.42945],[7.77409,44.42944],[7.77406,44.42943],[7.77397,44.42942],[7.77392,44.42935],[7.77396,44.42929],[7.77398,44.42928],[7.77407,44.42922],[7.77411,44.42916],[7.77411,44.42902],[7.77408,44.42901],[7.77402,44.42897],[7.77404,44.42888],[7.77409,44.4288],[7.7741,44.42877],[7.7741,44.42871],[7.7741,44.42865],[7.77405,44.42862],[7.77395,44.42859],[7.77392,44.42854],[7.77393,44.42845],[7.77391,44.42842],[7.7739,44.4284],[7.77397,44.42835],[7.77399,44.42832],[7.7741,44.42827],[7.7741,44.42823],[7.77409,44.4282],[7.77403,44.42815],[7.77398,44.42811],[7.77385,44.42805],[7.77382,44.42801],[7.77386,44.42793],[7.77389,44.42791],[7.77392,44.42787],[7.77399,44.42784],[7.77404,44.42778],[7.77405,44.42775],[7.77404,44.4277],[7.77403,44.42765],[7.774,44.42757],[7.774,44.42754],[7.774,44.42751],[7.77401,44.42746],[7.77401,44.42744],[7.77404,44.42743],[7.77413,44.42739],[7.77416,44.42736],[7.77416,44.42727],[7.77413,44.42721],[7.77414,44.42717],[7.77417,44.42715],[7.77426,44.42706],[7.7743,44.42699],[7.77433,44.42691],[7.77436,44.42684],[7.77433,44.42681],[7.77426,44.42672],[7.7742,44.42661],[7.77423,44.42639],[7.77424,44.42637],[7.77422,44.42633],[7.77402,44.42628],[7.77395,44.4262],[7.774,44.42612],[7.77402,44.42606],[7.77411,44.42593],[7.77412,44.42585],[7.77408,44.42572],[7.77409,44.42559],[7.77403,44.42556],[7.77399,44.42554],[7.77394,44.42553],[7.77388,44.42545],[7.7739,44.42542],[7.77398,44.42538],[7.77403,44.42537],[7.77402,44.42534],[7.77402,44.42531],[7.77394,44.42522],[7.77389,44.42516],[7.77385,44.42511],[7.77384,44.42509],[7.77382,44.42503],[7.77375,44.42498],[7.77372,44.42496],[7.77363,44.42487],[7.77357,44.42483],[7.77355,44.42481],[7.77345,44.42474],[7.77348,44.42469],[7.7735,44.42466],[7.77352,44.42463],[7.77351,44.4245],[7.77351,44.42447],[7.77351,44.42442],[7.77344,44.42434],[7.77342,44.42432],[7.77339,44.42431],[7.77335,44.4243],[7.77334,44.42415],[7.77332,44.42406],[7.77331,44.42403],[7.77329,44.42396],[7.77328,44.42389],[7.77322,44.42385],[7.77312,44.42379],[7.77307,44.42376],[7.77298,44.4237],[7.77292,44.42364],[7.7729,44.42363],[7.77283,44.4235],[7.7728,44.42344],[7.77277,44.42343],[7.77258,44.42342],[7.77249,44.42342],[7.7724,44.42342],[7.77234,44.42338],[7.77232,44.42337],[7.77228,44.42333],[7.7723,44.4233],[7.7724,44.42322],[7.77235,44.42319],[7.77229,44.42316],[7.7722,44.42313],[7.77217,44.42313],[7.7721,44.42314],[7.77208,44.42312],[7.77203,44.42307],[7.77202,44.42304],[7.77198,44.42289],[7.77194,44.42282],[7.77193,44.42276],[7.77194,44.42274],[7.77195,44.42268],[7.77195,44.42265],[7.77197,44.42252],[7.77197,44.42249],[7.77199,44.42247],[7.772,44.42242],[7.77197,44.42238],[7.77189,44.42232],[7.77183,44.42224],[7.77182,44.42222],[7.77172,44.42208],[7.77171,44.42207],[7.77161,44.42191],[7.77153,44.42185],[7.77148,44.42182],[7.77146,44.4218],[7.77144,44.42176],[7.77138,44.42172],[7.77134,44.42168],[7.77132,44.42166],[7.7713,44.42164],[7.77122,44.42159],[7.7712,44.42158],[7.77112,44.42157],[7.77106,44.42152],[7.77104,44.42144],[7.77103,44.42138],[7.77097,44.42137],[7.77092,44.42133],[7.77089,44.4213],[7.77088,44.42128],[7.77079,44.42128],[7.77076,44.42128],[7.77067,44.42126],[7.77065,44.42119],[7.77061,44.42099],[7.77059,44.42086],[7.77059,44.42079],[7.77057,44.42066],[7.77055,44.4205],[7.77052,44.42033],[7.77051,44.4203],[7.77049,44.42014],[7.77047,44.41998],[7.77042,44.41968],[7.77041,44.41963],[7.77038,44.41945],[7.77037,44.41934],[7.77036,44.4193],[7.77036,44.41928],[7.77034,44.41918],[7.77034,44.41914],[7.77033,44.41907],[7.77031,44.41898],[7.77031,44.41893],[7.77027,44.41871],[7.77025,44.41857],[7.77023,44.41846],[7.77019,44.41819],[7.77017,44.41804],[7.77013,44.41777],[7.77009,44.41748],[7.77009,44.41744],[7.77007,44.4174],[7.77003,44.41701],[7.77002,44.41698],[7.77,44.41687],[7.76999,44.41681],[7.76999,44.41676],[7.76998,44.41674],[7.76995,44.41654],[7.76993,44.4164],[7.76989,44.41615],[7.76986,44.41594],[7.76983,44.41572],[7.76979,44.41546],[7.76977,44.41535],[7.76976,44.41527],[7.76954,44.41522],[7.76918,44.41513],[7.76885,44.41505],[7.76882,44.41504],[7.768,44.41483],[7.76774,44.41477],[7.76771,44.41476],[7.76762,44.41474],[7.76701,44.41457],[7.76699,44.41456],[7.76662,44.41447],[7.76642,44.41442],[7.76616,44.41435],[7.76602,44.41432],[7.76587,44.41428],[7.76575,44.41425],[7.76572,44.41424],[7.76551,44.41419],[7.76548,44.41418],[7.76509,44.41409],[7.76498,44.41406],[7.76491,44.41404],[7.76487,44.41403],[7.76441,44.41391],[7.76436,44.4139],[7.7639,44.41378],[7.76335,44.41364],[7.76331,44.41363],[7.76278,44.4135],[7.76252,44.41343],[7.76226,44.41336],[7.76197,44.41329],[7.76168,44.41322],[7.76144,44.41318],[7.76118,44.41314],[7.76114,44.41313],[7.76092,44.41309],[7.76061,44.41304],[7.76046,44.41301],[7.76037,44.413],[7.76028,44.41299],[7.76024,44.41298],[7.76012,44.41296],[7.75996,44.41293],[7.75973,44.41289],[7.75943,44.41284],[7.7594,44.41284],[7.7589,44.41275],[7.75887,44.41275],[7.75877,44.41273],[7.75878,44.41257],[7.75883,44.41251],[7.75889,44.41245],[7.75911,44.41235],[7.75916,44.41233],[7.75935,44.41224],[7.75968,44.4121],[7.75978,44.41201],[7.75956,44.41172],[7.75936,44.41162],[7.75909,44.41135],[7.75904,44.41123],[7.75901,44.4112],[7.75893,44.411],[7.75883,44.41074],[7.75876,44.4106],[7.75875,44.41055],[7.75878,44.41034],[7.7586,44.41007],[7.75849,44.41004],[7.75836,44.41],[7.75827,44.40998],[7.75804,44.40988],[7.75789,44.40992],[7.75753,44.41017],[7.75749,44.4102],[7.7572,44.41037],[7.75687,44.41024],[7.75663,44.40999],[7.7565,44.40985],[7.75647,44.40956],[7.75658,44.40927],[7.75665,44.40907],[7.7562,44.40889],[7.75618,44.40888],[7.75616,44.40887],[7.75578,44.40871],[7.7557,44.40868],[7.75546,44.40852],[7.75517,44.40832],[7.75534,44.40805],[7.75549,44.40784],[7.75573,44.40747],[7.75576,44.40743],[7.7559,44.40717],[7.75622,44.40685],[7.75626,44.4068],[7.75631,44.40669],[7.75632,44.40656],[7.7561,44.40638],[7.75571,44.40636],[7.75555,44.40641],[7.75494,44.40672],[7.75485,44.40677],[7.75459,44.40688],[7.75434,44.40693],[7.7543,44.40693],[7.75399,44.40697],[7.75399,44.40673],[7.75402,44.40662],[7.75408,44.40635],[7.75412,44.40617],[7.75407,44.40608],[7.75393,44.40598],[7.75369,44.40592],[7.75304,44.40617],[7.75286,44.40624],[7.75264,44.40629],[7.75257,44.40631],[7.75232,44.40637],[7.75209,44.40627],[7.75212,44.4061],[7.75214,44.40601],[7.75239,44.40575],[7.75249,44.40565],[7.75261,44.4053],[7.75274,44.40514],[7.75276,44.40512],[7.75291,44.40501],[7.75311,44.40479],[7.75322,44.40466],[7.75315,44.40452],[7.75299,44.40452],[7.75256,44.40463],[7.75237,44.40468],[7.75209,44.40466],[7.752,44.40405],[7.75198,44.40395],[7.75193,44.4039],[7.75186,44.40383],[7.7514,44.40368],[7.75094,44.40352],[7.75078,44.40346],[7.75036,44.40331],[7.75027,44.40327],[7.75034,44.40314],[7.75036,44.40312],[7.75062,44.40285],[7.75103,44.4027],[7.75137,44.40258],[7.7514,44.40257],[7.75157,44.40249],[7.75157,44.40244],[7.75158,44.40236],[7.75159,44.40234],[7.75151,44.40203],[7.75149,44.40193],[7.75126,44.40183],[7.75094,44.40206],[7.75076,44.40218],[7.75045,44.40224],[7.75042,44.40224],[7.7499,44.40227],[7.74928,44.40199],[7.74899,44.40186],[7.74894,44.40184],[7.7487,44.40169],[7.74874,44.40151],[7.74878,44.4013],[7.74882,44.40108],[7.74881,44.40102],[7.7487,44.40108],[7.74859,44.40115],[7.74851,44.4012],[7.74817,44.40142],[7.74782,44.40164],[7.7477,44.40171],[7.74765,44.40175],[7.74735,44.40193],[7.74718,44.40204],[7.74689,44.40222],[7.74636,44.40255],[7.7461,44.40272],[7.74608,44.40273],[7.74605,44.40275],[7.74603,44.40276],[7.74596,44.40282],[7.74576,44.403],[7.74547,44.40327],[7.74544,44.40329],[7.74542,44.40331],[7.74518,44.40352],[7.74513,44.40357],[7.74494,44.40374],[7.7449,44.40378],[7.74488,44.4038],[7.74477,44.40389],[7.74475,44.40391],[7.74465,44.404],[7.74451,44.40413],[7.7444,44.40423],[7.74424,44.40438],[7.74416,44.40445],[7.74406,44.40454],[7.74396,44.40463],[7.74387,44.40471],[7.74364,44.40491],[7.7436,44.40495],[7.7435,44.40504],[7.74344,44.4051],[7.74331,44.40522],[7.74325,44.40527],[7.7432,44.40531],[7.74304,44.40542],[7.74296,44.40551],[7.74284,44.40558],[7.74281,44.4056],[7.74268,44.40568],[7.74265,44.4057],[7.74262,44.40573],[7.74262,44.40577],[7.74261,44.40586],[7.74258,44.40603],[7.74258,44.40611],[7.74257,44.40619],[7.74251,44.40627],[7.74244,44.40633],[7.74239,44.40637],[7.74231,44.40643],[7.74217,44.40654],[7.74215,44.40656],[7.74212,44.40658],[7.74204,44.40667],[7.74188,44.40657],[7.74174,44.40648],[7.74162,44.40641],[7.74155,44.40642],[7.74142,44.40649],[7.74114,44.40662],[7.74104,44.40667],[7.74028,44.40702],[7.74012,44.40714],[7.73986,44.40732],[7.73973,44.40741],[7.73962,44.40749],[7.73955,44.40753],[7.73939,44.40764],[7.73932,44.40769],[7.73929,44.4077],[7.7392,44.40765],[7.73915,44.40762],[7.73912,44.40761],[7.73902,44.40765],[7.73883,44.40774],[7.73869,44.4078],[7.7386,44.40785],[7.73841,44.40796],[7.73833,44.40802],[7.73824,44.40807],[7.73797,44.40824],[7.73792,44.40827],[7.73772,44.40839],[7.73769,44.40841],[7.73758,44.40848],[7.73756,44.40849],[7.73744,44.40858],[7.73716,44.40878],[7.73698,44.40891],[7.73689,44.40898],[7.73677,44.40907],[7.73669,44.40913],[7.73651,44.40925],[7.73645,44.4093],[7.73641,44.40933],[7.73633,44.40939],[7.73623,44.40945],[7.73607,44.40944],[7.73603,44.40946],[7.73598,44.4095],[7.73589,44.40957],[7.73579,44.40965],[7.73577,44.40966],[7.73575,44.40967],[7.73558,44.40976],[7.73556,44.40977],[7.73535,44.40987],[7.73529,44.4099],[7.73526,44.40991],[7.73522,44.40993],[7.73513,44.40997],[7.73501,44.41003],[7.73497,44.41005],[7.73454,44.41021],[7.7345,44.41022],[7.73412,44.41035],[7.73393,44.41045],[7.73375,44.41053],[7.73365,44.41058],[7.73334,44.41068],[7.73319,44.41072],[7.73302,44.41078],[7.73298,44.4108],[7.7329,44.41082],[7.73278,44.41086],[7.73256,44.41094],[7.73252,44.41095],[7.73219,44.41106],[7.73209,44.41109],[7.73199,44.41113],[7.73197,44.41113],[7.73194,44.41115],[7.73175,44.41119],[7.73134,44.41127],[7.73122,44.4113],[7.73094,44.41136],[7.73077,44.41139],[7.73071,44.41139],[7.73065,44.41139],[7.73051,44.4113],[7.73026,44.41112],[7.73001,44.41094],[7.7298,44.41079],[7.72968,44.41088],[7.72938,44.4111],[7.72908,44.41131],[7.72901,44.41136],[7.72871,44.41157],[7.72857,44.41166],[7.7284,44.41178],[7.72801,44.41206],[7.7277,44.41228],[7.72751,44.41242],[7.72736,44.41253],[7.72704,44.41275],[7.7269,44.41286],[7.72671,44.41302],[7.72674,44.41305],[7.72692,44.41322],[7.7272,44.41349],[7.72735,44.41363],[7.72737,44.41365],[7.72686,44.41387],[7.72643,44.41406],[7.72596,44.41427],[7.72552,44.41447],[7.72525,44.41459],[7.72462,44.41486],[7.72425,44.41503],[7.72421,44.41505],[7.72418,44.41506],[7.72361,44.41532],[7.72317,44.41551],[7.72295,44.41561],[7.72238,44.41587],[7.72211,44.41599],[7.72169,44.41617],[7.7218,44.41627],[7.72203,44.41648],[7.72246,44.41688],[7.72263,44.41704],[7.72331,44.41766],[7.7234,44.41774],[7.72343,44.41777],[7.72381,44.41813],[7.72404,44.41826],[7.7242,44.41834],[7.72422,44.41835],[7.72434,44.41841],[7.72471,44.4186],[7.72474,44.41862],[7.72486,44.41868],[7.72515,44.41883],[7.72573,44.41913],[7.72556,44.41914],[7.72532,44.41916],[7.72494,44.41922],[7.72457,44.41954],[7.72436,44.41971],[7.72434,44.41974],[7.72419,44.41987],[7.72413,44.41991],[7.72408,44.41995],[7.72399,44.42001],[7.72389,44.42003],[7.72338,44.42016],[7.72335,44.42017],[7.7232,44.4202],[7.72269,44.42027],[7.72243,44.42031],[7.72203,44.42027],[7.72144,44.42021],[7.72093,44.42016],[7.71982,44.41968],[7.71966,44.41956],[7.71936,44.41929],[7.71925,44.41924],[7.71922,44.41923],[7.71913,44.41919],[7.71893,44.41911],[7.71884,44.41908],[7.71872,44.41903],[7.71836,44.41888],[7.71814,44.41875],[7.71795,44.41866],[7.71787,44.41861],[7.71762,44.41846],[7.71758,44.41845],[7.71738,44.41837],[7.7173,44.41835],[7.71725,44.41833],[7.71704,44.41826],[7.717,44.41825],[7.71685,44.41822],[7.71658,44.41818],[7.71634,44.41814],[7.71622,44.41809],[7.71617,44.41806],[7.7161,44.41802],[7.71602,44.41797],[7.71588,44.4179],[7.71574,44.41783],[7.71569,44.41781],[7.71566,44.41778],[7.71538,44.41751],[7.71528,44.41742],[7.71517,44.41733],[7.71505,44.41724],[7.71499,44.41719],[7.7149,44.41711],[7.71483,44.41705],[7.71452,44.41676],[7.71441,44.41642],[7.71439,44.41636],[7.71431,44.41615],[7.71426,44.41598],[7.71422,44.41588],[7.71421,44.41584],[7.71405,44.41579],[7.714,44.41578],[7.71387,44.41574],[7.71344,44.41562],[7.7134,44.4156],[7.71307,44.4155],[7.71299,44.41547],[7.71286,44.41542],[7.71269,44.41536],[7.71248,44.41528],[7.71238,44.41523],[7.71206,44.41506],[7.71187,44.4149],[7.7117,44.41476],[7.71154,44.41462],[7.71148,44.41455],[7.7113,44.41433],[7.71116,44.4143],[7.71098,44.41427],[7.71079,44.41412],[7.71073,44.41407],[7.7106,44.41395],[7.7105,44.41386],[7.71021,44.41359],[7.71007,44.41353],[7.70998,44.41346],[7.70995,44.41343],[7.7098,44.41324],[7.70966,44.41309],[7.70961,44.41302],[7.70954,44.41293],[7.70949,44.4129],[7.70944,44.41285],[7.70883,44.41244],[7.70869,44.41229],[7.70835,44.41196],[7.70817,44.41178],[7.70797,44.41159],[7.70765,44.41128],[7.70758,44.41121],[7.70661,44.41053],[7.70658,44.41049],[7.70633,44.41019],[7.70615,44.40999],[7.706,44.40984],[7.70562,44.40964],[7.70546,44.40955],[7.7053,44.40946],[7.70527,44.40944],[7.7052,44.4094],[7.70508,44.40934],[7.7047,44.40921],[7.70457,44.40916],[7.70451,44.40915],[7.70411,44.40905],[7.70398,44.40902],[7.70395,44.40902],[7.70386,44.40901],[7.70363,44.40899],[7.70356,44.40899],[7.7031,44.40911],[7.70302,44.40913],[7.70289,44.40917],[7.7027,44.40933],[7.70262,44.40939],[7.70246,44.40952],[7.70215,44.40957],[7.70197,44.40952],[7.70171,44.40929],[7.70165,44.40896],[7.7016,44.40872],[7.70158,44.40865],[7.70159,44.40845],[7.70159,44.40819],[7.7016,44.40805],[7.70161,44.40802],[7.70171,44.40772],[7.70179,44.40751],[7.70181,44.40749],[7.70195,44.40734],[7.70224,44.40706],[7.70226,44.40702],[7.7024,44.40676],[7.70235,44.40651],[7.70234,44.4065],[7.70212,44.40636],[7.70182,44.40617],[7.70166,44.40607],[7.70118,44.40608],[7.70056,44.40608],[7.70036,44.40614],[7.70008,44.40635],[7.70005,44.40635],[7.69986,44.40639],[7.69959,44.40649],[7.69928,44.4064],[7.69889,44.40629],[7.69851,44.40606],[7.69843,44.40601],[7.69797,44.40581],[7.69724,44.40549],[7.69681,44.40542],[7.6967,44.40546],[7.69639,44.40558],[7.69634,44.4056],[7.69601,44.40562],[7.69546,44.40553],[7.69544,44.40553],[7.69538,44.40549],[7.69531,44.40546],[7.69527,44.40543],[7.69522,44.40541],[7.6951,44.40529],[7.69505,44.40525],[7.69503,44.40515],[7.69498,44.40494],[7.69496,44.40477],[7.69496,44.40476],[7.69486,44.40411],[7.69463,44.40383],[7.69436,44.40358],[7.69413,44.40338],[7.69399,44.40329],[7.69375,44.40322],[7.69362,44.40321],[7.69358,44.40321],[7.69358,44.40321],[7.69348,44.40314],[7.69399,44.40281],[7.69406,44.40276],[7.69453,44.40246],[7.69456,44.40244],[7.69484,44.40225],[7.69522,44.40201],[7.69525,44.40199],[7.69557,44.40178],[7.6956,44.40177],[7.69556,44.40174],[7.69529,44.40157],[7.695,44.4014],[7.69497,44.40138],[7.69479,44.40128],[7.69472,44.40124],[7.69453,44.40112],[7.69427,44.40097],[7.69409,44.40087],[7.69396,44.40079],[7.69391,44.40077],[7.69388,44.40076],[7.69377,44.4007],[7.69373,44.40069],[7.69358,44.40064],[7.6935,44.40063],[7.69339,44.4006],[7.69317,44.40059],[7.69304,44.40058],[7.6929,44.40054],[7.69275,44.40052],[7.69264,44.40048],[7.69258,44.40046],[7.69238,44.40039],[7.69235,44.40038],[7.69229,44.40035],[7.69219,44.40031],[7.69216,44.40029],[7.69208,44.40024],[7.69194,44.40014],[7.69183,44.39993],[7.69171,44.39972],[7.69139,44.39951],[7.69131,44.39946],[7.69127,44.39944],[7.6912,44.39941],[7.69115,44.39939],[7.69106,44.39932],[7.69094,44.39923],[7.69092,44.3992],[7.69078,44.3991],[7.69069,44.39903],[7.69066,44.39901],[7.6906,44.39896],[7.69046,44.39889],[7.69037,44.39884],[7.6903,44.3988],[7.69027,44.39878],[7.69023,44.39876],[7.69018,44.39872],[7.69007,44.39865],[7.68985,44.3985],[7.68969,44.3984],[7.68957,44.39832],[7.68949,44.39827],[7.68946,44.39824],[7.6894,44.39817],[7.68931,44.39806],[7.68932,44.39804],[7.68933,44.39797],[7.68934,44.39795],[7.68936,44.39792],[7.68939,44.39786],[7.68941,44.39783],[7.68946,44.39775],[7.68958,44.39765],[7.68985,44.39755],[7.69005,44.39744],[7.69008,44.39742],[7.6901,44.39741],[7.6902,44.39734],[7.69028,44.39727],[7.69031,44.39725],[7.69038,44.39718],[7.69051,44.39713],[7.69069,44.39705],[7.69085,44.39701],[7.691,44.39697],[7.69113,44.39687],[7.69115,44.39685],[7.69121,44.39677],[7.69127,44.39668],[7.69138,44.39652],[7.69142,44.39645],[7.69152,44.39632],[7.69155,44.39628],[7.69162,44.39621],[7.69175,44.39612],[7.69196,44.39596],[7.69195,44.39594],[7.6919,44.39564],[7.69176,44.39489],[7.69174,44.39477],[7.69158,44.39393],[7.69147,44.39336],[7.69137,44.39282],[7.69129,44.39239],[7.6912,44.39194],[7.69113,44.39158],[7.69111,44.39148],[7.69108,44.39132],[7.69107,44.39127],[7.69125,44.39123],[7.69148,44.39117],[7.69165,44.39113],[7.69198,44.39106],[7.69209,44.39103],[7.69247,44.39093],[7.6926,44.3909],[7.69282,44.39085],[7.69298,44.39081],[7.69303,44.3908],[7.69346,44.39069],[7.69353,44.39067],[7.69361,44.39061],[7.69364,44.39058],[7.69373,44.39051],[7.69376,44.39047],[7.69382,44.39042],[7.69385,44.3904],[7.69393,44.39021],[7.694,44.39005],[7.69411,44.38995],[7.69418,44.38988],[7.69422,44.38983],[7.69425,44.38981],[7.69429,44.38975],[7.69433,44.3897],[7.69446,44.38954],[7.69448,44.38951],[7.69458,44.38939],[7.69468,44.38927],[7.69471,44.38925],[7.69486,44.38913],[7.69491,44.38909],[7.69497,44.38904],[7.69499,44.38902],[7.69501,44.389],[7.69509,44.38887],[7.69519,44.38882],[7.69529,44.38877],[7.69536,44.38874],[7.69545,44.38876],[7.6955,44.38877],[7.69566,44.38883],[7.69582,44.38886],[7.69589,44.38892],[7.69602,44.38899],[7.69605,44.38902],[7.69609,44.38905],[7.69627,44.38919],[7.69629,44.3892],[7.69642,44.38929],[7.69657,44.38938],[7.69667,44.38944],[7.6967,44.38945],[7.69681,44.38953],[7.69688,44.38967],[7.6969,44.3897],[7.69697,44.38983],[7.69701,44.38987],[7.69717,44.39001],[7.69736,44.39009],[7.69757,44.39018],[7.69764,44.39021],[7.69774,44.39026],[7.69778,44.39027],[7.69786,44.39038],[7.69788,44.39048],[7.69789,44.39057],[7.6979,44.39062],[7.69793,44.39077],[7.69794,44.39081],[7.69796,44.39094],[7.69796,44.39096],[7.69799,44.39104],[7.69801,44.3911],[7.69807,44.3913],[7.69814,44.39151],[7.69813,44.39158],[7.6981,44.39183],[7.69809,44.39188],[7.69807,44.39209],[7.69814,44.3923],[7.69814,44.39235],[7.69818,44.39254],[7.69821,44.39273],[7.69829,44.39283],[7.69832,44.39286],[7.69847,44.39304],[7.69852,44.39312],[7.69862,44.39329],[7.69871,44.39339],[7.69875,44.39341],[7.69883,44.39344],[7.69912,44.39354],[7.69921,44.39355],[7.69953,44.39359],[7.69976,44.39362],[7.69988,44.39363],[7.70024,44.39368],[7.70033,44.39369],[7.70068,44.39373],[7.70088,44.39376],[7.70098,44.39375],[7.70105,44.39374],[7.70145,44.39369],[7.70169,44.39367],[7.70176,44.39366],[7.70202,44.39365],[7.70206,44.39365],[7.70222,44.39365],[7.70241,44.39366],[7.7026,44.3937],[7.70281,44.39374],[7.70284,44.39374],[7.70297,44.39377],[7.70319,44.39382],[7.70325,44.39383],[7.70355,44.39387],[7.70358,44.39386],[7.70364,44.39386],[7.70411,44.39387],[7.70419,44.39386],[7.70461,44.39387],[7.70468,44.39387],[7.70486,44.39387],[7.70503,44.39386],[7.7051,44.39386],[7.70514,44.39386],[7.70538,44.39384],[7.70558,44.39382],[7.7056,44.39381],[7.70586,44.39377],[7.70605,44.39373],[7.70627,44.39366],[7.70633,44.39365],[7.70657,44.39357],[7.70677,44.39351],[7.70689,44.39347],[7.70706,44.39341],[7.70716,44.39339],[7.7075,44.39327],[7.70767,44.39322],[7.70789,44.39314],[7.70813,44.39307],[7.70818,44.39305],[7.70836,44.39297],[7.70847,44.39291],[7.70852,44.39289],[7.70873,44.39276],[7.70886,44.39268],[7.70898,44.39252],[7.70903,44.39231],[7.70906,44.39221],[7.70911,44.39201],[7.70912,44.39195],[7.70915,44.39184],[7.70919,44.39171],[7.70919,44.39168],[7.70918,44.39158],[7.70915,44.39152],[7.70915,44.3915],[7.70905,44.39135],[7.709,44.39127],[7.70899,44.39125],[7.70889,44.39114],[7.70888,44.39112],[7.70887,44.3911],[7.70883,44.39102],[7.70882,44.39099],[7.7088,44.39095],[7.70879,44.39089],[7.70881,44.39082],[7.70884,44.39072],[7.70883,44.39054],[7.70883,44.39042],[7.70884,44.39038],[7.70882,44.39021],[7.70882,44.39017],[7.70882,44.39014],[7.70883,44.39006],[7.70883,44.39003],[7.70887,44.38987],[7.70888,44.38983],[7.70892,44.38972],[7.70892,44.38967],[7.70896,44.38955],[7.70898,44.38947],[7.70899,44.38943],[7.70903,44.38933],[7.70903,44.38923],[7.70893,44.38915],[7.70881,44.38905],[7.70878,44.38903],[7.70856,44.38888],[7.70849,44.38882],[7.70838,44.38875],[7.70823,44.38865],[7.7082,44.3886],[7.70817,44.38849],[7.70816,44.38842],[7.70818,44.38835],[7.70823,44.38817],[7.70825,44.38809],[7.70833,44.38788],[7.70833,44.38783],[7.70833,44.38774],[7.70826,44.38763],[7.70818,44.38747],[7.70817,44.38746],[7.70816,44.38738],[7.7081,44.38723],[7.70805,44.38704],[7.70802,44.38695],[7.70801,44.38681],[7.708,44.38669],[7.70801,44.38665],[7.70804,44.38653],[7.70815,44.38643],[7.70836,44.38633],[7.70851,44.3862],[7.70854,44.38617],[7.70858,44.38611],[7.7086,44.38608],[7.70863,44.38601],[7.70868,44.38588],[7.70866,44.38572],[7.70867,44.38563],[7.70868,44.38557],[7.70868,44.38545],[7.70869,44.38528],[7.70866,44.38501],[7.70865,44.38484],[7.70865,44.38482],[7.70869,44.38467],[7.70873,44.38453],[7.70874,44.38451],[7.7088,44.38438],[7.70884,44.38431],[7.70887,44.38426],[7.70894,44.38418],[7.70898,44.38413],[7.70906,44.38404],[7.70912,44.38399],[7.70921,44.38391],[7.70925,44.38387],[7.70943,44.38372],[7.70974,44.38366],[7.70998,44.38368],[7.71017,44.38375],[7.71027,44.38378],[7.71053,44.38388],[7.71058,44.38391],[7.71067,44.38396],[7.71084,44.38404],[7.71089,44.38405],[7.71108,44.38409],[7.71132,44.38414],[7.7114,44.38415],[7.71163,44.38418],[7.71192,44.38417],[7.71201,44.38422],[7.71209,44.38434],[7.7121,44.38437],[7.71224,44.38448],[7.71231,44.38454],[7.71237,44.38459],[7.71266,44.38481],[7.7128,44.38491],[7.71287,44.38493],[7.71301,44.38498],[7.71305,44.38499],[7.71318,44.38505],[7.71327,44.38509],[7.7133,44.38512],[7.71342,44.38519],[7.71352,44.38526],[7.71361,44.38531],[7.71376,44.38544],[7.71389,44.38557],[7.7139,44.38559],[7.71404,44.38577],[7.71409,44.38585],[7.71422,44.386],[7.71424,44.38604],[7.7143,44.38616],[7.71431,44.38618],[7.71435,44.38648],[7.71445,44.38687],[7.71447,44.38692],[7.71453,44.38715],[7.71455,44.38722],[7.71461,44.38747],[7.71463,44.38753],[7.71466,44.38768],[7.71467,44.38776],[7.71473,44.38789],[7.71481,44.3881],[7.7149,44.38821],[7.71494,44.38823],[7.71496,44.38825],[7.71508,44.38833],[7.71525,44.38845],[7.71534,44.38851],[7.71537,44.38853],[7.71556,44.38865],[7.71563,44.3887],[7.71566,44.38872],[7.71584,44.38886],[7.71592,44.38896],[7.71599,44.38915],[7.71606,44.38932],[7.71603,44.38938],[7.71586,44.38978],[7.71585,44.38981],[7.71578,44.38988],[7.71567,44.39],[7.71558,44.39005],[7.71543,44.39013],[7.71511,44.3903],[7.7149,44.39042],[7.71476,44.39055],[7.71471,44.39073],[7.71471,44.39075],[7.71472,44.39079],[7.71475,44.39087],[7.71489,44.3911],[7.71491,44.39112],[7.71499,44.39133],[7.715,44.39135],[7.71507,44.39162],[7.71507,44.39164],[7.71515,44.39182],[7.71532,44.39218],[7.7154,44.39229],[7.71555,44.39248],[7.71557,44.39251],[7.71582,44.39272],[7.71603,44.39289],[7.71613,44.39296],[7.71615,44.39298],[7.7164,44.39316],[7.71643,44.39319],[7.71663,44.39337],[7.71665,44.39339],[7.71685,44.39354],[7.71687,44.39355],[7.71697,44.39365],[7.717,44.39368],[7.71711,44.39385],[7.71712,44.39387],[7.71722,44.39411],[7.71738,44.39436],[7.7176,44.39452],[7.71764,44.39455],[7.71788,44.39473],[7.71791,44.39474],[7.71824,44.39493],[7.7186,44.39506],[7.71894,44.39513],[7.71905,44.39519],[7.71905,44.39537],[7.71915,44.39553],[7.71922,44.39563],[7.71924,44.39565],[7.71928,44.39572],[7.71939,44.39589],[7.71942,44.39595],[7.71953,44.39612],[7.71985,44.39632],[7.72011,44.39643],[7.72015,44.39645],[7.72027,44.39651],[7.72044,44.39668],[7.72051,44.39695],[7.72053,44.39703],[7.72061,44.39717],[7.72069,44.39727],[7.72083,44.39738],[7.72086,44.39741],[7.72104,44.39754],[7.72123,44.3976],[7.72127,44.39762],[7.72143,44.39766],[7.72162,44.39774],[7.72176,44.39787],[7.72183,44.39811],[7.72183,44.39814],[7.72184,44.39822],[7.72184,44.39826],[7.72183,44.39841],[7.72182,44.39847],[7.7218,44.39861],[7.72178,44.39872],[7.72175,44.39891],[7.7217,44.39914],[7.72169,44.39939],[7.72169,44.39954],[7.7217,44.39974],[7.7217,44.39988],[7.72172,44.40007],[7.72172,44.40017],[7.72173,44.4003],[7.72174,44.40034],[7.72175,44.40052],[7.72177,44.40074],[7.72178,44.40078],[7.7218,44.40084],[7.7218,44.40089],[7.72191,44.40128],[7.72196,44.40144],[7.72208,44.40157],[7.7223,44.40169],[7.72233,44.4017],[7.72253,44.40177],[7.72269,44.4018],[7.72289,44.40178],[7.72295,44.40175],[7.72301,44.40173],[7.72313,44.40168],[7.72359,44.40149],[7.72379,44.4014],[7.72403,44.40131],[7.72437,44.40116],[7.72445,44.40113],[7.72471,44.40101],[7.72484,44.40096],[7.72524,44.40078],[7.72548,44.40067],[7.72568,44.40058],[7.72574,44.40055],[7.7258,44.40052],[7.72603,44.40041],[7.72615,44.40035],[7.72638,44.40026],[7.72658,44.40018],[7.72665,44.40016],[7.72669,44.40015],[7.72673,44.40013],[7.72682,44.40011],[7.7271,44.40004],[7.72716,44.40002],[7.72719,44.40001],[7.72782,44.39975],[7.7279,44.39973],[7.72813,44.39962],[7.72821,44.39959],[7.72833,44.39953],[7.7286,44.39938],[7.72869,44.39933],[7.72874,44.39931],[7.7289,44.39921],[7.72917,44.39906],[7.72952,44.39885],[7.7296,44.39881],[7.7301,44.39853],[7.73052,44.39829],[7.73067,44.3982],[7.73107,44.39798],[7.73117,44.39793],[7.7317,44.39764],[7.73172,44.39762],[7.73219,44.39735],[7.7323,44.39728],[7.73278,44.397],[7.73293,44.39691],[7.73348,44.39659],[7.73364,44.39651],[7.73396,44.39633],[7.73417,44.39621],[7.73461,44.39598],[7.73495,44.39579],[7.735,44.39577],[7.73532,44.39562],[7.73538,44.39559],[7.73546,44.39555],[7.73553,44.3955],[7.73577,44.39538],[7.73598,44.39526],[7.73603,44.39523],[7.73607,44.39521],[7.73631,44.39508],[7.73639,44.39505],[7.73655,44.39498],[7.73703,44.39478],[7.73705,44.39478],[7.73716,44.39471],[7.73721,44.39468],[7.73733,44.39459],[7.73735,44.39457],[7.73753,44.39442],[7.73756,44.39439],[7.73763,44.39433],[7.7377,44.39426],[7.73776,44.3942],[7.73803,44.39391],[7.7384,44.39352],[7.73843,44.39349],[7.73859,44.39333],[7.73864,44.39328],[7.73868,44.39323],[7.73884,44.3931],[7.73886,44.39309],[7.73895,44.39302],[7.73907,44.39293],[7.7393,44.39276],[7.73942,44.39267],[7.73952,44.3926],[7.73969,44.39248],[7.73989,44.39246],[7.73992,44.39246],[7.74012,44.39251],[7.7403,44.39255],[7.74035,44.39257],[7.74036,44.3926],[7.74036,44.39263],[7.74036,44.39266],[7.74038,44.39276],[7.74049,44.3929],[7.74053,44.39294],[7.7407,44.39321],[7.74072,44.39324],[7.74082,44.39332],[7.74107,44.3935],[7.74111,44.39352],[7.74127,44.3936],[7.74147,44.39369],[7.74159,44.39375],[7.74177,44.39388],[7.74188,44.39396],[7.74183,44.39423],[7.74177,44.39456],[7.74183,44.39466],[7.74203,44.39488],[7.74224,44.39501],[7.74246,44.39515],[7.74259,44.39527],[7.74282,44.39547],[7.74287,44.39551],[7.74297,44.3956],[7.74302,44.39564],[7.74304,44.39565],[7.74316,44.39574],[7.74318,44.39577],[7.7432,44.3958],[7.74321,44.39582],[7.74326,44.39589],[7.74327,44.39591],[7.7433,44.39595],[7.74332,44.39598],[7.7435,44.39625],[7.74367,44.39649],[7.7438,44.39662],[7.74393,44.39675],[7.74409,44.39679],[7.74433,44.39685],[7.74468,44.39696],[7.74507,44.39709],[7.74513,44.39705],[7.74523,44.39697],[7.74531,44.39691],[7.74539,44.39686],[7.74546,44.39681],[7.74551,44.39677],[7.74563,44.39669],[7.74578,44.39659],[7.74591,44.3965],[7.74602,44.39641],[7.74622,44.39626],[7.74649,44.39605],[7.74653,44.39595],[7.74657,44.39588],[7.74667,44.39576],[7.74672,44.3957],[7.74685,44.3956],[7.74694,44.39552],[7.74705,44.39541],[7.74719,44.39531],[7.74741,44.39543],[7.74744,44.39544],[7.74756,44.39552],[7.74765,44.39558],[7.74772,44.39562],[7.74786,44.3957],[7.74801,44.39577],[7.74803,44.39578],[7.74823,44.39578],[7.74853,44.39579],[7.7487,44.39579],[7.74907,44.3958],[7.74913,44.3958],[7.74926,44.3958],[7.74969,44.39581],[7.74981,44.39581],[7.75015,44.39581],[7.75024,44.39581],[7.75054,44.39581],[7.7506,44.39581],[7.75068,44.39581],[7.7507,44.39579],[7.75075,44.39573],[7.75078,44.39571],[7.75091,44.39556],[7.75098,44.3955],[7.75102,44.39544],[7.75104,44.39542],[7.75111,44.39534],[7.75117,44.39529],[7.7512,44.39525],[7.75128,44.39516],[7.75136,44.39508],[7.75154,44.39487],[7.75163,44.39476],[7.7517,44.3947],[7.75174,44.39466],[7.75191,44.39445],[7.75193,44.39444],[7.75203,44.39432],[7.75216,44.39419],[7.75223,44.39411],[7.7524,44.39393],[7.75245,44.39387],[7.75249,44.39383],[7.75265,44.39365],[7.75284,44.39345],[7.75286,44.39343],[7.75287,44.39341],[7.75288,44.39329],[7.7529,44.39318],[7.75291,44.39312],[7.75296,44.39293],[7.75296,44.39288],[7.75301,44.39267],[7.75304,44.39256],[7.75304,44.39252],[7.75309,44.3923],[7.7531,44.39225],[7.75315,44.392],[7.75317,44.39194],[7.75318,44.39192],[7.7532,44.39181],[7.75323,44.39165],[7.75325,44.39156],[7.7533,44.39135],[7.75331,44.39131],[7.75335,44.39118],[7.75335,44.39111],[7.75337,44.39097],[7.75335,44.39076],[7.75335,44.39071],[7.75334,44.39052],[7.75345,44.3905],[7.75349,44.3905],[7.75353,44.39049],[7.75387,44.39044],[7.75398,44.39043],[7.75415,44.3904],[7.75498,44.39029],[7.75508,44.39027],[7.75523,44.39025],[7.75539,44.39021],[7.75548,44.39019],[7.75555,44.39017],[7.75557,44.39016],[7.7558,44.39007],[7.75589,44.39004],[7.75618,44.38993],[7.75625,44.3899],[7.75631,44.38988],[7.75646,44.38984],[7.7565,44.38983],[7.75653,44.38983],[7.75658,44.38981],[7.75676,44.38977],[7.75687,44.38975],[7.75698,44.38973],[7.75713,44.38971],[7.75728,44.38969],[7.75756,44.38966],[7.75764,44.38965],[7.75768,44.38964],[7.75773,44.38963],[7.75788,44.3896],[7.75801,44.38957],[7.75831,44.38951],[7.75836,44.3895],[7.75854,44.38949],[7.75863,44.38948],[7.75898,44.38944],[7.75939,44.38948],[7.75948,44.38948],[7.75978,44.3895],[7.75994,44.38955],[7.76019,44.38961],[7.76034,44.38966],[7.76043,44.38968],[7.76054,44.38972],[7.76058,44.38973],[7.76079,44.38978],[7.76083,44.38979],[7.7609,44.38981],[7.76095,44.38983],[7.76099,44.38985],[7.76129,44.38995],[7.76165,44.39008],[7.76212,44.39024],[7.7624,44.39015],[7.76249,44.39013],[7.76262,44.39008],[7.7627,44.39006],[7.76284,44.39001],[7.76289,44.39],[7.76294,44.38998],[7.76318,44.38991],[7.76331,44.38987],[7.76364,44.38976],[7.76371,44.38974],[7.76376,44.38973],[7.7638,44.38972],[7.76383,44.3897],[7.76388,44.38969],[7.764,44.38965],[7.76413,44.38961],[7.76428,44.38941],[7.76433,44.38936],[7.76448,44.38918],[7.76458,44.38906],[7.76475,44.38886],[7.76489,44.38868],[7.76504,44.38851],[7.76513,44.3884],[7.76522,44.3883],[7.76527,44.38824],[7.76541,44.38807],[7.76543,44.38806],[7.76556,44.38791],[7.76556,44.38789],[7.76556,44.38786],[7.76555,44.38783],[7.76556,44.38778],[7.76557,44.38776],[7.76559,44.38768],[7.76561,44.3876],[7.76562,44.38754],[7.76565,44.38744],[7.76566,44.38739],[7.76568,44.38732],[7.76571,44.38717],[7.76572,44.38714],[7.76574,44.38711],[7.76574,44.38709],[7.76575,44.38701],[7.76573,44.38696],[7.76573,44.38693],[7.76574,44.3869],[7.76575,44.38688],[7.76575,44.3868],[7.76574,44.38674],[7.76574,44.38671],[7.76577,44.3866],[7.76577,44.38649],[7.76578,44.38647],[7.76581,44.38639],[7.76582,44.38636],[7.76584,44.38631],[7.76585,44.38627],[7.76588,44.38617],[7.76592,44.38606],[7.76593,44.38604],[7.76593,44.38601],[7.76594,44.38599],[7.76595,44.38593],[7.76595,44.3859],[7.76596,44.38581],[7.76596,44.38577],[7.76599,44.38573],[7.76598,44.38565],[7.76599,44.38561],[7.76602,44.38555],[7.76601,44.38544],[7.76603,44.38538],[7.76605,44.3853],[7.76606,44.38524],[7.76607,44.38519],[7.76607,44.38517],[7.76607,44.38514],[7.7661,44.385],[7.7661,44.38498],[7.76612,44.38494],[7.76613,44.38491],[7.76615,44.38489],[7.76615,44.38485],[7.76615,44.3848],[7.76616,44.38476],[7.76616,44.38473],[7.76616,44.38471],[7.76618,44.38465],[7.76619,44.38461],[7.76619,44.38456],[7.7662,44.38454],[7.7662,44.38453],[7.76621,44.38451],[7.76622,44.38441],[7.76624,44.38431],[7.76621,44.38428],[7.76618,44.38428],[7.76611,44.38427],[7.76608,44.38426],[7.76605,44.38425],[7.76603,44.38423],[7.76601,44.38422],[7.76598,44.3842],[7.76596,44.38415],[7.76596,44.38413],[7.76597,44.3841],[7.76604,44.38402],[7.76613,44.38395],[7.76617,44.38391],[7.7662,44.38389],[7.76625,44.38385],[7.76628,44.38383],[7.7663,44.38381],[7.76632,44.38379],[7.76634,44.38376],[7.76638,44.38372],[7.76641,44.38368],[7.76644,44.38364],[7.76646,44.38362],[7.76648,44.38359],[7.76653,44.3835],[7.76656,44.38345],[7.76666,44.3833],[7.76667,44.38325],[7.76669,44.38308],[7.76672,44.38302],[7.76671,44.38298],[7.76669,44.38296],[7.76665,44.38293],[7.76666,44.3829],[7.76667,44.38284],[7.76668,44.3828],[7.76673,44.38274],[7.76678,44.38268],[7.7668,44.38265],[7.76681,44.38262],[7.76685,44.38259],[7.76689,44.38258],[7.76698,44.38253],[7.76701,44.38251],[7.76718,44.38245],[7.76726,44.38241],[7.76734,44.38236],[7.76742,44.38232],[7.76748,44.38229],[7.76764,44.38218],[7.76771,44.38214],[7.76779,44.3821],[7.76783,44.38208],[7.76784,44.38205],[7.76787,44.38195],[7.76784,44.38189],[7.76784,44.38184],[7.76782,44.38182],[7.76781,44.38179],[7.76781,44.38175],[7.76782,44.38169],[7.76784,44.38164],[7.76783,44.3816],[7.76784,44.38155],[7.76784,44.3815],[7.76783,44.38148],[7.76783,44.38146],[7.76782,44.38141],[7.76784,44.38127],[7.76783,44.38124],[7.76782,44.38122],[7.76783,44.38118],[7.76783,44.38115],[7.76784,44.38113],[7.76791,44.38107],[7.76795,44.38104],[7.76798,44.38102],[7.76801,44.381],[7.76804,44.38098],[7.76807,44.38095],[7.76814,44.38088],[7.76816,44.38083],[7.7682,44.3808],[7.7682,44.38076],[7.76821,44.38073],[7.7682,44.38067],[7.7682,44.38065],[7.7682,44.3806],[7.76823,44.38052],[7.76821,44.38046],[7.76823,44.38042],[7.76823,44.38039],[7.76823,44.38035],[7.76823,44.38033],[7.76823,44.3803],[7.76823,44.38026],[7.76823,44.38024],[7.76822,44.38019],[7.7682,44.38014],[7.76819,44.3801],[7.7682,44.38004],[7.76822,44.37998],[7.76825,44.37996],[7.76828,44.37994],[7.76832,44.37991],[7.76831,44.37987],[7.76853,44.37982],[7.76859,44.37981],[7.76874,44.37977],[7.76878,44.37977],[7.76886,44.37974],[7.76888,44.37974],[7.76895,44.37972],[7.76905,44.37971],[7.7691,44.37968],[7.76916,44.37968],[7.7692,44.37964],[7.7693,44.37961],[7.76938,44.37958],[7.76941,44.37956],[7.76943,44.37953],[7.76947,44.37948],[7.76948,44.37945],[7.76951,44.37942],[7.76957,44.37941],[7.76965,44.37938],[7.76977,44.37939],[7.76989,44.37938],[7.76993,44.37938],[7.77016,44.37936],[7.77035,44.37935],[7.77045,44.37934],[7.77074,44.37932],[7.77083,44.37931],[7.77109,44.37928],[7.77124,44.37927],[7.77163,44.37925],[7.77178,44.37924],[7.77191,44.37923],[7.77201,44.37922],[7.77208,44.37922],[7.77223,44.37921],[7.77239,44.37922],[7.77246,44.37921],[7.7725,44.37922],[7.77256,44.37922],[7.7727,44.37923],[7.77281,44.37924],[7.77292,44.37925],[7.77297,44.37925],[7.77302,44.37925],[7.77311,44.37924],[7.77328,44.37923],[7.77328,44.37916],[7.77329,44.37911],[7.77333,44.37897],[7.77334,44.37893],[7.77335,44.37885],[7.77339,44.37867],[7.77339,44.37862],[7.77336,44.37842],[7.77335,44.37838],[7.77332,44.3783],[7.77329,44.37822],[7.77327,44.37818],[7.77323,44.37808],[7.7732,44.37803],[7.77315,44.37793],[7.77313,44.37788],[7.77311,44.37784],[7.77312,44.37782],[7.77312,44.37779],[7.77312,44.37775],[7.77311,44.37762],[7.77312,44.3776],[7.77312,44.37758],[7.77315,44.37754],[7.7732,44.37735],[7.77321,44.37733],[7.77324,44.37723],[7.77326,44.3772],[7.77331,44.37708],[7.7734,44.37686],[7.77342,44.37685],[7.77359,44.37662],[7.77361,44.37656],[7.77364,44.3765],[7.77367,44.37642],[7.77372,44.37631],[7.77373,44.37628],[7.77374,44.37624],[7.77376,44.37615],[7.7738,44.37605],[7.77382,44.37595],[7.77385,44.37584],[7.77386,44.37581],[7.77387,44.37576],[7.77389,44.37562],[7.7739,44.37555],[7.77391,44.37546],[7.77391,44.37541],[7.77392,44.37533],[7.77392,44.37531],[7.77395,44.37517],[7.77396,44.3751],[7.77398,44.37504],[7.77378,44.3749],[7.77373,44.37488],[7.77361,44.37479],[7.77347,44.3747],[7.77344,44.37468],[7.77344,44.37463],[7.77344,44.37455],[7.77346,44.37448],[7.77349,44.37433],[7.77353,44.37418],[7.77354,44.374],[7.77355,44.37397],[7.77356,44.37382],[7.77357,44.37368],[7.77357,44.37363],[7.77357,44.37354],[7.77357,44.37333],[7.77353,44.37325],[7.77352,44.37323],[7.77351,44.37319],[7.77344,44.37294],[7.77343,44.37288],[7.77338,44.37272],[7.77337,44.37265],[7.77335,44.37252],[7.77331,44.37242],[7.77328,44.37221],[7.77324,44.37208],[7.7732,44.37185],[7.77319,44.37182],[7.77315,44.37161],[7.77314,44.37158],[7.77312,44.37151],[7.77312,44.37136],[7.77313,44.37132],[7.77312,44.3713],[7.77314,44.371],[7.77314,44.37089],[7.77315,44.37066],[7.77316,44.37043],[7.77317,44.3703],[7.77316,44.3701],[7.77317,44.36982],[7.77317,44.36974],[7.77317,44.36958],[7.77316,44.36945],[7.77334,44.36945],[7.77337,44.36944],[7.7735,44.36943],[7.77365,44.36942],[7.77395,44.3694],[7.77409,44.3694],[7.77421,44.36938],[7.77437,44.36938],[7.77449,44.36937],[7.77463,44.36936],[7.77475,44.36935],[7.77488,44.36933],[7.77502,44.36932],[7.77507,44.36932],[7.77513,44.36932],[7.77521,44.36933],[7.77524,44.36933],[7.77533,44.36932],[7.7754,44.36932],[7.77557,44.36932],[7.77584,44.36932],[7.77589,44.36931],[7.77603,44.36931],[7.77632,44.3693],[7.77654,44.36929],[7.77681,44.36927],[7.77687,44.36926],[7.77688,44.36921],[7.77687,44.36914],[7.77685,44.36884],[7.77685,44.36879],[7.77683,44.36853],[7.77682,44.36834],[7.77681,44.36817],[7.77681,44.36811],[7.77681,44.36803],[7.77716,44.36801],[7.77723,44.36801],[7.77727,44.36801],[7.77736,44.36799],[7.77739,44.36799],[7.77747,44.36796],[7.77755,44.36794],[7.77772,44.36786],[7.77775,44.36785],[7.77797,44.36773],[7.7781,44.36767],[7.77817,44.36763],[7.77835,44.36753],[7.77838,44.36751],[7.7787,44.36733],[7.77892,44.3672],[7.77925,44.36721],[7.7793,44.36721],[7.77966,44.36723],[7.77976,44.36724],[7.77991,44.36722],[7.78007,44.36719],[7.78019,44.36718],[7.78039,44.36715],[7.78043,44.36714],[7.78058,44.36712],[7.78094,44.36712],[7.78135,44.36701],[7.78152,44.36696],[7.78203,44.36682],[7.78237,44.36667],[7.78242,44.36664],[7.78261,44.36657],[7.78283,44.36647],[7.7833,44.36628],[7.78332,44.36628],[7.78337,44.36627],[7.78368,44.36623],[7.78375,44.36622],[7.78431,44.36614],[7.78468,44.36608],[7.7848,44.36606],[7.7849,44.36605],[7.78499,44.36604],[7.78489,44.36594],[7.78487,44.36587],[7.78486,44.36584],[7.78486,44.36581],[7.78486,44.36577],[7.78486,44.36562],[7.78487,44.36555],[7.78488,44.36548],[7.78489,44.36535],[7.7849,44.36522],[7.78491,44.36511],[7.78483,44.36499],[7.78482,44.36497],[7.7848,44.36494],[7.78475,44.36481],[7.7847,44.36468],[7.78467,44.36463],[7.78458,44.36448],[7.78452,44.36443],[7.78449,44.36441],[7.78435,44.36428],[7.78432,44.3642],[7.7842,44.36413],[7.78426,44.36405],[7.78419,44.36398],[7.78421,44.36393],[7.78432,44.3639],[7.78431,44.36377],[7.78436,44.36366],[7.78432,44.36358],[7.78436,44.3635],[7.78433,44.3634],[7.78437,44.36337],[7.78436,44.36331],[7.78434,44.36325],[7.78441,44.36316],[7.78441,44.36313],[7.7844,44.36298],[7.78438,44.36295],[7.78434,44.36287],[7.78432,44.36284],[7.78424,44.36273],[7.78412,44.36252],[7.78411,44.36249],[7.78402,44.36233],[7.78401,44.3623],[7.784,44.36221],[7.78398,44.36214],[7.78397,44.36197],[7.78397,44.36189],[7.78396,44.36185],[7.78394,44.36175],[7.78392,44.36167],[7.78384,44.36139],[7.78375,44.36118],[7.78374,44.36116],[7.78366,44.361],[7.78364,44.36094],[7.78347,44.36062],[7.78346,44.36059],[7.78335,44.3604],[7.78327,44.36024],[7.78325,44.3602],[7.78322,44.36014],[7.78326,44.36012],[7.78329,44.36009],[7.78337,44.3601],[7.78348,44.36003],[7.78364,44.35993],[7.78369,44.35991],[7.78373,44.35987],[7.78397,44.35982],[7.784,44.35977],[7.78409,44.35973],[7.78437,44.3596],[7.78449,44.35955],[7.78495,44.35936],[7.78493,44.35929],[7.78479,44.35891],[7.78478,44.35888],[7.78468,44.35858],[7.7846,44.35837],[7.78457,44.35829],[7.78452,44.35815],[7.78451,44.35813],[7.78448,44.35801],[7.78447,44.35797],[7.78447,44.35794],[7.78447,44.35789],[7.78448,44.35782],[7.78454,44.35776],[7.78462,44.35768],[7.78469,44.35761],[7.78472,44.35756],[7.78473,44.35754],[7.78476,44.35744],[7.78481,44.35731],[7.78487,44.35728],[7.78499,44.35723],[7.78503,44.35721],[7.78517,44.35727],[7.78519,44.35727],[7.78529,44.35727],[7.78532,44.35727],[7.7854,44.35725],[7.78557,44.3572],[7.78567,44.35715],[7.78575,44.35711],[7.78586,44.35705],[7.78594,44.357],[7.78611,44.3569],[7.78639,44.35673],[7.78644,44.3567],[7.78665,44.35658],[7.78676,44.35651],[7.78682,44.35648],[7.78701,44.35637],[7.7872,44.35625],[7.78723,44.35624],[7.78729,44.35617],[7.78732,44.35614],[7.7874,44.35608],[7.78743,44.35604],[7.78746,44.35602],[7.78747,44.35601],[7.78751,44.35597],[7.78755,44.35592],[7.78757,44.35589],[7.78759,44.35586],[7.7876,44.35582],[7.78762,44.35578],[7.78764,44.35573],[7.78771,44.35561],[7.78774,44.35559],[7.78783,44.35551],[7.7879,44.35547],[7.78793,44.35545],[7.78801,44.35541],[7.78811,44.35535],[7.7883,44.35524],[7.78841,44.35521],[7.78862,44.35513],[7.78888,44.35503],[7.7889,44.35506],[7.78898,44.35515],[7.78911,44.35529],[7.78915,44.35532],[7.78919,44.35537],[7.78939,44.35525],[7.78952,44.35517],[7.78971,44.35506],[7.78979,44.35501],[7.78995,44.35492],[7.79018,44.35478],[7.79049,44.35458],[7.79042,44.35452],[7.7903,44.3544],[7.79025,44.35435],[7.79013,44.35422],[7.78999,44.35408],[7.78975,44.35385],[7.78972,44.35381],[7.78961,44.35372],[7.78956,44.35366],[7.78954,44.35363],[7.78946,44.35355],[7.78961,44.3535],[7.78974,44.3535],[7.7899,44.35346],[7.78991,44.35345],[7.78994,44.35344],[7.79006,44.35341],[7.79018,44.35337],[7.79024,44.35337],[7.79032,44.35334],[7.79037,44.35331],[7.79051,44.35325],[7.79062,44.35324],[7.79072,44.35321],[7.79091,44.35314],[7.79096,44.35311],[7.79091,44.35304],[7.79085,44.35295],[7.79082,44.35293],[7.79077,44.35287],[7.79069,44.35278],[7.79062,44.35271],[7.79056,44.35266],[7.79047,44.35259],[7.79043,44.35257],[7.79022,44.3525],[7.79019,44.35248],[7.79005,44.35242],[7.79002,44.35239],[7.79001,44.35236],[7.79006,44.35229],[7.79007,44.35227],[7.79019,44.35216],[7.79029,44.35203],[7.79043,44.35192],[7.79052,44.35188],[7.79071,44.3518],[7.7909,44.35167],[7.79103,44.35158],[7.79113,44.35152],[7.79121,44.35147],[7.79126,44.35144],[7.79132,44.35141],[7.79156,44.35128],[7.79177,44.35117],[7.7918,44.35115],[7.79183,44.35114],[7.79196,44.3511],[7.79211,44.35105],[7.79249,44.35093],[7.79269,44.35086],[7.79272,44.35088],[7.79291,44.35102],[7.79318,44.35118],[7.79343,44.35128],[7.7935,44.35131],[7.794,44.35153],[7.79429,44.35166],[7.79431,44.35168],[7.79467,44.35189],[7.79513,44.35219],[7.79563,44.35225],[7.79592,44.35234],[7.79625,44.35245],[7.79626,44.35247],[7.79642,44.35268],[7.79643,44.3527],[7.79645,44.35273],[7.79658,44.35292],[7.79668,44.35307],[7.7968,44.35316],[7.79683,44.35318],[7.79699,44.35332],[7.79711,44.35342],[7.79725,44.35354],[7.79731,44.35359],[7.79736,44.35363],[7.79739,44.35365],[7.79744,44.35368],[7.79762,44.35381],[7.79774,44.35389],[7.79776,44.35391],[7.7978,44.35392],[7.79815,44.35403],[7.7982,44.35405],[7.79858,44.35412],[7.7988,44.35415],[7.79918,44.35434],[7.79965,44.35443],[7.79978,44.35445],[7.80013,44.35451],[7.80017,44.35452],[7.80043,44.35457],[7.80071,44.35469],[7.80076,44.35471],[7.80084,44.35474],[7.80123,44.35484],[7.80145,44.3549],[7.80148,44.35491],[7.80163,44.35497],[7.80209,44.35514],[7.80226,44.35528],[7.8024,44.3554],[7.80251,44.35559],[7.80253,44.35562],[7.80258,44.35573],[7.80262,44.35583],[7.80263,44.35585],[7.80281,44.35621],[7.80293,44.35645],[7.80303,44.35674],[7.80306,44.35687],[7.80312,44.35712],[7.8033,44.35722],[7.80339,44.35727],[7.80341,44.35731],[7.80348,44.35742],[7.80365,44.3577],[7.80397,44.35808],[7.80398,44.35809],[7.80404,44.35823],[7.80407,44.35833],[7.80423,44.35855],[7.80428,44.35864],[7.80431,44.35867],[7.80436,44.35879],[7.8044,44.35887],[7.80441,44.35889],[7.80452,44.35911],[7.80464,44.3593],[7.80465,44.35931],[7.80486,44.35951],[7.80491,44.35961],[7.80492,44.35963],[7.80496,44.35973],[7.80501,44.35985],[7.80502,44.35987],[7.80503,44.3599],[7.80506,44.36017],[7.80553,44.36093],[7.80559,44.36098],[7.80569,44.36107],[7.80585,44.36124],[7.80596,44.36128],[7.80631,44.36142],[7.80644,44.3615],[7.80653,44.36157],[7.80663,44.36165],[7.8068,44.36179],[7.80725,44.36197],[7.8078,44.36261],[7.8079,44.36257],[7.80815,44.3625],[7.80831,44.36245],[7.80846,44.36239],[7.80871,44.36231],[7.80875,44.3623],[7.80885,44.36227],[7.80889,44.36225],[7.80914,44.36217],[7.8092,44.36216],[7.80956,44.36204],[7.80977,44.36197],[7.80985,44.36195],[7.81006,44.36188],[7.81013,44.36186],[7.81016,44.36185],[7.81022,44.36183],[7.81026,44.36181],[7.81037,44.36176],[7.81051,44.3617],[7.81072,44.36162],[7.81074,44.36161],[7.81077,44.36161],[7.81087,44.3616],[7.8109,44.3616],[7.81099,44.36159],[7.81105,44.36158],[7.81114,44.36158],[7.81117,44.36158],[7.81122,44.36157],[7.81149,44.36156],[7.8118,44.36146],[7.81199,44.36136],[7.81202,44.36135],[7.81218,44.36128],[7.81226,44.36124],[7.81239,44.36118],[7.81248,44.36115],[7.81252,44.36113],[7.81261,44.3611],[7.81275,44.36104],[7.81281,44.36102],[7.81301,44.36093],[7.81305,44.36091],[7.81331,44.36081],[7.81347,44.36081],[7.81367,44.36081],[7.81395,44.36081],[7.81421,44.36081],[7.81427,44.36081],[7.81437,44.36081],[7.81486,44.3608],[7.8149,44.3608],[7.81505,44.3608],[7.8151,44.3608],[7.81515,44.3608],[7.81522,44.36076],[7.81524,44.36075],[7.81536,44.36071],[7.81543,44.36069],[7.81546,44.36065],[7.81548,44.36064],[7.81571,44.36053],[7.81582,44.36049],[7.81584,44.36047],[7.81586,44.36044],[7.81591,44.3604],[7.81596,44.36038],[7.81598,44.36036],[7.81609,44.36031],[7.81618,44.3603],[7.81634,44.3603],[7.81657,44.36028],[7.81679,44.36026],[7.81711,44.36024],[7.81758,44.36021],[7.81776,44.3602],[7.81811,44.36018],[7.81815,44.36015],[7.81831,44.36002],[7.81831,44.36002],[7.81844,44.35993],[7.81847,44.35991],[7.81854,44.35985],[7.81856,44.35983],[7.81872,44.35971],[7.81875,44.35968],[7.8188,44.35965],[7.81879,44.35964],[7.81881,44.35963],[7.81881,44.35962],[7.81902,44.35946],[7.81909,44.35941],[7.81914,44.35937],[7.81919,44.35933],[7.81926,44.35927],[7.81945,44.35912],[7.81951,44.35907],[7.81957,44.35903],[7.81958,44.35901],[7.81972,44.3589],[7.81976,44.35887],[7.8198,44.35884],[7.81988,44.35877],[7.81996,44.35871],[7.82018,44.35855],[7.82021,44.35852],[7.82024,44.3585],[7.82034,44.35841],[7.82038,44.35839],[7.82048,44.35831],[7.82051,44.35828],[7.82057,44.35829],[7.82058,44.35833],[7.82065,44.35849],[7.82067,44.35855],[7.82073,44.35863],[7.82084,44.35877],[7.82101,44.35902],[7.82108,44.35918],[7.82114,44.35939],[7.82117,44.3595],[7.82121,44.3596],[7.82123,44.35971],[7.82127,44.35982],[7.82131,44.35995],[7.82132,44.35998],[7.82135,44.36012],[7.82139,44.36031],[7.82189,44.36027],[7.82197,44.36026],[7.82219,44.36025],[7.82223,44.36024],[7.82228,44.36024],[7.8225,44.36022],[7.82286,44.36019],[7.8229,44.36018],[7.82307,44.36017],[7.8231,44.36017],[7.82313,44.36017],[7.82324,44.36016],[7.82332,44.36016],[7.82352,44.36017],[7.82373,44.36018],[7.82374,44.36014],[7.82374,44.36012],[7.82373,44.36005],[7.8237,44.35994],[7.82369,44.35984],[7.82368,44.35971],[7.8237,44.35957],[7.8237,44.35955],[7.82373,44.35945],[7.82374,44.35943],[7.82375,44.35937],[7.82375,44.35928],[7.82374,44.35926],[7.82372,44.35918],[7.82372,44.35916],[7.82371,44.35911],[7.8237,44.35907],[7.82371,44.35903],[7.82371,44.35898],[7.82377,44.35884],[7.8239,44.35887],[7.82395,44.35888],[7.82399,44.35889],[7.82408,44.35891],[7.82411,44.35891],[7.82426,44.35892],[7.8243,44.35893],[7.82435,44.35893],[7.82448,44.35894],[7.8247,44.35899],[7.82478,44.35901],[7.82495,44.35905],[7.82515,44.35909],[7.82528,44.35913],[7.82535,44.35915],[7.82544,44.35917],[7.82562,44.35921],[7.82572,44.35923],[7.82581,44.35925],[7.82587,44.35926],[7.8259,44.35927],[7.82594,44.35927],[7.82597,44.35926],[7.82622,44.35925],[7.82623,44.35925],[7.82623,44.35925],[7.82628,44.35942],[7.82632,44.35951],[7.82633,44.35968],[7.82633,44.35968],[7.82633,44.35969],[7.8263,44.35983],[7.82659,44.3598],[7.82672,44.3598],[7.82681,44.3598],[7.82705,44.3598],[7.82712,44.35981],[7.8275,44.35985],[7.82761,44.35986],[7.82776,44.3599],[7.82804,44.35998],[7.82825,44.36004],[7.82857,44.36015],[7.8286,44.36012],[7.82876,44.35998],[7.82878,44.35996],[7.82884,44.35987],[7.829,44.35963],[7.82893,44.35953],[7.82875,44.35929],[7.82873,44.35926],[7.8287,44.35923],[7.82873,44.35921],[7.82875,44.3592],[7.82898,44.35908],[7.82902,44.35906],[7.82916,44.359],[7.82917,44.359],[7.8293,44.35894],[7.82942,44.35888],[7.82962,44.35876],[7.82974,44.3587],[7.8298,44.35866],[7.82983,44.35865],[7.8299,44.35861],[7.8301,44.35851],[7.83013,44.35849],[7.82999,44.35834],[7.83006,44.35829],[7.83015,44.35822],[7.83022,44.35817],[7.8303,44.35812],[7.83038,44.35806],[7.83042,44.35802],[7.83064,44.35787],[7.83067,44.35784],[7.83078,44.3579],[7.83093,44.358],[7.83115,44.35815],[7.83127,44.35823],[7.83134,44.35828],[7.83144,44.35834],[7.83178,44.35856],[7.83198,44.35869],[7.83214,44.35878],[7.83219,44.35881],[7.83238,44.35891],[7.83272,44.35909],[7.83291,44.35918],[7.83306,44.35927],[7.83329,44.35939],[7.83334,44.35942],[7.83368,44.3596],[7.83374,44.35963],[7.83391,44.35972],[7.8341,44.35982],[7.83415,44.35985],[7.83425,44.3599],[7.8344,44.35998],[7.83446,44.35984],[7.83454,44.35966],[7.83455,44.35964],[7.83467,44.35941],[7.83468,44.35937],[7.83471,44.35931],[7.83475,44.35922],[7.8348,44.35913],[7.83485,44.359],[7.83493,44.35885],[7.83496,44.3588],[7.83503,44.35869],[7.83512,44.35864],[7.83515,44.35862],[7.83518,44.3586],[7.83521,44.35859],[7.83527,44.35856],[7.83535,44.35853],[7.83572,44.3584],[7.83569,44.35838],[7.83563,44.35834],[7.83561,44.35832],[7.83553,44.35826],[7.83548,44.35807],[7.83554,44.35789],[7.8357,44.35774],[7.83581,44.35764],[7.83589,44.35756],[7.83598,44.35747],[7.83618,44.35723],[7.83622,44.35718],[7.83639,44.35699],[7.83659,44.35687],[7.83666,44.35684],[7.83671,44.35681],[7.83703,44.35668],[7.83706,44.35667],[7.8373,44.35661],[7.83778,44.35648],[7.83801,44.35645],[7.83817,44.35642],[7.83821,44.35642],[7.83819,44.35639],[7.83813,44.35625],[7.83807,44.35616],[7.83801,44.35603],[7.83794,44.35593],[7.83789,44.35581],[7.83782,44.35571],[7.83771,44.35562],[7.83772,44.35551],[7.83767,44.35544],[7.8376,44.35532],[7.83757,44.35527],[7.8375,44.35515],[7.83757,44.35505],[7.8375,44.35494],[7.8375,44.35488],[7.83745,44.3548],[7.83733,44.35475],[7.8373,44.35467],[7.8373,44.35457],[7.83734,44.3545],[7.83733,44.35433],[7.83723,44.35434],[7.83713,44.35437],[7.83703,44.35435],[7.83698,44.35434],[7.83683,44.3543],[7.83662,44.35426],[7.8366,44.35425],[7.83661,44.35421],[7.83661,44.35413],[7.83664,44.35404],[7.83666,44.35399],[7.83667,44.35389],[7.83656,44.35373],[7.83654,44.35358],[7.83657,44.35347],[7.83654,44.35335],[7.83654,44.35322],[7.83651,44.35314],[7.83651,44.35307],[7.83649,44.353],[7.83651,44.35296],[7.83646,44.3529],[7.83654,44.35278],[7.83656,44.35274],[7.83659,44.35271],[7.83661,44.35266],[7.83647,44.35257],[7.83644,44.35254],[7.83632,44.35242],[7.83629,44.35242],[7.83623,44.35245],[7.8362,44.35243],[7.83615,44.35234],[7.83615,44.35229],[7.83611,44.35216],[7.83613,44.35213],[7.83619,44.352],[7.83622,44.35193],[7.83625,44.35178],[7.83624,44.35167],[7.83625,44.35159],[7.8363,44.35154],[7.83637,44.3515],[7.83639,44.35146],[7.83638,44.3514],[7.83634,44.35134],[7.83634,44.35127],[7.83639,44.35122],[7.83654,44.35116],[7.83659,44.3511],[7.83668,44.351],[7.83671,44.35092],[7.83675,44.35089],[7.83685,44.35082],[7.83688,44.35083],[7.83692,44.35085],[7.83696,44.35084],[7.83701,44.35081],[7.83707,44.35071],[7.83714,44.3507],[7.83719,44.35066],[7.83722,44.35061],[7.83735,44.35055],[7.83739,44.35055],[7.83742,44.35054],[7.83744,44.35047],[7.8374,44.35038],[7.83735,44.35029],[7.83729,44.35025],[7.83729,44.35021],[7.83729,44.35018],[7.83737,44.35016],[7.83741,44.35007],[7.83753,44.35004],[7.83756,44.35005],[7.8376,44.35005],[7.83763,44.35003],[7.83765,44.34995],[7.83768,44.34986],[7.83778,44.34979],[7.83769,44.34964],[7.83764,44.34956],[7.83769,44.34951],[7.83771,44.3495],[7.83791,44.3495],[7.83792,44.34948],[7.83793,44.34946],[7.83795,44.34936],[7.8379,44.34929],[7.83796,44.34918],[7.83803,44.34912],[7.8381,44.34909],[7.83812,44.34906],[7.83815,44.34905],[7.83828,44.34903],[7.83832,44.349],[7.83835,44.34899],[7.83839,44.34894],[7.83841,44.34892],[7.83843,44.34889],[7.8385,44.34886],[7.83861,44.34885],[7.83865,44.34881],[7.83879,44.34884],[7.83883,44.34882],[7.83887,44.34878],[7.83889,44.34876],[7.83891,44.34871],[7.83892,44.34869],[7.83895,44.34866],[7.83897,44.34864],[7.83899,44.34859],[7.839,44.34849],[7.83896,44.34841],[7.83892,44.34838],[7.83893,44.34835],[7.83897,44.34827],[7.83902,44.3482],[7.83906,44.34816],[7.83909,44.34815],[7.83911,44.34811],[7.83918,44.34802],[7.83924,44.34798],[7.83929,44.34794],[7.8394,44.34787],[7.83944,44.34786],[7.83945,44.34779],[7.83946,44.34775],[7.83944,44.3477],[7.83942,44.34766],[7.83941,44.34755],[7.83943,44.34746],[7.83943,44.34742],[7.83945,44.34736],[7.83955,44.34732],[7.83961,44.34726],[7.83963,44.34711],[7.8396,44.34701],[7.83956,44.34696],[7.83953,44.34691],[7.83951,44.34683],[7.83953,44.34675],[7.83954,44.34673],[7.83948,44.34661],[7.83937,44.34652],[7.83937,44.34647],[7.83938,44.34642],[7.83938,44.34637],[7.83935,44.34633],[7.83935,44.34625],[7.83937,44.34613],[7.83937,44.34608],[7.83939,44.34606],[7.83938,44.34594],[7.83941,44.34592],[7.83936,44.34586],[7.83941,44.34583],[7.8394,44.34578],[7.83938,44.34576],[7.83941,44.34573],[7.8395,44.34564],[7.83947,44.34557],[7.83943,44.34556],[7.83944,44.34554],[7.83937,44.34553],[7.83935,44.34551],[7.83931,44.34547],[7.83933,44.3454],[7.83941,44.34535],[7.83942,44.34527],[7.83944,44.34525],[7.83943,44.34523],[7.83944,44.34521],[7.83943,44.34515],[7.83945,44.34511],[7.83941,44.34505],[7.83939,44.34503],[7.83933,44.34497],[7.83931,44.34492],[7.83928,44.34489],[7.83928,44.34486],[7.83925,44.34483],[7.83918,44.34472],[7.83913,44.34468],[7.83916,44.34463],[7.83911,44.34458],[7.83908,44.34452],[7.83904,44.34448],[7.83903,44.34442],[7.83904,44.34433],[7.83903,44.34432],[7.83903,44.34429],[7.83902,44.34425],[7.83907,44.34416],[7.83908,44.34414],[7.8391,44.34412],[7.83918,44.34405],[7.83919,44.34401],[7.83923,44.34397],[7.83923,44.34389],[7.83927,44.34384],[7.83932,44.34379],[7.83933,44.34376],[7.83937,44.34372],[7.83938,44.34369],[7.83943,44.34364],[7.8394,44.34361],[7.8394,44.34358],[7.83943,44.34353],[7.83944,44.34346],[7.83945,44.34334],[7.83946,44.34323],[7.83947,44.3432],[7.83947,44.34312],[7.83943,44.34307],[7.83946,44.34298],[7.83944,44.34295],[7.83939,44.34294],[7.83942,44.34292],[7.83945,44.3429],[7.83942,44.34288],[7.83947,44.34278],[7.83947,44.34276],[7.83948,44.34272],[7.8395,44.34273],[7.83951,44.34268],[7.83953,44.34258],[7.83949,44.34256],[7.83953,44.34253],[7.83955,44.34248],[7.83949,44.34247],[7.83959,44.34239],[7.83963,44.34229],[7.83964,44.34218],[7.8396,44.34211],[7.83963,44.34205],[7.83966,44.34196],[7.83965,44.34189],[7.83965,44.34182],[7.83968,44.34179],[7.83969,44.34177],[7.83975,44.34171],[7.83968,44.34162],[7.83965,44.34152],[7.83963,44.3415],[7.83959,44.34146],[7.83951,44.34134],[7.83946,44.34128],[7.83939,44.34117],[7.83922,44.34098],[7.83921,44.34096],[7.83913,44.34083],[7.83911,44.34079],[7.83907,44.34074],[7.83898,44.34061],[7.83894,44.34056],[7.83891,44.34054],[7.83888,44.34053],[7.8388,44.34051],[7.83874,44.34045],[7.83881,44.34034],[7.83885,44.3403],[7.83883,44.34025],[7.83882,44.34018],[7.83878,44.34004],[7.83877,44.33993],[7.83876,44.33985],[7.83866,44.33976],[7.8386,44.33968],[7.8385,44.33956],[7.83845,44.3395],[7.83827,44.33924],[7.83811,44.33924],[7.83807,44.33923],[7.83816,44.3391],[7.83827,44.33897],[7.83836,44.33886],[7.83847,44.33874],[7.83851,44.33869],[7.83855,44.33865],[7.83871,44.33845],[7.83874,44.33844],[7.83903,44.3382],[7.83911,44.33814],[7.83922,44.33806],[7.83925,44.33802],[7.83942,44.33782],[7.83945,44.33778],[7.8396,44.33758],[7.83967,44.33749],[7.83972,44.33741],[7.8399,44.33715],[7.84006,44.33689],[7.84017,44.33674],[7.84029,44.33655],[7.84054,44.33621],[7.84063,44.33607],[7.84074,44.33594],[7.84066,44.33581],[7.84051,44.33546],[7.84049,44.33541],[7.84028,44.33502],[7.84026,44.33489],[7.84021,44.33465],[7.8402,44.33461],[7.8402,44.33455],[7.84016,44.33425],[7.84014,44.33423],[7.84012,44.33417],[7.84,44.33384],[7.83997,44.33381],[7.83989,44.33364],[7.83976,44.33343],[7.83953,44.33309],[7.83936,44.33275],[7.83936,44.33273],[7.83926,44.33245],[7.83921,44.33231],[7.8392,44.33227],[7.83917,44.33209],[7.83914,44.33198],[7.83916,44.33194],[7.83921,44.33178],[7.83926,44.3316],[7.8393,44.33146],[7.83936,44.33135],[7.83951,44.33112],[7.83953,44.33109],[7.83959,44.33101],[7.83964,44.33094],[7.83966,44.33093],[7.83985,44.33079],[7.84003,44.33067],[7.84007,44.33064],[7.84034,44.33043],[7.84037,44.33041],[7.84068,44.33017],[7.84089,44.33002],[7.84107,44.32987],[7.84117,44.32979],[7.84137,44.3296],[7.84159,44.3294],[7.84163,44.32937],[7.84171,44.32924],[7.84188,44.32899],[7.84201,44.32894],[7.84225,44.32892],[7.8424,44.32886],[7.8427,44.32876],[7.84273,44.32875],[7.84281,44.32871],[7.84303,44.32855],[7.84341,44.32841],[7.84371,44.32821],[7.84384,44.32812],[7.84395,44.32804],[7.84399,44.32802],[7.8441,44.32795],[7.84414,44.32791],[7.84421,44.32787],[7.84423,44.32786],[7.84467,44.32771],[7.84485,44.32766],[7.84504,44.32767],[7.84534,44.32772],[7.84551,44.32774],[7.84597,44.32767],[7.84609,44.32762],[7.84642,44.3275],[7.84641,44.32755],[7.84619,44.3278],[7.84618,44.32783],[7.84617,44.32786],[7.84614,44.32796],[7.84613,44.32798],[7.84609,44.32814],[7.84608,44.32818],[7.846,44.32826],[7.84596,44.32839],[7.84593,44.32845],[7.84593,44.32849],[7.8459,44.32859],[7.84589,44.32862],[7.84589,44.32872],[7.8459,44.32885],[7.8459,44.32887],[7.8459,44.3289],[7.84595,44.32904],[7.84598,44.32913],[7.84596,44.32933],[7.84595,44.32941],[7.84593,44.32962],[7.84592,44.32969],[7.846,44.32998],[7.84601,44.33001],[7.84617,44.33022],[7.8462,44.33026],[7.84628,44.33033],[7.84648,44.33046],[7.84664,44.33068],[7.84665,44.33082],[7.84666,44.33086],[7.84668,44.33107],[7.84669,44.33115],[7.8467,44.33119],[7.84671,44.3313],[7.84674,44.33139],[7.84678,44.33163],[7.84685,44.33171],[7.84697,44.33178],[7.84724,44.33183],[7.84736,44.33186],[7.84762,44.33202],[7.84774,44.33209],[7.84786,44.33226],[7.84814,44.33229],[7.84831,44.33235],[7.84849,44.33247],[7.84857,44.33253],[7.84863,44.33256],[7.84875,44.33264],[7.84878,44.33265],[7.84894,44.33273],[7.84897,44.33275],[7.84911,44.33284],[7.84914,44.33285],[7.84938,44.33297],[7.84944,44.33302],[7.84957,44.33311],[7.84963,44.33315],[7.84979,44.33326],[7.8499,44.33336],[7.85012,44.33351],[7.85024,44.3336],[7.85028,44.33362],[7.85052,44.33375],[7.85061,44.33379],[7.85076,44.33393],[7.85079,44.33396],[7.85089,44.33404],[7.85092,44.33406],[7.85102,44.33413],[7.85117,44.3342],[7.85145,44.33421],[7.8515,44.33423],[7.85153,44.33424],[7.85175,44.33437],[7.85184,44.33442],[7.85199,44.33451],[7.85201,44.33453],[7.85211,44.33458],[7.85216,44.3346],[7.85222,44.33463],[7.85236,44.33469],[7.85253,44.33478],[7.85278,44.33484],[7.85298,44.33485],[7.85322,44.33487],[7.85335,44.33488],[7.85356,44.33488],[7.85374,44.33489],[7.85401,44.33485],[7.85411,44.33484],[7.85418,44.33486],[7.85423,44.3349],[7.85425,44.33493],[7.85438,44.33507],[7.85439,44.33509],[7.85447,44.33516],[7.85461,44.33528],[7.85467,44.33533],[7.8549,44.33552],[7.85502,44.33568],[7.8552,44.33585],[7.85548,44.33596],[7.8557,44.3361],[7.85579,44.33615],[7.85588,44.33621],[7.85597,44.33631],[7.85607,44.33646],[7.85615,44.33659],[7.8562,44.33666],[7.85659,44.33649],[7.85675,44.33641],[7.85704,44.33627],[7.85719,44.33619],[7.85725,44.33616],[7.85739,44.3361],[7.8576,44.33599],[7.85774,44.33592],[7.85799,44.3358],[7.85816,44.33572],[7.85829,44.33566],[7.8584,44.33561],[7.85903,44.33533],[7.85928,44.33523],[7.8595,44.33513],[7.85953,44.33511],[7.85962,44.33507],[7.86019,44.33483],[7.86034,44.33476],[7.86048,44.3347],[7.86053,44.33468],[7.86067,44.33461],[7.8608,44.33455],[7.86093,44.3345],[7.86115,44.3344],[7.86133,44.33432],[7.86136,44.3343],[7.86149,44.33424],[7.86155,44.33421],[7.86168,44.33415],[7.86177,44.33411],[7.86186,44.33407],[7.86192,44.33405],[7.86202,44.334],[7.86212,44.33395],[7.86215,44.33394],[7.86248,44.33376],[7.86261,44.3337],[7.86301,44.33349],[7.86324,44.33337],[7.86335,44.33331],[7.86354,44.33322],[7.86373,44.33312],[7.8639,44.33303],[7.86403,44.33297],[7.86426,44.33286],[7.86439,44.33279],[7.86465,44.33267],[7.86504,44.33248],[7.86507,44.33247],[7.86508,44.33246],[7.86513,44.33239],[7.86515,44.33236],[7.8652,44.33229],[7.86521,44.33228],[7.86524,44.33223],[7.86541,44.33232],[7.86548,44.33236],[7.86556,44.33238],[7.86559,44.33239],[7.8659,44.33251],[7.86608,44.33258],[7.86614,44.33261],[7.86617,44.33263],[7.86629,44.3327],[7.86639,44.33277],[7.86654,44.33291],[7.86662,44.33309],[7.86663,44.33313],[7.8667,44.33325],[7.86676,44.33335],[7.86671,44.33351],[7.86668,44.3336],[7.86667,44.33363],[7.86676,44.33385],[7.86682,44.33397],[7.86685,44.33408],[7.86689,44.33417],[7.86692,44.33422],[7.86692,44.33424],[7.86692,44.33455],[7.86691,44.33473],[7.86693,44.335],[7.86694,44.33506],[7.86693,44.33533],[7.86693,44.33536],[7.86694,44.3354],[7.86698,44.33563],[7.86701,44.33566],[7.86705,44.33573],[7.86715,44.3359],[7.86719,44.33609],[7.86725,44.33633],[7.86724,44.33635],[7.86727,44.33643],[7.86726,44.33649],[7.86728,44.33668],[7.86739,44.33686],[7.86739,44.33688],[7.86746,44.33706],[7.8674,44.3373],[7.86738,44.33735],[7.86738,44.33737],[7.86737,44.33756],[7.86736,44.33764],[7.86736,44.33778],[7.86735,44.33784],[7.86736,44.33788],[7.86737,44.33802],[7.86738,44.33816],[7.86739,44.33819],[7.86746,44.33831],[7.86747,44.33833],[7.86761,44.33852],[7.86769,44.33862],[7.86774,44.33868],[7.86792,44.3388],[7.868,44.33884],[7.86822,44.33898],[7.86836,44.33905],[7.86845,44.33912],[7.86857,44.33919],[7.86881,44.3393],[7.86896,44.33936],[7.86909,44.33944],[7.86914,44.33946],[7.86931,44.33954],[7.86957,44.33967],[7.86973,44.33974],[7.86985,44.33978],[7.87002,44.33985],[7.87019,44.33992],[7.87045,44.34001],[7.8705,44.34003],[7.87067,44.34009],[7.87083,44.34015],[7.87096,44.34018],[7.87102,44.34021],[7.87125,44.34029],[7.87153,44.34036],[7.87178,44.34042],[7.87191,44.34044],[7.87211,44.34045],[7.87247,44.34048],[7.87257,44.34049],[7.87295,44.34058],[7.87307,44.3406],[7.87324,44.34066],[7.87342,44.34072],[7.87346,44.34074],[7.87371,44.34086],[7.8738,44.3409],[7.87384,44.34091],[7.87412,44.34103],[7.87424,44.34107],[7.87428,44.34108],[7.87441,44.34114],[7.8745,44.34118],[7.87467,44.34126],[7.87482,44.34133],[7.87491,44.34137],[7.875,44.34142],[7.87514,44.34147],[7.87521,44.34149],[7.87525,44.34151],[7.87535,44.34157],[7.87549,44.34164],[7.87555,44.34168],[7.87561,44.34171],[7.87572,44.34177],[7.87585,44.34185],[7.87596,44.34191],[7.87607,44.34198],[7.8762,44.34206],[7.87625,44.34209],[7.8763,44.34213],[7.87632,44.34214],[7.87642,44.34221],[7.87652,44.34228],[7.87662,44.34235],[7.87672,44.34242],[7.87679,44.34247],[7.8769,44.34255],[7.877,44.34263],[7.87706,44.34269],[7.87713,44.34275],[7.8772,44.3428],[7.87723,44.34283],[7.87727,44.34286],[7.87734,44.34293],[7.87743,44.343],[7.8775,44.34307],[7.87754,44.3431],[7.8776,44.34316],[7.87762,44.34318],[7.87769,44.34324],[7.87775,44.3433],[7.87783,44.34338],[7.87789,44.34344],[7.87794,44.34348],[7.87803,44.34355],[7.87811,44.34361],[7.87819,44.34368],[7.87823,44.34372],[7.87833,44.34379],[7.87842,44.34386],[7.87851,44.34393],[7.87859,44.34399],[7.87866,44.34403],[7.87876,44.34409],[7.87885,44.34415],[7.87893,44.34421],[7.87898,44.34424],[7.87903,44.34426],[7.87906,44.34429],[7.87922,44.3444],[7.87939,44.34452],[7.87949,44.34458],[7.87954,44.34462],[7.87964,44.34471],[7.87973,44.34479],[7.87982,44.34486],[7.87986,44.3449],[7.87987,44.34492],[7.87994,44.34498],[7.87998,44.34502],[7.88001,44.34507],[7.88008,44.34515],[7.88019,44.34527],[7.88021,44.34529],[7.88035,44.34544],[7.88039,44.3455],[7.88045,44.34556],[7.88057,44.34563],[7.88066,44.3457],[7.88069,44.34573],[7.88076,44.34577],[7.88082,44.34582],[7.88086,44.34585],[7.88099,44.3459],[7.88113,44.34596],[7.88124,44.346],[7.88128,44.34602],[7.88139,44.34603],[7.88154,44.34604],[7.88165,44.34605],[7.88177,44.34607],[7.8819,44.34604],[7.88206,44.346],[7.88221,44.34597],[7.88228,44.34595],[7.88237,44.34593],[7.88245,44.34591],[7.8825,44.3459],[7.88255,44.34588],[7.88268,44.34582],[7.88283,44.34576],[7.88287,44.34575],[7.88292,44.34572],[7.88309,44.34565],[7.88322,44.34558],[7.88336,44.34552],[7.88341,44.34549],[7.88343,44.34548],[7.88348,44.34547],[7.88361,44.34543],[7.8838,44.34538],[7.88392,44.34534],[7.88403,44.34532],[7.88407,44.3453],[7.88422,44.34526],[7.88438,44.34522],[7.88446,44.34522],[7.88465,44.34522],[7.88482,44.34521],[7.88496,44.34521],[7.885,44.34522],[7.88503,44.34522],[7.88512,44.34522],[7.88523,44.34524],[7.88535,44.34525],[7.88543,44.34526],[7.88549,44.34528],[7.88551,44.34529],[7.88563,44.34533],[7.88575,44.34537],[7.88577,44.34538],[7.88592,44.34544],[7.88604,44.34549],[7.8861,44.34552],[7.88615,44.34555],[7.88626,44.3456],[7.88633,44.34564],[7.88647,44.34572],[7.88659,44.34578],[7.88665,44.34581],[7.8867,44.34592],[7.88673,44.34597],[7.88673,44.34601],[7.88674,44.34613],[7.88676,44.34621],[7.88679,44.34632],[7.88681,44.34642],[7.88683,44.34652],[7.88685,44.34657],[7.88685,44.34664],[7.88686,44.34677],[7.88686,44.34687],[7.88687,44.34698],[7.88688,44.34701],[7.88689,44.34704],[7.88689,44.34706],[7.88694,44.3471],[7.88697,44.34711],[7.88702,44.34712],[7.88712,44.34714],[7.8872,44.34716],[7.88727,44.34715],[7.88742,44.34714],[7.88755,44.34712],[7.88766,44.34713],[7.88777,44.34713],[7.88788,44.34715],[7.88792,44.34715],[7.88801,44.34717],[7.88809,44.34718],[7.88812,44.34719],[7.88824,44.34722],[7.8883,44.34724],[7.88838,44.34727],[7.88846,44.34731],[7.88854,44.34735],[7.88857,44.34736],[7.88861,44.34738],[7.88867,44.34741],[7.88871,44.34744],[7.88878,44.34747],[7.88892,44.34752],[7.88894,44.34752],[7.88909,44.34755],[7.8892,44.34756],[7.88923,44.34756],[7.88929,44.34756],[7.88938,44.34756],[7.88941,44.34757],[7.88951,44.34762],[7.88964,44.34765],[7.88971,44.34767],[7.88974,44.34767],[7.8899,44.34769],[7.88998,44.34771],[7.89004,44.34772],[7.89008,44.34772],[7.89014,44.34772],[7.89024,44.34772],[7.89032,44.34776],[7.89043,44.34777],[7.89051,44.34779],[7.89065,44.34779],[7.89069,44.34779],[7.89077,44.34779],[7.89086,44.3478],[7.891,44.3478],[7.89104,44.34779],[7.89113,44.3478],[7.89129,44.34781],[7.89134,44.34781],[7.89141,44.34783],[7.89154,44.34784],[7.89164,44.34786],[7.89178,44.34786],[7.89194,44.34787],[7.89199,44.34787],[7.89208,44.34788],[7.89218,44.34788],[7.8924,44.34789],[7.89244,44.3479],[7.89252,44.3479],[7.8926,44.3479],[7.89263,44.3479],[7.89274,44.34789],[7.89276,44.34791],[7.89291,44.34797],[7.89298,44.348],[7.89307,44.34804],[7.89314,44.34807],[7.8932,44.34809],[7.89332,44.34814],[7.89335,44.34815],[7.89348,44.34814],[7.89354,44.34814],[7.8936,44.34814],[7.8937,44.34813],[7.89376,44.34812],[7.8938,44.34823],[7.89382,44.34826],[7.89383,44.34828],[7.89399,44.34845],[7.89403,44.34848],[7.89406,44.34849],[7.89422,44.34853],[7.89429,44.34855],[7.89438,44.34853],[7.89463,44.34839],[7.89471,44.3484],[7.89481,44.34844],[7.89502,44.34857],[7.89513,44.34864],[7.89519,44.34867],[7.89523,44.34872],[7.89529,44.34878],[7.89532,44.3488],[7.89575,44.34892],[7.89578,44.34893],[7.89638,44.34909],[7.89656,44.34913],[7.89708,44.34929],[7.89749,44.34936],[7.89752,44.34937],[7.89762,44.34935],[7.89765,44.34934],[7.89804,44.34916],[7.89809,44.34914],[7.89814,44.34913],[7.89817,44.34911],[7.89825,44.34905],[7.89856,44.34889],[7.89882,44.34887],[7.89887,44.34887],[7.89898,44.34887],[7.89911,44.34889],[7.89917,44.34889],[7.89939,44.34894],[7.89945,44.34904],[7.89944,44.34907],[7.89941,44.34917],[7.89941,44.3492],[7.89941,44.34926],[7.89941,44.34927],[7.89945,44.34934],[7.89951,44.34951],[7.89961,44.34977],[7.89948,44.34996],[7.89933,44.35017],[7.89901,44.35044],[7.89887,44.35069],[7.89892,44.3509],[7.89885,44.35112],[7.89883,44.35119],[7.89874,44.35145],[7.89865,44.35158],[7.89857,44.35172],[7.89848,44.35188],[7.89845,44.35193],[7.89832,44.35216],[7.89827,44.35228],[7.89826,44.35232],[7.8982,44.35247],[7.89827,44.35256],[7.89828,44.35258],[7.89837,44.35271],[7.89847,44.35287],[7.89848,44.35292],[7.89855,44.35315],[7.89859,44.35328],[7.89863,44.35332],[7.89864,44.35334],[7.89875,44.35359],[7.89877,44.35377],[7.89878,44.35389],[7.89879,44.354],[7.8988,44.35403],[7.89882,44.35409],[7.89907,44.35436],[7.89918,44.35448],[7.8992,44.3545],[7.89931,44.35461],[7.89948,44.35476],[7.89957,44.35486],[7.89963,44.35492],[7.89967,44.35497],[7.89977,44.3551],[7.89989,44.35526],[7.9,44.3554],[7.90006,44.35573],[7.9001,44.35591],[7.9001,44.35594],[7.9001,44.35601],[7.90011,44.3563],[7.90021,44.35659],[7.90028,44.3568],[7.90035,44.35693],[7.90035,44.35697],[7.90046,44.35713],[7.90049,44.35716],[7.90056,44.35722],[7.90069,44.35736],[7.90078,44.35745],[7.90093,44.35762],[7.90096,44.35765],[7.901,44.35768],[7.90103,44.35771],[7.90109,44.35774],[7.90129,44.35783],[7.90157,44.35796],[7.90163,44.35798],[7.90179,44.35803],[7.90199,44.3581],[7.90203,44.35811],[7.90223,44.3582],[7.90224,44.35813],[7.90227,44.35805],[7.90229,44.35793],[7.90232,44.35785],[7.90235,44.35777],[7.90243,44.35762],[7.90244,44.3576],[7.90247,44.35752],[7.9025,44.35745],[7.90252,44.35743],[7.90264,44.35739],[7.90289,44.35731],[7.90307,44.35726],[7.90335,44.3572],[7.90349,44.35717],[7.90369,44.35712],[7.90385,44.35706],[7.90389,44.35704],[7.90406,44.35696],[7.9042,44.35689],[7.90432,44.35668],[7.90432,44.35666],[7.90436,44.3565],[7.90435,44.35635],[7.9043,44.35617],[7.90428,44.35613],[7.90425,44.35608],[7.90423,44.35605],[7.90427,44.35599],[7.90436,44.35584],[7.90447,44.35567],[7.90452,44.35557],[7.9046,44.35545],[7.9046,44.35539],[7.90465,44.35504],[7.90468,44.35497],[7.90474,44.35484],[7.90481,44.35468],[7.90498,44.35452],[7.90507,44.35449],[7.90521,44.35446],[7.90536,44.35446],[7.90544,44.35449],[7.90548,44.3545],[7.90552,44.3545],[7.90563,44.35455],[7.90567,44.35455],[7.90576,44.35457],[7.90584,44.35455],[7.90592,44.35449],[7.90598,44.35445],[7.90613,44.35425],[7.90614,44.35423],[7.90623,44.35399],[7.90626,44.35376],[7.90641,44.35369],[7.90646,44.35367],[7.90663,44.35358],[7.9068,44.35351],[7.907,44.35341],[7.90705,44.35339],[7.90712,44.35337],[7.90732,44.35327],[7.90748,44.3532],[7.90756,44.35316],[7.90783,44.35303],[7.90791,44.35299],[7.90805,44.35293],[7.9082,44.35285],[7.90826,44.35282],[7.9083,44.35282],[7.90869,44.35274],[7.90873,44.35273],[7.90892,44.35272],[7.90909,44.3527],[7.90922,44.35268],[7.90947,44.35265],[7.90965,44.35259],[7.90972,44.35257],[7.9098,44.35253],[7.91004,44.35242],[7.91009,44.35239],[7.91026,44.35229],[7.91032,44.35225],[7.91038,44.3522],[7.91044,44.35214],[7.91058,44.3519],[7.91068,44.35181],[7.91079,44.35177],[7.911,44.3517],[7.91109,44.35166],[7.91123,44.35162],[7.91151,44.35149],[7.91154,44.35147],[7.9116,44.35144],[7.91186,44.35134],[7.91188,44.35133],[7.91203,44.35126],[7.91218,44.35118],[7.91221,44.35115],[7.91241,44.35106],[7.91243,44.35105],[7.91266,44.35088],[7.91269,44.35086],[7.91284,44.35078],[7.91292,44.35071],[7.91315,44.35058],[7.9132,44.35055],[7.91337,44.35048],[7.9135,44.35042],[7.91376,44.35035],[7.91408,44.35042],[7.91423,44.35046],[7.91447,44.3505],[7.91474,44.35056],[7.91494,44.35054],[7.91496,44.35053],[7.91524,44.35041],[7.91528,44.35039],[7.91534,44.35034],[7.9154,44.35028],[7.91566,44.35],[7.91574,44.34992],[7.91577,44.3499],[7.91591,44.34975],[7.91611,44.34957],[7.91632,44.34939],[7.91639,44.34922],[7.91661,44.34875],[7.91679,44.34837],[7.91682,44.3482],[7.91678,44.34801],[7.91677,44.34791],[7.91682,44.34776],[7.91692,44.34761],[7.91697,44.34758],[7.91709,44.34755],[7.91712,44.34754],[7.91726,44.34752],[7.91788,44.34743],[7.91831,44.34736],[7.91859,44.34731],[7.91881,44.34728],[7.919,44.34723],[7.91903,44.34723],[7.91928,44.34716],[7.91941,44.34713],[7.91947,44.3471],[7.91976,44.34703],[7.9203,44.34686],[7.92048,44.34681],[7.92082,44.3467],[7.92091,44.34668],[7.92094,44.34668],[7.92118,44.34664],[7.92141,44.34658],[7.92186,44.34645],[7.922,44.34641],[7.92204,44.34639],[7.92225,44.3463],[7.92235,44.34624],[7.92245,44.34618],[7.92258,44.3461],[7.92262,44.34608],[7.92265,44.34607],[7.92277,44.34602],[7.92291,44.34597],[7.92312,44.34589],[7.92341,44.34584],[7.92354,44.34582],[7.92366,44.3458],[7.92372,44.34579],[7.92393,44.3457],[7.92399,44.34567],[7.92406,44.34561],[7.92415,44.34553],[7.92421,44.34548],[7.92428,44.34542],[7.9243,44.3454],[7.9244,44.34531],[7.92444,44.34527],[7.92468,44.34503],[7.92481,44.34491],[7.92488,44.34484],[7.92508,44.34465],[7.92534,44.34441],[7.92553,44.34424],[7.92555,44.34421],[7.92565,44.34412],[7.92575,44.34403],[7.92578,44.344],[7.92591,44.34389],[7.92594,44.34386],[7.92609,44.34373],[7.92616,44.34364],[7.92624,44.34352],[7.92634,44.34349],[7.92665,44.34341],[7.92686,44.34339],[7.927,44.34332],[7.92727,44.3432],[7.92729,44.34317],[7.92734,44.3431],[7.92743,44.34299],[7.92747,44.34295],[7.92752,44.34289],[7.92753,44.34287],[7.92756,44.34283],[7.92765,44.34269],[7.92768,44.34266],[7.9278,44.34253],[7.92788,44.34247],[7.92793,44.34244],[7.92797,44.34241],[7.92801,44.34239],[7.92805,44.34237],[7.92814,44.34235],[7.92822,44.34233],[7.92829,44.34229],[7.92841,44.34228],[7.92848,44.34228],[7.92858,44.34232],[7.92863,44.34235],[7.92872,44.34239],[7.92898,44.34254],[7.92904,44.34265],[7.92908,44.34284],[7.92923,44.34304],[7.92935,44.34313],[7.92939,44.34316],[7.92959,44.34334],[7.92962,44.34335],[7.92982,44.34335],[7.93021,44.3433],[7.93027,44.34329],[7.93041,44.34325],[7.93045,44.34323],[7.93051,44.34321],[7.93069,44.34313],[7.93076,44.3431],[7.93081,44.34308],[7.93091,44.34302],[7.93102,44.34295],[7.93117,44.34286],[7.93124,44.34282],[7.93144,44.34271],[7.93146,44.3427],[7.93155,44.34266],[7.93175,44.34259],[7.93227,44.34242],[7.93233,44.3424],[7.93242,44.34236],[7.93278,44.34222],[7.93281,44.3422],[7.93293,44.34214],[7.93298,44.34212],[7.93308,44.34206],[7.93328,44.34194],[7.93331,44.34193],[7.93378,44.34171],[7.93423,44.34153],[7.93427,44.34147],[7.9343,44.34144],[7.9344,44.34132],[7.93461,44.3412],[7.93464,44.34119],[7.93468,44.34117],[7.93471,44.34115],[7.93507,44.34101],[7.93511,44.34101],[7.9353,44.34095],[7.93537,44.34094],[7.93563,44.34087],[7.93584,44.34084],[7.93614,44.34082],[7.9362,44.34081],[7.93662,44.34075],[7.93679,44.3407],[7.93683,44.34069],[7.93695,44.34063],[7.93702,44.3406],[7.93708,44.34057],[7.93737,44.34043],[7.9374,44.34041],[7.9376,44.34027],[7.9377,44.34022],[7.93789,44.34012],[7.93795,44.34009],[7.93813,44.33999],[7.93822,44.33987],[7.93827,44.3398],[7.93836,44.33966],[7.93843,44.33956],[7.93847,44.3395],[7.93851,44.33944],[7.93862,44.33924],[7.93862,44.33922],[7.93865,44.33909],[7.93872,44.33877],[7.93877,44.33869],[7.93884,44.33868],[7.93888,44.33871],[7.93893,44.33874],[7.93901,44.33881],[7.93904,44.33893],[7.93906,44.33896],[7.93909,44.339],[7.93916,44.33908],[7.93921,44.33914],[7.93926,44.33913],[7.93942,44.33911],[7.93943,44.33912],[7.93945,44.33917],[7.93952,44.3392],[7.93971,44.33923],[7.93983,44.33919],[7.9399,44.33918],[7.9399,44.33919],[7.94014,44.33929],[7.94034,44.3393],[7.94052,44.33933],[7.94056,44.33934],[7.94063,44.33939],[7.94085,44.33946],[7.94088,44.33949],[7.9409,44.3395],[7.94098,44.33953],[7.94103,44.33957],[7.94112,44.3396],[7.94115,44.33962],[7.94123,44.33966],[7.94128,44.33968],[7.94147,44.33973],[7.94178,44.33973],[7.94181,44.33972],[7.94184,44.33973],[7.94255,44.3398],[7.94258,44.33983],[7.94272,44.33987],[7.94277,44.33988],[7.94282,44.33989],[7.94301,44.33993],[7.94305,44.33996],[7.94311,44.33996],[7.94315,44.33995],[7.94326,44.33995],[7.94329,44.33995],[7.94347,44.33996],[7.9435,44.33996],[7.94353,44.33996],[7.94365,44.33995],[7.9437,44.33994],[7.94375,44.33994],[7.94384,44.33992],[7.94388,44.3399],[7.94401,44.33987],[7.94403,44.33984],[7.94411,44.33981],[7.94431,44.33974],[7.94436,44.33973],[7.94451,44.33974],[7.94484,44.33975],[7.94497,44.33976],[7.94529,44.33978],[7.94531,44.33978],[7.94584,44.33982],[7.94587,44.33982],[7.94592,44.33982],[7.94599,44.33981],[7.94652,44.3398],[7.94656,44.3398],[7.94659,44.3398],[7.94673,44.33981],[7.94679,44.33981],[7.94693,44.33982],[7.9471,44.33983],[7.94733,44.33984],[7.94751,44.33986],[7.94796,44.33987],[7.94789,44.34001],[7.94784,44.34015],[7.94782,44.34019],[7.94783,44.3402],[7.94774,44.34043],[7.94771,44.34054],[7.94763,44.34077],[7.94757,44.34095],[7.94752,44.34103],[7.94741,44.34122],[7.94747,44.34149],[7.94751,44.34154],[7.94757,44.34162],[7.94763,44.3417],[7.94774,44.34184],[7.94769,44.34217],[7.94761,44.34231],[7.94759,44.34236],[7.94758,44.34239],[7.9475,44.34254],[7.94747,44.34258],[7.94735,44.34272],[7.9471,44.34303],[7.94704,44.34311],[7.94699,44.34318],[7.94683,44.34337],[7.94674,44.34351],[7.9467,44.34358],[7.94665,44.34367],[7.94655,44.34386],[7.94636,44.3442],[7.94624,44.34441],[7.94622,44.34443],[7.94616,44.34455],[7.94607,44.34469],[7.94601,44.34476],[7.94598,44.34478],[7.94589,44.34485],[7.9458,44.34496],[7.94577,44.345],[7.94569,44.34512],[7.94566,44.34517],[7.94562,44.34522],[7.94557,44.3453],[7.94551,44.3454],[7.94546,44.34547],[7.94545,44.34549],[7.94525,44.34578],[7.94522,44.34582],[7.9452,44.34586],[7.94512,44.34596],[7.9451,44.34599],[7.94507,44.34603],[7.94505,44.34607],[7.94501,44.34613],[7.94499,44.34615],[7.94494,44.34622],[7.94489,44.3463],[7.94476,44.34648],[7.94458,44.34676],[7.94438,44.34704],[7.94421,44.34728],[7.94383,44.34772],[7.94374,44.34782],[7.94366,44.34792],[7.94363,44.34795],[7.94355,44.34804],[7.94345,44.34816],[7.94309,44.3486],[7.94309,44.34862],[7.94299,44.34872],[7.94288,44.34875],[7.94273,44.34875],[7.94261,44.3488],[7.9425,44.34884],[7.94236,44.34891],[7.94216,44.34898],[7.94211,44.349],[7.94196,44.349],[7.94189,44.34901],[7.94181,44.34901],[7.94179,44.34903],[7.94166,44.34906],[7.94156,44.34912],[7.94142,44.34914],[7.94136,44.34915],[7.94131,44.34915],[7.94124,44.34914],[7.94123,44.34917],[7.94121,44.34919],[7.94114,44.34924],[7.94091,44.34923],[7.94079,44.34925],[7.94069,44.34932],[7.94064,44.34944],[7.94069,44.34954],[7.94069,44.34961],[7.94073,44.34972],[7.94073,44.34974],[7.94072,44.34987],[7.94072,44.34991],[7.94054,44.35029],[7.94059,44.35036],[7.94036,44.35046],[7.94033,44.35047],[7.94031,44.35065],[7.94022,44.35083],[7.94017,44.35092],[7.94015,44.35106],[7.94011,44.35127],[7.94016,44.3513],[7.94005,44.35144],[7.94,44.35178],[7.94006,44.35188],[7.94005,44.35193],[7.94003,44.35204],[7.93999,44.35211],[7.93996,44.35216],[7.93995,44.35218],[7.93994,44.3522],[7.93994,44.35222],[7.93986,44.35233],[7.93988,44.35236],[7.93997,44.35247],[7.93991,44.35254],[7.93985,44.35258],[7.93983,44.35259],[7.93981,44.35261],[7.93974,44.35266],[7.93977,44.35272],[7.93982,44.35281],[7.93984,44.35284],[7.93989,44.35294],[7.93991,44.35298],[7.93999,44.35313],[7.94006,44.35317],[7.94019,44.35325],[7.94025,44.35335],[7.94036,44.35343],[7.94045,44.35363],[7.94052,44.35367],[7.94066,44.35383],[7.9407,44.35392],[7.94075,44.35406],[7.94085,44.35412],[7.94091,44.35426],[7.94098,44.35429],[7.94108,44.35434],[7.94112,44.35436],[7.94115,44.35442],[7.94117,44.35446],[7.94121,44.35464],[7.94129,44.35473],[7.94142,44.3548],[7.94144,44.35485],[7.9415,44.35507],[7.94152,44.35508],[7.94162,44.35511],[7.94164,44.35512],[7.94175,44.35532],[7.94171,44.35538],[7.94176,44.35566],[7.94175,44.35573],[7.94176,44.35577],[7.94179,44.35581],[7.94184,44.35588],[7.94188,44.35593],[7.9419,44.35595],[7.94202,44.35621],[7.94201,44.35632],[7.94201,44.35638],[7.94202,44.35643],[7.94203,44.35657],[7.94201,44.35678],[7.94202,44.35684],[7.94204,44.35708],[7.9421,44.35712],[7.94211,44.35714],[7.94218,44.35715],[7.94221,44.35716],[7.94223,44.3573],[7.94221,44.35731],[7.94213,44.35735],[7.94207,44.35747],[7.94216,44.35766],[7.94217,44.35768],[7.9421,44.35774],[7.94208,44.35776],[7.94203,44.3578],[7.94204,44.35792],[7.94212,44.35795],[7.94213,44.35803],[7.94215,44.35808],[7.94228,44.35818],[7.94243,44.35829],[7.9424,44.35834],[7.94236,44.35841],[7.94237,44.35851],[7.94248,44.35862],[7.9425,44.35864],[7.94253,44.35867],[7.94253,44.35869],[7.94249,44.35876],[7.94247,44.35879],[7.94247,44.35879],[7.94242,44.35887],[7.94244,44.35909],[7.94245,44.35916],[7.94238,44.35922],[7.94234,44.35925],[7.94231,44.35928],[7.94226,44.35936],[7.94222,44.35943],[7.94214,44.35947],[7.94212,44.35949],[7.94195,44.35953],[7.94197,44.35963],[7.94192,44.35964],[7.94184,44.35965],[7.94181,44.35965],[7.94178,44.35966],[7.9417,44.35968],[7.94167,44.35969],[7.9416,44.35971],[7.94144,44.35976],[7.94136,44.35987],[7.94134,44.35988],[7.94132,44.35996],[7.9413,44.36],[7.94128,44.36004],[7.94126,44.36008],[7.94122,44.36014],[7.94109,44.36025],[7.94105,44.36028],[7.94102,44.3603],[7.94091,44.36035],[7.94082,44.3603],[7.94071,44.36019],[7.94049,44.36026],[7.94046,44.36028],[7.94035,44.36033],[7.94031,44.36034],[7.94031,44.36034],[7.94026,44.36036],[7.94026,44.36036],[7.94021,44.36039],[7.94018,44.3604],[7.94003,44.36038],[7.93999,44.36038],[7.93999,44.36039],[7.93997,44.36039],[7.93994,44.36046],[7.93992,44.36052],[7.93986,44.36057],[7.93974,44.36066],[7.93977,44.36085],[7.93967,44.36092],[7.93962,44.36095],[7.93957,44.361],[7.93949,44.36105],[7.93944,44.36105],[7.93931,44.36106],[7.93924,44.36107],[7.93921,44.36107],[7.93906,44.3611],[7.93902,44.36118],[7.93903,44.36121],[7.93905,44.36132],[7.939,44.36137],[7.93893,44.36134],[7.93889,44.36134],[7.93875,44.36133],[7.93873,44.36137],[7.93872,44.36141],[7.93869,44.36153],[7.93861,44.36157],[7.93836,44.3616],[7.9383,44.36162],[7.93825,44.36165],[7.93822,44.36167],[7.93815,44.36191],[7.9382,44.36206],[7.93821,44.36214],[7.93824,44.36219],[7.93826,44.36223],[7.93828,44.36225],[7.93837,44.3623],[7.93846,44.3624],[7.93856,44.36254],[7.93862,44.36267],[7.93867,44.36279],[7.93868,44.36281],[7.93866,44.36289],[7.93863,44.363],[7.93855,44.36308],[7.93849,44.36311],[7.93848,44.36321],[7.93863,44.36332],[7.93861,44.36347],[7.93863,44.36363],[7.9385,44.3638],[7.93835,44.36394],[7.93818,44.36396],[7.93808,44.36412],[7.93803,44.36429],[7.93803,44.36432],[7.93796,44.3645],[7.93791,44.36464],[7.93795,44.36474],[7.938,44.36481],[7.93797,44.36483],[7.93789,44.36487],[7.93779,44.3649],[7.9377,44.36493],[7.93766,44.36509],[7.93764,44.3653],[7.93765,44.36539],[7.93764,44.36544],[7.93766,44.36556],[7.93766,44.36558],[7.93761,44.36564],[7.93759,44.36565],[7.93736,44.36574],[7.93732,44.36577],[7.93729,44.36579],[7.93724,44.36583],[7.93716,44.36587],[7.93718,44.36592],[7.93732,44.366],[7.93742,44.36602],[7.93756,44.36607],[7.9376,44.36608],[7.93782,44.36614],[7.9379,44.36622],[7.9379,44.36624],[7.93786,44.36631],[7.93777,44.36648],[7.93766,44.36664],[7.93762,44.36673],[7.93757,44.36684],[7.93753,44.36694],[7.93757,44.36711],[7.93767,44.36718],[7.93757,44.3674],[7.93766,44.36743],[7.93778,44.36747],[7.93783,44.36749],[7.9379,44.3675],[7.93801,44.36753],[7.93805,44.36756],[7.93813,44.36761],[7.93814,44.36763],[7.93819,44.36774],[7.93817,44.36793],[7.93816,44.36798],[7.93827,44.36812],[7.93829,44.36815],[7.93834,44.36827],[7.9384,44.36843],[7.93842,44.3685],[7.93845,44.36854],[7.93852,44.36864],[7.9386,44.36876],[7.93866,44.36891],[7.93868,44.36897],[7.93871,44.36904],[7.93874,44.36907],[7.93892,44.36932],[7.93899,44.36941],[7.9389,44.36957],[7.93886,44.36964],[7.93881,44.36972],[7.93888,44.36983],[7.93891,44.36988],[7.93898,44.36997],[7.93912,44.37014],[7.93909,44.37033],[7.93909,44.37039],[7.93912,44.37048],[7.93922,44.37053],[7.93928,44.37055],[7.93943,44.37061],[7.93954,44.37082],[7.93961,44.37097],[7.93986,44.37106],[7.93987,44.37106],[7.94007,44.37114],[7.9401,44.37117],[7.94017,44.37126],[7.94015,44.37135],[7.94023,44.3715],[7.94033,44.37168],[7.94034,44.37169],[7.9404,44.37172],[7.94047,44.37175],[7.94054,44.37168],[7.94056,44.37162],[7.94064,44.37156],[7.94079,44.37157],[7.9408,44.37159],[7.94081,44.37175],[7.94069,44.37183],[7.94054,44.37193],[7.94052,44.37195],[7.94046,44.372],[7.94041,44.37205],[7.94038,44.37208],[7.94029,44.37219],[7.94028,44.37222],[7.94027,44.37227],[7.94031,44.37229],[7.94041,44.37228],[7.94051,44.37227],[7.9406,44.37225],[7.94086,44.37222],[7.94095,44.37221],[7.94105,44.3722],[7.94119,44.37218],[7.94146,44.3722],[7.94165,44.37228],[7.94176,44.37229],[7.94189,44.37232],[7.94192,44.37234],[7.94196,44.37236],[7.94199,44.3724],[7.94193,44.37257],[7.94188,44.3727],[7.94189,44.37273],[7.9419,44.37276],[7.94192,44.3729],[7.94199,44.37296],[7.94208,44.373],[7.94242,44.37303],[7.94254,44.373],[7.94274,44.37297],[7.94279,44.37301],[7.94281,44.37303],[7.94287,44.37307],[7.94289,44.37315],[7.94286,44.3732],[7.9428,44.37333],[7.94273,44.37345],[7.94282,44.37352],[7.94291,44.37349],[7.94308,44.37346],[7.9433,44.37343],[7.94334,44.37343],[7.94357,44.3734],[7.94381,44.37329],[7.94388,44.37326],[7.94403,44.3732],[7.9441,44.37327],[7.94399,44.37339],[7.94393,44.37351],[7.94399,44.37363],[7.94402,44.37371],[7.94414,44.37377],[7.94415,44.37377],[7.94442,44.37381],[7.9445,44.37381],[7.94471,44.37384],[7.94493,44.37393],[7.94496,44.37394],[7.94518,44.37403],[7.94528,44.37408],[7.94534,44.37411],[7.94542,44.37416],[7.94551,44.3742],[7.94553,44.37422],[7.94558,44.37425],[7.9456,44.37427],[7.94564,44.37435],[7.94564,44.37443],[7.94553,44.3746],[7.94551,44.37466],[7.94516,44.37467],[7.94489,44.37473],[7.94482,44.37474],[7.94471,44.37476],[7.94433,44.37488],[7.94391,44.37502],[7.94382,44.37509],[7.94384,44.3752],[7.94407,44.3753],[7.94431,44.37536],[7.94449,44.37546],[7.94463,44.37561],[7.94459,44.37571],[7.94453,44.37586],[7.9444,44.37621],[7.94417,44.37644],[7.94412,44.37646],[7.94391,44.37655],[7.94378,44.37662],[7.9437,44.37667],[7.94355,44.37675],[7.94347,44.3768],[7.94335,44.37689],[7.94317,44.377],[7.94315,44.37701],[7.94298,44.3772],[7.94296,44.37722],[7.9429,44.37742],[7.94289,44.37779],[7.94268,44.3783],[7.94256,44.37827],[7.94232,44.37823],[7.94225,44.3782],[7.94218,44.3782],[7.94196,44.37817],[7.9419,44.37816],[7.94177,44.37816],[7.94171,44.37828],[7.94169,44.37832],[7.94166,44.37848],[7.94166,44.37851],[7.9416,44.37897],[7.94173,44.37951],[7.94181,44.37979],[7.94181,44.37994],[7.94171,44.3802],[7.94158,44.38039],[7.94127,44.38086],[7.94139,44.3813],[7.94142,44.38132],[7.94148,44.38138],[7.94177,44.3816],[7.9417,44.38164],[7.94136,44.3818],[7.94122,44.38188],[7.94116,44.38191],[7.94101,44.38197],[7.94094,44.38201],[7.94076,44.38211],[7.94068,44.38215],[7.9406,44.38219],[7.94054,44.38222],[7.94048,44.38225],[7.93994,44.38251],[7.93986,44.38254],[7.93975,44.3826],[7.9404,44.38299],[7.94104,44.38336],[7.94124,44.38348],[7.94165,44.38372],[7.94199,44.38391],[7.94212,44.38399],[7.94233,44.3841],[7.94241,44.38415],[7.94234,44.38428],[7.94233,44.3843],[7.94231,44.38435],[7.94224,44.38446],[7.94217,44.3846],[7.94209,44.38476],[7.94202,44.38488],[7.94194,44.38518],[7.9419,44.3854],[7.94188,44.38552],[7.94188,44.38558],[7.94186,44.38565],[7.94186,44.38569],[7.94185,44.38573],[7.94183,44.38584],[7.94183,44.38588],[7.94162,44.38609],[7.94151,44.3862],[7.94135,44.38637],[7.94123,44.38651],[7.94113,44.38662],[7.94106,44.3867],[7.94103,44.38672],[7.9409,44.38686],[7.94083,44.38694],[7.94072,44.38705],[7.94075,44.3871],[7.94079,44.38716],[7.9408,44.38718],[7.94081,44.38721],[7.94082,44.38722],[7.94085,44.38726],[7.94086,44.38729],[7.94088,44.38731],[7.94091,44.38737],[7.94095,44.38743],[7.94101,44.38753],[7.94106,44.38761],[7.94108,44.38765],[7.9411,44.38767],[7.94112,44.38772],[7.94117,44.38779],[7.94127,44.38796],[7.94113,44.38808],[7.94086,44.38831],[7.94065,44.3885],[7.94062,44.38853],[7.94058,44.38857],[7.94043,44.3887],[7.94034,44.38879],[7.94029,44.38883],[7.9402,44.38891],[7.94011,44.38899],[7.94007,44.38903],[7.94002,44.38907],[7.93997,44.38912],[7.93994,44.38915],[7.93989,44.38919],[7.93985,44.38922],[7.93981,44.38926],[7.93976,44.3893],[7.93944,44.38959],[7.93903,44.38995],[7.93892,44.39005],[7.93832,44.39059],[7.93812,44.39077],[7.93795,44.39093],[7.93797,44.39095],[7.93798,44.39096],[7.93809,44.39106],[7.93814,44.39112],[7.93811,44.39125],[7.93804,44.39153],[7.93794,44.39188],[7.93789,44.3921],[7.93786,44.39223],[7.93833,44.39234],[7.93859,44.3924],[7.93863,44.3924],[7.939,44.39243],[7.93932,44.39238],[7.93972,44.39225],[7.94046,44.39201],[7.94111,44.39187],[7.9419,44.39192],[7.94205,44.39193],[7.94293,44.39199],[7.94361,44.39204],[7.94416,44.3921],[7.9447,44.39215],[7.94505,44.39231],[7.94508,44.39232],[7.94524,44.39243],[7.94526,44.39247],[7.9453,44.39255],[7.94532,44.39273],[7.94507,44.39294],[7.94465,44.39318],[7.94447,44.39331],[7.94409,44.39359],[7.94403,44.39363],[7.94373,44.39383],[7.94358,44.39392],[7.94332,44.39402],[7.94292,44.39419],[7.94279,44.39425],[7.94235,44.39445],[7.94226,44.39455],[7.94224,44.39472],[7.94224,44.39488],[7.94224,44.39495],[7.94225,44.39502],[7.94235,44.39509],[7.94247,44.39517],[7.94275,44.39535],[7.94299,44.39545],[7.94312,44.39549],[7.94338,44.39558],[7.94361,44.39564],[7.94396,44.39559],[7.94425,44.39556],[7.94469,44.39551],[7.94507,44.39547],[7.94521,44.39545],[7.94539,44.39542],[7.94588,44.39535],[7.94615,44.39532],[7.94647,44.39527],[7.94684,44.39527],[7.94728,44.39527],[7.9481,44.39528],[7.94853,44.39528],[7.94858,44.39528],[7.94934,44.39536],[7.94942,44.39537],[7.94993,44.39546],[7.94996,44.39546],[7.95002,44.39548],[7.95034,44.39557],[7.95054,44.39562],[7.95082,44.39568],[7.95099,44.39578],[7.95106,44.39592],[7.95102,44.39604],[7.95099,44.39618],[7.95096,44.39636],[7.95095,44.39644],[7.95093,44.39648],[7.95078,44.39691],[7.95077,44.39693],[7.95057,44.39747],[7.95033,44.39739],[7.94977,44.39722],[7.94975,44.39724],[7.94951,44.39744],[7.94949,44.39745],[7.94905,44.39754],[7.94886,44.39758],[7.94824,44.39772],[7.94815,44.39774],[7.94809,44.39775],[7.94768,44.39785],[7.94753,44.39788],[7.9473,44.39793],[7.94685,44.39804],[7.94661,44.39809],[7.94618,44.39819],[7.946,44.39823],[7.94571,44.3983],[7.94523,44.39841],[7.94505,44.39845],[7.94482,44.39851],[7.94471,44.39854],[7.94455,44.39859],[7.94428,44.39866],[7.9441,44.39871],[7.9439,44.39876],[7.94381,44.39878],[7.94374,44.3988],[7.94344,44.39889],[7.94338,44.3989],[7.94308,44.39898],[7.94292,44.39902],[7.94256,44.39912],[7.94236,44.39917],[7.94221,44.39922],[7.94215,44.39934],[7.94228,44.39951],[7.94231,44.39954],[7.94233,44.39955],[7.94238,44.39963],[7.94247,44.39977],[7.94246,44.39987],[7.94246,44.39997],[7.94246,44.40005],[7.94243,44.40033],[7.94243,44.40038],[7.94242,44.40054],[7.94241,44.40056],[7.94239,44.40067],[7.94238,44.40075],[7.94235,44.40085],[7.94234,44.40094],[7.94232,44.40116],[7.94232,44.40126],[7.94237,44.40189],[7.9424,44.40216],[7.9424,44.4022],[7.94241,44.40222],[7.94241,44.40225],[7.9425,44.40263],[7.94254,44.40276],[7.94255,44.40287],[7.94256,44.4029],[7.94259,44.40299],[7.94264,44.4032],[7.94266,44.40325],[7.94268,44.40333],[7.94271,44.40343],[7.94277,44.4036],[7.94282,44.4037],[7.94285,44.40378],[7.94285,44.4038],[7.94287,44.40386],[7.94287,44.40388],[7.9429,44.40394],[7.94293,44.40403],[7.94294,44.40408],[7.94298,44.40426],[7.943,44.40456],[7.943,44.40458],[7.94301,44.4046],[7.94307,44.4048],[7.94312,44.4049],[7.94314,44.40498],[7.94316,44.40504],[7.94317,44.40506],[7.94319,44.40514],[7.94321,44.40523],[7.94323,44.40529],[7.94328,44.40543],[7.94331,44.40557],[7.94336,44.4057],[7.94337,44.4058],[7.9434,44.40589],[7.94343,44.406],[7.94347,44.40611],[7.94348,44.40616],[7.94354,44.40634],[7.94361,44.40657],[7.94364,44.40668],[7.94366,44.40674],[7.94369,44.40685],[7.94372,44.40695],[7.94374,44.40701],[7.94378,44.40711],[7.94389,44.40734],[7.9439,44.40738],[7.94393,44.40742],[7.94401,44.40752],[7.94411,44.40766],[7.94417,44.40774],[7.9442,44.40777],[7.94439,44.40804],[7.94441,44.40812],[7.94443,44.40821],[7.94445,44.40828],[7.9445,44.40844],[7.94453,44.40854],[7.94455,44.40862],[7.94456,44.40864],[7.94466,44.40877],[7.94476,44.40891],[7.94488,44.40907],[7.94494,44.40917],[7.94503,44.4093],[7.94523,44.40958],[7.94525,44.40961],[7.94543,44.40985],[7.9455,44.40995],[7.94555,44.41002],[7.94583,44.41052],[7.94586,44.41056],[7.94601,44.41079],[7.94629,44.4112],[7.94644,44.41141],[7.94656,44.41159],[7.9467,44.41179],[7.94684,44.41198],[7.94702,44.41225],[7.94723,44.41259],[7.94765,44.41326],[7.94779,44.41349],[7.94785,44.4135],[7.94793,44.41351],[7.94808,44.41354],[7.94816,44.41356],[7.94823,44.41357],[7.94838,44.4136],[7.94848,44.41363],[7.94855,44.41365],[7.94869,44.41368],[7.94911,44.4138],[7.9492,44.41383],[7.9494,44.41388],[7.94947,44.41391],[7.9497,44.41401],[7.94988,44.41413],[7.95,44.41424],[7.95002,44.41426],[7.95008,44.41435],[7.95011,44.41442],[7.95012,44.41444],[7.95014,44.41446],[7.95019,44.41452],[7.95022,44.4146],[7.95037,44.41487],[7.95047,44.41503],[7.95049,44.41507],[7.95065,44.41534],[7.95072,44.41549],[7.95078,44.41561],[7.95085,44.41575],[7.9509,44.41587],[7.95109,44.41619],[7.95125,44.41644],[7.95127,44.41649],[7.95131,44.41661],[7.95129,44.41669],[7.95133,44.41682],[7.95137,44.41697],[7.95163,44.41727],[7.95182,44.41754],[7.95189,44.41762],[7.95222,44.41777],[7.95235,44.4178],[7.95249,44.41784],[7.95255,44.41785],[7.95282,44.41788],[7.95336,44.4179],[7.9535,44.41791],[7.95363,44.41791],[7.95375,44.41792],[7.95379,44.41792],[7.95385,44.41791],[7.95417,44.41789],[7.95451,44.41785],[7.95456,44.41785],[7.95478,44.41778],[7.95484,44.41776],[7.95496,44.41773],[7.95531,44.41766],[7.95535,44.41766],[7.95546,44.41764],[7.95552,44.41763],[7.95578,44.41758],[7.95591,44.4176],[7.95626,44.41767],[7.95648,44.41771],[7.95658,44.41772],[7.95667,44.41773],[7.95671,44.41774],[7.95678,44.41775],[7.95703,44.41779],[7.95707,44.4178],[7.95716,44.41784],[7.95734,44.41789],[7.95744,44.41792],[7.95751,44.41794],[7.95754,44.41794],[7.95757,44.41795],[7.95789,44.41796],[7.95797,44.41796],[7.95818,44.41796],[7.95836,44.41799],[7.95839,44.41799],[7.95859,44.41802],[7.95886,44.41814],[7.95891,44.41816],[7.95923,44.41828],[7.95925,44.4183],[7.95927,44.41832],[7.95931,44.41833],[7.95943,44.41836],[7.95958,44.41839],[7.95966,44.41842],[7.95974,44.41844],[7.95979,44.41845],[7.95999,44.41851],[7.96008,44.41853],[7.96013,44.41855],[7.9602,44.41857],[7.96032,44.4186],[7.96085,44.41875],[7.96099,44.41857],[7.961,44.41855],[7.96121,44.41813],[7.9613,44.41797],[7.96182,44.41793],[7.96207,44.41793],[7.96221,44.41792],[7.96243,44.41792],[7.96267,44.418],[7.96315,44.41821],[7.96339,44.41839],[7.9638,44.41848],[7.96384,44.4185],[7.96418,44.41861],[7.96468,44.41878],[7.96474,44.4188],[7.96481,44.41882],[7.96502,44.41886],[7.96561,44.41897],[7.96573,44.41899],[7.96578,44.419],[7.96598,44.41905],[7.96633,44.41913],[7.96672,44.41915],[7.96677,44.41915],[7.96708,44.41913],[7.96713,44.41912],[7.96716,44.41913],[7.96751,44.41908],[7.96764,44.41905],[7.96768,44.41904],[7.96843,44.41894],[7.96884,44.41894],[7.96898,44.41894],[7.96934,44.41896],[7.9701,44.41883],[7.97034,44.41874],[7.97058,44.41868],[7.97065,44.41866],[7.97105,44.41857],[7.97147,44.41842],[7.97171,44.41834],[7.9718,44.41832],[7.97194,44.41828],[7.97214,44.41807],[7.97237,44.41783],[7.97241,44.41779],[7.97247,44.41773],[7.97248,44.41771],[7.97265,44.41748],[7.97272,44.41718],[7.97274,44.41711],[7.97276,44.41708],[7.97285,44.41684],[7.97295,44.4166],[7.97299,44.41649],[7.97302,44.41634],[7.97306,44.41612],[7.97306,44.4161],[7.97308,44.41598],[7.97311,44.41582],[7.97314,44.41566],[7.9732,44.4153],[7.97299,44.41526],[7.97259,44.41518],[7.97203,44.41507],[7.97178,44.41494],[7.9715,44.41481],[7.97124,44.41462],[7.97092,44.41438],[7.97089,44.41435],[7.97066,44.41414],[7.97065,44.41397],[7.97065,44.41384],[7.97068,44.41377],[7.97076,44.41353],[7.97082,44.41351],[7.97126,44.41335],[7.97193,44.41312],[7.97239,44.41296],[7.9729,44.41279],[7.97334,44.41265],[7.97383,44.41249],[7.97414,44.41239],[7.97416,44.41238],[7.97435,44.41228],[7.97438,44.41226],[7.97466,44.41218],[7.97504,44.41206],[7.97506,44.41205],[7.97527,44.41201],[7.97532,44.412],[7.97601,44.41189],[7.97649,44.41181],[7.9766,44.4118],[7.97734,44.41171],[7.97737,44.41171],[7.97756,44.4117],[7.97774,44.4117],[7.97833,44.41171],[7.97901,44.41172],[7.97911,44.41171],[7.97924,44.4117],[7.97926,44.41169],[7.97966,44.41164],[7.97971,44.41164],[7.97989,44.41163],[7.98044,44.4116],[7.98049,44.4116],[7.98089,44.41158],[7.98124,44.41156],[7.98129,44.41156],[7.98184,44.41153],[7.98242,44.41154],[7.98266,44.41156],[7.98319,44.4116],[7.98341,44.4116],[7.98366,44.4116],[7.98404,44.41163],[7.98431,44.41164],[7.98436,44.41165],[7.98454,44.41166],[7.98479,44.41167],[7.98482,44.41167],[7.98513,44.41168],[7.98521,44.41168],[7.98539,44.41167],[7.98569,44.41168],[7.98578,44.41169],[7.98584,44.41168],[7.98601,44.41168],[7.98611,44.4117],[7.98628,44.41181],[7.98655,44.41196],[7.98664,44.41202],[7.98681,44.41212],[7.98684,44.41213],[7.98728,44.4124],[7.98789,44.4122],[7.98842,44.41205],[7.98854,44.412],[7.98888,44.41187],[7.98905,44.41177],[7.98908,44.41176],[7.98919,44.4117],[7.98941,44.41159],[7.9896,44.41148],[7.98972,44.41142],[7.98978,44.4114],[7.98982,44.41137],[7.98984,44.41135],[7.98994,44.41128],[7.99008,44.41116],[7.99022,44.41105],[7.99024,44.41104],[7.99042,44.41091],[7.99044,44.4109],[7.9905,44.41086],[7.99053,44.41084],[7.99095,44.41059],[7.991,44.41056],[7.99126,44.4104],[7.99146,44.41025],[7.99148,44.41024],[7.99173,44.41003],[7.99184,44.40992],[7.99187,44.40988],[7.99198,44.40973],[7.99201,44.40969],[7.99209,44.40959],[7.9922,44.40944],[7.99235,44.40931],[7.9924,44.40926],[7.99257,44.40911],[7.99261,44.40908],[7.99266,44.40903],[7.99282,44.40891],[7.99284,44.40889],[7.99312,44.40869],[7.99322,44.40862],[7.9933,44.40858],[7.99341,44.40851],[7.99349,44.40847],[7.99362,44.4084],[7.99374,44.40833],[7.99381,44.40828],[7.99399,44.40817],[7.99407,44.40812],[7.99432,44.40798],[7.99441,44.40793],[7.99462,44.40781],[7.99468,44.40778],[7.99491,44.40765],[7.99494,44.40764],[7.99511,44.40755],[7.99534,44.40745],[7.99544,44.4076],[7.99556,44.40779],[7.99569,44.40799],[7.99574,44.40809],[7.99577,44.40812],[7.99585,44.40826],[7.99599,44.4085],[7.99606,44.40861],[7.99617,44.40878],[7.99622,44.40887],[7.99632,44.40902],[7.99635,44.40907],[7.99637,44.40912],[7.9965,44.40931],[7.99664,44.40954],[7.99673,44.40967],[7.99674,44.4097],[7.99678,44.40975],[7.99689,44.40994],[7.99692,44.40998],[7.99695,44.41003],[7.99699,44.41011],[7.99701,44.41014],[7.99703,44.41016],[7.99708,44.41027],[7.99707,44.41037],[7.99705,44.4105],[7.99704,44.41054],[7.99708,44.41067],[7.99711,44.41066],[7.99719,44.41065],[7.99723,44.41064],[7.99728,44.41061],[7.99733,44.41059],[7.99735,44.41058],[7.99741,44.41057],[7.99751,44.41057],[7.99754,44.41056],[7.99762,44.41054],[7.99774,44.41053],[7.99778,44.41054],[7.99785,44.41056],[7.99791,44.41055],[7.99795,44.41052],[7.99799,44.41051],[7.99803,44.4105],[7.99813,44.41055],[7.99818,44.41055],[7.99823,44.41055],[7.99834,44.41054],[7.99841,44.41054],[7.99848,44.41054],[7.99854,44.41055],[7.99861,44.41056],[7.99869,44.41058],[7.99878,44.41061],[7.99885,44.41065],[7.99891,44.41064],[7.99896,44.41062],[7.99901,44.41068],[7.99911,44.41066],[7.99918,44.41067],[7.99927,44.41069],[7.99936,44.41071],[7.99942,44.41074],[7.99947,44.41076],[7.99955,44.41076],[7.9996,44.41077],[7.99964,44.41078],[7.99971,44.4108],[7.99998,44.41085],[8.00013,44.41088],[8.00021,44.41089],[8.00039,44.41091],[8.00041,44.41091],[8.00047,44.41096],[8.00049,44.41098],[8.00053,44.41103],[8.00059,44.41108],[8.00064,44.41113],[8.00066,44.41116],[8.00072,44.41123],[8.00079,44.41134],[8.00082,44.41138],[8.00085,44.41141],[8.00086,44.41143],[8.00089,44.41145],[8.00097,44.4115],[8.00101,44.41152],[8.00105,44.41155],[8.00108,44.41156],[8.00114,44.41157],[8.00117,44.41158],[8.0012,44.41159],[8.00123,44.4116],[8.00129,44.41164],[8.00132,44.41165],[8.00136,44.41167],[8.00141,44.41169],[8.00144,44.4117],[8.00148,44.41171],[8.00157,44.41175],[8.00164,44.4118],[8.00168,44.41182],[8.00172,44.41184],[8.0017,44.41187],[8.00171,44.41188],[8.00184,44.41195],[8.00187,44.41196],[8.00191,44.41199],[8.00199,44.41204],[8.00204,44.41207],[8.00208,44.41208],[8.00214,44.41211],[8.00225,44.41216],[8.0023,44.41218],[8.00233,44.4122],[8.00237,44.41221],[8.00241,44.41222],[8.00253,44.41223],[8.00258,44.41223],[8.00264,44.41224],[8.00269,44.41225],[8.00273,44.41227],[8.00276,44.41228],[8.00286,44.41232],[8.0029,44.41234],[8.00298,44.41235],[8.00301,44.41235],[8.00313,44.41236],[8.00322,44.41236],[8.00336,44.41236],[8.00352,44.41235],[8.00357,44.41234],[8.00361,44.41234],[8.00381,44.41229],[8.00384,44.41229],[8.00393,44.41228],[8.00394,44.41228],[8.00402,44.41228],[8.00405,44.41229],[8.00407,44.41226],[8.0041,44.4122],[8.00418,44.41212],[8.00422,44.412],[8.00423,44.41195],[8.00421,44.41186],[8.00419,44.4118],[8.00421,44.41178],[8.00423,44.41177],[8.00429,44.41174],[8.00436,44.41171],[8.00438,44.4117],[8.00445,44.41159],[8.00446,44.41153],[8.00446,44.4115],[8.00448,44.41137],[8.00446,44.41134],[8.00441,44.41128],[8.0044,44.4112],[8.00428,44.41103],[8.00418,44.4109],[8.00417,44.41085],[8.00411,44.41075],[8.00405,44.4107],[8.00396,44.41061],[8.00401,44.41049],[8.00401,44.41041],[8.00403,44.41038],[8.00405,44.41034],[8.00407,44.41031],[8.00409,44.41029],[8.0041,44.41026],[8.00411,44.41022],[8.0041,44.4102],[8.00409,44.41017],[8.00408,44.41014],[8.00408,44.41007],[8.0041,44.41],[8.00416,44.40996],[8.00417,44.40988],[8.00425,44.40985],[8.00425,44.40981],[8.00431,44.40977],[8.00438,44.40972],[8.00442,44.40971],[8.00445,44.40968],[8.00446,44.40965],[8.00451,44.40962],[8.00453,44.40961],[8.00454,44.40959],[8.00455,44.40957],[8.00456,44.40953],[8.00459,44.40949],[8.00462,44.40944],[8.00461,44.4094],[8.00461,44.40936],[8.0046,44.40932],[8.00464,44.40932],[8.00466,44.40926],[8.00465,44.40923],[8.00465,44.40923],[8.00464,44.40919],[8.00468,44.40908],[8.00467,44.40905],[8.00466,44.40895],[8.00469,44.40884],[8.0047,44.40881],[8.00473,44.40861],[8.00482,44.40856],[8.00485,44.40846],[8.00485,44.40843],[8.00484,44.40839],[8.0048,44.40829],[8.00489,44.40826],[8.0049,44.40819],[8.00486,44.40811],[8.00498,44.40805],[8.00494,44.40797],[8.00498,44.40795],[8.00504,44.40791],[8.00504,44.40791],[8.00507,44.40786],[8.00511,44.40779],[8.00517,44.40766],[8.00524,44.40753],[8.00526,44.4075],[8.00536,44.40734],[8.00551,44.40733],[8.00604,44.40722],[8.00618,44.40718],[8.00635,44.4071],[8.00642,44.40707],[8.00645,44.40706],[8.00652,44.40701],[8.00668,44.40692],[8.0067,44.4069],[8.0068,44.40679],[8.00691,44.40667],[8.00701,44.40656],[8.0071,44.40646],[8.00723,44.40631],[8.0074,44.40615],[8.00755,44.40601],[8.00769,44.40588],[8.00788,44.40571],[8.00801,44.40559],[8.00814,44.40546],[8.00821,44.4054],[8.00833,44.40529],[8.00839,44.40523],[8.00849,44.40508],[8.00859,44.40492],[8.00887,44.4051],[8.00889,44.40511],[8.00894,44.40513],[8.00922,44.4053],[8.00965,44.40556],[8.00968,44.40558],[8.01,44.40577],[8.01005,44.40581],[8.01008,44.40579],[8.01056,44.40538],[8.01072,44.40529],[8.01077,44.40526],[8.01091,44.40518],[8.01121,44.40506],[8.01137,44.405],[8.01147,44.40496],[8.01165,44.40494],[8.01184,44.40491],[8.01191,44.40488],[8.01208,44.40481],[8.0121,44.4048],[8.01215,44.40476],[8.01219,44.40473],[8.01224,44.40469],[8.0123,44.40463],[8.01246,44.40459],[8.01253,44.40456],[8.0127,44.4045],[8.01275,44.40447],[8.01281,44.40442],[8.01298,44.40441],[8.01308,44.40437],[8.0132,44.40435],[8.01334,44.40432],[8.01348,44.40424],[8.01358,44.40425],[8.01361,44.40425],[8.01387,44.40428],[8.01417,44.40431],[8.01422,44.40433],[8.01434,44.40436],[8.0144,44.40439],[8.01447,44.40442],[8.01467,44.40447],[8.01485,44.40451],[8.015,44.40454],[8.01505,44.40453],[8.01514,44.4045],[8.01527,44.40445],[8.01558,44.40432],[8.0157,44.40426],[8.01579,44.40425],[8.01586,44.40429],[8.01612,44.40445],[8.01615,44.40447],[8.01625,44.40452],[8.01637,44.40459],[8.01648,44.40465],[8.01651,44.40466],[8.01655,44.40468],[8.01662,44.40471],[8.01684,44.40483],[8.01693,44.40488],[8.01697,44.4049],[8.01711,44.40497],[8.0172,44.40501],[8.01737,44.4051],[8.01752,44.40517],[8.01764,44.40523],[8.01779,44.4053],[8.01793,44.40537],[8.01803,44.40542],[8.01813,44.40547],[8.01817,44.40549],[8.01828,44.40555],[8.01846,44.40564],[8.01856,44.40568],[8.01868,44.40574],[8.01884,44.40581],[8.01887,44.40582],[8.01899,44.40587],[8.01907,44.40591],[8.01929,44.406],[8.0194,44.40604],[8.0195,44.40608],[8.01957,44.4061],[8.01973,44.40615],[8.01977,44.40615],[8.02002,44.4062],[8.02007,44.40621],[8.02014,44.40623],[8.02019,44.40624],[8.02027,44.40625],[8.02031,44.40626],[8.02041,44.4063],[8.02048,44.40633],[8.02061,44.40637],[8.02069,44.4064],[8.02084,44.40644],[8.02091,44.40647],[8.02105,44.40651],[8.02125,44.40658],[8.02136,44.40662],[8.02141,44.40663],[8.02156,44.40668],[8.02167,44.40672],[8.02178,44.40676],[8.02187,44.40679],[8.02197,44.40682],[8.02205,44.40685],[8.02209,44.40686],[8.02214,44.40687],[8.02222,44.4069],[8.02231,44.40692],[8.02236,44.40694],[8.0225,44.40696],[8.02256,44.40698],[8.02265,44.40698],[8.02272,44.40699],[8.02288,44.40699],[8.02302,44.407],[8.02309,44.40697],[8.02321,44.40694],[8.02331,44.40691],[8.02343,44.40688],[8.02354,44.40685],[8.02359,44.40684],[8.02365,44.40683],[8.0237,44.40682],[8.02375,44.40682],[8.02381,44.40682],[8.02392,44.40682],[8.02399,44.40683],[8.02413,44.40684],[8.02423,44.40684],[8.02436,44.40685],[8.02448,44.40687],[8.02454,44.40688],[8.02461,44.4069],[8.02472,44.40695],[8.02482,44.40701],[8.02485,44.40703],[8.0249,44.40709],[8.02499,44.40712],[8.02507,44.40713],[8.02514,44.40715],[8.02523,44.40718],[8.02529,44.4072],[8.02542,44.40725],[8.02555,44.40729],[8.0256,44.40731],[8.02566,44.40733],[8.02573,44.40736],[8.02583,44.40741],[8.02597,44.40743],[8.02608,44.40745],[8.02615,44.40746],[8.02628,44.40747],[8.0264,44.40747],[8.02651,44.40748],[8.02664,44.40749],[8.02671,44.40749],[8.02676,44.40749],[8.02685,44.40751],[8.02692,44.40752],[8.02697,44.40753],[8.02707,44.40756],[8.02717,44.40759],[8.02726,44.40762],[8.02736,44.40766],[8.02745,44.40768],[8.02753,44.40769],[8.02759,44.4077],[8.02771,44.40771],[8.02774,44.40771],[8.02777,44.40771],[8.02788,44.40771],[8.02797,44.40772],[8.02811,44.40773],[8.0282,44.40774],[8.02824,44.40774],[8.02836,44.40774],[8.02844,44.40774],[8.02851,44.40774],[8.02854,44.40775],[8.02868,44.40776],[8.02882,44.40778],[8.02898,44.40779],[8.02902,44.4078],[8.02912,44.40781],[8.02932,44.40783],[8.02954,44.4078],[8.02979,44.40779],[8.03025,44.40776],[8.03038,44.40776],[8.03051,44.40775],[8.03067,44.40774],[8.03073,44.40774],[8.03084,44.40774],[8.03102,44.40773],[8.0314,44.40771],[8.03171,44.4077],[8.03187,44.40769],[8.03202,44.40769],[8.0321,44.40768],[8.03216,44.40768],[8.03223,44.40768],[8.0323,44.40767],[8.03245,44.40767],[8.03259,44.40766],[8.03274,44.40765],[8.0329,44.40765],[8.03326,44.40763],[8.03341,44.40762],[8.03355,44.40762],[8.0337,44.40761],[8.03374,44.40758],[8.03375,44.40758],[8.03381,44.40755],[8.03385,44.40754],[8.0339,44.40754],[8.034,44.40752],[8.03413,44.4075],[8.03423,44.40748],[8.03434,44.40747],[8.03436,44.40746],[8.03444,44.40747],[8.03454,44.40749],[8.03465,44.40752],[8.03476,44.40754],[8.03486,44.40757],[8.03497,44.40759],[8.03506,44.40761],[8.03508,44.40762],[8.03518,44.40765],[8.03534,44.4077],[8.03542,44.40772],[8.03549,44.40775],[8.03556,44.40779],[8.03564,44.40783],[8.03569,44.40787],[8.03572,44.40788],[8.03576,44.40791],[8.0358,44.40794],[8.03583,44.40796],[8.0359,44.40803],[8.03595,44.40811],[8.03599,44.40818],[8.03601,44.40821],[8.03603,44.40825],[8.03616,44.40849],[8.03622,44.40863],[8.03628,44.40875],[8.03634,44.40887],[8.03637,44.40893],[8.03639,44.40898],[8.03643,44.40912],[8.03646,44.40924],[8.03648,44.40931],[8.03651,44.40939],[8.03656,44.40949],[8.0366,44.40956],[8.03662,44.40958],[8.03664,44.40962],[8.03665,44.40965],[8.03671,44.40977],[8.03674,44.40984],[8.03676,44.40987],[8.03676,44.40988],[8.03676,44.40988],[8.03677,44.4099],[8.03672,44.41008],[8.03671,44.41011],[8.03672,44.41027],[8.03672,44.4103],[8.03668,44.41043],[8.03664,44.41057],[8.03666,44.41063],[8.03666,44.41065],[8.03667,44.41068],[8.03669,44.41072],[8.03673,44.41078],[8.03681,44.41085],[8.03695,44.41097],[8.03697,44.41099],[8.03706,44.41107],[8.03706,44.41109],[8.0371,44.41113],[8.03717,44.41122],[8.03724,44.41131],[8.03728,44.41142],[8.03729,44.41143],[8.03732,44.41146],[8.0374,44.41153],[8.03745,44.41164],[8.03753,44.41179],[8.03756,44.41193],[8.03758,44.41202],[8.03759,44.41207],[8.03759,44.41219],[8.0376,44.41239],[8.0376,44.41245],[8.03767,44.41249],[8.03774,44.41253],[8.03809,44.41275],[8.0382,44.41281],[8.03823,44.41284],[8.03826,44.41285],[8.03832,44.41282],[8.03835,44.4128],[8.03838,44.41278],[8.03847,44.41274],[8.03853,44.41272],[8.03859,44.4127],[8.03876,44.41266],[8.03889,44.41263],[8.03898,44.41262],[8.03916,44.4126],[8.03937,44.41258],[8.03958,44.41255],[8.03978,44.41252],[8.03985,44.41251],[8.04005,44.4125],[8.04014,44.4125],[8.04023,44.41249],[8.04035,44.41248],[8.04044,44.41248],[8.04048,44.41248],[8.04053,44.41248],[8.04068,44.41248],[8.04072,44.41248],[8.0409,44.41246],[8.041,44.41245],[8.04103,44.41245],[8.0412,44.41244],[8.04133,44.41246],[8.04136,44.41247],[8.04142,44.41248],[8.04166,44.41252],[8.04171,44.41253],[8.04175,44.41253],[8.04181,44.41253],[8.04191,44.41251],[8.04202,44.4125],[8.04208,44.41248],[8.04221,44.41248],[8.04225,44.41247],[8.04235,44.41247],[8.04249,44.41247],[8.04253,44.41247],[8.0426,44.41246],[8.04267,44.41245],[8.04281,44.41243],[8.04284,44.41242],[8.04294,44.41241],[8.04303,44.41238],[8.04318,44.41234],[8.04332,44.41231],[8.0436,44.41224],[8.04391,44.41249],[8.04406,44.41262],[8.04421,44.41275],[8.04434,44.41286],[8.04456,44.41303],[8.04478,44.41321],[8.04493,44.41325],[8.04513,44.4133],[8.04536,44.41336],[8.0454,44.41337],[8.04546,44.41339],[8.04583,44.41347],[8.04616,44.41355],[8.04641,44.41362],[8.04674,44.41369],[8.04705,44.41378],[8.04724,44.41384],[8.04692,44.41426],[8.04679,44.41441],[8.0467,44.41452],[8.04654,44.41473],[8.04638,44.41492],[8.0463,44.41502],[8.04627,44.41513],[8.04617,44.41542],[8.04593,44.41562],[8.04567,44.41582],[8.04535,44.41607],[8.04488,44.41645],[8.04438,44.41684],[8.04398,44.41717],[8.04398,44.41756],[8.04393,44.41757],[8.04375,44.41763],[8.04357,44.41811],[8.04354,44.4182],[8.04354,44.41845],[8.04362,44.4186],[8.04376,44.41884],[8.04363,44.41907],[8.04362,44.41909],[8.04363,44.41911],[8.04366,44.41926],[8.04359,44.41951],[8.04358,44.41958],[8.04359,44.41972],[8.04349,44.41989],[8.04348,44.41995],[8.04346,44.42002],[8.04346,44.42005],[8.04345,44.42012],[8.04339,44.42031],[8.04331,44.42044],[8.04328,44.42046],[8.04325,44.42049],[8.04314,44.42061],[8.04306,44.42069],[8.04292,44.42088],[8.04275,44.42108],[8.04274,44.42118],[8.04273,44.4213],[8.04272,44.42137],[8.04272,44.42142],[8.04272,44.42147],[8.04272,44.42149],[8.04272,44.42154],[8.04315,44.42186],[8.04361,44.42248],[8.04381,44.42275],[8.0439,44.42287],[8.04395,44.42295],[8.04408,44.42311],[8.04428,44.42337],[8.04437,44.42349],[8.04446,44.42361],[8.04452,44.42369],[8.04455,44.42374],[8.04474,44.42402],[8.04499,44.4244],[8.04526,44.42478],[8.04537,44.42495],[8.04553,44.42518],[8.04564,44.42534],[8.04579,44.42558],[8.04586,44.42567],[8.04607,44.42599],[8.04612,44.42606],[8.04621,44.42618],[8.04627,44.42626],[8.04629,44.4263],[8.04636,44.4264],[8.04635,44.42641],[8.04596,44.42647],[8.04544,44.42645],[8.04513,44.42644],[8.04512,44.42644],[8.04512,44.42644],[8.04487,44.42643],[8.04483,44.42643],[8.04472,44.42643],[8.04469,44.42643],[8.04461,44.42644],[8.04452,44.42644],[8.04428,44.42644],[8.04426,44.42644],[8.04419,44.42646],[8.04414,44.42646],[8.04405,44.42648],[8.04399,44.42649],[8.04384,44.42649],[8.04375,44.4265],[8.04356,44.42652],[8.04347,44.42651],[8.04334,44.42652],[8.0433,44.42653],[8.04321,44.42653],[8.04312,44.42653],[8.04299,44.42653],[8.04288,44.42653],[8.04287,44.42653],[8.0428,44.42654],[8.04265,44.42652],[8.04254,44.42657],[8.04252,44.42657],[8.04247,44.4266],[8.0424,44.42662],[8.04236,44.42661],[8.04222,44.42663],[8.04219,44.42663],[8.04212,44.42665],[8.04205,44.42667],[8.04196,44.42667],[8.0419,44.42667],[8.04175,44.42672],[8.04167,44.42669],[8.04147,44.42662],[8.04143,44.4266],[8.0414,44.42658],[8.04136,44.4266],[8.04128,44.42662],[8.04117,44.42664],[8.04097,44.42663],[8.04085,44.42662],[8.04072,44.42663],[8.04066,44.42662],[8.04062,44.42663],[8.04053,44.42663],[8.04051,44.42665],[8.04047,44.42665],[8.04043,44.42667],[8.0404,44.42667],[8.04036,44.42666],[8.04036,44.42666],[8.04009,44.42672],[8.04002,44.42671],[8.03998,44.42672],[8.0399,44.42675],[8.03987,44.42674],[8.03984,44.42673],[8.03979,44.42673],[8.03969,44.42676],[8.03961,44.42675],[8.03955,44.42675],[8.03945,44.42675],[8.03937,44.42672],[8.03934,44.42671],[8.03927,44.42673],[8.0392,44.42672],[8.03913,44.42671],[8.03899,44.42672],[8.03884,44.42678],[8.03873,44.42678],[8.03866,44.42681],[8.03853,44.42684],[8.0385,44.42686],[8.03848,44.42687],[8.03846,44.42691],[8.03838,44.42692],[8.03828,44.42697],[8.03818,44.42698],[8.03815,44.42699],[8.038,44.42704],[8.03792,44.42712],[8.03784,44.42712],[8.03783,44.42716],[8.03779,44.42718],[8.0377,44.42718],[8.03759,44.42723],[8.03748,44.42732],[8.03742,44.42731],[8.03739,44.42733],[8.03737,44.42734],[8.0373,44.42737],[8.03727,44.42738],[8.03709,44.42742],[8.03705,44.42745],[8.03701,44.42749],[8.03698,44.4275],[8.03693,44.42751],[8.03693,44.42752],[8.03686,44.42756],[8.03675,44.42759],[8.03667,44.42765],[8.03663,44.42765],[8.03653,44.42771],[8.03644,44.42777],[8.0364,44.42781],[8.03637,44.42782],[8.03631,44.42784],[8.03623,44.42793],[8.0362,44.42796],[8.03617,44.42798],[8.03608,44.42801],[8.03605,44.42802],[8.03592,44.42809],[8.03574,44.42811],[8.03571,44.42811],[8.03556,44.4281],[8.03545,44.42812],[8.03527,44.42815],[8.0352,44.42806],[8.0351,44.42799],[8.03506,44.42799],[8.03499,44.428],[8.03496,44.428],[8.03479,44.42805],[8.03477,44.42804],[8.03461,44.42799],[8.03456,44.42798],[8.03424,44.42782],[8.03409,44.42775],[8.03407,44.42774],[8.03387,44.42769],[8.03376,44.42767],[8.0337,44.42763],[8.03356,44.42757],[8.03348,44.42753],[8.03333,44.42743],[8.03325,44.42737],[8.03307,44.42735],[8.033,44.42734],[8.03286,44.42728],[8.03277,44.42723],[8.03277,44.42723],[8.03274,44.42721],[8.0327,44.42716],[8.03264,44.42709],[8.0325,44.42704],[8.03237,44.42705],[8.03232,44.42708],[8.0323,44.42717],[8.03231,44.42725],[8.03228,44.42733],[8.03225,44.42744],[8.03218,44.42751],[8.03214,44.42756],[8.032,44.42751],[8.03193,44.42736],[8.03183,44.42726],[8.03174,44.42731],[8.03165,44.42746],[8.03162,44.4275],[8.03154,44.42754],[8.03149,44.42755],[8.03143,44.42752],[8.03141,44.4275],[8.03139,44.42749],[8.03126,44.42735],[8.03115,44.42732],[8.03099,44.42733],[8.03093,44.42734],[8.03091,44.42734],[8.03082,44.42733],[8.03074,44.42728],[8.0307,44.42726],[8.03052,44.42712],[8.03043,44.42708],[8.0302,44.42715],[8.0301,44.42718],[8.03003,44.42719],[8.02987,44.42712],[8.02985,44.42711],[8.02981,44.42709],[8.02965,44.42701],[8.02921,44.42697],[8.02915,44.42696],[8.02897,44.42691],[8.02892,44.42688],[8.02881,44.42683],[8.02876,44.42679],[8.02863,44.4268],[8.02852,44.42691],[8.02848,44.42694],[8.02836,44.4269],[8.02812,44.42706],[8.02814,44.42717],[8.02807,44.42719],[8.02802,44.42721],[8.02786,44.42727],[8.0278,44.42728],[8.02777,44.42729],[8.02772,44.42733],[8.0276,44.42738],[8.02755,44.42742],[8.02752,44.42742],[8.02749,44.42744],[8.02743,44.42745],[8.02733,44.4275],[8.0271,44.4275],[8.02708,44.42755],[8.027,44.42759],[8.02697,44.4276],[8.02693,44.4276],[8.02684,44.4276],[8.02674,44.42757],[8.02655,44.42766],[8.02641,44.42772],[8.02639,44.42773],[8.026,44.4279],[8.02559,44.42809],[8.02559,44.4281],[8.02533,44.42822],[8.02511,44.42832],[8.02482,44.42846],[8.02478,44.42847],[8.02449,44.4286],[8.02437,44.42866],[8.02375,44.42894],[8.02371,44.42895],[8.02371,44.42894],[8.02364,44.42896],[8.02341,44.429],[8.02317,44.42905],[8.02304,44.42907],[8.0229,44.4291],[8.0226,44.42916],[8.02256,44.42916],[8.02254,44.42922],[8.02253,44.42925],[8.0225,44.42933],[8.02248,44.42938],[8.02248,44.4294],[8.02246,44.42948],[8.02244,44.4296],[8.02243,44.42967],[8.02244,44.4298],[8.02245,44.42988],[8.02244,44.42993],[8.02244,44.42999],[8.02244,44.43001],[8.0224,44.43014],[8.02238,44.43017],[8.02234,44.43025],[8.02222,44.43045],[8.02216,44.43057],[8.0221,44.43071],[8.02206,44.43078],[8.02194,44.4309],[8.0218,44.43104],[8.02179,44.43106],[8.02176,44.43108],[8.02169,44.43113],[8.02166,44.43115],[8.02147,44.43129],[8.0213,44.43142],[8.02124,44.43148],[8.0211,44.43159],[8.02105,44.43162],[8.02105,44.43162],[8.02127,44.43177],[8.02168,44.43205],[8.02171,44.43216],[8.02172,44.43218],[8.02176,44.43224],[8.02197,44.43253],[8.02198,44.43254],[8.02208,44.43279],[8.02214,44.43291],[8.02217,44.433],[8.02221,44.43307],[8.02224,44.43314],[8.02227,44.4332],[8.0223,44.43325],[8.02231,44.43328],[8.02238,44.43346],[8.02242,44.43356],[8.02243,44.43358],[8.02246,44.43365],[8.02251,44.43371],[8.02256,44.43378],[8.02258,44.4338],[8.02266,44.4339],[8.02271,44.43395],[8.02282,44.43408],[8.02301,44.43417],[8.02307,44.43417],[8.02318,44.43424],[8.02322,44.43435],[8.02321,44.43438],[8.02319,44.43447],[8.02319,44.43456],[8.02312,44.4346],[8.02313,44.43473],[8.02316,44.43482],[8.02325,44.43496],[8.02329,44.43501],[8.02329,44.43518],[8.02342,44.43534],[8.02348,44.43555],[8.02352,44.43575],[8.0237,44.43597],[8.02374,44.43622],[8.02376,44.4363],[8.02385,44.4368],[8.02367,44.43689],[8.0232,44.43712],[8.02314,44.43715],[8.0231,44.43717],[8.02292,44.43726],[8.02256,44.43751],[8.02253,44.43753],[8.02241,44.43767],[8.02235,44.43774],[8.02233,44.43776],[8.02229,44.43779],[8.02195,44.438],[8.02182,44.43826],[8.02177,44.43836],[8.02195,44.43852],[8.02208,44.43863],[8.02217,44.43871],[8.02236,44.43888],[8.02256,44.43873],[8.02258,44.43871],[8.02267,44.43865],[8.02269,44.43864],[8.02294,44.43875],[8.02313,44.43884],[8.02313,44.43887],[8.02316,44.43914],[8.0232,44.43948],[8.02355,44.43947],[8.02344,44.44001],[8.02337,44.44034],[8.0232,44.4408],[8.02319,44.44083],[8.02314,44.44102],[8.02312,44.44111],[8.02315,44.44122],[8.02326,44.44125],[8.02372,44.44123],[8.02391,44.44144],[8.02385,44.44167],[8.02384,44.44171],[8.02407,44.44188],[8.02399,44.442],[8.0241,44.44205],[8.02448,44.4422],[8.02442,44.44233],[8.02447,44.44235],[8.02447,44.44238],[8.02442,44.44265],[8.02449,44.44275],[8.02444,44.4428],[8.02441,44.44283],[8.02432,44.44295],[8.0243,44.44299],[8.02426,44.44307],[8.02425,44.44309],[8.02413,44.44319],[8.02409,44.44327],[8.02395,44.44336],[8.02391,44.44343],[8.02372,44.44359],[8.02368,44.44365],[8.02354,44.44388],[8.0235,44.44395],[8.02345,44.444],[8.0234,44.4441],[8.02335,44.44418],[8.0233,44.44422],[8.02321,44.44428],[8.02316,44.4443],[8.02307,44.44433],[8.02302,44.44439],[8.02284,44.44448],[8.02283,44.4445],[8.02265,44.44467],[8.0226,44.44482],[8.02265,44.44489],[8.02263,44.44491],[8.02232,44.445],[8.02235,44.44513],[8.02222,44.44532],[8.0222,44.44535],[8.02251,44.44534],[8.02277,44.44542],[8.02289,44.44551],[8.02303,44.44566],[8.02305,44.44568],[8.02328,44.44576],[8.02349,44.4458],[8.02415,44.44574],[8.0242,44.44574],[8.02435,44.44573],[8.02442,44.44573],[8.02457,44.44572],[8.02463,44.44565],[8.02467,44.44563],[8.02484,44.4456],[8.02523,44.44572],[8.02552,44.44589],[8.02557,44.44592],[8.02577,44.44607],[8.02585,44.44618],[8.02589,44.4462],[8.02602,44.4462],[8.02605,44.4462],[8.02608,44.4462],[8.02641,44.44614],[8.0265,44.44616],[8.02669,44.4462],[8.02675,44.44626],[8.02678,44.44628],[8.02683,44.44632],[8.02689,44.44637],[8.02705,44.44643],[8.02717,44.44644],[8.02722,44.44644],[8.02727,44.44644],[8.02743,44.44643],[8.02746,44.44642],[8.0275,44.4464],[8.02773,44.44637],[8.02778,44.44636],[8.02785,44.44635],[8.02797,44.44642],[8.02823,44.44653],[8.02825,44.44655],[8.02821,44.44661],[8.02812,44.44676],[8.02818,44.44681],[8.02832,44.44685],[8.02848,44.44682],[8.02854,44.44682],[8.02856,44.44681],[8.02861,44.4468],[8.02863,44.44672],[8.02866,44.44668],[8.02871,44.44666],[8.02881,44.44657],[8.02883,44.44656],[8.02905,44.44654],[8.0291,44.44653],[8.02929,44.44654],[8.02932,44.44654],[8.02965,44.44665],[8.02968,44.44666],[8.02972,44.44668],[8.02979,44.44671],[8.02981,44.44672],[8.02994,44.44677],[8.02999,44.44676],[8.03002,44.44676],[8.03008,44.44676],[8.0302,44.44675],[8.03037,44.44673],[8.03047,44.44674],[8.03053,44.44674],[8.03064,44.44674],[8.03072,44.44675],[8.03083,44.44677],[8.03091,44.44679],[8.03097,44.4468],[8.031,44.44682],[8.03104,44.44693],[8.03104,44.44703],[8.03108,44.44708],[8.03109,44.4471],[8.03115,44.44715],[8.03118,44.44716],[8.03124,44.44719],[8.0314,44.44723],[8.0315,44.44724],[8.03161,44.44725],[8.03169,44.44733],[8.03172,44.44737],[8.03177,44.44745],[8.03181,44.44754],[8.03184,44.44759],[8.03185,44.44762],[8.03187,44.44765],[8.03189,44.44768],[8.03191,44.44778],[8.03192,44.44785],[8.03204,44.44797],[8.03213,44.44806],[8.03216,44.44809],[8.03221,44.44815],[8.03234,44.44829],[8.0324,44.4483],[8.03247,44.44831],[8.03251,44.44831],[8.03258,44.44834],[8.0327,44.4484],[8.03272,44.44841],[8.03278,44.44845],[8.03283,44.44848],[8.03291,44.44855],[8.03299,44.4486],[8.03301,44.44862],[8.0331,44.44871],[8.03312,44.44872],[8.03314,44.44874],[8.0332,44.44878],[8.03341,44.44884],[8.03347,44.44884],[8.03355,44.44886],[8.03365,44.4489],[8.03376,44.44892],[8.03398,44.44892],[8.03408,44.44887],[8.03414,44.44883],[8.03418,44.44878],[8.03421,44.44874],[8.03424,44.44865],[8.03426,44.44861],[8.03423,44.4485],[8.03423,44.44849],[8.03429,44.44841],[8.03435,44.44838],[8.03438,44.44838],[8.03448,44.44832],[8.03454,44.44824],[8.03459,44.44822],[8.03467,44.44811],[8.03478,44.448],[8.03478,44.44797],[8.03486,44.44796],[8.03488,44.4479],[8.03495,44.44785],[8.03507,44.44781],[8.03511,44.44779],[8.03526,44.4477],[8.03532,44.44761],[8.03541,44.44749],[8.03546,44.44744],[8.03548,44.44742],[8.03559,44.44734],[8.03569,44.44726],[8.0358,44.44721],[8.03585,44.44719],[8.03598,44.44714],[8.03627,44.44703],[8.03633,44.447],[8.03679,44.44681],[8.03686,44.44678],[8.03706,44.44674],[8.0372,44.44671],[8.03736,44.44665],[8.03744,44.44663],[8.03747,44.44662],[8.03764,44.44652],[8.03786,44.44639],[8.03802,44.4463],[8.03811,44.44625],[8.0382,44.44616],[8.03837,44.446],[8.03852,44.44585],[8.03858,44.4458],[8.0387,44.44567],[8.03874,44.44562],[8.03892,44.44552],[8.03915,44.4454],[8.03926,44.44534],[8.03931,44.44536],[8.03936,44.44533],[8.0396,44.44516],[8.0397,44.44507],[8.03981,44.44497],[8.04002,44.44479],[8.04008,44.44474],[8.0401,44.44472],[8.04018,44.44467],[8.04037,44.44453],[8.04052,44.44443],[8.04055,44.44441],[8.04059,44.44439],[8.04077,44.44427],[8.04083,44.44424],[8.04089,44.4442],[8.04113,44.44414],[8.04126,44.4441],[8.04134,44.44408],[8.0415,44.44404],[8.04169,44.44396],[8.04205,44.44381],[8.04253,44.4436],[8.04278,44.44371],[8.04296,44.44379],[8.04303,44.44375],[8.0431,44.44369],[8.04317,44.44364],[8.04328,44.44355],[8.04335,44.44349],[8.04337,44.44348],[8.0434,44.44345],[8.04349,44.44339],[8.04356,44.44335],[8.0436,44.44332],[8.04367,44.44328],[8.04383,44.44318],[8.04394,44.44307],[8.04403,44.44295],[8.04406,44.44291],[8.04415,44.44281],[8.04418,44.44277],[8.04427,44.44262],[8.04434,44.44252],[8.04438,44.44243],[8.04456,44.4423],[8.04462,44.44226],[8.04478,44.44216],[8.04481,44.44214],[8.04491,44.44208],[8.0451,44.44197],[8.04514,44.44194],[8.04523,44.44187],[8.04528,44.44184],[8.04537,44.44176],[8.04545,44.4417],[8.04549,44.44166],[8.04553,44.44161],[8.04554,44.44159],[8.04559,44.44151],[8.04561,44.44147],[8.04561,44.44143],[8.04562,44.44141],[8.04563,44.44137],[8.04567,44.44134],[8.04572,44.44131],[8.04593,44.44116],[8.04604,44.4411],[8.04625,44.44098],[8.04642,44.44089],[8.04663,44.44077],[8.04674,44.44071],[8.0469,44.44064],[8.04698,44.4406],[8.047,44.44062],[8.04702,44.4406],[8.04723,44.44049],[8.04742,44.44039],[8.04746,44.44036],[8.0476,44.44028],[8.04795,44.44008],[8.04824,44.43992],[8.04841,44.43982],[8.04845,44.4398],[8.04848,44.4398],[8.0487,44.4399],[8.04893,44.44],[8.04913,44.44008],[8.04927,44.44014],[8.04939,44.44021],[8.04942,44.44023],[8.04956,44.44032],[8.04975,44.44044],[8.04994,44.44056],[8.05001,44.44061],[8.05013,44.44067],[8.05024,44.44073],[8.0503,44.44076],[8.05046,44.44084],[8.05058,44.44091],[8.05077,44.44101],[8.05083,44.44104],[8.05094,44.44112],[8.05097,44.44115],[8.05105,44.44122],[8.05115,44.44131],[8.05117,44.44133],[8.05126,44.44138],[8.05128,44.4414],[8.05134,44.44143],[8.05143,44.44148],[8.05158,44.44154],[8.05161,44.44155],[8.05174,44.44157],[8.05188,44.44158],[8.05189,44.44158],[8.05197,44.44156],[8.052,44.44156],[8.05225,44.44151],[8.05235,44.44151],[8.05249,44.44151],[8.05269,44.44152],[8.05272,44.44152],[8.05277,44.44152],[8.05284,44.44152],[8.05293,44.44151],[8.05302,44.4415],[8.05314,44.44149],[8.05319,44.44149],[8.05328,44.44149],[8.05331,44.44149],[8.05338,44.44151],[8.05346,44.44153],[8.0535,44.44156],[8.05358,44.44161],[8.05365,44.4417],[8.05369,44.44174],[8.0537,44.44176],[8.05378,44.4419],[8.05383,44.44197],[8.05388,44.44206],[8.05388,44.44217],[8.05388,44.44217],[8.054,44.44227],[8.05409,44.44235],[8.05421,44.44246],[8.05441,44.44255],[8.05451,44.4426],[8.05466,44.44266],[8.05475,44.44271],[8.05484,44.44276],[8.05488,44.44278],[8.05504,44.44288],[8.05509,44.44291],[8.05515,44.44297],[8.05523,44.44304],[8.05526,44.44306],[8.05531,44.44311],[8.05536,44.44316],[8.05566,44.44345],[8.05586,44.44358],[8.05608,44.44369],[8.0562,44.44376],[8.05621,44.44377],[8.05629,44.44385],[8.05633,44.44389],[8.05643,44.44398],[8.05645,44.444],[8.05658,44.4441],[8.05665,44.44413],[8.05674,44.44418],[8.05676,44.44418],[8.05688,44.44423],[8.057,44.44429],[8.05722,44.4444],[8.05724,44.44441],[8.05776,44.44452],[8.05794,44.44465],[8.05806,44.44478],[8.05818,44.44491],[8.05827,44.44501],[8.05849,44.44523],[8.05853,44.44529],[8.05863,44.44545],[8.05877,44.44573],[8.05881,44.44592],[8.05887,44.44607],[8.05881,44.44607],[8.05886,44.44626],[8.05889,44.44633],[8.05885,44.44645],[8.05879,44.44647],[8.05892,44.44668],[8.05896,44.44676],[8.05908,44.44696],[8.05916,44.44708],[8.05978,44.44714],[8.06035,44.44719],[8.06064,44.44721],[8.06118,44.44726],[8.06127,44.44726],[8.06134,44.44727],[8.06141,44.44727],[8.06144,44.44727],[8.06188,44.44724],[8.06213,44.44722],[8.06255,44.44719],[8.06294,44.44716],[8.06319,44.44714],[8.06332,44.44714],[8.06357,44.44712],[8.06418,44.44708],[8.06422,44.44708],[8.0643,44.44707],[8.06435,44.44706],[8.06441,44.44705],[8.06445,44.44705],[8.06466,44.44703],[8.06524,44.44697],[8.06541,44.44696],[8.06559,44.44694],[8.06577,44.44692],[8.06605,44.44689],[8.0662,44.44688],[8.0668,44.44683],[8.067,44.44681],[8.06719,44.4468],[8.06745,44.44677],[8.06769,44.44675],[8.06806,44.44672],[8.06857,44.44667],[8.06864,44.44666],[8.06882,44.44664],[8.06911,44.44662],[8.06918,44.44661],[8.06941,44.44659],[8.06953,44.44658],[8.06975,44.44656],[8.06993,44.44654],[8.07001,44.44653],[8.07004,44.44654],[8.07025,44.44657],[8.07054,44.44663],[8.07103,44.44669],[8.07164,44.44677],[8.07182,44.44679],[8.07201,44.44683],[8.0724,44.44689],[8.07291,44.44693],[8.073,44.44693],[8.07318,44.44695],[8.07325,44.44696],[8.07338,44.44698],[8.0736,44.447],[8.07362,44.44701],[8.07417,44.44707],[8.07439,44.4471],[8.07445,44.44711],[8.07474,44.44715],[8.07493,44.44714],[8.07501,44.44713],[8.07531,44.4471],[8.07538,44.44709],[8.07567,44.44704],[8.07572,44.44703],[8.07589,44.447],[8.07596,44.44698],[8.07599,44.44697],[8.07617,44.44693],[8.07649,44.44689],[8.07674,44.44685],[8.07697,44.44683],[8.07724,44.44678],[8.0775,44.44676],[8.07795,44.44674],[8.07802,44.44673],[8.07844,44.44668],[8.07927,44.44656],[8.0793,44.44656],[8.07952,44.44655],[8.07965,44.44653],[8.0797,44.44653],[8.08007,44.44648],[8.08026,44.44646],[8.08044,44.44646],[8.08048,44.44646],[8.08052,44.44645],[8.08069,44.44643],[8.08073,44.44643],[8.081,44.44637],[8.08126,44.44631],[8.08142,44.44627],[8.08165,44.44622],[8.08178,44.44617],[8.08224,44.44602],[8.08241,44.44597],[8.08247,44.44596],[8.08274,44.44594],[8.08288,44.44593],[8.08313,44.44592],[8.08335,44.4459],[8.08359,44.44589],[8.08379,44.44587],[8.08395,44.44588],[8.08408,44.44588],[8.08446,44.44579],[8.08493,44.44534],[8.08512,44.44495],[8.0853,44.44475],[8.08531,44.44452],[8.08548,44.44428],[8.08554,44.4442],[8.08562,44.44409],[8.08557,44.4437],[8.08558,44.44367],[8.0856,44.44361],[8.08562,44.44358],[8.08562,44.44353],[8.08562,44.44348],[8.08563,44.44342],[8.08563,44.44339],[8.08569,44.44315],[8.08576,44.44285],[8.0858,44.44277],[8.08581,44.44275],[8.08585,44.44267],[8.0859,44.44259],[8.08594,44.44254],[8.08604,44.44238],[8.08632,44.44211],[8.0864,44.44203],[8.08646,44.44197],[8.08648,44.44195],[8.08658,44.44189],[8.08681,44.44176],[8.08702,44.44164],[8.08709,44.44159],[8.08714,44.44158],[8.08738,44.44148],[8.08747,44.44146],[8.08798,44.44126],[8.08841,44.44115],[8.08862,44.44108],[8.08869,44.44104],[8.08884,44.44097],[8.08894,44.44092],[8.08903,44.44087],[8.08913,44.44082],[8.08918,44.4408],[8.08934,44.44075],[8.08941,44.44073],[8.08953,44.44071],[8.08959,44.44071],[8.08983,44.44068],[8.08999,44.44066],[8.09016,44.44064],[8.09046,44.44061],[8.09057,44.44056],[8.09074,44.44049],[8.09081,44.44047],[8.09095,44.4404],[8.09101,44.44039],[8.09123,44.44032],[8.09147,44.44024],[8.09154,44.44022],[8.09175,44.44015],[8.09195,44.44009],[8.09202,44.44007],[8.09228,44.43999],[8.09232,44.43998],[8.09242,44.43995],[8.09252,44.43991],[8.09256,44.4399],[8.09263,44.43988],[8.09299,44.43978],[8.09345,44.43966],[8.09384,44.43955],[8.09389,44.43954],[8.09393,44.43953],[8.094,44.43951],[8.09416,44.43949],[8.09429,44.43946],[8.09433,44.43943],[8.09459,44.43921],[8.09492,44.4387],[8.09498,44.43849],[8.095,44.43839],[8.09501,44.43835],[8.09501,44.43829],[8.09501,44.43821],[8.09498,44.43797],[8.09496,44.43785],[8.09494,44.43772],[8.09493,44.43767],[8.0949,44.43761],[8.09486,44.43724],[8.09485,44.43704],[8.09485,44.43699],[8.09484,44.4367],[8.09488,44.43662],[8.09491,44.43657],[8.09495,44.43651],[8.09502,44.43643],[8.09513,44.43633],[8.09535,44.4361],[8.09539,44.43606],[8.09541,44.43605],[8.09551,44.43599],[8.09557,44.43595],[8.0956,44.43593],[8.09567,44.43587],[8.09575,44.4358],[8.09579,44.43577],[8.09587,44.4357],[8.09595,44.43563],[8.09603,44.43556],[8.09608,44.43552],[8.09612,44.43548],[8.09626,44.43536],[8.09633,44.4353],[8.09639,44.43525],[8.0965,44.43511],[8.09652,44.43508],[8.0966,44.43501],[8.09664,44.43496],[8.09668,44.43493],[8.09678,44.43485],[8.09685,44.4348],[8.09694,44.43474],[8.09704,44.43466],[8.09713,44.4346],[8.09717,44.43457],[8.09728,44.43447],[8.0973,44.43445],[8.09734,44.43438],[8.09739,44.43429],[8.09749,44.4342],[8.09764,44.43412],[8.0978,44.43403],[8.09798,44.43393],[8.09812,44.43404],[8.09822,44.43412],[8.09836,44.43423],[8.09843,44.4343],[8.09861,44.43444],[8.09864,44.43446],[8.09874,44.43452],[8.0989,44.43457],[8.09901,44.43462],[8.09909,44.43465],[8.09928,44.43472],[8.09935,44.43474],[8.0994,44.43475],[8.0996,44.43476],[8.09977,44.43479],[8.09986,44.4348],[8.09996,44.43481],[8.10032,44.43481],[8.10054,44.43481],[8.10066,44.43489],[8.10068,44.43495],[8.1007,44.43502],[8.10076,44.43504],[8.10079,44.43512],[8.10088,44.43515],[8.10091,44.4352],[8.10094,44.43526],[8.10095,44.43531],[8.10093,44.43538],[8.10098,44.43546],[8.10097,44.43563],[8.10101,44.43568],[8.10102,44.43571],[8.10102,44.43575],[8.10109,44.43586],[8.10114,44.43595],[8.10116,44.43597],[8.10121,44.43606],[8.10128,44.43613],[8.10129,44.43619],[8.10131,44.43628],[8.10133,44.43638],[8.10134,44.43644],[8.10134,44.43659],[8.10139,44.43665],[8.10145,44.43672],[8.10145,44.43686],[8.10153,44.43704],[8.10154,44.43706],[8.1016,44.43714],[8.10163,44.43717],[8.10169,44.43723],[8.10171,44.43736],[8.10176,44.43743],[8.10179,44.43746],[8.10183,44.43748],[8.10186,44.43755],[8.10189,44.43761],[8.1019,44.43763],[8.10203,44.43765],[8.10208,44.43764],[8.10211,44.43763],[8.10218,44.43759],[8.10224,44.43759],[8.10226,44.43763],[8.10234,44.43764],[8.10249,44.43766],[8.10255,44.43767],[8.1027,44.4377],[8.10275,44.43771],[8.10286,44.43766],[8.10288,44.43769],[8.10289,44.43771],[8.10294,44.43771],[8.10296,44.4377],[8.103,44.43769],[8.10311,44.43768],[8.10322,44.43776],[8.10329,44.43777],[8.10334,44.43778],[8.10339,44.43776],[8.10341,44.43776],[8.10346,44.43773],[8.1035,44.43771],[8.1036,44.43766],[8.10365,44.43762],[8.10372,44.4377],[8.10379,44.43768],[8.10395,44.43769],[8.104,44.43768],[8.10405,44.43769],[8.10407,44.43771],[8.1041,44.43773],[8.10416,44.43772],[8.10428,44.43768],[8.10436,44.43766],[8.10439,44.43767],[8.10453,44.43773],[8.10458,44.43783],[8.10473,44.43796],[8.10475,44.43796],[8.10484,44.43805],[8.10486,44.43808],[8.10487,44.43812],[8.10496,44.43817],[8.10502,44.43821],[8.10509,44.43826],[8.10513,44.43829],[8.10525,44.43837],[8.10536,44.43845],[8.1054,44.43854],[8.10553,44.43867],[8.10573,44.43887],[8.10597,44.43906],[8.10624,44.43931],[8.10632,44.43939],[8.10644,44.43947],[8.10646,44.43952],[8.10652,44.43956],[8.10662,44.43966],[8.10671,44.43979],[8.10684,44.43997],[8.10692,44.44007],[8.10695,44.44012],[8.10696,44.44014],[8.107,44.44022],[8.10704,44.44028],[8.10707,44.44036],[8.1071,44.4404],[8.10717,44.44051],[8.10727,44.44068],[8.10729,44.44072],[8.10737,44.44078],[8.10741,44.44083],[8.10749,44.44094],[8.10753,44.44099],[8.10756,44.44106],[8.10762,44.44114],[8.10768,44.4412],[8.10769,44.44122],[8.10771,44.44126],[8.10774,44.44132],[8.10773,44.44142],[8.10772,44.4415],[8.10772,44.44161],[8.1077,44.44169],[8.10769,44.44171],[8.1077,44.44181],[8.1077,44.44188],[8.10761,44.44195],[8.10761,44.44203],[8.10763,44.44213],[8.1076,44.44225],[8.1076,44.44231],[8.10762,44.44238],[8.10757,44.44243],[8.10744,44.44257],[8.10745,44.44265],[8.10743,44.44271],[8.10743,44.44279],[8.10746,44.44285],[8.1074,44.44296],[8.10738,44.44299],[8.10741,44.44301],[8.10744,44.44303],[8.1075,44.44302],[8.1076,44.44302],[8.10762,44.44308],[8.10766,44.44316],[8.10773,44.44337],[8.10785,44.44367],[8.10792,44.44386],[8.10809,44.44398],[8.10829,44.44412],[8.1084,44.44419],[8.10842,44.4442],[8.10847,44.44423],[8.10852,44.44428],[8.10855,44.44432],[8.10866,44.44446],[8.1087,44.44451],[8.10894,44.44465],[8.10897,44.4447],[8.10888,44.44475],[8.10896,44.44494],[8.10913,44.44504],[8.10914,44.44527],[8.10915,44.44538],[8.10915,44.44545],[8.1092,44.44551],[8.10951,44.44567],[8.10975,44.44579],[8.10991,44.44587],[8.10998,44.4459],[8.11018,44.446],[8.11031,44.44608],[8.11028,44.44611],[8.11023,44.44615],[8.11006,44.44633],[8.1097,44.4467],[8.1096,44.44681],[8.10941,44.447],[8.10921,44.4472],[8.10909,44.44732],[8.10902,44.44738],[8.10883,44.4475],[8.10886,44.44761],[8.10858,44.44776],[8.10845,44.4478],[8.10842,44.44782],[8.10823,44.44792],[8.10821,44.44794],[8.10814,44.44799],[8.10812,44.448],[8.10807,44.44807],[8.10795,44.4481],[8.10762,44.44809],[8.10748,44.44827],[8.10747,44.44829],[8.10746,44.44835],[8.10735,44.44847],[8.10734,44.44849],[8.10732,44.44851],[8.10733,44.44858],[8.10742,44.44873],[8.10741,44.44875],[8.10725,44.44907],[8.10716,44.44924],[8.10694,44.4494],[8.10691,44.44943],[8.10689,44.4495],[8.10685,44.44973],[8.10684,44.44979],[8.10683,44.44983],[8.10683,44.44992],[8.10706,44.45013],[8.10712,44.45023],[8.10714,44.45027],[8.10713,44.45033],[8.10712,44.4504],[8.10717,44.4505],[8.10719,44.45051],[8.10729,44.45058],[8.10741,44.4507],[8.10743,44.45072],[8.10754,44.45097],[8.10758,44.45106],[8.1076,44.45115],[8.10755,44.45119],[8.10752,44.45121],[8.10734,44.45128],[8.10725,44.45132],[8.10719,44.45134],[8.1071,44.45138],[8.10695,44.45144],[8.10682,44.4515],[8.10662,44.45158],[8.10646,44.45164],[8.10628,44.45171],[8.10622,44.45186],[8.10638,44.45192],[8.10652,44.45197],[8.10665,44.45202],[8.10681,44.45208],[8.10691,44.4521],[8.10685,44.45222],[8.10657,44.4523],[8.10635,44.45237],[8.1061,44.45246],[8.10605,44.45247],[8.10621,44.4527],[8.10641,44.45287],[8.10643,44.4529],[8.10649,44.45298],[8.10652,44.45299],[8.10658,44.45304],[8.10663,44.45307],[8.10665,44.45309],[8.10674,44.45316],[8.10685,44.45326],[8.10693,44.45333],[8.10698,44.45337],[8.10702,44.45339],[8.10706,44.45344],[8.10713,44.4535],[8.10713,44.45355],[8.10713,44.45357],[8.1071,44.45367],[8.10707,44.45374],[8.10703,44.4538],[8.10692,44.45396],[8.10682,44.4541],[8.10678,44.45415],[8.10674,44.45419],[8.1067,44.45423],[8.10668,44.45425],[8.10665,44.45427],[8.10655,44.45433],[8.10649,44.4544],[8.10642,44.45449],[8.10629,44.45458],[8.10624,44.45462],[8.10622,44.45463],[8.10613,44.45468],[8.10605,44.45474],[8.10602,44.45476],[8.10596,44.45479],[8.10582,44.45485],[8.10563,44.4549],[8.10559,44.45493],[8.10554,44.45505],[8.10553,44.45507],[8.1055,44.45512],[8.10548,44.45515],[8.10537,44.45518],[8.10531,44.45517],[8.10525,44.45517],[8.10518,44.45517],[8.10505,44.45519],[8.10499,44.4552],[8.10484,44.45523],[8.10481,44.45524],[8.10472,44.45524],[8.10465,44.45524],[8.1046,44.45526],[8.10456,44.45535],[8.10451,44.45543],[8.10447,44.45549],[8.10441,44.45553],[8.10426,44.45565],[8.10422,44.45567],[8.10414,44.45574],[8.104,44.45585],[8.10371,44.45586],[8.10361,44.45589],[8.10358,44.45589],[8.10344,44.45599],[8.10333,44.45608],[8.10333,44.45613],[8.10332,44.45635],[8.10331,44.45649],[8.1033,44.45664],[8.1033,44.45669],[8.10343,44.4569],[8.10354,44.45706],[8.10361,44.45718],[8.10365,44.45723],[8.10367,44.45728],[8.10373,44.45739],[8.1038,44.45754],[8.10391,44.45765],[8.10404,44.45778],[8.10417,44.45794],[8.10425,44.45803],[8.10429,44.45808],[8.10437,44.45815],[8.10449,44.45824],[8.10458,44.45831],[8.10468,44.45838],[8.10456,44.45846],[8.1045,44.4585],[8.10441,44.45855],[8.10433,44.45858],[8.10431,44.45859],[8.10406,44.45871],[8.10387,44.45879],[8.10381,44.45892],[8.10353,44.45912],[8.10342,44.45927],[8.1034,44.45937],[8.10336,44.45955],[8.10325,44.45967],[8.10318,44.45975],[8.10314,44.45978],[8.1031,44.45981],[8.1029,44.4599],[8.10287,44.45987],[8.1028,44.45989],[8.10272,44.4599],[8.10269,44.4599],[8.10252,44.45991],[8.10237,44.45988],[8.10235,44.45988],[8.10229,44.45987],[8.10224,44.45986],[8.10217,44.45984],[8.10201,44.45979],[8.10185,44.45975],[8.10173,44.45974],[8.10161,44.45974],[8.10159,44.45974],[8.10146,44.45972],[8.10136,44.45987],[8.10121,44.46007],[8.10105,44.46029],[8.10101,44.46035],[8.10084,44.46049],[8.10068,44.46062],[8.10014,44.46099],[8.0999,44.46116],[8.09985,44.46119],[8.09968,44.4613],[8.09964,44.46133],[8.0996,44.46136],[8.09938,44.46153],[8.09928,44.4616],[8.09913,44.4617],[8.09905,44.46176],[8.09893,44.46185],[8.09872,44.46211],[8.09857,44.46231],[8.09853,44.46236],[8.09843,44.46247],[8.09842,44.46249],[8.09832,44.46268],[8.09826,44.46276],[8.09824,44.46278],[8.09816,44.46289],[8.09813,44.46296],[8.09808,44.46306],[8.09805,44.46313],[8.09806,44.46326],[8.09806,44.4633],[8.09803,44.46343],[8.09802,44.46344],[8.09799,44.46348],[8.09796,44.46352],[8.09794,44.46354],[8.09781,44.46362],[8.0977,44.46367],[8.09748,44.46382],[8.09737,44.4639],[8.09735,44.46392],[8.09733,44.46394],[8.09728,44.46401],[8.09726,44.46404],[8.09722,44.4641],[8.0972,44.46412],[8.09717,44.46418],[8.09713,44.46423],[8.09702,44.46428],[8.09694,44.46432],[8.09691,44.46433],[8.09681,44.46437],[8.09677,44.46442],[8.09673,44.46443],[8.0967,44.46445],[8.09657,44.46452],[8.09644,44.46459],[8.09636,44.46464],[8.09632,44.46463],[8.09616,44.46462],[8.09612,44.46463],[8.09613,44.46474],[8.09616,44.465],[8.09618,44.46519],[8.09622,44.46553],[8.09624,44.46567],[8.096,44.46571],[8.09606,44.46587],[8.09613,44.46603],[8.09621,44.4662],[8.09624,44.46628],[8.09623,44.46632],[8.09626,44.46642],[8.09631,44.46655],[8.09638,44.46674],[8.09642,44.46683],[8.09643,44.46687],[8.0965,44.46687],[8.09662,44.46709],[8.09668,44.46721],[8.09675,44.46733],[8.09679,44.46745],[8.09682,44.46752],[8.09683,44.46757],[8.09692,44.46785],[8.09672,44.46789],[8.09649,44.46793],[8.09667,44.46803],[8.0968,44.46814],[8.09685,44.46821],[8.09697,44.46833],[8.09701,44.46836],[8.09716,44.46846],[8.09719,44.46848],[8.09728,44.46856],[8.09734,44.46861],[8.09744,44.4687],[8.0975,44.46875],[8.09757,44.46881],[8.09762,44.46886],[8.09765,44.46888],[8.09767,44.4689],[8.09769,44.46892],[8.09774,44.46895],[8.09779,44.46899],[8.09782,44.46901],[8.09791,44.46909],[8.09804,44.46921],[8.09815,44.46932],[8.09817,44.46933],[8.09819,44.46936],[8.09826,44.46949],[8.09831,44.46957],[8.09832,44.46959],[8.09836,44.46966],[8.09842,44.46978],[8.09845,44.46984],[8.09847,44.46988],[8.0985,44.46998],[8.09853,44.47006],[8.09851,44.47016],[8.09849,44.47026],[8.09847,44.4703],[8.09846,44.47032],[8.09845,44.47034],[8.0984,44.47042],[8.09817,44.47057],[8.09791,44.47065],[8.09776,44.47071],[8.09773,44.47072],[8.09769,44.47073],[8.09746,44.47079],[8.09731,44.47083],[8.09738,44.47098],[8.0974,44.47102],[8.09731,44.47102],[8.09732,44.47105],[8.09734,44.47109],[8.09737,44.47114],[8.09741,44.4712],[8.09741,44.47127],[8.09741,44.47129],[8.09741,44.47138],[8.09742,44.47145],[8.09741,44.47151],[8.09739,44.47162],[8.09738,44.47171],[8.09737,44.47174],[8.09736,44.47179],[8.09735,44.47183],[8.09734,44.47186],[8.09733,44.4719],[8.09731,44.47196],[8.0973,44.472],[8.09729,44.47205],[8.09728,44.47208],[8.09727,44.47215],[8.09727,44.47217],[8.09726,44.4722],[8.09724,44.47223],[8.0972,44.4723],[8.09719,44.47234],[8.09718,44.4724],[8.09714,44.47252],[8.09713,44.47254],[8.0971,44.47262],[8.09709,44.47268],[8.09708,44.4727],[8.09703,44.47279],[8.09702,44.47281],[8.09703,44.47288],[8.09704,44.47296],[8.09711,44.47301],[8.09722,44.47307],[8.09735,44.47315],[8.09746,44.47321],[8.09749,44.47323],[8.09756,44.47328],[8.09765,44.47334],[8.0978,44.4734],[8.09786,44.47343],[8.09803,44.47347],[8.09805,44.47347],[8.09822,44.47348],[8.0983,44.47349],[8.09842,44.47348],[8.0985,44.47348],[8.09858,44.47347],[8.09874,44.47344],[8.09885,44.47343],[8.09894,44.47341],[8.09899,44.47341],[8.09899,44.47343],[8.099,44.47348],[8.099,44.47352],[8.09914,44.47352],[8.09923,44.47354],[8.09924,44.47365],[8.09919,44.47373],[8.09917,44.47377],[8.09913,44.47383],[8.09909,44.4739],[8.09905,44.47396],[8.09901,44.47404],[8.09898,44.47409],[8.09896,44.47412],[8.09893,44.47417],[8.0989,44.47422],[8.09887,44.47426],[8.09886,44.47431],[8.09884,44.47437],[8.09883,44.47441],[8.09882,44.47444],[8.09888,44.47448],[8.09894,44.47452],[8.09898,44.47455],[8.09904,44.47458],[8.09913,44.47465],[8.09914,44.47466],[8.09917,44.47468],[8.09924,44.47472],[8.09932,44.47477],[8.09943,44.47483],[8.09938,44.47487],[8.09931,44.47495],[8.09929,44.47497],[8.09926,44.47501],[8.0992,44.47508],[8.0992,44.4751],[8.0992,44.47512],[8.0992,44.47515],[8.0992,44.47518],[8.09916,44.47526],[8.09915,44.4753],[8.09908,44.47536],[8.09901,44.47542],[8.09893,44.47549],[8.09888,44.47553],[8.09887,44.47557],[8.09885,44.47565],[8.09873,44.47569],[8.09872,44.47572],[8.09869,44.47581],[8.09864,44.47584],[8.09862,44.4759],[8.09859,44.47598],[8.09858,44.47603],[8.0985,44.47605],[8.0984,44.47607],[8.09834,44.47608],[8.09824,44.47609],[8.09819,44.47609],[8.09816,44.4761],[8.09812,44.47615],[8.09809,44.47619],[8.098,44.47625],[8.09786,44.47635],[8.09778,44.47644],[8.09775,44.47647],[8.09772,44.47651],[8.09765,44.47654],[8.09758,44.47657],[8.09752,44.47662],[8.09747,44.47666],[8.09741,44.47672],[8.09734,44.47678],[8.09728,44.47684],[8.09721,44.4769],[8.09715,44.47695],[8.09707,44.47702],[8.09702,44.47707],[8.09695,44.47712],[8.09691,44.47717],[8.09687,44.4772],[8.09687,44.47725],[8.09687,44.4773],[8.09687,44.47737],[8.09687,44.47777],[8.09687,44.47779],[8.09683,44.47791],[8.09679,44.47801],[8.09677,44.47808],[8.09677,44.4781],[8.0968,44.47819],[8.09687,44.47831],[8.09694,44.47845],[8.09707,44.47869],[8.0971,44.47869],[8.09722,44.4787],[8.09729,44.4787],[8.09736,44.47876],[8.0974,44.47879],[8.09741,44.47881],[8.09745,44.47887],[8.09752,44.47897],[8.09758,44.47904],[8.09762,44.47909],[8.09769,44.47914],[8.09776,44.47919],[8.0979,44.47929],[8.09796,44.47933],[8.09812,44.47947],[8.09825,44.47953],[8.09845,44.47949],[8.09871,44.47951],[8.09874,44.47952],[8.0989,44.47959],[8.09894,44.47969],[8.09899,44.47974],[8.09902,44.47978],[8.09923,44.47978],[8.09941,44.47994],[8.09958,44.48008],[8.09956,44.48024],[8.0998,44.4803],[8.10023,44.48026],[8.10032,44.48028],[8.10029,44.48033],[8.10022,44.48046],[8.10013,44.4806],[8.10011,44.48064],[8.10007,44.48072],[8.10004,44.48075],[8.1,44.4808],[8.09999,44.48082],[8.09991,44.48093],[8.09986,44.48102],[8.09985,44.48104],[8.09979,44.48113],[8.09977,44.48115],[8.09973,44.48121],[8.09971,44.48124],[8.0996,44.4814],[8.09951,44.48151],[8.0995,44.48153],[8.09955,44.4816],[8.09958,44.48164],[8.09961,44.48168],[8.09964,44.48172],[8.09966,44.48175],[8.09988,44.48181],[8.10012,44.48187],[8.1002,44.4819],[8.10036,44.48194],[8.10058,44.48201],[8.10066,44.48204],[8.10075,44.48205],[8.10086,44.48206],[8.10104,44.48208],[8.10109,44.48209],[8.10144,44.48214],[8.10149,44.48214],[8.10157,44.48215],[8.10173,44.48214],[8.10181,44.48214],[8.10196,44.48212],[8.10199,44.48211],[8.10203,44.4821],[8.10233,44.48202],[8.10236,44.48201],[8.10275,44.48194],[8.10299,44.48188],[8.10303,44.48188],[8.10349,44.4818],[8.10425,44.48159],[8.10442,44.48155],[8.10471,44.48147],[8.10516,44.48128],[8.10518,44.48127],[8.10543,44.48118],[8.10577,44.48109],[8.1063,44.48095],[8.10698,44.48077],[8.10732,44.48068],[8.10743,44.48065],[8.10754,44.48077],[8.10763,44.48087],[8.10769,44.48094],[8.10775,44.481],[8.10793,44.48119],[8.108,44.48128],[8.10805,44.48132],[8.10809,44.48136],[8.10814,44.48142],[8.10818,44.48148],[8.10828,44.48162],[8.10836,44.48172],[8.10839,44.48175],[8.10847,44.48181],[8.10852,44.48185],[8.10856,44.48187],[8.10862,44.48191],[8.10867,44.48195],[8.10872,44.482],[8.10885,44.48207],[8.10889,44.48211],[8.10893,44.48213],[8.10904,44.48221],[8.1091,44.48227],[8.10914,44.4823],[8.1092,44.48236],[8.10929,44.48244],[8.10934,44.48249],[8.10937,44.48253],[8.10942,44.4826],[8.10945,44.48264],[8.1096,44.48281],[8.10972,44.48289],[8.10984,44.48298],[8.10988,44.48301],[8.10994,44.48304],[8.11,44.48307],[8.11008,44.4831],[8.11019,44.48316],[8.11021,44.48318],[8.11023,44.48319],[8.11032,44.48325],[8.11033,44.48326],[8.1104,44.48333],[8.11042,44.48334],[8.11056,44.48343],[8.11065,44.48349],[8.11068,44.4835],[8.11081,44.48358],[8.11094,44.48365],[8.11104,44.4837],[8.11109,44.48374],[8.11129,44.48386],[8.11133,44.48389],[8.1115,44.48401],[8.11154,44.48403],[8.11189,44.48428],[8.11193,44.48431],[8.11212,44.48444],[8.11215,44.48446],[8.11243,44.48465],[8.11246,44.48467],[8.11249,44.48469],[8.11261,44.48478],[8.11288,44.48498],[8.11304,44.48509],[8.11307,44.48511],[8.11319,44.4852],[8.11338,44.48534],[8.11341,44.48536],[8.11347,44.48541],[8.11358,44.48549],[8.11363,44.48553],[8.11376,44.48564],[8.11382,44.48568],[8.11387,44.48572],[8.1139,44.48575],[8.114,44.48583],[8.11403,44.48585],[8.11417,44.48597],[8.11421,44.48599],[8.11424,44.486],[8.11429,44.48601],[8.11443,44.48602],[8.11448,44.48603],[8.11475,44.48612],[8.11491,44.48617],[8.11518,44.48626],[8.11554,44.48637],[8.11568,44.4864],[8.11571,44.4862],[8.11571,44.48614],[8.1157,44.48608],[8.1157,44.48596],[8.11568,44.48574],[8.11566,44.4855],[8.11563,44.4852],[8.11562,44.48501],[8.11562,44.48473],[8.11564,44.48461],[8.11565,44.48459],[8.11569,44.48444],[8.1157,44.48437],[8.11573,44.48423],[8.11573,44.48416],[8.11573,44.48408],[8.11571,44.4839],[8.11569,44.48382],[8.11567,44.48378],[8.11564,44.4837],[8.1156,44.48362],[8.11552,44.48348],[8.1155,44.48345],[8.11533,44.48323],[8.11516,44.48299],[8.11508,44.48287],[8.11506,44.48282],[8.1149,44.48255],[8.11487,44.4825],[8.11473,44.48227],[8.11457,44.48194],[8.11449,44.4818],[8.11426,44.48133],[8.11425,44.48128],[8.11421,44.48113],[8.11405,44.48068],[8.11395,44.4805],[8.11393,44.48048],[8.11389,44.48044],[8.11377,44.48018],[8.11375,44.48016],[8.11349,44.47994],[8.11344,44.47988],[8.1134,44.47985],[8.11338,44.47983],[8.11334,44.47977],[8.11332,44.47967],[8.11327,44.47948],[8.11321,44.47938],[8.11316,44.47934],[8.11309,44.47927],[8.11289,44.47915],[8.11213,44.47891],[8.11159,44.47861],[8.11157,44.47857],[8.11154,44.47851],[8.11173,44.47839],[8.11173,44.47838],[8.11193,44.47824],[8.11195,44.47821],[8.11204,44.47814],[8.11221,44.47806],[8.11241,44.47801],[8.11264,44.47798],[8.11266,44.47797],[8.11301,44.47793],[8.11308,44.47792],[8.11339,44.47791],[8.11341,44.47784],[8.11343,44.47781],[8.11386,44.47793],[8.11414,44.47807],[8.11421,44.47809],[8.1143,44.47813],[8.11449,44.47821],[8.11458,44.47824],[8.11479,44.47827],[8.11482,44.47827],[8.11498,44.47832],[8.11525,44.47846],[8.11539,44.4785],[8.11565,44.47838],[8.11594,44.47836],[8.11632,44.4785],[8.11693,44.47854],[8.11704,44.47848],[8.11711,44.47845],[8.11741,44.47842],[8.11759,44.47853],[8.11783,44.47879],[8.11794,44.47884],[8.11803,44.47881],[8.11811,44.47875],[8.11816,44.47864],[8.11821,44.47852],[8.11839,44.47843],[8.11848,44.47845],[8.11856,44.47853],[8.11857,44.47863],[8.11857,44.47865],[8.11859,44.47872],[8.11863,44.47875],[8.11878,44.47876],[8.11882,44.47877],[8.11905,44.47878],[8.11911,44.47878],[8.11933,44.47883],[8.11936,44.47883],[8.11945,44.4789],[8.11954,44.47899],[8.11958,44.47903],[8.11966,44.47912],[8.11972,44.47919],[8.1198,44.47922],[8.11986,44.47925],[8.11989,44.47925],[8.12,44.47927],[8.12008,44.47929],[8.12023,44.47936],[8.12033,44.47957],[8.12036,44.47959],[8.1205,44.47969],[8.12056,44.47974],[8.12059,44.47975],[8.12083,44.47981],[8.12087,44.47981],[8.12117,44.47996],[8.1214,44.48007],[8.12145,44.4801],[8.12157,44.48014],[8.12172,44.48023],[8.12178,44.48026],[8.12192,44.48027],[8.12214,44.48027],[8.12216,44.48027],[8.12228,44.48028],[8.12279,44.4805],[8.12281,44.48052],[8.12289,44.48059],[8.12307,44.48067],[8.12314,44.48066],[8.12324,44.48066],[8.12331,44.48064],[8.12378,44.48054],[8.12383,44.48054],[8.12407,44.48052],[8.12418,44.48053],[8.12421,44.48054],[8.12438,44.48061],[8.12448,44.48059],[8.12453,44.48053],[8.12461,44.48046],[8.12483,44.48043],[8.12502,44.4803],[8.12505,44.48029],[8.12511,44.48028],[8.12539,44.48028],[8.12542,44.48025],[8.1255,44.48018],[8.12554,44.48014],[8.12561,44.48008],[8.12601,44.48003],[8.12604,44.48003],[8.12627,44.48004],[8.12642,44.48003],[8.12648,44.47999],[8.1265,44.47996],[8.12656,44.47993],[8.12664,44.47987],[8.12667,44.47982],[8.12678,44.47976],[8.12698,44.47977],[8.12712,44.47985],[8.12722,44.47982],[8.12726,44.47981],[8.12733,44.47979],[8.12745,44.47975],[8.1275,44.47968],[8.12751,44.47966],[8.12758,44.47959],[8.12768,44.47945],[8.12776,44.47941],[8.1279,44.4794],[8.12797,44.47935],[8.12795,44.47926],[8.128,44.47918],[8.12804,44.47913],[8.12812,44.47905],[8.1282,44.47901],[8.12834,44.47898],[8.12837,44.47893],[8.1284,44.47887],[8.12848,44.47878],[8.12854,44.47876],[8.1286,44.47874],[8.12864,44.47874],[8.1287,44.47874],[8.12875,44.47873],[8.12886,44.47873],[8.12888,44.47872],[8.12915,44.47861],[8.12923,44.47857],[8.12934,44.47854],[8.12947,44.47844],[8.1297,44.47833],[8.12989,44.47824],[8.12997,44.4782],[8.13,44.47818],[8.13005,44.47815],[8.13014,44.47808],[8.13015,44.47803],[8.13016,44.47801],[8.13013,44.47792],[8.13015,44.47785],[8.13018,44.47783],[8.13024,44.47778],[8.13031,44.47772],[8.13034,44.47769],[8.13038,44.47763],[8.13052,44.47754],[8.13066,44.47751],[8.13075,44.47743],[8.13083,44.4774],[8.13089,44.47737],[8.13112,44.47726],[8.13118,44.47724],[8.13124,44.47722],[8.13134,44.47719],[8.13145,44.47719],[8.13161,44.47712],[8.1317,44.47708],[8.13185,44.47702],[8.13203,44.477],[8.13212,44.47695],[8.1322,44.47686],[8.13223,44.47683],[8.13225,44.47682],[8.13227,44.4768],[8.13234,44.47676],[8.13237,44.47674],[8.13248,44.47671],[8.133,44.47674],[8.13318,44.47671],[8.1332,44.4767],[8.13329,44.47668],[8.13338,44.47664],[8.13343,44.47662],[8.13355,44.47657],[8.1336,44.47657],[8.13363,44.47656],[8.13388,44.47658],[8.13395,44.47652],[8.13416,44.47646],[8.13421,44.47638],[8.13431,44.47632],[8.13437,44.47626],[8.13439,44.47624],[8.13447,44.4762],[8.13456,44.4761],[8.1346,44.47606],[8.13469,44.47601],[8.13484,44.47597],[8.1349,44.47587],[8.13553,44.47567],[8.13563,44.47568],[8.13573,44.47566],[8.13578,44.47563],[8.13583,44.47559],[8.13589,44.47551],[8.13617,44.47539],[8.13629,44.47538],[8.13639,44.47534],[8.13646,44.47531],[8.13659,44.47525],[8.13671,44.47519],[8.13675,44.47518],[8.13703,44.47513],[8.13707,44.4751],[8.1371,44.47513],[8.13724,44.47515],[8.13727,44.47515],[8.13731,44.47515],[8.13741,44.47512],[8.13749,44.47512],[8.13759,44.47509],[8.1377,44.4751],[8.13776,44.47511],[8.13807,44.4751],[8.13816,44.47508],[8.13822,44.47501],[8.13831,44.47499],[8.13857,44.47497],[8.13863,44.47496],[8.13893,44.47491],[8.13909,44.47482],[8.13942,44.47471],[8.13958,44.47469],[8.13988,44.47465],[8.14003,44.47459],[8.14006,44.47458],[8.14014,44.47456],[8.14019,44.47455],[8.14023,44.47454],[8.14029,44.4745],[8.14037,44.47447],[8.14043,44.47444],[8.14047,44.47441],[8.14056,44.47436],[8.1406,44.47434],[8.14063,44.47432],[8.14077,44.47422],[8.14087,44.47421],[8.14089,44.4742],[8.14092,44.47415],[8.14095,44.47414],[8.14111,44.47406],[8.14115,44.47404],[8.14121,44.47401],[8.1413,44.47398],[8.14137,44.47394],[8.14141,44.47391],[8.14214,44.47363],[8.14235,44.47355],[8.14265,44.47344],[8.14292,44.47335],[8.14374,44.47349],[8.14387,44.47352],[8.14391,44.47353],[8.14419,44.47359],[8.1444,44.47362],[8.1445,44.47364],[8.14455,44.47365],[8.14474,44.47369],[8.1449,44.47371],[8.14495,44.47372],[8.14514,44.47374],[8.14541,44.47376],[8.14544,44.47385],[8.14545,44.4739],[8.14549,44.47403],[8.14551,44.47408],[8.14553,44.47416],[8.14557,44.47429],[8.14571,44.47458],[8.14575,44.47467],[8.14578,44.4747],[8.14601,44.47493],[8.14605,44.47497],[8.1462,44.4751],[8.14634,44.47522],[8.14643,44.4753],[8.14666,44.47549],[8.1469,44.47569],[8.14712,44.47587],[8.14722,44.47595],[8.14732,44.47604],[8.14735,44.47606],[8.1474,44.47609],[8.14768,44.47628],[8.14785,44.47639],[8.14815,44.47659],[8.14823,44.47663],[8.14827,44.47666],[8.14834,44.47668],[8.14841,44.47671],[8.14853,44.47676],[8.14859,44.47678],[8.14866,44.4768],[8.14872,44.47681],[8.14883,44.47685],[8.14915,44.47693],[8.1493,44.47697],[8.14935,44.47698],[8.1495,44.47701],[8.14956,44.47704],[8.14961,44.47706],[8.14966,44.47707],[8.1497,44.47708],[8.15018,44.47714],[8.15044,44.47716],[8.15055,44.47713],[8.15059,44.47712],[8.1509,44.47706],[8.15097,44.47705],[8.15103,44.47702],[8.15109,44.477],[8.15121,44.47695],[8.15132,44.47691],[8.15143,44.47689],[8.1515,44.47689],[8.15158,44.47688],[8.15161,44.47687],[8.15168,44.47684],[8.15186,44.47677],[8.15213,44.47668],[8.15245,44.47655],[8.15254,44.47652],[8.15288,44.47639],[8.15293,44.47638],[8.15355,44.47623],[8.1538,44.47617],[8.15385,44.47615],[8.15403,44.47612],[8.15446,44.47603],[8.15451,44.47601],[8.15509,44.47586],[8.15513,44.47585],[8.15582,44.47571],[8.15595,44.4757],[8.15632,44.47566],[8.1565,44.47565],[8.1569,44.4759],[8.15697,44.47595],[8.15725,44.47617],[8.15744,44.47629],[8.1578,44.47652],[8.15791,44.47659],[8.15798,44.47663],[8.15818,44.47677],[8.15856,44.47692],[8.15872,44.477],[8.15906,44.47717],[8.15916,44.47722],[8.15942,44.47735],[8.15979,44.47753],[8.15987,44.47757],[8.15998,44.47763],[8.16027,44.47789],[8.16032,44.47794],[8.16035,44.47797],[8.16071,44.47824],[8.16083,44.4783],[8.16087,44.47833],[8.161,44.4784],[8.1612,44.47851],[8.1613,44.47855],[8.16135,44.47857],[8.16151,44.47866],[8.16168,44.47875],[8.16182,44.47883],[8.16212,44.47899],[8.16216,44.47901],[8.16205,44.47927],[8.16191,44.47934],[8.16186,44.47937],[8.16179,44.47943],[8.1617,44.47951],[8.16166,44.47955],[8.16157,44.47969],[8.16146,44.47984],[8.1614,44.47993],[8.16136,44.47997],[8.16134,44.48],[8.16128,44.48005],[8.16121,44.48012],[8.16114,44.4803],[8.16117,44.48047],[8.16119,44.48058],[8.16118,44.48062],[8.16117,44.48068],[8.16116,44.48079],[8.16115,44.48084],[8.16108,44.48122],[8.1611,44.48133],[8.1612,44.48161],[8.16118,44.48181],[8.16117,44.48183],[8.16109,44.48199],[8.16105,44.48207],[8.161,44.48215],[8.1609,44.48234],[8.16084,44.48256],[8.16091,44.48282],[8.16092,44.48286],[8.16099,44.48307],[8.161,44.48312],[8.16104,44.48322],[8.16111,44.48343],[8.16115,44.48357],[8.1612,44.48373],[8.16125,44.48387],[8.16125,44.4839],[8.16128,44.48402],[8.16129,44.48405],[8.16131,44.48411],[8.16135,44.48417],[8.1614,44.48427],[8.16142,44.48429],[8.16145,44.48434],[8.16167,44.48462],[8.16177,44.48468],[8.16194,44.48494],[8.16202,44.48506],[8.16209,44.48517],[8.16217,44.48531],[8.16222,44.48542],[8.16225,44.48554],[8.16225,44.48558],[8.16225,44.48562],[8.16223,44.48578],[8.16222,44.48588],[8.16219,44.48602],[8.16214,44.48615],[8.16212,44.48619],[8.1621,44.4862],[8.16217,44.4864],[8.1622,44.48649],[8.16224,44.48669],[8.16224,44.48671],[8.16226,44.48674],[8.16233,44.48692],[8.16234,44.48694],[8.16236,44.48699],[8.16241,44.48707],[8.16242,44.4871],[8.16252,44.48728],[8.16264,44.48744],[8.16269,44.4875],[8.16276,44.48758],[8.16279,44.48761],[8.163,44.48782],[8.16314,44.48795],[8.16326,44.48805],[8.16328,44.48806],[8.16335,44.48813],[8.16349,44.48826],[8.16364,44.4884],[8.16399,44.48901],[8.16404,44.4891],[8.16422,44.48941],[8.16425,44.48945],[8.16444,44.4898],[8.16465,44.49018],[8.16477,44.49032],[8.1648,44.49035],[8.16486,44.49042],[8.16494,44.49051],[8.16498,44.49056],[8.1651,44.4907],[8.16525,44.49079],[8.16541,44.49087],[8.16547,44.49093],[8.16549,44.49105],[8.16542,44.49127],[8.16525,44.49151],[8.16516,44.49166],[8.1651,44.49176],[8.16505,44.49186],[8.16497,44.49213],[8.16496,44.49218],[8.16483,44.49233],[8.16482,44.49234],[8.16469,44.49251],[8.16446,44.49279],[8.16437,44.4929],[8.16417,44.49311],[8.16417,44.49334],[8.1642,44.49368],[8.16422,44.49397],[8.16424,44.49436],[8.16424,44.49438],[8.16425,44.49453],[8.16428,44.49488],[8.16429,44.49493],[8.16429,44.49494],[8.16432,44.49499],[8.1644,44.49508],[8.16441,44.49509],[8.16434,44.49532],[8.16433,44.49543],[8.16442,44.49568],[8.16444,44.49575],[8.16451,44.49595],[8.16457,44.49616],[8.16458,44.49628],[8.16458,44.49645],[8.16474,44.49683],[8.16487,44.49713],[8.1649,44.49715],[8.16504,44.49726],[8.16534,44.49748],[8.1657,44.49776],[8.16577,44.49781],[8.16596,44.49795],[8.16599,44.49797],[8.16607,44.49804],[8.16606,44.49809],[8.16596,44.49819],[8.16585,44.49833],[8.16582,44.49836],[8.16565,44.49858],[8.16547,44.49881],[8.1653,44.49906],[8.16533,44.49921],[8.16528,44.49934],[8.16504,44.49955],[8.16503,44.49975],[8.1652,44.4999],[8.16529,44.49988],[8.16543,44.49999],[8.16543,44.50013],[8.16552,44.50026],[8.16545,44.50034],[8.16537,44.50044],[8.16557,44.50062],[8.1659,44.50065],[8.1663,44.50056],[8.16641,44.5007],[8.16631,44.50085],[8.16612,44.50117],[8.16598,44.50141],[8.16625,44.50141],[8.16623,44.50156],[8.16652,44.50145],[8.16676,44.50137],[8.1669,44.50142],[8.16715,44.50151],[8.16722,44.50186],[8.16755,44.50195],[8.1677,44.50196],[8.16798,44.50197],[8.16847,44.50197],[8.16866,44.50197],[8.16875,44.50197],[8.1688,44.50197],[8.16889,44.50197],[8.16906,44.50203],[8.16913,44.50206],[8.16922,44.50211],[8.16926,44.50213],[8.16936,44.50218],[8.16952,44.50227],[8.1697,44.50237],[8.16974,44.50239],[8.16977,44.5024],[8.16989,44.50243],[8.17007,44.50239],[8.17012,44.50238],[8.17038,44.50231],[8.17047,44.50231],[8.17053,44.50231],[8.17065,44.50233],[8.17081,44.50234],[8.17087,44.50234],[8.17098,44.50234],[8.17128,44.50233],[8.17152,44.50231],[8.17152,44.50236],[8.17151,44.50239],[8.17151,44.50242],[8.17146,44.50256],[8.17143,44.50269],[8.17133,44.50277],[8.1713,44.5028],[8.17127,44.50283],[8.17126,44.50285],[8.17123,44.50309],[8.17122,44.50318],[8.1712,44.50326],[8.17124,44.50339],[8.17125,44.50342],[8.17128,44.50352],[8.17126,44.50356],[8.17122,44.50366],[8.17118,44.50376],[8.17115,44.50385],[8.1711,44.50396],[8.1711,44.50399],[8.17111,44.50403],[8.17112,44.50409],[8.17113,44.50411],[8.17113,44.50414],[8.17105,44.50436],[8.17098,44.50454],[8.17097,44.50457],[8.17092,44.5047],[8.17084,44.50491],[8.17075,44.50498],[8.17067,44.50505],[8.17057,44.50512],[8.17059,44.50521],[8.1705,44.50532],[8.17043,44.50542],[8.17042,44.50544],[8.1704,44.50546],[8.17032,44.50557],[8.1702,44.50575],[8.17025,44.50578],[8.17038,44.50585],[8.17042,44.50588],[8.17045,44.5059],[8.1705,44.50595],[8.17055,44.506],[8.17055,44.50612],[8.17056,44.5062],[8.17047,44.50632],[8.17028,44.50654],[8.17021,44.50662],[8.17011,44.50673],[8.16995,44.5069],[8.16979,44.50711],[8.16973,44.50719],[8.1697,44.50721],[8.16967,44.50722],[8.16964,44.50725],[8.16959,44.50738],[8.16958,44.50742],[8.16957,44.50749],[8.16955,44.50771],[8.16954,44.50772],[8.16954,44.50776],[8.16953,44.50783],[8.16951,44.50797],[8.1695,44.50812],[8.16952,44.50813],[8.16959,44.50811],[8.16969,44.50809],[8.16974,44.50807],[8.16981,44.50806],[8.16986,44.50805],[8.17005,44.50804],[8.17023,44.508],[8.1704,44.50797],[8.17055,44.50796],[8.1707,44.50795],[8.17075,44.50794],[8.17082,44.50793],[8.17099,44.5079],[8.17129,44.50782],[8.17143,44.5078],[8.17155,44.50777],[8.1717,44.50775],[8.17171,44.50778],[8.17172,44.50781],[8.17164,44.50786],[8.17148,44.50796],[8.17144,44.50798],[8.17138,44.50801],[8.17122,44.50809],[8.17117,44.50812],[8.17113,44.50821],[8.17111,44.50824],[8.17106,44.50838],[8.17111,44.50861],[8.17112,44.50865],[8.17112,44.50867],[8.17118,44.50872],[8.17122,44.50879],[8.17126,44.50892],[8.17126,44.50894],[8.17134,44.50907],[8.1714,44.50918],[8.17141,44.50928],[8.17144,44.50943],[8.17145,44.50948],[8.1715,44.5096],[8.17151,44.50964],[8.17149,44.50976],[8.17147,44.50985],[8.17146,44.50991],[8.17145,44.50996],[8.17145,44.50998],[8.17146,44.51027],[8.17141,44.51058],[8.17156,44.5108],[8.17157,44.51111],[8.17158,44.51141],[8.17156,44.51151],[8.17154,44.51175],[8.17153,44.51181],[8.17149,44.51204],[8.17146,44.5122],[8.17138,44.51239],[8.17116,44.5125],[8.17107,44.51259],[8.17104,44.51262],[8.17102,44.51266],[8.17097,44.51275],[8.17123,44.51278],[8.17154,44.51283],[8.17157,44.51283],[8.17173,44.51284],[8.17188,44.51285],[8.17196,44.51285],[8.17233,44.51287],[8.17247,44.51288],[8.17299,44.51293],[8.17311,44.51294],[8.1733,44.51296],[8.17335,44.51297],[8.1734,44.51298],[8.17343,44.51299],[8.17358,44.51303],[8.17368,44.51306],[8.17385,44.51314],[8.17389,44.51316],[8.17428,44.51338],[8.17451,44.51351],[8.17463,44.51359],[8.17486,44.51375],[8.17495,44.5138],[8.17522,44.51394],[8.17524,44.51396],[8.17535,44.51405],[8.17563,44.51425],[8.17574,44.51437],[8.17576,44.5144],[8.176,44.51466],[8.17608,44.5147],[8.17632,44.51486],[8.17641,44.515],[8.17655,44.51526],[8.17657,44.51529],[8.17659,44.51534],[8.17665,44.5155],[8.17665,44.51552],[8.17669,44.51559],[8.17674,44.51567],[8.17692,44.51581],[8.1771,44.51591],[8.17736,44.51607],[8.17747,44.51617],[8.17753,44.51622],[8.17754,44.51623],[8.17772,44.51647],[8.17784,44.51668],[8.17789,44.51675],[8.17808,44.51702],[8.17851,44.51733],[8.17853,44.51735],[8.17885,44.51762],[8.17919,44.51791],[8.17965,44.51813],[8.17982,44.51821],[8.18025,44.51841],[8.18051,44.51854],[8.18057,44.51856],[8.18084,44.51866],[8.18118,44.51882],[8.18131,44.51889],[8.18154,44.51892],[8.18158,44.51894],[8.1817,44.51897],[8.18182,44.51903],[8.18225,44.5191],[8.18256,44.51914],[8.1828,44.51914],[8.18289,44.51914],[8.18322,44.51913],[8.18331,44.51916],[8.18335,44.51917],[8.18375,44.51924],[8.18378,44.51925],[8.18376,44.5192],[8.18367,44.51889],[8.18359,44.5186],[8.18348,44.51822],[8.18344,44.5181],[8.18339,44.51792],[8.18333,44.51769],[8.18325,44.51743],[8.18318,44.5172],[8.18319,44.51704],[8.1832,44.51685],[8.18321,44.51677],[8.18322,44.51654],[8.18324,44.51636],[8.18324,44.51627],[8.18324,44.51624],[8.18324,44.51622],[8.18323,44.5162],[8.18322,44.51615],[8.18315,44.5158],[8.18304,44.51531],[8.18302,44.51518],[8.18298,44.51501],[8.18294,44.51479],[8.18288,44.5145],[8.18285,44.51437],[8.18282,44.51423],[8.18276,44.51396],[8.18271,44.51372],[8.18266,44.51352],[8.18262,44.5133],[8.1826,44.51322],[8.1826,44.5132],[8.18257,44.51308],[8.18252,44.51284],[8.1825,44.51276],[8.18245,44.51252],[8.18242,44.5124],[8.18239,44.51225],[8.18235,44.51207],[8.18233,44.51196],[8.18229,44.51176],[8.18225,44.51155],[8.18222,44.51143],[8.18218,44.51122],[8.18215,44.51107],[8.18214,44.51101],[8.18218,44.511],[8.18229,44.51097],[8.18236,44.51095],[8.1824,44.51099],[8.18249,44.51091],[8.1826,44.5109],[8.18264,44.51087],[8.18271,44.51082],[8.18272,44.51081],[8.18275,44.51079],[8.18281,44.51079],[8.18285,44.51077],[8.18292,44.51075],[8.18299,44.51073],[8.18303,44.51072],[8.1831,44.51071],[8.18315,44.5107],[8.18325,44.51068],[8.18343,44.51064],[8.18353,44.51066],[8.18376,44.51071],[8.18386,44.51074],[8.18396,44.51075],[8.18467,44.51061],[8.1847,44.5106],[8.18484,44.51057],[8.18502,44.51053],[8.18505,44.51057],[8.18508,44.51062],[8.1852,44.51074],[8.18536,44.51095],[8.18548,44.51109],[8.18547,44.51125],[8.18547,44.51129],[8.18546,44.51143],[8.18542,44.51157],[8.18541,44.51164],[8.18541,44.51164],[8.18541,44.51164],[8.18584,44.51161],[8.18609,44.51145],[8.18616,44.51141],[8.18624,44.51137],[8.18641,44.51129],[8.18643,44.51127],[8.18652,44.51125],[8.18659,44.51123],[8.18665,44.51122],[8.18693,44.51122],[8.18696,44.51121],[8.18708,44.51122],[8.18716,44.51122],[8.18718,44.51122],[8.1874,44.51124],[8.18745,44.51125],[8.18758,44.51126],[8.18762,44.51126],[8.18767,44.51124],[8.18774,44.51121],[8.18782,44.51118],[8.18793,44.51114],[8.18807,44.51105],[8.18811,44.51103],[8.18829,44.51093],[8.18833,44.51091],[8.18846,44.51087],[8.18865,44.51082],[8.18888,44.51075],[8.18894,44.51074],[8.18917,44.51066],[8.1893,44.51063],[8.18946,44.51055],[8.18959,44.5106],[8.18996,44.51071],[8.19032,44.51085],[8.19037,44.51086],[8.1904,44.51087],[8.19044,44.51088],[8.19069,44.51092],[8.19075,44.51087],[8.19079,44.51084],[8.19077,44.5108],[8.19076,44.51077],[8.19079,44.51064],[8.19082,44.51047],[8.19104,44.51055],[8.19116,44.51059],[8.19121,44.5106],[8.19127,44.51063],[8.19152,44.51073],[8.19157,44.51075],[8.19169,44.51079],[8.19183,44.51067],[8.19195,44.51057],[8.19201,44.51052],[8.19203,44.51051],[8.19209,44.51046],[8.19252,44.51065],[8.19262,44.51069],[8.19297,44.51083],[8.19337,44.51098],[8.1935,44.51084],[8.19361,44.51071],[8.19365,44.51065],[8.19374,44.51053],[8.19376,44.5105],[8.19388,44.51042],[8.19404,44.51032],[8.19411,44.51033],[8.19415,44.51034],[8.19429,44.51037],[8.19453,44.51056],[8.19468,44.51068],[8.19514,44.51084],[8.19528,44.51081],[8.1953,44.5108],[8.19529,44.51069],[8.19528,44.51066],[8.19524,44.51062],[8.19513,44.51048],[8.19514,44.51047],[8.19524,44.51043],[8.19559,44.51048],[8.19568,44.51051],[8.19586,44.51058],[8.19609,44.51066],[8.19623,44.51063],[8.19626,44.51057],[8.1963,44.5105],[8.19639,44.51033],[8.19642,44.51022],[8.19645,44.51013],[8.19662,44.51007],[8.19713,44.51013],[8.19723,44.51014],[8.19733,44.51019],[8.19747,44.51025],[8.19755,44.51028],[8.19764,44.51032],[8.19767,44.51031],[8.19787,44.51024],[8.19803,44.51018],[8.19805,44.5101],[8.1981,44.50993],[8.19813,44.50988],[8.19815,44.50979],[8.19823,44.50968],[8.19826,44.50961],[8.19869,44.50928],[8.19908,44.50942],[8.19911,44.50943],[8.19919,44.50943],[8.19931,44.50942],[8.19934,44.50942],[8.19944,44.50937],[8.19943,44.50929],[8.19941,44.5088],[8.19941,44.50876],[8.19949,44.50872],[8.19955,44.50869],[8.19965,44.50864],[8.20007,44.50888],[8.20025,44.50879],[8.20027,44.50877],[8.20051,44.50837],[8.20073,44.50816],[8.20078,44.5081],[8.20087,44.50809],[8.20091,44.50808],[8.20103,44.50819],[8.20118,44.50832],[8.20146,44.50841],[8.20154,44.50837],[8.20164,44.50832],[8.20159,44.50799],[8.20159,44.50796],[8.20163,44.50783],[8.20183,44.50782],[8.2021,44.50828],[8.20244,44.50838],[8.20261,44.50825],[8.20269,44.50821],[8.20278,44.50817],[8.20296,44.50821],[8.203,44.50822],[8.20318,44.50829],[8.20332,44.5083],[8.20341,44.50826],[8.20355,44.50819],[8.20364,44.50797],[8.20365,44.50795],[8.20365,44.50779],[8.20364,44.50754],[8.20372,44.50746],[8.2042,44.5077],[8.20433,44.50771],[8.20437,44.5077],[8.20445,44.50768],[8.20458,44.50756],[8.20457,44.50743],[8.2046,44.50737],[8.20466,44.50727],[8.20485,44.50694],[8.20486,44.5068],[8.20503,44.50661],[8.20502,44.50657],[8.20518,44.50649],[8.2052,44.50643],[8.20527,44.50639],[8.2051,44.50627],[8.20547,44.5061],[8.20571,44.50613],[8.20577,44.50598],[8.20578,44.50596],[8.2058,44.50592],[8.20567,44.50582],[8.20545,44.50566],[8.20551,44.50562],[8.20553,44.5056],[8.2058,44.50555],[8.20592,44.50543],[8.20593,44.50534],[8.20586,44.50507],[8.20585,44.50503],[8.20587,44.50499],[8.20588,44.50496],[8.2059,44.50484],[8.20592,44.50481],[8.20596,44.5047],[8.20595,44.50456],[8.20575,44.50437],[8.20566,44.50425],[8.20566,44.50423],[8.20571,44.50401],[8.20577,44.50381],[8.20585,44.50373],[8.20596,44.5036],[8.20605,44.5035],[8.2061,44.50344],[8.20615,44.50338],[8.20624,44.50332],[8.2063,44.50328],[8.20629,44.50324],[8.20627,44.50315],[8.20643,44.50304],[8.20648,44.50287],[8.20655,44.50281],[8.20657,44.50279],[8.20658,44.50275],[8.2066,44.50269],[8.20663,44.50266],[8.20673,44.50253],[8.20689,44.50247],[8.20695,44.50229],[8.20717,44.50224],[8.20718,44.50218],[8.20719,44.50209],[8.20719,44.50206],[8.20723,44.50203],[8.20738,44.50187],[8.20743,44.50181],[8.20752,44.50172],[8.20753,44.50169],[8.20774,44.50159],[8.20779,44.50156],[8.20788,44.50154],[8.20801,44.50152],[8.20808,44.5015],[8.20821,44.50142],[8.2082,44.50131],[8.2082,44.50126],[8.20847,44.50129],[8.20869,44.50116],[8.20884,44.5012],[8.20887,44.50121],[8.20893,44.5012],[8.20901,44.50119],[8.20919,44.50105],[8.2093,44.50085],[8.20936,44.50082],[8.20951,44.50076],[8.2095,44.5007],[8.2095,44.50063],[8.20949,44.50056],[8.20948,44.5005],[8.20959,44.50053],[8.20974,44.50057],[8.20977,44.50058],[8.20986,44.50058],[8.20985,44.50046],[8.20983,44.50036],[8.20986,44.50034],[8.20994,44.5003],[8.20995,44.50027],[8.21006,44.50013],[8.21013,44.50009],[8.21024,44.50002],[8.21018,44.49986],[8.21001,44.49969],[8.20986,44.49955],[8.2098,44.49948],[8.2097,44.49939],[8.2094,44.4991],[8.20933,44.49904],[8.20924,44.49901],[8.20914,44.49897],[8.20906,44.49894],[8.20908,44.49888],[8.20908,44.49886],[8.20904,44.49881],[8.20893,44.49868],[8.20891,44.49865],[8.20887,44.49862],[8.20884,44.49859],[8.20883,44.49857],[8.20875,44.49849],[8.20873,44.49847],[8.20858,44.49829],[8.20848,44.49818],[8.20845,44.49816],[8.20842,44.49815],[8.2083,44.49803],[8.20828,44.498],[8.20823,44.49796],[8.2082,44.49793],[8.20818,44.4979],[8.20772,44.49728],[8.20778,44.49725],[8.20791,44.49717],[8.20815,44.49701],[8.20843,44.49682],[8.20857,44.49673],[8.20859,44.49671],[8.20865,44.49668],[8.20867,44.49667],[8.20869,44.49666],[8.20879,44.49657],[8.20906,44.49641],[8.20927,44.49629],[8.20954,44.49615],[8.20966,44.49605],[8.20982,44.49593],[8.20994,44.49582],[8.21009,44.49568],[8.21023,44.49555],[8.21038,44.49541],[8.21051,44.49528],[8.21053,44.49525],[8.21063,44.49518],[8.21081,44.49507],[8.21099,44.49494],[8.21128,44.49483],[8.21138,44.49479],[8.21149,44.49474],[8.21161,44.49475],[8.2118,44.49476],[8.2121,44.49478],[8.21213,44.49478],[8.21225,44.49479],[8.21246,44.4948],[8.21265,44.4948],[8.21282,44.4948],[8.21321,44.49481],[8.21345,44.49488],[8.21368,44.49494],[8.21372,44.49496],[8.21382,44.49501],[8.21387,44.49504],[8.2141,44.49508],[8.21425,44.49511],[8.21433,44.49512],[8.21472,44.49518],[8.21512,44.49524],[8.21548,44.4953],[8.21581,44.49535],[8.21607,44.49536],[8.21638,44.49539],[8.21649,44.49585],[8.2165,44.49594],[8.21653,44.49612],[8.21661,44.49633],[8.21671,44.49643],[8.21673,44.49661],[8.21664,44.49694],[8.21659,44.49702],[8.217,44.4975],[8.21729,44.49786],[8.21751,44.49799],[8.2176,44.49829],[8.21774,44.49872],[8.21767,44.49908],[8.21766,44.49911],[8.21763,44.4992],[8.21763,44.49921],[8.21762,44.49927],[8.21761,44.49971],[8.21758,44.50034],[8.21746,44.50058],[8.21774,44.50113],[8.21799,44.50163],[8.21833,44.50219],[8.21836,44.50223],[8.21838,44.50226],[8.2184,44.50232],[8.21855,44.50254],[8.2186,44.50259],[8.21867,44.50265],[8.21899,44.50295],[8.219,44.50297],[8.21914,44.50315],[8.21937,44.50344],[8.21974,44.5037],[8.22013,44.50397],[8.22037,44.50416],[8.22097,44.50466],[8.22058,44.50522],[8.22033,44.50558],[8.2202,44.50586],[8.22012,44.50623],[8.2201,44.50646],[8.22013,44.50663],[8.22011,44.50682],[8.2201,44.50705],[8.2201,44.50722],[8.22022,44.50757],[8.22043,44.50796],[8.22057,44.50814],[8.22065,44.5083],[8.22077,44.50862],[8.22092,44.50898],[8.22094,44.50907],[8.22102,44.50928],[8.22106,44.50938],[8.22125,44.50981],[8.22142,44.50998],[8.22145,44.51],[8.22154,44.51006],[8.22183,44.51031],[8.22189,44.51035],[8.22199,44.51042],[8.22224,44.5105],[8.22228,44.51051],[8.22247,44.51054],[8.22264,44.51059],[8.22279,44.51064],[8.22285,44.51069],[8.22288,44.51072],[8.22296,44.51083],[8.22297,44.51086],[8.22308,44.51108],[8.22315,44.51115],[8.22318,44.51117],[8.22324,44.51122],[8.2233,44.51128],[8.22337,44.51135],[8.2234,44.51144],[8.22339,44.51152],[8.22334,44.51167],[8.22329,44.51172],[8.22311,44.5119],[8.22301,44.51203],[8.22299,44.51224],[8.22298,44.51236],[8.22297,44.51244],[8.22298,44.51248],[8.22304,44.51267],[8.22299,44.5128],[8.22296,44.51288],[8.22297,44.51298],[8.22298,44.51306],[8.22306,44.5132],[8.2231,44.51326],[8.22311,44.51328],[8.22335,44.51345],[8.2235,44.5136],[8.22352,44.51364],[8.22381,44.51381],[8.22399,44.51392],[8.22408,44.5141],[8.2241,44.51429],[8.22431,44.51472],[8.22441,44.51487],[8.2245,44.51507],[8.22483,44.51526],[8.22491,44.51527],[8.22509,44.51534],[8.22521,44.51539],[8.22529,44.51543],[8.22536,44.5155],[8.22543,44.51561],[8.22555,44.51583],[8.22563,44.51594],[8.22577,44.51603],[8.22584,44.51607],[8.22605,44.5161],[8.22632,44.51612],[8.22666,44.51611],[8.22677,44.51609],[8.22733,44.51602],[8.22767,44.51605],[8.22803,44.5161],[8.22846,44.51617],[8.22882,44.51627],[8.22911,44.51636],[8.22951,44.51659],[8.22962,44.51665],[8.22991,44.51678],[8.22996,44.51681],[8.23001,44.51686],[8.23001,44.51686],[8.23001,44.51688],[8.22999,44.51692],[8.22999,44.51694],[8.23001,44.51694],[8.23054,44.51708],[8.23078,44.51714],[8.23087,44.51716],[8.23099,44.51718],[8.231,44.51718],[8.23142,44.51727],[8.23213,44.51742],[8.23286,44.51756],[8.23364,44.51779],[8.23456,44.51808],[8.23456,44.51808],[8.23479,44.51815],[8.23508,44.51822],[8.23577,44.5184],[8.23601,44.51844],[8.23674,44.51857],[8.23705,44.51864],[8.23732,44.51869],[8.23758,44.51874],[8.23782,44.51879],[8.23815,44.51889],[8.23843,44.51897],[8.23892,44.51907],[8.23944,44.51917],[8.23968,44.51939],[8.23992,44.5196],[8.23993,44.51961],[8.24006,44.51971],[8.24032,44.51987],[8.2406,44.52011],[8.24083,44.52022],[8.24095,44.52028],[8.2415,44.52053],[8.24185,44.52076],[8.24218,44.52098],[8.24293,44.52147],[8.24342,44.52179],[8.24391,44.52218],[8.24419,44.5224],[8.24452,44.52266],[8.24458,44.52272],[8.24501,44.52314],[8.24534,44.52345],[8.24566,44.52374],[8.2458,44.52388],[8.2459,44.52402],[8.24625,44.52448],[8.24626,44.52449],[8.24655,44.52488],[8.24673,44.52501],[8.24689,44.52508],[8.24702,44.52513],[8.24724,44.52522],[8.24738,44.52527],[8.2476,44.52541],[8.24764,44.52544],[8.24797,44.52561],[8.24816,44.52571],[8.24846,44.52589],[8.24861,44.52598],[8.24869,44.52604],[8.24899,44.52625],[8.24923,44.52634],[8.24935,44.5264],[8.2497,44.52656],[8.24981,44.52663],[8.24992,44.52673],[8.25009,44.52693],[8.25011,44.52695],[8.25031,44.52705],[8.25036,44.52709],[8.25054,44.52724],[8.25077,44.52744],[8.25106,44.52768],[8.25146,44.52797],[8.25174,44.52821],[8.25202,44.52844],[8.25212,44.5285],[8.25222,44.52856],[8.25231,44.52863],[8.2524,44.52877],[8.25251,44.52896],[8.25255,44.52908],[8.25256,44.52921],[8.25258,44.52946],[8.25262,44.5296],[8.25268,44.52972],[8.25285,44.52992],[8.25296,44.53007],[8.25309,44.53022],[8.25317,44.53034],[8.2532,44.53044],[8.25321,44.5305],[8.25321,44.53056],[8.2532,44.53064],[8.25315,44.53076],[8.25305,44.53093],[8.25299,44.53106],[8.25293,44.53116],[8.25291,44.53121],[8.25283,44.53138],[8.25278,44.53148],[8.25275,44.53153],[8.25269,44.5316],[8.25263,44.53167],[8.25248,44.53182],[8.25231,44.53201],[8.25228,44.53204],[8.25222,44.53213],[8.2522,44.53217],[8.25212,44.53234],[8.25203,44.53247],[8.25197,44.53252],[8.25193,44.53256],[8.25188,44.53259],[8.25174,44.53268],[8.2516,44.53278],[8.2514,44.53294],[8.25115,44.53316],[8.25097,44.53333],[8.25083,44.53347],[8.25069,44.53359],[8.25059,44.53372],[8.25056,44.53375],[8.25044,44.53389],[8.25031,44.53406],[8.25021,44.53431],[8.25016,44.53441],[8.25007,44.53459],[8.25007,44.53461],[8.25006,44.53472],[8.25007,44.53485],[8.25009,44.53489],[8.25009,44.5349],[8.25009,44.53491],[8.2501,44.53492],[8.25014,44.53498],[8.25025,44.53509],[8.25036,44.53521],[8.25049,44.53533],[8.25057,44.53541],[8.25061,44.53546],[8.25066,44.5355],[8.25073,44.53554],[8.25079,44.53558],[8.25093,44.53565],[8.25096,44.53569],[8.25098,44.53573],[8.25098,44.53581],[8.25099,44.53591],[8.25098,44.53607],[8.25101,44.53612],[8.25105,44.53615],[8.2511,44.53619],[8.25119,44.53625],[8.25121,44.53628],[8.25125,44.53635],[8.2513,44.53644],[8.25132,44.53649],[8.25133,44.53653],[8.25133,44.53657],[8.25131,44.5368],[8.25128,44.53703],[8.25128,44.53709],[8.25127,44.5372],[8.25128,44.53729],[8.2513,44.53735],[8.25133,44.53746],[8.25138,44.53758],[8.25142,44.53765],[8.25146,44.53773],[8.25151,44.53781],[8.25158,44.5379],[8.25166,44.53797],[8.25169,44.53799],[8.25177,44.53808],[8.25183,44.53814],[8.25187,44.53819],[8.25194,44.53822],[8.25199,44.53824],[8.25204,44.53828],[8.25208,44.53831],[8.25219,44.53829],[8.25219,44.53833],[8.25218,44.53839],[8.25217,44.53841],[8.25216,44.53844],[8.25205,44.53863],[8.25187,44.53865],[8.25171,44.53868],[8.25149,44.53868],[8.25129,44.53868],[8.25115,44.5387],[8.25096,44.5387],[8.25083,44.53873],[8.25067,44.53877],[8.25053,44.53882],[8.25039,44.53884],[8.25035,44.53888],[8.25031,44.5389],[8.2503,44.53891],[8.25027,44.53896],[8.25024,44.53902],[8.25021,44.53913],[8.25022,44.53918],[8.25023,44.53927],[8.25028,44.53946],[8.25029,44.53954],[8.25023,44.53977],[8.25021,44.53987],[8.25023,44.53995],[8.25023,44.54003],[8.25022,44.54012],[8.25019,44.54024],[8.25015,44.54031],[8.25002,44.54039],[8.24996,44.54047],[8.24977,44.5406],[8.2496,44.54076],[8.24954,44.54081],[8.24949,44.54084],[8.24944,44.54086],[8.24936,44.5409],[8.24932,44.54094],[8.24925,44.54103],[8.24922,44.54108],[8.24917,44.54114],[8.24905,44.54127],[8.2489,44.54139],[8.24883,44.54149],[8.24876,44.54156],[8.24871,44.5416],[8.24863,44.54166],[8.24852,44.54173],[8.24848,44.54174],[8.24842,44.54175],[8.24832,44.54175],[8.24818,44.54174],[8.24809,44.54173],[8.24791,44.54175],[8.2476,44.54183],[8.24733,44.54189],[8.24722,44.54191],[8.24698,44.54198],[8.24685,44.54207],[8.24667,44.5422],[8.24657,44.54226],[8.2465,44.54229],[8.24646,44.54234],[8.24646,44.54235],[8.24647,44.54237],[8.24651,44.54243],[8.24653,44.54257],[8.24653,44.54259],[8.2465,44.54261],[8.24643,44.54267],[8.24624,44.54285],[8.2462,44.54291],[8.24616,44.54294],[8.24613,44.54296],[8.24606,44.54321],[8.24602,44.54334],[8.24602,44.54338],[8.24602,44.54339],[8.24602,44.5434],[8.246,44.54359],[8.246,44.54386],[8.246,44.54398],[8.24602,44.54403],[8.24612,44.54423],[8.24619,44.54434],[8.24629,44.54454],[8.2464,44.54479],[8.24649,44.54499],[8.24657,44.54525],[8.2466,44.54544],[8.24661,44.54559],[8.24662,44.54576],[8.24665,44.54602],[8.24672,44.54618],[8.24676,44.54623],[8.24685,44.54637],[8.24687,44.54641],[8.24691,44.54647],[8.24694,44.54649],[8.24706,44.54659],[8.24705,44.54664],[8.24705,44.54672],[8.24704,44.5468],[8.24702,44.54686],[8.24698,44.54698],[8.2469,44.54721],[8.24683,44.5473],[8.24677,44.54737],[8.24662,44.5475],[8.24641,44.54765],[8.24634,44.54769],[8.2463,44.54771],[8.24624,44.54774],[8.24611,44.54777],[8.246,44.54779],[8.24578,44.54782],[8.2457,44.54784],[8.24547,44.54788],[8.24535,44.5479],[8.24506,44.54792],[8.24483,44.54795],[8.24463,44.54798],[8.24444,44.548],[8.24417,44.548],[8.24406,44.54807],[8.24388,44.54817],[8.24371,44.54825],[8.24357,44.54829],[8.24356,44.5483],[8.24333,44.54849],[8.24309,44.54864],[8.24301,44.54871],[8.24282,44.54887],[8.2427,44.54899],[8.24252,44.54918],[8.2424,44.54927],[8.2422,44.54934],[8.24218,44.54935],[8.24202,44.54935],[8.24192,44.54934],[8.24165,44.5493],[8.24147,44.54924],[8.24132,44.54919],[8.24115,44.54912],[8.24106,44.54909],[8.24097,44.54908],[8.24088,44.54906],[8.24053,44.54902],[8.24043,44.54901],[8.24032,44.54895],[8.24008,44.54886],[8.24001,44.54881],[8.23995,44.54877],[8.23974,44.54865],[8.23967,44.54859],[8.23942,44.54876],[8.23915,44.54895],[8.23903,44.54902],[8.23898,44.54906],[8.23865,44.54928],[8.23834,44.54949],[8.23808,44.54967],[8.23778,44.54987],[8.2378,44.54999],[8.23766,44.55016],[8.23769,44.55035],[8.23771,44.55043],[8.23779,44.55068],[8.23794,44.55083],[8.23783,44.55094],[8.23783,44.55103],[8.23793,44.55113],[8.23816,44.55133],[8.23824,44.55146],[8.2383,44.55158],[8.23836,44.5517],[8.23844,44.55177],[8.23845,44.55186],[8.23845,44.5519],[8.23848,44.55197],[8.23866,44.55188],[8.23882,44.5519],[8.23886,44.55197],[8.23881,44.55214],[8.23912,44.55222],[8.2391,44.55233],[8.23912,44.55244],[8.23933,44.55254],[8.23938,44.55257],[8.23953,44.55272],[8.23962,44.55281],[8.23989,44.55289],[8.24029,44.553],[8.24044,44.55307],[8.24055,44.55312],[8.24069,44.5533],[8.24084,44.55348],[8.24085,44.55356],[8.2409,44.55378],[8.24091,44.55383],[8.24105,44.55399],[8.24122,44.55405],[8.24136,44.55418],[8.24138,44.55429],[8.24136,44.55432],[8.24133,44.55438],[8.2414,44.55458],[8.24134,44.55477],[8.24132,44.55482],[8.24136,44.55498],[8.24139,44.55502],[8.24138,44.55503],[8.24124,44.55517],[8.24123,44.55519],[8.24123,44.55532],[8.24122,44.55547],[8.24104,44.55551],[8.24062,44.5556],[8.24031,44.55567],[8.24,44.55585],[8.2399,44.55611],[8.2398,44.55637],[8.2396,44.55654],[8.23907,44.5566],[8.239,44.55661],[8.23861,44.55667],[8.23832,44.55669],[8.23792,44.55679],[8.23792,44.55685],[8.23792,44.55704],[8.23791,44.5573],[8.2379,44.5574],[8.23775,44.55772],[8.2377,44.55776],[8.23766,44.55779],[8.2375,44.55785],[8.23708,44.55799],[8.23703,44.55801],[8.23684,44.5582],[8.23658,44.55846],[8.23658,44.55869],[8.23659,44.55892],[8.2366,44.55925],[8.2366,44.55932],[8.23657,44.55942],[8.23653,44.55947],[8.23647,44.55953],[8.23632,44.55961],[8.23622,44.55963],[8.23608,44.55966],[8.23603,44.55967],[8.2358,44.55966],[8.23564,44.5597],[8.23546,44.55973],[8.23535,44.55975],[8.23527,44.55977],[8.23528,44.55983],[8.23528,44.5599],[8.23535,44.56006],[8.2354,44.5602],[8.23544,44.56032],[8.23543,44.56039],[8.23541,44.56052],[8.23519,44.56055],[8.23499,44.56057],[8.23478,44.56055],[8.23447,44.56053],[8.2343,44.56053],[8.23417,44.56058],[8.23413,44.56065],[8.23412,44.56068],[8.23409,44.56085],[8.23404,44.56107],[8.23404,44.56111],[8.23403,44.56116],[8.23406,44.56142],[8.23407,44.5615],[8.23387,44.56166],[8.23375,44.56175],[8.23376,44.56178],[8.23387,44.56184],[8.23391,44.56186],[8.23409,44.56192],[8.23418,44.56196],[8.23428,44.56209],[8.23431,44.56214],[8.23452,44.56228],[8.23456,44.5623],[8.23478,44.56241],[8.23491,44.56248],[8.23499,44.56253],[8.23513,44.56262],[8.23523,44.56269],[8.23541,44.56282],[8.2357,44.56303],[8.23588,44.56316],[8.23591,44.56318],[8.23596,44.56322],[8.23601,44.56325],[8.23612,44.56334],[8.23622,44.5634],[8.23634,44.56348],[8.23642,44.56354],[8.23649,44.56358],[8.23671,44.56367],[8.23696,44.56377],[8.2371,44.56378],[8.23724,44.56382],[8.23742,44.56393],[8.23758,44.56403],[8.2377,44.5641],[8.23771,44.56411],[8.23785,44.5642],[8.238,44.56429],[8.23802,44.5643],[8.23803,44.56431],[8.23815,44.56438],[8.23822,44.56459],[8.23825,44.56467],[8.2383,44.56486],[8.23835,44.56504],[8.23836,44.56508],[8.23836,44.56517],[8.23839,44.56525],[8.23841,44.5653],[8.23841,44.5654],[8.23844,44.56551],[8.23845,44.56553],[8.23849,44.56559],[8.2385,44.56566],[8.23852,44.56574],[8.23853,44.56579],[8.23849,44.5659],[8.23846,44.566],[8.2385,44.56608],[8.23851,44.5661],[8.23853,44.56616],[8.23856,44.56624],[8.23861,44.56636],[8.23868,44.56648],[8.23874,44.56652],[8.23897,44.56669],[8.23907,44.56676],[8.2391,44.56679],[8.23912,44.5668],[8.23916,44.56682],[8.23948,44.56695],[8.23982,44.56709],[8.24021,44.56725],[8.24059,44.5674],[8.2408,44.56749],[8.24084,44.5675],[8.24111,44.56762],[8.24149,44.56778],[8.24172,44.56788],[8.24182,44.56795],[8.24211,44.56816],[8.24232,44.56832],[8.24249,44.56844],[8.24268,44.56858],[8.24289,44.56873],[8.2431,44.56888],[8.24335,44.56906],[8.24336,44.56907],[8.24338,44.56908],[8.24339,44.56909],[8.24358,44.56911],[8.24381,44.56913],[8.24405,44.56915],[8.24415,44.56916],[8.24417,44.56917],[8.24424,44.56915],[8.2445,44.5691],[8.24473,44.56905],[8.2451,44.56897],[8.24548,44.56889],[8.2457,44.56885],[8.24576,44.56883],[8.24581,44.56882],[8.24583,44.56882],[8.24586,44.56877],[8.24588,44.56872],[8.24591,44.56868],[8.24597,44.56861],[8.24601,44.56857],[8.24611,44.56849],[8.24624,44.56838],[8.24627,44.56836],[8.24631,44.56831],[8.24637,44.56824],[8.2464,44.56817],[8.24647,44.56799],[8.24649,44.56795],[8.24653,44.56789],[8.24656,44.56784],[8.24659,44.56785],[8.24694,44.56798],[8.24725,44.56808],[8.24741,44.56814],[8.24774,44.56828],[8.24782,44.56832],[8.24784,44.56832],[8.24785,44.56833],[8.24786,44.56833],[8.24816,44.56846],[8.24838,44.56857],[8.24846,44.56861],[8.24866,44.56871],[8.24887,44.56884],[8.24907,44.56894],[8.24935,44.5691],[8.2497,44.56928],[8.24979,44.5693],[8.25009,44.56944],[8.25022,44.56956],[8.25031,44.56963],[8.2504,44.56971],[8.25049,44.56978],[8.2505,44.56994],[8.25067,44.57011],[8.25057,44.57038],[8.25043,44.57066],[8.25048,44.57076],[8.25048,44.57111],[8.25051,44.57121],[8.2505,44.57127],[8.25047,44.57147],[8.25027,44.57155],[8.25027,44.57169],[8.25054,44.57195],[8.2507,44.5721],[8.25094,44.57227],[8.25132,44.57238],[8.25144,44.57249],[8.25156,44.5726],[8.25168,44.57268],[8.25187,44.57289],[8.25197,44.57297],[8.25212,44.57309],[8.25224,44.57316],[8.25238,44.57337],[8.2524,44.57343],[8.25207,44.57372],[8.25201,44.57378],[8.25181,44.57391],[8.25147,44.574],[8.25144,44.57406],[8.25135,44.57429],[8.25129,44.57447],[8.2511,44.57464],[8.2509,44.57482],[8.25108,44.57507],[8.25106,44.57514],[8.2508,44.57536],[8.25053,44.5756],[8.25047,44.57567],[8.25037,44.57589],[8.25034,44.57596],[8.25036,44.57616],[8.25041,44.57642],[8.25033,44.57656],[8.25026,44.5767],[8.25025,44.57672],[8.25022,44.57681],[8.25019,44.57687],[8.25012,44.57705],[8.25011,44.57707],[8.25007,44.57716],[8.25005,44.5772],[8.24997,44.57734],[8.24992,44.57741],[8.24983,44.5775],[8.24966,44.57767],[8.24957,44.57776],[8.24945,44.578],[8.24941,44.57809],[8.24922,44.57829],[8.24903,44.57839],[8.24882,44.57849],[8.24874,44.57855],[8.24852,44.57872],[8.24827,44.57902],[8.24822,44.57905],[8.24807,44.57912],[8.24793,44.57918],[8.24761,44.5792],[8.2474,44.57921],[8.24725,44.57926],[8.24714,44.5793],[8.24701,44.57935],[8.24694,44.57938],[8.24685,44.57947],[8.24684,44.57949],[8.24665,44.57969],[8.24635,44.58],[8.24608,44.58028],[8.24596,44.5804],[8.2457,44.58056],[8.24544,44.58071],[8.2453,44.58079],[8.24475,44.58082],[8.24447,44.58083],[8.24438,44.5809],[8.24428,44.58103],[8.24413,44.58133],[8.244,44.58157],[8.24398,44.5816],[8.2438,44.58166],[8.24341,44.58168],[8.24339,44.58169],[8.24333,44.58168],[8.2433,44.5817],[8.24289,44.58181],[8.24282,44.58183],[8.2426,44.5819],[8.24229,44.58206],[8.24228,44.58207],[8.242,44.58222],[8.24188,44.58228],[8.24149,44.58239],[8.2413,44.58244],[8.24088,44.58264],[8.24085,44.58283],[8.24083,44.58309],[8.24082,44.58311],[8.24055,44.58323],[8.24025,44.58336],[8.23997,44.58347],[8.2399,44.5835],[8.2397,44.58352],[8.23937,44.58355],[8.23935,44.58354],[8.23905,44.58351],[8.23882,44.58353],[8.23861,44.58362],[8.2384,44.58383],[8.2383,44.58394],[8.23829,44.584],[8.23808,44.58422],[8.23787,44.58443],[8.23786,44.58444],[8.23783,44.58447],[8.23751,44.58456],[8.23721,44.58463],[8.23697,44.58461],[8.23677,44.58465],[8.23631,44.5848],[8.23617,44.58485],[8.23594,44.58496],[8.23574,44.58512],[8.23568,44.58522],[8.2357,44.58569],[8.23566,44.58587],[8.2354,44.58595],[8.2352,44.58599],[8.23498,44.58605],[8.2346,44.58614],[8.23438,44.5862],[8.23426,44.58626],[8.23416,44.58636],[8.2341,44.58646],[8.23408,44.58652],[8.23406,44.58657],[8.23408,44.58673],[8.23411,44.58695],[8.2341,44.58727],[8.23399,44.5875],[8.23359,44.58777],[8.23346,44.58781],[8.23321,44.58787],[8.23299,44.58794],[8.23293,44.58795],[8.2325,44.58807],[8.23239,44.5881],[8.23227,44.58817],[8.23221,44.58819],[8.23198,44.58832],[8.23198,44.58833],[8.23199,44.58848],[8.23199,44.58849],[8.232,44.58858],[8.23207,44.58869],[8.23222,44.58883],[8.23238,44.58898],[8.23258,44.58918],[8.2326,44.58921],[8.23267,44.58939],[8.23263,44.58945],[8.23253,44.58956],[8.23234,44.58967],[8.23202,44.58983],[8.23169,44.59002],[8.2315,44.59008],[8.23119,44.59016],[8.23113,44.59018],[8.23101,44.59034],[8.23101,44.59034],[8.23102,44.59036],[8.23103,44.5904],[8.23108,44.59054],[8.23111,44.59066],[8.23117,44.5908],[8.23124,44.59101],[8.23135,44.59136],[8.23137,44.59138],[8.23145,44.59146],[8.2316,44.59162],[8.23174,44.59176],[8.23178,44.5918],[8.23188,44.5919],[8.23188,44.59193],[8.23186,44.59227],[8.23186,44.59234],[8.23179,44.59237],[8.23144,44.59254],[8.2313,44.59257],[8.23117,44.59256],[8.23113,44.59256],[8.23107,44.59255],[8.23089,44.59251],[8.23079,44.59249],[8.23073,44.59247],[8.23026,44.59249],[8.23015,44.5926],[8.23015,44.59265],[8.23017,44.59281],[8.23018,44.59294],[8.23018,44.59305],[8.23017,44.59309],[8.2303,44.59318],[8.23038,44.59323],[8.23044,44.59327],[8.23047,44.5933],[8.23082,44.59353],[8.23086,44.59356],[8.23125,44.59383],[8.23162,44.59404],[8.23213,44.59434],[8.23217,44.59437],[8.23236,44.59448],[8.23293,44.59479],[8.23286,44.59513],[8.23272,44.5958],[8.23261,44.5963],[8.23259,44.59638],[8.23252,44.59669],[8.23249,44.59684],[8.23225,44.59686],[8.23202,44.59682],[8.23191,44.59685],[8.23181,44.59686],[8.23174,44.59685],[8.23172,44.59689],[8.23172,44.59693],[8.23173,44.59699],[8.23181,44.59733],[8.23189,44.59763],[8.23207,44.59783],[8.23201,44.59791],[8.23194,44.59793],[8.23185,44.59794],[8.23172,44.59799],[8.23139,44.59813],[8.23117,44.59817],[8.23097,44.59823],[8.23031,44.59845],[8.23054,44.59868],[8.23099,44.59913],[8.23118,44.59933],[8.23129,44.59944],[8.2313,44.59944],[8.23133,44.59946],[8.23182,44.59981],[8.23192,44.59988],[8.23245,44.60025],[8.23274,44.60045],[8.23305,44.60065],[8.2331,44.60082],[8.23302,44.60108],[8.23322,44.60118],[8.23321,44.60123],[8.23318,44.60124],[8.23312,44.60128],[8.23301,44.60135],[8.23295,44.60139],[8.23267,44.60138],[8.23259,44.60133],[8.23233,44.6014],[8.23204,44.60147],[8.23203,44.6019],[8.23185,44.60196],[8.23156,44.60182],[8.23131,44.60204],[8.231,44.6023],[8.23048,44.60236],[8.2303,44.60246],[8.23003,44.60259],[8.22989,44.60267],[8.22953,44.60272],[8.2293,44.60276],[8.22926,44.60277],[8.22897,44.60274],[8.22884,44.60266],[8.22868,44.60241],[8.22852,44.60241],[8.22803,44.60279],[8.228,44.60281],[8.22768,44.60285],[8.22745,44.60279],[8.22714,44.60272],[8.22663,44.6029],[8.22654,44.60289],[8.22603,44.60277],[8.22591,44.60283],[8.22548,44.60303],[8.22543,44.60304],[8.22516,44.60304],[8.2251,44.60304],[8.22495,44.60311],[8.22478,44.60318],[8.22451,44.60328],[8.22436,44.60334],[8.22399,44.60343],[8.22333,44.60356],[8.2233,44.60356],[8.22319,44.60365],[8.22316,44.60378],[8.2232,44.60384],[8.22404,44.60453],[8.22426,44.60471],[8.22434,44.60492],[8.22404,44.60528],[8.224,44.60533],[8.22384,44.60547],[8.22361,44.60568],[8.22321,44.60585],[8.22299,44.60598],[8.22283,44.60619],[8.2227,44.60649],[8.22281,44.60694],[8.22296,44.60712],[8.22306,44.6072],[8.22344,44.6075],[8.22393,44.60789],[8.22395,44.60798],[8.2239,44.60809],[8.22346,44.60828],[8.22283,44.60885],[8.22281,44.60959],[8.22267,44.60984],[8.22246,44.61018],[8.22214,44.61041],[8.22196,44.61056],[8.22191,44.61066],[8.22192,44.6107],[8.22209,44.61084],[8.22212,44.61093],[8.2217,44.61106],[8.22157,44.61117],[8.2215,44.61128],[8.22121,44.61155],[8.22082,44.6116],[8.22042,44.61169],[8.22033,44.61173],[8.2199,44.61202],[8.21983,44.6121],[8.21954,44.61248],[8.21938,44.61295],[8.21935,44.61313],[8.21929,44.61364],[8.21924,44.61402],[8.219,44.61424],[8.21897,44.61425],[8.21887,44.61426],[8.21883,44.61427],[8.21876,44.61429],[8.21854,44.61432],[8.21836,44.61438],[8.21818,44.61444],[8.21786,44.61455],[8.2176,44.61464],[8.21734,44.6148],[8.21724,44.61502],[8.21728,44.61515],[8.21747,44.61544],[8.21747,44.61556],[8.21739,44.6156],[8.21731,44.61562],[8.2172,44.61564],[8.21675,44.61567],[8.21646,44.61577],[8.21616,44.61587],[8.21602,44.6159],[8.2157,44.6159],[8.21549,44.61605],[8.21538,44.61619],[8.21532,44.61631],[8.21527,44.6164],[8.21527,44.61642],[8.21527,44.61647],[8.2153,44.61674],[8.21532,44.61703],[8.21535,44.61732],[8.21495,44.61766],[8.21493,44.61767],[8.2149,44.6177],[8.21476,44.61783],[8.21445,44.61802],[8.21396,44.61766],[8.21367,44.61745],[8.21349,44.61738],[8.21329,44.61731],[8.21301,44.61718],[8.21275,44.61706],[8.21239,44.61692],[8.21205,44.61678],[8.21186,44.61668],[8.21156,44.61652],[8.2112,44.61631],[8.21093,44.61615],[8.21059,44.61596],[8.21026,44.61576],[8.21014,44.6157],[8.21005,44.61566],[8.2096,44.61551],[8.20953,44.61548],[8.20931,44.61538],[8.20904,44.61529],[8.20878,44.6152],[8.20852,44.61513],[8.20838,44.6151],[8.20833,44.61508],[8.20808,44.61496],[8.20795,44.61489],[8.20768,44.61477],[8.20749,44.61478],[8.20744,44.61482],[8.20723,44.61488],[8.20683,44.61509],[8.20631,44.61536],[8.20584,44.61559],[8.2054,44.61577],[8.20491,44.61588],[8.20428,44.61602],[8.20364,44.61615],[8.20308,44.61626],[8.20264,44.61637],[8.20219,44.61641],[8.20188,44.61643],[8.20163,44.61645],[8.2012,44.61645],[8.20097,44.61643],[8.20075,44.61641],[8.20037,44.61635],[8.20019,44.61631],[8.19999,44.61625],[8.19978,44.61618],[8.19948,44.61608],[8.19919,44.61597],[8.19903,44.61591],[8.19893,44.61587],[8.19876,44.61576],[8.19836,44.61552],[8.19816,44.61538],[8.19781,44.61513],[8.19759,44.61524],[8.1975,44.61528],[8.19738,44.6155],[8.19727,44.61569],[8.19717,44.61585],[8.19708,44.61603],[8.19691,44.6163],[8.19674,44.61661],[8.19656,44.61691],[8.19649,44.61705],[8.19632,44.61733],[8.19614,44.61766],[8.19605,44.61781],[8.19603,44.61784],[8.19599,44.61801],[8.19593,44.61826],[8.1959,44.61837],[8.19593,44.6184],[8.19598,44.61846],[8.19612,44.61861],[8.19627,44.61877],[8.19649,44.61901],[8.19661,44.61914],[8.19662,44.61915],[8.19692,44.61927],[8.19708,44.61934],[8.19732,44.61944],[8.1974,44.61947],[8.19685,44.61962],[8.19653,44.61963],[8.19625,44.61964],[8.19595,44.61964],[8.19596,44.61966],[8.19615,44.61983],[8.19617,44.61986],[8.19632,44.62011],[8.19635,44.62015],[8.19636,44.62024],[8.19642,44.62028],[8.19647,44.62035],[8.19661,44.62046],[8.19672,44.6205],[8.19688,44.62062],[8.19691,44.62065],[8.19721,44.62088],[8.19727,44.62092],[8.19733,44.621],[8.19745,44.62118],[8.19745,44.62119],[8.19727,44.62136],[8.19741,44.62153],[8.19762,44.62181],[8.19775,44.62199],[8.19779,44.62203],[8.1978,44.62204],[8.1978,44.62205],[8.19796,44.62224],[8.19797,44.62226],[8.198,44.6223],[8.19803,44.62238],[8.19806,44.62245],[8.19812,44.62263],[8.1982,44.62284],[8.1983,44.62311],[8.19839,44.62337],[8.19848,44.62363],[8.19856,44.62384],[8.19853,44.62386],[8.19845,44.6239],[8.19833,44.62398],[8.19799,44.62418],[8.1977,44.62436],[8.19758,44.62445],[8.19728,44.62467],[8.19701,44.62486],[8.19685,44.62498],[8.19655,44.62524],[8.19648,44.62531],[8.19642,44.62536],[8.19628,44.62549],[8.19623,44.62553],[8.19616,44.62559],[8.19608,44.62568],[8.19595,44.62581],[8.19587,44.62589],[8.19581,44.62596],[8.19561,44.62617],[8.19559,44.62619],[8.19534,44.62646],[8.19531,44.62649],[8.19524,44.62661],[8.1951,44.62687],[8.19495,44.62716],[8.19493,44.62718],[8.19477,44.62747],[8.19474,44.62752],[8.19465,44.62769],[8.19465,44.62789],[8.19464,44.62811],[8.19461,44.62818],[8.19458,44.62823],[8.19456,44.62834],[8.19456,44.62834],[8.19456,44.62839],[8.19455,44.62842],[8.19455,44.62843],[8.19455,44.62845],[8.1946,44.62858],[8.19465,44.62872],[8.19475,44.62899],[8.19483,44.62919],[8.19486,44.62927],[8.19486,44.62928],[8.19496,44.6294],[8.19511,44.6296],[8.19526,44.62979],[8.19543,44.62999],[8.19546,44.63004],[8.19549,44.63007],[8.19558,44.63019],[8.19574,44.63041],[8.1959,44.63062],[8.19603,44.6308],[8.19617,44.631],[8.19628,44.63115],[8.19638,44.63131],[8.19664,44.63148],[8.19694,44.63168],[8.19702,44.63173],[8.19704,44.63175],[8.19705,44.63176],[8.19708,44.63176],[8.19756,44.63182],[8.19794,44.63186],[8.19837,44.63191],[8.19846,44.63191],[8.19872,44.63192],[8.19905,44.63193],[8.19909,44.63214],[8.19914,44.63241],[8.19919,44.63266],[8.1992,44.63276],[8.19925,44.63303],[8.19928,44.63315],[8.19929,44.63317],[8.19929,44.63318],[8.19943,44.63327],[8.19967,44.63343],[8.19969,44.63344],[8.19971,44.63345],[8.19974,44.63347],[8.19986,44.63355],[8.19995,44.6336],[8.20002,44.63365],[8.2003,44.63383],[8.20066,44.63405],[8.201,44.63427],[8.20132,44.63447],[8.20164,44.63467],[8.20175,44.63475],[8.20197,44.63489],[8.20206,44.63495],[8.20208,44.63497],[8.20232,44.63512],[8.20243,44.63518],[8.20247,44.63521],[8.20251,44.6352],[8.20254,44.6352],[8.20273,44.63517],[8.20321,44.6351],[8.20372,44.63503],[8.20388,44.635],[8.20393,44.635],[8.2042,44.63496],[8.20423,44.635],[8.20434,44.63508],[8.20438,44.63515],[8.20458,44.63536],[8.20474,44.63554],[8.20482,44.63561],[8.20484,44.63564],[8.20498,44.63578],[8.20503,44.63584],[8.20518,44.63599],[8.2054,44.63623],[8.2056,44.63644],[8.20563,44.63647],[8.20565,44.63648],[8.20574,44.63666],[8.20581,44.6368],[8.20585,44.63688],[8.2059,44.63696],[8.20585,44.63702],[8.20566,44.63729],[8.20548,44.63755],[8.20543,44.63762],[8.20527,44.63785],[8.20522,44.63791],[8.20521,44.63793],[8.20521,44.63795],[8.20515,44.63808],[8.20508,44.63824],[8.20497,44.63848],[8.2049,44.63865],[8.2048,44.63887],[8.20469,44.63912],[8.20455,44.63943],[8.2045,44.63954],[8.2045,44.63955],[8.20451,44.63958],[8.20451,44.63982],[8.20452,44.64011],[8.20453,44.64037],[8.20454,44.64065],[8.20454,44.64068],[8.20455,44.64071],[8.20455,44.64088],[8.20455,44.64093],[8.20455,44.64096],[8.20456,44.64111],[8.20468,44.64134],[8.20483,44.64161],[8.20488,44.6417],[8.20492,44.64178],[8.20516,44.6419],[8.20533,44.64199],[8.20552,44.64225],[8.20569,44.64251],[8.20578,44.64263],[8.20597,44.64291],[8.20604,44.64302],[8.20616,44.64328],[8.2062,44.64336],[8.20622,44.6434],[8.20623,44.64341],[8.20625,44.64346],[8.20636,44.64364],[8.2064,44.6437],[8.20648,44.64382],[8.20652,44.64389],[8.20659,44.64399],[8.2066,44.64402],[8.20663,44.64416],[8.20666,44.64431],[8.20667,44.64438],[8.20668,44.64442],[8.2067,44.64445],[8.20674,44.64453],[8.20679,44.64461],[8.20686,44.64471],[8.20689,44.64474],[8.20703,44.64488],[8.20707,44.64493],[8.20712,44.64497],[8.20721,44.64505],[8.20733,44.64514],[8.20739,44.64521],[8.2075,44.64533],[8.20751,44.64535],[8.20762,44.64549],[8.20763,44.6455],[8.20767,44.64554],[8.20772,44.64559],[8.20775,44.64562],[8.20781,44.64571],[8.20797,44.64597],[8.20813,44.64619],[8.20829,44.64645],[8.20834,44.64651],[8.20845,44.64668],[8.20863,44.64695],[8.20874,44.6471],[8.20881,44.64722],[8.20883,44.64725],[8.20915,44.6471],[8.20949,44.64694],[8.20966,44.64682],[8.21008,44.64663],[8.21013,44.6466],[8.21046,44.64654],[8.21066,44.64652],[8.21074,44.64657],[8.21083,44.64662],[8.2109,44.64667],[8.21104,44.64682],[8.21112,44.64691],[8.21118,44.64697],[8.2112,44.64699],[8.21123,44.64719],[8.21125,44.64732],[8.21137,44.6475],[8.2115,44.64768],[8.21166,44.6479],[8.21173,44.648],[8.21174,44.648],[8.2119,44.64806],[8.21193,44.64807],[8.21206,44.64812],[8.21224,44.64819],[8.2126,44.64832],[8.21286,44.64841],[8.21314,44.64852],[8.21321,44.64854],[8.21329,44.64858],[8.21337,44.64862],[8.21342,44.64865],[8.21351,44.6487],[8.21358,44.64873],[8.21366,44.64877],[8.21378,44.64883],[8.2139,44.64889],[8.21412,44.64899],[8.21419,44.64903],[8.21424,44.64904],[8.21426,44.64905],[8.21435,44.64909],[8.21444,44.64913],[8.21462,44.64921],[8.21478,44.64929],[8.21504,44.64936],[8.2151,44.64938],[8.21521,44.64944],[8.21536,44.64951],[8.21545,44.64955],[8.21558,44.64961],[8.21566,44.64965],[8.21575,44.64968],[8.21584,44.64971],[8.21596,44.64974],[8.216,44.64976],[8.21618,44.64984],[8.21625,44.64987],[8.21637,44.64992],[8.21639,44.64993],[8.21643,44.64994],[8.2166,44.64997],[8.21672,44.64999],[8.21677,44.65],[8.21698,44.65003],[8.21722,44.65007],[8.21745,44.65011],[8.21767,44.65007],[8.21791,44.65004],[8.21794,44.65037],[8.21793,44.65055],[8.21806,44.65104],[8.21812,44.65127],[8.21813,44.65135],[8.21814,44.65142],[8.21813,44.65148],[8.21816,44.65161],[8.21816,44.65176],[8.21813,44.65191],[8.21808,44.65207],[8.21806,44.65228],[8.21804,44.65238],[8.21809,44.65265],[8.21811,44.65275],[8.21821,44.65301],[8.21829,44.65322],[8.21838,44.65341],[8.21848,44.65355],[8.21856,44.65365],[8.21858,44.65368],[8.21865,44.65374],[8.21877,44.65385],[8.21884,44.65393],[8.21893,44.65402],[8.21922,44.65419],[8.2193,44.65423],[8.21936,44.65431],[8.21937,44.65435],[8.21938,44.65444],[8.21938,44.65452],[8.21937,44.65459],[8.21934,44.65465],[8.21928,44.65472],[8.21918,44.65479],[8.21899,44.65491],[8.21898,44.65493],[8.21898,44.65497],[8.21899,44.65499],[8.21901,44.65503],[8.21901,44.65507],[8.21907,44.65519],[8.21911,44.65523],[8.21917,44.65529],[8.21922,44.65535],[8.21928,44.65541],[8.2193,44.65544],[8.21938,44.65552],[8.21943,44.65556],[8.21947,44.65565],[8.2195,44.6558],[8.21952,44.65588],[8.21956,44.65598],[8.21965,44.65611],[8.21978,44.65621],[8.21988,44.65629],[8.21999,44.65636],[8.22004,44.65639],[8.22023,44.65656],[8.22033,44.65667],[8.22051,44.65688],[8.2206,44.65699],[8.22072,44.65712],[8.2208,44.65718],[8.221,44.6573],[8.22106,44.65734],[8.22111,44.65736],[8.22117,44.65739],[8.22127,44.65744],[8.2213,44.65746],[8.2215,44.65752],[8.22187,44.65763],[8.22229,44.65775],[8.22248,44.65814],[8.22263,44.65847],[8.22275,44.65872],[8.22277,44.65876],[8.22279,44.65882],[8.22292,44.65898],[8.22299,44.65903],[8.2231,44.65913],[8.22314,44.65916],[8.2232,44.65921],[8.2235,44.65937],[8.22362,44.65944],[8.22371,44.65949],[8.22376,44.65951],[8.22394,44.6596],[8.22416,44.6597],[8.2242,44.65972],[8.22424,44.65974],[8.22451,44.6599],[8.22483,44.66013],[8.22495,44.66026],[8.22522,44.66054],[8.22547,44.66081],[8.22602,44.66141],[8.22612,44.66152],[8.22614,44.66154],[8.22625,44.66185],[8.22626,44.66189],[8.22634,44.66219],[8.22636,44.66228],[8.22637,44.66232],[8.22642,44.66256],[8.22653,44.66282],[8.22653,44.66283],[8.22665,44.66313],[8.22669,44.66322],[8.2267,44.66324],[8.22671,44.66325],[8.2265,44.6634],[8.22604,44.66371],[8.22566,44.66396],[8.22516,44.66431],[8.22506,44.66438],[8.22497,44.66443],[8.22491,44.66446],[8.22458,44.66465],[8.22411,44.66494],[8.22405,44.66498],[8.22397,44.66596],[8.22392,44.66644],[8.22396,44.66646],[8.22399,44.66648],[8.22399,44.66655],[8.22399,44.66675],[8.22412,44.66705],[8.22411,44.66718],[8.22409,44.66722],[8.22409,44.66734],[8.22403,44.66775],[8.22403,44.66778],[8.22403,44.66811],[8.22406,44.66849],[8.2241,44.66894],[8.22416,44.66961],[8.22432,44.66994],[8.22431,44.67003],[8.2243,44.67007],[8.22418,44.6704],[8.22414,44.67059],[8.22411,44.67073],[8.22402,44.671],[8.22399,44.6711],[8.22389,44.67161],[8.22385,44.67177],[8.22381,44.672],[8.22377,44.67237],[8.22375,44.67246],[8.22368,44.67261],[8.22357,44.67282],[8.22347,44.67297],[8.22345,44.673],[8.2234,44.67317],[8.22338,44.67323],[8.22338,44.67325],[8.22338,44.6734],[8.22335,44.67354],[8.22331,44.67369],[8.22328,44.67383],[8.2233,44.67391],[8.22331,44.674],[8.22333,44.67404],[8.22334,44.67408],[8.22339,44.67411],[8.22343,44.67413],[8.2235,44.67416],[8.22359,44.6742],[8.22364,44.67421],[8.22379,44.67427],[8.22404,44.67435],[8.22407,44.67436],[8.22427,44.67446],[8.22452,44.67463],[8.22453,44.67467],[8.22453,44.67469],[8.22435,44.67489],[8.22431,44.67499],[8.22418,44.67513],[8.22407,44.67526],[8.22401,44.67531],[8.22389,44.67545],[8.22388,44.67547],[8.22373,44.67557],[8.22366,44.67563],[8.22353,44.67582],[8.22349,44.67588],[8.22348,44.6759],[8.22322,44.67608],[8.22289,44.67634],[8.22285,44.67636],[8.2228,44.67649],[8.22256,44.67673],[8.22257,44.67675],[8.22256,44.67678],[8.22255,44.67693],[8.22257,44.677],[8.22258,44.67705],[8.22259,44.67722],[8.2226,44.67732],[8.2226,44.67735],[8.22256,44.67738],[8.22265,44.67743],[8.22269,44.67763],[8.2227,44.67766],[8.22277,44.67774],[8.22277,44.67777],[8.22275,44.67781],[8.22289,44.67788],[8.22294,44.67817],[8.22297,44.67821],[8.2231,44.67836],[8.22311,44.67837],[8.22313,44.67841],[8.22317,44.67848],[8.22325,44.67859],[8.22329,44.67863],[8.22333,44.67873],[8.22339,44.67886],[8.22343,44.67893],[8.22353,44.67908],[8.22359,44.67921],[8.22371,44.67938],[8.22374,44.6794],[8.22381,44.67944],[8.22384,44.67945],[8.22384,44.67957],[8.22396,44.67962],[8.22411,44.67977],[8.22413,44.67979],[8.22422,44.67986],[8.22432,44.67992],[8.22452,44.68004],[8.22458,44.68006],[8.22468,44.68011],[8.22471,44.68013],[8.22484,44.68024],[8.22496,44.68032],[8.225,44.68034],[8.22536,44.68043],[8.22549,44.68046],[8.22553,44.68047],[8.22582,44.68062],[8.22606,44.68068],[8.22609,44.68069],[8.22633,44.68075],[8.22657,44.68074],[8.22663,44.68072],[8.22686,44.68065],[8.2269,44.68064],[8.22709,44.6806],[8.22718,44.68057],[8.22725,44.68055],[8.22739,44.68057],[8.22745,44.68064],[8.22759,44.6807],[8.22779,44.68072],[8.22794,44.6807],[8.22798,44.68072],[8.22804,44.68077],[8.22822,44.68077],[8.22827,44.68077],[8.22848,44.68076],[8.22872,44.68085],[8.22876,44.68086],[8.22883,44.6809],[8.22888,44.68092],[8.22896,44.68091],[8.22912,44.68088],[8.22916,44.68088],[8.22948,44.68093],[8.2296,44.68096],[8.22974,44.681],[8.2298,44.68101],[8.23006,44.68105],[8.23011,44.68106],[8.23022,44.68108],[8.23034,44.6811],[8.23048,44.68131],[8.23055,44.68132],[8.23064,44.68129],[8.23079,44.6813],[8.23097,44.68131],[8.23106,44.68127],[8.2312,44.6812],[8.2313,44.68127],[8.23133,44.6813],[8.23138,44.68135],[8.23142,44.68136],[8.23146,44.68136],[8.23149,44.68135],[8.23165,44.68134],[8.23186,44.68121],[8.23217,44.6811],[8.23221,44.68113],[8.23221,44.68115],[8.23229,44.68123],[8.23233,44.68128],[8.23238,44.6813],[8.23241,44.6813],[8.23246,44.68132],[8.2326,44.68127],[8.23264,44.68126],[8.23269,44.68126],[8.2327,44.68141],[8.23247,44.68145],[8.23243,44.68146],[8.23239,44.68147],[8.23232,44.68156],[8.23234,44.68157],[8.23243,44.68166],[8.23246,44.68167],[8.23264,44.68172],[8.23268,44.68171],[8.23272,44.68171],[8.23275,44.6817],[8.23285,44.68171],[8.23287,44.68182],[8.23285,44.68186],[8.23287,44.68193],[8.23291,44.68194],[8.23295,44.68196],[8.23298,44.68198],[8.23311,44.68203],[8.23324,44.68208],[8.23326,44.6822],[8.23322,44.68228],[8.23319,44.68239],[8.23325,44.68251],[8.2332,44.68261],[8.23322,44.68265],[8.23325,44.68267],[8.23348,44.68275],[8.23353,44.68276],[8.2339,44.68285],[8.23402,44.68288],[8.23402,44.68294],[8.234,44.68296],[8.23385,44.68304],[8.23371,44.6832],[8.23368,44.68324],[8.23367,44.68333],[8.23371,44.68335],[8.23377,44.68336],[8.23384,44.68334],[8.23392,44.68337],[8.23397,44.68338],[8.23404,44.68342],[8.23415,44.68347],[8.23423,44.6835],[8.23434,44.68354],[8.23437,44.68357],[8.2344,44.6836],[8.23446,44.68364],[8.23446,44.68366],[8.23446,44.68373],[8.23439,44.68391],[8.23435,44.68402],[8.23437,44.68405],[8.23444,44.68411],[8.23448,44.68415],[8.23467,44.68409],[8.23478,44.68412],[8.23483,44.68413],[8.23475,44.6843],[8.2348,44.68438],[8.23487,44.68444],[8.23492,44.68449],[8.23495,44.6845],[8.23514,44.68459],[8.23536,44.68468],[8.2354,44.68471],[8.23545,44.68476],[8.23575,44.68505],[8.23583,44.68507],[8.23594,44.6851],[8.2362,44.68504],[8.23631,44.68506],[8.23651,44.68509],[8.23668,44.68508],[8.23672,44.68507],[8.23681,44.6851],[8.23683,44.68511],[8.23693,44.68519],[8.23705,44.68529],[8.23721,44.68542],[8.2374,44.68548],[8.23783,44.68539],[8.23794,44.68542],[8.23798,44.68543],[8.23822,44.68559],[8.23866,44.68571],[8.23876,44.68573],[8.23903,44.6857],[8.2391,44.68569],[8.2392,44.68571],[8.23924,44.68571],[8.2393,44.68577],[8.23936,44.68581],[8.23936,44.68583],[8.23946,44.68594],[8.2395,44.686],[8.23953,44.68604],[8.23955,44.68606],[8.23956,44.68608],[8.23962,44.68616],[8.23965,44.6862],[8.23974,44.6863],[8.23977,44.68631],[8.23999,44.6864],[8.24005,44.68641],[8.24027,44.68653],[8.24045,44.68648],[8.24051,44.68647],[8.24069,44.6864],[8.24091,44.68639],[8.2415,44.68644],[8.24154,44.68645],[8.24167,44.68653],[8.24169,44.68655],[8.24177,44.68672],[8.24156,44.68691],[8.24149,44.68707],[8.24158,44.68713],[8.24182,44.68709],[8.24186,44.68708],[8.24219,44.68712],[8.24242,44.68723],[8.24248,44.68735],[8.24237,44.68755],[8.24235,44.68756],[8.24238,44.68764],[8.24238,44.68767],[8.24241,44.6877],[8.24244,44.68772],[8.24275,44.68777],[8.24293,44.68774],[8.24297,44.68773],[8.243,44.68773],[8.24309,44.68775],[8.24313,44.68777],[8.24329,44.68788],[8.24319,44.68805],[8.24302,44.68825],[8.24319,44.68865],[8.24335,44.68876],[8.2435,44.68885],[8.24351,44.68888],[8.24354,44.68899],[8.24356,44.68928],[8.24356,44.68932],[8.24356,44.68948],[8.24377,44.68958],[8.24401,44.6897],[8.24411,44.68976],[8.24425,44.68984],[8.24418,44.68997],[8.24412,44.69008],[8.24407,44.69014],[8.24406,44.69016],[8.24386,44.69029],[8.24388,44.6904],[8.24388,44.69045],[8.2439,44.69049],[8.24394,44.69054],[8.24395,44.69055],[8.2441,44.69059],[8.24419,44.69062],[8.24443,44.69074],[8.24462,44.69084],[8.24491,44.69091],[8.24518,44.69099],[8.24531,44.69109],[8.24536,44.69113],[8.24537,44.69116],[8.2455,44.69132],[8.24586,44.69123],[8.24588,44.69123],[8.24595,44.69122],[8.24603,44.69121],[8.24616,44.69122],[8.24629,44.69124],[8.24634,44.69125],[8.24661,44.69134],[8.24664,44.69135],[8.24694,44.69146],[8.24711,44.69148],[8.24718,44.69149],[8.24747,44.69138],[8.2476,44.69139],[8.2478,44.69148],[8.2481,44.69154],[8.24821,44.69157],[8.24835,44.69163],[8.2485,44.69161],[8.24864,44.6916],[8.24866,44.69161],[8.24881,44.69164],[8.24886,44.69165],[8.2488,44.69191],[8.24898,44.69215],[8.24915,44.69238],[8.24935,44.69236],[8.24941,44.69237],[8.24959,44.69236],[8.24993,44.69244],[8.25014,44.69254],[8.25023,44.69263],[8.25028,44.69283],[8.24994,44.69283],[8.24963,44.69296],[8.24958,44.69302],[8.24961,44.69309],[8.24989,44.6931],[8.24998,44.69315],[8.25002,44.69317],[8.25049,44.69313],[8.25069,44.69311],[8.25088,44.69328],[8.25095,44.6935],[8.25101,44.69358],[8.25121,44.69357],[8.2515,44.69346],[8.25153,44.69344],[8.25158,44.69342],[8.25175,44.69335],[8.25181,44.69332],[8.25192,44.69337],[8.25199,44.69351],[8.25186,44.69369],[8.25182,44.69375],[8.25178,44.6939],[8.25177,44.69394],[8.25178,44.69396],[8.2518,44.69401],[8.25187,44.69403],[8.2519,44.69403],[8.252,44.694],[8.25223,44.69391],[8.25232,44.69382],[8.25232,44.69371],[8.25233,44.69365],[8.25237,44.69343],[8.25258,44.69334],[8.25303,44.69339],[8.25308,44.69345],[8.25303,44.69353],[8.25295,44.69369],[8.25294,44.6937],[8.25288,44.69376],[8.25284,44.69385],[8.25274,44.69394],[8.25255,44.6941],[8.2526,44.69415],[8.25262,44.69416],[8.25274,44.69421],[8.25297,44.69417],[8.25314,44.69421],[8.25332,44.69414],[8.25355,44.69405],[8.2536,44.69406],[8.25383,44.69408],[8.25393,44.6941],[8.25403,44.69411],[8.25415,44.69412],[8.2543,44.69413],[8.25464,44.69417],[8.25471,44.69418],[8.25476,44.6942],[8.25479,44.69421],[8.25482,44.69433],[8.25483,44.69437],[8.25486,44.69451],[8.25488,44.69459],[8.25477,44.6949],[8.25477,44.69496],[8.25478,44.69511],[8.25481,44.69511],[8.25484,44.69513],[8.25495,44.69511],[8.25526,44.69491],[8.25537,44.69458],[8.25546,44.69453],[8.25554,44.6945],[8.25561,44.69447],[8.25568,44.69447],[8.25592,44.6945],[8.25599,44.69458],[8.25604,44.69461],[8.25608,44.69464],[8.25608,44.69474],[8.25604,44.69487],[8.2559,44.69508],[8.25583,44.6952],[8.25575,44.69537],[8.25583,44.69547],[8.25604,44.69559],[8.25628,44.69574],[8.2564,44.69576],[8.25661,44.6958],[8.25684,44.69578],[8.25696,44.69578],[8.257,44.69577],[8.25727,44.69575],[8.25756,44.69572],[8.25764,44.69574],[8.25765,44.69575],[8.25774,44.69584],[8.25775,44.69588],[8.25776,44.69593],[8.25778,44.69603],[8.25782,44.69608],[8.25781,44.69611],[8.25782,44.69616],[8.2579,44.69642],[8.25791,44.69646],[8.25796,44.69655],[8.258,44.69669],[8.25809,44.6967],[8.25824,44.69671],[8.25833,44.69672],[8.25836,44.69671],[8.25845,44.69666],[8.25859,44.69657],[8.2587,44.6965],[8.25881,44.69639],[8.25889,44.69631],[8.25896,44.69628],[8.25904,44.69622],[8.25911,44.69623],[8.25915,44.69626],[8.25921,44.69641],[8.25922,44.69657],[8.25922,44.69659],[8.25923,44.69674],[8.25934,44.69681],[8.25938,44.69682],[8.25941,44.69684],[8.25948,44.69686],[8.25953,44.69687],[8.25974,44.69691],[8.25996,44.69693],[8.26007,44.69689],[8.26015,44.69711],[8.26017,44.69717],[8.26019,44.69722],[8.26022,44.69731],[8.26026,44.69745],[8.26028,44.69747],[8.2603,44.69749],[8.26032,44.69755],[8.26032,44.69761],[8.26032,44.69765],[8.26035,44.69781],[8.26037,44.69787],[8.26037,44.6979],[8.26035,44.69793],[8.26028,44.69808],[8.26026,44.69811],[8.26014,44.69835],[8.26009,44.69842],[8.2602,44.69849],[8.26022,44.69854],[8.26026,44.69867],[8.26029,44.69874],[8.26031,44.69882],[8.2604,44.69909],[8.26041,44.69913],[8.2605,44.69942],[8.26051,44.69946],[8.26056,44.69954],[8.26057,44.69956],[8.26058,44.69961],[8.26058,44.69966],[8.26068,44.69975],[8.2607,44.69979],[8.26071,44.69985],[8.26071,44.6999],[8.26071,44.69993],[8.26078,44.70004],[8.26076,44.70017],[8.26094,44.70035],[8.26098,44.70048],[8.26099,44.7005],[8.261,44.70054],[8.26101,44.7006],[8.26102,44.70062],[8.26102,44.70065],[8.26124,44.70084],[8.26137,44.70093],[8.26137,44.70096],[8.26138,44.70099],[8.26138,44.70112],[8.26134,44.70116],[8.26138,44.70125],[8.26136,44.70128],[8.26135,44.7013],[8.26136,44.70132],[8.26138,44.70139],[8.26139,44.70158],[8.2614,44.70161],[8.26144,44.70172],[8.26151,44.70176],[8.26154,44.70179],[8.26156,44.70186],[8.26163,44.70192],[8.26167,44.70202],[8.26201,44.70212],[8.26206,44.7022],[8.26224,44.70251],[8.26232,44.70263],[8.26231,44.70265],[8.26226,44.70274],[8.26226,44.70277],[8.26227,44.7028],[8.26229,44.70285],[8.26231,44.70294],[8.26225,44.70296],[8.26224,44.70303],[8.26227,44.70311],[8.26228,44.70316],[8.26228,44.70319],[8.2623,44.70323],[8.2623,44.70325],[8.26238,44.70338],[8.2623,44.70353],[8.26231,44.70362],[8.26226,44.70366],[8.2622,44.70372],[8.2622,44.70381],[8.2622,44.70387],[8.26225,44.70391],[8.26228,44.70396],[8.2624,44.70431],[8.26241,44.7044],[8.26243,44.70443],[8.26245,44.70445],[8.26246,44.70449],[8.2625,44.70454],[8.26253,44.7046],[8.26258,44.70468],[8.26258,44.70471],[8.26259,44.70474],[8.26259,44.70478],[8.26259,44.70484],[8.26263,44.70491],[8.26267,44.705],[8.26271,44.70505],[8.26274,44.70507],[8.26278,44.70509],[8.26283,44.70515],[8.26286,44.70518],[8.26289,44.70519],[8.2629,44.70521],[8.26294,44.70525],[8.26294,44.70528],[8.26296,44.70531],[8.26297,44.70534],[8.26298,44.70543],[8.26299,44.70546],[8.26304,44.70549],[8.26307,44.7055],[8.26312,44.70556],[8.26313,44.70559],[8.26321,44.70564],[8.26325,44.70567],[8.26329,44.70569],[8.2633,44.70572],[8.26333,44.70577],[8.26339,44.70581],[8.26348,44.70586],[8.26351,44.70587],[8.26353,44.70596],[8.26353,44.706],[8.2636,44.70605],[8.26361,44.70606],[8.26366,44.7061],[8.26366,44.70615],[8.26365,44.70622],[8.26367,44.70626],[8.2637,44.70629],[8.26374,44.70632],[8.26391,44.70638],[8.26394,44.70639],[8.26403,44.70645],[8.26407,44.70655],[8.26409,44.70661],[8.2641,44.70664],[8.26418,44.70669],[8.26422,44.70674],[8.26422,44.70677],[8.26424,44.70689],[8.26425,44.70691],[8.26427,44.70695],[8.26433,44.70707],[8.26434,44.7071],[8.26431,44.70713],[8.26429,44.70715],[8.26416,44.70726],[8.26411,44.7073],[8.2641,44.70735],[8.26412,44.70741],[8.26415,44.70748],[8.26417,44.70752],[8.26421,44.7076],[8.26423,44.70765],[8.26425,44.70769],[8.26426,44.70773],[8.26428,44.70778],[8.26429,44.70781],[8.2643,44.70784],[8.2643,44.70786],[8.26432,44.7079],[8.26434,44.70797],[8.26436,44.70802],[8.26449,44.70843],[8.2645,44.70846],[8.26453,44.70852],[8.26455,44.70861],[8.26457,44.70864],[8.2646,44.70869],[8.26461,44.70876],[8.26461,44.70878],[8.26464,44.70889],[8.26471,44.70893],[8.26476,44.70897],[8.26481,44.709],[8.26486,44.70903],[8.26488,44.70904],[8.26494,44.70907],[8.26505,44.70902],[8.26502,44.70896],[8.26501,44.70894],[8.265,44.70892],[8.26507,44.70881],[8.26512,44.70878],[8.26523,44.70872],[8.26525,44.7087],[8.26526,44.70867],[8.26534,44.70857],[8.26542,44.70848],[8.26551,44.70843],[8.26575,44.70829],[8.26592,44.7081],[8.26609,44.708],[8.26623,44.70795],[8.26633,44.70796],[8.26647,44.70797],[8.26667,44.70803],[8.26675,44.70809],[8.26678,44.70811],[8.26687,44.70815],[8.26693,44.70818],[8.26695,44.70821],[8.26697,44.70825],[8.26702,44.70833],[8.2671,44.70842],[8.26714,44.70846],[8.26722,44.70854],[8.26725,44.70857],[8.26735,44.70865],[8.26738,44.70866],[8.2674,44.70868],[8.26743,44.7087],[8.26746,44.70873],[8.26753,44.70881],[8.26756,44.70886],[8.26768,44.70897],[8.26771,44.70899],[8.26773,44.70901],[8.2678,44.70911],[8.26779,44.7092],[8.26779,44.70934],[8.26778,44.70938],[8.2678,44.70942],[8.2678,44.70945],[8.26782,44.70952],[8.26788,44.70974],[8.26788,44.70978],[8.26789,44.70979],[8.26794,44.70986],[8.2681,44.71007],[8.26818,44.71018],[8.26822,44.71023],[8.26833,44.71038],[8.26839,44.71046],[8.26847,44.71058],[8.26854,44.71066],[8.26861,44.71076],[8.26883,44.71107],[8.26885,44.7111],[8.26893,44.71117],[8.269,44.71123],[8.26904,44.71128],[8.26919,44.71153],[8.26911,44.7116],[8.26883,44.71185],[8.26869,44.71197],[8.26841,44.71222],[8.26827,44.71234],[8.26815,44.71243],[8.268,44.71257],[8.26787,44.71269],[8.26764,44.71289],[8.26753,44.713],[8.26745,44.71306],[8.26738,44.71311],[8.26736,44.71313],[8.26732,44.71316],[8.26729,44.71318],[8.26721,44.71324],[8.26714,44.71321],[8.267,44.71314],[8.26687,44.7131],[8.26677,44.71305],[8.26664,44.71299],[8.26661,44.71297],[8.26645,44.7129],[8.26628,44.71282],[8.26624,44.71279],[8.2661,44.71273],[8.26595,44.71267],[8.26564,44.71253],[8.26553,44.71265],[8.26549,44.7127],[8.26542,44.71278],[8.26538,44.71285],[8.26533,44.71291],[8.26529,44.71296],[8.26524,44.71303],[8.26517,44.71313],[8.26508,44.71324],[8.26504,44.71325],[8.26496,44.71328],[8.26485,44.7133],[8.26479,44.71329],[8.26453,44.71333],[8.26418,44.71352],[8.26413,44.71353],[8.264,44.71358],[8.26379,44.71362],[8.2638,44.71365],[8.26369,44.71378],[8.26366,44.71383],[8.2636,44.7139],[8.26356,44.71395],[8.26354,44.71396],[8.26346,44.71403],[8.26342,44.71404],[8.26329,44.71409],[8.26323,44.71408],[8.26311,44.71404],[8.26298,44.71401],[8.26296,44.71399],[8.26287,44.71396],[8.26285,44.714],[8.26286,44.71403],[8.26287,44.71406],[8.26287,44.71408],[8.2629,44.71424],[8.26281,44.71426],[8.26277,44.71425],[8.26265,44.71438],[8.26254,44.71444],[8.26253,44.7145],[8.26253,44.71452],[8.26249,44.71456],[8.26246,44.71456],[8.26242,44.71459],[8.26241,44.71461],[8.26239,44.71465],[8.26237,44.71467],[8.26237,44.7147],[8.26234,44.71472],[8.26231,44.71477],[8.26228,44.71478],[8.26223,44.71483],[8.26221,44.71485],[8.26221,44.71488],[8.2622,44.71494],[8.26219,44.71501],[8.26219,44.71507],[8.26218,44.71513],[8.26217,44.71525],[8.26216,44.71532],[8.26214,44.7154],[8.2621,44.71549],[8.26208,44.7155],[8.262,44.71558],[8.26194,44.71565],[8.26185,44.71572],[8.26178,44.71577],[8.26157,44.71592],[8.26142,44.71593],[8.26134,44.71592],[8.26116,44.71608],[8.26116,44.71611],[8.26114,44.71615],[8.26112,44.71617],[8.26109,44.71622],[8.26107,44.71625],[8.26103,44.71632],[8.26097,44.71634],[8.26098,44.71637],[8.26095,44.71642],[8.26093,44.71645],[8.26093,44.71647],[8.26092,44.71651],[8.26089,44.71655],[8.26087,44.71658],[8.26086,44.71663],[8.26084,44.71666],[8.26081,44.71671],[8.26078,44.71677],[8.26075,44.71683],[8.26072,44.71688],[8.26067,44.71694],[8.26066,44.71696],[8.26062,44.71701],[8.26058,44.71706],[8.26049,44.71717],[8.26045,44.71723],[8.26043,44.71725],[8.26036,44.71735],[8.26034,44.71737],[8.26028,44.71743],[8.26023,44.71749],[8.26021,44.71752],[8.26018,44.71757],[8.26012,44.71767],[8.2601,44.71772],[8.26007,44.71778],[8.26002,44.71788],[8.25996,44.71801],[8.25991,44.71812],[8.2599,44.71814],[8.25986,44.71822],[8.25982,44.71829],[8.25977,44.71837],[8.25972,44.71846],[8.25969,44.71851],[8.25964,44.71858],[8.25962,44.71863],[8.25953,44.71875],[8.25951,44.71879],[8.25944,44.71889],[8.25941,44.71895],[8.25938,44.71898],[8.25935,44.71903],[8.2593,44.7191],[8.25929,44.71912],[8.25926,44.71916],[8.25923,44.71924],[8.25921,44.71928],[8.25919,44.71933],[8.25917,44.71938],[8.25915,44.71944],[8.25911,44.71954],[8.25907,44.71965],[8.25905,44.71977],[8.25904,44.71984],[8.25903,44.71987],[8.25903,44.7199],[8.25904,44.71998],[8.25904,44.72004],[8.25905,44.72007],[8.25906,44.72019],[8.25905,44.72026],[8.259,44.72035],[8.25897,44.7204],[8.25891,44.72048],[8.25889,44.7205],[8.25886,44.72057],[8.25883,44.72061],[8.2588,44.72065],[8.25876,44.7207],[8.25869,44.72079],[8.25871,44.72083],[8.25859,44.72088],[8.25857,44.72089],[8.25854,44.72091],[8.25848,44.72094],[8.25846,44.72095],[8.25833,44.72103],[8.25824,44.7211],[8.25806,44.7212],[8.25782,44.7212],[8.25758,44.72121],[8.2575,44.72121],[8.2568,44.72122],[8.25672,44.72133],[8.25668,44.72137],[8.25646,44.7216],[8.25641,44.72166],[8.25636,44.72171],[8.25607,44.72205],[8.25612,44.72242],[8.25624,44.72274],[8.25632,44.72296],[8.25637,44.72307],[8.25643,44.72322],[8.25645,44.72328],[8.25649,44.72337],[8.25653,44.72348],[8.25653,44.7235],[8.25654,44.72354],[8.25659,44.72392],[8.25653,44.72408],[8.2565,44.72418],[8.25646,44.72428],[8.25644,44.72432],[8.25642,44.72437],[8.25639,44.72446],[8.25637,44.72451],[8.25633,44.72459],[8.25632,44.72464],[8.2563,44.7247],[8.25627,44.72478],[8.25623,44.72487],[8.2562,44.7249],[8.25616,44.72494],[8.25611,44.72497],[8.25612,44.72504],[8.25613,44.72507],[8.25611,44.72509],[8.25607,44.72515],[8.25594,44.72527],[8.25586,44.72537],[8.25586,44.72551],[8.25582,44.72559],[8.25573,44.72569],[8.25571,44.72571],[8.25566,44.72585],[8.25577,44.72616],[8.25554,44.72628],[8.2555,44.72629],[8.25543,44.72632],[8.25539,44.72635],[8.25534,44.72636],[8.25528,44.72637],[8.25518,44.72644],[8.25505,44.72646],[8.25492,44.72661],[8.25516,44.72676],[8.25537,44.72688],[8.25542,44.72686],[8.25557,44.72691],[8.25568,44.7269],[8.25574,44.72689],[8.25595,44.72694],[8.25603,44.72695],[8.25606,44.72698],[8.2561,44.72703],[8.25612,44.72705],[8.25616,44.72726],[8.25619,44.72729],[8.25631,44.72749],[8.25622,44.72752],[8.25618,44.72753],[8.25606,44.72759],[8.25603,44.72769],[8.25606,44.72775],[8.25608,44.72778],[8.25614,44.72786],[8.25617,44.7279],[8.25635,44.72807],[8.25649,44.72823],[8.2563,44.72824],[8.2563,44.72836],[8.2563,44.72849],[8.2563,44.7287],[8.25629,44.72873],[8.2563,44.72886],[8.2563,44.72891],[8.25631,44.72899],[8.2563,44.72909],[8.25631,44.72916],[8.25631,44.72933],[8.25631,44.72936],[8.25633,44.7295],[8.25634,44.72956],[8.25635,44.72964],[8.25636,44.72971],[8.25639,44.72984],[8.25643,44.7301],[8.25644,44.73015],[8.25645,44.73023],[8.25649,44.7305],[8.25651,44.73055],[8.25653,44.73061],[8.25656,44.73073],[8.25658,44.73079],[8.25662,44.73092],[8.25663,44.73095],[8.25664,44.73107],[8.25664,44.73109],[8.25665,44.73115],[8.25666,44.73128],[8.25666,44.73134],[8.25667,44.73142],[8.25668,44.73147],[8.25668,44.73153],[8.25669,44.73166],[8.25669,44.73173],[8.2567,44.73186],[8.2567,44.7319],[8.2567,44.73192],[8.25672,44.73221],[8.25672,44.73223],[8.25669,44.73222],[8.25657,44.7322],[8.25651,44.73219],[8.25647,44.73218],[8.25635,44.73214],[8.25624,44.73212],[8.2561,44.73208],[8.25603,44.73206],[8.25595,44.73204],[8.25583,44.73202],[8.25579,44.73201],[8.25572,44.73199],[8.25565,44.73198],[8.25558,44.73196],[8.25553,44.73197],[8.25541,44.73199],[8.25537,44.73199],[8.2553,44.73199],[8.25516,44.73197],[8.25507,44.73196],[8.25501,44.73195],[8.25493,44.73195],[8.25481,44.73194],[8.25477,44.73193],[8.25472,44.73193],[8.25469,44.73193],[8.25462,44.73192],[8.25456,44.73192],[8.2545,44.73192],[8.25444,44.73192],[8.25437,44.73192],[8.25432,44.73192],[8.25426,44.73192],[8.2542,44.73192],[8.25414,44.73192],[8.25408,44.73192],[8.25399,44.73192],[8.25396,44.73192],[8.2539,44.73193],[8.25379,44.73194],[8.25362,44.73194],[8.25358,44.73194],[8.25351,44.73193],[8.25346,44.73193],[8.2534,44.73192],[8.25334,44.73192],[8.25331,44.7319],[8.25327,44.7319],[8.25318,44.73189],[8.25309,44.73185],[8.25295,44.73183],[8.25282,44.73181],[8.25277,44.7318],[8.2527,44.73181],[8.25254,44.73183],[8.25255,44.73179],[8.25257,44.73173],[8.25256,44.73173],[8.25255,44.7317],[8.25254,44.73168],[8.25253,44.73167],[8.25251,44.73165],[8.25248,44.73163],[8.25243,44.73161],[8.25236,44.73157],[8.25232,44.73156],[8.25231,44.73156],[8.25223,44.73153],[8.25218,44.73152],[8.25217,44.73152],[8.25215,44.73151],[8.25209,44.73146],[8.25201,44.73142],[8.25197,44.73139],[8.25197,44.73136],[8.25199,44.73135],[8.25202,44.73133],[8.25208,44.7313],[8.2521,44.73129],[8.25213,44.73124],[8.25215,44.73123],[8.25216,44.73122],[8.25219,44.7312],[8.25223,44.73116],[8.25224,44.73116],[8.25225,44.73115],[8.25223,44.73113],[8.25217,44.73112],[8.2521,44.73111],[8.25201,44.73111],[8.25198,44.73111],[8.2519,44.73112],[8.25186,44.73112],[8.25184,44.73113],[8.2518,44.73114],[8.25176,44.73114],[8.25173,44.73116],[8.25162,44.73121],[8.25154,44.73117],[8.25149,44.73118],[8.25135,44.7312],[8.25129,44.7312],[8.25121,44.73122],[8.25108,44.73124],[8.25095,44.73126],[8.25092,44.73127],[8.25086,44.73128],[8.25081,44.7313],[8.25073,44.7313],[8.25063,44.73133],[8.25059,44.73133],[8.25053,44.73135],[8.2505,44.73135],[8.25041,44.73137],[8.25035,44.73139],[8.25016,44.73143],[8.25008,44.73144],[8.24996,44.73148],[8.24994,44.73149],[8.24981,44.73157],[8.24971,44.73159],[8.24963,44.7316],[8.2496,44.7316],[8.24951,44.73144],[8.24949,44.73139],[8.24945,44.73133],[8.24942,44.73129],[8.24938,44.73123],[8.24934,44.73116],[8.24934,44.73114],[8.24928,44.73108],[8.24923,44.73103],[8.24917,44.73096],[8.24916,44.73094],[8.24913,44.73091],[8.24905,44.73083],[8.24894,44.73072],[8.24887,44.73065],[8.24883,44.73061],[8.24879,44.73057],[8.24878,44.73055],[8.24872,44.73048],[8.24867,44.73043],[8.24863,44.73037],[8.2486,44.73034],[8.24855,44.73029],[8.24851,44.73025],[8.24849,44.73023],[8.24846,44.73018],[8.24841,44.73014],[8.24835,44.73009],[8.24826,44.73001],[8.24824,44.72999],[8.24817,44.7299],[8.24809,44.7298],[8.24807,44.72978],[8.24801,44.72972],[8.24794,44.72963],[8.24784,44.72952],[8.24779,44.72946],[8.24776,44.72943],[8.24771,44.72936],[8.24768,44.72933],[8.24759,44.72923],[8.24747,44.72909],[8.2474,44.72901],[8.24738,44.72899],[8.24736,44.72896],[8.2473,44.72887],[8.24726,44.72883],[8.24716,44.72871],[8.24705,44.72859],[8.24694,44.72847],[8.24687,44.72837],[8.24664,44.72826],[8.2465,44.72818],[8.24642,44.72813],[8.2463,44.72807],[8.24622,44.72802],[8.24618,44.728],[8.24612,44.72797],[8.24608,44.72795],[8.24596,44.72787],[8.24581,44.72777],[8.24573,44.72772],[8.24562,44.72777],[8.24558,44.72777],[8.24552,44.72773],[8.2454,44.7277],[8.24533,44.72766],[8.2452,44.72761],[8.24511,44.72756],[8.24509,44.72752],[8.24503,44.72749],[8.24494,44.72745],[8.24482,44.72741],[8.24477,44.72738],[8.24464,44.72735],[8.24459,44.72733],[8.2445,44.72734],[8.24442,44.72731],[8.24438,44.72729],[8.24434,44.72722],[8.24429,44.72721],[8.24426,44.72709],[8.24422,44.72697],[8.24419,44.72688],[8.24416,44.72679],[8.24412,44.72665],[8.24417,44.72658],[8.24421,44.72651],[8.24428,44.72642],[8.24439,44.72627],[8.24447,44.72617],[8.24451,44.72611],[8.24448,44.72609],[8.24444,44.72606],[8.24424,44.72595],[8.24404,44.72582],[8.24395,44.72577],[8.24391,44.72574],[8.24386,44.72571],[8.24364,44.72558],[8.2436,44.72555],[8.24358,44.72554],[8.24351,44.7255],[8.24352,44.72543],[8.24344,44.72542],[8.24346,44.72535],[8.24343,44.7253],[8.2434,44.72527],[8.24338,44.72525],[8.24331,44.72519],[8.24328,44.72516],[8.24325,44.72513],[8.24313,44.72503],[8.24309,44.725],[8.24302,44.72494],[8.2429,44.72484],[8.24285,44.72479],[8.2428,44.72475],[8.24277,44.72472],[8.24273,44.72469],[8.2427,44.72467],[8.24267,44.72466],[8.24257,44.72463],[8.24253,44.72461],[8.24249,44.7246],[8.24243,44.72458],[8.24221,44.72451],[8.24201,44.72444],[8.24192,44.72441],[8.24178,44.72436],[8.24165,44.72432],[8.2415,44.72427],[8.24136,44.72422],[8.24116,44.72416],[8.24094,44.72408],[8.24078,44.72403],[8.24074,44.72402],[8.24071,44.72401],[8.24058,44.72402],[8.24048,44.72396],[8.24037,44.72394],[8.24017,44.72387],[8.24008,44.72384],[8.23998,44.72384],[8.23986,44.72384],[8.23984,44.72384],[8.2398,44.72383],[8.23971,44.72381],[8.23965,44.72379],[8.23957,44.72377],[8.23943,44.72371],[8.23935,44.72367],[8.23932,44.72366],[8.23919,44.72358],[8.23913,44.72354],[8.23898,44.72344],[8.23886,44.72343],[8.23875,44.72343],[8.23832,44.72341],[8.2381,44.7234],[8.23788,44.72338],[8.23778,44.72338],[8.2376,44.7235],[8.23741,44.72363],[8.23724,44.72374],[8.23707,44.72385],[8.23692,44.72386],[8.23687,44.72386],[8.23664,44.72387],[8.23646,44.72388],[8.23622,44.72389],[8.23612,44.7239],[8.23608,44.7239],[8.23599,44.72391],[8.23582,44.72394],[8.23566,44.72396],[8.23548,44.72399],[8.23534,44.72401],[8.2353,44.72401],[8.23522,44.72401],[8.23514,44.72402],[8.23492,44.72397],[8.23484,44.72403],[8.23471,44.72401],[8.23466,44.72401],[8.23463,44.72401],[8.23453,44.72402],[8.23446,44.72403],[8.23438,44.72403],[8.23428,44.72404],[8.23415,44.72405],[8.23409,44.72406],[8.23398,44.72404],[8.23382,44.72403],[8.23357,44.724],[8.23354,44.72401],[8.23351,44.72401],[8.23343,44.724],[8.23329,44.724],[8.23319,44.724],[8.2331,44.72401],[8.2328,44.72406],[8.23259,44.7241],[8.23254,44.72411],[8.23241,44.72416],[8.23239,44.72417],[8.23234,44.72418],[8.23215,44.72426],[8.23209,44.72428],[8.23193,44.72434],[8.23186,44.72436],[8.2318,44.72438],[8.23169,44.72424],[8.23165,44.72419],[8.23162,44.72417],[8.23156,44.72411],[8.23153,44.72408],[8.2315,44.72405],[8.23149,44.72403],[8.23146,44.72401],[8.23142,44.72397],[8.23135,44.72393],[8.23131,44.7239],[8.23132,44.72386],[8.23121,44.7238],[8.23117,44.72378],[8.23109,44.72372],[8.23104,44.72369],[8.23101,44.72367],[8.23095,44.72361],[8.2309,44.72355],[8.23087,44.72352],[8.2308,44.72349],[8.23074,44.72347],[8.23062,44.72349],[8.2306,44.7235],[8.23056,44.72349],[8.23044,44.72345],[8.23034,44.7234],[8.23027,44.72336],[8.23024,44.72334],[8.23014,44.72336],[8.23002,44.72338],[8.22996,44.72334],[8.22986,44.72333],[8.22981,44.72332],[8.22973,44.72333],[8.22964,44.72334],[8.22955,44.72333],[8.22949,44.72331],[8.22934,44.72331],[8.22923,44.72331],[8.22916,44.72334],[8.22913,44.72336],[8.22908,44.7234],[8.22905,44.72343],[8.22888,44.7234],[8.22882,44.7234],[8.22876,44.7234],[8.22872,44.72341],[8.22864,44.72341],[8.22858,44.72341],[8.22847,44.72338],[8.22814,44.7233],[8.22814,44.72333],[8.22814,44.72339],[8.22815,44.72353],[8.22815,44.72355],[8.22816,44.7236],[8.22816,44.72365],[8.22813,44.72374],[8.22806,44.72382],[8.22803,44.72385],[8.22796,44.72383],[8.22778,44.72389],[8.22772,44.72392],[8.2276,44.72403],[8.22758,44.72405],[8.22755,44.72406],[8.22753,44.72408],[8.22739,44.72416],[8.22734,44.72417],[8.22723,44.72423],[8.22717,44.72427],[8.22711,44.72429],[8.22706,44.72431],[8.22688,44.72438],[8.22677,44.72443],[8.22667,44.72447],[8.22662,44.72449],[8.2265,44.72453],[8.22642,44.72456],[8.22637,44.72457],[8.22634,44.72458],[8.22632,44.72459],[8.22617,44.72466],[8.22597,44.72467],[8.2258,44.72468],[8.22576,44.72469],[8.22572,44.72469],[8.22559,44.7247],[8.22554,44.7247],[8.22551,44.7247],[8.2254,44.72471],[8.22535,44.72471],[8.22519,44.72473],[8.22498,44.72475],[8.22489,44.72476],[8.22491,44.72486],[8.22497,44.72499],[8.22503,44.7251],[8.22508,44.7252],[8.22512,44.72527],[8.22514,44.72531],[8.2251,44.72538],[8.22506,44.72542],[8.22494,44.72552],[8.22489,44.72557],[8.22479,44.72566],[8.22475,44.72568],[8.22462,44.72578],[8.22443,44.72592],[8.22436,44.72596],[8.2243,44.72601],[8.22423,44.72606],[8.22418,44.72609],[8.22402,44.72614],[8.22392,44.72617],[8.22382,44.72624],[8.22383,44.72637],[8.22383,44.72639],[8.22383,44.72641],[8.22388,44.72649],[8.2239,44.72651],[8.22394,44.72653],[8.224,44.72657],[8.22409,44.72662],[8.22425,44.72669],[8.22444,44.72678],[8.22456,44.72684],[8.22465,44.72688],[8.22468,44.72689],[8.22472,44.72691],[8.22478,44.72701],[8.2248,44.72705],[8.22474,44.7272],[8.22472,44.72721],[8.22468,44.72726],[8.22464,44.72728],[8.22457,44.72733],[8.22453,44.72736],[8.22447,44.7274],[8.22438,44.72745],[8.22432,44.72747],[8.22423,44.72752],[8.22397,44.72756],[8.22383,44.7276],[8.2238,44.72761],[8.22368,44.72765],[8.22361,44.72767],[8.22353,44.7277],[8.22345,44.72775],[8.2234,44.72779],[8.22337,44.72781],[8.22333,44.72784],[8.2233,44.72786],[8.22324,44.72791],[8.22318,44.72795],[8.22312,44.72801],[8.22306,44.72806],[8.22301,44.72809],[8.223,44.72812],[8.22298,44.72816],[8.22294,44.72825],[8.22291,44.72832],[8.22288,44.7284],[8.22274,44.72853],[8.22263,44.72863],[8.22257,44.72868],[8.22255,44.7287],[8.22249,44.72875],[8.22243,44.72879],[8.22239,44.72883],[8.22232,44.72896],[8.2223,44.72901],[8.22229,44.72903],[8.22227,44.72908],[8.2222,44.72916],[8.22213,44.72925],[8.22209,44.72929],[8.22207,44.72933],[8.22199,44.72946],[8.22195,44.72953],[8.22187,44.72954],[8.22182,44.72953],[8.22176,44.72956],[8.2217,44.72956],[8.22147,44.72945],[8.22144,44.72944],[8.22134,44.72941],[8.22117,44.72937],[8.22109,44.72934],[8.22105,44.72933],[8.22093,44.72928],[8.22089,44.72925],[8.22083,44.72923],[8.22076,44.7292],[8.2207,44.72918],[8.22067,44.72916],[8.22065,44.72915],[8.22059,44.72913],[8.22047,44.72907],[8.22036,44.72902],[8.22033,44.72901],[8.22029,44.72899],[8.22018,44.72895],[8.22004,44.7289],[8.21993,44.72886],[8.2199,44.72885],[8.21986,44.72884],[8.21969,44.72878],[8.21942,44.72868],[8.21935,44.72865],[8.21927,44.72862],[8.21921,44.72857],[8.21916,44.72853],[8.21912,44.72851],[8.21907,44.72848],[8.21904,44.72846],[8.21886,44.72836],[8.21873,44.72829],[8.21867,44.72826],[8.21849,44.72816],[8.21847,44.72814],[8.21828,44.72803],[8.2182,44.72799],[8.21818,44.72797],[8.21806,44.72792],[8.21796,44.72788],[8.21792,44.72787],[8.21779,44.72782],[8.21777,44.72781],[8.21767,44.72776],[8.21758,44.7277],[8.2175,44.72765],[8.21742,44.72761],[8.21732,44.72755],[8.21729,44.72752],[8.21715,44.72743],[8.21709,44.7274],[8.21706,44.72737],[8.21704,44.72735],[8.21702,44.72732],[8.21692,44.72719],[8.21681,44.72714],[8.21675,44.72711],[8.21672,44.72708],[8.21662,44.72702],[8.21651,44.72693],[8.21629,44.72677],[8.21629,44.72677],[8.21624,44.72673],[8.21617,44.72667],[8.21603,44.72658],[8.21594,44.72651],[8.21573,44.72644],[8.21558,44.72639],[8.2155,44.72636],[8.21538,44.72631],[8.21525,44.72642],[8.21506,44.72658],[8.215,44.72663],[8.21495,44.72667],[8.21486,44.72671],[8.21481,44.72673],[8.21471,44.72678],[8.2146,44.72683],[8.21451,44.72688],[8.21444,44.7269],[8.21441,44.72692],[8.21438,44.72693],[8.21434,44.72695],[8.21431,44.72697],[8.21425,44.727],[8.21418,44.72703],[8.21408,44.72707],[8.21398,44.72712],[8.21394,44.72714],[8.2139,44.72716],[8.21386,44.72718],[8.21378,44.72721],[8.21375,44.72723],[8.21371,44.72724],[8.21358,44.72727],[8.21324,44.72735],[8.21322,44.72737],[8.21305,44.72757],[8.21301,44.72762],[8.21295,44.72768],[8.21286,44.72777],[8.21284,44.7278],[8.21277,44.72787],[8.21275,44.72789],[8.21268,44.72797],[8.21263,44.72803],[8.21261,44.72805],[8.21252,44.72814],[8.21246,44.72821],[8.21244,44.72823],[8.21241,44.72826],[8.21234,44.72835],[8.21228,44.72841],[8.21226,44.72843],[8.21221,44.72849],[8.21216,44.72855],[8.21206,44.72865],[8.21203,44.72869],[8.21197,44.72875],[8.21192,44.72881],[8.2119,44.72883],[8.21186,44.72888],[8.21181,44.72894],[8.21171,44.72904],[8.21169,44.72906],[8.21162,44.72914],[8.21148,44.7293],[8.21141,44.72937],[8.21139,44.7294],[8.21134,44.72945],[8.2113,44.7295],[8.21119,44.72961],[8.21116,44.72965],[8.2111,44.72972],[8.21107,44.72974],[8.21098,44.72985],[8.21087,44.72997],[8.21078,44.73007],[8.21072,44.73014],[8.21069,44.73016],[8.21065,44.73022],[8.21058,44.7303],[8.21056,44.73033],[8.21053,44.73036],[8.2105,44.73039],[8.21044,44.73045],[8.2104,44.73049],[8.21038,44.73052],[8.21034,44.73056],[8.2102,44.73071],[8.21015,44.73076],[8.21006,44.73086],[8.20996,44.73098],[8.2099,44.73104],[8.20983,44.73111],[8.20979,44.73116],[8.20974,44.73122],[8.20965,44.73132],[8.20962,44.73135],[8.20954,44.73144],[8.20937,44.73162],[8.20923,44.73177],[8.20925,44.73183],[8.20923,44.73191],[8.20923,44.73194],[8.20923,44.732],[8.20922,44.73207],[8.20922,44.73218],[8.20922,44.7322],[8.20921,44.73232],[8.20921,44.7324],[8.2092,44.73249],[8.2092,44.73261],[8.20918,44.73276],[8.20917,44.73285],[8.20916,44.7329],[8.20916,44.73292],[8.20915,44.73295],[8.2091,44.73313],[8.20907,44.73324],[8.20905,44.73328],[8.20904,44.73331],[8.20903,44.73336],[8.20908,44.7334],[8.2091,44.73342],[8.20917,44.73348],[8.20917,44.73353],[8.20916,44.73356],[8.20915,44.73374],[8.20914,44.7338],[8.20913,44.73392],[8.20912,44.734],[8.20913,44.73407],[8.20913,44.73409],[8.20914,44.73412],[8.20916,44.7342],[8.20918,44.73424],[8.20923,44.73432],[8.20929,44.73442],[8.20938,44.73455],[8.20942,44.73461],[8.20943,44.73463],[8.20946,44.73466],[8.20947,44.73468],[8.20955,44.73477],[8.20959,44.73481],[8.20954,44.73485],[8.20963,44.73488],[8.20975,44.73492],[8.20977,44.7349],[8.20983,44.73486],[8.20991,44.73485],[8.20993,44.73483],[8.21002,44.73488],[8.21006,44.73489],[8.21011,44.73491],[8.2102,44.73494],[8.21014,44.73501],[8.21002,44.73514],[8.20995,44.73523],[8.20991,44.73529],[8.20988,44.73533],[8.20981,44.73546],[8.20979,44.73548],[8.20976,44.73553],[8.20972,44.73559],[8.20969,44.73565],[8.20964,44.73571],[8.2096,44.73579],[8.20956,44.73585],[8.20953,44.7359],[8.20938,44.73612],[8.20923,44.73636],[8.20918,44.73643],[8.20917,44.73645],[8.20908,44.73659],[8.20907,44.73661],[8.20904,44.73665],[8.20902,44.73667],[8.20896,44.73677],[8.20892,44.73681],[8.20891,44.73683],[8.20889,44.73685],[8.20884,44.73692],[8.20877,44.73701],[8.2087,44.73705],[8.20835,44.73724],[8.20832,44.73725],[8.20796,44.73742],[8.20792,44.73744],[8.20764,44.73757],[8.20747,44.73765],[8.2073,44.73773],[8.20731,44.73776],[8.20733,44.73782],[8.20733,44.73784],[8.20737,44.73796],[8.20739,44.73803],[8.20744,44.73812],[8.20748,44.73818],[8.2075,44.73822],[8.20754,44.73826],[8.20762,44.73837],[8.20763,44.73839],[8.20766,44.73846],[8.20772,44.7386],[8.20775,44.73866],[8.20781,44.7388],[8.20784,44.73885],[8.20785,44.73889],[8.20788,44.73898],[8.20795,44.73914],[8.20796,44.73916],[8.20794,44.73917],[8.20785,44.73924],[8.20783,44.73926],[8.2078,44.73928],[8.20778,44.7393],[8.20773,44.73934],[8.20766,44.7394],[8.20759,44.73945],[8.20743,44.73957],[8.2074,44.7396],[8.20734,44.73965],[8.20725,44.73972],[8.20719,44.73977],[8.20705,44.73988],[8.20692,44.73998],[8.20673,44.74013],[8.20656,44.74025],[8.20652,44.74028],[8.2064,44.74037],[8.20619,44.74053],[8.20609,44.74062],[8.20597,44.7407],[8.20592,44.74075],[8.20589,44.74077],[8.20558,44.74102],[8.2055,44.74108],[8.2054,44.74116],[8.20538,44.74118],[8.2052,44.74131],[8.20511,44.74139],[8.20487,44.7416],[8.20467,44.74177],[8.20464,44.7418],[8.20461,44.74182],[8.20447,44.74195],[8.20439,44.74202],[8.20427,44.74214],[8.20423,44.74217],[8.20414,44.74226],[8.20412,44.74227],[8.20399,44.74239],[8.20391,44.74247],[8.20386,44.7425],[8.2035,44.74285],[8.2034,44.74294],[8.20333,44.74303],[8.20326,44.74312],[8.20318,44.74322],[8.20309,44.74333],[8.20307,44.74334],[8.20304,44.74336],[8.20275,44.74374],[8.20256,44.74397],[8.20249,44.74405],[8.20236,44.7442],[8.20234,44.74423],[8.20227,44.74432],[8.20207,44.74455],[8.20213,44.74465],[8.20216,44.7447],[8.20224,44.74473],[8.20232,44.74476],[8.20234,44.74477],[8.20244,44.74481],[8.20248,44.74488],[8.20249,44.74491],[8.20252,44.7449],[8.20255,44.7449],[8.20266,44.74491],[8.20279,44.74492],[8.20282,44.74493],[8.20296,44.74497],[8.20298,44.74498],[8.203,44.74499],[8.20307,44.74505],[8.2031,44.74509],[8.20313,44.74513],[8.20315,44.74517],[8.20322,44.74518],[8.20325,44.74519],[8.2033,44.74521],[8.20334,44.7452],[8.20341,44.74525],[8.20347,44.74527],[8.20352,44.74527],[8.20359,44.74526],[8.20367,44.74524],[8.20376,44.74526],[8.2041,44.74533],[8.20416,44.74534],[8.20432,44.74537],[8.20435,44.74538],[8.20437,44.74541],[8.20439,44.74544],[8.20442,44.74549],[8.20445,44.74554],[8.20449,44.74558],[8.20455,44.74564],[8.20465,44.74573],[8.20467,44.74575],[8.20474,44.74582],[8.2048,44.74587],[8.20486,44.74592],[8.20493,44.74598],[8.20496,44.74601],[8.20501,44.74603],[8.20517,44.74612],[8.20525,44.74616],[8.20529,44.74618],[8.2054,44.74624],[8.20548,44.74628],[8.2055,44.74632],[8.20561,44.74633],[8.20568,44.74634],[8.20575,44.74635],[8.20583,44.7463],[8.20591,44.74633],[8.20599,44.74639],[8.20606,44.74644],[8.20608,44.74646],[8.20605,44.74656],[8.20604,44.7466],[8.20603,44.74662],[8.206,44.74674],[8.20603,44.74679],[8.20612,44.74685],[8.20614,44.74686],[8.20618,44.74687],[8.20623,44.74689],[8.20631,44.74694],[8.20637,44.74694],[8.20641,44.74697],[8.20653,44.74699],[8.20655,44.747],[8.20662,44.74701],[8.20677,44.74706],[8.20682,44.74704],[8.20689,44.74702],[8.20694,44.74701],[8.20705,44.74698],[8.20723,44.74694],[8.20728,44.74692],[8.20732,44.74691],[8.20745,44.74687],[8.20752,44.74688],[8.20763,44.74685],[8.20767,44.74684],[8.20775,44.74684],[8.20802,44.74681],[8.20805,44.7468],[8.20805,44.74698],[8.20813,44.74708],[8.2082,44.74716],[8.20824,44.74721],[8.20827,44.74725],[8.20832,44.74731],[8.20836,44.74738],[8.20838,44.74741],[8.20841,44.74746],[8.20845,44.74751],[8.20847,44.74754],[8.20847,44.74763],[8.20845,44.74775],[8.20844,44.74778],[8.20843,44.74783],[8.20841,44.74791],[8.20838,44.74803],[8.20835,44.74813],[8.20829,44.74841],[8.20816,44.74855],[8.20812,44.74857],[8.20807,44.74862],[8.208,44.74869],[8.20794,44.74874],[8.2078,44.74885],[8.20777,44.74887],[8.20766,44.74902],[8.20761,44.7491],[8.2076,44.74911],[8.20747,44.74915],[8.20743,44.74917],[8.20724,44.74932],[8.20722,44.74933],[8.2072,44.74935],[8.20716,44.74939],[8.20707,44.74946],[8.20701,44.74952],[8.20698,44.74954],[8.20694,44.74957],[8.20689,44.74963],[8.20686,44.74966],[8.20684,44.74967],[8.20681,44.74971],[8.20669,44.74985],[8.20661,44.74996],[8.20652,44.75008],[8.2065,44.75011],[8.20647,44.75016],[8.20647,44.75019],[8.20652,44.75022],[8.20664,44.75026],[8.20673,44.75028],[8.20677,44.75029],[8.20681,44.75031],[8.20685,44.75032],[8.20691,44.75038],[8.2071,44.75057],[8.20711,44.75059],[8.20713,44.75067],[8.2071,44.75067],[8.20705,44.75065],[8.20702,44.75064],[8.20697,44.75062],[8.20678,44.75055],[8.20642,44.75042],[8.20625,44.75036],[8.20619,44.75034],[8.20599,44.75026],[8.2057,44.75016],[8.20554,44.7501],[8.2055,44.75008],[8.20547,44.75007],[8.20542,44.75004],[8.20528,44.74996],[8.20525,44.74995],[8.20522,44.74993],[8.20508,44.74985],[8.20488,44.74974],[8.20482,44.74971],[8.20479,44.7497],[8.20466,44.74963],[8.20443,44.7495],[8.20434,44.74945],[8.20407,44.7493],[8.2038,44.74937],[8.20375,44.74938],[8.20342,44.74947],[8.20339,44.74947],[8.20325,44.74949],[8.20322,44.7495],[8.20316,44.7495],[8.20305,44.7495],[8.203,44.7495],[8.20273,44.74947],[8.20256,44.74945],[8.20247,44.74944],[8.20239,44.74944],[8.20233,44.74944],[8.20221,44.7495],[8.20217,44.74951],[8.20203,44.74963],[8.20189,44.74972],[8.20187,44.74974],[8.20178,44.74981],[8.20173,44.74982],[8.20161,44.74985],[8.20157,44.74985],[8.20135,44.74976],[8.20115,44.74969],[8.20092,44.74964],[8.2009,44.74963],[8.20074,44.74961],[8.20064,44.74958],[8.2006,44.74958],[8.20043,44.74956],[8.20036,44.74953],[8.20016,44.74944],[8.20006,44.74941],[8.19994,44.74936],[8.1995,44.7492],[8.19924,44.74927],[8.19895,44.74935],[8.19861,44.74945],[8.19857,44.74947],[8.19831,44.74954],[8.1981,44.74962],[8.19807,44.74963],[8.1978,44.7497],[8.19776,44.74971],[8.19759,44.74976],[8.19756,44.74977],[8.19753,44.74978],[8.19746,44.7498],[8.19725,44.74986],[8.19725,44.74973],[8.1972,44.74974],[8.19711,44.74976],[8.197,44.74978],[8.19693,44.74978],[8.19689,44.74978],[8.1967,44.74981],[8.19652,44.74983],[8.1963,44.74986],[8.19594,44.74991],[8.19561,44.74995],[8.19541,44.74998],[8.19483,44.75005],[8.19467,44.75007],[8.19438,44.7501],[8.19428,44.75011],[8.1942,44.75012],[8.19416,44.75013],[8.19385,44.75017],[8.19382,44.75017],[8.19334,44.75025],[8.19317,44.75028],[8.19291,44.75032],[8.19253,44.75039],[8.19242,44.75041],[8.19223,44.75044],[8.19217,44.75045],[8.19186,44.75052],[8.19176,44.75053],[8.19173,44.75053],[8.1917,44.75054],[8.19145,44.75056],[8.19131,44.75058],[8.19102,44.75061],[8.19099,44.75062],[8.19078,44.75064],[8.19058,44.75067],[8.19052,44.75068],[8.19041,44.7507],[8.19005,44.75075],[8.18992,44.75076],[8.18989,44.75078],[8.18986,44.75079],[8.18948,44.75089],[8.1894,44.75092],[8.1892,44.75098],[8.18897,44.75105],[8.18896,44.75105],[8.18865,44.75119],[8.18858,44.75121],[8.18846,44.75125],[8.18831,44.7513],[8.18827,44.75133],[8.18823,44.75134],[8.18812,44.75142],[8.18792,44.75158],[8.1878,44.75165],[8.18775,44.75168],[8.18765,44.75175],[8.18757,44.75183],[8.18734,44.75198],[8.1869,44.7517],[8.18649,44.75146],[8.18633,44.75137],[8.18623,44.75131],[8.18621,44.75133],[8.18609,44.75159],[8.18602,44.75173],[8.1855,44.75161],[8.18537,44.75159],[8.18529,44.75157],[8.18516,44.75155],[8.18511,44.75154],[8.18487,44.75152],[8.18485,44.75152],[8.18464,44.7515],[8.18439,44.75147],[8.18422,44.75145],[8.1833,44.75135],[8.1828,44.7513],[8.18274,44.75129],[8.18253,44.75127],[8.1823,44.75125],[8.18195,44.7512],[8.1819,44.7512],[8.18185,44.75114],[8.1818,44.75101],[8.18176,44.75094],[8.18171,44.75079],[8.18171,44.75077],[8.18159,44.75063],[8.18157,44.75057],[8.18157,44.75054],[8.18156,44.75051],[8.18155,44.75043],[8.18156,44.75041],[8.18161,44.75034],[8.18167,44.75026],[8.18169,44.7502],[8.18173,44.7501],[8.18174,44.75009],[8.1818,44.74995],[8.18185,44.74986],[8.18192,44.74974],[8.18195,44.74967],[8.182,44.74958],[8.18209,44.74942],[8.18211,44.7494],[8.18223,44.74928],[8.18224,44.74906],[8.18222,44.74889],[8.18219,44.74884],[8.18218,44.74873],[8.18202,44.74859],[8.18199,44.7485],[8.18196,44.74838],[8.18198,44.74833],[8.18195,44.7482],[8.18201,44.74802],[8.18202,44.748],[8.18205,44.7479],[8.18209,44.7478],[8.18205,44.74766],[8.18202,44.74757],[8.18199,44.74751],[8.18194,44.74737],[8.18174,44.74737],[8.18173,44.74726],[8.18167,44.74722],[8.18165,44.74718],[8.18166,44.74715],[8.18168,44.7471],[8.18163,44.74702],[8.18157,44.74693],[8.18149,44.74682],[8.1815,44.74671],[8.18141,44.74663],[8.18137,44.7465],[8.18128,44.74635],[8.18128,44.74627],[8.1812,44.7462],[8.18113,44.7462],[8.18098,44.74615],[8.18086,44.74599],[8.18083,44.74589],[8.18081,44.74583],[8.18079,44.74577],[8.18077,44.74571],[8.18076,44.74566],[8.18075,44.74562],[8.18073,44.74549],[8.18073,44.74546],[8.18072,44.74543],[8.18069,44.74526],[8.1807,44.74523],[8.18073,44.74506],[8.18075,44.74501],[8.18069,44.74497],[8.1806,44.7449],[8.18049,44.74452],[8.18054,44.74435],[8.1805,44.74429],[8.18048,44.74427],[8.18041,44.74422],[8.18037,44.74419],[8.18031,44.74411],[8.18028,44.744],[8.18027,44.74394],[8.18024,44.74383],[8.18027,44.74363],[8.18027,44.74359],[8.18029,44.74353],[8.1803,44.74349],[8.18031,44.74344],[8.18026,44.74331],[8.18009,44.74328],[8.18003,44.74319],[8.17995,44.74308],[8.17995,44.74305],[8.17999,44.74289],[8.17996,44.74281],[8.17995,44.74278],[8.17993,44.74273],[8.17989,44.74263],[8.17987,44.74257],[8.17986,44.74253],[8.17982,44.74244],[8.17981,44.74242],[8.1798,44.7424],[8.17975,44.74237],[8.1797,44.74239],[8.17963,44.74232],[8.1796,44.74229],[8.17958,44.74226],[8.17956,44.7422],[8.17932,44.742],[8.17934,44.74188],[8.17935,44.74182],[8.17938,44.74178],[8.17946,44.74165],[8.17948,44.74157],[8.17948,44.74155],[8.17947,44.74146],[8.17945,44.74139],[8.17944,44.74134],[8.17932,44.74122],[8.17928,44.74112],[8.17923,44.74107],[8.17923,44.74097],[8.17922,44.7409],[8.17922,44.74086],[8.17901,44.7407],[8.17901,44.74068],[8.17898,44.74065],[8.17895,44.74059],[8.17892,44.74054],[8.1789,44.74049],[8.17886,44.74043],[8.17883,44.74037],[8.1788,44.74032],[8.17879,44.7403],[8.17879,44.74024],[8.17876,44.74004],[8.17875,44.74001],[8.17874,44.73983],[8.17869,44.73978],[8.17868,44.73971],[8.17862,44.73966],[8.17858,44.73962],[8.17844,44.73927],[8.17843,44.7392],[8.17844,44.73913],[8.17844,44.73904],[8.17846,44.73898],[8.17848,44.73892],[8.17848,44.73887],[8.17847,44.7388],[8.17865,44.73867],[8.1787,44.73863],[8.17871,44.73855],[8.17872,44.73853],[8.1787,44.73849],[8.17866,44.73838],[8.17865,44.73834],[8.17858,44.73825],[8.17853,44.73805],[8.17852,44.73797],[8.1785,44.73792],[8.17843,44.73784],[8.1784,44.73783],[8.17828,44.73771],[8.1782,44.73768],[8.17817,44.73765],[8.17807,44.73752],[8.17801,44.73746],[8.178,44.73744],[8.17798,44.73741],[8.17787,44.73728],[8.17789,44.73713],[8.1779,44.73706],[8.1779,44.73696],[8.17792,44.73691],[8.17791,44.73688],[8.17791,44.73685],[8.17782,44.73658],[8.1778,44.73654],[8.17772,44.73637],[8.17761,44.73636],[8.17759,44.73636],[8.17748,44.73635],[8.1774,44.73634],[8.17732,44.73634],[8.17718,44.73633],[8.17708,44.73632],[8.17697,44.73635],[8.17663,44.73634],[8.17659,44.73634],[8.17657,44.73632],[8.17649,44.73623],[8.17642,44.73617],[8.17624,44.73597],[8.17621,44.73593],[8.17605,44.73579],[8.17597,44.73572],[8.17586,44.73567],[8.17573,44.73556],[8.1757,44.73554],[8.17563,44.7355],[8.17559,44.73549],[8.17557,44.73547],[8.17555,44.73545],[8.17526,44.73533],[8.17502,44.73522],[8.17498,44.73517],[8.17491,44.73506],[8.17497,44.73494],[8.17498,44.73492],[8.17498,44.73478],[8.17497,44.73476],[8.17495,44.73469],[8.17495,44.73465],[8.17494,44.73454],[8.17495,44.73433],[8.17494,44.7343],[8.1749,44.73415],[8.17487,44.73407],[8.17484,44.734],[8.1748,44.7339],[8.17474,44.73359],[8.17468,44.7335],[8.17453,44.73326],[8.17444,44.73313],[8.17441,44.73308],[8.17443,44.73299],[8.17433,44.73292],[8.1742,44.73285],[8.17411,44.73281],[8.17387,44.73269],[8.17384,44.73267],[8.17376,44.73263],[8.17366,44.73258],[8.17348,44.73248],[8.17343,44.73246],[8.1734,44.73245],[8.17322,44.73235],[8.17296,44.73222],[8.1729,44.7322],[8.1726,44.73204],[8.17254,44.73201],[8.1725,44.73199],[8.17228,44.73188],[8.17201,44.73174],[8.17178,44.73183],[8.1717,44.73201],[8.1716,44.73207],[8.17161,44.73215],[8.17156,44.73223],[8.17154,44.73225],[8.17145,44.73238],[8.17143,44.73242],[8.17141,44.73243],[8.17138,44.73245],[8.17126,44.73253],[8.17111,44.73263],[8.17108,44.73265],[8.17082,44.7327],[8.17078,44.73272],[8.17069,44.73274],[8.17056,44.73278],[8.17035,44.73284],[8.17023,44.73298],[8.17015,44.73304],[8.17013,44.73306],[8.17004,44.7331],[8.16987,44.73319],[8.16984,44.73321],[8.16973,44.73327],[8.16959,44.73329],[8.16963,44.7334],[8.16962,44.73345],[8.16947,44.73361],[8.16931,44.73366],[8.16917,44.7337],[8.16905,44.73373],[8.16896,44.73381],[8.16892,44.73385],[8.16879,44.73392],[8.16875,44.73393],[8.16856,44.73393],[8.16839,44.73394],[8.16828,44.73394],[8.168,44.734],[8.16792,44.73402],[8.16786,44.73403],[8.16783,44.73403],[8.16766,44.73408],[8.16762,44.73409],[8.16759,44.73409],[8.16743,44.73409],[8.16718,44.73409],[8.16715,44.73409],[8.16713,44.73409],[8.16695,44.73404],[8.16674,44.73398],[8.16661,44.73395],[8.16655,44.73393],[8.16647,44.73392],[8.16634,44.73389],[8.16631,44.73387],[8.16626,44.73385],[8.16616,44.73386],[8.16601,44.73384],[8.16597,44.73383],[8.1659,44.7338],[8.1657,44.73374],[8.16535,44.73363],[8.16529,44.73359],[8.16517,44.7335],[8.16511,44.73346],[8.16497,44.73337],[8.16472,44.73326],[8.16443,44.73319],[8.16431,44.73317],[8.16427,44.73311],[8.16421,44.73309],[8.16409,44.73307],[8.16399,44.73304],[8.16394,44.73305],[8.16376,44.73302],[8.16369,44.73302],[8.16362,44.73301],[8.16357,44.73302],[8.16329,44.73308],[8.16323,44.73299],[8.16317,44.73299],[8.16296,44.73301],[8.16301,44.73292],[8.16308,44.73279],[8.16311,44.73277],[8.16319,44.73269],[8.16321,44.73266],[8.16324,44.73264],[8.16343,44.73251],[8.16363,44.7324],[8.16373,44.73234],[8.16387,44.73232],[8.16389,44.7323],[8.16399,44.73218],[8.16404,44.73211],[8.16388,44.73208],[8.1637,44.73204],[8.16367,44.73203],[8.16369,44.73197],[8.1637,44.73194],[8.16379,44.73182],[8.16386,44.73179],[8.16394,44.73174],[8.16404,44.73169],[8.16415,44.73163],[8.16389,44.7315],[8.16371,44.7314],[8.16364,44.73136],[8.16362,44.73135],[8.16355,44.73123],[8.1635,44.73111],[8.16347,44.73106],[8.16347,44.7309],[8.16342,44.73087],[8.1633,44.73075],[8.16333,44.73069],[8.16341,44.73062],[8.1637,44.73065],[8.16374,44.7306],[8.16377,44.73057],[8.16388,44.73042],[8.16393,44.73034],[8.16396,44.7303],[8.16403,44.73019],[8.16404,44.73012],[8.16405,44.73003],[8.16405,44.73],[8.16405,44.7299],[8.16405,44.72981],[8.16405,44.72978],[8.16408,44.72968],[8.16408,44.72965],[8.16405,44.72953],[8.16434,44.72948],[8.16448,44.72951],[8.16444,44.72932],[8.16443,44.72926],[8.16418,44.72919],[8.16414,44.72913],[8.16414,44.72911],[8.16413,44.72907],[8.16411,44.72899],[8.16396,44.72889],[8.16399,44.72885],[8.16405,44.72877],[8.16409,44.72872],[8.16415,44.72864],[8.16418,44.72861],[8.16461,44.72872],[8.16464,44.72872],[8.1647,44.72868],[8.16473,44.72857],[8.16475,44.72849],[8.16471,44.72842],[8.16456,44.72843],[8.16453,44.72838],[8.1645,44.72834],[8.16447,44.72829],[8.16449,44.7282],[8.16453,44.72816],[8.16472,44.72806],[8.16484,44.72802],[8.16476,44.72799],[8.16485,44.72789],[8.16488,44.72786],[8.16491,44.72785],[8.16494,44.72783],[8.16509,44.72779],[8.16511,44.7278],[8.16522,44.72782],[8.16527,44.72785],[8.16531,44.72784],[8.16532,44.72772],[8.16533,44.72768],[8.16527,44.72751],[8.16525,44.72747],[8.16524,44.72745],[8.16528,44.72731],[8.16531,44.72719],[8.16545,44.72689],[8.16546,44.72687],[8.1655,44.72676],[8.1657,44.72663],[8.16583,44.7266],[8.16587,44.72648],[8.16574,44.72629],[8.16589,44.72613],[8.16592,44.72611],[8.16598,44.72594],[8.16561,44.7259],[8.16558,44.7259],[8.16549,44.72585],[8.1654,44.72582],[8.16529,44.7264],[8.16464,44.72635],[8.16463,44.72637],[8.16463,44.72645],[8.16426,44.72647],[8.16455,44.72582],[8.16456,44.72579],[8.16446,44.72577],[8.16447,44.72558],[8.16446,44.72549],[8.16447,44.72534],[8.16447,44.72532],[8.1645,44.72508],[8.16451,44.72505],[8.16453,44.72496],[8.16455,44.72486],[8.16457,44.7245],[8.16461,44.72443],[8.16464,44.72434],[8.16474,44.72398],[8.16579,44.724],[8.1658,44.72398],[8.16589,44.72379],[8.16591,44.72375],[8.16596,44.72361],[8.16609,44.72354],[8.16609,44.7235],[8.1661,44.72342],[8.16603,44.72333],[8.16602,44.72331],[8.16601,44.72323],[8.16612,44.7231],[8.16592,44.72298],[8.16588,44.72291],[8.16579,44.72275],[8.16573,44.72266],[8.16564,44.72247],[8.16562,44.72243],[8.16555,44.7223],[8.16556,44.72217],[8.16557,44.72214],[8.16531,44.72199],[8.16502,44.72181],[8.16481,44.72168],[8.1647,44.72162],[8.1644,44.72143],[8.16432,44.72144],[8.16428,44.72145],[8.16414,44.72148],[8.16408,44.72149],[8.16377,44.72161],[8.16359,44.72167],[8.16332,44.72176],[8.16321,44.7218],[8.16309,44.72183],[8.16294,44.72182],[8.16286,44.72181],[8.16271,44.7218],[8.16244,44.72178],[8.162,44.72174],[8.16166,44.72152],[8.16151,44.72144],[8.16151,44.72142],[8.16147,44.72126],[8.16147,44.72123],[8.16122,44.72121],[8.16107,44.72119],[8.16092,44.72118],[8.16085,44.72117],[8.16081,44.72125],[8.16068,44.72157],[8.16051,44.72196],[8.16044,44.72181],[8.16038,44.72173],[8.16026,44.72151],[8.16015,44.72132],[8.16004,44.72116],[8.16003,44.72113],[8.16001,44.72111],[8.15986,44.72088],[8.15982,44.72083],[8.1598,44.72077],[8.15979,44.72073],[8.15978,44.7207],[8.15978,44.72064],[8.15978,44.72056],[8.15978,44.72048],[8.15977,44.72045],[8.15978,44.72032],[8.15979,44.72025],[8.15979,44.72014],[8.15973,44.71999],[8.15972,44.71996],[8.1598,44.71986],[8.15986,44.71972],[8.15989,44.71965],[8.15993,44.71956],[8.15994,44.71953],[8.16003,44.7193],[8.16011,44.71913],[8.16004,44.71896],[8.16002,44.71892],[8.15996,44.71877],[8.15994,44.7187],[8.15993,44.71868],[8.15982,44.71833],[8.15972,44.71829],[8.1597,44.71821],[8.15969,44.71817],[8.15968,44.71814],[8.15966,44.7179],[8.1597,44.71774],[8.15975,44.71746],[8.15976,44.7174],[8.15977,44.71736],[8.15974,44.71719],[8.15965,44.71703],[8.15957,44.7169],[8.15937,44.71652],[8.15935,44.71649],[8.15911,44.71613],[8.15911,44.71613],[8.15909,44.7161],[8.15893,44.7158],[8.15874,44.71547],[8.15865,44.71527],[8.15847,44.71499],[8.1582,44.71461],[8.15794,44.71421],[8.15789,44.71403],[8.15786,44.71392],[8.1578,44.71375],[8.15776,44.71375],[8.15767,44.7136],[8.1562,44.71366],[8.15608,44.71367],[8.15562,44.71343],[8.15511,44.71315],[8.15498,44.71309],[8.15443,44.71279],[8.15414,44.71264],[8.15386,44.71249],[8.15378,44.71245],[8.15284,44.7119],[8.15284,44.7119],[8.15261,44.7118],[8.15254,44.71184],[8.15251,44.71187],[8.15249,44.71202],[8.15251,44.71209],[8.15248,44.71214],[8.15228,44.71225],[8.15219,44.71233],[8.15213,44.71239],[8.15207,44.71242],[8.15193,44.71245],[8.15189,44.71246],[8.15177,44.7125],[8.15172,44.71257],[8.1517,44.71259],[8.15158,44.71271],[8.15148,44.7128],[8.15135,44.71293],[8.1514,44.71316],[8.15136,44.71323],[8.15133,44.71342],[8.15139,44.71346],[8.15139,44.71349],[8.15129,44.71356],[8.15107,44.7137],[8.15103,44.71373],[8.15097,44.71375],[8.15072,44.71386],[8.15072,44.71394],[8.15076,44.71406],[8.15065,44.71423],[8.15064,44.71426],[8.15058,44.71439],[8.15057,44.71441],[8.15054,44.71454],[8.15052,44.71465],[8.15043,44.71474],[8.15037,44.71485],[8.15038,44.71492],[8.15031,44.71509],[8.1502,44.71522],[8.15013,44.71531],[8.14998,44.71547],[8.14975,44.71543],[8.14961,44.71556],[8.14951,44.71564],[8.14978,44.71581],[8.14977,44.71584],[8.1496,44.71585],[8.14942,44.71587],[8.1494,44.71591],[8.14944,44.71602],[8.14961,44.71619],[8.1496,44.71625],[8.14946,44.71643],[8.14921,44.71646],[8.14914,44.71648],[8.14913,44.71651],[8.14931,44.71669],[8.1494,44.71678],[8.14953,44.71698],[8.14956,44.71704],[8.14951,44.71716],[8.14926,44.71725],[8.14925,44.71746],[8.14913,44.7177],[8.14908,44.71781],[8.14907,44.71795],[8.14899,44.71807],[8.14894,44.71827],[8.14895,44.71852],[8.14896,44.71858],[8.14889,44.7187],[8.14856,44.71878],[8.14853,44.7188],[8.14851,44.71881],[8.14843,44.71887],[8.14832,44.71904],[8.14831,44.71906],[8.14821,44.71912],[8.14804,44.71915],[8.14787,44.71925],[8.14781,44.71928],[8.14756,44.71939],[8.1475,44.71955],[8.14736,44.71972],[8.14733,44.71988],[8.14732,44.7199],[8.14726,44.72006],[8.14729,44.72008],[8.14746,44.71999],[8.14757,44.71997],[8.14768,44.71998],[8.14762,44.72007],[8.14767,44.7203],[8.14776,44.72042],[8.14769,44.72052],[8.1476,44.72056],[8.14746,44.72059],[8.14729,44.72068],[8.14726,44.72071],[8.1472,44.72078],[8.14724,44.72085],[8.14721,44.72095],[8.14695,44.72096],[8.14659,44.72106],[8.14645,44.72113],[8.14641,44.72114],[8.14628,44.72129],[8.14622,44.72134],[8.14637,44.72136],[8.14643,44.72144],[8.14624,44.72163],[8.1462,44.72185],[8.14618,44.72196],[8.14607,44.72206],[8.14597,44.72221],[8.1458,44.72231],[8.14569,44.7225],[8.14555,44.72268],[8.14538,44.72291],[8.14538,44.72313],[8.14528,44.72321],[8.14519,44.72322],[8.14514,44.72322],[8.1451,44.72322],[8.14492,44.72321],[8.14489,44.72321],[8.14482,44.72322],[8.14479,44.72329],[8.14472,44.72343],[8.14467,44.72353],[8.14444,44.72342],[8.14412,44.72361],[8.14397,44.72365],[8.14394,44.72366],[8.14382,44.72371],[8.1437,44.72382],[8.14373,44.72397],[8.14379,44.72416],[8.14361,44.72422],[8.14347,44.72431],[8.14345,44.72436],[8.14349,44.72444],[8.1435,44.72463],[8.14351,44.72465],[8.14357,44.7247],[8.14376,44.72469],[8.14389,44.72468],[8.14395,44.72471],[8.14394,44.72476],[8.14387,44.7248],[8.14376,44.72496],[8.14371,44.72503],[8.14361,44.72511],[8.1433,44.72521],[8.14313,44.72527],[8.14306,44.72536],[8.14302,44.72542],[8.14302,44.72546],[8.14304,44.72548],[8.14308,44.7255],[8.14338,44.72548],[8.14357,44.72551],[8.14363,44.72554],[8.14357,44.7256],[8.14352,44.72566],[8.14349,44.72576],[8.1435,44.72592],[8.14344,44.72605],[8.14343,44.72607],[8.14321,44.72608],[8.14306,44.72617],[8.14306,44.72621],[8.14308,44.72625],[8.14309,44.72631],[8.1431,44.72634],[8.143,44.72637],[8.14292,44.72642],[8.14288,44.72644],[8.14281,44.72642],[8.1427,44.72644],[8.14254,44.7266],[8.14244,44.72668],[8.14242,44.72669],[8.14216,44.72678],[8.14204,44.72684],[8.14203,44.72688],[8.14207,44.72696],[8.14208,44.72698],[8.14211,44.72714],[8.14197,44.72722],[8.14185,44.72719],[8.14176,44.72722],[8.14181,44.72738],[8.14197,44.72757],[8.14197,44.7276],[8.14159,44.72769],[8.14156,44.72771],[8.14158,44.72785],[8.14132,44.72804],[8.14127,44.728],[8.14124,44.72799],[8.14121,44.72797],[8.14116,44.728],[8.14115,44.72806],[8.14115,44.72821],[8.1411,44.72833],[8.14105,44.72849],[8.14103,44.72854],[8.14094,44.72862],[8.14082,44.72874],[8.1408,44.72885],[8.14075,44.72906],[8.14066,44.72917],[8.14055,44.72921],[8.14036,44.72923],[8.14023,44.72929],[8.14017,44.72934],[8.14015,44.72939],[8.14015,44.72946],[8.14015,44.72949],[8.14011,44.72968],[8.14009,44.72976],[8.13995,44.72981],[8.13982,44.7298],[8.13979,44.7298],[8.13955,44.72991],[8.13953,44.72993],[8.13944,44.72999],[8.13937,44.73004],[8.13922,44.73017],[8.13917,44.73024],[8.13914,44.73027],[8.13896,44.73048],[8.13888,44.73051],[8.13862,44.7306],[8.13848,44.73064],[8.13832,44.73057],[8.13822,44.73064],[8.13817,44.73069],[8.1381,44.73075],[8.13802,44.73099],[8.13803,44.73115],[8.13798,44.73133],[8.13784,44.73144],[8.13758,44.7315],[8.13749,44.7316],[8.13724,44.73177],[8.13707,44.73188],[8.13689,44.73213],[8.13666,44.73226],[8.13662,44.73229],[8.13655,44.73233],[8.13651,44.73242],[8.13652,44.73254],[8.13642,44.73263],[8.13637,44.73267],[8.13628,44.73273],[8.13622,44.73279],[8.13614,44.73294],[8.13615,44.73298],[8.13613,44.73301],[8.13607,44.73309],[8.13605,44.73313],[8.13603,44.73315],[8.13593,44.73323],[8.13593,44.73328],[8.13591,44.73334],[8.1359,44.73336],[8.13589,44.73339],[8.13587,44.73341],[8.13583,44.73348],[8.1358,44.73367],[8.13579,44.73376],[8.13582,44.73386],[8.13598,44.7339],[8.13605,44.73395],[8.13608,44.73403],[8.13606,44.73414],[8.13597,44.73426],[8.13597,44.7344],[8.13593,44.73448],[8.13589,44.73459],[8.13584,44.7347],[8.13583,44.73473],[8.13584,44.73483],[8.13588,44.73486],[8.13603,44.73486],[8.13609,44.7349],[8.13613,44.73496],[8.13622,44.73511],[8.13623,44.73523],[8.13621,44.73527],[8.13616,44.73533],[8.13608,44.73541],[8.13614,44.73554],[8.13615,44.73561],[8.13623,44.73574],[8.13624,44.73577],[8.13624,44.7358],[8.13624,44.73592],[8.13627,44.73602],[8.13629,44.73609],[8.13631,44.73615],[8.13631,44.73617],[8.13632,44.7362],[8.13634,44.73643],[8.13646,44.73657],[8.13649,44.73663],[8.13656,44.73669],[8.13658,44.73671],[8.13657,44.73673],[8.13646,44.73676],[8.13639,44.73682],[8.13625,44.73695],[8.13622,44.73699],[8.13625,44.73702],[8.13628,44.73706],[8.13638,44.7372],[8.13638,44.73721],[8.13647,44.73731],[8.13653,44.73739],[8.13669,44.73748],[8.13672,44.73749],[8.13693,44.73758],[8.13726,44.73763],[8.13752,44.73763],[8.13761,44.73762],[8.13781,44.73762],[8.13784,44.73764],[8.13791,44.73779],[8.13792,44.73782],[8.13796,44.73789],[8.13804,44.73808],[8.13802,44.73814],[8.13788,44.73844],[8.13787,44.73847],[8.13785,44.73852],[8.13783,44.73856],[8.13779,44.73866],[8.13769,44.73887],[8.13764,44.739],[8.13756,44.73918],[8.13745,44.73943],[8.13739,44.73955],[8.13737,44.73959],[8.13733,44.73968],[8.13729,44.73977],[8.13713,44.74011],[8.13707,44.74025],[8.13701,44.74039],[8.137,44.74042],[8.13693,44.74054],[8.13687,44.74067],[8.13673,44.74099],[8.13669,44.74107],[8.13669,44.74126],[8.13668,44.74134],[8.13668,44.74139],[8.13667,44.74166],[8.13667,44.74173],[8.13666,44.74186],[8.13666,44.74195],[8.13666,44.74197],[8.13666,44.74212],[8.13666,44.74229],[8.13664,44.74251],[8.13664,44.74255],[8.13665,44.74259],[8.13662,44.74328],[8.13662,44.74332],[8.1366,44.74334],[8.13658,44.74338],[8.13648,44.7435],[8.13623,44.74375],[8.13611,44.74382],[8.13603,44.74387],[8.13601,44.74389],[8.13596,44.74393],[8.13588,44.74398],[8.13574,44.74408],[8.13556,44.74422],[8.13546,44.74432],[8.13529,44.7445],[8.13517,44.74462],[8.13504,44.74475],[8.13502,44.74477],[8.13492,44.7449],[8.13487,44.74499],[8.13474,44.7452],[8.13461,44.74541],[8.13457,44.74549],[8.13454,44.74557],[8.13452,44.7456],[8.13447,44.7457],[8.13439,44.7458],[8.13434,44.74588],[8.13428,44.74596],[8.13425,44.74599],[8.13414,44.74613],[8.13405,44.74622],[8.13398,44.7463],[8.13393,44.74633],[8.13386,44.7464],[8.13367,44.74654],[8.13364,44.74656],[8.1335,44.74666],[8.13345,44.74669],[8.13337,44.74673],[8.13324,44.74675],[8.13309,44.74675],[8.13306,44.74675],[8.13292,44.74678],[8.13259,44.74687],[8.13257,44.74687],[8.13253,44.74688],[8.13231,44.74694],[8.13227,44.74694],[8.13222,44.74695],[8.13202,44.74701],[8.1319,44.74705],[8.13186,44.74706],[8.13166,44.74714],[8.13163,44.74715],[8.13146,44.74724],[8.13139,44.74725],[8.13137,44.74726],[8.13133,44.74728],[8.13123,44.74731],[8.13109,44.7474],[8.13104,44.74744],[8.13097,44.74748],[8.13093,44.7475],[8.13083,44.74757],[8.13069,44.74766],[8.13039,44.74773],[8.13023,44.74776],[8.12993,44.74783],[8.12979,44.74786],[8.12945,44.74794],[8.1294,44.74794],[8.12932,44.74794],[8.12913,44.74794],[8.12903,44.74794],[8.12878,44.74794],[8.12849,44.74794],[8.12841,44.74794],[8.12811,44.74794],[8.12806,44.74794],[8.12793,44.74794],[8.12786,44.74794],[8.12754,44.74795],[8.12712,44.74797],[8.12708,44.74798],[8.12699,44.74798],[8.12684,44.74799],[8.12663,44.748],[8.12642,44.748],[8.12637,44.74801],[8.12613,44.74802],[8.12609,44.74806],[8.12601,44.74816],[8.12581,44.74838],[8.12566,44.74854],[8.12553,44.74868],[8.12544,44.7488],[8.12525,44.749],[8.12505,44.74922],[8.12499,44.74928],[8.12473,44.74956],[8.1247,44.7496],[8.12453,44.74979],[8.12438,44.74995],[8.12436,44.74998],[8.12427,44.75009],[8.12425,44.75011],[8.12413,44.75023],[8.12409,44.75029],[8.12405,44.75034],[8.12375,44.75065],[8.12351,44.75068],[8.12323,44.75071],[8.12283,44.75078],[8.12269,44.75078],[8.12219,44.75077],[8.12175,44.75075],[8.12156,44.75075],[8.12152,44.75075],[8.1215,44.75079],[8.12145,44.75089],[8.12141,44.75097],[8.12131,44.75113],[8.12113,44.75148],[8.12077,44.75147],[8.12072,44.75147],[8.12066,44.75148],[8.1206,44.75148],[8.12038,44.75148],[8.12032,44.75148],[8.12014,44.75149],[8.12003,44.75149],[8.1195,44.75151],[8.1194,44.75151],[8.11897,44.75152],[8.11881,44.75153],[8.11867,44.75153],[8.11861,44.75154],[8.11855,44.75153],[8.11827,44.75154],[8.11799,44.75155],[8.11795,44.75155],[8.11793,44.75145],[8.11792,44.75139],[8.1179,44.75134],[8.11777,44.75109],[8.11771,44.75097],[8.11766,44.75086],[8.11762,44.75076],[8.11759,44.75067],[8.11751,44.75056],[8.11749,44.75054],[8.11734,44.7504],[8.1173,44.75034],[8.11696,44.74999],[8.1167,44.74972],[8.11661,44.74963],[8.11647,44.74947],[8.11642,44.7494],[8.11637,44.74932],[8.11635,44.7493],[8.11625,44.74915],[8.11601,44.74879],[8.11598,44.74875],[8.11586,44.74856],[8.11563,44.74822],[8.11555,44.74811],[8.11548,44.748],[8.11543,44.74795],[8.11539,44.74791],[8.11523,44.74794],[8.11506,44.748],[8.11503,44.74802],[8.11493,44.74807],[8.11489,44.74809],[8.11466,44.74826],[8.11435,44.74837],[8.11427,44.74839],[8.11421,44.7484],[8.11413,44.74841],[8.11402,44.74843],[8.11395,44.74844],[8.11388,44.74844],[8.11378,44.74844],[8.11371,44.74843],[8.11328,44.7484],[8.11307,44.74838],[8.1129,44.74837],[8.11286,44.7484],[8.11275,44.74846],[8.1127,44.7485],[8.11255,44.74856],[8.11239,44.74867],[8.11231,44.74872],[8.11226,44.74875],[8.11221,44.74879],[8.11219,44.7488],[8.1121,44.74885],[8.11192,44.74896],[8.1119,44.74897],[8.11185,44.749],[8.11181,44.74902],[8.11165,44.74912],[8.11161,44.74914],[8.11143,44.74925],[8.11137,44.74928],[8.11134,44.7493],[8.11131,44.74932],[8.11117,44.74941],[8.11114,44.74943],[8.11105,44.74948],[8.11097,44.74953],[8.11094,44.74955],[8.11077,44.74965],[8.11072,44.74968],[8.11063,44.74972],[8.11052,44.74979],[8.11039,44.74987],[8.11027,44.74993],[8.11012,44.75006],[8.11008,44.75009],[8.10999,44.75011],[8.10996,44.75012],[8.10981,44.75016],[8.10977,44.75018],[8.10974,44.7502],[8.10965,44.75025],[8.10956,44.75035],[8.10954,44.75037],[8.10951,44.75039],[8.10944,44.75044],[8.10938,44.75049],[8.10929,44.75056],[8.10919,44.75059],[8.10899,44.75065],[8.10881,44.75082],[8.10879,44.75084],[8.10874,44.75088],[8.1087,44.7509],[8.10836,44.75109],[8.10831,44.75112],[8.10828,44.75114],[8.10784,44.75138],[8.10778,44.75144],[8.10768,44.75152],[8.10765,44.75155],[8.10717,44.75183],[8.10672,44.7521],[8.10664,44.75214],[8.10614,44.75242],[8.10568,44.75267],[8.1056,44.75271],[8.10556,44.75273],[8.10544,44.7528],[8.10537,44.75283],[8.10521,44.75291],[8.10512,44.75296],[8.10505,44.753],[8.10461,44.75324],[8.10458,44.75326],[8.10453,44.75329],[8.10442,44.75335],[8.10432,44.7534],[8.10427,44.75343],[8.10416,44.75349],[8.10391,44.75363],[8.10375,44.75371],[8.10368,44.75375],[8.10356,44.75382],[8.10293,44.75416],[8.1028,44.75423],[8.10276,44.75425],[8.10218,44.75457],[8.10173,44.75481],[8.10136,44.75502],[8.10119,44.75511],[8.10074,44.75537],[8.10017,44.75567],[8.09949,44.75604],[8.09889,44.75637],[8.09747,44.75713],[8.0974,44.75716],[8.09727,44.75724],[8.09694,44.75742],[8.09583,44.75802],[8.09553,44.75818],[8.09513,44.7584],[8.09459,44.7587],[8.09509,44.75885],[8.09512,44.75886],[8.09527,44.7589],[8.09554,44.75899],[8.0958,44.75907],[8.0961,44.75917],[8.09649,44.75929],[8.09653,44.7593],[8.0967,44.75935],[8.09687,44.75937],[8.09722,44.75941],[8.09927,44.75961],[8.10002,44.75968],[8.10011,44.75969],[8.1007,44.75975],[8.10211,44.76038],[8.10311,44.76083],[8.10355,44.76103],[8.10384,44.76181],[8.10392,44.76196],[8.10397,44.76208],[8.10401,44.76217],[8.10409,44.76238],[8.10411,44.76243],[8.10418,44.76265],[8.10421,44.76271],[8.10421,44.76273],[8.10427,44.76285],[8.10428,44.76288],[8.10431,44.76294],[8.10434,44.76307],[8.10442,44.76326],[8.10446,44.76335],[8.10446,44.7634],[8.10445,44.76358],[8.10445,44.76371],[8.10434,44.76378],[8.10406,44.76395],[8.10396,44.76402],[8.10388,44.76407],[8.1038,44.76411],[8.10372,44.76416],[8.10377,44.76421],[8.1038,44.76423],[8.10383,44.76427],[8.10391,44.76435],[8.10415,44.76462],[8.10421,44.76468],[8.10458,44.76487],[8.10466,44.76491],[8.10483,44.76499],[8.10527,44.7651],[8.10534,44.76511],[8.106,44.7651],[8.10606,44.7651],[8.10629,44.7651],[8.10647,44.76505],[8.10639,44.76518],[8.10635,44.76524],[8.10632,44.76527],[8.10615,44.7654],[8.10613,44.76541],[8.10594,44.76562],[8.10591,44.76566],[8.10583,44.76576],[8.10571,44.76591],[8.1055,44.76604],[8.10548,44.76606],[8.10544,44.76609],[8.10543,44.76611],[8.10524,44.76629],[8.10497,44.76656],[8.10495,44.76659],[8.10476,44.76673],[8.10467,44.76678],[8.10464,44.76681],[8.10457,44.76691],[8.10451,44.767],[8.10441,44.76725],[8.1043,44.76755],[8.10427,44.76761],[8.10423,44.76776],[8.10421,44.76779],[8.10417,44.76784],[8.10415,44.76793],[8.10414,44.76795],[8.10408,44.76809],[8.10401,44.76821],[8.10399,44.76825],[8.10389,44.76845],[8.10384,44.76853],[8.10383,44.76857],[8.10378,44.76866],[8.10374,44.76873],[8.1037,44.76881],[8.10368,44.76885],[8.10364,44.76891],[8.10349,44.7692],[8.10332,44.76957],[8.10325,44.76969],[8.10316,44.76984],[8.10307,44.76996],[8.10306,44.77],[8.10304,44.77004],[8.10301,44.77009],[8.10299,44.77013],[8.10285,44.77022],[8.1027,44.77043],[8.10269,44.77044],[8.10265,44.77054],[8.10262,44.77061],[8.10261,44.77064],[8.1026,44.77067],[8.10259,44.77076],[8.10256,44.77089],[8.10255,44.77091],[8.10254,44.77101],[8.10254,44.77103],[8.10255,44.77117],[8.10254,44.77133],[8.10254,44.77141],[8.10255,44.77143],[8.10257,44.77155],[8.10258,44.77161],[8.10259,44.77163],[8.10271,44.77185],[8.10273,44.77189],[8.10281,44.772],[8.10291,44.77213],[8.10298,44.77224],[8.10312,44.77242],[8.10314,44.77245],[8.10328,44.77263],[8.10331,44.77267],[8.10339,44.77276],[8.10344,44.77281],[8.10347,44.77284],[8.10363,44.77298],[8.10365,44.773],[8.10367,44.77302],[8.10386,44.77316],[8.1039,44.77318],[8.10392,44.7732],[8.10411,44.77332],[8.10418,44.77336],[8.10426,44.7734],[8.10441,44.77348],[8.10446,44.77351],[8.10472,44.7736],[8.1049,44.77366],[8.10496,44.77367],[8.10506,44.7737],[8.10522,44.77374],[8.10535,44.77375],[8.10595,44.77383],[8.10604,44.77384],[8.10609,44.77384],[8.10615,44.77383],[8.10618,44.77383],[8.10663,44.77381],[8.10666,44.77381],[8.10677,44.7738],[8.10684,44.77379],[8.10688,44.77378],[8.10693,44.77377],[8.10697,44.77377],[8.10718,44.77373],[8.10752,44.77368],[8.10761,44.77366],[8.10777,44.77363],[8.10826,44.77353],[8.10857,44.77347],[8.10876,44.77343],[8.1088,44.77342],[8.10891,44.7734],[8.10928,44.77331],[8.10945,44.77328],[8.10965,44.77325],[8.10971,44.77324],[8.11004,44.77318],[8.1101,44.77316],[8.11028,44.77313],[8.11033,44.77312],[8.11048,44.7731],[8.11059,44.77307],[8.11099,44.77295],[8.11109,44.77289],[8.11111,44.77288],[8.11114,44.77285],[8.11116,44.77282],[8.11122,44.77278],[8.11124,44.77275],[8.11157,44.7725],[8.11159,44.77242],[8.11164,44.77213],[8.11171,44.77179],[8.11176,44.77143],[8.11154,44.7713],[8.11116,44.77109],[8.11093,44.77095],[8.11118,44.77074],[8.11177,44.77033],[8.11208,44.7701],[8.1121,44.77009],[8.11237,44.76989],[8.1128,44.76959],[8.11325,44.76985],[8.11346,44.76995],[8.11357,44.77001],[8.11385,44.77016],[8.11436,44.77044],[8.11445,44.77049],[8.11501,44.77079],[8.11519,44.77089],[8.11529,44.77095],[8.1154,44.77101],[8.11552,44.77107],[8.11563,44.77113],[8.11582,44.77124],[8.11589,44.77127],[8.11604,44.77135],[8.11609,44.77138],[8.11625,44.77147],[8.11631,44.7715],[8.11639,44.77154],[8.11641,44.77156],[8.11658,44.77164],[8.11674,44.77173],[8.11692,44.77183],[8.11705,44.7719],[8.11735,44.77206],[8.11797,44.77239],[8.11815,44.77249],[8.11828,44.77256],[8.11911,44.77301],[8.1194,44.77316],[8.1199,44.77344],[8.11999,44.77348],[8.12096,44.774],[8.1214,44.77424],[8.12146,44.77428],[8.12152,44.77431],[8.12154,44.77433],[8.12169,44.7744],[8.12209,44.77461],[8.12224,44.7747],[8.12256,44.77487],[8.12276,44.77492],[8.12284,44.77494],[8.12329,44.77505],[8.12359,44.77513],[8.1241,44.77527],[8.12412,44.77529],[8.12425,44.77533],[8.12447,44.7754],[8.12493,44.77554],[8.12498,44.77557],[8.12525,44.77568],[8.12575,44.77592],[8.12574,44.77592],[8.12571,44.77598],[8.12541,44.77639],[8.12538,44.77645],[8.125,44.77704],[8.12496,44.77711],[8.12487,44.77724],[8.12476,44.77741],[8.12482,44.77755],[8.12491,44.77779],[8.12495,44.77788],[8.12502,44.77805],[8.12503,44.77806],[8.12505,44.77811],[8.12508,44.77817],[8.12513,44.77829],[8.12518,44.77841],[8.12521,44.77848],[8.12524,44.77854],[8.12526,44.7786],[8.12529,44.77865],[8.1253,44.77869],[8.12534,44.77877],[8.12537,44.77883],[8.12539,44.77889],[8.12544,44.77899],[8.12546,44.77906],[8.12548,44.77908],[8.12552,44.77919],[8.12562,44.77944],[8.1257,44.77964],[8.12574,44.77973],[8.12589,44.78012],[8.12598,44.78034],[8.12603,44.78046],[8.12617,44.78081],[8.12621,44.7809],[8.12648,44.78158],[8.1269,44.7817],[8.12713,44.78176],[8.12738,44.78183],[8.12747,44.78179],[8.12774,44.78168],[8.1278,44.78166],[8.12836,44.78143],[8.12839,44.78142],[8.12864,44.78132],[8.12872,44.78129],[8.12892,44.78121],[8.12933,44.78105],[8.12938,44.78103],[8.1296,44.78094],[8.12991,44.7808],[8.13002,44.78087],[8.13044,44.78116],[8.13048,44.78118],[8.13056,44.78123],[8.13064,44.78129],[8.13078,44.78139],[8.13128,44.78172],[8.13184,44.78154],[8.13197,44.7815],[8.13207,44.78147],[8.13228,44.7814],[8.13248,44.78134],[8.13253,44.78132],[8.13257,44.78132],[8.13272,44.78127],[8.13298,44.78119],[8.13323,44.78111],[8.1333,44.78108],[8.13337,44.78106],[8.13349,44.78103],[8.13375,44.78094],[8.13419,44.781],[8.13449,44.78104],[8.13452,44.78105],[8.13469,44.78109],[8.13477,44.78111],[8.13496,44.78115],[8.13503,44.78116],[8.13515,44.78119],[8.13532,44.78123],[8.13545,44.78126],[8.13585,44.78136],[8.13589,44.78134],[8.13605,44.78128],[8.13615,44.78124],[8.13617,44.78123],[8.13627,44.78117],[8.13661,44.78132],[8.13678,44.78139],[8.13709,44.78152],[8.1372,44.78157],[8.13723,44.78158],[8.13734,44.78164],[8.13737,44.78166],[8.13744,44.78172],[8.13748,44.78175],[8.13751,44.78177],[8.13759,44.78187],[8.13766,44.78201],[8.13768,44.78204],[8.13773,44.78217],[8.13774,44.7822],[8.13776,44.78231],[8.13778,44.78237],[8.13782,44.78262],[8.13782,44.78264],[8.13783,44.78272],[8.13784,44.78283],[8.13784,44.78286],[8.13784,44.7829],[8.13784,44.78295],[8.13781,44.78313],[8.1378,44.78323],[8.13778,44.7834],[8.13776,44.78351],[8.13771,44.78376],[8.13769,44.78381],[8.13761,44.78398],[8.13748,44.78422],[8.13668,44.78442],[8.13662,44.78444],[8.13585,44.78464],[8.13548,44.78473],[8.13501,44.78485],[8.13497,44.78486],[8.13466,44.78494],[8.13394,44.78513],[8.13391,44.78513],[8.13335,44.78528],[8.1329,44.7854],[8.13272,44.78544],[8.13254,44.78549],[8.13249,44.7855],[8.1325,44.78568],[8.13251,44.78593],[8.13252,44.78605],[8.13253,44.78625],[8.13254,44.7864],[8.13258,44.78701],[8.13263,44.78722],[8.13168,44.78896],[8.13167,44.78898],[8.13155,44.78925],[8.13128,44.78992],[8.13121,44.79012],[8.1311,44.79041],[8.13086,44.79071],[8.13074,44.79085],[8.12971,44.79138],[8.12898,44.79176],[8.12866,44.79193],[8.12861,44.79197],[8.12792,44.79254],[8.12791,44.79259],[8.1279,44.79298],[8.12789,44.79314],[8.12787,44.79349],[8.12786,44.79365],[8.12766,44.79419],[8.12766,44.79426],[8.12765,44.79434],[8.12796,44.79489],[8.12899,44.79539],[8.12907,44.79544],[8.1293,44.79557],[8.1294,44.79573],[8.12956,44.79601],[8.12961,44.79609],[8.12971,44.79626],[8.1298,44.79641],[8.12987,44.79653],[8.12989,44.79656],[8.13002,44.79676],[8.13039,44.79755],[8.1305,44.79777],[8.1306,44.79799],[8.13075,44.79831],[8.1308,44.79841],[8.13089,44.7986],[8.13092,44.79867],[8.13111,44.79906],[8.13113,44.79908],[8.13128,44.79938],[8.13124,44.79968],[8.1312,44.8],[8.1312,44.80001],[8.13116,44.8003],[8.13112,44.8004],[8.13105,44.80057],[8.13095,44.8008],[8.13072,44.80137],[8.13068,44.80146],[8.13055,44.80177],[8.13053,44.80183],[8.13026,44.80213],[8.12961,44.80283],[8.12953,44.80292],[8.1294,44.80305],[8.12924,44.80321],[8.12917,44.80329],[8.12898,44.80348],[8.12895,44.80361],[8.1289,44.80376],[8.12887,44.80387],[8.12885,44.80396],[8.12877,44.80423],[8.12869,44.8045],[8.12869,44.80452],[8.12876,44.80475],[8.12877,44.8051],[8.12875,44.80537],[8.12876,44.80548],[8.1288,44.80594],[8.1288,44.80601],[8.12882,44.80609],[8.12883,44.80614],[8.12884,44.8062],[8.12887,44.8063],[8.12889,44.8064],[8.1289,44.80645],[8.12891,44.80649],[8.12892,44.80654],[8.12893,44.80658],[8.12894,44.80663],[8.12897,44.80672],[8.12901,44.80691],[8.12906,44.80703],[8.12918,44.80732],[8.12924,44.80748],[8.12928,44.80758],[8.12986,44.80749],[8.13059,44.80736],[8.13064,44.80742],[8.13172,44.80884],[8.13203,44.80923],[8.13081,44.80977],[8.13033,44.80997],[8.13002,44.81011],[8.12886,44.8106],[8.1281,44.81092],[8.12789,44.81101],[8.12757,44.81115],[8.12711,44.81134],[8.12662,44.81177],[8.12641,44.81195],[8.12625,44.81202],[8.12611,44.81208],[8.12604,44.81211],[8.12588,44.81217],[8.12569,44.81225],[8.12548,44.81234],[8.12538,44.81239],[8.12525,44.81247],[8.12514,44.81254],[8.12498,44.81264],[8.12464,44.81286],[8.12439,44.813],[8.12411,44.81317],[8.12392,44.81329],[8.1237,44.81344],[8.12361,44.81351],[8.12323,44.81381],[8.12322,44.81379],[8.12319,44.81375],[8.12318,44.81373],[8.12316,44.8137],[8.12298,44.81343],[8.12294,44.81338],[8.12267,44.81324],[8.12244,44.8131],[8.12243,44.81344],[8.12243,44.81347],[8.12214,44.81352],[8.12186,44.81357],[8.12177,44.81359],[8.12126,44.81368],[8.12095,44.81374],[8.12091,44.81374],[8.12084,44.8136],[8.12082,44.81355],[8.12073,44.81337],[8.1207,44.81332],[8.12032,44.81343],[8.1199,44.81356],[8.11988,44.81359],[8.11987,44.81362],[8.11959,44.81362],[8.11952,44.81371],[8.11924,44.81362],[8.11912,44.81357],[8.11913,44.81351],[8.11913,44.81349],[8.11869,44.81351],[8.11852,44.81348],[8.11836,44.81342],[8.11804,44.81325],[8.11772,44.8131],[8.11764,44.81306],[8.11748,44.81298],[8.11745,44.813],[8.11737,44.81307],[8.11727,44.81316],[8.11725,44.81318],[8.11713,44.81332],[8.11709,44.81336],[8.11638,44.81316],[8.11585,44.813],[8.11593,44.81249],[8.11593,44.81247],[8.11595,44.81235],[8.11601,44.81191],[8.11592,44.81187],[8.11579,44.81182],[8.1157,44.81176],[8.11566,44.81173],[8.11537,44.81168],[8.11504,44.81161],[8.11471,44.81155],[8.11431,44.81147],[8.11425,44.8116],[8.11404,44.81156],[8.11404,44.81153],[8.11364,44.81148],[8.11363,44.8115],[8.11356,44.81174],[8.1135,44.81198],[8.11226,44.81126],[8.11217,44.8112],[8.11212,44.81117],[8.11204,44.81113],[8.11204,44.81095],[8.11204,44.81092],[8.11203,44.81081],[8.11203,44.81069],[8.11202,44.81049],[8.11196,44.81008],[8.11189,44.80977],[8.11184,44.80975],[8.11153,44.80962],[8.11142,44.80957],[8.11135,44.80953],[8.11129,44.8095],[8.11123,44.80947],[8.11115,44.80943],[8.11111,44.80941],[8.11106,44.80938],[8.11093,44.80934],[8.11085,44.80931],[8.11077,44.80929],[8.11071,44.80927],[8.11059,44.80928],[8.11017,44.80933],[8.11002,44.80936],[8.10989,44.80938],[8.10978,44.80942],[8.10963,44.80947],[8.10961,44.80948],[8.10937,44.80959],[8.10918,44.80972],[8.10913,44.80975],[8.1091,44.80977],[8.10908,44.80979],[8.10894,44.80986],[8.10863,44.80995],[8.10859,44.80997],[8.10852,44.80998],[8.10847,44.80997],[8.1084,44.80997],[8.10833,44.80995],[8.10793,44.80983],[8.10761,44.80975],[8.10744,44.8097],[8.10738,44.80969],[8.10734,44.80968],[8.10717,44.80965],[8.10694,44.80964],[8.10684,44.80964],[8.10655,44.80968],[8.10594,44.80994],[8.10581,44.80999],[8.10579,44.81002],[8.10578,44.81004],[8.10571,44.81014],[8.10569,44.81015],[8.10559,44.81035],[8.10558,44.81039],[8.10551,44.81064],[8.10552,44.81077],[8.10553,44.81093],[8.10561,44.81105],[8.10596,44.81154],[8.10599,44.8116],[8.10609,44.81175],[8.10611,44.81182],[8.10615,44.81193],[8.10622,44.81235],[8.10623,44.81239],[8.10623,44.81244],[8.10625,44.81287],[8.10592,44.81297],[8.10555,44.81311],[8.10539,44.81319],[8.10531,44.81322],[8.10513,44.8133],[8.10502,44.81334],[8.10485,44.8134],[8.10482,44.81341],[8.10466,44.81346],[8.10454,44.81348],[8.1045,44.81349],[8.10442,44.8135],[8.10397,44.81355],[8.10392,44.81358],[8.10388,44.81372],[8.10385,44.81377],[8.10384,44.81379],[8.1038,44.8139],[8.10372,44.81397],[8.10366,44.81402],[8.10362,44.81405],[8.1035,44.81415],[8.10354,44.81435],[8.10354,44.81437],[8.10356,44.81445],[8.10357,44.8145],[8.1036,44.81496],[8.10332,44.81487],[8.10308,44.81479],[8.10275,44.81506],[8.1026,44.81519],[8.10266,44.81526],[8.10271,44.81533],[8.10254,44.8154],[8.10247,44.81543],[8.10235,44.81548],[8.10211,44.81554],[8.10209,44.8156],[8.10209,44.81563],[8.10212,44.81577],[8.10215,44.81587],[8.10215,44.81589],[8.10215,44.81592],[8.10214,44.81595],[8.10218,44.81601],[8.10235,44.81629],[8.10234,44.81636],[8.1022,44.81669],[8.10217,44.81675],[8.10212,44.81687],[8.1021,44.81692],[8.1021,44.81697],[8.10208,44.81705],[8.10207,44.81708],[8.10202,44.81728],[8.10199,44.81737],[8.10197,44.81743],[8.10192,44.8175],[8.10192,44.81753],[8.1019,44.81757],[8.10178,44.81791],[8.10176,44.81797],[8.10171,44.81806],[8.10168,44.81815],[8.10165,44.8183],[8.10163,44.81834],[8.10162,44.81836],[8.10132,44.81864],[8.10126,44.81871],[8.10112,44.81885],[8.10088,44.81907],[8.10085,44.81931],[8.10083,44.81942],[8.10082,44.81948],[8.10074,44.81955],[8.10069,44.81957],[8.10066,44.8197],[8.10061,44.81972],[8.10058,44.81974],[8.10052,44.81979],[8.1005,44.81987],[8.10044,44.81989],[8.10042,44.8199],[8.1004,44.81992],[8.10035,44.81994],[8.10025,44.81999],[8.10011,44.82002],[8.10005,44.82003],[8.09997,44.82003],[8.0999,44.82005],[8.09985,44.82004],[8.09982,44.82003],[8.09976,44.82005],[8.09971,44.82006],[8.09967,44.82005],[8.0996,44.82007],[8.09954,44.82011],[8.09952,44.82012],[8.09948,44.82014],[8.09944,44.82015],[8.09939,44.82019],[8.09931,44.82026],[8.09925,44.8203],[8.09906,44.82042],[8.09898,44.82049],[8.09896,44.8205],[8.09875,44.8206],[8.09873,44.82064],[8.09865,44.82065],[8.09864,44.82063],[8.09862,44.82061],[8.09857,44.82061],[8.09856,44.82063],[8.09854,44.82064],[8.09849,44.82067],[8.09852,44.82071],[8.09842,44.82075],[8.09838,44.82076],[8.09839,44.82078],[8.09836,44.8208],[8.0982,44.82096],[8.09805,44.82107],[8.09784,44.82114],[8.09785,44.82118],[8.09782,44.82123],[8.09774,44.8213],[8.09754,44.82134],[8.09749,44.82133],[8.09748,44.82136],[8.09741,44.82135],[8.09734,44.82142],[8.09733,44.82146],[8.09732,44.82149],[8.09723,44.82149],[8.09705,44.82164],[8.09681,44.82177],[8.09655,44.8219],[8.09655,44.822],[8.09621,44.82203],[8.09607,44.82204],[8.09574,44.82207],[8.09562,44.82206],[8.09513,44.82217],[8.09513,44.82221],[8.09514,44.82232],[8.09513,44.82247],[8.09513,44.82251],[8.0951,44.82283],[8.09509,44.82291],[8.09501,44.8229],[8.09493,44.82286],[8.09488,44.8228],[8.09485,44.82271],[8.09482,44.82267],[8.09479,44.8226],[8.0948,44.82258],[8.09482,44.82253],[8.09476,44.82246],[8.09473,44.82234],[8.09473,44.82232],[8.09471,44.82231],[8.09464,44.82222],[8.09466,44.82217],[8.09468,44.82215],[8.09473,44.82212],[8.09475,44.8221],[8.0947,44.82204],[8.09464,44.82196],[8.09452,44.8218],[8.09446,44.82175],[8.0944,44.82169],[8.09422,44.8215],[8.09419,44.82147],[8.09419,44.82144],[8.09419,44.82142],[8.09419,44.82137],[8.09412,44.82135],[8.09407,44.82131],[8.09401,44.82126],[8.09399,44.82125],[8.09395,44.82122],[8.09384,44.82115],[8.09375,44.82106],[8.09373,44.82104],[8.09367,44.82098],[8.09359,44.82091],[8.09357,44.82089],[8.09353,44.82085],[8.09347,44.82079],[8.09342,44.82076],[8.09339,44.82074],[8.09337,44.82072],[8.09331,44.82067],[8.09311,44.82051],[8.09309,44.82049],[8.09305,44.82047],[8.09296,44.82043],[8.09274,44.8203],[8.09267,44.82025],[8.09259,44.8202],[8.09257,44.82019],[8.09252,44.82015],[8.09244,44.82009],[8.09233,44.82006],[8.0923,44.82005],[8.09219,44.81999],[8.09213,44.82],[8.09211,44.81999],[8.09195,44.8199],[8.09184,44.81987],[8.09178,44.81979],[8.09172,44.81978],[8.09169,44.81977],[8.09163,44.81977],[8.09153,44.81974],[8.09149,44.81967],[8.0914,44.81967],[8.09138,44.81965],[8.09133,44.81959],[8.09126,44.81957],[8.09125,44.81955],[8.09124,44.81953],[8.09114,44.81949],[8.09102,44.81948],[8.091,44.81943],[8.09098,44.81942],[8.09092,44.81939],[8.09089,44.81932],[8.09071,44.81929],[8.09063,44.81924],[8.09056,44.81919],[8.09051,44.81916],[8.09059,44.81913],[8.09064,44.81909],[8.09067,44.81907],[8.09065,44.81899],[8.09065,44.81895],[8.09076,44.81894],[8.0908,44.81891],[8.09076,44.81889],[8.0906,44.81881],[8.09054,44.81878],[8.09041,44.81873],[8.09021,44.81865],[8.09017,44.81864],[8.09007,44.81858],[8.08977,44.81847],[8.08973,44.81845],[8.08939,44.8184],[8.08931,44.81839],[8.08917,44.81835],[8.08903,44.81831],[8.08896,44.81829],[8.08887,44.81825],[8.08881,44.81823],[8.08868,44.81818],[8.08864,44.81817],[8.08843,44.81811],[8.08837,44.81807],[8.08825,44.81803],[8.08822,44.81802],[8.08811,44.81795],[8.08805,44.81791],[8.08797,44.81786],[8.08793,44.81784],[8.08785,44.81779],[8.08778,44.81776],[8.08775,44.81775],[8.08772,44.81773],[8.08768,44.8177],[8.08761,44.81765],[8.08751,44.81759],[8.08749,44.81757],[8.08745,44.8175],[8.08741,44.81747],[8.0873,44.81739],[8.08716,44.8173],[8.08704,44.81723],[8.08687,44.81712],[8.08669,44.81704],[8.08653,44.81695],[8.08648,44.81693],[8.08635,44.81693],[8.08625,44.81684],[8.08622,44.81683],[8.08615,44.8168],[8.0861,44.81677],[8.08605,44.81677],[8.08598,44.81678],[8.08593,44.81683],[8.08586,44.8169],[8.08575,44.81682],[8.08572,44.81681],[8.08559,44.81675],[8.08556,44.81672],[8.08548,44.81665],[8.08545,44.81661],[8.08544,44.81659],[8.08541,44.8165],[8.08539,44.81648],[8.08533,44.81644],[8.08529,44.81636],[8.08522,44.81623],[8.08522,44.81619],[8.08522,44.81617],[8.0852,44.81614],[8.08519,44.81605],[8.08515,44.81598],[8.08513,44.81594],[8.08513,44.8159],[8.08514,44.81579],[8.08514,44.81569],[8.08511,44.81566],[8.08505,44.8156],[8.08501,44.8155],[8.08488,44.81539],[8.08485,44.81538],[8.08483,44.81531],[8.08481,44.81524],[8.08474,44.81514],[8.0847,44.81508],[8.08462,44.81507],[8.08468,44.81504],[8.08472,44.81502],[8.0847,44.81498],[8.08461,44.81488],[8.08456,44.81486],[8.08441,44.81485],[8.08437,44.81484],[8.0843,44.81482],[8.08401,44.81473],[8.08386,44.81468],[8.08383,44.81467],[8.08372,44.81465],[8.08362,44.81463],[8.08355,44.81462],[8.08333,44.81452],[8.0834,44.81443],[8.08335,44.81441],[8.0832,44.81432],[8.083,44.81422],[8.08269,44.81405],[8.08249,44.81394],[8.08256,44.81384],[8.08274,44.81358],[8.08273,44.81356],[8.08269,44.81348],[8.08247,44.81306],[8.08242,44.81297],[8.08242,44.81292],[8.08242,44.8127],[8.08243,44.81248],[8.08241,44.81244],[8.08229,44.81217],[8.08208,44.81186],[8.08201,44.81176],[8.08195,44.81167],[8.08193,44.81162],[8.08183,44.81154],[8.0817,44.81143],[8.08157,44.81132],[8.08151,44.81128],[8.08146,44.81124],[8.08144,44.81123],[8.08135,44.81116],[8.08124,44.81107],[8.0812,44.81105],[8.08114,44.81099],[8.08095,44.81086],[8.08088,44.81081],[8.08084,44.81079],[8.08065,44.81071],[8.08061,44.8107],[8.08047,44.81063],[8.08029,44.81055],[8.08026,44.81054],[8.08007,44.81043],[8.07996,44.81035],[8.07993,44.81032],[8.07989,44.81027],[8.07976,44.81012],[8.07973,44.81009],[8.0797,44.81004],[8.07968,44.81002],[8.07966,44.80998],[8.07965,44.80994],[8.07962,44.80987],[8.07955,44.80971],[8.07952,44.80961],[8.0795,44.80955],[8.07939,44.80941],[8.07935,44.80936],[8.07928,44.80928],[8.07913,44.80911],[8.07897,44.80893],[8.07889,44.80886],[8.07882,44.80878],[8.07881,44.80876],[8.07874,44.8087],[8.07865,44.80851],[8.07863,44.8085],[8.07859,44.80847],[8.07856,44.80846],[8.07856,44.80842],[8.07859,44.80815],[8.07862,44.80777],[8.07865,44.80756],[8.07865,44.80754],[8.07871,44.80732],[8.07858,44.80732],[8.07837,44.80736],[8.07832,44.80737],[8.07826,44.80738],[8.07788,44.80749],[8.07769,44.80755],[8.0775,44.8076],[8.07746,44.80761],[8.0773,44.80768],[8.07725,44.80771],[8.07718,44.80774],[8.07713,44.80777],[8.07693,44.80788],[8.07687,44.8079],[8.07679,44.80793],[8.07667,44.80797],[8.07649,44.80803],[8.07637,44.80807],[8.07618,44.80814],[8.07587,44.80824],[8.07581,44.80827],[8.07574,44.80829],[8.07571,44.80831],[8.07564,44.80836],[8.07553,44.80843],[8.0754,44.80852],[8.07532,44.80856],[8.07525,44.8086],[8.07519,44.80864],[8.07503,44.8087],[8.07493,44.80874],[8.0749,44.80876],[8.07478,44.80882],[8.07475,44.80881],[8.0746,44.80876],[8.07443,44.80871],[8.07419,44.80863],[8.07388,44.80852],[8.07376,44.80848],[8.07367,44.80846],[8.07358,44.80843],[8.07343,44.80837],[8.07322,44.80837],[8.07319,44.80836],[8.0729,44.80834],[8.07286,44.8082],[8.07278,44.80783],[8.07263,44.80778],[8.07255,44.80775],[8.07234,44.80769],[8.07231,44.80767],[8.07217,44.80763],[8.07199,44.80757],[8.07165,44.8077],[8.07144,44.80779],[8.07123,44.80787],[8.07119,44.80788],[8.07082,44.80804],[8.07042,44.80796],[8.07021,44.80791],[8.07016,44.8079],[8.07019,44.80785],[8.07021,44.80783],[8.07026,44.80777],[8.07032,44.80769],[8.0704,44.80759],[8.0705,44.80748],[8.0706,44.80737],[8.07063,44.80733],[8.07069,44.80726],[8.07073,44.80721],[8.07084,44.80708],[8.07086,44.80704],[8.07091,44.80696],[8.07096,44.8069],[8.07097,44.80688],[8.07103,44.80679],[8.07103,44.80676],[8.07109,44.80669],[8.0711,44.80665],[8.07115,44.80648],[8.07115,44.80642],[8.07117,44.80638],[8.07082,44.80627],[8.07073,44.80625],[8.07043,44.80615],[8.07037,44.80613],[8.07025,44.80609],[8.0701,44.80604],[8.06982,44.80595],[8.06939,44.80581],[8.06923,44.80593],[8.0692,44.80594],[8.06912,44.80598],[8.06904,44.80603],[8.06902,44.80605],[8.0689,44.80609],[8.0688,44.80612],[8.06862,44.8062],[8.06859,44.80621],[8.06846,44.80626],[8.06841,44.80629],[8.06814,44.80642],[8.06817,44.80644],[8.06837,44.80654],[8.06864,44.80665],[8.06861,44.80667],[8.06841,44.80677],[8.06818,44.80689],[8.06815,44.80691],[8.06806,44.80702],[8.06799,44.80709],[8.06796,44.80713],[8.06783,44.80718],[8.06771,44.80724],[8.06768,44.80726],[8.06764,44.80727],[8.06749,44.80743],[8.06747,44.80745],[8.06729,44.80762],[8.06728,44.80764],[8.06719,44.80771],[8.06713,44.80777],[8.06708,44.80787],[8.06704,44.80799],[8.06699,44.80813],[8.06696,44.8082],[8.06689,44.80838],[8.06689,44.80841],[8.06681,44.80858],[8.06679,44.80864],[8.06678,44.80866],[8.06673,44.80866],[8.06618,44.80867],[8.06592,44.80867],[8.06577,44.80866],[8.06539,44.80866],[8.06502,44.80867],[8.06481,44.80867],[8.06471,44.80867],[8.06469,44.80867],[8.06466,44.80867],[8.06455,44.80843],[8.06454,44.80842],[8.06448,44.80828],[8.06443,44.80817],[8.06429,44.80825],[8.06416,44.80833],[8.06414,44.80834],[8.06411,44.80835],[8.06385,44.80831],[8.06357,44.80826],[8.06342,44.80823],[8.06332,44.80851],[8.06321,44.80884],[8.06318,44.80893],[8.06301,44.80896],[8.06297,44.80897],[8.06298,44.80893],[8.06303,44.80879],[8.06307,44.80869],[8.06298,44.80873],[8.0629,44.80876],[8.06288,44.80878],[8.06276,44.80882],[8.06269,44.80886],[8.0625,44.80894],[8.06241,44.80898],[8.0622,44.809],[8.06205,44.80902],[8.06195,44.80904],[8.06182,44.80907],[8.06171,44.80914],[8.06164,44.80919],[8.06149,44.8093],[8.06144,44.80933],[8.06141,44.80936],[8.06138,44.8094],[8.06123,44.80958],[8.06104,44.8098],[8.06102,44.80983],[8.06098,44.80982],[8.06097,44.80987],[8.06091,44.81008],[8.06084,44.81036],[8.06081,44.81049],[8.0608,44.81052],[8.06077,44.81061],[8.06074,44.81073],[8.06054,44.81071],[8.0605,44.8107],[8.06026,44.81066],[8.06022,44.81066],[8.0601,44.81066],[8.05997,44.81066],[8.05951,44.81064],[8.05923,44.81063],[8.05905,44.81063],[8.05898,44.81026],[8.05894,44.80997],[8.05892,44.80984],[8.05851,44.80975],[8.05847,44.80974],[8.05844,44.80973],[8.05844,44.80976],[8.05844,44.8098],[8.05843,44.80987],[8.05829,44.80994],[8.05826,44.80998],[8.05825,44.81],[8.05821,44.81008],[8.05819,44.81011],[8.05815,44.81019],[8.0581,44.81032],[8.05808,44.81036],[8.05806,44.81039],[8.05805,44.81043],[8.05799,44.81043],[8.05789,44.8104],[8.05784,44.81041],[8.05779,44.81041],[8.05776,44.81042],[8.05772,44.81043],[8.05771,44.81048],[8.05768,44.81052],[8.0576,44.81052],[8.05742,44.81053],[8.0574,44.81054],[8.05737,44.81056],[8.05733,44.81058],[8.0573,44.81059],[8.05725,44.81066],[8.05728,44.81069],[8.05729,44.81071],[8.05735,44.81074],[8.05716,44.81072],[8.05666,44.81047],[8.05616,44.81021],[8.05609,44.81017],[8.05597,44.81014],[8.05582,44.81036],[8.05558,44.81074],[8.05555,44.81077],[8.05539,44.81103],[8.05538,44.81105],[8.05536,44.8111],[8.05529,44.81106],[8.05507,44.81095],[8.05485,44.81083],[8.0546,44.81071],[8.05443,44.81062],[8.05425,44.81055],[8.05411,44.81049],[8.05398,44.81044],[8.05383,44.81037],[8.05377,44.81034],[8.05375,44.8103],[8.05375,44.81017],[8.05384,44.81],[8.05397,44.80982],[8.05398,44.80956],[8.05393,44.80918],[8.05383,44.80892],[8.05365,44.80861],[8.05354,44.80843],[8.05335,44.80818],[8.05324,44.80806],[8.05311,44.80793],[8.05297,44.80779],[8.05283,44.80766],[8.05264,44.80756],[8.05232,44.80746],[8.0521,44.80743],[8.05154,44.80734],[8.05132,44.80729],[8.05117,44.80727],[8.05114,44.80725],[8.05083,44.807],[8.05076,44.80693],[8.05059,44.80683],[8.05046,44.80678],[8.05034,44.80674],[8.05023,44.80672],[8.04996,44.80665],[8.04944,44.80657],[8.04932,44.8065],[8.04907,44.80625],[8.04892,44.8061],[8.04879,44.80596],[8.04864,44.80581],[8.04858,44.80575],[8.04851,44.80567],[8.04844,44.80559],[8.04834,44.80549],[8.04819,44.80533],[8.0481,44.80523],[8.04793,44.80509],[8.0479,44.80504],[8.04783,44.80498],[8.04775,44.80491],[8.04767,44.80485],[8.04757,44.80477],[8.04755,44.80475],[8.04752,44.80472],[8.04749,44.80469],[8.04748,44.80467],[8.04741,44.80444],[8.04739,44.80441],[8.04732,44.80419],[8.04725,44.80394],[8.04722,44.80386],[8.04715,44.80365],[8.04708,44.80349],[8.04693,44.80322],[8.04686,44.8031],[8.04683,44.80307],[8.04678,44.80298],[8.0467,44.80288],[8.04665,44.80281],[8.0466,44.80276],[8.04656,44.8027],[8.04646,44.80259],[8.04633,44.80244],[8.04619,44.80228],[8.04594,44.80202],[8.0459,44.80198],[8.04565,44.80178],[8.04564,44.80176],[8.04552,44.80163],[8.04545,44.80154],[8.04539,44.80146],[8.04537,44.80145],[8.04533,44.80138],[8.0453,44.80134],[8.04525,44.80127],[8.04523,44.80116],[8.04522,44.80113],[8.04523,44.80106],[8.04524,44.80103],[8.0453,44.80083],[8.04532,44.80076],[8.04539,44.80055],[8.0454,44.8005],[8.04542,44.80046],[8.04546,44.80032],[8.04547,44.80028],[8.04555,44.80005],[8.04559,44.79994],[8.04559,44.7998],[8.04558,44.7997],[8.04558,44.79957],[8.04547,44.79941],[8.04542,44.79943],[8.04514,44.79959],[8.04511,44.7996],[8.04494,44.79971],[8.04477,44.79983],[8.04465,44.7999],[8.04449,44.80001],[8.04441,44.80006],[8.04403,44.80031],[8.04383,44.80042],[8.04381,44.80044],[8.04362,44.80059],[8.04358,44.80061],[8.04329,44.80079],[8.0431,44.80092],[8.04277,44.80117],[8.0424,44.80142],[8.0422,44.80156],[8.04164,44.80132],[8.04161,44.8013],[8.04158,44.80149],[8.04155,44.8017],[8.04151,44.80197],[8.0415,44.80202],[8.04146,44.80211],[8.04131,44.80239],[8.04127,44.80247],[8.0411,44.80278],[8.04093,44.8031],[8.04086,44.80323],[8.04072,44.80351],[8.04056,44.8038],[8.04035,44.80421],[8.0402,44.80448],[8.04019,44.8045],[8.04005,44.8045],[8.0399,44.80452],[8.03976,44.80456],[8.03964,44.80461],[8.03959,44.80464],[8.03953,44.80467],[8.03943,44.80473],[8.03937,44.8048],[8.0393,44.80488],[8.03926,44.80493],[8.03918,44.80498],[8.0391,44.80506],[8.03905,44.80512],[8.03882,44.80535],[8.03876,44.80541],[8.03843,44.80575],[8.03812,44.80606],[8.038,44.8062],[8.0378,44.8064],[8.03745,44.80675],[8.03709,44.80712],[8.03693,44.80729],[8.03662,44.80761],[8.03622,44.80802],[8.03589,44.80836],[8.03563,44.80863],[8.0353,44.8085],[8.03499,44.80839],[8.03487,44.80849],[8.03484,44.8085],[8.03467,44.80864],[8.03446,44.80881],[8.03438,44.80887],[8.03432,44.80893],[8.03429,44.80895],[8.03421,44.80901],[8.03417,44.80904],[8.0339,44.80926],[8.03383,44.80931],[8.0334,44.80966],[8.03315,44.80984],[8.03273,44.81015],[8.03258,44.81017],[8.03247,44.81019],[8.03213,44.81027],[8.03202,44.81029],[8.03206,44.81041],[8.03213,44.81067],[8.0319,44.81064],[8.03159,44.81061],[8.03152,44.81061],[8.03136,44.81055],[8.03132,44.81054],[8.03114,44.81048],[8.03099,44.81044],[8.03086,44.81061],[8.03081,44.81067],[8.03063,44.81093],[8.03084,44.81111],[8.03074,44.81119],[8.03049,44.81106],[8.03042,44.81117],[8.03038,44.81128],[8.03035,44.81129],[8.03033,44.8115],[8.03031,44.81169],[8.03029,44.81188],[8.03029,44.81191],[8.03027,44.81219],[8.03016,44.81221],[8.0301,44.81221],[8.02998,44.81219],[8.02988,44.81218],[8.02982,44.81218],[8.02977,44.81217],[8.02959,44.81214],[8.02954,44.81213],[8.02943,44.81211],[8.02936,44.81211],[8.02921,44.8121],[8.02911,44.81211],[8.02906,44.81211],[8.02899,44.81212],[8.02887,44.81212],[8.02886,44.81214],[8.02883,44.81238],[8.02881,44.81246],[8.0288,44.81252],[8.02914,44.81253],[8.02919,44.81279],[8.02919,44.81281],[8.02898,44.81279],[8.02888,44.81278],[8.02888,44.81282],[8.02885,44.81299],[8.02876,44.81303],[8.02873,44.81304],[8.02857,44.81315],[8.02851,44.81319],[8.02836,44.81334],[8.02834,44.81336],[8.02822,44.81349],[8.02823,44.81357],[8.02824,44.81376],[8.02825,44.81385],[8.02827,44.81399],[8.02825,44.81407],[8.02823,44.81417],[8.02815,44.81435],[8.0281,44.81445],[8.02799,44.81466],[8.02796,44.81472],[8.02791,44.81481],[8.02782,44.815],[8.02768,44.81496],[8.02763,44.81494],[8.02756,44.81493],[8.02752,44.81493],[8.02748,44.81492],[8.02734,44.81492],[8.02731,44.81493],[8.02717,44.81493],[8.02706,44.81493],[8.02662,44.81471],[8.02654,44.81478],[8.02641,44.81489],[8.02635,44.81495],[8.0262,44.81508],[8.02615,44.81511],[8.02606,44.8152],[8.02583,44.81541],[8.02569,44.81554],[8.02567,44.81555],[8.02556,44.81563],[8.02546,44.81573],[8.02541,44.81578],[8.02525,44.81577],[8.02525,44.81579],[8.02525,44.81609],[8.02525,44.81632],[8.02524,44.81639],[8.02524,44.81651],[8.02514,44.81653],[8.02509,44.81653],[8.02483,44.81651],[8.02463,44.81649],[8.02457,44.81649],[8.02445,44.81652],[8.02441,44.81656],[8.02438,44.81658],[8.02428,44.81665],[8.02408,44.81679],[8.02404,44.81683],[8.02386,44.81691],[8.02381,44.81694],[8.02372,44.81698],[8.02361,44.81701],[8.02342,44.81706],[8.02321,44.81711],[8.02301,44.81716],[8.02289,44.81719],[8.02275,44.81723],[8.02263,44.81725],[8.02245,44.81726],[8.02225,44.81729],[8.02209,44.81728],[8.02197,44.81725],[8.02185,44.81721],[8.02182,44.8172],[8.02175,44.81719],[8.0216,44.81726],[8.02149,44.81731],[8.02141,44.81734],[8.02132,44.81737],[8.02126,44.81738],[8.02118,44.81739],[8.02102,44.81737],[8.02074,44.81734],[8.02068,44.81733],[8.02048,44.81732],[8.0203,44.81732],[8.02016,44.81731],[8.02012,44.81731],[8.02001,44.81731],[8.01987,44.81733],[8.0197,44.81738],[8.0196,44.8174],[8.01959,44.81739],[8.01956,44.8173],[8.01955,44.81728],[8.01954,44.81725],[8.01952,44.81719],[8.01947,44.81708],[8.01944,44.817],[8.01937,44.81681],[8.01932,44.81668],[8.01928,44.81659],[8.01925,44.81651],[8.01924,44.81647],[8.0192,44.8164],[8.01916,44.81627],[8.01909,44.81611],[8.01903,44.81595],[8.01901,44.81591],[8.01896,44.81579],[8.01893,44.8157],[8.0189,44.81564],[8.01888,44.81561],[8.01884,44.8155],[8.01873,44.8155],[8.01857,44.81549],[8.01817,44.81548],[8.01795,44.81547],[8.01765,44.81547],[8.01759,44.81547],[8.01729,44.81546],[8.01719,44.81545],[8.01709,44.81531],[8.01703,44.81529],[8.01684,44.81526],[8.01681,44.81525],[8.01672,44.81523],[8.01664,44.81521],[8.01656,44.81519],[8.01648,44.81517],[8.01644,44.81516],[8.01631,44.81512],[8.01604,44.81505],[8.01549,44.81492],[8.01547,44.81491],[8.0151,44.81481],[8.01494,44.81477],[8.01487,44.81475],[8.01479,44.81473],[8.01475,44.81472],[8.01445,44.81465],[8.01438,44.81462],[8.01434,44.81461],[8.01409,44.81455],[8.01375,44.81445],[8.01371,44.81444],[8.01367,44.81443],[8.01362,44.81443],[8.01357,44.81442],[8.01345,44.81441],[8.0131,44.81437],[8.01307,44.81437],[8.01301,44.81436],[8.01296,44.81436],[8.01293,44.81435],[8.01289,44.81435],[8.01281,44.81434],[8.01254,44.81431],[8.01251,44.81431],[8.01244,44.8143],[8.01203,44.81426],[8.01171,44.81422],[8.01161,44.8142],[8.01109,44.81415],[8.01091,44.81413],[8.01076,44.81411],[8.01064,44.8141],[8.0104,44.8141],[8.00998,44.81409],[8.00993,44.81409],[8.00975,44.8141],[8.00964,44.81409],[8.00953,44.8141],[8.00945,44.8141],[8.00942,44.8141],[8.00912,44.8141],[8.00909,44.8141],[8.00884,44.81411],[8.0088,44.81411],[8.0085,44.81412],[8.00827,44.81411],[8.00809,44.81415],[8.00758,44.81428],[8.00721,44.81436],[8.00702,44.81439],[8.0069,44.81442],[8.00687,44.81442],[8.0067,44.81446],[8.00647,44.81451],[8.00633,44.81454],[8.00629,44.81455],[8.00591,44.81463],[8.0058,44.81467],[8.00577,44.81468],[8.00543,44.81474],[8.00527,44.81477],[8.00513,44.81481],[8.00507,44.81482],[8.00462,44.81492],[8.00461,44.81498],[8.00431,44.81501],[8.00435,44.81509],[8.00407,44.81524],[8.00364,44.81547],[8.00362,44.81548],[8.00356,44.81541],[8.00322,44.8156],[8.00314,44.81564],[8.003,44.8157],[8.00289,44.81575],[8.00301,44.81587],[8.00326,44.81612],[8.00353,44.81655],[8.00346,44.81657],[8.00341,44.81659],[8.00326,44.81661],[8.00319,44.8166],[8.00313,44.8166],[8.003,44.81665],[8.00299,44.81667],[8.00295,44.81673],[8.00291,44.81679],[8.00284,44.81684],[8.00277,44.81688],[8.00269,44.81691],[8.00262,44.81691],[8.00257,44.81691],[8.00246,44.8169],[8.00223,44.81691],[8.00191,44.81689],[8.00184,44.8169],[8.00181,44.8169],[8.00176,44.81692],[8.00157,44.81696],[8.00153,44.81697],[8.00149,44.81698],[8.00136,44.81702],[8.00132,44.81703],[8.00115,44.81697],[8.00107,44.81697],[8.00101,44.81697],[8.00094,44.81698],[8.00089,44.81699],[8.00079,44.81701],[8.00066,44.81702],[8.00049,44.81702],[8.00033,44.81706],[8.0003,44.81705],[8.00015,44.81706],[8.00012,44.81707],[8.00004,44.81709],[7.99995,44.81712],[7.99992,44.81713],[7.99988,44.81714],[7.99976,44.81719],[7.99961,44.81723],[7.99956,44.81723],[7.99948,44.81723],[7.99934,44.81725],[7.99931,44.81726],[7.99924,44.81727],[7.99921,44.81728],[7.99901,44.81734],[7.99887,44.81739],[7.99878,44.81741],[7.99874,44.81741],[7.99868,44.81744],[7.99864,44.81746],[7.99856,44.81751],[7.99849,44.81755],[7.99836,44.81758],[7.99828,44.8176],[7.99815,44.81763],[7.99783,44.81769],[7.99753,44.81775],[7.99741,44.81777],[7.99739,44.81778],[7.99732,44.8178],[7.99724,44.81784],[7.99712,44.8179],[7.99704,44.81793],[7.99691,44.81801],[7.99688,44.81802],[7.99684,44.81804],[7.99674,44.8181],[7.99664,44.81816],[7.99658,44.81818],[7.99642,44.81828],[7.99623,44.81838],[7.99615,44.81842],[7.99596,44.81848],[7.99584,44.81849],[7.99581,44.81849],[7.99575,44.81848],[7.99569,44.81852],[7.99567,44.81853],[7.99563,44.81853],[7.99555,44.81856],[7.99553,44.81857],[7.99543,44.81861],[7.99536,44.81863],[7.99524,44.81862],[7.99515,44.81861],[7.99505,44.8186],[7.99497,44.81878],[7.99461,44.81902],[7.99447,44.81913],[7.99444,44.81914],[7.99439,44.81916],[7.99427,44.81925],[7.99415,44.81936],[7.99393,44.81948],[7.9939,44.81949],[7.99382,44.81946],[7.99375,44.81943],[7.99354,44.81971],[7.9935,44.81977],[7.99346,44.81982],[7.99355,44.81985],[7.99376,44.81991],[7.99388,44.81996],[7.99402,44.82004],[7.99403,44.82007],[7.99401,44.82013],[7.99398,44.82022],[7.99396,44.8203],[7.99393,44.82037],[7.99392,44.82044],[7.99389,44.82053],[7.99388,44.82062],[7.99387,44.82067],[7.99388,44.8207],[7.99389,44.82076],[7.9939,44.8208],[7.99391,44.82082],[7.99395,44.82091],[7.99397,44.82096],[7.994,44.82103],[7.99403,44.82111],[7.99406,44.8212],[7.99408,44.82124],[7.99416,44.82137],[7.99421,44.82146],[7.99423,44.8215],[7.99425,44.82153],[7.99426,44.8216],[7.99427,44.82162],[7.99428,44.82166],[7.99428,44.82168],[7.99427,44.8218],[7.99426,44.82185],[7.99425,44.82189],[7.9942,44.82197],[7.99417,44.82201],[7.99411,44.82211],[7.99394,44.82227],[7.9938,44.82238],[7.99377,44.82241],[7.99372,44.82245],[7.99363,44.82253],[7.99348,44.82264],[7.99336,44.82275],[7.99329,44.82284],[7.99314,44.82294],[7.99297,44.823],[7.99282,44.82307],[7.99275,44.8231],[7.99258,44.82319],[7.99247,44.82324],[7.99239,44.82333],[7.99239,44.82351],[7.99239,44.82361],[7.99238,44.82368],[7.99239,44.82373],[7.99243,44.82392],[7.99224,44.82422],[7.99216,44.82447],[7.99216,44.82454],[7.99202,44.82479],[7.99208,44.82492],[7.99202,44.82502],[7.99195,44.8251],[7.99192,44.82516],[7.99188,44.82525],[7.99182,44.82533],[7.99168,44.82542],[7.99161,44.82541],[7.99152,44.82541],[7.9914,44.82541],[7.99136,44.82541],[7.99128,44.82542],[7.99123,44.82543],[7.99105,44.82543],[7.99097,44.82542],[7.9908,44.8254],[7.99076,44.8254],[7.99072,44.82537],[7.99065,44.82534],[7.99055,44.82531],[7.99046,44.8253],[7.99027,44.82525],[7.99023,44.82524],[7.9902,44.82523],[7.9901,44.82519],[7.99001,44.82516],[7.98995,44.82514],[7.98975,44.82507],[7.98968,44.82504],[7.98963,44.82502],[7.9896,44.82501],[7.98958,44.825],[7.98955,44.82501],[7.98943,44.82504],[7.98932,44.82507],[7.98923,44.82508],[7.98917,44.82507],[7.98911,44.82506],[7.98897,44.82502],[7.98887,44.82503],[7.98881,44.82502],[7.98876,44.82501],[7.98872,44.825],[7.9886,44.82495],[7.98854,44.82493],[7.98851,44.82491],[7.98835,44.82489],[7.98828,44.82488],[7.98823,44.82485],[7.98813,44.82487],[7.98802,44.82484],[7.98794,44.82482],[7.98779,44.82479],[7.98768,44.82476],[7.9876,44.82475],[7.98742,44.82473],[7.98733,44.8247],[7.98722,44.82468],[7.98715,44.82465],[7.98712,44.82463],[7.98697,44.82484],[7.98696,44.82486],[7.98697,44.82488],[7.98706,44.82495],[7.98708,44.82499],[7.9871,44.82513],[7.9871,44.82515],[7.98704,44.82524],[7.98702,44.82528],[7.98695,44.82536],[7.98689,44.82539],[7.98684,44.82539],[7.98677,44.82539],[7.98662,44.82538],[7.98659,44.82536],[7.98647,44.82531],[7.98639,44.8253],[7.98625,44.82536],[7.98619,44.82537],[7.98606,44.82537],[7.98593,44.82535],[7.98585,44.82534]]]}},{"type":"Feature","properties":{"denominazi":"Dogliani","tipo":"DOCG","codice":"DOC_51"},"geometry":{"type":"Polygon","coordinates":[[[7.99534,44.40745],[7.99545,44.40746],[7.99654,44.40702],[7.99655,44.40701],[7.99669,44.40697],[7.99674,44.40694],[7.99684,44.40685],[7.99686,44.40683],[7.99758,44.40657],[7.99759,44.40656],[7.9981,44.40634],[7.9981,44.40633],[7.99862,44.40614],[7.99866,44.40612],[7.99894,44.40589],[7.99896,44.40588],[7.99993,44.40555],[7.99994,44.40555],[8.00036,44.40546],[8.00037,44.40546],[8.00057,44.40544],[8.00058,44.40544],[8.0008,44.40544],[8.00083,44.40544],[8.00097,44.40549],[8.00099,44.4055],[8.00117,44.40561],[8.00118,44.40562],[8.00179,44.4062],[8.00181,44.40622],[8.00212,44.40639],[8.00215,44.4064],[8.00269,44.40657],[8.0027,44.40657],[8.00288,44.40665],[8.00288,44.40666],[8.00353,44.40703],[8.00355,44.40704],[8.00371,44.4071],[8.00372,44.40711],[8.00409,44.4072],[8.00411,44.40721],[8.0044,44.40725],[8.00443,44.40725],[8.00503,44.40727],[8.00505,44.40727],[8.00549,44.40723],[8.0055,44.40723],[8.00567,44.4072],[8.0057,44.40719],[8.00606,44.40706],[8.00609,44.40704],[8.00633,44.40686],[8.00637,44.40685],[8.00658,44.40684],[8.00661,44.40685],[8.00688,44.40697],[8.00691,44.407],[8.00697,44.40754],[8.00697,44.40755],[8.00699,44.40762],[8.00712,44.4077],[8.00722,44.40769],[8.00725,44.40769],[8.00756,44.40763],[8.00758,44.40763],[8.00791,44.40753],[8.00794,44.40753],[8.00812,44.40754],[8.00815,44.40755],[8.00833,44.40763],[8.00835,44.40766],[8.00838,44.40808],[8.00838,44.4081],[8.00842,44.40821],[8.00846,44.40826],[8.00855,44.40832],[8.00862,44.40834],[8.00897,44.40837],[8.00899,44.40838],[8.0092,44.40843],[8.00921,44.40843],[8.00936,44.40851],[8.00937,44.40851],[8.00955,44.40863],[8.00958,44.40865],[8.00973,44.4087],[8.00975,44.40871],[8.00994,44.40883],[8.01,44.40886],[8.01014,44.40888],[8.01018,44.4089],[8.01026,44.40902],[8.01026,44.40903],[8.01032,44.40917],[8.01032,44.40917],[8.01038,44.40932],[8.01038,44.40933],[8.01045,44.40974],[8.01045,44.40975],[8.0105,44.40986],[8.01051,44.40988],[8.01057,44.40996],[8.01062,44.41],[8.01076,44.41005],[8.01084,44.41006],[8.011,44.41004],[8.01105,44.41003],[8.01118,44.40997],[8.0112,44.40995],[8.01149,44.40974],[8.0115,44.40974],[8.01167,44.40966],[8.0117,44.40965],[8.01187,44.40964],[8.0119,44.40965],[8.0122,44.40979],[8.01222,44.40982],[8.01224,44.4101],[8.01224,44.41011],[8.01226,44.4102],[8.01228,44.41024],[8.01237,44.41034],[8.01238,44.41035],[8.01255,44.41048],[8.01255,44.41049],[8.01285,44.41068],[8.01285,44.41069],[8.01311,44.4109],[8.01314,44.41092],[8.01345,44.41107],[8.01346,44.41108],[8.01368,44.41128],[8.01377,44.41131],[8.01389,44.41132],[8.01394,44.41132],[8.01411,44.41129],[8.01415,44.41128],[8.01431,44.41122],[8.01433,44.41121],[8.01449,44.41118],[8.01454,44.41119],[8.01472,44.41129],[8.01474,44.41131],[8.01481,44.41158],[8.01482,44.41159],[8.01495,44.41184],[8.01494,44.41188],[8.01441,44.41233],[8.0144,44.41234],[8.01395,44.41282],[8.01394,44.41282],[8.01365,44.41303],[8.01365,44.41304],[8.01301,44.41338],[8.01298,44.4134],[8.01232,44.4141],[8.0123,44.41412],[8.01202,44.41423],[8.01198,44.41426],[8.01165,44.41461],[8.01165,44.41461],[8.01137,44.41482],[8.01135,44.41483],[8.01082,44.41502],[8.01079,44.41503],[8.01036,44.41532],[8.01035,44.41532],[8.0102,44.4154],[8.01019,44.4154],[8.01002,44.41546],[8.01001,44.41546],[8.00982,44.41548],[8.00979,44.41548],[8.00955,44.41543],[8.00953,44.41543],[8.00937,44.41536],[8.00936,44.41535],[8.00908,44.41516],[8.00908,44.41515],[8.00862,44.41487],[8.00862,44.41487],[8.00769,44.41419],[8.00769,44.41419],[8.00757,44.41407],[8.00756,44.41407],[8.00732,44.41367],[8.00729,44.41364],[8.00719,44.41358],[8.00711,44.41355],[8.00655,44.41354],[8.00654,44.41354],[8.00603,44.41356],[8.00592,44.41365],[8.00592,44.41371],[8.00595,44.41375],[8.00606,44.41386],[8.00607,44.41386],[8.00635,44.41408],[8.00636,44.41409],[8.00644,44.4142],[8.00646,44.41422],[8.00671,44.41441],[8.00672,44.41442],[8.00684,44.41454],[8.00684,44.41454],[8.00694,44.41467],[8.00694,44.41467],[8.00716,44.41507],[8.00716,44.41508],[8.00725,44.4152],[8.00727,44.41522],[8.0074,44.41532],[8.00741,44.41532],[8.00808,44.41599],[8.00809,44.416],[8.00818,44.41612],[8.00819,44.41613],[8.00869,44.41667],[8.00872,44.41669],[8.00886,44.41677],[8.00887,44.41678],[8.00902,44.4169],[8.00903,44.4169],[8.00913,44.41703],[8.00914,44.41704],[8.00933,44.41745],[8.00933,44.41746],[8.0095,44.41773],[8.0095,44.41773],[8.00964,44.41802],[8.00965,44.41803],[8.00999,44.41855],[8.00999,44.41856],[8.01002,44.41862],[8.00981,44.41838],[8.00976,44.41831],[8.00977,44.41833],[8.00984,44.41843],[8.00987,44.41848],[8.00993,44.41863],[8.00998,44.41874],[8.01003,44.41884],[8.01005,44.41891],[8.01008,44.41904],[8.01011,44.41922],[8.01012,44.41931],[8.01013,44.41936],[8.01013,44.41944],[8.01011,44.41954],[8.01011,44.41955],[8.0101,44.41961],[8.01009,44.41978],[8.01008,44.41983],[8.01008,44.41989],[8.01011,44.42013],[8.01012,44.42023],[8.01012,44.42031],[8.01012,44.42037],[8.01013,44.42052],[8.01013,44.42058],[8.01013,44.4206],[8.01015,44.42073],[8.01016,44.4208],[8.01016,44.42108],[8.01011,44.42132],[8.0101,44.42138],[8.0101,44.42149],[8.01014,44.42156],[8.01016,44.4216],[8.01026,44.42171],[8.0103,44.42175],[8.01037,44.42181],[8.01062,44.42201],[8.01079,44.42214],[8.0109,44.42225],[8.01114,44.42249],[8.01123,44.42257],[8.01125,44.42259],[8.01127,44.4226],[8.01141,44.42266],[8.01151,44.42271],[8.01155,44.42274],[8.01177,44.4229],[8.01179,44.42292],[8.01199,44.42305],[8.01201,44.42307],[8.01215,44.42316],[8.01224,44.42324],[8.01239,44.4234],[8.01241,44.42342],[8.01245,44.42349],[8.01247,44.42352],[8.0125,44.42364],[8.0125,44.42366],[8.01251,44.42374],[8.01251,44.42382],[8.01251,44.42384],[8.01246,44.42414],[8.01245,44.42421],[8.01244,44.42422],[8.01241,44.4244],[8.01239,44.42452],[8.01238,44.42457],[8.01236,44.42464],[8.01232,44.42478],[8.01231,44.42481],[8.01228,44.42492],[8.01226,44.42499],[8.01224,44.42512],[8.01221,44.42521],[8.01219,44.4253],[8.01218,44.42544],[8.01217,44.42557],[8.01218,44.42582],[8.01218,44.42585],[8.01218,44.42595],[8.01219,44.42602],[8.01222,44.4262],[8.01224,44.42635],[8.01225,44.42648],[8.01228,44.42666],[8.01229,44.42671],[8.0123,44.42678],[8.0123,44.42683],[8.01233,44.42695],[8.01237,44.42704],[8.01238,44.42707],[8.01243,44.42713],[8.0125,44.42719],[8.0126,44.42726],[8.01261,44.42728],[8.01276,44.42741],[8.01278,44.42743],[8.01284,44.42751],[8.01285,44.42753],[8.0129,44.42759],[8.01292,44.42761],[8.01295,44.42764],[8.01308,44.42775],[8.01311,44.42778],[8.01329,44.42793],[8.01336,44.42797],[8.0134,44.42799],[8.01345,44.42802],[8.01355,44.42806],[8.01372,44.42814],[8.01382,44.42819],[8.01385,44.42821],[8.01391,44.42824],[8.01414,44.4284],[8.01416,44.42842],[8.01425,44.42847],[8.01443,44.42857],[8.01447,44.42859],[8.01457,44.42866],[8.01465,44.42872],[8.01474,44.42878],[8.0148,44.42882],[8.01502,44.429],[8.01512,44.42908],[8.01521,44.42914],[8.01534,44.42922],[8.01549,44.42929],[8.01574,44.42941],[8.01582,44.42944],[8.01607,44.42958],[8.01626,44.42967],[8.01637,44.42968],[8.01653,44.42968],[8.01656,44.42968],[8.01659,44.42969],[8.01671,44.42971],[8.0169,44.42978],[8.01697,44.42981],[8.01708,44.42985],[8.01733,44.42993],[8.01757,44.43005],[8.01776,44.4301],[8.01793,44.43015],[8.01798,44.43016],[8.0181,44.43021],[8.01835,44.43034],[8.01846,44.43037],[8.01867,44.43044],[8.01921,44.43062],[8.01938,44.43068],[8.0195,44.43072],[8.01963,44.43076],[8.02009,44.43075],[8.02019,44.43075],[8.02026,44.43077],[8.02034,44.43083],[8.02048,44.43091],[8.02062,44.43105],[8.02075,44.43118],[8.02081,44.43131],[8.02086,44.43143],[8.02087,44.43145],[8.02105,44.43162],[8.02105,44.43162],[8.02127,44.43177],[8.02168,44.43205],[8.02171,44.43216],[8.02172,44.43218],[8.02176,44.43224],[8.02197,44.43253],[8.02198,44.43254],[8.02208,44.43279],[8.02214,44.43291],[8.02217,44.433],[8.02221,44.43307],[8.02224,44.43314],[8.02227,44.4332],[8.0223,44.43325],[8.02231,44.43328],[8.02238,44.43346],[8.02242,44.43356],[8.02243,44.43358],[8.02246,44.43365],[8.02251,44.43371],[8.02256,44.43378],[8.02258,44.4338],[8.02266,44.4339],[8.02271,44.43395],[8.02282,44.43408],[8.02301,44.43417],[8.02307,44.43417],[8.02318,44.43424],[8.02322,44.43435],[8.02321,44.43438],[8.02319,44.43447],[8.02319,44.43456],[8.02312,44.4346],[8.02313,44.43473],[8.02316,44.43482],[8.02325,44.43496],[8.02329,44.43501],[8.02329,44.43518],[8.02342,44.43534],[8.02348,44.43555],[8.02352,44.43575],[8.0237,44.43597],[8.02374,44.43622],[8.02376,44.4363],[8.02385,44.4368],[8.02367,44.43689],[8.0232,44.43712],[8.02314,44.43715],[8.0231,44.43717],[8.02292,44.43726],[8.02256,44.43751],[8.02253,44.43753],[8.02241,44.43767],[8.02235,44.43774],[8.02233,44.43776],[8.02229,44.43779],[8.02195,44.438],[8.02182,44.43826],[8.02177,44.43836],[8.02195,44.43852],[8.02208,44.43863],[8.02217,44.43871],[8.02236,44.43888],[8.02256,44.43873],[8.02258,44.43871],[8.02267,44.43865],[8.02269,44.43864],[8.02294,44.43875],[8.02313,44.43884],[8.02313,44.43887],[8.02316,44.43914],[8.0232,44.43948],[8.02355,44.43947],[8.02344,44.44001],[8.02337,44.44034],[8.0232,44.4408],[8.02319,44.44083],[8.02314,44.44102],[8.02312,44.44111],[8.02315,44.44122],[8.02326,44.44125],[8.02372,44.44123],[8.02391,44.44144],[8.02385,44.44167],[8.02384,44.44171],[8.02407,44.44188],[8.02399,44.442],[8.0241,44.44205],[8.02448,44.4422],[8.02442,44.44233],[8.02447,44.44235],[8.02447,44.44238],[8.02442,44.44265],[8.02449,44.44275],[8.02444,44.4428],[8.02441,44.44283],[8.02432,44.44295],[8.0243,44.44299],[8.02426,44.44307],[8.02425,44.44309],[8.02413,44.44319],[8.02409,44.44327],[8.02395,44.44336],[8.02391,44.44343],[8.02372,44.44359],[8.02368,44.44365],[8.02354,44.44388],[8.0235,44.44395],[8.02345,44.444],[8.0234,44.4441],[8.02335,44.44418],[8.0233,44.44422],[8.02321,44.44428],[8.02316,44.4443],[8.02307,44.44433],[8.02302,44.44439],[8.02284,44.44448],[8.02283,44.4445],[8.02265,44.44467],[8.0226,44.44482],[8.02265,44.44489],[8.02263,44.44491],[8.02232,44.445],[8.02235,44.44513],[8.02222,44.44532],[8.0222,44.44535],[8.02251,44.44534],[8.02277,44.44542],[8.02289,44.44551],[8.02303,44.44566],[8.02305,44.44568],[8.02328,44.44576],[8.02349,44.4458],[8.02415,44.44574],[8.0242,44.44574],[8.02435,44.44573],[8.02442,44.44573],[8.02457,44.44572],[8.02463,44.44565],[8.02467,44.44563],[8.02484,44.4456],[8.02523,44.44572],[8.02552,44.44589],[8.02557,44.44592],[8.02577,44.44607],[8.02585,44.44618],[8.02589,44.4462],[8.02602,44.4462],[8.02605,44.4462],[8.02608,44.4462],[8.02641,44.44614],[8.0265,44.44616],[8.02669,44.4462],[8.02675,44.44626],[8.02678,44.44628],[8.02683,44.44632],[8.02689,44.44637],[8.02686,44.44644],[8.02682,44.44654],[8.02679,44.44662],[8.02676,44.44671],[8.02673,44.4468],[8.0267,44.44688],[8.02648,44.44685],[8.02643,44.44701],[8.02642,44.44704],[8.02636,44.44702],[8.02636,44.44704],[8.02633,44.4472],[8.0263,44.44731],[8.02626,44.44747],[8.02618,44.44774],[8.02612,44.44794],[8.02609,44.44806],[8.02605,44.44817],[8.02605,44.44822],[8.02605,44.44832],[8.02604,44.4484],[8.02605,44.44843],[8.02605,44.44852],[8.02606,44.44863],[8.02607,44.44867],[8.02605,44.4487],[8.02599,44.44882],[8.02597,44.44886],[8.02592,44.44889],[8.02593,44.44893],[8.02596,44.44901],[8.02595,44.44903],[8.02565,44.44915],[8.02556,44.44927],[8.02548,44.44938],[8.02539,44.44951],[8.02534,44.44959],[8.02523,44.44973],[8.0252,44.44978],[8.02512,44.4499],[8.02509,44.44994],[8.025,44.45004],[8.02497,44.45007],[8.02486,44.45018],[8.02472,44.45033],[8.02462,44.45043],[8.02459,44.45044],[8.02449,44.4505],[8.02443,44.45054],[8.02442,44.45055],[8.0243,44.45067],[8.02425,44.45072],[8.0242,44.45078],[8.02414,44.45081],[8.02409,44.45089],[8.02406,44.45091],[8.02402,44.45094],[8.02398,44.45097],[8.02395,44.451],[8.02394,44.45102],[8.02391,44.45105],[8.0239,44.45107],[8.02389,44.45108],[8.02383,44.45115],[8.02366,44.45133],[8.02361,44.45137],[8.0235,44.45148],[8.02348,44.45151],[8.02335,44.45163],[8.02329,44.45169],[8.02313,44.45185],[8.02297,44.45201],[8.0228,44.45219],[8.02257,44.45241],[8.02245,44.45253],[8.02235,44.45264],[8.02226,44.45273],[8.02224,44.45275],[8.02222,44.45276],[8.02203,44.45288],[8.02173,44.45307],[8.0215,44.45321],[8.02141,44.45326],[8.0212,44.45339],[8.02114,44.45343],[8.0209,44.45357],[8.02081,44.45363],[8.02065,44.45372],[8.0206,44.45375],[8.02045,44.45385],[8.0204,44.4539],[8.02031,44.45402],[8.02026,44.45408],[8.0201,44.45428],[8.02,44.4544],[8.02003,44.45442],[8.02016,44.4545],[8.02037,44.4546],[8.02041,44.45462],[8.02046,44.45463],[8.02048,44.45461],[8.0205,44.4546],[8.02054,44.45449],[8.02058,44.45436],[8.02065,44.45433],[8.02077,44.45436],[8.02099,44.45441],[8.02104,44.45442],[8.02124,44.45444],[8.02143,44.45445],[8.02164,44.45439],[8.02193,44.45432],[8.02217,44.45445],[8.0223,44.45453],[8.02236,44.45457],[8.02246,44.45461],[8.02254,44.45465],[8.02275,44.45473],[8.02288,44.45473],[8.02297,44.4548],[8.02309,44.45488],[8.02332,44.4549],[8.02351,44.45489],[8.02368,44.45491],[8.02373,44.45491],[8.02393,44.45494],[8.02403,44.45495],[8.02415,44.455],[8.02423,44.45497],[8.02428,44.45491],[8.02434,44.45489],[8.02442,44.45489],[8.02462,44.45494],[8.02478,44.45502],[8.02495,44.45502],[8.02516,44.45499],[8.02526,44.45504],[8.02538,44.45512],[8.02559,44.45508],[8.02592,44.45513],[8.02595,44.45514],[8.02625,44.4552],[8.02629,44.4552],[8.02648,44.45524],[8.02668,44.45523],[8.02679,44.45523],[8.02702,44.45532],[8.0271,44.45536],[8.02719,44.45539],[8.02731,44.45543],[8.02755,44.45544],[8.02764,44.45547],[8.02776,44.45545],[8.02796,44.45536],[8.02823,44.45525],[8.02829,44.4553],[8.02838,44.45547],[8.0284,44.45551],[8.02844,44.45559],[8.0286,44.45569],[8.02887,44.45572],[8.02891,44.4559],[8.02893,44.45597],[8.02895,44.45604],[8.02896,44.4561],[8.02909,44.45626],[8.02932,44.45633],[8.02936,44.45635],[8.02928,44.45621],[8.02917,44.45593],[8.02945,44.45606],[8.02946,44.45606],[8.02961,44.45618],[8.02962,44.4562],[8.02971,44.45641],[8.02976,44.45646],[8.03004,44.45659],[8.03005,44.4566],[8.03027,44.45676],[8.03031,44.45678],[8.03061,44.45688],[8.03064,44.45691],[8.03074,44.45716],[8.03081,44.45721],[8.03127,44.45737],[8.03129,44.45737],[8.03175,44.45745],[8.03178,44.45747],[8.03205,44.45768],[8.03212,44.45771],[8.03263,44.45775],[8.03263,44.45775],[8.03318,44.45779],[8.03318,44.45779],[8.03349,44.45782],[8.03354,44.45784],[8.03366,44.45797],[8.03367,44.45799],[8.03388,44.45938],[8.03389,44.4594],[8.03416,44.4601],[8.03416,44.46011],[8.03412,44.46056],[8.03411,44.46058],[8.03346,44.46149],[8.03346,44.4615],[8.03289,44.46211],[8.03288,44.46211],[8.03246,44.46248],[8.03245,44.46249],[8.0315,44.463],[8.03148,44.46301],[8.03031,44.46326],[8.03029,44.46326],[8.02942,44.46356],[8.02939,44.46357],[8.02867,44.46353],[8.02866,44.46353],[8.02691,44.46355],[8.0269,44.46355],[8.02697,44.46169],[8.02695,44.46173],[8.02693,44.46176],[8.02684,44.46181],[8.02677,44.46185],[8.02677,44.4619],[8.0267,44.46195],[8.02668,44.46197],[8.02664,44.46201],[8.02659,44.46207],[8.02644,44.46215],[8.02647,44.4622],[8.02637,44.46226],[8.02631,44.46241],[8.02629,44.46247],[8.02628,44.4625],[8.02628,44.46252],[8.02624,44.46259],[8.02623,44.46262],[8.02617,44.46263],[8.0261,44.46272],[8.02611,44.46287],[8.02605,44.46298],[8.02599,44.46309],[8.02593,44.46319],[8.02595,44.46337],[8.02568,44.46343],[8.02566,44.46343],[8.02563,44.46343],[8.02557,44.46343],[8.02548,44.46356],[8.02547,44.46358],[8.0254,44.46366],[8.02528,44.46368],[8.02521,44.46368],[8.025,44.46369],[8.02495,44.46378],[8.0248,44.4639],[8.0247,44.46404],[8.02444,44.46403],[8.02429,44.46418],[8.02439,44.46434],[8.02437,44.46442],[8.02417,44.46443],[8.02407,44.46436],[8.02391,44.46449],[8.02389,44.46462],[8.02389,44.46469],[8.02389,44.46471],[8.02389,44.46473],[8.02385,44.46476],[8.02378,44.46476],[8.02365,44.46465],[8.02346,44.46461],[8.02332,44.46465],[8.02313,44.46483],[8.02299,44.46491],[8.02285,44.46492],[8.02283,44.46492],[8.0226,44.46491],[8.02226,44.46504],[8.0221,44.46507],[8.02191,44.46507],[8.02168,44.46515],[8.02164,44.46524],[8.02155,44.46528],[8.0213,44.46526],[8.02102,44.46537],[8.02087,44.46543],[8.0208,44.46549],[8.0206,44.46558],[8.02053,44.46565],[8.0205,44.46568],[8.02031,44.46582],[8.02028,44.46584],[8.02026,44.46585],[8.02022,44.46588],[8.02013,44.46589],[8.0198,44.4659],[8.01968,44.46591],[8.01956,44.46599],[8.01948,44.46611],[8.01948,44.4662],[8.01959,44.46635],[8.01957,44.4664],[8.01942,44.46646],[8.01934,44.46645],[8.01919,44.46634],[8.01909,44.46633],[8.01896,44.46638],[8.01889,44.46657],[8.01854,44.46672],[8.01844,44.46672],[8.0184,44.46672],[8.01819,44.46672],[8.01811,44.46677],[8.01801,44.46686],[8.01792,44.46691],[8.01808,44.46689],[8.01823,44.46687],[8.01818,44.46689],[8.01813,44.46692],[8.01791,44.46715],[8.01789,44.46716],[8.01689,44.46758],[8.01684,44.46769],[8.01706,44.46803],[8.01706,44.46804],[8.01724,44.4683],[8.01734,44.46835],[8.01747,44.46836],[8.01749,44.46837],[8.01764,44.46841],[8.01765,44.46842],[8.01795,44.46861],[8.01803,44.46863],[8.01852,44.46863],[8.01852,44.46863],[8.019,44.46865],[8.01902,44.46864],[8.01926,44.46863],[8.01926,44.46863],[8.01971,44.46859],[8.01974,44.46859],[8.02015,44.46873],[8.02016,44.46874],[8.0204,44.46888],[8.02046,44.4689],[8.02079,44.46893],[8.02082,44.46893],[8.02122,44.4689],[8.02125,44.46889],[8.02187,44.46873],[8.02188,44.46873],[8.02277,44.46846],[8.02278,44.46845],[8.02433,44.46829],[8.02434,44.46829],[8.02514,44.4682],[8.02517,44.4682],[8.02621,44.46849],[8.02622,44.46849],[8.02668,44.46859],[8.0267,44.4686],[8.02689,44.46873],[8.0269,44.46874],[8.02696,44.46881],[8.02696,44.46885],[8.02637,44.46943],[8.02636,44.46943],[8.02572,44.47004],[8.02571,44.47005],[8.02554,44.47031],[8.02553,44.47037],[8.02561,44.47061],[8.02558,44.47065],[8.02521,44.47083],[8.02521,44.47083],[8.02447,44.47109],[8.02446,44.4711],[8.02359,44.47154],[8.02355,44.47156],[8.02314,44.47207],[8.02313,44.47211],[8.0231,44.47251],[8.02309,44.47252],[8.02294,44.47288],[8.02293,44.47289],[8.02262,44.47329],[8.02262,44.4733],[8.02212,44.47384],[8.0221,44.47386],[8.02189,44.47449],[8.02189,44.4745],[8.02164,44.47498],[8.02163,44.47499],[8.02133,44.47529],[8.02132,44.47529],[8.0211,44.47556],[8.02108,44.47557],[8.02094,44.47564],[8.02089,44.47573],[8.0209,44.47583],[8.02089,44.47586],[8.0208,44.47599],[8.02079,44.47604],[8.02083,44.47631],[8.02083,44.47632],[8.02082,44.47672],[8.02082,44.47673],[8.02089,44.47712],[8.02089,44.47713],[8.02095,44.47791],[8.02095,44.47792],[8.0208,44.47898],[8.0208,44.47898],[8.02068,44.47958],[8.02067,44.47959],[8.02038,44.48008],[8.02038,44.48008],[8.01989,44.48062],[8.01986,44.48064],[8.0196,44.48072],[8.0196,44.48072],[8.01883,44.48093],[8.01881,44.48094],[8.01787,44.48135],[8.01784,44.48136],[8.01753,44.48136],[8.01753,44.48136],[8.01621,44.48135],[8.01614,44.48137],[8.01577,44.48154],[8.01576,44.48155],[8.01469,44.48185],[8.01464,44.48185],[8.01385,44.48165],[8.01377,44.48165],[8.01256,44.48191],[8.01252,44.48192],[8.01176,44.48228],[8.01174,44.48229],[8.01119,44.4824],[8.01111,44.48245],[8.01063,44.48316],[8.01063,44.48317],[8.0101,44.48369],[8.01009,44.4837],[8.00911,44.48433],[8.00906,44.48434],[8.00767,44.48429],[8.00754,44.48435],[8.00745,44.48456],[8.00745,44.48457],[8.0074,44.48476],[8.0074,44.48479],[8.00745,44.48498],[8.00746,44.48501],[8.00758,44.48516],[8.00761,44.48519],[8.00779,44.48531],[8.00781,44.48532],[8.00796,44.48538],[8.00799,44.48542],[8.00798,44.48553],[8.00797,44.48555],[8.00772,44.48586],[8.00772,44.48587],[8.00749,44.48626],[8.00748,44.48626],[8.00727,44.48659],[8.00726,44.4866],[8.00693,44.48693],[8.00692,44.48694],[8.00662,44.48736],[8.00661,44.48737],[8.00631,44.48803],[8.0063,44.48804],[8.00602,44.48831],[8.00602,44.48831],[8.00542,44.4889],[8.00541,44.4889],[8.00524,44.4891],[8.00523,44.48911],[8.00506,44.48941],[8.00505,44.48943],[8.00433,44.48996],[8.00432,44.48997],[8.00381,44.49024],[8.00381,44.49024],[8.00279,44.49079],[8.00218,44.49112],[8.00213,44.49118],[8.0021,44.49145],[8.0021,44.49146],[8.002,44.49167],[8.00193,44.49169],[8.00191,44.49168],[8.00191,44.49168],[8.00157,44.49154],[8.00155,44.49153],[8.00145,44.4915],[8.00137,44.4915],[8.00118,44.49154],[8.00112,44.49157],[8.00075,44.49186],[8.00075,44.49187],[7.99989,44.49268],[7.99989,44.49268],[7.99951,44.49307],[7.99949,44.49309],[7.9993,44.49349],[7.9993,44.49349],[7.99924,44.49359],[7.99922,44.49361],[7.99896,44.49377],[7.99892,44.49378],[7.9989,44.49378],[7.99881,44.49382],[7.99848,44.49416],[7.99847,44.49418],[7.9983,44.49456],[7.99825,44.49459],[7.99805,44.49461],[7.99802,44.49461],[7.99783,44.49458],[7.99779,44.49458],[7.99763,44.49459],[7.99759,44.4946],[7.99745,44.49465],[7.9974,44.49467],[7.99732,44.49474],[7.9973,44.49479],[7.99714,44.49551],[7.99715,44.49556],[7.99722,44.4957],[7.99722,44.49573],[7.99717,44.49585],[7.99717,44.49586],[7.99708,44.49597],[7.99705,44.49598],[7.99668,44.49613],[7.99665,44.49614],[7.99638,44.49634],[7.99637,44.49635],[7.99585,44.49683],[7.99585,44.49683],[7.99562,44.49706],[7.99561,44.49707],[7.99552,44.49721],[7.99551,44.49722],[7.99538,44.49732],[7.99537,44.49733],[7.99488,44.49755],[7.99485,44.49757],[7.99417,44.49811],[7.99416,44.49811],[7.99403,44.49818],[7.994,44.4982],[7.9939,44.49829],[7.99388,44.49833],[7.99384,44.49847],[7.99384,44.49848],[7.99382,44.49873],[7.99385,44.49874],[7.99419,44.49869],[7.99472,44.49862],[7.99531,44.49853],[7.9954,44.49852],[7.9957,44.49848],[7.99613,44.49842],[7.99627,44.4984],[7.99652,44.49836],[7.99657,44.49835],[7.99662,44.49835],[7.99666,44.49834],[7.99677,44.49837],[7.99679,44.49857],[7.99682,44.4986],[7.99706,44.49891],[7.99708,44.499],[7.99712,44.49913],[7.99713,44.49916],[7.99725,44.49935],[7.99721,44.49953],[7.99718,44.49967],[7.99717,44.49969],[7.99703,44.49979],[7.99613,44.50042],[7.99599,44.50052],[7.99595,44.50054],[7.99538,44.50094],[7.99516,44.50109],[7.99499,44.50121],[7.99495,44.50123],[7.99526,44.50167],[7.99525,44.50178],[7.99511,44.50205],[7.99552,44.5023],[7.99563,44.50236],[7.99561,44.50256],[7.99559,44.50264],[7.99558,44.50265],[7.99548,44.50282],[7.99547,44.50283],[7.99518,44.50316],[7.99544,44.50332],[7.99545,44.50338],[7.99548,44.50348],[7.99537,44.50357],[7.99535,44.50359],[7.99515,44.50374],[7.99503,44.50381],[7.99494,44.5041],[7.99494,44.50416],[7.99494,44.50441],[7.99502,44.50487],[7.99501,44.50489],[7.99486,44.50509],[7.99444,44.50524],[7.99431,44.50538],[7.9943,44.5054],[7.99427,44.50544],[7.9942,44.5056],[7.99419,44.50562],[7.99414,44.50578],[7.99412,44.50584],[7.99417,44.50599],[7.99426,44.50606],[7.99455,44.50616],[7.99485,44.50622],[7.99495,44.50628],[7.99499,44.50645],[7.99486,44.50665],[7.99471,44.50677],[7.99454,44.50685],[7.994,44.50694],[7.99378,44.50698],[7.99367,44.50704],[7.99365,44.50706],[7.9934,44.50724],[7.99323,44.50738],[7.99312,44.50752],[7.99304,44.50765],[7.99297,44.50785],[7.9929,44.50806],[7.99298,44.50847],[7.99317,44.50887],[7.99304,44.50893],[7.99287,44.50893],[7.99284,44.50892],[7.99237,44.50885],[7.99205,44.50878],[7.99202,44.50878],[7.99174,44.50874],[7.9916,44.50899],[7.99171,44.50912],[7.99175,44.50917],[7.99205,44.50938],[7.99207,44.5094],[7.99228,44.50959],[7.99236,44.50968],[7.99243,44.50977],[7.99245,44.50994],[7.99238,44.51005],[7.99221,44.51009],[7.99186,44.51016],[7.99161,44.5103],[7.9917,44.51041],[7.99175,44.51046],[7.99191,44.51062],[7.9919,44.51082],[7.99188,44.51084],[7.99174,44.51104],[7.9916,44.51113],[7.99143,44.51125],[7.99116,44.51156],[7.99116,44.5117],[7.99117,44.51216],[7.99118,44.51227],[7.99118,44.51231],[7.99119,44.5124],[7.99119,44.51243],[7.99118,44.51262],[7.99141,44.51281],[7.99145,44.51284],[7.99156,44.51295],[7.99175,44.51302],[7.99205,44.513],[7.99215,44.51299],[7.99226,44.51298],[7.9923,44.51297],[7.99242,44.51294],[7.99275,44.51287],[7.99298,44.51278],[7.99328,44.51267],[7.99335,44.51265],[7.99369,44.51253],[7.99372,44.51252],[7.99385,44.5125],[7.99412,44.51238],[7.99432,44.51209],[7.99463,44.51166],[7.99495,44.51157],[7.99511,44.5116],[7.99539,44.5117],[7.99544,44.51171],[7.9955,44.51177],[7.99552,44.51181],[7.99583,44.5123],[7.99605,44.51263],[7.99625,44.51286],[7.99648,44.51293],[7.9966,44.51295],[7.99688,44.51276],[7.99693,44.51272],[7.99724,44.51251],[7.99742,44.51236],[7.99798,44.51218],[7.99823,44.51219],[7.99835,44.51221],[7.99828,44.51228],[7.9982,44.51239],[7.99819,44.51242],[7.99813,44.51258],[7.99813,44.51261],[7.99814,44.51263],[7.99815,44.51268],[7.99813,44.51276],[7.99813,44.51278],[7.99812,44.51283],[7.99812,44.5129],[7.99812,44.51293],[7.99809,44.51302],[7.99809,44.5131],[7.99808,44.51316],[7.99807,44.5132],[7.99807,44.51323],[7.99828,44.51337],[7.99831,44.51344],[7.99835,44.51351],[7.9984,44.51362],[7.99846,44.51376],[7.99853,44.51389],[7.99854,44.51391],[7.99857,44.51396],[7.99869,44.5141],[7.99884,44.51428],[7.99882,44.51431],[7.99871,44.51448],[7.99886,44.51466],[7.99888,44.51468],[7.99881,44.5148],[7.99873,44.51487],[7.99904,44.51506],[7.99895,44.51511],[7.99893,44.51513],[7.99882,44.51518],[7.99884,44.51527],[7.99902,44.51534],[7.99905,44.51538],[7.99913,44.51547],[7.99912,44.51553],[7.99908,44.51574],[7.99911,44.51576],[7.99914,44.51578],[7.99917,44.5158],[7.99928,44.51584],[7.99919,44.51588],[7.99899,44.51603],[7.99921,44.5161],[7.9992,44.51613],[7.99916,44.51628],[7.99919,44.51631],[7.99925,44.51636],[7.99932,44.51642],[7.99937,44.51656],[7.9994,44.51664],[7.99944,44.51676],[7.9995,44.51694],[7.99951,44.51697],[7.99952,44.51704],[7.99956,44.51707],[7.99957,44.51712],[7.99957,44.51722],[7.99965,44.5173],[7.99967,44.51732],[7.99969,44.51734],[7.99968,44.51737],[7.99966,44.51747],[7.99956,44.51757],[7.99948,44.51773],[7.99968,44.51781],[7.99973,44.51784],[7.9998,44.51787],[7.99967,44.51801],[7.99973,44.51818],[7.99975,44.51824],[7.99991,44.51837],[7.99976,44.51848],[7.99994,44.51866],[7.99992,44.51868],[7.99979,44.51889],[8.00004,44.51893],[8.00004,44.51894],[7.99996,44.51915],[7.99995,44.51919],[7.99999,44.51934],[8.00001,44.51939],[7.99998,44.51955],[7.99993,44.51955],[7.99986,44.51958],[7.99986,44.51975],[7.99999,44.51985],[7.99996,44.51988],[7.99991,44.51991],[7.99976,44.51995],[7.99974,44.52003],[7.9998,44.5201],[7.99978,44.52024],[7.99976,44.52035],[7.99976,44.52037],[7.9998,44.52045],[7.99973,44.52046],[7.99953,44.52048],[7.9994,44.5205],[7.99926,44.52052],[7.99914,44.52055],[7.99911,44.52055],[7.99892,44.52059],[7.99882,44.52061],[7.99873,44.52062],[7.99868,44.52063],[7.99859,44.52065],[7.99844,44.52067],[7.99821,44.52071],[7.99808,44.52073],[7.99777,44.52078],[7.99755,44.52082],[7.99753,44.52083],[7.9973,44.52096],[7.99709,44.52107],[7.99695,44.52115],[7.99681,44.52123],[7.99665,44.52134],[7.99651,44.52143],[7.99637,44.52153],[7.99604,44.52175],[7.99579,44.52193],[7.99572,44.52197],[7.99558,44.52205],[7.99547,44.52222],[7.99545,44.52223],[7.99539,44.52227],[7.99524,44.52237],[7.99518,44.5225],[7.99507,44.52256],[7.99497,44.52261],[7.99493,44.52266],[7.99485,44.52266],[7.99459,44.52287],[7.99451,44.52293],[7.99436,44.52306],[7.99426,44.52316],[7.99405,44.52334],[7.99401,44.52336],[7.99353,44.52345],[7.99346,44.52347],[7.99322,44.52351],[7.99287,44.52358],[7.99289,44.52366],[7.99253,44.52397],[7.99235,44.52395],[7.99228,44.52405],[7.99224,44.52408],[7.99193,44.52424],[7.99185,44.52434],[7.99182,44.52438],[7.99171,44.52446],[7.99169,44.52447],[7.99156,44.5245],[7.99153,44.52457],[7.99147,44.52471],[7.99138,44.52491],[7.99124,44.52499],[7.99121,44.52515],[7.99107,44.52528],[7.99095,44.5254],[7.99091,44.52553],[7.99066,44.52566],[7.99063,44.52583],[7.99055,44.52587],[7.99051,44.52589],[7.9905,44.5259],[7.99048,44.52596],[7.99041,44.52626],[7.99051,44.52629],[7.99056,44.5264],[7.99048,44.52644],[7.99045,44.52657],[7.99049,44.52674],[7.99036,44.52689],[7.99037,44.52695],[7.99022,44.52706],[7.99024,44.52718],[7.9902,44.52724],[7.99018,44.52726],[7.98967,44.52751],[7.98959,44.5275],[7.98934,44.52736],[7.98937,44.52726],[7.98929,44.52717],[7.98922,44.52714],[7.98921,44.52714],[7.9891,44.52721],[7.98907,44.52723],[7.98904,44.52726],[7.98891,44.52737],[7.98887,44.52744],[7.98899,44.52764],[7.98898,44.52773],[7.98894,44.52778],[7.98873,44.52787],[7.98859,44.52785],[7.98854,44.52784],[7.98841,44.52781],[7.98804,44.5277],[7.98801,44.52769],[7.98745,44.52746],[7.98704,44.52738],[7.98693,44.52742],[7.98691,44.52746],[7.9869,44.52749],[7.98689,44.52757],[7.98684,44.5276],[7.98692,44.52776],[7.98722,44.52777],[7.98726,44.5278],[7.98734,44.52788],[7.98735,44.52791],[7.98734,44.52809],[7.98734,44.52809],[7.98731,44.52837],[7.98733,44.52841],[7.98738,44.52849],[7.98761,44.52848],[7.98769,44.52831],[7.98769,44.52831],[7.98775,44.52817],[7.98778,44.52814],[7.98787,44.52812],[7.98794,44.52813],[7.98799,44.52817],[7.98801,44.52821],[7.98799,44.52832],[7.98799,44.52834],[7.98788,44.52847],[7.98786,44.52854],[7.98789,44.52861],[7.98789,44.52861],[7.98794,44.52876],[7.98795,44.52878],[7.98842,44.52948],[7.98843,44.52948],[7.98905,44.53031],[7.98906,44.53032],[7.98913,44.53073],[7.98914,44.53074],[7.98924,44.53098],[7.98929,44.53103],[7.98964,44.53122],[7.98964,44.53122],[7.99048,44.53167],[7.99049,44.53168],[7.99126,44.53231],[7.99126,44.53231],[7.99301,44.53373],[7.99302,44.53376],[7.99309,44.53405],[7.99311,44.53409],[7.99321,44.53419],[7.99325,44.53421],[7.99462,44.5348],[7.99463,44.5348],[7.99527,44.53502],[7.99533,44.53503],[7.99549,44.53503],[7.99552,44.53502],[7.99648,44.53482],[7.9965,44.53482],[7.99671,44.53483],[7.99676,44.53486],[7.99688,44.53518],[7.99686,44.53522],[7.99663,44.53534],[7.99678,44.53549],[7.99709,44.53535],[7.9971,44.53534],[7.99758,44.53521],[7.9976,44.53521],[7.99894,44.53523],[7.99896,44.53522],[8.00025,44.53509],[8.00025,44.53509],[8.00155,44.53494],[8.00157,44.53494],[8.00215,44.53502],[8.00215,44.53502],[8.00292,44.53515],[8.00294,44.53515],[8.00412,44.53523],[8.00413,44.53523],[8.00598,44.53565],[8.006,44.53565],[8.00953,44.53605],[8.00953,44.53605],[8.01139,44.53634],[8.01142,44.53635],[8.01162,44.53649],[8.01163,44.53654],[8.01135,44.53689],[8.01134,44.53691],[8.01107,44.53706],[8.01105,44.53707],[8.01061,44.53717],[8.01058,44.53717],[8.00978,44.5371],[8.00976,44.5371],[8.00892,44.53713],[8.00754,44.53717],[8.00753,44.53717],[8.00611,44.53712],[8.00609,44.53712],[8.0054,44.53717],[8.00533,44.53732],[8.00535,44.53734],[8.00538,44.53736],[8.00542,44.53739],[8.0056,44.53746],[8.00564,44.53747],[8.00695,44.53766],[8.00695,44.53766],[8.00776,44.53778],[8.00777,44.53778],[8.00843,44.53801],[8.00848,44.53802],[8.00896,44.53805],[8.00896,44.53805],[8.00953,44.53811],[8.00956,44.53812],[8.01016,44.53848],[8.01019,44.5385],[8.01117,44.53878],[8.01118,44.53878],[8.01212,44.53896],[8.01213,44.53896],[8.01313,44.5392],[8.01316,44.53922],[8.0133,44.53956],[8.0133,44.53956],[8.01339,44.53982],[8.01339,44.53984],[8.01324,44.54036],[8.01323,44.54037],[8.01272,44.54088],[8.01271,44.54089],[8.01241,44.54128],[8.0124,44.54129],[8.01203,44.54206],[8.01206,44.54215],[8.01261,44.54259],[8.01261,44.54259],[8.01327,44.54315],[8.01328,44.54316],[8.01376,44.54374],[8.01379,44.54376],[8.01406,44.54392],[8.01408,44.54393],[8.01462,44.5446],[8.01463,44.54461],[8.01536,44.5452],[8.01538,44.54521],[8.01629,44.54566],[8.0163,44.54571],[8.01587,44.54619],[8.01587,44.5462],[8.01543,44.54674],[8.0154,44.54675],[8.01477,44.54697],[8.01473,44.54699],[8.01443,44.54725],[8.01443,44.54725],[8.01396,44.54763],[8.01396,44.54763],[8.0129,44.54838],[8.01284,44.54839],[8.01201,44.54818],[8.01189,44.54819],[8.01184,44.54822],[8.01179,44.54826],[8.01176,44.54832],[8.01148,44.54833],[8.01118,44.54829],[8.0112,44.54834],[8.01141,44.54839],[8.0116,44.54845],[8.01165,44.54846],[8.01197,44.54857],[8.01209,44.5486],[8.01226,44.54865],[8.01242,44.54866],[8.01261,44.54867],[8.0127,44.54869],[8.01286,44.54873],[8.01288,44.54873],[8.01302,44.54877],[8.01306,44.54879],[8.01315,44.54882],[8.01335,44.54891],[8.01339,44.54893],[8.01349,44.54923],[8.01353,44.54936],[8.01354,44.54938],[8.0136,44.5496],[8.01362,44.54966],[8.01365,44.54969],[8.01367,44.54972],[8.01371,44.54975],[8.01377,44.54973],[8.01394,44.54969],[8.01411,44.5496],[8.01414,44.54958],[8.01418,44.54957],[8.01458,44.54943],[8.01464,44.54943],[8.015,44.54944],[8.01504,44.54944],[8.01547,44.54944],[8.01569,44.54968],[8.01549,44.54979],[8.01545,44.55002],[8.01545,44.55005],[8.01547,44.55008],[8.01554,44.55012],[8.01561,44.5501],[8.01597,44.54967],[8.01602,44.54967],[8.01612,44.54974],[8.01619,44.54983],[8.01631,44.54998],[8.01639,44.55007],[8.01637,44.5501],[8.01615,44.55029],[8.01613,44.55031],[8.01611,44.55034],[8.01602,44.55046],[8.01596,44.55053],[8.01595,44.55055],[8.01592,44.55059],[8.0159,44.55061],[8.0157,44.55076],[8.01564,44.55084],[8.01562,44.55088],[8.01559,44.55092],[8.01556,44.55098],[8.01554,44.55099],[8.01553,44.55101],[8.0155,44.55103],[8.01545,44.55107],[8.01543,44.55111],[8.01539,44.5512],[8.01535,44.55125],[8.01534,44.55127],[8.01526,44.55137],[8.01512,44.55154],[8.0151,44.55157],[8.01506,44.55164],[8.01501,44.55167],[8.01499,44.55169],[8.01486,44.5519],[8.01478,44.55201],[8.01467,44.55217],[8.01464,44.55221],[8.01456,44.55232],[8.01444,44.55251],[8.01442,44.55253],[8.01434,44.55266],[8.01416,44.55256],[8.01357,44.55235],[8.01349,44.55232],[8.01332,44.55227],[8.01299,44.55196],[8.01277,44.55187],[8.01237,44.55171],[8.01226,44.55167],[8.01223,44.55165],[8.0119,44.55152],[8.01163,44.5514],[8.01159,44.55139],[8.00953,44.55109],[8.00865,44.55067],[8.00817,44.55076],[8.00762,44.55235],[8.00762,44.55236],[8.00736,44.55286],[8.00736,44.55287],[8.00715,44.55345],[8.00716,44.5535],[8.00753,44.55445],[8.00753,44.55447],[8.00726,44.55561],[8.00726,44.55562],[8.00668,44.55684],[8.00666,44.55685],[8.00536,44.55772],[8.00534,44.55775],[8.00462,44.55867],[8.00461,44.55868],[8.0038,44.56038],[8.00373,44.5604],[8.00237,44.5601],[8.00235,44.5601],[8.00127,44.55956],[8.00122,44.55955],[7.99964,44.55936],[7.99962,44.55936],[7.99854,44.55903],[7.99851,44.55902],[7.99728,44.55886],[7.99725,44.55885],[7.99643,44.55822],[7.9964,44.5582],[7.99455,44.5575],[7.99455,44.5575],[7.99275,44.55685],[7.99257,44.55691],[7.99251,44.55714],[7.99246,44.55717],[7.99243,44.55717],[7.99233,44.55721],[7.99218,44.55734],[7.99217,44.55736],[7.99175,44.55812],[7.99174,44.55813],[7.99156,44.55829],[7.99154,44.5583],[7.9914,44.55836],[7.99137,44.55837],[7.99102,44.55836],[7.991,44.55835],[7.99063,44.55827],[7.99061,44.55827],[7.98992,44.55822],[7.98989,44.55822],[7.98938,44.55825],[7.98937,44.55825],[7.98858,44.55824],[7.98856,44.55824],[7.98851,44.55823],[7.98928,44.55811],[7.98929,44.55811],[7.98913,44.55813],[7.989,44.55807],[7.98887,44.55813],[7.98884,44.55813],[7.98875,44.55814],[7.98864,44.55814],[7.98853,44.5582],[7.98849,44.55822],[7.98834,44.55823],[7.98824,44.55824],[7.98822,44.55825],[7.98819,44.55826],[7.98804,44.55833],[7.98792,44.55839],[7.98783,44.55844],[7.98779,44.55847],[7.9876,44.55862],[7.98758,44.5587],[7.98743,44.55882],[7.9874,44.55886],[7.98733,44.55888],[7.98731,44.55892],[7.98719,44.559],[7.9871,44.55912],[7.98699,44.55921],[7.98686,44.55926],[7.98667,44.55947],[7.98663,44.5595],[7.98661,44.55952],[7.98654,44.55953],[7.98651,44.55954],[7.98641,44.5596],[7.98632,44.55982],[7.98624,44.55979],[7.9862,44.55978],[7.98607,44.55973],[7.9857,44.55959],[7.98567,44.55959],[7.98555,44.55953],[7.98525,44.5594],[7.98492,44.55926],[7.98477,44.55921],[7.9847,44.55918],[7.98471,44.55908],[7.98473,44.55884],[7.98478,44.55832],[7.98479,44.55818],[7.9848,44.55803],[7.98476,44.55806],[7.98467,44.55811],[7.98462,44.55814],[7.98458,44.55816],[7.98447,44.55823],[7.98445,44.55824],[7.98431,44.55832],[7.98423,44.55837],[7.984,44.55851],[7.98397,44.55852],[7.98387,44.55857],[7.98373,44.55864],[7.98331,44.55885],[7.98309,44.55904],[7.98305,44.55908],[7.98278,44.55931],[7.98267,44.55939],[7.98246,44.55961],[7.98241,44.55964],[7.98231,44.5597],[7.98227,44.55973],[7.98217,44.55979],[7.98216,44.55981],[7.98213,44.55982],[7.98209,44.55984],[7.9819,44.55993],[7.98185,44.56002],[7.98174,44.56],[7.98171,44.56003],[7.98164,44.56004],[7.98159,44.5601],[7.98151,44.56015],[7.98149,44.56016],[7.98144,44.56016],[7.98141,44.56015],[7.98132,44.56031],[7.98128,44.56032],[7.98125,44.56037],[7.98122,44.5604],[7.98112,44.56041],[7.98108,44.56046],[7.98108,44.56049],[7.98101,44.56052],[7.98099,44.56059],[7.98097,44.5606],[7.98089,44.56063],[7.98084,44.56064],[7.98083,44.5607],[7.9808,44.56071],[7.98077,44.56071],[7.98074,44.56071],[7.98064,44.56081],[7.98058,44.5608],[7.98055,44.5608],[7.98049,44.56094],[7.98044,44.56096],[7.98041,44.56098],[7.98033,44.56099],[7.9803,44.56102],[7.98027,44.56104],[7.98023,44.56105],[7.98021,44.56107],[7.98018,44.5611],[7.98007,44.56114],[7.98004,44.56118],[7.98,44.56119],[7.97997,44.56127],[7.97994,44.56128],[7.97996,44.5613],[7.97994,44.56136],[7.97991,44.56138],[7.9799,44.56142],[7.97989,44.56144],[7.97988,44.56146],[7.97988,44.5615],[7.97985,44.56153],[7.97981,44.56154],[7.97975,44.56162],[7.97971,44.56169],[7.9797,44.5617],[7.97964,44.56175],[7.9796,44.56176],[7.97956,44.56179],[7.97948,44.56185],[7.97943,44.56189],[7.9794,44.5619],[7.97936,44.56191],[7.97928,44.56192],[7.97926,44.56195],[7.97923,44.56198],[7.97919,44.56198],[7.97914,44.56199],[7.97908,44.56201],[7.97903,44.56202],[7.97898,44.56201],[7.97893,44.562],[7.9788,44.56197],[7.97872,44.562],[7.97868,44.56198],[7.97862,44.56198],[7.97855,44.56201],[7.97843,44.56198],[7.97828,44.56201],[7.97823,44.56202],[7.97822,44.56205],[7.97818,44.56213],[7.97815,44.56214],[7.9781,44.56216],[7.97805,44.56214],[7.97797,44.56211],[7.97792,44.56211],[7.97785,44.56214],[7.97778,44.56216],[7.9777,44.56216],[7.97758,44.56216],[7.97748,44.56219],[7.97742,44.5622],[7.97735,44.56222],[7.97733,44.56224],[7.97728,44.56227],[7.97721,44.56224],[7.97709,44.56227],[7.97698,44.56229],[7.97684,44.56236],[7.97679,44.56243],[7.97667,44.56251],[7.97661,44.56252],[7.97656,44.56255],[7.97646,44.56261],[7.9764,44.56261],[7.97633,44.56262],[7.97626,44.5627],[7.97613,44.56271],[7.97606,44.56278],[7.97599,44.56278],[7.97596,44.56279],[7.97583,44.56283],[7.97578,44.56286],[7.97564,44.56292],[7.97558,44.56293],[7.97556,44.56293],[7.97547,44.5629],[7.97544,44.56289],[7.97532,44.56289],[7.97529,44.56287],[7.97512,44.56287],[7.97502,44.56291],[7.97499,44.56294],[7.9749,44.56289],[7.97478,44.56288],[7.97469,44.56286],[7.97466,44.56285],[7.97464,44.56287],[7.9746,44.56289],[7.97455,44.56293],[7.97448,44.56294],[7.97431,44.56287],[7.97425,44.56285],[7.97416,44.56283],[7.97411,44.56283],[7.97409,44.56285],[7.97402,44.56289],[7.97399,44.56289],[7.97391,44.56283],[7.97381,44.56277],[7.9736,44.56274],[7.97357,44.56273],[7.97356,44.56268],[7.97347,44.56259],[7.97337,44.56255],[7.97298,44.5625],[7.97294,44.56246],[7.97295,44.56238],[7.97294,44.56232],[7.97289,44.56227],[7.97287,44.56206],[7.97292,44.56195],[7.97299,44.5619],[7.97307,44.56173],[7.9731,44.56161],[7.97312,44.56158],[7.97316,44.56147],[7.97317,44.56138],[7.97314,44.56132],[7.97307,44.56126],[7.97286,44.56124],[7.97282,44.56124],[7.97277,44.56123],[7.97267,44.56113],[7.97256,44.56104],[7.97252,44.56102],[7.97244,44.56097],[7.9724,44.56096],[7.97223,44.56092],[7.97216,44.5609],[7.97202,44.56087],[7.9719,44.56077],[7.97185,44.56072],[7.97184,44.5607],[7.97185,44.56059],[7.97189,44.56056],[7.97196,44.56052],[7.972,44.5604],[7.97207,44.56031],[7.97215,44.5602],[7.9721,44.56015],[7.97198,44.56012],[7.97181,44.56013],[7.97174,44.56013],[7.97167,44.56017],[7.97157,44.56018],[7.9715,44.56016],[7.97144,44.5601],[7.97146,44.56005],[7.9715,44.55998],[7.97166,44.55996],[7.97167,44.55979],[7.97168,44.55976],[7.97173,44.55966],[7.97178,44.55954],[7.97177,44.55946],[7.97173,44.55943],[7.97165,44.55935],[7.97137,44.55927],[7.97134,44.55928],[7.97128,44.55932],[7.97118,44.55939],[7.97105,44.55935],[7.97084,44.55945],[7.9707,44.55944],[7.97046,44.55956],[7.97035,44.5596],[7.97032,44.55961],[7.97029,44.55962],[7.97005,44.55971],[7.97002,44.55973],[7.96991,44.55976],[7.96967,44.55983],[7.9696,44.55988],[7.96936,44.56006],[7.96908,44.56025],[7.96889,44.56033],[7.96875,44.56039],[7.96824,44.56062],[7.96792,44.5609],[7.96784,44.56095],[7.96744,44.5613],[7.96712,44.56162],[7.96706,44.56168],[7.96703,44.56172],[7.96701,44.56174],[7.96699,44.56176],[7.96689,44.56188],[7.96688,44.5619],[7.96677,44.56199],[7.96655,44.56216],[7.96622,44.56242],[7.96618,44.56245],[7.96586,44.56268],[7.96552,44.56294],[7.96533,44.56309],[7.96503,44.56331],[7.96488,44.56343],[7.96481,44.56343],[7.96422,44.56345],[7.96403,44.56345],[7.96365,44.56347],[7.96368,44.56338],[7.9638,44.56327],[7.96389,44.56319],[7.96396,44.56298],[7.96417,44.56241],[7.96429,44.56189],[7.96428,44.56186],[7.96429,44.56175],[7.96429,44.56169],[7.96429,44.56165],[7.96429,44.56163],[7.96426,44.56143],[7.96426,44.5614],[7.96427,44.56127],[7.96426,44.56122],[7.96424,44.56114],[7.96356,44.56106],[7.96353,44.56106],[7.96316,44.56103],[7.96276,44.56099],[7.96267,44.56102],[7.96253,44.56105],[7.96242,44.5611],[7.96239,44.56111],[7.96226,44.56113],[7.96222,44.56114],[7.96211,44.56116],[7.96206,44.56118],[7.96192,44.56123],[7.96181,44.56125],[7.96173,44.56128],[7.96137,44.5614],[7.96134,44.56141],[7.96129,44.56143],[7.96125,44.56143],[7.9612,44.56151],[7.9611,44.56159],[7.96102,44.56169],[7.96098,44.56174],[7.96087,44.56186],[7.96081,44.56189],[7.96078,44.56195],[7.9607,44.56202],[7.96058,44.56201],[7.96052,44.56202],[7.96045,44.56203],[7.96038,44.56202],[7.9604,44.56207],[7.96036,44.56207],[7.9602,44.56218],[7.9601,44.56224],[7.96008,44.56225],[7.95997,44.56231],[7.95993,44.56234],[7.95985,44.5624],[7.95983,44.56244],[7.9597,44.56247],[7.95967,44.5625],[7.95954,44.56252],[7.95944,44.56257],[7.95938,44.5626],[7.9593,44.56261],[7.95928,44.56259],[7.95925,44.5626],[7.95919,44.56264],[7.95916,44.56265],[7.95902,44.56269],[7.95898,44.56272],[7.95893,44.56272],[7.95884,44.56277],[7.95877,44.56279],[7.95872,44.56282],[7.95865,44.56285],[7.95849,44.5629],[7.95843,44.56293],[7.95837,44.56298],[7.95829,44.563],[7.9582,44.56299],[7.95816,44.563],[7.9581,44.56306],[7.95807,44.56308],[7.95801,44.5631],[7.95797,44.5631],[7.95792,44.56313],[7.95786,44.56313],[7.95781,44.56311],[7.95775,44.56312],[7.95768,44.56313],[7.95764,44.56312],[7.95761,44.56313],[7.95751,44.56315],[7.95724,44.56318],[7.95721,44.56318],[7.95718,44.56318],[7.95712,44.56319],[7.95701,44.56317],[7.95692,44.56322],[7.95688,44.56324],[7.95685,44.56324],[7.95678,44.56332],[7.95678,44.56336],[7.95674,44.56343],[7.95672,44.56346],[7.95666,44.5635],[7.95662,44.5635],[7.95656,44.56355],[7.95655,44.56359],[7.95654,44.56362],[7.95654,44.56365],[7.95647,44.56368],[7.95642,44.56368],[7.95641,44.56376],[7.95635,44.5638],[7.95625,44.56383],[7.95622,44.56386],[7.95616,44.56387],[7.95605,44.56391],[7.95593,44.56395],[7.9559,44.56397],[7.95583,44.56401],[7.95579,44.56401],[7.95573,44.56412],[7.95569,44.56413],[7.95563,44.56416],[7.95559,44.5642],[7.95554,44.5642],[7.95547,44.56421],[7.95543,44.56422],[7.95536,44.56422],[7.95531,44.56421],[7.95525,44.56423],[7.95522,44.56424],[7.95518,44.56429],[7.95513,44.56429],[7.95509,44.56428],[7.95506,44.56429],[7.95499,44.56431],[7.95495,44.56431],[7.95488,44.56432],[7.95486,44.56434],[7.95483,44.56435],[7.95478,44.56435],[7.95476,44.56437],[7.95469,44.56437],[7.95464,44.56441],[7.9546,44.56442],[7.95455,44.56441],[7.95446,44.56442],[7.9544,44.56441],[7.95437,44.56441],[7.95427,44.56441],[7.95415,44.56444],[7.95415,44.56449],[7.95403,44.56454],[7.95398,44.56459],[7.95396,44.56461],[7.95395,44.56464],[7.95382,44.56471],[7.95376,44.56475],[7.95375,44.56478],[7.95373,44.5648],[7.95368,44.56482],[7.95366,44.56486],[7.95364,44.56488],[7.9536,44.56491],[7.95356,44.56492],[7.95352,44.56497],[7.95349,44.56499],[7.95346,44.56502],[7.95343,44.56504],[7.95338,44.56509],[7.95326,44.56512],[7.95313,44.5651],[7.95309,44.56509],[7.95305,44.56512],[7.95295,44.56512],[7.95284,44.5651],[7.95281,44.56511],[7.95268,44.5651],[7.95262,44.56513],[7.95251,44.56514],[7.95247,44.56515],[7.95244,44.56516],[7.95242,44.56514],[7.95238,44.56512],[7.95233,44.56509],[7.95228,44.56508],[7.95224,44.56508],[7.95221,44.56508],[7.95217,44.56509],[7.95213,44.56512],[7.95206,44.56512],[7.95198,44.5651],[7.95188,44.56512],[7.95183,44.56515],[7.95164,44.56516],[7.95159,44.56518],[7.95152,44.56514],[7.95147,44.56516],[7.95146,44.56519],[7.95142,44.56524],[7.9514,44.56527],[7.95136,44.56529],[7.95125,44.5653],[7.95119,44.56539],[7.95115,44.56543],[7.95109,44.56549],[7.95102,44.56548],[7.95095,44.56548],[7.951,44.56553],[7.95095,44.56557],[7.95082,44.56563],[7.95081,44.56566],[7.9508,44.56567],[7.95075,44.56568],[7.95072,44.56571],[7.9507,44.56572],[7.95061,44.56577],[7.95052,44.56581],[7.95045,44.56579],[7.95028,44.56588],[7.95027,44.56593],[7.95023,44.56595],[7.95022,44.56597],[7.95016,44.56598],[7.95011,44.56602],[7.95,44.56608],[7.94997,44.5661],[7.94995,44.56612],[7.94992,44.56614],[7.9499,44.56616],[7.94987,44.56619],[7.94977,44.56625],[7.94972,44.56631],[7.94966,44.56639],[7.94952,44.56647],[7.94945,44.5665],[7.94934,44.56657],[7.94932,44.56658],[7.94929,44.56658],[7.94926,44.56659],[7.94926,44.56663],[7.94919,44.56665],[7.94916,44.56665],[7.94913,44.56662],[7.94902,44.56658],[7.949,44.56653],[7.94897,44.56654],[7.94892,44.56654],[7.94889,44.56654],[7.94877,44.56654],[7.94873,44.56654],[7.94867,44.56654],[7.94864,44.56655],[7.94862,44.56655],[7.94859,44.56656],[7.94856,44.56655],[7.94854,44.56654],[7.94845,44.56654],[7.94843,44.56651],[7.94836,44.56653],[7.94833,44.5665],[7.94822,44.5665],[7.94814,44.56654],[7.948,44.56649],[7.94798,44.5665],[7.94784,44.56653],[7.9478,44.56653],[7.94777,44.56653],[7.94773,44.56653],[7.94753,44.5665],[7.94747,44.56646],[7.94744,44.56644],[7.94737,44.56644],[7.94729,44.56639],[7.94718,44.5664],[7.94715,44.56639],[7.94699,44.56637],[7.94688,44.56629],[7.94682,44.56626],[7.94674,44.56624],[7.94664,44.56622],[7.94655,44.56609],[7.94645,44.56602],[7.94643,44.566],[7.94634,44.56593],[7.9463,44.56592],[7.94623,44.56586],[7.94621,44.56583],[7.94619,44.56581],[7.94617,44.5658],[7.94615,44.56578],[7.94607,44.56574],[7.94604,44.56571],[7.94601,44.56569],[7.9458,44.56553],[7.94578,44.56549],[7.94576,44.56543],[7.94573,44.56542],[7.94569,44.56541],[7.94569,44.56541],[7.9454,44.5654],[7.94538,44.5654],[7.9448,44.56528],[7.9448,44.56528],[7.9443,44.56521],[7.94424,44.56521],[7.94409,44.56524],[7.94407,44.56524],[7.94343,44.56522],[7.94342,44.56522],[7.94301,44.56516],[7.94299,44.56516],[7.94215,44.56487],[7.94215,44.56487],[7.94175,44.56469],[7.94172,44.56468],[7.94078,44.56444],[7.94065,44.56447],[7.93974,44.56518],[7.93974,44.56518],[7.93917,44.56565],[7.93916,44.56566],[7.93887,44.56584],[7.93882,44.56589],[7.93866,44.56646],[7.93866,44.56646],[7.93848,44.56725],[7.93848,44.56725],[7.93783,44.56924],[7.93783,44.56925],[7.93774,44.56961],[7.93773,44.56963],[7.93777,44.5698],[7.93777,44.56982],[7.93789,44.57013],[7.93789,44.57014],[7.93832,44.57171],[7.93833,44.57172],[7.93861,44.57221],[7.93862,44.57223],[7.9386,44.57238],[7.93859,44.5724],[7.93831,44.57275],[7.9383,44.57275],[7.93797,44.57308],[7.93795,44.57309],[7.93738,44.57332],[7.93737,44.57333],[7.93689,44.57355],[7.93687,44.57356],[7.93643,44.57364],[7.93642,44.57364],[7.93602,44.57375],[7.936,44.57376],[7.93549,44.57399],[7.93544,44.57402],[7.93513,44.57442],[7.93512,44.57442],[7.93485,44.57481],[7.93484,44.57484],[7.9348,44.57521],[7.9348,44.57521],[7.93473,44.57662],[7.93473,44.57662],[7.93465,44.57765],[7.93465,44.57765],[7.93442,44.57856],[7.93442,44.57857],[7.93412,44.58057],[7.93411,44.58059],[7.93405,44.58069],[7.93402,44.58071],[7.93373,44.58081],[7.93372,44.58081],[7.93307,44.58092],[7.93306,44.58092],[7.93251,44.58104],[7.93245,44.58107],[7.93229,44.58122],[7.93229,44.58122],[7.93204,44.58141],[7.93203,44.58142],[7.9316,44.58162],[7.93156,44.58163],[7.93131,44.58162],[7.93127,44.5816],[7.93015,44.58089],[7.93014,44.58088],[7.9298,44.58061],[7.92979,44.58061],[7.92918,44.57993],[7.92918,44.57993],[7.92873,44.57952],[7.92864,44.57949],[7.92833,44.57947],[7.92833,44.57947],[7.92724,44.57944],[7.92723,44.57944],[7.92498,44.57918],[7.92495,44.57917],[7.92471,44.57903],[7.92469,44.57902],[7.92449,44.57877],[7.92449,44.57877],[7.92427,44.57855],[7.92421,44.57852],[7.92362,44.57837],[7.92359,44.57835],[7.92294,44.5777],[7.92293,44.5777],[7.92281,44.57755],[7.92278,44.57753],[7.92261,44.57743],[7.92253,44.57741],[7.9222,44.5774],[7.9222,44.5774],[7.92165,44.57735],[7.92164,44.57735],[7.92084,44.57724],[7.92082,44.57723],[7.92045,44.57702],[7.92044,44.57702],[7.91941,44.57619],[7.91938,44.57618],[7.91895,44.57599],[7.91895,44.57599],[7.91798,44.57551],[7.91797,44.57551],[7.91739,44.57503],[7.91737,44.57501],[7.91618,44.57435],[7.91616,44.57434],[7.91599,44.57428],[7.91582,44.57433],[7.91562,44.57468],[7.9156,44.5747],[7.91557,44.57471],[7.91553,44.57474],[7.91529,44.57512],[7.91524,44.57514],[7.91507,44.57514],[7.91503,44.57513],[7.91492,44.57505],[7.91491,44.57505],[7.91458,44.57468],[7.91458,44.57467],[7.91447,44.57441],[7.91447,44.57441],[7.91419,44.57342],[7.91418,44.57341],[7.91413,44.57327],[7.91413,44.57326],[7.91409,44.57297],[7.91409,44.57296],[7.91414,44.57241],[7.91414,44.5724],[7.91421,44.57211],[7.91421,44.5721],[7.91428,44.5708],[7.91428,44.57079],[7.91425,44.57064],[7.91424,44.57062],[7.91337,44.56918],[7.91337,44.56917],[7.91298,44.56867],[7.91294,44.56865],[7.91282,44.56858],[7.91281,44.56857],[7.91136,44.56795],[7.91135,44.56794],[7.91075,44.56737],[7.91075,44.56737],[7.91012,44.5668],[7.91011,44.56679],[7.90984,44.5666],[7.90981,44.56659],[7.90967,44.56654],[7.90963,44.56653],[7.90948,44.56651],[7.90945,44.56651],[7.90561,44.56684],[7.9056,44.56684],[7.90517,44.5669],[7.90516,44.5669],[7.90458,44.56689],[7.90457,44.56688],[7.90414,44.56683],[7.90413,44.56683],[7.90293,44.56659],[7.9029,44.56658],[7.90279,44.56651],[7.90277,44.56649],[7.90249,44.56594],[7.90249,44.56593],[7.90216,44.56543],[7.90216,44.56543],[7.90177,44.56493],[7.90176,44.56492],[7.90039,44.56363],[7.90037,44.56361],[7.90033,44.56349],[7.90033,44.56348],[7.90025,44.5629],[7.90025,44.5629],[7.90025,44.56262],[7.90025,44.56261],[7.90054,44.56175],[7.90054,44.56175],[7.90093,44.56075],[7.90094,44.56074],[7.90102,44.56045],[7.90102,44.56045],[7.90119,44.56002],[7.90119,44.56002],[7.90143,44.55931],[7.90144,44.55928],[7.90218,44.55879],[7.90218,44.55879],[7.90422,44.5573],[7.90422,44.5573],[7.9057,44.55627],[7.90571,44.55626],[7.90624,44.55583],[7.90624,44.55583],[7.90776,44.55442],[7.90777,44.55442],[7.90944,44.55309],[7.90933,44.5531],[7.90975,44.5524],[7.91003,44.55166],[7.91004,44.55162],[7.90996,44.5515],[7.90992,44.55144],[7.90981,44.55138],[7.90977,44.55137],[7.90972,44.55135],[7.90968,44.55133],[7.9095,44.55129],[7.90945,44.55128],[7.90881,44.5512],[7.90871,44.55119],[7.9078,44.55113],[7.90771,44.55086],[7.90765,44.55069],[7.90763,44.55065],[7.90762,44.55058],[7.90762,44.55056],[7.9076,44.55051],[7.90759,44.55048],[7.90754,44.55038],[7.9075,44.55033],[7.90745,44.55028],[7.90738,44.55021],[7.90737,44.55019],[7.90708,44.54991],[7.90699,44.54982],[7.90676,44.54962],[7.9065,44.54941],[7.90632,44.54928],[7.90614,44.54915],[7.906,44.54904],[7.90592,44.54898],[7.90579,44.54888],[7.90573,44.5489],[7.90568,44.54892],[7.90559,44.54894],[7.90517,44.54893],[7.90504,44.54893],[7.905,44.54893],[7.90473,44.54892],[7.90468,44.54892],[7.90452,44.54891],[7.90441,44.54891],[7.90438,44.54891],[7.90416,44.5489],[7.90399,44.5489],[7.9039,44.54889],[7.90362,44.54889],[7.90351,44.54888],[7.90332,44.54888],[7.90313,44.54887],[7.90299,44.54887],[7.90276,44.54886],[7.90251,44.54885],[7.9024,44.54885],[7.90237,44.54885],[7.90231,44.54884],[7.90224,44.54884],[7.90195,44.54883],[7.90189,44.54883],[7.90176,44.54882],[7.90155,44.54882],[7.90143,44.5488],[7.90104,44.54879],[7.90086,44.54878],[7.89946,44.54871],[7.8994,44.54847],[7.89938,44.54843],[7.89938,44.54841],[7.89871,44.54843],[7.89841,44.54843],[7.89834,44.54844],[7.89832,44.54844],[7.89795,44.54845],[7.89804,44.54825],[7.8981,44.54812],[7.89812,44.54809],[7.89837,44.54776],[7.8984,44.54773],[7.89874,44.54735],[7.89877,44.54731],[7.8991,44.54697],[7.89931,44.54674],[7.89945,44.54659],[7.89974,44.54627],[7.89974,44.54627],[7.89983,44.54616],[7.89932,44.54615],[7.89886,44.54615],[7.89826,44.54614],[7.89795,44.54612],[7.8978,44.54649],[7.89742,44.54647],[7.89739,44.54646],[7.89732,44.54644],[7.8973,44.5464],[7.8974,44.54584],[7.8974,44.54584],[7.89757,44.54519],[7.89748,44.5451],[7.89731,44.5451],[7.89721,44.5451],[7.89703,44.5451],[7.89696,44.5451],[7.89684,44.54508],[7.89669,44.54507],[7.89669,44.54506],[7.89612,44.54506],[7.89607,44.54504],[7.8959,44.5448],[7.8959,44.5448],[7.89559,44.54421],[7.89558,44.5442],[7.89541,44.54396],[7.89541,44.54395],[7.89521,44.54353],[7.8952,44.54353],[7.89515,44.54336],[7.89514,44.54336],[7.89476,44.54246],[7.89476,44.54245],[7.89464,44.54224],[7.89464,44.54223],[7.8946,44.54193],[7.8946,44.54192],[7.89464,44.54179],[7.89459,44.54169],[7.89454,44.54167],[7.89453,44.54167],[7.89435,44.54155],[7.89435,44.54155],[7.89415,44.54139],[7.89415,44.54139],[7.89374,44.54101],[7.89366,44.54097],[7.89358,44.54096],[7.89354,44.54095],[7.89299,44.54042],[7.89298,44.54041],[7.89257,44.54005],[7.89256,44.54005],[7.8919,44.53955],[7.89187,44.53953],[7.89159,44.53942],[7.89158,44.53942],[7.89105,44.53925],[7.89104,44.53925],[7.89023,44.53905],[7.89021,44.53904],[7.88953,44.53898],[7.8895,44.53898],[7.88937,44.53898],[7.88935,44.53898],[7.88896,44.5389],[7.88894,44.53889],[7.88872,44.53879],[7.88871,44.53879],[7.88804,44.53839],[7.88804,44.53838],[7.88778,44.53818],[7.88775,44.53816],[7.88751,44.53806],[7.88748,44.53805],[7.88695,44.53747],[7.88691,44.53745],[7.88677,44.53738],[7.88676,44.53738],[7.88638,44.53726],[7.88635,44.53724],[7.88624,44.53712],[7.88622,44.53711],[7.88616,44.53683],[7.88614,44.53679],[7.88598,44.5366],[7.88597,44.5366],[7.88563,44.5363],[7.88562,44.53629],[7.88536,44.53587],[7.88536,44.53586],[7.88532,44.5357],[7.88528,44.53566],[7.88506,44.53549],[7.88504,44.53548],[7.88482,44.53538],[7.88481,44.53537],[7.88468,44.53528],[7.88467,44.53527],[7.88452,44.53502],[7.88451,44.53501],[7.88438,44.53486],[7.88438,44.53485],[7.88425,44.53466],[7.88424,44.53465],[7.88414,44.53455],[7.8841,44.53452],[7.88394,44.53446],[7.88393,44.53445],[7.88384,44.53443],[7.88383,44.53443],[7.88356,44.53436],[7.88354,44.53436],[7.88344,44.53435],[7.88341,44.53435],[7.88319,44.53425],[7.88318,44.53425],[7.88293,44.53408],[7.88292,44.53407],[7.88277,44.53392],[7.88276,44.53391],[7.8826,44.53367],[7.88259,44.53365],[7.88244,44.53352],[7.88242,44.5335],[7.88227,44.53342],[7.88224,44.53341],[7.88202,44.53336],[7.882,44.53336],[7.88173,44.53333],[7.8817,44.53332],[7.88161,44.53327],[7.8816,44.53326],[7.8809,44.53266],[7.88088,44.53265],[7.88068,44.53254],[7.88067,44.53253],[7.88002,44.53192],[7.88002,44.53191],[7.87969,44.53166],[7.87968,44.53166],[7.87889,44.53114],[7.87889,44.53113],[7.87842,44.53068],[7.87842,44.53068],[7.87814,44.53043],[7.87813,44.53042],[7.87808,44.53033],[7.87807,44.53031],[7.87805,44.5302],[7.87805,44.53017],[7.87786,44.52981],[7.87783,44.52977],[7.8777,44.52969],[7.87767,44.52967],[7.87757,44.52964],[7.87752,44.52963],[7.87738,44.52963],[7.87737,44.52963],[7.87686,44.52955],[7.87683,44.52954],[7.87674,44.52947],[7.87673,44.52945],[7.87634,44.52884],[7.87634,44.52883],[7.87615,44.52858],[7.87614,44.52857],[7.87601,44.52831],[7.87601,44.52831],[7.87589,44.5278],[7.87588,44.52779],[7.87553,44.52718],[7.87553,44.52717],[7.87549,44.52694],[7.87548,44.52693],[7.87547,44.5264],[7.87546,44.52636],[7.8754,44.52629],[7.87528,44.52624],[7.87489,44.52626],[7.87489,44.52626],[7.87429,44.52628],[7.87422,44.52628],[7.87422,44.52628],[7.87412,44.52629],[7.87411,44.52629],[7.87382,44.52632],[7.87349,44.52635],[7.87349,44.52635],[7.87295,44.5264],[7.87295,44.5264],[7.87284,44.52641],[7.87283,44.52641],[7.87282,44.52641],[7.8728,44.52641],[7.87264,44.52641],[7.87259,44.52641],[7.87257,44.52641],[7.8723,44.52638],[7.87229,44.52638],[7.8719,44.5263],[7.8719,44.5263],[7.87178,44.52627],[7.87177,44.52627],[7.87173,44.52626],[7.87171,44.52626],[7.87158,44.52626],[7.87151,44.52627],[7.87082,44.52655],[7.87075,44.52653],[7.8705,44.5263],[7.8705,44.52629],[7.87027,44.52605],[7.87027,44.52605],[7.87021,44.52599],[7.87021,44.52599],[7.86973,44.52555],[7.86971,44.52553],[7.86969,44.5255],[7.86956,44.52537],[7.86954,44.52535],[7.8691,44.52504],[7.86909,44.52504],[7.86865,44.52476],[7.86864,44.52476],[7.86847,44.52458],[7.86847,44.52458],[7.8683,44.52439],[7.8683,44.52439],[7.86816,44.52424],[7.86816,44.52424],[7.86806,44.52414],[7.86783,44.52391],[7.86783,44.52391],[7.86765,44.52374],[7.86764,44.52374],[7.86762,44.52372],[7.86758,44.52368],[7.86754,44.52367],[7.86742,44.52362],[7.86717,44.52353],[7.86717,44.52353],[7.86694,44.52344],[7.86669,44.52336],[7.86669,44.52336],[7.86657,44.52331],[7.86627,44.5232],[7.86627,44.5232],[7.86595,44.52307],[7.86595,44.52307],[7.86573,44.52297],[7.86573,44.52297],[7.86559,44.5229],[7.86559,44.5229],[7.86539,44.52281],[7.86538,44.52281],[7.86536,44.5228],[7.86536,44.5228],[7.86506,44.52269],[7.86506,44.52268],[7.86496,44.52265],[7.86496,44.52265],[7.8648,44.52259],[7.8646,44.52252],[7.86459,44.52252],[7.86446,44.52247],[7.86437,44.52244],[7.86428,44.52241],[7.86428,44.52241],[7.86421,44.52238],[7.86411,44.52235],[7.86402,44.52231],[7.86401,44.52231],[7.86389,44.52224],[7.86388,44.52224],[7.86378,44.52215],[7.86378,44.52215],[7.86358,44.52198],[7.86357,44.52197],[7.86331,44.52178],[7.8633,44.52179],[7.86323,44.52176],[7.86323,44.52176],[7.86323,44.52176],[7.86322,44.52175],[7.86313,44.52171],[7.86305,44.52168],[7.86305,44.52168],[7.86303,44.52167],[7.86297,44.52164],[7.86284,44.52157],[7.86284,44.52157],[7.86271,44.5215],[7.8627,44.5215],[7.86265,44.52148],[7.86256,44.52143],[7.86256,44.52143],[7.86243,44.52138],[7.8624,44.52136],[7.86238,44.52136],[7.86232,44.52134],[7.86232,44.52134],[7.86216,44.52129],[7.86206,44.52126],[7.86206,44.52126],[7.86131,44.52098],[7.86131,44.52098],[7.86131,44.52098],[7.86127,44.52096],[7.86115,44.52091],[7.86115,44.52091],[7.86103,44.52086],[7.86102,44.52086],[7.86099,44.52085],[7.86096,44.52082],[7.86091,44.52079],[7.8609,44.52079],[7.86088,44.52078],[7.8608,44.52072],[7.8608,44.52072],[7.86075,44.52068],[7.86065,44.52061],[7.86056,44.52055],[7.86056,44.52054],[7.86026,44.52029],[7.86021,44.52025],[7.86016,44.52021],[7.86015,44.5202],[7.8601,44.52016],[7.86004,44.52013],[7.85997,44.52008],[7.85995,44.52007],[7.85993,44.52006],[7.8599,44.52005],[7.85974,44.51997],[7.85972,44.51996],[7.85952,44.5199],[7.85952,44.5199],[7.85941,44.51987],[7.85939,44.51987],[7.85938,44.51986],[7.85934,44.51984],[7.8591,44.51973],[7.85908,44.51972],[7.85862,44.51959],[7.85861,44.51959],[7.85858,44.51958],[7.85853,44.51954],[7.85849,44.51952],[7.85845,44.51951],[7.85842,44.5195],[7.85835,44.51942],[7.85834,44.51941],[7.85821,44.51931],[7.85812,44.51924],[7.85812,44.51924],[7.85801,44.51914],[7.858,44.51914],[7.85795,44.5191],[7.85794,44.51908],[7.85793,44.51901],[7.85793,44.51901],[7.85782,44.51837],[7.85782,44.51837],[7.8577,44.51786],[7.85762,44.51744],[7.85761,44.51744],[7.85751,44.517],[7.85748,44.51687],[7.85748,44.51687],[7.85734,44.51633],[7.85734,44.51632],[7.85734,44.51631],[7.85719,44.51588],[7.85719,44.51588],[7.85707,44.51557],[7.85707,44.51557],[7.85705,44.51547],[7.85705,44.51547],[7.85702,44.51529],[7.85702,44.51526],[7.85702,44.51525],[7.85698,44.51513],[7.85698,44.51513],[7.85698,44.5151],[7.85693,44.51495],[7.85693,44.51493],[7.85693,44.51493],[7.85689,44.51484],[7.85688,44.51483],[7.85683,44.51476],[7.85667,44.51454],[7.85663,44.51447],[7.85653,44.51432],[7.85652,44.51431],[7.85649,44.51422],[7.85649,44.51421],[7.85648,44.51412],[7.85648,44.51411],[7.85649,44.51401],[7.85649,44.51401],[7.85651,44.51373],[7.85651,44.51371],[7.85651,44.51371],[7.85653,44.51354],[7.85653,44.51353],[7.85653,44.5135],[7.85657,44.51319],[7.85657,44.51319],[7.85659,44.51308],[7.85663,44.51278],[7.85663,44.51273],[7.85663,44.51273],[7.85665,44.51257],[7.85665,44.51257],[7.85667,44.51232],[7.85667,44.51232],[7.85669,44.51223],[7.85669,44.51223],[7.8567,44.51219],[7.85671,44.51218],[7.85683,44.51201],[7.85684,44.512],[7.85689,44.51189],[7.85689,44.51188],[7.8569,44.51182],[7.8569,44.51181],[7.85693,44.51142],[7.85694,44.51122],[7.85695,44.51103],[7.85695,44.51102],[7.85697,44.51098],[7.85698,44.51092],[7.85698,44.51092],[7.857,44.5109],[7.85699,44.51081],[7.85699,44.5108],[7.85699,44.51079],[7.85708,44.51038],[7.85708,44.51038],[7.85713,44.5102],[7.85717,44.51008],[7.85725,44.50983],[7.85725,44.50983],[7.85734,44.5096],[7.85734,44.50959],[7.85743,44.50927],[7.85744,44.50926],[7.85746,44.50923],[7.85748,44.50922],[7.8575,44.50914],[7.85753,44.50914],[7.85753,44.50912],[7.85753,44.50885],[7.85753,44.50885],[7.85751,44.50823],[7.85751,44.5082],[7.8575,44.50737],[7.85737,44.50728],[7.85733,44.50728],[7.85733,44.50728],[7.85729,44.50728],[7.85728,44.50728],[7.85716,44.50729],[7.85716,44.50729],[7.85709,44.50729],[7.85709,44.50729],[7.85703,44.50729],[7.85703,44.50729],[7.8569,44.5073],[7.8569,44.5073],[7.85686,44.5073],[7.85684,44.5073],[7.85679,44.50727],[7.85676,44.50589],[7.85673,44.50586],[7.85674,44.50586],[7.85613,44.50448],[7.85612,44.50445],[7.85611,44.50444],[7.85558,44.5035],[7.85561,44.50345],[7.85612,44.50332],[7.85619,44.5032],[7.85601,44.50282],[7.85601,44.50282],[7.85589,44.50258],[7.85589,44.50258],[7.85579,44.5024],[7.85579,44.50239],[7.85569,44.50222],[7.85568,44.50222],[7.85555,44.50204],[7.85557,44.50199],[7.85562,44.50197],[7.8557,44.50192],[7.8557,44.50192],[7.85582,44.50186],[7.85604,44.50175],[7.85607,44.50174],[7.85609,44.5016],[7.85587,44.50144],[7.85558,44.50122],[7.85558,44.50122],[7.85532,44.50103],[7.85532,44.50103],[7.85499,44.50079],[7.85499,44.50074],[7.85525,44.50059],[7.85525,44.50059],[7.85573,44.5003],[7.85574,44.5003],[7.85595,44.50014],[7.85635,44.49986],[7.85635,44.49985],[7.85647,44.49975],[7.85647,44.49975],[7.85662,44.49965],[7.85663,44.49964],[7.85699,44.49938],[7.85725,44.49918],[7.85769,44.49887],[7.85771,44.49885],[7.85824,44.49873],[7.85903,44.49854],[7.85953,44.49842],[7.85961,44.49829],[7.85936,44.49792],[7.85929,44.49787],[7.85854,44.49765],[7.85849,44.49764],[7.85763,44.49766],[7.85759,44.49765],[7.85584,44.49686],[7.85581,44.49682],[7.85585,44.49635],[7.85582,44.49628],[7.85563,44.49612],[7.85562,44.49612],[7.85439,44.49476],[7.85437,44.49474],[7.85399,44.49445],[7.85396,44.49443],[7.85265,44.4939],[7.85265,44.4939],[7.85212,44.49369],[7.85211,44.49369],[7.85153,44.49344],[7.85152,44.49344],[7.85114,44.4933],[7.85112,44.49329],[7.85091,44.49309],[7.8509,44.49304],[7.85134,44.49251],[7.85135,44.4925],[7.85212,44.49133],[7.85212,44.49133],[7.85275,44.49061],[7.85276,44.4906],[7.85366,44.49003],[7.85366,44.49003],[7.85435,44.48969],[7.85439,44.48958],[7.8543,44.48942],[7.85426,44.48939],[7.85389,44.48915],[7.85386,44.48914],[7.85346,44.48899],[7.85344,44.48898],[7.8527,44.48884],[7.85268,44.48883],[7.85207,44.48877],[7.85205,44.48877],[7.85106,44.48842],[7.85103,44.48841],[7.85076,44.48837],[7.85076,44.48837],[7.85025,44.48832],[7.85024,44.48832],[7.84988,44.48828],[7.84986,44.48828],[7.84964,44.48822],[7.84959,44.48821],[7.84631,44.48832],[7.84631,44.48832],[7.8446,44.48825],[7.84456,44.48823],[7.84407,44.48776],[7.8441,44.48771],[7.84683,44.48717],[7.84684,44.48717],[7.85079,44.48655],[7.85083,44.48654],[7.85193,44.48601],[7.85193,44.48601],[7.85291,44.48553],[7.85294,44.48551],[7.85369,44.4848],[7.8537,44.48479],[7.85409,44.48456],[7.8541,44.48456],[7.85454,44.48436],[7.85458,44.48435],[7.8554,44.48443],[7.85543,44.48443],[7.8589,44.48405],[7.85891,44.48405],[7.86013,44.48407],[7.86017,44.48406],[7.86309,44.48329],[7.8631,44.48328],[7.86442,44.483],[7.86447,44.48298],[7.86506,44.48256],[7.86508,44.48255],[7.86585,44.4817],[7.86586,44.4817],[7.867,44.4809],[7.867,44.4809],[7.86766,44.48049],[7.86769,44.48048],[7.86829,44.47984],[7.86831,44.47981],[7.86837,44.47965],[7.86834,44.47957],[7.86479,44.47704],[7.86479,44.47703],[7.86112,44.47458],[7.86108,44.47456],[7.86036,44.47436],[7.86035,44.47435],[7.85907,44.47411],[7.85905,44.47411],[7.85678,44.47401],[7.85677,44.47401],[7.85461,44.47395],[7.8546,44.47395],[7.85276,44.47373],[7.85275,44.47373],[7.84786,44.47273],[7.84786,44.47273],[7.84689,44.4725],[7.84688,44.4725],[7.84511,44.47164],[7.8451,44.47163],[7.84451,44.4714],[7.84448,44.47139],[7.84363,44.47125],[7.84362,44.47125],[7.84134,44.47102],[7.84133,44.47102],[7.84014,44.47068],[7.84013,44.47068],[7.83869,44.47009],[7.83868,44.47009],[7.83207,44.46587],[7.83206,44.46582],[7.83512,44.46043],[7.83512,44.46042],[7.83822,44.45745],[7.83822,44.45745],[7.83998,44.45567],[7.83992,44.45553],[7.83873,44.45524],[7.83867,44.45524],[7.83762,44.45535],[7.83757,44.45531],[7.83983,44.4509],[7.83983,44.4509],[7.84056,44.44959],[7.84056,44.44958],[7.8434,44.44471],[7.8434,44.44471],[7.84572,44.44085],[7.84572,44.44085],[7.84829,44.43651],[7.84909,44.43515],[7.84909,44.43515],[7.85093,44.43216],[7.85093,44.43216],[7.8514,44.43145],[7.8514,44.43144],[7.85361,44.42777],[7.85543,44.42475],[7.85543,44.42475],[7.85626,44.42343],[7.85626,44.42343],[7.85818,44.42045],[7.85819,44.42045],[7.85912,44.41925],[7.85913,44.41924],[7.85967,44.4187],[7.85968,44.41869],[7.86079,44.41799],[7.8608,44.41799],[7.86209,44.41754],[7.8621,44.41753],[7.86345,44.41724],[7.86655,44.41549],[7.86528,44.4156],[7.86527,44.4156],[7.8645,44.41564],[7.8645,44.41564],[7.86274,44.41565],[7.86086,44.41565],[7.86083,44.41565],[7.86017,44.41542],[7.86015,44.4154],[7.85972,44.41491],[7.85971,44.41491],[7.85927,44.41402],[7.85927,44.41401],[7.85909,44.41361],[7.85909,44.41359],[7.85921,44.41322],[7.85923,44.41319],[7.86003,44.41266],[7.86004,44.41265],[7.86068,44.41236],[7.86068,44.41236],[7.86128,44.41206],[7.8613,44.41205],[7.86157,44.41182],[7.86157,44.41182],[7.86162,44.41174],[7.86169,44.41159],[7.86168,44.41153],[7.86161,44.41139],[7.86155,44.41135],[7.86083,44.41105],[7.86081,44.41105],[7.85986,44.4108],[7.85985,44.4108],[7.85893,44.41061],[7.85891,44.4106],[7.85829,44.41024],[7.85828,44.41024],[7.85713,44.40942],[7.85713,44.40942],[7.85613,44.40864],[7.85613,44.40864],[7.85555,44.40817],[7.85552,44.40815],[7.85432,44.40769],[7.85429,44.40768],[7.85396,44.40731],[7.85396,44.40731],[7.85364,44.407],[7.85357,44.40696],[7.85253,44.40681],[7.85249,44.40681],[7.85204,44.40683],[7.85195,44.40686],[7.85108,44.4076],[7.85107,44.40761],[7.85063,44.4078],[7.85061,44.40781],[7.85005,44.40791],[7.84998,44.40789],[7.84981,44.40758],[7.84981,44.40758],[7.84959,44.40711],[7.84959,44.40711],[7.84929,44.40609],[7.84928,44.40607],[7.84902,44.40569],[7.84902,44.40569],[7.84865,44.4052],[7.84861,44.40516],[7.848,44.40491],[7.84793,44.4049],[7.84736,44.40493],[7.84734,44.40493],[7.8468,44.40501],[7.84677,44.40502],[7.84625,44.40519],[7.84621,44.40521],[7.8459,44.40546],[7.84587,44.40549],[7.84568,44.40592],[7.84568,44.40592],[7.84548,44.40644],[7.84546,44.40646],[7.84508,44.40669],[7.84507,44.4067],[7.84459,44.4069],[7.84458,44.4069],[7.84405,44.40719],[7.84405,44.40719],[7.84363,44.40745],[7.8436,44.40746],[7.8426,44.40752],[7.84258,44.40752],[7.84202,44.40743],[7.84199,44.40742],[7.84173,44.40723],[7.84171,44.40721],[7.84163,44.4067],[7.84162,44.40668],[7.84147,44.4063],[7.84142,44.40624],[7.84078,44.40594],[7.84077,44.40594],[7.84035,44.40567],[7.84033,44.40564],[7.8403,44.40526],[7.8403,44.40524],[7.84053,44.40474],[7.84053,44.40471],[7.8405,44.40433],[7.8405,44.40431],[7.84037,44.40396],[7.84027,44.4039],[7.83991,44.40384],[7.83991,44.40384],[7.83921,44.40367],[7.83919,44.40366],[7.83873,44.40326],[7.83867,44.40324],[7.83844,44.40318],[7.83839,44.40317],[7.83804,44.40318],[7.83799,44.40318],[7.8373,44.40338],[7.83729,44.40339],[7.83671,44.4035],[7.83667,44.4035],[7.83626,44.40337],[7.83625,44.40336],[7.83593,44.40322],[7.8359,44.40319],[7.83586,44.40275],[7.83587,44.40273],[7.83604,44.40251],[7.83606,44.40249],[7.83686,44.40215],[7.8369,44.40212],[7.83723,44.40178],[7.83724,44.40177],[7.83752,44.40133],[7.83753,44.40127],[7.83745,44.40104],[7.83735,44.40097],[7.83702,44.40093],[7.83694,44.40094],[7.83654,44.40108],[7.83651,44.40109],[7.83623,44.40129],[7.83621,44.4013],[7.83578,44.4014],[7.83577,44.4014],[7.83509,44.40144],[7.83508,44.40144],[7.83418,44.40139],[7.83414,44.40138],[7.83344,44.40092],[7.83344,44.40092],[7.83194,44.39981],[7.83194,44.39981],[7.83177,44.39965],[7.83174,44.39963],[7.83128,44.39941],[7.83123,44.39939],[7.8305,44.39929],[7.83047,44.39929],[7.82997,44.39932],[7.82994,44.39933],[7.82886,44.39961],[7.82885,44.39961],[7.82815,44.39971],[7.82813,44.39971],[7.82759,44.39969],[7.82756,44.39969],[7.82714,44.39946],[7.82712,44.39944],[7.82692,44.39889],[7.82692,44.39888],[7.82669,44.39799],[7.8267,44.39797],[7.82683,44.39766],[7.82684,44.39765],[7.82719,44.39726],[7.8272,44.39724],[7.82768,44.39698],[7.82772,44.39694],[7.82787,44.39666],[7.82788,44.39661],[7.82785,44.39647],[7.8278,44.39642],[7.82738,44.39616],[7.82735,44.39615],[7.82637,44.39585],[7.82634,44.39584],[7.8256,44.39578],[7.82557,44.39577],[7.82479,44.39529],[7.82477,44.39527],[7.82452,44.39471],[7.82452,44.39469],[7.82455,44.39401],[7.82455,44.394],[7.82468,44.39354],[7.82466,44.39347],[7.8245,44.39331],[7.82444,44.39328],[7.82391,44.39313],[7.82387,44.39313],[7.82177,44.39312],[7.82176,44.39312],[7.8203,44.39318],[7.82027,44.39317],[7.82,44.39304],[7.81998,44.39302],[7.81981,44.39253],[7.81981,44.39252],[7.81979,44.39088],[7.81979,44.38913],[7.81978,44.3891],[7.8194,44.38847],[7.81939,44.38846],[7.81853,44.38754],[7.81852,44.38753],[7.81838,44.387],[7.81838,44.38697],[7.81862,44.38639],[7.81864,44.38637],[7.81911,44.38604],[7.81911,44.38604],[7.8194,44.38586],[7.81943,44.38585],[7.82093,44.38572],[7.82099,44.3857],[7.82142,44.38549],[7.82147,44.38545],[7.82152,44.38538],[7.82152,44.38532],[7.82147,44.38517],[7.82143,44.38513],[7.82085,44.3848],[7.8208,44.38478],[7.82,44.38468],[7.81996,44.38463],[7.82006,44.38444],[7.82006,44.38438],[7.81994,44.38408],[7.81994,44.38407],[7.81977,44.38374],[7.81977,44.38373],[7.81965,44.38357],[7.81965,44.38356],[7.81956,44.38333],[7.81956,44.38333],[7.81947,44.383],[7.81948,44.38297],[7.81999,44.38257],[7.82004,44.38256],[7.82044,44.38261],[7.82058,44.38252],[7.82054,44.3821],[7.82054,44.3821],[7.82042,44.38151],[7.82042,44.38149],[7.8211,44.38032],[7.82111,44.38029],[7.82119,44.37963],[7.8212,44.37961],[7.82153,44.37921],[7.82153,44.37921],[7.82192,44.37877],[7.82194,44.37875],[7.82303,44.37826],[7.82306,44.37825],[7.82536,44.37806],[7.8254,44.37805],[7.82685,44.37752],[7.82689,44.3775],[7.82871,44.37586],[7.82872,44.37585],[7.82921,44.37515],[7.82922,44.37513],[7.83227,44.36516],[7.83227,44.36516],[7.83451,44.35967],[7.83451,44.35966],[7.8351,44.35857],[7.83513,44.35855],[7.84218,44.35627],[7.84221,44.35626],[7.8429,44.35637],[7.84291,44.35637],[7.8456,44.35709],[7.8456,44.35709],[7.85952,44.36114],[7.85954,44.36115],[7.86202,44.36265],[7.86202,44.36265],[7.86533,44.36448],[7.86535,44.36449],[7.87074,44.36631],[7.87074,44.36631],[7.87874,44.36908],[7.87879,44.36909],[7.87949,44.36909],[7.87958,44.36907],[7.88091,44.36823],[7.88093,44.36822],[7.88161,44.36805],[7.88166,44.36805],[7.88316,44.36852],[7.88317,44.36853],[7.88425,44.36908],[7.88427,44.36909],[7.88515,44.36998],[7.88515,44.36999],[7.88581,44.37061],[7.88582,44.37061],[7.88654,44.3714],[7.88657,44.37142],[7.88709,44.37171],[7.88711,44.37172],[7.88771,44.37195],[7.88773,44.37196],[7.88917,44.37235],[7.88919,44.37236],[7.88954,44.37255],[7.88954,44.37255],[7.89055,44.37317],[7.89055,44.37317],[7.89098,44.37346],[7.89098,44.37347],[7.89153,44.37393],[7.89154,44.37394],[7.89358,44.37523],[7.89365,44.37525],[7.89403,44.37529],[7.89409,44.37528],[7.89692,44.37443],[7.89693,44.37443],[7.90069,44.37303],[7.90072,44.37303],[7.90187,44.37295],[7.90188,44.37295],[7.90331,44.37291],[7.90335,44.3729],[7.9058,44.37211],[7.90581,44.3721],[7.90644,44.37202],[7.90646,44.37202],[7.90726,44.37206],[7.90727,44.37206],[7.91075,44.37285],[7.91075,44.37285],[7.91242,44.37318],[7.91243,44.37318],[7.91643,44.37406],[7.91644,44.37406],[7.91737,44.37445],[7.91738,44.37446],[7.92684,44.37963],[7.92684,44.37963],[7.93402,44.38341],[7.93402,44.38341],[7.94111,44.38685],[7.94113,44.38687],[7.94118,44.38697],[7.94118,44.38699],[7.94089,44.38797],[7.94088,44.38799],[7.94051,44.38829],[7.9405,44.3883],[7.9394,44.38941],[7.93939,44.38941],[7.93845,44.3903],[7.93845,44.3903],[7.93815,44.39064],[7.93813,44.3907],[7.93815,44.39083],[7.93814,44.39086],[7.93717,44.39184],[7.93717,44.39184],[7.93705,44.39195],[7.93709,44.39208],[7.93761,44.39226],[7.93763,44.39227],[7.93816,44.39238],[7.93819,44.39239],[7.93897,44.39242],[7.93899,44.39242],[7.93929,44.3924],[7.93932,44.39239],[7.94007,44.3922],[7.9401,44.39219],[7.94067,44.39192],[7.94069,44.39191],[7.94101,44.39188],[7.94103,44.39188],[7.94255,44.392],[7.94255,44.392],[7.94356,44.39208],[7.94357,44.39208],[7.94401,44.39206],[7.94402,44.39206],[7.94424,44.39208],[7.94425,44.39208],[7.94507,44.39223],[7.94509,44.39224],[7.94538,44.39237],[7.94541,44.3924],[7.94544,44.39258],[7.94543,44.3926],[7.94533,44.39277],[7.94531,44.39278],[7.94343,44.3937],[7.9434,44.39373],[7.94318,44.39396],[7.94318,44.39397],[7.94278,44.39432],[7.94277,44.39433],[7.9425,44.39464],[7.94248,44.39466],[7.9424,44.39491],[7.9424,44.39495],[7.94245,44.39508],[7.94248,44.39513],[7.94269,44.39527],[7.9427,44.39528],[7.94293,44.39542],[7.94298,44.39543],[7.94316,44.39547],[7.9432,44.39548],[7.94629,44.39533],[7.9463,44.39533],[7.94789,44.3953],[7.94789,44.3953],[7.94933,44.39536],[7.94934,44.39536],[7.95021,44.39553],[7.95021,44.39553],[7.95071,44.39565],[7.95073,44.39566],[7.95094,44.39578],[7.95096,44.39582],[7.95091,44.39609],[7.95091,44.39609],[7.95081,44.39643],[7.95081,44.39643],[7.95049,44.39701],[7.95048,44.39702],[7.95039,44.39724],[7.95039,44.39725],[7.95028,44.39781],[7.95028,44.39781],[7.95027,44.39801],[7.95021,44.39804],[7.94992,44.39802],[7.94991,44.39801],[7.94859,44.3977],[7.94851,44.3977],[7.94613,44.39837],[7.94612,44.39837],[7.94382,44.39891],[7.94379,44.39892],[7.9436,44.39902],[7.94359,44.39902],[7.94347,44.39909],[7.94345,44.3991],[7.94237,44.39941],[7.94232,44.39944],[7.94229,44.39946],[7.94228,44.39951],[7.94231,44.39954],[7.94233,44.39955],[7.94238,44.39963],[7.94247,44.39977],[7.94246,44.39987],[7.94246,44.39997],[7.94246,44.40005],[7.94243,44.40033],[7.94243,44.40038],[7.94242,44.40054],[7.94241,44.40056],[7.94239,44.40067],[7.94238,44.40075],[7.94235,44.40085],[7.94234,44.40094],[7.94232,44.40116],[7.94232,44.40126],[7.94237,44.40189],[7.9424,44.40216],[7.9424,44.4022],[7.94241,44.40222],[7.94241,44.40225],[7.9425,44.40263],[7.94254,44.40276],[7.94255,44.40287],[7.94256,44.4029],[7.94259,44.40299],[7.94264,44.4032],[7.94266,44.40325],[7.94268,44.40333],[7.94271,44.40343],[7.94277,44.4036],[7.94282,44.4037],[7.94285,44.40378],[7.94285,44.4038],[7.94287,44.40386],[7.94287,44.40388],[7.9429,44.40394],[7.94293,44.40403],[7.94294,44.40408],[7.94298,44.40426],[7.943,44.40456],[7.943,44.40458],[7.94301,44.4046],[7.94307,44.4048],[7.94312,44.4049],[7.94314,44.40498],[7.94316,44.40504],[7.94317,44.40506],[7.94319,44.40514],[7.94321,44.40523],[7.94323,44.40529],[7.94328,44.40543],[7.94331,44.40557],[7.94336,44.4057],[7.94337,44.4058],[7.9434,44.40589],[7.94343,44.406],[7.94347,44.40611],[7.94348,44.40616],[7.94354,44.40634],[7.94361,44.40657],[7.94364,44.40668],[7.94366,44.40674],[7.94369,44.40685],[7.94372,44.40695],[7.94374,44.40701],[7.94378,44.40711],[7.94389,44.40734],[7.9439,44.40738],[7.94393,44.40742],[7.94401,44.40752],[7.94411,44.40766],[7.94417,44.40774],[7.9442,44.40777],[7.94439,44.40804],[7.94441,44.40812],[7.94443,44.40821],[7.94445,44.40828],[7.9445,44.40844],[7.94453,44.40854],[7.94455,44.40862],[7.94456,44.40864],[7.94466,44.40877],[7.94476,44.40891],[7.94488,44.40907],[7.94494,44.40917],[7.94503,44.4093],[7.94523,44.40958],[7.94525,44.40961],[7.94543,44.40985],[7.9455,44.40995],[7.94555,44.41002],[7.94583,44.41052],[7.94586,44.41056],[7.94601,44.41079],[7.94629,44.4112],[7.94644,44.41141],[7.94656,44.41159],[7.9467,44.41179],[7.94684,44.41198],[7.94702,44.41225],[7.94723,44.41259],[7.94765,44.41326],[7.94779,44.41349],[7.94785,44.4135],[7.94793,44.41351],[7.94808,44.41354],[7.94816,44.41356],[7.94823,44.41357],[7.94838,44.4136],[7.94848,44.41363],[7.94855,44.41365],[7.94869,44.41368],[7.94911,44.4138],[7.9492,44.41383],[7.9494,44.41388],[7.94947,44.41391],[7.9497,44.41401],[7.94988,44.41413],[7.95,44.41424],[7.95002,44.41426],[7.95008,44.41435],[7.95011,44.41442],[7.95012,44.41444],[7.95014,44.41446],[7.95019,44.41452],[7.95022,44.4146],[7.95037,44.41487],[7.95047,44.41503],[7.95049,44.41507],[7.95065,44.41534],[7.95072,44.41549],[7.95078,44.41561],[7.95085,44.41575],[7.9509,44.41587],[7.95109,44.41619],[7.95125,44.41644],[7.95127,44.41649],[7.95131,44.41661],[7.95129,44.41669],[7.95133,44.41682],[7.95137,44.41697],[7.95163,44.41727],[7.95182,44.41754],[7.95189,44.41762],[7.95222,44.41777],[7.95235,44.4178],[7.95249,44.41784],[7.95255,44.41785],[7.95282,44.41788],[7.95336,44.4179],[7.9535,44.41791],[7.95363,44.41791],[7.95375,44.41792],[7.95379,44.41792],[7.95385,44.41791],[7.95417,44.41789],[7.95451,44.41785],[7.95456,44.41785],[7.95478,44.41778],[7.95484,44.41776],[7.95496,44.41773],[7.95531,44.41766],[7.95535,44.41766],[7.95546,44.41764],[7.95552,44.41763],[7.95578,44.41758],[7.95591,44.4176],[7.95626,44.41767],[7.95648,44.41771],[7.95658,44.41772],[7.95667,44.41773],[7.95671,44.41774],[7.95678,44.41775],[7.95703,44.41779],[7.95707,44.4178],[7.95716,44.41784],[7.95734,44.41789],[7.95744,44.41792],[7.95751,44.41794],[7.95754,44.41794],[7.95757,44.41795],[7.95789,44.41796],[7.95797,44.41796],[7.95818,44.41796],[7.95836,44.41799],[7.95839,44.41799],[7.95859,44.41802],[7.95886,44.41814],[7.95891,44.41816],[7.95923,44.41828],[7.95925,44.4183],[7.95927,44.41832],[7.95931,44.41833],[7.95943,44.41836],[7.95958,44.41839],[7.95966,44.41842],[7.95974,44.41844],[7.95979,44.41845],[7.95999,44.41851],[7.96008,44.41853],[7.96013,44.41855],[7.9602,44.41857],[7.96032,44.4186],[7.96085,44.41875],[7.96099,44.41857],[7.961,44.41855],[7.96121,44.41813],[7.9613,44.41797],[7.96182,44.41793],[7.96207,44.41793],[7.96221,44.41792],[7.96243,44.41792],[7.96267,44.418],[7.96315,44.41821],[7.96339,44.41839],[7.9638,44.41848],[7.96384,44.4185],[7.96418,44.41861],[7.96468,44.41878],[7.96474,44.4188],[7.96481,44.41882],[7.96502,44.41886],[7.96561,44.41897],[7.96573,44.41899],[7.96578,44.419],[7.96598,44.41905],[7.96633,44.41913],[7.96672,44.41915],[7.96677,44.41915],[7.96708,44.41913],[7.96713,44.41912],[7.96716,44.41913],[7.96751,44.41908],[7.96764,44.41905],[7.96768,44.41904],[7.96843,44.41894],[7.96884,44.41894],[7.96898,44.41894],[7.96934,44.41896],[7.9701,44.41883],[7.97034,44.41874],[7.97058,44.41868],[7.97065,44.41866],[7.97105,44.41857],[7.97147,44.41842],[7.97171,44.41834],[7.9718,44.41832],[7.97194,44.41828],[7.97214,44.41807],[7.97237,44.41783],[7.97241,44.41779],[7.97247,44.41773],[7.97248,44.41771],[7.97265,44.41748],[7.97272,44.41718],[7.97274,44.41711],[7.97276,44.41708],[7.97285,44.41684],[7.97295,44.4166],[7.97299,44.41649],[7.97302,44.41634],[7.97306,44.41612],[7.97306,44.4161],[7.97308,44.41598],[7.97311,44.41582],[7.97314,44.41566],[7.9732,44.4153],[7.97299,44.41526],[7.97259,44.41518],[7.97203,44.41507],[7.97178,44.41494],[7.9715,44.41481],[7.97124,44.41462],[7.97092,44.41438],[7.97089,44.41435],[7.97066,44.41414],[7.97065,44.41397],[7.97065,44.41384],[7.97068,44.41377],[7.97076,44.41353],[7.97082,44.41351],[7.97126,44.41335],[7.97193,44.41312],[7.97239,44.41296],[7.9729,44.41279],[7.97334,44.41265],[7.97383,44.41249],[7.97414,44.41239],[7.97416,44.41238],[7.97435,44.41228],[7.97438,44.41226],[7.97466,44.41218],[7.97504,44.41206],[7.97506,44.41205],[7.97527,44.41201],[7.97532,44.412],[7.97601,44.41189],[7.97649,44.41181],[7.9766,44.4118],[7.97734,44.41171],[7.97737,44.41171],[7.97756,44.4117],[7.97774,44.4117],[7.97833,44.41171],[7.97901,44.41172],[7.97911,44.41171],[7.97924,44.4117],[7.97926,44.41169],[7.97966,44.41164],[7.97971,44.41164],[7.97989,44.41163],[7.98044,44.4116],[7.98049,44.4116],[7.98089,44.41158],[7.98124,44.41156],[7.98129,44.41156],[7.98184,44.41153],[7.98242,44.41154],[7.98266,44.41156],[7.98319,44.4116],[7.98341,44.4116],[7.98366,44.4116],[7.98404,44.41163],[7.98431,44.41164],[7.98436,44.41165],[7.98454,44.41166],[7.98479,44.41167],[7.98482,44.41167],[7.98513,44.41168],[7.98521,44.41168],[7.98539,44.41167],[7.98569,44.41168],[7.98578,44.41169],[7.98584,44.41168],[7.98601,44.41168],[7.98611,44.4117],[7.98628,44.41181],[7.98655,44.41196],[7.98664,44.41202],[7.98681,44.41212],[7.98684,44.41213],[7.98728,44.4124],[7.98789,44.4122],[7.98842,44.41205],[7.98854,44.412],[7.98888,44.41187],[7.98905,44.41177],[7.98908,44.41176],[7.98919,44.4117],[7.98941,44.41159],[7.9896,44.41148],[7.98972,44.41142],[7.98978,44.4114],[7.98982,44.41137],[7.98984,44.41135],[7.98994,44.41128],[7.99008,44.41116],[7.99022,44.41105],[7.99024,44.41104],[7.99042,44.41091],[7.99044,44.4109],[7.9905,44.41086],[7.99053,44.41084],[7.99095,44.41059],[7.991,44.41056],[7.99126,44.4104],[7.99146,44.41025],[7.99148,44.41024],[7.99173,44.41003],[7.99184,44.40992],[7.99187,44.40988],[7.99198,44.40973],[7.99201,44.40969],[7.99209,44.40959],[7.9922,44.40944],[7.99235,44.40931],[7.9924,44.40926],[7.99257,44.40911],[7.99261,44.40908],[7.99266,44.40903],[7.99282,44.40891],[7.99284,44.40889],[7.99312,44.40869],[7.99322,44.40862],[7.9933,44.40858],[7.99341,44.40851],[7.99349,44.40847],[7.99362,44.4084],[7.99374,44.40833],[7.99381,44.40828],[7.99399,44.40817],[7.99407,44.40812],[7.99432,44.40798],[7.99441,44.40793],[7.99462,44.40781],[7.99468,44.40778],[7.99491,44.40765],[7.99494,44.40764],[7.99511,44.40755],[7.99534,44.40745]],[[7.87098,44.52088],[7.87093,44.52106],[7.87091,44.52109],[7.8709,44.52121],[7.87084,44.52125],[7.87069,44.52123],[7.87055,44.52129],[7.87046,44.52147],[7.87052,44.52158],[7.87052,44.52158],[7.87056,44.52159],[7.87061,44.5216],[7.87064,44.52161],[7.8709,44.52176],[7.87092,44.52177],[7.87096,44.52179],[7.87099,44.5218],[7.87101,44.52183],[7.87101,44.52183],[7.87106,44.52189],[7.8711,44.52192],[7.87127,44.522],[7.87129,44.52201],[7.87134,44.52203],[7.87139,44.52204],[7.87152,44.52204],[7.87156,44.52205],[7.87158,44.52206],[7.87158,44.52206],[7.87168,44.52211],[7.8717,44.52213],[7.87171,44.52215],[7.87173,44.52217],[7.87176,44.5222],[7.87177,44.52221],[7.87178,44.52221],[7.87192,44.52223],[7.87196,44.52221],[7.87201,44.52221],[7.87205,44.52223],[7.87207,44.52224],[7.87217,44.52232],[7.87218,44.52232],[7.87229,44.52239],[7.87238,44.52242],[7.87247,44.52241],[7.87252,44.52243],[7.8727,44.52255],[7.8727,44.52255],[7.87284,44.52264],[7.87287,44.52266],[7.87316,44.52277],[7.87316,44.52277],[7.87329,44.52282],[7.87331,44.52282],[7.8734,44.52288],[7.87345,44.52291],[7.87347,44.52292],[7.87355,44.52302],[7.87356,44.52303],[7.87366,44.52312],[7.87368,44.52313],[7.87371,44.52315],[7.87375,44.52318],[7.87376,44.52318],[7.87388,44.52325],[7.87388,44.52325],[7.87403,44.52333],[7.87408,44.52334],[7.87422,44.52336],[7.87429,44.52337],[7.87432,44.52339],[7.87434,44.52341],[7.87439,44.52338],[7.87457,44.52338],[7.8746,44.5233],[7.8746,44.52328],[7.87477,44.52309],[7.87478,44.52308],[7.87489,44.52288],[7.87489,44.52284],[7.87489,44.52275],[7.87489,44.52274],[7.87493,44.52241],[7.87496,44.52221],[7.87496,44.5222],[7.87504,44.52202],[7.87503,44.52196],[7.875,44.52191],[7.87498,44.52189],[7.87486,44.52179],[7.87485,44.52178],[7.8748,44.5217],[7.87479,44.52168],[7.8748,44.52131],[7.8748,44.5213],[7.87493,44.5209],[7.87493,44.5209],[7.87501,44.52061],[7.87502,44.5206],[7.87507,44.52024],[7.87507,44.52024],[7.87513,44.51976],[7.87516,44.51973],[7.87531,44.51967],[7.87538,44.51962],[7.87539,44.51958],[7.87539,44.51953],[7.87531,44.51932],[7.8753,44.5193],[7.87533,44.51885],[7.87533,44.51884],[7.87538,44.51867],[7.87538,44.51866],[7.87548,44.51852],[7.87549,44.5185],[7.87565,44.5184],[7.87567,44.51839],[7.87585,44.51834],[7.87591,44.51831],[7.87604,44.51815],[7.87606,44.5181],[7.87606,44.51785],[7.87606,44.51785],[7.87609,44.51752],[7.8761,44.5175],[7.87646,44.51708],[7.87647,44.51707],[7.87693,44.51676],[7.87695,44.51674],[7.87708,44.51662],[7.8771,44.51658],[7.87712,44.51648],[7.87712,44.51645],[7.87708,44.51624],[7.87707,44.51623],[7.87697,44.51597],[7.87697,44.51595],[7.87713,44.51541],[7.87713,44.51539],[7.87711,44.51489],[7.87711,44.51489],[7.87716,44.51439],[7.87716,44.51438],[7.87706,44.5139],[7.87706,44.51389],[7.87687,44.51338],[7.87687,44.51338],[7.87679,44.51313],[7.87678,44.51311],[7.87672,44.51303],[7.87662,44.51298],[7.87615,44.51295],[7.87614,44.51295],[7.87591,44.51291],[7.87587,44.51288],[7.87583,44.51278],[7.87583,44.51276],[7.87594,44.51248],[7.87594,44.51248],[7.87611,44.51198],[7.87611,44.51198],[7.87646,44.51131],[7.87647,44.5113],[7.87656,44.5112],[7.87657,44.51119],[7.8769,44.51096],[7.87693,44.51092],[7.87699,44.5108],[7.877,44.51075],[7.87697,44.51067],[7.87697,44.51066],[7.87693,44.51038],[7.87695,44.51034],[7.87711,44.51027],[7.87712,44.51026],[7.87733,44.51021],[7.87739,44.51018],[7.87747,44.51011],[7.8775,44.51005],[7.87749,44.50993],[7.87747,44.50989],[7.87708,44.50946],[7.87708,44.50946],[7.87678,44.50907],[7.87677,44.50905],[7.8767,44.50865],[7.8767,44.50862],[7.87679,44.50852],[7.8768,44.5085],[7.87685,44.5084],[7.87684,44.50834],[7.87679,44.50824],[7.87671,44.50819],[7.87618,44.50807],[7.87617,44.50807],[7.87599,44.50801],[7.87596,44.50798],[7.8759,44.50781],[7.8759,44.50779],[7.87595,44.50765],[7.87596,44.50763],[7.87598,44.50734],[7.87597,44.50731],[7.87588,44.5071],[7.87582,44.50704],[7.87566,44.50698],[7.87562,44.50695],[7.87559,44.50697],[7.87541,44.50699],[7.87538,44.50708],[7.87538,44.50708],[7.87532,44.50725],[7.87522,44.50756],[7.87521,44.50756],[7.87519,44.50765],[7.87519,44.50765],[7.87514,44.50778],[7.87511,44.50786],[7.87511,44.50786],[7.87508,44.50795],[7.87507,44.50799],[7.87507,44.50799],[7.87503,44.50807],[7.875,44.50813],[7.875,44.50815],[7.87492,44.50832],[7.87489,44.5084],[7.87489,44.5084],[7.87487,44.50845],[7.87487,44.50845],[7.87482,44.50854],[7.87481,44.50857],[7.87477,44.50867],[7.87474,44.50872],[7.87474,44.50872],[7.87471,44.5088],[7.87465,44.50892],[7.87459,44.50904],[7.87451,44.50919],[7.87451,44.50919],[7.87448,44.50926],[7.87443,44.50936],[7.87439,44.50944],[7.87436,44.5095],[7.87431,44.5096],[7.87431,44.50961],[7.87431,44.50961],[7.87424,44.50971],[7.87424,44.50971],[7.87419,44.50979],[7.87418,44.5098],[7.87418,44.50981],[7.87414,44.50987],[7.87414,44.50988],[7.87413,44.50991],[7.87408,44.51006],[7.87408,44.51006],[7.87406,44.5101],[7.8739,44.51065],[7.8739,44.51068],[7.87385,44.51083],[7.87379,44.51102],[7.8737,44.51107],[7.87371,44.51108],[7.87366,44.51112],[7.87365,44.51112],[7.87363,44.51115],[7.87361,44.51116],[7.87361,44.51117],[7.87355,44.51126],[7.87354,44.51126],[7.87349,44.51133],[7.87349,44.51134],[7.87332,44.51159],[7.87331,44.51159],[7.87321,44.51179],[7.87321,44.51179],[7.87317,44.51187],[7.87312,44.51198],[7.87312,44.51198],[7.87305,44.51211],[7.87303,44.51216],[7.87303,44.51216],[7.87283,44.51259],[7.87282,44.51259],[7.87274,44.51276],[7.87274,44.51276],[7.87264,44.51294],[7.87263,44.51296],[7.87258,44.51313],[7.87258,44.51313],[7.87255,44.51324],[7.87255,44.51326],[7.87254,44.51352],[7.87254,44.51354],[7.87262,44.51384],[7.87269,44.51406],[7.87275,44.5143],[7.87275,44.5143],[7.87275,44.51431],[7.87276,44.51431],[7.87276,44.51444],[7.87276,44.51449],[7.87276,44.5145],[7.87275,44.51456],[7.87275,44.51457],[7.87274,44.51458],[7.87274,44.51459],[7.87274,44.51459],[7.87272,44.51463],[7.87272,44.51464],[7.87271,44.51468],[7.8727,44.5147],[7.87267,44.51472],[7.87268,44.51484],[7.8727,44.51486],[7.87262,44.51528],[7.87262,44.51529],[7.87254,44.51556],[7.87254,44.51556],[7.87249,44.51567],[7.87243,44.51584],[7.87242,44.51586],[7.87231,44.51617],[7.87231,44.51617],[7.87228,44.51627],[7.8722,44.51651],[7.8722,44.51652],[7.87212,44.51678],[7.87202,44.51709],[7.87197,44.51726],[7.87197,44.51726],[7.87186,44.51765],[7.87186,44.51766],[7.87174,44.51811],[7.87174,44.51812],[7.87172,44.51825],[7.87172,44.51825],[7.87167,44.51845],[7.87167,44.51846],[7.87163,44.51873],[7.87163,44.51873],[7.87162,44.51877],[7.87162,44.51878],[7.8715,44.51964],[7.8715,44.51964],[7.87147,44.51984],[7.87147,44.51985],[7.87143,44.52],[7.87142,44.52001],[7.87127,44.52032],[7.87127,44.52033],[7.87111,44.52063],[7.87098,44.52086],[7.87098,44.52088]],[[7.86097,44.41555],[7.86111,44.4156],[7.86136,44.4156],[7.86136,44.4156],[7.8611,44.41558],[7.86107,44.41557],[7.86097,44.41555]],[[7.89604,44.54397],[7.89607,44.5441],[7.89607,44.54411],[7.89607,44.54408],[7.89606,44.54402],[7.89604,44.54397]]]}}]}
