{"type":"FeatureCollection","_provenance":{"authority":"Direção-Geral do Território — CAOP 2025 (concelho geometry) / IVV, IVDP, CVR disciplinari (concelho membership)","licence":"CC BY 4.0","attribution":"Direção-Geral do Território","method":"concelho-union: CAOP 2025 municipios dissolved per the legal area definitions (concelho-level approximation; mapshaper 6% Visvalingam simplify with keep-shapes, interior rings dropped, 5dp, parts under ~0.1 km2 dropped). Concelhos included in part by the legal text are included whole.","reviewed_at":"2026-09-10"},"features":[{"type":"Feature","properties":{"name":"douro","concelho_count":21,"legal":"Decreto-Lei 173/2009 (Estatuto das DO e IG da Regiao Demarcada do Douro); RDD = 21 concelhos"},"geometry":{"type":"MultiPolygon","coordinates":[[[[-7.60138,41.39352],[-7.60705,41.39233],[-7.61072,41.39109],[-7.61958,41.40142],[-7.62009,41.40968],[-7.62792,41.41255],[-7.63575,41.40668],[-7.65094,41.39609],[-7.65987,41.39912],[-7.67935,41.40623],[-7.69749,41.41336],[-7.70192,41.41341],[-7.70715,41.41295],[-7.71489,41.41641],[-7.7224,41.41891],[-7.72787,41.41962],[-7.73441,41.4215],[-7.73544,41.42032],[-7.73763,41.41528],[-7.74273,41.4108],[-7.74498,41.40684],[-7.74728,41.40536],[-7.75046,41.40592],[-7.75446,41.40576],[-7.75818,41.40449],[-7.76136,41.40462],[-7.76286,41.40385],[-7.76704,41.40363],[-7.76785,41.40587],[-7.77095,41.40806],[-7.77323,41.41056],[-7.78167,41.41259],[-7.78869,41.41141],[-7.79488,41.39989],[-7.8007,41.39782],[-7.80577,41.39329],[-7.80797,41.39348],[-7.81594,41.39184],[-7.81645,41.38897],[-7.82164,41.37865],[-7.82066,41.37474],[-7.81929,41.36699],[-7.8196,41.36446],[-7.83094,41.34719],[-7.83428,41.3435],[-7.83987,41.33973],[-7.85296,41.32774],[-7.8614,41.32767],[-7.8655,41.32583],[-7.87008,41.32553],[-7.87778,41.32164],[-7.88642,41.31818],[-7.8908,41.31702],[-7.89201,41.31725],[-7.89582,41.31573],[-7.8984,41.31203],[-7.89744,41.30965],[-7.89901,41.30746],[-7.90105,41.30661],[-7.90458,41.30399],[-7.90736,41.30307],[-7.90829,41.30183],[-7.91176,41.30017],[-7.91331,41.29845],[-7.91539,41.29763],[-7.91788,41.29216],[-7.92137,41.29032],[-7.91942,41.28736],[-7.91859,41.28403],[-7.91463,41.28178],[-7.91413,41.28052],[-7.9151,41.27429],[-7.91621,41.27262],[-7.90888,41.27269],[-7.90265,41.27138],[-7.89639,41.26754],[-7.89693,41.26445],[-7.89642,41.26287],[-7.89423,41.26071],[-7.89582,41.25548],[-7.89494,41.24993],[-7.89573,41.24893],[-7.88697,41.24847],[-7.88231,41.24693],[-7.87979,41.24556],[-7.87558,41.24205],[-7.87785,41.24091],[-7.87937,41.23713],[-7.87977,41.23426],[-7.87908,41.23217],[-7.88178,41.23064],[-7.88358,41.2283],[-7.88442,41.22589],[-7.88638,41.223],[-7.88828,41.2178],[-7.89177,41.2137],[-7.89208,41.21066],[-7.89409,41.20924],[-7.8933,41.20603],[-7.89034,41.20244],[-7.88995,41.19582],[-7.88797,41.18909],[-7.89028,41.18633],[-7.89035,41.18276],[-7.89268,41.18079],[-7.89894,41.17286],[-7.89684,41.17104],[-7.89584,41.16798],[-7.89712,41.16706],[-7.89245,41.1642],[-7.88956,41.16294],[-7.89191,41.16147],[-7.89284,41.15952],[-7.89672,41.15818],[-7.90052,41.15581],[-7.9037,41.15474],[-7.9006,41.15238],[-7.90036,41.15076],[-7.90217,41.14908],[-7.90119,41.14727],[-7.90874,41.14272],[-7.91239,41.13854],[-7.9136,41.13496],[-7.91244,41.13299],[-7.91264,41.12915],[-7.91146,41.12702],[-7.91229,41.12488],[-7.91186,41.11989],[-7.90586,41.11874],[-7.9016,41.11931],[-7.89971,41.12055],[-7.89751,41.12387],[-7.89699,41.12726],[-7.8977,41.1312],[-7.89673,41.1326],[-7.89248,41.13472],[-7.88911,41.13299],[-7.88726,41.13422],[-7.8863,41.13675],[-7.88567,41.14096],[-7.88452,41.14378],[-7.88286,41.14504],[-7.88013,41.15051],[-7.87446,41.14936],[-7.87282,41.14756],[-7.87474,41.1445],[-7.86815,41.13914],[-7.86574,41.13768],[-7.86184,41.13414],[-7.86156,41.13164],[-7.85866,41.12906],[-7.86081,41.12654],[-7.85723,41.12393],[-7.85557,41.12168],[-7.85369,41.12086],[-7.85059,41.11435],[-7.8507,41.11111],[-7.85981,41.10539],[-7.86019,41.10283],[-7.86326,41.1004],[-7.86702,41.09963],[-7.86945,41.09717],[-7.86847,41.094],[-7.87053,41.08797],[-7.87572,41.08095],[-7.87894,41.07716],[-7.87853,41.07289],[-7.88057,41.07113],[-7.88359,41.06545],[-7.89009,41.05734],[-7.89356,41.05702],[-7.89745,41.05297],[-7.90432,41.0476],[-7.90651,41.04439],[-7.90937,41.03813],[-7.91143,41.03104],[-7.91106,41.02818],[-7.91462,41.02317],[-7.91459,41.02093],[-7.9132,41.01945],[-7.91097,41.02013],[-7.90735,41.02319],[-7.90516,41.02104],[-7.90175,41.02194],[-7.89471,41.02239],[-7.88798,41.02128],[-7.88531,41.02146],[-7.88197,41.02438],[-7.87878,41.02498],[-7.87658,41.0234],[-7.87882,41.02176],[-7.88154,41.02136],[-7.88372,41.01931],[-7.88536,41.0161],[-7.88726,41.01515],[-7.88708,41.01162],[-7.88839,41.00999],[-7.89162,41.00778],[-7.89114,41.00533],[-7.89325,41.00473],[-7.89733,41.00235],[-7.89926,40.99795],[-7.90251,40.99561],[-7.90199,40.99388],[-7.89779,40.99619],[-7.8941,40.99593],[-7.89085,40.99654],[-7.88981,40.99594],[-7.8846,40.99686],[-7.88317,40.99521],[-7.87728,40.99468],[-7.87051,40.99326],[-7.86814,40.99006],[-7.86329,40.98683],[-7.86078,40.98805],[-7.85383,40.98567],[-7.84822,40.98198],[-7.84302,40.97489],[-7.83787,40.97024],[-7.83111,40.96359],[-7.82615,40.96043],[-7.8235,40.95829],[-7.81815,40.95532],[-7.81054,40.96308],[-7.80695,40.96535],[-7.80699,40.96769],[-7.80495,40.96803],[-7.80168,40.97322],[-7.79707,40.97451],[-7.79528,40.97566],[-7.79265,40.97876],[-7.79299,40.98093],[-7.7908,40.9812],[-7.78775,40.97965],[-7.78149,40.97786],[-7.77488,40.9767],[-7.76742,40.97422],[-7.75944,40.97522],[-7.75619,40.97396],[-7.75414,40.97094],[-7.75363,40.96585],[-7.76291,40.96119],[-7.75733,40.95425],[-7.75008,40.94502],[-7.75251,40.94234],[-7.7445,40.93876],[-7.73081,40.94158],[-7.71442,40.94397],[-7.7092,40.94082],[-7.70772,40.94198],[-7.69849,40.94429],[-7.69283,40.94247],[-7.68979,40.93789],[-7.68706,40.93643],[-7.68833,40.93344],[-7.6923,40.92618],[-7.69241,40.92277],[-7.69324,40.92127],[-7.69686,40.91103],[-7.69677,40.90752],[-7.69737,40.90465],[-7.70013,40.9025],[-7.70664,40.89625],[-7.70812,40.89383],[-7.71108,40.8905],[-7.71613,40.88632],[-7.70806,40.87973],[-7.70431,40.87724],[-7.69941,40.87137],[-7.69401,40.86274],[-7.6898,40.85708],[-7.68843,40.85457],[-7.68309,40.85528],[-7.68279,40.85878],[-7.68029,40.85923],[-7.67687,40.85818],[-7.67473,40.85859],[-7.67293,40.85537],[-7.67143,40.85627],[-7.66686,40.85631],[-7.66596,40.85463],[-7.66185,40.85361],[-7.66094,40.85414],[-7.66058,40.85717],[-7.66393,40.86344],[-7.66167,40.86462],[-7.65269,40.86814],[-7.64686,40.86919],[-7.64466,40.87],[-7.63771,40.87214],[-7.63278,40.87479],[-7.62309,40.86785],[-7.61921,40.86398],[-7.61428,40.85669],[-7.60943,40.84638],[-7.60846,40.84277],[-7.60422,40.83759],[-7.59698,40.83291],[-7.59134,40.82992],[-7.59066,40.83492],[-7.59073,40.83789],[-7.58965,40.84374],[-7.58794,40.84994],[-7.5831,40.8563],[-7.57684,40.86278],[-7.56994,40.86616],[-7.56616,40.86748],[-7.56344,40.87132],[-7.55845,40.87319],[-7.54629,40.8727],[-7.5293,40.87305],[-7.51406,40.86934],[-7.51419,40.86393],[-7.51082,40.85937],[-7.50952,40.85839],[-7.50714,40.85854],[-7.5044,40.85693],[-7.50025,40.85713],[-7.49806,40.85567],[-7.49598,40.85321],[-7.49655,40.84893],[-7.49437,40.84754],[-7.49286,40.84796],[-7.49131,40.84572],[-7.48878,40.84484],[-7.48534,40.84142],[-7.48245,40.8395],[-7.48344,40.83661],[-7.48005,40.83347],[-7.47912,40.83196],[-7.47475,40.83069],[-7.4707,40.82826],[-7.46693,40.82868],[-7.46378,40.82603],[-7.46487,40.82439],[-7.46444,40.82152],[-7.46259,40.8211],[-7.45898,40.81801],[-7.45716,40.81817],[-7.45398,40.81397],[-7.45142,40.81346],[-7.4483,40.8154],[-7.44609,40.81586],[-7.44299,40.81883],[-7.44226,40.82058],[-7.43717,40.82314],[-7.43597,40.8243],[-7.4349,40.82803],[-7.43352,40.83013],[-7.43157,40.83106],[-7.4303,40.83373],[-7.42796,40.83642],[-7.42904,40.84164],[-7.42591,40.84204],[-7.42396,40.84582],[-7.42094,40.84747],[-7.41566,40.85377],[-7.41388,40.85638],[-7.41137,40.86162],[-7.40673,40.86876],[-7.40784,40.87059],[-7.40387,40.87776],[-7.40143,40.87939],[-7.38931,40.87878],[-7.38904,40.87809],[-7.38159,40.87115],[-7.38159,40.86943],[-7.37996,40.86874],[-7.3774,40.87465],[-7.38434,40.8807],[-7.3763,40.88701],[-7.37421,40.89428],[-7.37611,40.89731],[-7.37432,40.90089],[-7.37546,40.90458],[-7.37231,40.9057],[-7.36625,40.9061],[-7.34348,40.9059],[-7.33839,40.90415],[-7.33656,40.90415],[-7.33547,40.90101],[-7.33735,40.89808],[-7.33514,40.895],[-7.3372,40.89363],[-7.33729,40.8895],[-7.33642,40.888],[-7.33802,40.88628],[-7.33804,40.88349],[-7.33973,40.87855],[-7.34276,40.87664],[-7.34301,40.87056],[-7.34122,40.86864],[-7.33562,40.86615],[-7.32856,40.86742],[-7.3249,40.86746],[-7.32183,40.86862],[-7.3149,40.87449],[-7.31217,40.87845],[-7.30691,40.87862],[-7.30359,40.87395],[-7.29745,40.86989],[-7.29489,40.86776],[-7.29055,40.86615],[-7.27786,40.86032],[-7.27465,40.86011],[-7.2699,40.85566],[-7.26158,40.85013],[-7.25601,40.84933],[-7.23878,40.84081],[-7.23464,40.83851],[-7.23059,40.83369],[-7.22738,40.83327],[-7.22633,40.83054],[-7.22441,40.83134],[-7.21785,40.83156],[-7.21446,40.82968],[-7.21501,40.82837],[-7.20795,40.82512],[-7.20348,40.82385],[-7.19653,40.82362],[-7.19618,40.83015],[-7.19362,40.83159],[-7.19234,40.83016],[-7.1903,40.83249],[-7.19303,40.83674],[-7.19549,40.83865],[-7.19477,40.83982],[-7.19159,40.84006],[-7.18884,40.84721],[-7.18634,40.84957],[-7.18221,40.85126],[-7.18231,40.85297],[-7.18081,40.8543],[-7.17576,40.85406],[-7.17529,40.85687],[-7.17677,40.85753],[-7.17988,40.86165],[-7.1779,40.86304],[-7.17488,40.8674],[-7.1764,40.86904],[-7.17297,40.87482],[-7.17106,40.87602],[-7.17006,40.88078],[-7.16412,40.88855],[-7.16439,40.88969],[-7.15942,40.89349],[-7.15484,40.89791],[-7.14991,40.90399],[-7.14747,40.90503],[-7.14593,40.90464],[-7.1434,40.90871],[-7.13822,40.90798],[-7.13707,40.91107],[-7.13506,40.91279],[-7.13354,40.91566],[-7.13546,40.91896],[-7.1357,40.92316],[-7.13285,40.93018],[-7.13255,40.93707],[-7.13149,40.9437],[-7.12756,40.94469],[-7.12683,40.9474],[-7.12572,40.94843],[-7.12459,40.95167],[-7.12024,40.95221],[-7.11945,40.95443],[-7.11522,40.95799],[-7.11293,40.95907],[-7.11209,40.9622],[-7.10978,40.96337],[-7.10742,40.9626],[-7.10446,40.96589],[-7.10277,40.97068],[-7.1026,40.97305],[-7.10061,40.97332],[-7.08331,40.97358],[-7.08053,40.97305],[-7.0593,40.96727],[-7.05778,40.96713],[-7.04591,40.96749],[-7.03745,40.9701],[-7.03227,40.9732],[-7.02443,40.97452],[-7.01978,40.97483],[-7.01775,40.9758],[-7.00238,40.98033],[-6.99735,40.9822],[-6.99221,40.99003],[-6.99088,40.99271],[-6.98936,40.99772],[-6.98436,41.00986],[-6.98318,41.01189],[-6.98054,41.01458],[-6.9792,41.01493],[-6.9767,41.01739],[-6.97886,41.01925],[-6.97909,41.02168],[-6.98127,41.02236],[-6.98359,41.02625],[-6.97982,41.02966],[-6.97713,41.03273],[-6.97375,41.03497],[-6.97082,41.03616],[-6.96644,41.03621],[-6.96478,41.03543],[-6.96105,41.03186],[-6.9542,41.03029],[-6.93993,41.0291],[-6.93136,41.02941],[-6.92562,41.0325],[-6.92099,41.03601],[-6.91715,41.03811],[-6.915,41.0384],[-6.90888,41.03701],[-6.90366,41.03412],[-6.89644,41.03291],[-6.88356,41.02958],[-6.87796,41.02786],[-6.87328,41.02782],[-6.86853,41.02687],[-6.86398,41.02735],[-6.84708,41.02722],[-6.83377,41.02848],[-6.82742,41.03069],[-6.81815,41.03263],[-6.81488,41.03463],[-6.80893,41.0365],[-6.80772,41.0381],[-6.80771,41.0408],[-6.80944,41.04287],[-6.80809,41.04553],[-6.80163,41.04845],[-6.7986,41.05046],[-6.79628,41.05288],[-6.79263,41.05501],[-6.78986,41.05757],[-6.78585,41.06291],[-6.78101,41.06727],[-6.77807,41.07251],[-6.77434,41.07706],[-6.77251,41.08075],[-6.77094,41.08566],[-6.76923,41.08854],[-6.76493,41.09079],[-6.76259,41.09298],[-6.76259,41.09583],[-6.75869,41.09784],[-6.75707,41.09948],[-6.75419,41.10406],[-6.75524,41.10556],[-6.75896,41.10707],[-6.76014,41.1086],[-6.76132,41.11387],[-6.76433,41.11671],[-6.7682,41.12188],[-6.77076,41.12401],[-6.77106,41.13012],[-6.76787,41.13484],[-6.76087,41.13867],[-6.75815,41.13985],[-6.75482,41.13953],[-6.74977,41.14251],[-6.74637,41.14634],[-6.74208,41.14778],[-6.74047,41.14925],[-6.73852,41.1535],[-6.73676,41.15578],[-6.73094,41.16148],[-6.72719,41.16368],[-6.72276,41.16459],[-6.71973,41.16576],[-6.7115,41.17084],[-6.7081,41.17416],[-6.70874,41.17553],[-6.70732,41.17793],[-6.70147,41.18028],[-6.69794,41.18369],[-6.69682,41.18919],[-6.69943,41.19186],[-6.69835,41.19307],[-6.69292,41.19295],[-6.69096,41.1952],[-6.68887,41.19984],[-6.68826,41.20268],[-6.6905,41.20503],[-6.69945,41.20788],[-6.70147,41.20962],[-6.70148,41.21091],[-6.70522,41.21296],[-6.70412,41.21447],[-6.70759,41.21467],[-6.70685,41.21803],[-6.70974,41.21868],[-6.71311,41.22208],[-6.71525,41.22236],[-6.71464,41.22448],[-6.71819,41.22663],[-6.72147,41.22996],[-6.7252,41.23204],[-6.72503,41.23474],[-6.72866,41.23833],[-6.73007,41.23876],[-6.73373,41.24287],[-6.73248,41.24415],[-6.73572,41.24577],[-6.73698,41.2486],[-6.74493,41.24621],[-6.74817,41.24425],[-6.7513,41.24338],[-6.75923,41.24023],[-6.76463,41.23667],[-6.7646,41.23503],[-6.76643,41.23267],[-6.76555,41.2304],[-6.76836,41.22925],[-6.77192,41.22663],[-6.77316,41.22408],[-6.77538,41.22246],[-6.77602,41.21997],[-6.77521,41.21701],[-6.7765,41.2146],[-6.77809,41.21362],[-6.78027,41.20991],[-6.77941,41.20855],[-6.7813,41.20616],[-6.78084,41.20278],[-6.78257,41.20136],[-6.78605,41.20138],[-6.78819,41.19947],[-6.79445,41.19967],[-6.79493,41.19858],[-6.80076,41.19769],[-6.80453,41.19628],[-6.80781,41.19587],[-6.81169,41.19358],[-6.81264,41.19649],[-6.81457,41.19793],[-6.81965,41.19822],[-6.82543,41.19941],[-6.82628,41.20013],[-6.83244,41.20003],[-6.83505,41.2006],[-6.83462,41.20442],[-6.83703,41.20677],[-6.83558,41.20853],[-6.83794,41.2091],[-6.84062,41.20828],[-6.84257,41.21097],[-6.84593,41.21097],[-6.8466,41.21218],[-6.8448,41.21442],[-6.849,41.21748],[-6.84938,41.2204],[-6.85079,41.22038],[-6.85244,41.22252],[-6.85306,41.22651],[-6.85483,41.22585],[-6.85933,41.22585],[-6.87069,41.22635],[-6.87496,41.22519],[-6.87947,41.22563],[-6.89065,41.22537],[-6.89362,41.2258],[-6.89475,41.22358],[-6.89757,41.2231],[-6.90161,41.22552],[-6.90655,41.22666],[-6.91245,41.22699],[-6.91335,41.2299],[-6.91619,41.23276],[-6.91989,41.24012],[-6.92159,41.24112],[-6.92887,41.2394],[-6.93272,41.24154],[-6.93109,41.24493],[-6.93264,41.24679],[-6.93705,41.24727],[-6.94442,41.2454],[-6.95215,41.24532],[-6.95439,41.24734],[-6.95754,41.24812],[-6.95836,41.24987],[-6.96205,41.25036],[-6.96371,41.24748],[-6.96679,41.24683],[-6.97072,41.25001],[-6.97464,41.25039],[-6.97582,41.25294],[-6.97825,41.25479],[-6.98103,41.25522],[-6.98483,41.25445],[-6.98667,41.25486],[-6.9985,41.26021],[-7.00922,41.26698],[-7.0092,41.26832],[-7.0161,41.27198],[-7.02113,41.27361],[-7.02273,41.27611],[-7.0273,41.2818],[-7.02844,41.2841],[-7.03422,41.28594],[-7.04784,41.30232],[-7.05355,41.30097],[-7.0567,41.30427],[-7.05916,41.30556],[-7.06605,41.30731],[-7.06955,41.30912],[-7.0664,41.31259],[-7.06399,41.3132],[-7.06062,41.315],[-7.05549,41.32277],[-7.05815,41.32519],[-7.06002,41.32562],[-7.05852,41.33234],[-7.0595,41.3381],[-7.05756,41.34346],[-7.0537,41.34464],[-7.05184,41.34661],[-7.05145,41.34944],[-7.04713,41.35704],[-7.04458,41.35809],[-7.04168,41.36019],[-7.04056,41.36318],[-7.03688,41.36734],[-7.03278,41.37048],[-7.03405,41.37243],[-7.04261,41.37564],[-7.04789,41.37638],[-7.04701,41.38289],[-7.04805,41.38632],[-7.04685,41.3899],[-7.045,41.39268],[-7.04475,41.39439],[-7.04987,41.39601],[-7.04971,41.39817],[-7.05164,41.40059],[-7.05763,41.40206],[-7.06009,41.40326],[-7.06127,41.4068],[-7.06193,41.41271],[-7.06811,41.41103],[-7.06995,41.41013],[-7.07478,41.41015],[-7.0792,41.40887],[-7.08154,41.40882],[-7.08826,41.40702],[-7.09413,41.40735],[-7.09703,41.40932],[-7.09987,41.40865],[-7.10176,41.41032],[-7.10693,41.41263],[-7.11592,41.4117],[-7.12435,41.40762],[-7.11991,41.40541],[-7.11848,41.40217],[-7.11939,41.39928],[-7.11824,41.39763],[-7.11808,41.39511],[-7.11706,41.39339],[-7.118,41.39102],[-7.12116,41.38842],[-7.12495,41.38829],[-7.12723,41.38709],[-7.13135,41.38673],[-7.13451,41.38543],[-7.13547,41.38072],[-7.13887,41.37915],[-7.13884,41.37729],[-7.14135,41.37511],[-7.14201,41.37351],[-7.15333,41.3737],[-7.16189,41.3731],[-7.16482,41.3759],[-7.16543,41.37972],[-7.16773,41.37972],[-7.17076,41.38152],[-7.17284,41.38388],[-7.17511,41.38376],[-7.18087,41.38492],[-7.18312,41.38679],[-7.18733,41.38767],[-7.1927,41.3874],[-7.1986,41.38859],[-7.20082,41.38863],[-7.21015,41.38448],[-7.21304,41.38386],[-7.21712,41.38191],[-7.22259,41.38024],[-7.22417,41.37891],[-7.22562,41.37416],[-7.22515,41.37023],[-7.22752,41.36843],[-7.232,41.36865],[-7.23565,41.37071],[-7.23842,41.37003],[-7.24156,41.36627],[-7.24559,41.36466],[-7.24997,41.36038],[-7.25058,41.35878],[-7.24975,41.35585],[-7.25061,41.35338],[-7.25262,41.35249],[-7.2618,41.35241],[-7.26847,41.35322],[-7.27444,41.35225],[-7.27595,41.3514],[-7.28012,41.34638],[-7.28555,41.34647],[-7.28841,41.34431],[-7.28762,41.34325],[-7.2888,41.34051],[-7.29388,41.33734],[-7.29548,41.3359],[-7.29892,41.33374],[-7.30128,41.33427],[-7.30508,41.33679],[-7.31125,41.33749],[-7.3147,41.33839],[-7.31417,41.34145],[-7.31788,41.34221],[-7.33537,41.34718],[-7.33943,41.34986],[-7.34523,41.35134],[-7.3481,41.35163],[-7.34846,41.35298],[-7.3522,41.35481],[-7.35601,41.35782],[-7.35833,41.36178],[-7.36149,41.36465],[-7.3623,41.36681],[-7.3596,41.36982],[-7.35509,41.37175],[-7.35358,41.37556],[-7.35614,41.37678],[-7.35679,41.37937],[-7.36137,41.38197],[-7.36093,41.38543],[-7.35817,41.38804],[-7.3616,41.38861],[-7.36223,41.39085],[-7.36191,41.39537],[-7.36632,41.39692],[-7.3666,41.4004],[-7.36623,41.40386],[-7.36422,41.40431],[-7.36224,41.40648],[-7.36637,41.40952],[-7.36637,41.41133],[-7.36411,41.41274],[-7.36575,41.41661],[-7.3637,41.41748],[-7.36427,41.41929],[-7.35965,41.42441],[-7.36113,41.42586],[-7.35981,41.42824],[-7.36095,41.43194],[-7.36354,41.43578],[-7.36525,41.43642],[-7.36494,41.44021],[-7.36759,41.44428],[-7.36917,41.44543],[-7.36884,41.44807],[-7.36982,41.44936],[-7.37401,41.45169],[-7.3737,41.45334],[-7.377,41.45414],[-7.38106,41.45433],[-7.38696,41.45675],[-7.39044,41.45574],[-7.39555,41.45639],[-7.40048,41.4581],[-7.40369,41.45873],[-7.40557,41.4606],[-7.40538,41.4682],[-7.40347,41.47339],[-7.40395,41.47665],[-7.40321,41.47863],[-7.39997,41.47913],[-7.39797,41.48167],[-7.39544,41.483],[-7.39179,41.48158],[-7.38824,41.48342],[-7.38543,41.48592],[-7.38351,41.49018],[-7.38532,41.49178],[-7.39316,41.49654],[-7.39716,41.49928],[-7.40049,41.50035],[-7.40194,41.51035],[-7.40192,41.51385],[-7.4026,41.51616],[-7.40728,41.52212],[-7.41109,41.52411],[-7.41659,41.52513],[-7.41878,41.5278],[-7.42093,41.52787],[-7.42176,41.52491],[-7.42689,41.51825],[-7.43071,41.51196],[-7.4339,41.51085],[-7.43888,41.50474],[-7.44667,41.49697],[-7.45148,41.49927],[-7.45495,41.50029],[-7.45598,41.49431],[-7.45899,41.49337],[-7.46938,41.49652],[-7.47177,41.49779],[-7.47683,41.4981],[-7.47894,41.49925],[-7.48053,41.49826],[-7.48041,41.49609],[-7.47802,41.49399],[-7.47509,41.48961],[-7.47519,41.48525],[-7.47338,41.48068],[-7.47139,41.47942],[-7.4722,41.47565],[-7.47481,41.47307],[-7.47469,41.47035],[-7.47294,41.46971],[-7.47421,41.46746],[-7.47581,41.46742],[-7.47997,41.46464],[-7.4798,41.46133],[-7.48336,41.46112],[-7.48449,41.46029],[-7.48344,41.45604],[-7.48551,41.45496],[-7.48941,41.45519],[-7.48981,41.45203],[-7.49413,41.44722],[-7.49759,41.44553],[-7.49527,41.44356],[-7.49795,41.44226],[-7.49903,41.43943],[-7.5008,41.43978],[-7.50461,41.44379],[-7.50708,41.44421],[-7.50871,41.44586],[-7.51131,41.44604],[-7.51537,41.44886],[-7.51664,41.44865],[-7.52182,41.45088],[-7.53039,41.44277],[-7.54193,41.43867],[-7.54676,41.43909],[-7.54917,41.43822],[-7.55072,41.44016],[-7.55386,41.43974],[-7.56041,41.43792],[-7.57148,41.42412],[-7.57677,41.4182],[-7.58236,41.4106],[-7.58878,41.40361],[-7.59368,41.39915],[-7.60138,41.39352]]]]}},{"type":"Feature","properties":{"name":"minho","concelho_count":37,"legal":"DO Vinho Verde / Regiao Demarcada dos Vinhos Verdes; union of the nine sub-regions"},"geometry":{"type":"MultiPolygon","coordinates":[[[[-8.49445,41.96603],[-8.50104,41.96058],[-8.50119,41.95738],[-8.50378,41.95454],[-8.50479,41.9482],[-8.50799,41.94431],[-8.50694,41.94142],[-8.5078,41.93777],[-8.50434,41.93488],[-8.50272,41.93141],[-8.49843,41.9289],[-8.49329,41.92334],[-8.49422,41.92121],[-8.49204,41.91615],[-8.49243,41.91487],[-8.48867,41.9123],[-8.49107,41.90773],[-8.48855,41.9015],[-8.49034,41.89692],[-8.49838,41.88897],[-8.49936,41.88478],[-8.50274,41.88494],[-8.50738,41.88303],[-8.50798,41.87886],[-8.51463,41.87535],[-8.5131,41.86814],[-8.51769,41.86475],[-8.52044,41.85958],[-8.52298,41.8577],[-8.5231,41.85443],[-8.52474,41.85715],[-8.52899,41.86076],[-8.53547,41.86088],[-8.5406,41.86257],[-8.55097,41.86429],[-8.55668,41.86846],[-8.56169,41.87029],[-8.57021,41.87007],[-8.57408,41.86465],[-8.57599,41.8632],[-8.58187,41.86364],[-8.58945,41.86587],[-8.5984,41.86536],[-8.60115,41.86227],[-8.60586,41.86136],[-8.61318,41.85274],[-8.62212,41.84434],[-8.62651,41.84798],[-8.63333,41.84879],[-8.63859,41.85424],[-8.64242,41.85552],[-8.64606,41.85881],[-8.65239,41.85638],[-8.65661,41.85838],[-8.66244,41.85396],[-8.66336,41.84862],[-8.66625,41.84679],[-8.6701,41.84675],[-8.67258,41.84434],[-8.67885,41.84101],[-8.67928,41.83582],[-8.67731,41.8297],[-8.67892,41.82349],[-8.68397,41.82224],[-8.68724,41.81945],[-8.68773,41.81691],[-8.69026,41.81415],[-8.70503,41.82105],[-8.71214,41.82476],[-8.71238,41.82176],[-8.71865,41.82106],[-8.72423,41.81861],[-8.73341,41.82506],[-8.73883,41.82621],[-8.74399,41.82971],[-8.74784,41.82775],[-8.75131,41.82399],[-8.75706,41.82109],[-8.75942,41.81886],[-8.7587,41.81135],[-8.75864,41.80368],[-8.75548,41.79681],[-8.76302,41.79554],[-8.76634,41.79674],[-8.76975,41.79472],[-8.77172,41.7982],[-8.76996,41.7998],[-8.77552,41.80181],[-8.7775,41.80131],[-8.7808,41.80318],[-8.7826,41.8008],[-8.78977,41.79978],[-8.79234,41.80034],[-8.79323,41.80315],[-8.79208,41.80576],[-8.80335,41.80448],[-8.80491,41.80227],[-8.81158,41.80185],[-8.82386,41.804],[-8.83112,41.80301],[-8.83516,41.80142],[-8.83756,41.79739],[-8.83736,41.79122],[-8.84375,41.78075],[-8.85235,41.78665],[-8.85501,41.78899],[-8.86273,41.79126],[-8.8698,41.79478],[-8.87426,41.79604],[-8.87183,41.79056],[-8.8725,41.7849],[-8.87155,41.78066],[-8.87279,41.77368],[-8.87871,41.7622],[-8.87819,41.7564],[-8.88106,41.75269],[-8.87958,41.74841],[-8.87803,41.74758],[-8.87828,41.74276],[-8.8754,41.73946],[-8.87515,41.7365],[-8.87172,41.73062],[-8.87198,41.72667],[-8.86911,41.72608],[-8.86733,41.7209],[-8.86339,41.71259],[-8.85678,41.70052],[-8.85289,41.6992],[-8.84889,41.69258],[-8.84641,41.68197],[-8.84134,41.68389],[-8.83873,41.68336],[-8.83637,41.68046],[-8.82916,41.67653],[-8.82573,41.67013],[-8.82511,41.66587],[-8.82619,41.65303],[-8.82733,41.64965],[-8.81996,41.63542],[-8.81947,41.6265],[-8.81557,41.62292],[-8.8131,41.61857],[-8.81157,41.61157],[-8.80855,41.60624],[-8.80729,41.59548],[-8.80592,41.5907],[-8.80639,41.58794],[-8.80457,41.58143],[-8.80226,41.57877],[-8.80212,41.576],[-8.79905,41.57162],[-8.79936,41.56568],[-8.79812,41.56153],[-8.79549,41.55727],[-8.79338,41.5485],[-8.79387,41.54402],[-8.79082,41.5336],[-8.79275,41.52703],[-8.78927,41.51993],[-8.787,41.51369],[-8.78816,41.50779],[-8.79093,41.5021],[-8.78833,41.49963],[-8.78595,41.4951],[-8.78489,41.48956],[-8.78067,41.48573],[-8.7774,41.48134],[-8.77641,41.478],[-8.77643,41.47197],[-8.77646,41.46477],[-8.77869,41.45655],[-8.77849,41.45068],[-8.78002,41.44241],[-8.78467,41.43294],[-8.78433,41.42665],[-8.78605,41.42031],[-8.78891,41.41668],[-8.78661,41.41183],[-8.78087,41.40574],[-8.77892,41.4005],[-8.78073,41.39522],[-8.77851,41.39492],[-8.77508,41.39141],[-8.77543,41.38744],[-8.77215,41.38441],[-8.76972,41.38003],[-8.76741,41.37391],[-8.76332,41.37242],[-8.7678,41.37215],[-8.76597,41.36953],[-8.7617,41.36789],[-8.76089,41.36188],[-8.75749,41.35919],[-8.75505,41.35455],[-8.75426,41.34602],[-8.75509,41.3432],[-8.75321,41.34111],[-8.74606,41.33968],[-8.74114,41.33616],[-8.73987,41.33275],[-8.73939,41.32326],[-8.7414,41.3109],[-8.73829,41.30171],[-8.73829,41.29908],[-8.73542,41.29272],[-8.73365,41.29091],[-8.73204,41.28189],[-8.72975,41.27864],[-8.72986,41.27253],[-8.72718,41.27076],[-8.71685,41.26993],[-8.70862,41.27277],[-8.70598,41.27307],[-8.70215,41.27014],[-8.70137,41.26461],[-8.70277,41.26395],[-8.69851,41.25652],[-8.68997,41.25553],[-8.68684,41.25865],[-8.68277,41.2613],[-8.67496,41.26131],[-8.66585,41.26244],[-8.66232,41.25919],[-8.65808,41.25694],[-8.65255,41.25873],[-8.65059,41.26044],[-8.65393,41.26401],[-8.65272,41.27416],[-8.64882,41.27651],[-8.64163,41.2784],[-8.6368,41.27891],[-8.63007,41.28075],[-8.62782,41.28381],[-8.6252,41.28495],[-8.62319,41.28893],[-8.62366,41.29312],[-8.62178,41.29537],[-8.61292,41.2919],[-8.60783,41.29123],[-8.60803,41.28904],[-8.60391,41.28536],[-8.60201,41.28033],[-8.6004,41.28016],[-8.59109,41.28478],[-8.59115,41.27975],[-8.58934,41.27781],[-8.58318,41.27557],[-8.58312,41.27276],[-8.58116,41.27135],[-8.58087,41.2682],[-8.57611,41.26478],[-8.57612,41.26042],[-8.57053,41.25942],[-8.56744,41.25725],[-8.56497,41.26176],[-8.56334,41.26163],[-8.55987,41.2651],[-8.55681,41.26657],[-8.55635,41.27181],[-8.54901,41.27485],[-8.53743,41.27465],[-8.54004,41.27813],[-8.53631,41.28174],[-8.53199,41.28209],[-8.53044,41.28537],[-8.5196,41.28774],[-8.51553,41.28642],[-8.5156,41.27415],[-8.51985,41.26887],[-8.51511,41.26137],[-8.51302,41.25459],[-8.51251,41.24942],[-8.49601,41.23807],[-8.49197,41.23906],[-8.47036,41.24293],[-8.46379,41.24437],[-8.45405,41.2445],[-8.45235,41.24718],[-8.45216,41.24334],[-8.44011,41.24446],[-8.44289,41.24209],[-8.44697,41.24315],[-8.4502,41.24106],[-8.44921,41.23869],[-8.4426,41.23736],[-8.44381,41.23349],[-8.44032,41.23093],[-8.4415,41.22712],[-8.44058,41.22555],[-8.44272,41.22304],[-8.44404,41.21722],[-8.44651,41.2152],[-8.45092,41.2091],[-8.45219,41.20297],[-8.44657,41.19966],[-8.4466,41.19712],[-8.45133,41.19267],[-8.45756,41.19262],[-8.45649,41.19066],[-8.45839,41.18874],[-8.45176,41.18854],[-8.44844,41.18071],[-8.44491,41.17925],[-8.44233,41.17405],[-8.44389,41.17133],[-8.44204,41.16736],[-8.44385,41.16559],[-8.45073,41.16386],[-8.4677,41.14519],[-8.47397,41.13605],[-8.47042,41.12901],[-8.47056,41.1274],[-8.4675,41.12078],[-8.46373,41.11589],[-8.45736,41.11562],[-8.45528,41.10961],[-8.45277,41.10668],[-8.44911,41.10027],[-8.44254,41.09161],[-8.43681,41.08671],[-8.43126,41.08841],[-8.42439,41.09213],[-8.42166,41.09292],[-8.4197,41.09546],[-8.41284,41.09775],[-8.40688,41.09504],[-8.40172,41.09012],[-8.39705,41.09046],[-8.39276,41.08699],[-8.3842,41.08429],[-8.37907,41.08],[-8.37595,41.07464],[-8.37257,41.07093],[-8.37274,41.06568],[-8.37561,41.06079],[-8.37968,41.05547],[-8.38031,41.05338],[-8.37523,41.05012],[-8.38141,41.04932],[-8.3944,41.05075],[-8.39867,41.05237],[-8.39857,41.04864],[-8.39634,41.04606],[-8.39908,41.04387],[-8.39824,41.03965],[-8.39961,41.03893],[-8.40092,41.03324],[-8.39578,41.02633],[-8.38446,41.02436],[-8.38315,41.02092],[-8.38561,41.01981],[-8.38543,41.01559],[-8.38778,41.01308],[-8.38501,41.01086],[-8.38545,41.00912],[-8.38419,41.00365],[-8.37885,41.00301],[-8.37588,41.00454],[-8.37053,41.00282],[-8.36276,41.00307],[-8.35997,41.00376],[-8.35732,41.00008],[-8.35845,40.99235],[-8.35014,40.9913],[-8.34673,40.99272],[-8.34481,40.98992],[-8.34055,40.98742],[-8.34162,40.9853],[-8.33842,40.98192],[-8.33531,40.98306],[-8.33334,40.98177],[-8.32678,40.9839],[-8.32418,40.98214],[-8.32358,40.97912],[-8.32498,40.97753],[-8.32058,40.96498],[-8.30957,40.96226],[-8.30557,40.96329],[-8.29603,40.96279],[-8.2814,40.9635],[-8.27255,40.96557],[-8.26023,40.9675],[-8.25729,40.96675],[-8.2526,40.96778],[-8.24716,40.96654],[-8.2409,40.96364],[-8.2417,40.96791],[-8.24423,40.97214],[-8.24245,40.9755],[-8.24441,40.98502],[-8.24483,40.99037],[-8.24313,41.00051],[-8.2377,40.99973],[-8.23424,41.00199],[-8.2371,41.00602],[-8.23257,41.0082],[-8.23471,41.01179],[-8.22427,41.01606],[-8.22041,41.01532],[-8.21603,41.01233],[-8.21113,41.01252],[-8.20803,41.01353],[-8.20564,41.00862],[-8.2118,41.00314],[-8.20879,41.00022],[-8.20841,40.99743],[-8.21063,40.99552],[-8.20695,40.99428],[-8.2019,40.99638],[-8.19893,40.99601],[-8.19415,40.99817],[-8.18876,40.99518],[-8.17808,40.9882],[-8.17622,40.98952],[-8.16483,40.98608],[-8.16091,40.98951],[-8.15807,40.98854],[-8.15196,40.98367],[-8.14753,40.98215],[-8.14292,40.97856],[-8.13833,40.97933],[-8.13308,40.97867],[-8.13088,40.98095],[-8.12395,40.98467],[-8.1212,40.98763],[-8.11875,40.99284],[-8.11845,40.99708],[-8.11114,40.99932],[-8.10573,41.00345],[-8.10377,41.00211],[-8.09907,41.01344],[-8.09108,41.00897],[-8.09044,41.00063],[-8.09207,40.99775],[-8.08917,40.98756],[-8.08743,40.98578],[-8.08331,40.98588],[-8.07736,40.98348],[-8.06907,40.98354],[-8.0612,40.98172],[-8.05105,40.98653],[-8.04805,40.98446],[-8.04043,40.98472],[-8.04023,40.98228],[-8.03464,40.97612],[-8.02352,40.96681],[-8.01964,40.96474],[-8.01097,40.96641],[-8.00425,40.96708],[-8.00249,40.96809],[-7.99761,40.96724],[-7.99414,40.96975],[-7.99072,40.97091],[-7.99079,40.97316],[-7.98634,40.97465],[-7.98289,40.97452],[-7.98089,40.97588],[-7.97824,40.97465],[-7.97422,40.97615],[-7.97046,40.97237],[-7.96693,40.97347],[-7.96733,40.97669],[-7.9637,40.97983],[-7.95639,40.98462],[-7.95011,40.99201],[-7.95119,40.9993],[-7.94703,41.00366],[-7.94692,41.00636],[-7.94406,41.01242],[-7.93979,41.01574],[-7.93621,41.0175],[-7.92833,41.0158],[-7.92442,41.01627],[-7.92146,41.01975],[-7.91568,41.01997],[-7.91462,41.02317],[-7.91106,41.02818],[-7.91143,41.03104],[-7.90937,41.03813],[-7.90651,41.04439],[-7.90432,41.0476],[-7.89745,41.05297],[-7.89356,41.05702],[-7.89009,41.05734],[-7.88359,41.06545],[-7.88057,41.07113],[-7.87853,41.07289],[-7.87894,41.07716],[-7.87053,41.08797],[-7.86847,41.094],[-7.86945,41.09717],[-7.86702,41.09963],[-7.86326,41.1004],[-7.86019,41.10283],[-7.85981,41.10539],[-7.8507,41.11111],[-7.85059,41.11435],[-7.85369,41.12086],[-7.86081,41.12654],[-7.85866,41.12906],[-7.86156,41.13164],[-7.86184,41.13414],[-7.87474,41.1445],[-7.87282,41.14756],[-7.87446,41.14936],[-7.88013,41.15051],[-7.88567,41.14096],[-7.88726,41.13422],[-7.88911,41.13299],[-7.89248,41.13472],[-7.8977,41.1312],[-7.89699,41.12726],[-7.89751,41.12387],[-7.9016,41.11931],[-7.90586,41.11874],[-7.91186,41.11989],[-7.91264,41.12915],[-7.91244,41.13299],[-7.9136,41.13496],[-7.91239,41.13854],[-7.90874,41.14272],[-7.90119,41.14727],[-7.90217,41.14908],[-7.9006,41.15238],[-7.9037,41.15474],[-7.89284,41.15952],[-7.88956,41.16294],[-7.89712,41.16706],[-7.89684,41.17104],[-7.89894,41.17286],[-7.89268,41.18079],[-7.89035,41.18276],[-7.89028,41.18633],[-7.88797,41.18909],[-7.88995,41.19582],[-7.89034,41.20244],[-7.8933,41.20603],[-7.89409,41.20924],[-7.89208,41.21066],[-7.89177,41.2137],[-7.88828,41.2178],[-7.88638,41.223],[-7.88178,41.23064],[-7.87908,41.23217],[-7.87937,41.23713],[-7.87785,41.24091],[-7.87558,41.24205],[-7.87979,41.24556],[-7.88697,41.24847],[-7.89573,41.24893],[-7.89494,41.24993],[-7.89582,41.25548],[-7.89423,41.26071],[-7.89693,41.26445],[-7.89639,41.26754],[-7.90265,41.27138],[-7.90888,41.27269],[-7.91621,41.27262],[-7.9151,41.27429],[-7.91413,41.28052],[-7.91859,41.28403],[-7.92137,41.29032],[-7.91788,41.29216],[-7.91539,41.29763],[-7.90764,41.30267],[-7.89901,41.30746],[-7.89744,41.30965],[-7.8984,41.31203],[-7.89582,41.31573],[-7.89201,41.31725],[-7.88642,41.31818],[-7.87778,41.32164],[-7.87008,41.32553],[-7.8655,41.32583],[-7.8614,41.32767],[-7.85296,41.32774],[-7.83987,41.33973],[-7.83428,41.3435],[-7.83094,41.34719],[-7.8196,41.36446],[-7.81929,41.36699],[-7.82164,41.37865],[-7.81645,41.38897],[-7.81594,41.39184],[-7.80797,41.39348],[-7.80577,41.39329],[-7.8007,41.39782],[-7.79488,41.39989],[-7.78869,41.41141],[-7.78167,41.41259],[-7.77323,41.41056],[-7.76785,41.40587],[-7.76704,41.40363],[-7.75818,41.40449],[-7.75446,41.40576],[-7.74728,41.40536],[-7.74498,41.40684],[-7.74273,41.4108],[-7.73763,41.41528],[-7.73484,41.42199],[-7.73464,41.42566],[-7.73299,41.43107],[-7.73234,41.43593],[-7.72922,41.43872],[-7.72652,41.44391],[-7.72845,41.4461],[-7.7337,41.45623],[-7.74283,41.45787],[-7.75172,41.46216],[-7.75498,41.46632],[-7.76614,41.46945],[-7.77709,41.47657],[-7.77925,41.48128],[-7.78256,41.48578],[-7.78278,41.48966],[-7.77997,41.49216],[-7.77432,41.49496],[-7.77216,41.49707],[-7.76704,41.49827],[-7.75974,41.49676],[-7.75667,41.49768],[-7.74983,41.51274],[-7.74745,41.51527],[-7.74174,41.519],[-7.72739,41.51305],[-7.72681,41.5113],[-7.71773,41.50657],[-7.71339,41.51486],[-7.70599,41.51879],[-7.70833,41.52191],[-7.71619,41.52554],[-7.72237,41.53244],[-7.73148,41.53427],[-7.73454,41.53579],[-7.73852,41.54123],[-7.74672,41.54358],[-7.75305,41.54848],[-7.75162,41.55538],[-7.754,41.55918],[-7.74883,41.5607],[-7.7508,41.56412],[-7.74856,41.56553],[-7.7434,41.56402],[-7.73518,41.56482],[-7.73238,41.56897],[-7.73382,41.57125],[-7.72923,41.57583],[-7.72282,41.57886],[-7.72818,41.57985],[-7.7286,41.58293],[-7.73204,41.59114],[-7.7323,41.59751],[-7.7338,41.59948],[-7.72662,41.60161],[-7.72375,41.60415],[-7.71874,41.60691],[-7.71773,41.60861],[-7.71738,41.61921],[-7.71562,41.62114],[-7.70456,41.6261],[-7.70407,41.63165],[-7.7091,41.63484],[-7.71302,41.64044],[-7.71933,41.63937],[-7.72547,41.6461],[-7.7275,41.64598],[-7.72838,41.64928],[-7.73223,41.65239],[-7.73835,41.64953],[-7.7431,41.65052],[-7.75216,41.64711],[-7.75451,41.64511],[-7.75671,41.64082],[-7.75868,41.6323],[-7.76071,41.6206],[-7.76651,41.61396],[-7.76932,41.60904],[-7.77344,41.60382],[-7.77517,41.60036],[-7.78327,41.59418],[-7.78802,41.58692],[-7.79779,41.58887],[-7.80209,41.58865],[-7.80416,41.58463],[-7.80638,41.58552],[-7.81215,41.5785],[-7.81611,41.58121],[-7.82003,41.58053],[-7.81509,41.5854],[-7.81999,41.58778],[-7.82325,41.5943],[-7.82738,41.59856],[-7.82952,41.60222],[-7.8361,41.60675],[-7.8394,41.61087],[-7.84647,41.61386],[-7.85091,41.61507],[-7.85196,41.61187],[-7.85734,41.60142],[-7.86319,41.5995],[-7.86594,41.59547],[-7.87292,41.59205],[-7.87841,41.58859],[-7.88372,41.58807],[-7.89081,41.59325],[-7.89443,41.59185],[-7.89603,41.58966],[-7.90034,41.58734],[-7.90561,41.58697],[-7.91226,41.58796],[-7.92504,41.59186],[-7.92956,41.59468],[-7.93212,41.59527],[-7.94111,41.59456],[-7.94671,41.59608],[-7.95274,41.59313],[-7.95504,41.59476],[-7.96247,41.60213],[-7.96649,41.60392],[-7.9776,41.60297],[-7.98184,41.6008],[-7.98699,41.60079],[-7.98954,41.6019],[-7.99661,41.60308],[-7.99961,41.6081],[-8.00088,41.6162],[-8.00302,41.62088],[-8.00178,41.62908],[-8.00124,41.6409],[-7.99766,41.64242],[-7.9964,41.6472],[-7.99439,41.64792],[-7.99451,41.65093],[-7.99894,41.65335],[-7.99474,41.66364],[-7.98877,41.66649],[-7.98531,41.67039],[-7.98154,41.67806],[-7.98468,41.68182],[-7.98954,41.6826],[-7.99408,41.68652],[-7.99729,41.68783],[-8.00184,41.68821],[-8.00962,41.69057],[-8.01205,41.68945],[-8.01775,41.68907],[-8.0207,41.69415],[-8.02465,41.69798],[-8.02905,41.69769],[-8.0373,41.70075],[-8.03891,41.70059],[-8.04267,41.69664],[-8.048,41.69279],[-8.05917,41.69296],[-8.06527,41.6918],[-8.0718,41.69386],[-8.07376,41.69549],[-8.08093,41.69521],[-8.08628,41.69241],[-8.09395,41.69161],[-8.09795,41.69017],[-8.10072,41.6909],[-8.10406,41.6891],[-8.10876,41.69097],[-8.11199,41.68809],[-8.11553,41.68971],[-8.11947,41.68924],[-8.11622,41.69508],[-8.10902,41.70194],[-8.09444,41.70717],[-8.09348,41.70986],[-8.08782,41.71329],[-8.08638,41.7158],[-8.08453,41.72238],[-8.08174,41.72509],[-8.08207,41.73271],[-8.07832,41.74237],[-8.07808,41.74635],[-8.0765,41.7498],[-8.07289,41.75099],[-8.07036,41.75347],[-8.07082,41.75561],[-8.06428,41.75809],[-8.06113,41.76259],[-8.06234,41.76764],[-8.06181,41.77065],[-8.06363,41.77374],[-8.06058,41.77733],[-8.0626,41.78015],[-8.06261,41.78304],[-8.06423,41.78613],[-8.06085,41.78725],[-8.06149,41.78967],[-8.05953,41.7915],[-8.05728,41.79811],[-8.04872,41.7997],[-8.0451,41.80392],[-8.04515,41.81041],[-8.04889,41.81401],[-8.05038,41.81878],[-8.05319,41.82023],[-8.05519,41.81679],[-8.05766,41.81572],[-8.06357,41.81636],[-8.0655,41.81744],[-8.06989,41.81586],[-8.07274,41.81346],[-8.07908,41.81252],[-8.08525,41.81081],[-8.08728,41.81248],[-8.09329,41.81113],[-8.09392,41.80804],[-8.10234,41.8104],[-8.10455,41.81179],[-8.11502,41.8117],[-8.11665,41.81266],[-8.12101,41.81138],[-8.1236,41.80884],[-8.1309,41.80886],[-8.14743,41.81474],[-8.15433,41.81798],[-8.16501,41.81811],[-8.16344,41.83165],[-8.16177,41.86098],[-8.16638,41.86236],[-8.16617,41.86444],[-8.16851,41.87082],[-8.1693,41.87653],[-8.17172,41.87909],[-8.18288,41.87501],[-8.1934,41.87644],[-8.19952,41.8738],[-8.20082,41.87484],[-8.20047,41.87885],[-8.19796,41.87952],[-8.20052,41.88276],[-8.20129,41.88811],[-8.20487,41.89285],[-8.21543,41.89879],[-8.21428,41.90119],[-8.21694,41.90638],[-8.21585,41.90802],[-8.2169,41.91315],[-8.21254,41.9179],[-8.21022,41.9236],[-8.205,41.92613],[-8.20237,41.92986],[-8.20278,41.93195],[-8.19778,41.93754],[-8.19789,41.93953],[-8.19222,41.94312],[-8.18909,41.94754],[-8.18669,41.94815],[-8.1805,41.95235],[-8.17977,41.95388],[-8.17486,41.95514],[-8.17637,41.95863],[-8.17365,41.96242],[-8.16951,41.96304],[-8.16925,41.9662],[-8.16688,41.96805],[-8.16283,41.97595],[-8.16302,41.98269],[-8.15784,41.98422],[-8.14339,41.9875],[-8.14076,41.98868],[-8.13035,42.00357],[-8.12472,42.00662],[-8.11503,42.00486],[-8.11035,42.0073],[-8.09968,42.00934],[-8.09314,42.01176],[-8.08603,42.01649],[-8.08277,42.02825],[-8.0835,42.03308],[-8.08446,42.04733],[-8.0872,42.05354],[-8.08818,42.05759],[-8.0932,42.06463],[-8.0966,42.07226],[-8.10589,42.07592],[-8.1187,42.08231],[-8.12147,42.08278],[-8.12349,42.08116],[-8.13797,42.07579],[-8.14965,42.07932],[-8.15963,42.07577],[-8.16474,42.07234],[-8.17038,42.06731],[-8.17525,42.06544],[-8.18205,42.06502],[-8.18615,42.07259],[-8.18809,42.07386],[-8.18544,42.07623],[-8.18652,42.08141],[-8.18492,42.08333],[-8.18674,42.08729],[-8.18627,42.08996],[-8.18792,42.09239],[-8.18589,42.09822],[-8.1886,42.10777],[-8.18878,42.11121],[-8.19208,42.11566],[-8.19115,42.11825],[-8.19246,42.12012],[-8.19351,42.12913],[-8.18879,42.13352],[-8.18759,42.13709],[-8.19032,42.13882],[-8.19081,42.14263],[-8.19322,42.14669],[-8.19539,42.1482],[-8.19638,42.15272],[-8.19875,42.15431],[-8.20145,42.15232],[-8.20034,42.14883],[-8.20661,42.14102],[-8.20953,42.13989],[-8.21789,42.13864],[-8.22192,42.13407],[-8.22572,42.13287],[-8.23001,42.13279],[-8.23341,42.13379],[-8.24013,42.13909],[-8.24552,42.13977],[-8.25364,42.13668],[-8.25676,42.13249],[-8.25559,42.12725],[-8.25829,42.12192],[-8.26306,42.12088],[-8.26797,42.12328],[-8.27366,42.12407],[-8.28068,42.11933],[-8.28913,42.11447],[-8.29072,42.11187],[-8.29455,42.11127],[-8.29553,42.10861],[-8.3039,42.10388],[-8.3138,42.10302],[-8.31651,42.10468],[-8.31968,42.10203],[-8.32369,42.10028],[-8.32487,42.09663],[-8.3242,42.09194],[-8.32526,42.08952],[-8.33189,42.08383],[-8.33944,42.08415],[-8.34638,42.08621],[-8.34864,42.088],[-8.3566,42.09027],[-8.36315,42.09044],[-8.36755,42.08863],[-8.37104,42.08831],[-8.37169,42.08656],[-8.37534,42.08377],[-8.3756,42.08225],[-8.38164,42.07635],[-8.38369,42.07703],[-8.39015,42.07508],[-8.39361,42.08018],[-8.40484,42.08043],[-8.40746,42.07866],[-8.4132,42.0768],[-8.41947,42.07311],[-8.42894,42.07229],[-8.43117,42.07285],[-8.43336,42.07648],[-8.43978,42.08141],[-8.44302,42.08238],[-8.45118,42.08269],[-8.4627,42.0812],[-8.47225,42.08138],[-8.47976,42.08068],[-8.48609,42.08191],[-8.49159,42.08079],[-8.49942,42.07821],[-8.50368,42.07766],[-8.51111,42.07804],[-8.51805,42.07956],[-8.52114,42.07933],[-8.52642,42.07705],[-8.52829,42.07265],[-8.52624,42.06938],[-8.52541,42.06372],[-8.52908,42.06061],[-8.54684,42.05399],[-8.54438,42.04663],[-8.54486,42.04193],[-8.54163,42.03648],[-8.5328,42.03038],[-8.53048,42.02696],[-8.52922,42.02133],[-8.53028,42.01724],[-8.52969,42.012],[-8.53372,42.00165],[-8.53429,41.99434],[-8.53583,41.98504],[-8.53612,41.97413],[-8.53475,41.97428],[-8.5192,41.96927],[-8.51635,41.97109],[-8.51149,41.97087],[-8.50247,41.96834],[-8.49864,41.96622],[-8.49445,41.96603]]]]}},{"type":"Feature","properties":{"name":"minho-moncao-melgaco","concelho_count":2,"legal":null},"geometry":{"type":"MultiPolygon","coordinates":[[[[-8.2931,41.99214],[-8.29128,41.98937],[-8.28913,41.97857],[-8.28696,41.97583],[-8.27906,41.97275],[-8.26584,41.981],[-8.26637,41.98342],[-8.26352,41.99283],[-8.26416,41.99734],[-8.25722,42.00668],[-8.25103,42.01217],[-8.23659,42.01429],[-8.22295,42.00686],[-8.21253,42.01433],[-8.204,42.01868],[-8.19987,42.01587],[-8.19402,42.01735],[-8.19178,42.0076],[-8.19471,41.99655],[-8.19172,41.98979],[-8.19734,41.98368],[-8.19829,41.97811],[-8.2048,41.96709],[-8.21096,41.96271],[-8.21532,41.9576],[-8.21698,41.95307],[-8.21765,41.94442],[-8.21507,41.93996],[-8.21433,41.93378],[-8.21054,41.92548],[-8.20781,41.92404],[-8.20237,41.92986],[-8.20278,41.93195],[-8.19778,41.93754],[-8.19789,41.93953],[-8.19222,41.94312],[-8.18909,41.94754],[-8.17486,41.95514],[-8.17637,41.95863],[-8.17365,41.96242],[-8.16951,41.96304],[-8.16283,41.97595],[-8.16302,41.98269],[-8.14339,41.9875],[-8.14076,41.98868],[-8.13035,42.00357],[-8.12472,42.00662],[-8.11503,42.00486],[-8.11035,42.0073],[-8.09968,42.00934],[-8.09314,42.01176],[-8.08603,42.01649],[-8.08277,42.02825],[-8.08446,42.04733],[-8.08818,42.05759],[-8.0932,42.06463],[-8.0966,42.07226],[-8.10589,42.07592],[-8.1187,42.08231],[-8.12349,42.08116],[-8.13797,42.07579],[-8.14965,42.07932],[-8.15963,42.07577],[-8.17038,42.06731],[-8.17525,42.06544],[-8.18205,42.06502],[-8.18615,42.07259],[-8.18544,42.07623],[-8.18652,42.08141],[-8.18492,42.08333],[-8.18792,42.09239],[-8.18589,42.09822],[-8.1886,42.10777],[-8.18878,42.11121],[-8.19208,42.11566],[-8.19351,42.12913],[-8.18879,42.13352],[-8.18759,42.13709],[-8.19032,42.13882],[-8.19081,42.14263],[-8.19539,42.1482],[-8.19638,42.15272],[-8.20145,42.15232],[-8.20034,42.14883],[-8.20661,42.14102],[-8.21789,42.13864],[-8.22192,42.13407],[-8.22572,42.13287],[-8.23341,42.13379],[-8.24013,42.13909],[-8.24552,42.13977],[-8.25364,42.13668],[-8.25676,42.13249],[-8.25559,42.12725],[-8.25829,42.12192],[-8.26306,42.12088],[-8.26797,42.12328],[-8.27366,42.12407],[-8.28913,42.11447],[-8.29072,42.11187],[-8.29455,42.11127],[-8.29553,42.10861],[-8.3039,42.10388],[-8.3138,42.10302],[-8.31651,42.10468],[-8.32369,42.10028],[-8.32526,42.08952],[-8.33189,42.08383],[-8.33944,42.08415],[-8.34638,42.08621],[-8.34864,42.088],[-8.3566,42.09027],[-8.36315,42.09044],[-8.37104,42.08831],[-8.3756,42.08225],[-8.38164,42.07635],[-8.38369,42.07703],[-8.39015,42.07508],[-8.39361,42.08018],[-8.40484,42.08043],[-8.4132,42.0768],[-8.41947,42.07311],[-8.42894,42.07229],[-8.43978,42.08141],[-8.45118,42.08269],[-8.4627,42.0812],[-8.47225,42.08138],[-8.47976,42.08068],[-8.48609,42.08191],[-8.49942,42.07821],[-8.51111,42.07804],[-8.51805,42.07956],[-8.52642,42.07705],[-8.52829,42.07265],[-8.52624,42.06938],[-8.52541,42.06372],[-8.52908,42.06061],[-8.54684,42.05399],[-8.54438,42.04663],[-8.54486,42.04193],[-8.54163,42.03648],[-8.5328,42.03038],[-8.53048,42.02696],[-8.52922,42.02133],[-8.53028,42.01724],[-8.52969,42.012],[-8.53372,42.00165],[-8.53583,41.98504],[-8.53612,41.97413],[-8.53475,41.97428],[-8.5192,41.96927],[-8.51635,41.97109],[-8.51149,41.97087],[-8.50247,41.96834],[-8.49864,41.96622],[-8.48459,41.96584],[-8.47212,41.97337],[-8.46187,41.97101],[-8.45426,41.97355],[-8.4491,41.97255],[-8.43865,41.97369],[-8.43756,41.97637],[-8.43092,41.97758],[-8.42041,41.97645],[-8.40607,41.97638],[-8.40146,41.97566],[-8.39448,41.97839],[-8.38346,41.97831],[-8.37621,41.98149],[-8.37137,41.98063],[-8.36478,41.98162],[-8.36271,41.97994],[-8.35632,41.98387],[-8.35411,41.98283],[-8.34443,41.98553],[-8.3415,41.98947],[-8.33885,41.98783],[-8.33048,41.99128],[-8.33153,41.99458],[-8.32749,41.99632],[-8.31708,41.99473],[-8.3154,41.99613],[-8.30382,41.9952],[-8.29729,41.99226],[-8.2931,41.99214]]]]}},{"type":"Feature","properties":{"name":"minho-lima","concelho_count":4,"legal":null},"geometry":{"type":"MultiPolygon","coordinates":[[[[-8.64328,41.65438],[-8.63762,41.65349],[-8.62864,41.65083],[-8.62989,41.64428],[-8.62694,41.64298],[-8.6219,41.64405],[-8.61644,41.64395],[-8.6083,41.63816],[-8.60503,41.63657],[-8.60413,41.63431],[-8.59889,41.63598],[-8.59708,41.63834],[-8.59175,41.64155],[-8.5851,41.6439],[-8.57731,41.64296],[-8.57038,41.63198],[-8.56808,41.62607],[-8.565,41.62531],[-8.55242,41.62707],[-8.55013,41.62868],[-8.54075,41.63131],[-8.54267,41.63769],[-8.54144,41.6417],[-8.53743,41.64684],[-8.53644,41.64954],[-8.53715,41.6535],[-8.54224,41.66124],[-8.54736,41.66328],[-8.54494,41.66618],[-8.54286,41.67143],[-8.54016,41.67142],[-8.53559,41.67371],[-8.53543,41.67739],[-8.53017,41.68048],[-8.52688,41.67887],[-8.52177,41.67957],[-8.51907,41.69041],[-8.51999,41.69208],[-8.51758,41.69726],[-8.51374,41.7213],[-8.51869,41.72273],[-8.51834,41.72625],[-8.50587,41.73364],[-8.50183,41.7384],[-8.49348,41.74155],[-8.48729,41.73983],[-8.4868,41.73754],[-8.48777,41.72971],[-8.486,41.7272],[-8.4674,41.73144],[-8.46148,41.73226],[-8.45417,41.73571],[-8.45408,41.74067],[-8.44595,41.74402],[-8.44369,41.74711],[-8.43722,41.74779],[-8.43061,41.75361],[-8.42471,41.75517],[-8.41419,41.75899],[-8.40954,41.75949],[-8.3988,41.75779],[-8.3946,41.76111],[-8.38939,41.76026],[-8.38259,41.76137],[-8.37493,41.77039],[-8.37119,41.77061],[-8.36939,41.76748],[-8.36454,41.76285],[-8.36036,41.76289],[-8.35771,41.76105],[-8.35308,41.76115],[-8.34968,41.75979],[-8.34397,41.76255],[-8.3367,41.76465],[-8.33414,41.76355],[-8.33057,41.7649],[-8.32198,41.76405],[-8.31504,41.76186],[-8.30832,41.76107],[-8.30422,41.76252],[-8.29931,41.76837],[-8.29824,41.7763],[-8.29511,41.78053],[-8.29153,41.78194],[-8.28452,41.77879],[-8.27836,41.77495],[-8.27497,41.77086],[-8.27096,41.77144],[-8.26091,41.77839],[-8.24543,41.78291],[-8.24298,41.78745],[-8.24058,41.78887],[-8.23169,41.78742],[-8.22927,41.788],[-8.2261,41.79231],[-8.22169,41.79456],[-8.21403,41.80226],[-8.21202,41.80336],[-8.20558,41.80416],[-8.20375,41.80712],[-8.2003,41.80823],[-8.19666,41.81221],[-8.19319,41.8122],[-8.18989,41.80988],[-8.18328,41.81272],[-8.17671,41.80808],[-8.16865,41.80723],[-8.16597,41.81127],[-8.16344,41.83165],[-8.16177,41.86098],[-8.16638,41.86236],[-8.16617,41.86444],[-8.16851,41.87082],[-8.1693,41.87653],[-8.17172,41.87909],[-8.18288,41.87501],[-8.1934,41.87644],[-8.19952,41.8738],[-8.20129,41.88811],[-8.20487,41.89285],[-8.21543,41.89879],[-8.21428,41.90119],[-8.21694,41.90638],[-8.21585,41.90802],[-8.2169,41.91315],[-8.21254,41.9179],[-8.21028,41.92358],[-8.21433,41.93378],[-8.21507,41.93996],[-8.21765,41.94442],[-8.21698,41.95307],[-8.21532,41.9576],[-8.21096,41.96271],[-8.2048,41.96709],[-8.19829,41.97811],[-8.19734,41.98368],[-8.19172,41.98979],[-8.19236,41.99305],[-8.19471,41.99655],[-8.19178,42.0076],[-8.19402,42.01735],[-8.19987,42.01587],[-8.204,42.01868],[-8.21253,42.01433],[-8.22295,42.00686],[-8.23659,42.01429],[-8.25103,42.01217],[-8.25321,42.01111],[-8.25722,42.00668],[-8.26014,42.002],[-8.26416,41.99734],[-8.26352,41.99283],[-8.26509,41.9895],[-8.26637,41.98342],[-8.26584,41.981],[-8.27906,41.97275],[-8.28696,41.97583],[-8.28913,41.97857],[-8.29069,41.98393],[-8.29128,41.98937],[-8.29284,41.99199],[-8.29729,41.99226],[-8.30382,41.9952],[-8.3154,41.99613],[-8.31708,41.99473],[-8.32239,41.99607],[-8.32749,41.99632],[-8.33153,41.99458],[-8.33048,41.99128],[-8.33885,41.98783],[-8.3415,41.98947],[-8.34443,41.98553],[-8.34833,41.98379],[-8.35411,41.98283],[-8.35632,41.98387],[-8.36271,41.97994],[-8.36478,41.98162],[-8.37137,41.98063],[-8.37621,41.98149],[-8.38346,41.97831],[-8.38789,41.97768],[-8.39448,41.97839],[-8.40146,41.97566],[-8.40607,41.97638],[-8.42041,41.97645],[-8.43092,41.97758],[-8.43351,41.97603],[-8.43756,41.97637],[-8.43865,41.97369],[-8.4491,41.97255],[-8.45426,41.97355],[-8.46187,41.97101],[-8.47212,41.97337],[-8.48459,41.96584],[-8.49445,41.96603],[-8.50104,41.96058],[-8.50119,41.95738],[-8.50378,41.95454],[-8.50479,41.9482],[-8.50799,41.94431],[-8.50694,41.94142],[-8.5078,41.93777],[-8.50434,41.93488],[-8.50272,41.93141],[-8.49843,41.9289],[-8.49329,41.92334],[-8.49422,41.92121],[-8.49243,41.91487],[-8.48867,41.9123],[-8.49107,41.90773],[-8.48855,41.9015],[-8.49034,41.89692],[-8.49838,41.88897],[-8.49936,41.88478],[-8.50274,41.88494],[-8.50738,41.88303],[-8.50798,41.87886],[-8.51463,41.87535],[-8.5131,41.86814],[-8.51769,41.86475],[-8.52044,41.85958],[-8.52298,41.8577],[-8.5231,41.85443],[-8.52474,41.85715],[-8.52899,41.86076],[-8.53547,41.86088],[-8.5406,41.86257],[-8.55097,41.86429],[-8.55668,41.86846],[-8.56169,41.87029],[-8.57021,41.87007],[-8.57599,41.8632],[-8.58187,41.86364],[-8.58945,41.86587],[-8.5984,41.86536],[-8.60115,41.86227],[-8.60586,41.86136],[-8.61318,41.85274],[-8.62212,41.84434],[-8.62651,41.84798],[-8.63333,41.84879],[-8.63859,41.85424],[-8.64242,41.85552],[-8.64606,41.85881],[-8.65239,41.85638],[-8.65661,41.85838],[-8.66244,41.85396],[-8.66336,41.84862],[-8.66625,41.84679],[-8.6701,41.84675],[-8.67258,41.84434],[-8.67885,41.84101],[-8.67928,41.83582],[-8.67731,41.8297],[-8.67892,41.82349],[-8.68397,41.82224],[-8.68724,41.81945],[-8.69026,41.81415],[-8.70503,41.82105],[-8.71214,41.82476],[-8.71238,41.82176],[-8.71865,41.82106],[-8.72423,41.81861],[-8.73341,41.82506],[-8.73883,41.82621],[-8.74399,41.82971],[-8.74784,41.82775],[-8.75131,41.82399],[-8.75706,41.82109],[-8.75942,41.81886],[-8.75864,41.80368],[-8.75548,41.79681],[-8.76302,41.79554],[-8.76634,41.79674],[-8.76975,41.79472],[-8.77172,41.7982],[-8.76996,41.7998],[-8.7808,41.80318],[-8.7826,41.8008],[-8.78977,41.79978],[-8.79234,41.80034],[-8.79323,41.80315],[-8.79208,41.80576],[-8.80335,41.80448],[-8.80491,41.80227],[-8.81158,41.80185],[-8.82386,41.804],[-8.83112,41.80301],[-8.83516,41.80142],[-8.83756,41.79739],[-8.83736,41.79122],[-8.84375,41.78075],[-8.85501,41.78899],[-8.86273,41.79126],[-8.8698,41.79478],[-8.87426,41.79604],[-8.87183,41.79056],[-8.8725,41.7849],[-8.87155,41.78066],[-8.87279,41.77368],[-8.87871,41.7622],[-8.87819,41.7564],[-8.88106,41.75269],[-8.87803,41.74758],[-8.87828,41.74276],[-8.8754,41.73946],[-8.87515,41.7365],[-8.87172,41.73062],[-8.87198,41.72667],[-8.86911,41.72608],[-8.86733,41.7209],[-8.86339,41.71259],[-8.85678,41.70052],[-8.85289,41.6992],[-8.84889,41.69258],[-8.84641,41.68197],[-8.84134,41.68389],[-8.83873,41.68336],[-8.83637,41.68046],[-8.82916,41.67653],[-8.82573,41.67013],[-8.82511,41.66587],[-8.82619,41.65303],[-8.82733,41.64965],[-8.81996,41.63542],[-8.81947,41.6265],[-8.81557,41.62292],[-8.8131,41.61857],[-8.81157,41.61157],[-8.80761,41.6128],[-8.80657,41.60918],[-8.80145,41.60648],[-8.78963,41.61102],[-8.78769,41.6128],[-8.78378,41.61165],[-8.78213,41.61378],[-8.77596,41.61599],[-8.77293,41.61402],[-8.76423,41.61332],[-8.76275,41.61501],[-8.75681,41.61439],[-8.75672,41.62153],[-8.74823,41.62494],[-8.74196,41.61911],[-8.73746,41.62135],[-8.73245,41.62169],[-8.7242,41.63382],[-8.71744,41.63488],[-8.71191,41.63444],[-8.70868,41.63206],[-8.70493,41.63307],[-8.70199,41.63802],[-8.69635,41.64074],[-8.69153,41.63947],[-8.68648,41.64031],[-8.67912,41.63936],[-8.67037,41.64172],[-8.66403,41.64231],[-8.65762,41.63686],[-8.65515,41.63633],[-8.65046,41.63156],[-8.64634,41.63279],[-8.64588,41.63876],[-8.64777,41.64517],[-8.64708,41.64817],[-8.6436,41.65053],[-8.64328,41.65438]]]]}},{"type":"Feature","properties":{"name":"minho-cavado","concelho_count":6,"legal":null},"geometry":{"type":"MultiPolygon","coordinates":[[[[-8.74574,41.46864],[-8.7402,41.46366],[-8.73949,41.46056],[-8.73395,41.4556],[-8.72952,41.45361],[-8.72323,41.45368],[-8.7198,41.45527],[-8.71227,41.45455],[-8.70858,41.45285],[-8.70857,41.45024],[-8.70076,41.44216],[-8.68319,41.44916],[-8.66802,41.44457],[-8.66194,41.44101],[-8.65498,41.43282],[-8.65069,41.4247],[-8.65014,41.41969],[-8.64029,41.41764],[-8.63469,41.41865],[-8.62935,41.41405],[-8.62445,41.41434],[-8.61433,41.42425],[-8.61123,41.42597],[-8.60732,41.43121],[-8.60142,41.43072],[-8.59916,41.43271],[-8.58433,41.43005],[-8.57903,41.42411],[-8.57609,41.42337],[-8.56571,41.42833],[-8.56028,41.42993],[-8.55176,41.43995],[-8.55265,41.44285],[-8.54778,41.44544],[-8.54315,41.45288],[-8.54826,41.45745],[-8.55061,41.45778],[-8.55784,41.46616],[-8.55418,41.47143],[-8.54731,41.47139],[-8.54266,41.47296],[-8.53927,41.477],[-8.536,41.47216],[-8.52961,41.47136],[-8.52654,41.47601],[-8.52032,41.47607],[-8.51367,41.47769],[-8.49029,41.47878],[-8.48125,41.47507],[-8.4719,41.47335],[-8.46243,41.46577],[-8.45715,41.46739],[-8.4495,41.47291],[-8.43533,41.46373],[-8.41002,41.47803],[-8.40511,41.48637],[-8.39442,41.49008],[-8.39177,41.49962],[-8.38925,41.50366],[-8.39382,41.51008],[-8.39182,41.51227],[-8.39191,41.51891],[-8.38296,41.52561],[-8.3788,41.53213],[-8.37438,41.53436],[-8.36402,41.53776],[-8.35802,41.53781],[-8.35179,41.53618],[-8.34825,41.53857],[-8.33232,41.54076],[-8.33024,41.53758],[-8.32085,41.53639],[-8.31809,41.5416],[-8.30551,41.54322],[-8.29587,41.55412],[-8.29662,41.56251],[-8.31035,41.56772],[-8.31194,41.57432],[-8.31694,41.57902],[-8.32176,41.58085],[-8.32832,41.58034],[-8.3421,41.58504],[-8.3442,41.59105],[-8.34261,41.59308],[-8.33562,41.59586],[-8.33487,41.60452],[-8.33689,41.60873],[-8.33762,41.61449],[-8.33977,41.61697],[-8.3357,41.62034],[-8.32534,41.62227],[-8.31945,41.62642],[-8.31792,41.62966],[-8.31986,41.63419],[-8.31418,41.64534],[-8.30848,41.64315],[-8.3057,41.64702],[-8.29533,41.65017],[-8.29392,41.64867],[-8.27936,41.65252],[-8.27386,41.65104],[-8.26218,41.65587],[-8.26045,41.65414],[-8.25071,41.65394],[-8.24633,41.65237],[-8.23939,41.64955],[-8.23231,41.65272],[-8.2204,41.65075],[-8.21059,41.65168],[-8.19802,41.65387],[-8.18971,41.65704],[-8.18368,41.66378],[-8.18399,41.66696],[-8.18104,41.67356],[-8.17667,41.67537],[-8.17266,41.67512],[-8.17177,41.67887],[-8.16852,41.68141],[-8.1529,41.68181],[-8.14526,41.68397],[-8.13757,41.68297],[-8.1339,41.68483],[-8.13104,41.68905],[-8.12003,41.68941],[-8.11622,41.69508],[-8.10902,41.70194],[-8.09444,41.70717],[-8.09348,41.70986],[-8.08782,41.71329],[-8.08453,41.72238],[-8.08174,41.72509],[-8.08207,41.73271],[-8.07832,41.74237],[-8.0765,41.7498],[-8.07036,41.75347],[-8.07082,41.75561],[-8.06428,41.75809],[-8.06113,41.76259],[-8.06181,41.77065],[-8.06363,41.77374],[-8.06058,41.77733],[-8.06423,41.78613],[-8.06085,41.78725],[-8.05728,41.79811],[-8.04872,41.7997],[-8.0451,41.80392],[-8.04515,41.81041],[-8.04889,41.81401],[-8.05038,41.81878],[-8.05319,41.82023],[-8.05766,41.81572],[-8.0655,41.81744],[-8.07274,41.81346],[-8.08525,41.81081],[-8.08728,41.81248],[-8.09329,41.81113],[-8.09392,41.80804],[-8.10455,41.81179],[-8.12101,41.81138],[-8.1236,41.80884],[-8.1309,41.80886],[-8.14743,41.81474],[-8.15433,41.81798],[-8.16501,41.81811],[-8.16597,41.81127],[-8.16865,41.80723],[-8.17671,41.80808],[-8.18328,41.81272],[-8.18989,41.80988],[-8.19666,41.81221],[-8.20558,41.80416],[-8.21403,41.80226],[-8.22169,41.79456],[-8.2261,41.79231],[-8.22927,41.788],[-8.23169,41.78742],[-8.24058,41.78887],[-8.24543,41.78291],[-8.26091,41.77839],[-8.27096,41.77144],[-8.27497,41.77086],[-8.27836,41.77495],[-8.29153,41.78194],[-8.29511,41.78053],[-8.29824,41.7763],[-8.29931,41.76837],[-8.30422,41.76252],[-8.30832,41.76107],[-8.31504,41.76186],[-8.32198,41.76405],[-8.3367,41.76465],[-8.34397,41.76255],[-8.34968,41.75979],[-8.36454,41.76285],[-8.37119,41.77061],[-8.37493,41.77039],[-8.38259,41.76137],[-8.38939,41.76026],[-8.3946,41.76111],[-8.3988,41.75779],[-8.40954,41.75949],[-8.41419,41.75899],[-8.43061,41.75361],[-8.43722,41.74779],[-8.44369,41.74711],[-8.44595,41.74402],[-8.45408,41.74067],[-8.45417,41.73571],[-8.4615,41.73225],[-8.4674,41.73144],[-8.486,41.7272],[-8.48777,41.72971],[-8.48729,41.73983],[-8.49348,41.74155],[-8.50183,41.7384],[-8.50587,41.73364],[-8.51834,41.72625],[-8.51869,41.72273],[-8.51374,41.7213],[-8.51758,41.69726],[-8.51999,41.69208],[-8.51907,41.69041],[-8.52177,41.67957],[-8.52688,41.67887],[-8.53017,41.68048],[-8.53543,41.67739],[-8.53559,41.67371],[-8.54286,41.67143],[-8.54736,41.66328],[-8.54224,41.66124],[-8.53715,41.6535],[-8.53743,41.64684],[-8.54144,41.6417],[-8.54267,41.63769],[-8.54075,41.63131],[-8.55013,41.62868],[-8.55242,41.62707],[-8.565,41.62531],[-8.56808,41.62607],[-8.57038,41.63198],[-8.57731,41.64296],[-8.5851,41.6439],[-8.59175,41.64155],[-8.59889,41.63598],[-8.60413,41.63431],[-8.61644,41.64395],[-8.62694,41.64298],[-8.62989,41.64428],[-8.62864,41.65083],[-8.64328,41.65438],[-8.6436,41.65053],[-8.64708,41.64817],[-8.64777,41.64517],[-8.64588,41.63876],[-8.64634,41.63279],[-8.65046,41.63156],[-8.65515,41.63633],[-8.65762,41.63686],[-8.66403,41.64231],[-8.67037,41.64172],[-8.67912,41.63936],[-8.68648,41.64031],[-8.69153,41.63947],[-8.69635,41.64074],[-8.70199,41.63802],[-8.70493,41.63307],[-8.70868,41.63206],[-8.71191,41.63444],[-8.71744,41.63488],[-8.7242,41.63382],[-8.73245,41.62169],[-8.73746,41.62135],[-8.74196,41.61911],[-8.74823,41.62494],[-8.75672,41.62153],[-8.75681,41.61439],[-8.76275,41.61501],[-8.76423,41.61332],[-8.77293,41.61402],[-8.77596,41.61599],[-8.78213,41.61378],[-8.78378,41.61165],[-8.78963,41.61102],[-8.80145,41.60648],[-8.81151,41.6112],[-8.80791,41.6039],[-8.80639,41.58794],[-8.80457,41.58143],[-8.79905,41.57162],[-8.79936,41.56568],[-8.79549,41.55727],[-8.79338,41.5485],[-8.79387,41.54402],[-8.79082,41.5336],[-8.79275,41.52703],[-8.787,41.51369],[-8.78816,41.50779],[-8.79093,41.5021],[-8.78595,41.4951],[-8.78489,41.48956],[-8.7774,41.48134],[-8.77643,41.47197],[-8.76879,41.46875],[-8.75968,41.4679],[-8.75259,41.46614],[-8.74574,41.46864]]]]}},{"type":"Feature","properties":{"name":"minho-ave","concelho_count":10,"legal":null},"geometry":{"type":"MultiPolygon","coordinates":[[[[-8.62272,41.41487],[-8.62935,41.41405],[-8.63469,41.41865],[-8.64029,41.41764],[-8.64693,41.41855],[-8.65014,41.41969],[-8.65069,41.4247],[-8.65498,41.43282],[-8.6574,41.4363],[-8.66194,41.44101],[-8.66802,41.44457],[-8.68319,41.44916],[-8.70076,41.44216],[-8.70857,41.45024],[-8.70858,41.45285],[-8.71227,41.45455],[-8.7198,41.45527],[-8.72323,41.45368],[-8.72952,41.45361],[-8.73043,41.45516],[-8.73395,41.4556],[-8.73607,41.45852],[-8.73949,41.46056],[-8.7402,41.46366],[-8.74626,41.46859],[-8.74958,41.46659],[-8.75259,41.46614],[-8.75968,41.4679],[-8.76879,41.46875],[-8.77394,41.47053],[-8.77601,41.47025],[-8.77646,41.46477],[-8.77869,41.45655],[-8.77849,41.45068],[-8.78002,41.44241],[-8.78467,41.43294],[-8.78433,41.42665],[-8.78605,41.42031],[-8.78891,41.41668],[-8.78661,41.41183],[-8.78087,41.40574],[-8.77892,41.4005],[-8.78073,41.39522],[-8.77851,41.39492],[-8.77508,41.39141],[-8.77543,41.38744],[-8.77215,41.38441],[-8.76972,41.38003],[-8.76741,41.37391],[-8.76332,41.37242],[-8.7678,41.37215],[-8.76597,41.36953],[-8.7617,41.36789],[-8.76089,41.36188],[-8.75749,41.35919],[-8.75505,41.35455],[-8.75426,41.34602],[-8.75509,41.3432],[-8.75321,41.34111],[-8.74606,41.33968],[-8.74114,41.33616],[-8.73987,41.33275],[-8.73939,41.32326],[-8.7414,41.3109],[-8.73829,41.30171],[-8.73829,41.29908],[-8.73542,41.29272],[-8.73365,41.29091],[-8.73204,41.28189],[-8.72975,41.27864],[-8.72986,41.27253],[-8.72718,41.27076],[-8.71685,41.26993],[-8.70862,41.27277],[-8.70598,41.27307],[-8.70215,41.27014],[-8.70137,41.26461],[-8.70277,41.26395],[-8.69851,41.25652],[-8.68997,41.25553],[-8.68684,41.25865],[-8.68277,41.2613],[-8.67496,41.26131],[-8.66585,41.26244],[-8.66232,41.25919],[-8.65808,41.25694],[-8.65255,41.25873],[-8.65059,41.26044],[-8.65393,41.26401],[-8.65272,41.27416],[-8.64882,41.27651],[-8.64163,41.2784],[-8.6368,41.27891],[-8.63007,41.28075],[-8.62782,41.28381],[-8.6252,41.28495],[-8.62319,41.28893],[-8.62366,41.29312],[-8.62178,41.29537],[-8.6163,41.2937],[-8.61292,41.2919],[-8.60783,41.29123],[-8.60803,41.28904],[-8.60391,41.28536],[-8.60201,41.28033],[-8.6004,41.28016],[-8.59109,41.28478],[-8.59115,41.27975],[-8.58934,41.27781],[-8.58318,41.27557],[-8.58312,41.27276],[-8.58116,41.27135],[-8.58087,41.2682],[-8.57611,41.26478],[-8.57612,41.26042],[-8.57053,41.25942],[-8.56744,41.25725],[-8.56497,41.26176],[-8.56334,41.26163],[-8.55987,41.2651],[-8.55681,41.26657],[-8.55635,41.27181],[-8.54901,41.27485],[-8.53743,41.27465],[-8.54004,41.27813],[-8.53631,41.28174],[-8.53199,41.28209],[-8.53044,41.28537],[-8.5196,41.28774],[-8.51553,41.28642],[-8.5156,41.27415],[-8.51985,41.26887],[-8.51511,41.26137],[-8.51302,41.25459],[-8.51251,41.24942],[-8.49601,41.23807],[-8.49197,41.23906],[-8.47036,41.24293],[-8.46379,41.24437],[-8.45405,41.2445],[-8.45235,41.24718],[-8.4492,41.25975],[-8.45033,41.26203],[-8.4421,41.27079],[-8.43381,41.27797],[-8.42927,41.28689],[-8.42889,41.28919],[-8.4299,41.29797],[-8.42097,41.30203],[-8.4167,41.30262],[-8.41436,41.30445],[-8.40863,41.30529],[-8.40002,41.30917],[-8.39603,41.31288],[-8.39497,41.31682],[-8.39184,41.32137],[-8.39573,41.32675],[-8.3998,41.32916],[-8.39549,41.33092],[-8.39367,41.33354],[-8.3893,41.33464],[-8.38424,41.33722],[-8.37572,41.3358],[-8.37216,41.33288],[-8.35425,41.33398],[-8.35181,41.33371],[-8.34699,41.33589],[-8.33975,41.33497],[-8.32908,41.34178],[-8.32046,41.34565],[-8.31869,41.34704],[-8.31645,41.35126],[-8.30993,41.34991],[-8.30846,41.34741],[-8.30332,41.34296],[-8.30123,41.34396],[-8.29461,41.34264],[-8.28987,41.34329],[-8.28714,41.34155],[-8.28198,41.3447],[-8.27838,41.34583],[-8.27703,41.35661],[-8.27592,41.36089],[-8.27377,41.36313],[-8.27428,41.36487],[-8.2783,41.36722],[-8.27789,41.36937],[-8.27325,41.37174],[-8.27086,41.37099],[-8.26814,41.37258],[-8.26842,41.37443],[-8.26583,41.37732],[-8.25977,41.37859],[-8.25899,41.38064],[-8.255,41.38465],[-8.249,41.38864],[-8.2462,41.3896],[-8.24712,41.39196],[-8.24107,41.39379],[-8.23457,41.3928],[-8.22869,41.39522],[-8.22669,41.39299],[-8.22282,41.39487],[-8.22037,41.3977],[-8.22192,41.39981],[-8.2217,41.40251],[-8.22402,41.40611],[-8.22331,41.40872],[-8.22301,41.40994],[-8.2154,41.41187],[-8.20891,41.41144],[-8.20058,41.40884],[-8.18552,41.40997],[-8.18051,41.40251],[-8.17897,41.39713],[-8.17482,41.39967],[-8.16584,41.4003],[-8.15995,41.39214],[-8.16051,41.38963],[-8.15995,41.38319],[-8.15882,41.38116],[-8.14556,41.37889],[-8.14038,41.37836],[-8.13838,41.37424],[-8.13321,41.37283],[-8.12989,41.3744],[-8.12676,41.37445],[-8.12472,41.37607],[-8.12071,41.37643],[-8.11695,41.37891],[-8.1168,41.38518],[-8.1131,41.38886],[-8.11748,41.39128],[-8.1098,41.3949],[-8.11187,41.39744],[-8.1099,41.39923],[-8.10863,41.40626],[-8.10581,41.41086],[-8.10675,41.41426],[-8.10912,41.41553],[-8.10908,41.41995],[-8.11053,41.42111],[-8.106,41.42512],[-8.10374,41.42422],[-8.09957,41.42579],[-8.10017,41.43782],[-8.09828,41.44043],[-8.08173,41.44759],[-8.07878,41.45074],[-8.07978,41.45242],[-8.07401,41.45624],[-8.07005,41.45969],[-8.0701,41.4661],[-8.07352,41.47367],[-8.06832,41.47938],[-8.06642,41.48256],[-8.06655,41.4881],[-8.06156,41.49507],[-8.06069,41.49778],[-8.05596,41.50094],[-8.0571,41.50416],[-8.05757,41.51272],[-8.05543,41.52263],[-8.05519,41.53052],[-8.05645,41.53496],[-8.0621,41.54444],[-8.06715,41.54928],[-8.06884,41.55183],[-8.0689,41.55514],[-8.06701,41.55752],[-8.06358,41.55695],[-8.06083,41.56038],[-8.06613,41.56466],[-8.06496,41.56888],[-8.06081,41.57117],[-8.06155,41.57379],[-8.05887,41.57672],[-8.05614,41.57776],[-8.05428,41.58341],[-8.04337,41.59296],[-8.04049,41.59324],[-8.03273,41.59666],[-8.02557,41.59854],[-8.01698,41.60757],[-8.01087,41.61061],[-8.00766,41.61469],[-8.00233,41.61683],[-8.00302,41.62088],[-8.00178,41.62908],[-8.00124,41.6409],[-7.99766,41.64242],[-7.9964,41.6472],[-7.99439,41.64792],[-7.99451,41.65093],[-7.99894,41.65335],[-7.99474,41.66364],[-7.98877,41.66649],[-7.98531,41.67039],[-7.98154,41.67806],[-7.98468,41.68182],[-7.98954,41.6826],[-7.99408,41.68652],[-7.99729,41.68783],[-7.99937,41.6866],[-8.00184,41.68821],[-8.00962,41.69057],[-8.01205,41.68945],[-8.01775,41.68907],[-8.0207,41.69415],[-8.02465,41.69798],[-8.02905,41.69769],[-8.0373,41.70075],[-8.03891,41.70059],[-8.04267,41.69664],[-8.048,41.69279],[-8.05917,41.69296],[-8.06527,41.6918],[-8.0718,41.69386],[-8.07376,41.69549],[-8.08093,41.69521],[-8.08628,41.69241],[-8.09395,41.69161],[-8.09795,41.69017],[-8.10072,41.6909],[-8.10406,41.6891],[-8.10876,41.69097],[-8.11199,41.68809],[-8.11553,41.68971],[-8.12812,41.68971],[-8.13104,41.68905],[-8.1339,41.68483],[-8.13757,41.68297],[-8.14526,41.68397],[-8.1529,41.68181],[-8.16852,41.68141],[-8.17177,41.67887],[-8.17266,41.67512],[-8.17667,41.67537],[-8.18104,41.67356],[-8.18399,41.66696],[-8.18368,41.66378],[-8.18738,41.66066],[-8.18971,41.65704],[-8.19802,41.65387],[-8.21059,41.65168],[-8.2204,41.65075],[-8.23231,41.65272],[-8.23939,41.64955],[-8.24044,41.65037],[-8.25071,41.65394],[-8.25943,41.65392],[-8.26113,41.65571],[-8.26548,41.65504],[-8.26765,41.6531],[-8.27167,41.65282],[-8.27386,41.65104],[-8.27936,41.65252],[-8.28367,41.65215],[-8.28505,41.6506],[-8.29392,41.64867],[-8.29533,41.65017],[-8.3057,41.64702],[-8.30848,41.64315],[-8.31418,41.64534],[-8.31632,41.64241],[-8.31986,41.63419],[-8.31792,41.62966],[-8.31945,41.62642],[-8.32534,41.62227],[-8.3357,41.62034],[-8.33977,41.61697],[-8.33762,41.61449],[-8.33689,41.60873],[-8.33487,41.60452],[-8.33562,41.59586],[-8.34261,41.59308],[-8.3442,41.59105],[-8.3421,41.58504],[-8.33703,41.58295],[-8.32832,41.58034],[-8.32176,41.58085],[-8.31694,41.57902],[-8.31194,41.57432],[-8.31035,41.56772],[-8.29662,41.56251],[-8.29587,41.55412],[-8.29775,41.5513],[-8.30551,41.54322],[-8.31809,41.5416],[-8.32085,41.53639],[-8.32457,41.53633],[-8.33024,41.53758],[-8.33232,41.54076],[-8.34047,41.53929],[-8.34825,41.53857],[-8.35179,41.53618],[-8.35802,41.53781],[-8.36402,41.53776],[-8.37438,41.53436],[-8.3788,41.53213],[-8.38296,41.52561],[-8.39191,41.51891],[-8.39182,41.51227],[-8.39382,41.51008],[-8.38925,41.50366],[-8.39177,41.49962],[-8.39442,41.49008],[-8.40511,41.48637],[-8.40801,41.48237],[-8.41002,41.47803],[-8.43533,41.46373],[-8.4495,41.47291],[-8.45715,41.46739],[-8.46243,41.46577],[-8.46685,41.46868],[-8.4719,41.47335],[-8.47678,41.47491],[-8.48125,41.47507],[-8.49029,41.47878],[-8.51367,41.47769],[-8.51834,41.47786],[-8.52032,41.47607],[-8.52654,41.47601],[-8.52961,41.47136],[-8.536,41.47216],[-8.53927,41.477],[-8.54266,41.47296],[-8.54731,41.47139],[-8.55418,41.47143],[-8.55647,41.46837],[-8.56397,41.47076],[-8.56011,41.46639],[-8.55784,41.46616],[-8.55428,41.46203],[-8.55198,41.46109],[-8.55061,41.45778],[-8.54826,41.45745],[-8.54606,41.4545],[-8.54315,41.45288],[-8.54778,41.44544],[-8.55118,41.44473],[-8.55265,41.44285],[-8.55176,41.43995],[-8.56028,41.42993],[-8.56571,41.42833],[-8.56976,41.42568],[-8.57609,41.42337],[-8.57903,41.42411],[-8.58433,41.43005],[-8.59916,41.43271],[-8.60142,41.43072],[-8.60732,41.43121],[-8.61123,41.42597],[-8.61433,41.42425],[-8.62206,41.4163],[-8.62272,41.41487]]]]}},{"type":"Feature","properties":{"name":"minho-basto","concelho_count":4,"legal":null},"geometry":{"type":"MultiPolygon","coordinates":[[[[-8.06631,41.48794],[-8.06642,41.48256],[-8.06832,41.47938],[-8.07352,41.47367],[-8.0701,41.4661],[-8.07005,41.45969],[-8.07401,41.45624],[-8.07978,41.45242],[-8.07878,41.45074],[-8.08173,41.44759],[-8.09828,41.44043],[-8.10017,41.43782],[-8.09957,41.42579],[-8.10374,41.42422],[-8.106,41.42512],[-8.11053,41.42111],[-8.10908,41.41995],[-8.10912,41.41553],[-8.10675,41.41426],[-8.10581,41.41086],[-8.10863,41.40626],[-8.1099,41.39923],[-8.11187,41.39744],[-8.1098,41.3949],[-8.11748,41.39128],[-8.1131,41.38886],[-8.1168,41.38518],[-8.11695,41.37891],[-8.12071,41.37643],[-8.12472,41.37607],[-8.13321,41.37283],[-8.14028,41.37295],[-8.14271,41.37159],[-8.14293,41.36858],[-8.14614,41.36418],[-8.14661,41.36085],[-8.1436,41.35973],[-8.13778,41.36049],[-8.1351,41.35718],[-8.13076,41.35532],[-8.13154,41.35228],[-8.13015,41.34858],[-8.12091,41.34487],[-8.11967,41.34316],[-8.11552,41.34638],[-8.10857,41.3404],[-8.10322,41.33834],[-8.09574,41.33826],[-8.09478,41.33645],[-8.0906,41.33557],[-8.08631,41.32941],[-8.08019,41.33102],[-8.07772,41.33442],[-8.07713,41.3381],[-8.07004,41.34328],[-8.06537,41.34328],[-8.06563,41.3388],[-8.06328,41.33917],[-8.05768,41.33312],[-8.04905,41.33181],[-8.04635,41.32661],[-8.04074,41.32178],[-8.03574,41.3188],[-8.02897,41.31908],[-8.02277,41.32203],[-8.01999,41.32451],[-8.02296,41.32793],[-8.02162,41.32909],[-8.01215,41.33039],[-8.00867,41.33201],[-8.00887,41.33545],[-8.00612,41.33772],[-8.00406,41.3418],[-7.99782,41.34262],[-7.98872,41.34723],[-7.98915,41.35116],[-7.98741,41.35643],[-7.98332,41.35875],[-7.9809,41.36183],[-7.98112,41.36604],[-7.97753,41.37027],[-7.97593,41.37438],[-7.97417,41.3752],[-7.96986,41.3723],[-7.97258,41.36032],[-7.95945,41.35844],[-7.95599,41.35874],[-7.95415,41.35632],[-7.94791,41.35347],[-7.94783,41.34889],[-7.94962,41.34644],[-7.95671,41.34288],[-7.95835,41.34337],[-7.96104,41.336],[-7.96403,41.33323],[-7.96398,41.32963],[-7.96034,41.32753],[-7.9582,41.32436],[-7.95574,41.32315],[-7.94837,41.32355],[-7.94081,41.3215],[-7.93982,41.32218],[-7.92927,41.31803],[-7.92879,41.31602],[-7.92439,41.31437],[-7.91936,41.31092],[-7.91377,41.30552],[-7.90736,41.30307],[-7.89901,41.30746],[-7.89744,41.30965],[-7.8984,41.31203],[-7.89582,41.31573],[-7.89201,41.31725],[-7.88642,41.31818],[-7.87778,41.32164],[-7.87008,41.32553],[-7.8655,41.32583],[-7.8614,41.32767],[-7.85296,41.32774],[-7.83987,41.33973],[-7.83428,41.3435],[-7.83094,41.34719],[-7.8196,41.36446],[-7.81929,41.36699],[-7.82164,41.37865],[-7.81645,41.38897],[-7.81594,41.39184],[-7.80797,41.39348],[-7.80577,41.39329],[-7.8007,41.39782],[-7.79488,41.39989],[-7.78869,41.41141],[-7.78167,41.41259],[-7.77323,41.41056],[-7.76785,41.40587],[-7.76704,41.40363],[-7.75818,41.40449],[-7.75446,41.40576],[-7.74728,41.40536],[-7.74498,41.40684],[-7.74273,41.4108],[-7.73763,41.41528],[-7.73484,41.42199],[-7.73464,41.42566],[-7.73234,41.43593],[-7.72922,41.43872],[-7.72652,41.44391],[-7.72845,41.4461],[-7.7337,41.45623],[-7.74283,41.45787],[-7.75172,41.46216],[-7.75498,41.46632],[-7.76614,41.46945],[-7.77709,41.47657],[-7.77925,41.48128],[-7.78256,41.48578],[-7.78278,41.48966],[-7.77997,41.49216],[-7.77432,41.49496],[-7.77216,41.49707],[-7.76704,41.49827],[-7.75974,41.49676],[-7.75667,41.49768],[-7.74983,41.51274],[-7.74745,41.51527],[-7.74174,41.519],[-7.72739,41.51305],[-7.72681,41.5113],[-7.71773,41.50657],[-7.71339,41.51486],[-7.70599,41.51879],[-7.70833,41.52191],[-7.71619,41.52554],[-7.72237,41.53244],[-7.73148,41.53427],[-7.73454,41.53579],[-7.73852,41.54123],[-7.74672,41.54358],[-7.75305,41.54848],[-7.75162,41.55538],[-7.754,41.55918],[-7.74883,41.5607],[-7.7508,41.56412],[-7.74856,41.56553],[-7.7434,41.56402],[-7.73518,41.56482],[-7.73238,41.56897],[-7.73382,41.57125],[-7.72923,41.57583],[-7.72282,41.57886],[-7.72818,41.57985],[-7.7286,41.58293],[-7.73204,41.59114],[-7.7323,41.59751],[-7.7338,41.59948],[-7.72662,41.60161],[-7.72375,41.60415],[-7.71874,41.60691],[-7.71773,41.60861],[-7.71738,41.61921],[-7.71562,41.62114],[-7.70456,41.6261],[-7.70407,41.63165],[-7.7091,41.63484],[-7.71302,41.64044],[-7.71933,41.63937],[-7.72838,41.64928],[-7.73223,41.65239],[-7.73835,41.64953],[-7.7431,41.65052],[-7.75216,41.64711],[-7.75451,41.64511],[-7.75671,41.64082],[-7.75868,41.6323],[-7.76071,41.6206],[-7.76651,41.61396],[-7.76932,41.60904],[-7.77344,41.60382],[-7.77517,41.60036],[-7.78327,41.59418],[-7.78802,41.58692],[-7.79779,41.58887],[-7.80209,41.58865],[-7.80416,41.58463],[-7.80638,41.58552],[-7.81215,41.5785],[-7.81611,41.58121],[-7.81509,41.5854],[-7.81999,41.58778],[-7.82325,41.5943],[-7.82738,41.59856],[-7.82952,41.60222],[-7.8361,41.60675],[-7.8394,41.61087],[-7.84647,41.61386],[-7.85091,41.61507],[-7.85196,41.61187],[-7.85734,41.60142],[-7.86319,41.5995],[-7.86594,41.59547],[-7.87292,41.59205],[-7.87841,41.58859],[-7.88372,41.58807],[-7.89081,41.59325],[-7.89443,41.59185],[-7.89603,41.58966],[-7.90034,41.58734],[-7.90561,41.58697],[-7.91226,41.58796],[-7.92504,41.59186],[-7.93212,41.59527],[-7.94111,41.59456],[-7.94671,41.59608],[-7.95274,41.59313],[-7.95504,41.59476],[-7.96247,41.60213],[-7.96649,41.60392],[-7.9776,41.60297],[-7.98184,41.6008],[-7.98699,41.60079],[-7.98954,41.6019],[-7.99661,41.60308],[-7.99961,41.6081],[-8.00042,41.61554],[-8.00233,41.61683],[-8.00766,41.61469],[-8.01087,41.61061],[-8.01698,41.60757],[-8.02557,41.59854],[-8.03273,41.59666],[-8.04049,41.59324],[-8.04337,41.59296],[-8.05428,41.58341],[-8.05614,41.57776],[-8.05887,41.57672],[-8.06155,41.57379],[-8.06081,41.57117],[-8.06496,41.56888],[-8.06613,41.56466],[-8.06083,41.56038],[-8.06358,41.55695],[-8.06701,41.55752],[-8.0689,41.55514],[-8.06884,41.55183],[-8.06715,41.54928],[-8.0621,41.54444],[-8.05645,41.53496],[-8.05519,41.53052],[-8.05543,41.52263],[-8.05757,41.51272],[-8.0571,41.50416],[-8.05596,41.50094],[-8.06069,41.49778],[-8.06229,41.49385],[-8.06631,41.48794]]]]}},{"type":"Feature","properties":{"name":"minho-sousa","concelho_count":5,"legal":null},"geometry":{"type":"MultiPolygon","coordinates":[[[[-8.44011,41.24446],[-8.44289,41.24209],[-8.44697,41.24315],[-8.4502,41.24106],[-8.44921,41.23869],[-8.4426,41.23736],[-8.44381,41.23349],[-8.44032,41.23093],[-8.4415,41.22712],[-8.44058,41.22555],[-8.44272,41.22304],[-8.44404,41.21722],[-8.44651,41.2152],[-8.44889,41.21112],[-8.45092,41.2091],[-8.45219,41.20297],[-8.44657,41.19966],[-8.4466,41.19712],[-8.45133,41.19267],[-8.45756,41.19262],[-8.45649,41.19066],[-8.45839,41.18874],[-8.45176,41.18854],[-8.45042,41.18651],[-8.44844,41.18071],[-8.44491,41.17925],[-8.44233,41.17405],[-8.44389,41.17133],[-8.44204,41.16736],[-8.44385,41.16559],[-8.45073,41.16386],[-8.4677,41.14519],[-8.47397,41.13605],[-8.47042,41.12901],[-8.47056,41.1274],[-8.4675,41.12078],[-8.46373,41.11589],[-8.45736,41.11562],[-8.45528,41.10961],[-8.45277,41.10668],[-8.44911,41.10027],[-8.44254,41.09161],[-8.43681,41.08671],[-8.43126,41.08841],[-8.42439,41.09213],[-8.42166,41.09292],[-8.4197,41.09546],[-8.41284,41.09775],[-8.40688,41.09504],[-8.40172,41.09012],[-8.39705,41.09046],[-8.39276,41.08699],[-8.3842,41.08429],[-8.3818,41.08166],[-8.37907,41.08],[-8.37595,41.07464],[-8.37257,41.07093],[-8.37337,41.06741],[-8.37274,41.06568],[-8.37561,41.06079],[-8.37968,41.05547],[-8.38031,41.05338],[-8.37588,41.05134],[-8.37523,41.05012],[-8.37052,41.05071],[-8.36653,41.04912],[-8.36194,41.04564],[-8.35839,41.04216],[-8.35216,41.0401],[-8.34729,41.04061],[-8.3428,41.04289],[-8.33669,41.0492],[-8.3336,41.05331],[-8.32579,41.05837],[-8.31471,41.0584],[-8.30997,41.06261],[-8.30374,41.06674],[-8.3007,41.06972],[-8.29829,41.07697],[-8.29298,41.08182],[-8.28944,41.08716],[-8.28402,41.09244],[-8.2807,41.09445],[-8.2721,41.09602],[-8.26858,41.09609],[-8.26329,41.09727],[-8.25851,41.09751],[-8.25214,41.10092],[-8.24886,41.10879],[-8.24679,41.11132],[-8.24049,41.11732],[-8.23512,41.12125],[-8.23059,41.1259],[-8.22808,41.12769],[-8.22651,41.13036],[-8.23094,41.13216],[-8.23004,41.1375],[-8.23061,41.14223],[-8.22898,41.14402],[-8.22272,41.14607],[-8.21731,41.14694],[-8.21307,41.14908],[-8.20937,41.15176],[-8.20636,41.15136],[-8.20326,41.15227],[-8.19886,41.15732],[-8.19459,41.16032],[-8.19145,41.16575],[-8.19503,41.17055],[-8.19769,41.17204],[-8.20327,41.16777],[-8.20693,41.16768],[-8.2109,41.17023],[-8.2088,41.17684],[-8.21108,41.17877],[-8.22299,41.18149],[-8.22676,41.18278],[-8.23382,41.18755],[-8.23381,41.18965],[-8.2365,41.1944],[-8.2357,41.19705],[-8.23265,41.19958],[-8.2314,41.20526],[-8.22652,41.20758],[-8.22285,41.21145],[-8.21778,41.21509],[-8.21482,41.21499],[-8.21184,41.21671],[-8.20678,41.21848],[-8.20009,41.21759],[-8.19575,41.21842],[-8.19195,41.21804],[-8.19246,41.21999],[-8.18829,41.22067],[-8.18472,41.2171],[-8.18121,41.21581],[-8.17664,41.21606],[-8.17097,41.21949],[-8.16922,41.22155],[-8.17002,41.22575],[-8.17195,41.22681],[-8.17351,41.23387],[-8.17619,41.23321],[-8.17946,41.23528],[-8.18322,41.23563],[-8.18726,41.23758],[-8.19006,41.23758],[-8.19141,41.23892],[-8.18961,41.24096],[-8.19362,41.24269],[-8.19859,41.24119],[-8.20189,41.24104],[-8.2049,41.24305],[-8.20677,41.24579],[-8.21072,41.24561],[-8.21255,41.24458],[-8.21575,41.24531],[-8.21631,41.25015],[-8.21127,41.25808],[-8.21148,41.26431],[-8.20899,41.26598],[-8.20829,41.27094],[-8.20975,41.27646],[-8.20734,41.2782],[-8.20503,41.28224],[-8.19951,41.28624],[-8.19667,41.28667],[-8.19185,41.29045],[-8.19294,41.29445],[-8.18498,41.30239],[-8.18001,41.30217],[-8.17162,41.31117],[-8.16347,41.31418],[-8.15018,41.31177],[-8.14661,41.31344],[-8.14677,41.31596],[-8.144,41.31736],[-8.14097,41.31568],[-8.13678,41.31485],[-8.13126,41.31481],[-8.12908,41.31684],[-8.12192,41.31862],[-8.1208,41.32481],[-8.11601,41.328],[-8.11529,41.32997],[-8.11203,41.3286],[-8.10974,41.33138],[-8.11146,41.33234],[-8.11316,41.3358],[-8.11197,41.33858],[-8.11528,41.34022],[-8.11875,41.34379],[-8.12502,41.34696],[-8.13015,41.34858],[-8.13154,41.35228],[-8.13076,41.35532],[-8.1351,41.35718],[-8.13778,41.36049],[-8.14084,41.36081],[-8.1436,41.35973],[-8.14661,41.36085],[-8.14614,41.36418],[-8.14293,41.36858],[-8.14271,41.37159],[-8.13838,41.37424],[-8.14038,41.37836],[-8.14332,41.37795],[-8.14556,41.37889],[-8.15882,41.38116],[-8.15995,41.38319],[-8.16051,41.38963],[-8.15995,41.39214],[-8.16189,41.39288],[-8.16241,41.395],[-8.16584,41.4003],[-8.1697,41.40046],[-8.17482,41.39967],[-8.17897,41.39713],[-8.18051,41.40251],[-8.18552,41.40997],[-8.20058,41.40884],[-8.20891,41.41144],[-8.2154,41.41187],[-8.22301,41.40994],[-8.22205,41.40686],[-8.22402,41.40611],[-8.2217,41.40251],[-8.22192,41.39981],[-8.22037,41.3977],[-8.22282,41.39487],[-8.2222,41.3936],[-8.22669,41.39299],[-8.22869,41.39522],[-8.23457,41.3928],[-8.24107,41.39379],[-8.24712,41.39196],[-8.2462,41.3896],[-8.249,41.38864],[-8.255,41.38465],[-8.25899,41.38064],[-8.25977,41.37859],[-8.26583,41.37732],[-8.26842,41.37443],[-8.26814,41.37258],[-8.27086,41.37099],[-8.27325,41.37174],[-8.27789,41.36937],[-8.2783,41.36722],[-8.27428,41.36487],[-8.27377,41.36313],[-8.27592,41.36089],[-8.27703,41.35661],[-8.27838,41.34583],[-8.28198,41.3447],[-8.28714,41.34155],[-8.28987,41.34329],[-8.29461,41.34264],[-8.30123,41.34396],[-8.30332,41.34296],[-8.30846,41.34741],[-8.30993,41.34991],[-8.31645,41.35126],[-8.31869,41.34704],[-8.32046,41.34565],[-8.32908,41.34178],[-8.33975,41.33497],[-8.34699,41.33589],[-8.35181,41.33371],[-8.35425,41.33398],[-8.3661,41.33328],[-8.36995,41.33244],[-8.37216,41.33288],[-8.37572,41.3358],[-8.38424,41.33722],[-8.3893,41.33464],[-8.39367,41.33354],[-8.39549,41.33092],[-8.3998,41.32916],[-8.39573,41.32675],[-8.39184,41.32137],[-8.39222,41.31954],[-8.39497,41.31682],[-8.39603,41.31288],[-8.40002,41.30917],[-8.40863,41.30529],[-8.40944,41.30614],[-8.41436,41.30445],[-8.4167,41.30262],[-8.42097,41.30203],[-8.4299,41.29797],[-8.42889,41.28919],[-8.42927,41.28689],[-8.43381,41.27797],[-8.4421,41.27079],[-8.45033,41.26203],[-8.4492,41.25975],[-8.45243,41.24642],[-8.45216,41.24334],[-8.44011,41.24446]]]]}},{"type":"Feature","properties":{"name":"minho-amarante","concelho_count":2,"legal":null},"geometry":{"type":"MultiPolygon","coordinates":[[[[-8.17351,41.23387],[-8.17195,41.22681],[-8.17002,41.22575],[-8.16922,41.22155],[-8.17097,41.21949],[-8.17664,41.21606],[-8.18121,41.21581],[-8.18472,41.2171],[-8.18829,41.22067],[-8.19026,41.22121],[-8.19246,41.21999],[-8.19195,41.21804],[-8.19575,41.21842],[-8.20009,41.21759],[-8.20678,41.21848],[-8.21184,41.21671],[-8.21482,41.21499],[-8.21778,41.21509],[-8.22285,41.21145],[-8.22652,41.20758],[-8.2314,41.20526],[-8.23057,41.20425],[-8.23212,41.20244],[-8.23265,41.19958],[-8.2357,41.19705],[-8.2365,41.1944],[-8.23381,41.18965],[-8.23382,41.18755],[-8.22676,41.18278],[-8.22299,41.18149],[-8.21108,41.17877],[-8.2088,41.17684],[-8.2109,41.17023],[-8.20693,41.16768],[-8.20327,41.16777],[-8.19769,41.17204],[-8.19503,41.17055],[-8.19145,41.16575],[-8.19459,41.16032],[-8.19886,41.15732],[-8.20326,41.15227],[-8.20636,41.15136],[-8.20937,41.15176],[-8.21146,41.15104],[-8.21307,41.14908],[-8.21731,41.14694],[-8.22272,41.14607],[-8.22898,41.14402],[-8.23061,41.14223],[-8.23004,41.1375],[-8.23094,41.13216],[-8.22744,41.13142],[-8.22651,41.13036],[-8.22808,41.12769],[-8.23059,41.1259],[-8.23512,41.12125],[-8.24049,41.11732],[-8.24679,41.11132],[-8.24886,41.10879],[-8.25214,41.10092],[-8.25851,41.09751],[-8.26329,41.09727],[-8.26858,41.09609],[-8.2721,41.09602],[-8.27854,41.09456],[-8.2807,41.09445],[-8.28402,41.09244],[-8.28603,41.08994],[-8.28944,41.08716],[-8.29298,41.08182],[-8.29296,41.08015],[-8.28927,41.07985],[-8.28723,41.07894],[-8.28446,41.07582],[-8.28273,41.0704],[-8.27993,41.0674],[-8.27202,41.06475],[-8.26862,41.06418],[-8.2654,41.0648],[-8.26274,41.06817],[-8.26011,41.07024],[-8.25848,41.07032],[-8.25213,41.06876],[-8.24671,41.06922],[-8.24299,41.07061],[-8.23948,41.07339],[-8.23643,41.07741],[-8.2328,41.07902],[-8.22984,41.0792],[-8.2244,41.07848],[-8.22175,41.07935],[-8.21882,41.08157],[-8.21481,41.08649],[-8.21303,41.08969],[-8.20864,41.09304],[-8.20455,41.09409],[-8.19906,41.09421],[-8.18959,41.09346],[-8.18546,41.09261],[-8.17285,41.08816],[-8.16888,41.08808],[-8.16089,41.08944],[-8.15697,41.08829],[-8.1513,41.0853],[-8.14689,41.08416],[-8.14221,41.08443],[-8.13693,41.08374],[-8.13315,41.08439],[-8.12727,41.08763],[-8.12272,41.08843],[-8.11792,41.08871],[-8.11649,41.08948],[-8.11298,41.09495],[-8.1062,41.09814],[-8.10206,41.09959],[-8.09694,41.10074],[-8.09673,41.10412],[-8.0998,41.10821],[-8.10164,41.10859],[-8.10114,41.11096],[-8.10325,41.1147],[-8.10324,41.11692],[-8.10621,41.12402],[-8.10745,41.12567],[-8.11086,41.12655],[-8.11469,41.1283],[-8.11544,41.12999],[-8.11297,41.13314],[-8.10814,41.1366],[-8.09902,41.14169],[-8.09683,41.14133],[-8.09204,41.14392],[-8.08281,41.14731],[-8.07858,41.15098],[-8.07288,41.15436],[-8.07284,41.15598],[-8.0704,41.15692],[-8.06645,41.15748],[-8.06485,41.15955],[-8.06213,41.16147],[-8.0622,41.16387],[-8.05923,41.16545],[-8.05838,41.16707],[-8.05899,41.1783],[-8.05868,41.18114],[-8.05699,41.18437],[-8.05472,41.18643],[-8.04936,41.18771],[-8.04662,41.18902],[-8.04128,41.18944],[-8.03797,41.1909],[-8.03418,41.194],[-8.03025,41.19903],[-8.02691,41.20104],[-8.02418,41.20142],[-8.01641,41.20442],[-8.01077,41.20626],[-8.00494,41.20898],[-8.0019,41.20612],[-7.99903,41.20698],[-7.99583,41.21006],[-7.99572,41.21196],[-7.99313,41.21413],[-7.98894,41.21631],[-7.98634,41.2202],[-7.98216,41.2185],[-7.98069,41.21681],[-7.97754,41.2157],[-7.97405,41.21297],[-7.97644,41.21028],[-7.97837,41.20969],[-7.9821,41.20595],[-7.97797,41.20482],[-7.97241,41.20064],[-7.9701,41.19709],[-7.96583,41.19515],[-7.96303,41.19727],[-7.95664,41.19479],[-7.94756,41.19691],[-7.94402,41.19741],[-7.94239,41.20026],[-7.94038,41.20596],[-7.93764,41.20833],[-7.93759,41.20971],[-7.93429,41.21105],[-7.93151,41.21657],[-7.92764,41.21948],[-7.92622,41.22134],[-7.92346,41.2217],[-7.92136,41.22433],[-7.9216,41.22829],[-7.91538,41.23371],[-7.91335,41.23396],[-7.90749,41.23629],[-7.90384,41.23852],[-7.90047,41.2414],[-7.90011,41.24338],[-7.89584,41.24628],[-7.89609,41.2485],[-7.89494,41.24993],[-7.89582,41.25548],[-7.89423,41.26071],[-7.89693,41.26445],[-7.89639,41.26754],[-7.90265,41.27138],[-7.90888,41.27269],[-7.91621,41.27262],[-7.9151,41.27429],[-7.91413,41.28052],[-7.91463,41.28178],[-7.91859,41.28403],[-7.91942,41.28736],[-7.92137,41.29032],[-7.91788,41.29216],[-7.91539,41.29763],[-7.90764,41.30267],[-7.91108,41.30487],[-7.91377,41.30552],[-7.91936,41.31092],[-7.9226,41.31218],[-7.92439,41.31437],[-7.92879,41.31602],[-7.92927,41.31803],[-7.93239,41.31829],[-7.9334,41.3198],[-7.93982,41.32218],[-7.94081,41.3215],[-7.94429,41.32214],[-7.9451,41.32308],[-7.94837,41.32355],[-7.95108,41.32306],[-7.95574,41.32315],[-7.9582,41.32436],[-7.96034,41.32753],[-7.96398,41.32963],[-7.96295,41.33065],[-7.96403,41.33323],[-7.96321,41.33508],[-7.96104,41.336],[-7.95945,41.33928],[-7.95835,41.34337],[-7.95671,41.34288],[-7.94962,41.34644],[-7.94997,41.34804],[-7.94783,41.34889],[-7.94791,41.35347],[-7.95415,41.35632],[-7.95599,41.35874],[-7.95945,41.35844],[-7.96588,41.35914],[-7.97051,41.3605],[-7.97258,41.36032],[-7.97347,41.36389],[-7.97176,41.36409],[-7.96986,41.3723],[-7.97278,41.37369],[-7.97417,41.3752],[-7.97593,41.37438],[-7.97753,41.37027],[-7.97998,41.36839],[-7.98112,41.36604],[-7.9809,41.36183],[-7.98332,41.35875],[-7.98741,41.35643],[-7.98915,41.35116],[-7.9882,41.34893],[-7.98872,41.34723],[-7.99468,41.34379],[-7.99782,41.34262],[-8.00406,41.3418],[-8.00612,41.33772],[-8.00887,41.33545],[-8.00867,41.33201],[-8.01215,41.33039],[-8.02162,41.32909],[-8.02296,41.32793],[-8.01999,41.32451],[-8.02277,41.32203],[-8.02897,41.31908],[-8.03574,41.3188],[-8.04074,41.32178],[-8.04635,41.32661],[-8.04865,41.32943],[-8.04905,41.33181],[-8.05768,41.33312],[-8.06328,41.33917],[-8.06563,41.3388],[-8.06537,41.34328],[-8.07004,41.34328],[-8.07265,41.3409],[-8.07713,41.3381],[-8.07772,41.33442],[-8.08019,41.33102],[-8.08631,41.32941],[-8.08987,41.33064],[-8.08823,41.33208],[-8.08993,41.33348],[-8.0906,41.33557],[-8.09478,41.33645],[-8.09574,41.33826],[-8.10322,41.33834],[-8.10857,41.3404],[-8.11044,41.34254],[-8.11552,41.34638],[-8.11875,41.34379],[-8.11528,41.34022],[-8.11197,41.33858],[-8.1114,41.33735],[-8.11316,41.3358],[-8.11146,41.33234],[-8.10974,41.33138],[-8.11203,41.3286],[-8.11529,41.32997],[-8.11601,41.328],[-8.1208,41.32481],[-8.12118,41.31999],[-8.12192,41.31862],[-8.12649,41.31711],[-8.12908,41.31684],[-8.13126,41.31481],[-8.13678,41.31485],[-8.14097,41.31568],[-8.144,41.31736],[-8.14677,41.31596],[-8.14661,41.31344],[-8.15018,41.31177],[-8.15818,41.31339],[-8.1615,41.31437],[-8.16347,41.31418],[-8.17162,41.31117],[-8.17511,41.30777],[-8.18001,41.30217],[-8.18498,41.30239],[-8.19049,41.29674],[-8.19315,41.2933],[-8.19185,41.29045],[-8.19667,41.28667],[-8.19951,41.28624],[-8.2028,41.28439],[-8.20503,41.28224],[-8.20734,41.2782],[-8.20975,41.27646],[-8.20829,41.27094],[-8.20899,41.26598],[-8.21148,41.26431],[-8.21127,41.25808],[-8.21631,41.25015],[-8.21575,41.24531],[-8.21255,41.24458],[-8.21072,41.24561],[-8.20677,41.24579],[-8.20426,41.2441],[-8.2049,41.24305],[-8.20189,41.24104],[-8.19859,41.24119],[-8.19362,41.24269],[-8.18961,41.24096],[-8.19141,41.23892],[-8.19006,41.23758],[-8.18726,41.23758],[-8.18322,41.23563],[-8.17946,41.23528],[-8.17619,41.23321],[-8.17351,41.23387]]]]}},{"type":"Feature","properties":{"name":"minho-baiao","concelho_count":3,"legal":null},"geometry":{"type":"MultiPolygon","coordinates":[[[[-8.09694,41.10074],[-8.1062,41.09814],[-8.11298,41.09495],[-8.11649,41.08948],[-8.11792,41.08871],[-8.12727,41.08763],[-8.13315,41.08439],[-8.13693,41.08374],[-8.14221,41.08443],[-8.14689,41.08416],[-8.1513,41.0853],[-8.15697,41.08829],[-8.16089,41.08944],[-8.16888,41.08808],[-8.17285,41.08816],[-8.18546,41.09261],[-8.18959,41.09346],[-8.19906,41.09421],[-8.20455,41.09409],[-8.20864,41.09304],[-8.21303,41.08969],[-8.21481,41.08649],[-8.21882,41.08157],[-8.2244,41.07848],[-8.2328,41.07902],[-8.23643,41.07741],[-8.23948,41.07339],[-8.24299,41.07061],[-8.24671,41.06922],[-8.25213,41.06876],[-8.25848,41.07032],[-8.26274,41.06817],[-8.26399,41.06586],[-8.26031,41.06511],[-8.25658,41.06148],[-8.25212,41.05885],[-8.24044,41.06],[-8.23708,41.05765],[-8.23763,41.05443],[-8.2374,41.04793],[-8.23299,41.04792],[-8.23032,41.04465],[-8.23083,41.04037],[-8.22995,41.0359],[-8.23095,41.03237],[-8.23385,41.03035],[-8.23495,41.0283],[-8.24006,41.02662],[-8.23359,41.02336],[-8.23499,41.01989],[-8.23814,41.01853],[-8.23404,41.01668],[-8.23275,41.01304],[-8.22892,41.01387],[-8.22427,41.01606],[-8.22041,41.01532],[-8.21603,41.01233],[-8.21113,41.01252],[-8.20803,41.01353],[-8.20564,41.00862],[-8.2118,41.00314],[-8.20879,41.00022],[-8.20841,40.99743],[-8.21063,40.99552],[-8.20695,40.99428],[-8.2019,40.99638],[-8.19893,40.99601],[-8.19415,40.99817],[-8.18876,40.99518],[-8.17808,40.9882],[-8.17622,40.98952],[-8.17046,40.98814],[-8.16483,40.98608],[-8.16091,40.98951],[-8.15807,40.98854],[-8.15196,40.98367],[-8.14753,40.98215],[-8.14292,40.97856],[-8.13833,40.97933],[-8.13308,40.97867],[-8.13088,40.98095],[-8.12395,40.98467],[-8.1212,40.98763],[-8.11875,40.99284],[-8.11845,40.99708],[-8.11114,40.99932],[-8.10573,41.00345],[-8.10377,41.00211],[-8.09907,41.01344],[-8.09108,41.00897],[-8.09044,41.00063],[-8.09207,40.99775],[-8.08917,40.98756],[-8.08743,40.98578],[-8.08331,40.98588],[-8.07736,40.98348],[-8.06907,40.98354],[-8.0612,40.98172],[-8.05105,40.98653],[-8.04805,40.98446],[-8.04043,40.98472],[-8.04023,40.98228],[-8.03464,40.97612],[-8.02806,40.97098],[-8.02352,40.96681],[-8.01964,40.96474],[-8.01097,40.96641],[-8.00425,40.96708],[-8.00249,40.96809],[-7.99761,40.96724],[-7.99414,40.96975],[-7.99072,40.97091],[-7.99079,40.97316],[-7.98634,40.97465],[-7.98289,40.97452],[-7.98089,40.97588],[-7.97824,40.97465],[-7.97422,40.97615],[-7.97046,40.97237],[-7.96693,40.97347],[-7.96733,40.97669],[-7.96529,40.97723],[-7.9637,40.97983],[-7.95639,40.98462],[-7.95011,40.99201],[-7.94999,40.99477],[-7.95119,40.9993],[-7.94703,41.00366],[-7.94692,41.00636],[-7.94406,41.01242],[-7.93979,41.01574],[-7.93621,41.0175],[-7.92833,41.0158],[-7.92442,41.01627],[-7.92146,41.01975],[-7.91568,41.01997],[-7.91462,41.02317],[-7.91106,41.02818],[-7.91143,41.03104],[-7.90937,41.03813],[-7.90651,41.04439],[-7.90432,41.0476],[-7.89745,41.05297],[-7.89356,41.05702],[-7.89009,41.05734],[-7.88359,41.06545],[-7.88057,41.07113],[-7.87853,41.07289],[-7.87894,41.07716],[-7.87053,41.08797],[-7.86847,41.094],[-7.86945,41.09717],[-7.86702,41.09963],[-7.86326,41.1004],[-7.86019,41.10283],[-7.85981,41.10539],[-7.8507,41.11111],[-7.85059,41.11435],[-7.85369,41.12086],[-7.86081,41.12654],[-7.85866,41.12906],[-7.86156,41.13164],[-7.86184,41.13414],[-7.87474,41.1445],[-7.87282,41.14756],[-7.87446,41.14936],[-7.88013,41.15051],[-7.88286,41.14504],[-7.88567,41.14096],[-7.88726,41.13422],[-7.88911,41.13299],[-7.89248,41.13472],[-7.89673,41.1326],[-7.8977,41.1312],[-7.89699,41.12726],[-7.89751,41.12387],[-7.9016,41.11931],[-7.90586,41.11874],[-7.91186,41.11989],[-7.91229,41.12488],[-7.91146,41.12702],[-7.91264,41.12915],[-7.91244,41.13299],[-7.9136,41.13496],[-7.91239,41.13854],[-7.90874,41.14272],[-7.90119,41.14727],[-7.90217,41.14908],[-7.9006,41.15238],[-7.9037,41.15474],[-7.89672,41.15818],[-7.89284,41.15952],[-7.88956,41.16294],[-7.89712,41.16706],[-7.89584,41.16798],[-7.89684,41.17104],[-7.89894,41.17286],[-7.89268,41.18079],[-7.89035,41.18276],[-7.89028,41.18633],[-7.88797,41.18909],[-7.88995,41.19582],[-7.89034,41.20244],[-7.8933,41.20603],[-7.89409,41.20924],[-7.89208,41.21066],[-7.89177,41.2137],[-7.88828,41.2178],[-7.88638,41.223],[-7.88178,41.23064],[-7.87908,41.23217],[-7.87937,41.23713],[-7.87785,41.24091],[-7.87558,41.24205],[-7.87979,41.24556],[-7.88697,41.24847],[-7.8953,41.24884],[-7.89584,41.24628],[-7.90011,41.24338],[-7.90047,41.2414],[-7.90749,41.23629],[-7.91538,41.23371],[-7.9216,41.22829],[-7.92136,41.22433],[-7.92346,41.2217],[-7.92622,41.22134],[-7.93151,41.21657],[-7.93429,41.21105],[-7.93759,41.20971],[-7.94038,41.20596],[-7.94239,41.20026],[-7.94402,41.19741],[-7.95664,41.19479],[-7.96303,41.19727],[-7.96583,41.19515],[-7.9701,41.19709],[-7.97241,41.20064],[-7.97797,41.20482],[-7.9821,41.20595],[-7.97837,41.20969],[-7.97405,41.21297],[-7.98216,41.2185],[-7.98634,41.2202],[-7.98894,41.21631],[-7.99572,41.21196],[-7.99583,41.21006],[-7.99903,41.20698],[-8.0019,41.20612],[-8.00494,41.20898],[-8.01077,41.20626],[-8.02418,41.20142],[-8.02691,41.20104],[-8.03025,41.19903],[-8.03418,41.194],[-8.03797,41.1909],[-8.04128,41.18944],[-8.04662,41.18902],[-8.05472,41.18643],[-8.05699,41.18437],[-8.05868,41.18114],[-8.05899,41.1783],[-8.05838,41.16707],[-8.0622,41.16387],[-8.06213,41.16147],[-8.06645,41.15748],[-8.07284,41.15598],[-8.07288,41.15436],[-8.07858,41.15098],[-8.08281,41.14731],[-8.09204,41.14392],[-8.09683,41.14133],[-8.09902,41.14169],[-8.10814,41.1366],[-8.11297,41.13314],[-8.11544,41.12999],[-8.11469,41.1283],[-8.10745,41.12567],[-8.10621,41.12402],[-8.10324,41.11692],[-8.10325,41.1147],[-8.0998,41.10821],[-8.09673,41.10412],[-8.09694,41.10074]]]]}},{"type":"Feature","properties":{"name":"minho-paiva","concelho_count":1,"legal":null},"geometry":{"type":"MultiPolygon","coordinates":[[[[-8.23694,41.00569],[-8.23623,41.00776],[-8.23257,41.0082],[-8.23514,41.013],[-8.23404,41.01668],[-8.23814,41.01853],[-8.23499,41.01989],[-8.23359,41.02336],[-8.24006,41.02662],[-8.23495,41.0283],[-8.23095,41.03237],[-8.22995,41.0359],[-8.23083,41.04037],[-8.23032,41.04465],[-8.23299,41.04792],[-8.2374,41.04793],[-8.23708,41.05765],[-8.24044,41.06],[-8.25212,41.05885],[-8.25658,41.06148],[-8.26031,41.06511],[-8.26399,41.06586],[-8.26862,41.06418],[-8.27202,41.06475],[-8.27993,41.0674],[-8.28273,41.0704],[-8.28446,41.07582],[-8.28723,41.07894],[-8.29408,41.08013],[-8.29889,41.07569],[-8.3007,41.06972],[-8.30374,41.06674],[-8.30997,41.06261],[-8.31471,41.0584],[-8.32579,41.05837],[-8.3336,41.05331],[-8.33669,41.0492],[-8.3428,41.04289],[-8.34729,41.04061],[-8.35216,41.0401],[-8.35839,41.04216],[-8.36194,41.04564],[-8.3685,41.05015],[-8.37199,41.05068],[-8.38141,41.04932],[-8.3944,41.05075],[-8.39867,41.05237],[-8.39857,41.04864],[-8.39634,41.04606],[-8.39908,41.04387],[-8.39824,41.03965],[-8.39961,41.03893],[-8.40092,41.03324],[-8.39578,41.02633],[-8.38446,41.02436],[-8.38315,41.02092],[-8.38561,41.01981],[-8.38543,41.01559],[-8.38778,41.01308],[-8.38501,41.01086],[-8.38545,41.00912],[-8.38419,41.00365],[-8.37885,41.00301],[-8.37588,41.00454],[-8.37053,41.00282],[-8.36276,41.00307],[-8.35997,41.00376],[-8.35732,41.00008],[-8.35845,40.99235],[-8.35014,40.9913],[-8.34673,40.99272],[-8.34481,40.98992],[-8.34055,40.98742],[-8.34162,40.9853],[-8.33842,40.98192],[-8.33531,40.98306],[-8.33334,40.98177],[-8.32678,40.9839],[-8.32418,40.98214],[-8.32358,40.97912],[-8.32498,40.97753],[-8.32058,40.96498],[-8.30957,40.96226],[-8.30557,40.96329],[-8.29603,40.96279],[-8.2814,40.9635],[-8.27255,40.96557],[-8.26023,40.9675],[-8.25729,40.96675],[-8.2526,40.96778],[-8.24716,40.96654],[-8.2409,40.96364],[-8.2417,40.96791],[-8.24423,40.97214],[-8.24245,40.9755],[-8.24441,40.98502],[-8.24483,40.99037],[-8.24313,41.00051],[-8.2377,40.99973],[-8.23424,41.00199],[-8.23694,41.00569]]]]}},{"type":"Feature","properties":{"name":"dao","concelho_count":16,"legal":"DO Dao; 16 concelhos across the districts of Coimbra, Guarda and Viseu"},"geometry":{"type":"MultiPolygon","coordinates":[[[[-7.78239,40.22992],[-7.7745,40.23544],[-7.76983,40.23717],[-7.76732,40.23605],[-7.75989,40.23478],[-7.75148,40.23549],[-7.74675,40.23668],[-7.74216,40.23565],[-7.73375,40.23689],[-7.72971,40.24202],[-7.72702,40.24646],[-7.71421,40.2546],[-7.70997,40.26076],[-7.70537,40.26265],[-7.6962,40.26489],[-7.69024,40.26734],[-7.68588,40.27015],[-7.6809,40.2695],[-7.67237,40.27187],[-7.66239,40.27079],[-7.65589,40.27367],[-7.65502,40.27524],[-7.64795,40.27927],[-7.64525,40.28021],[-7.6436,40.28338],[-7.63472,40.28784],[-7.63128,40.29025],[-7.63007,40.2942],[-7.61901,40.2995],[-7.61719,40.30342],[-7.61906,40.30951],[-7.61348,40.31588],[-7.61292,40.32191],[-7.61022,40.32518],[-7.59959,40.34074],[-7.59509,40.34668],[-7.59315,40.36265],[-7.59182,40.36926],[-7.59053,40.3727],[-7.58755,40.37622],[-7.58436,40.38331],[-7.58517,40.38565],[-7.58343,40.38757],[-7.58225,40.38857],[-7.57906,40.39547],[-7.5735,40.39927],[-7.57349,40.40239],[-7.57006,40.40593],[-7.56862,40.41211],[-7.56557,40.41464],[-7.56532,40.41656],[-7.56732,40.42042],[-7.57149,40.42271],[-7.57071,40.42474],[-7.56612,40.42623],[-7.56015,40.42642],[-7.55186,40.42805],[-7.55083,40.43074],[-7.54742,40.43103],[-7.54364,40.42911],[-7.53892,40.43218],[-7.53352,40.43312],[-7.53468,40.43501],[-7.533,40.4402],[-7.53445,40.443],[-7.52898,40.44473],[-7.52207,40.44273],[-7.5167,40.4432],[-7.51294,40.44256],[-7.51027,40.44549],[-7.5108,40.44803],[-7.508,40.45067],[-7.50328,40.45059],[-7.49988,40.45411],[-7.496,40.45303],[-7.49024,40.45041],[-7.48865,40.44822],[-7.48288,40.4449],[-7.4707,40.44278],[-7.46903,40.44437],[-7.46306,40.44576],[-7.46057,40.44703],[-7.45577,40.44782],[-7.45331,40.44538],[-7.44678,40.44618],[-7.44066,40.44949],[-7.43706,40.4529],[-7.43426,40.46177],[-7.44222,40.46169],[-7.44651,40.46585],[-7.44955,40.47185],[-7.45181,40.48111],[-7.45338,40.48372],[-7.45287,40.48988],[-7.45582,40.49556],[-7.45645,40.49922],[-7.45828,40.50343],[-7.45767,40.50449],[-7.46248,40.50789],[-7.46497,40.50677],[-7.46731,40.50807],[-7.46173,40.51099],[-7.45994,40.51285],[-7.46216,40.5152],[-7.46551,40.52556],[-7.47105,40.53124],[-7.47159,40.53515],[-7.47586,40.53872],[-7.47858,40.5452],[-7.47999,40.54582],[-7.47907,40.55247],[-7.4985,40.55109],[-7.51126,40.55759],[-7.49804,40.57009],[-7.49673,40.57171],[-7.50058,40.57685],[-7.50215,40.58206],[-7.50328,40.59261],[-7.50278,40.59726],[-7.49631,40.60609],[-7.49354,40.6049],[-7.49268,40.60249],[-7.4809,40.59781],[-7.47425,40.60016],[-7.47243,40.60409],[-7.46774,40.60577],[-7.4678,40.60942],[-7.47374,40.6175],[-7.47848,40.62127],[-7.47841,40.62285],[-7.47367,40.62907],[-7.46833,40.63003],[-7.46269,40.63],[-7.45889,40.63275],[-7.45777,40.63657],[-7.4515,40.63965],[-7.44452,40.64547],[-7.44266,40.64914],[-7.43617,40.65372],[-7.43203,40.65781],[-7.42986,40.6663],[-7.43096,40.67039],[-7.42849,40.67278],[-7.42486,40.67864],[-7.42284,40.68011],[-7.42209,40.68445],[-7.41985,40.68663],[-7.42178,40.69074],[-7.42475,40.69142],[-7.42565,40.69411],[-7.43137,40.69272],[-7.43657,40.69352],[-7.43935,40.69589],[-7.43976,40.69795],[-7.44253,40.69945],[-7.44264,40.7039],[-7.44779,40.70863],[-7.46104,40.71709],[-7.45159,40.72255],[-7.44497,40.72864],[-7.43777,40.73214],[-7.43495,40.73567],[-7.43027,40.73983],[-7.42937,40.74296],[-7.42528,40.74628],[-7.42125,40.75725],[-7.42447,40.75809],[-7.42239,40.76181],[-7.42198,40.76754],[-7.42473,40.77214],[-7.43213,40.77552],[-7.4344,40.77796],[-7.44031,40.78136],[-7.4483,40.78488],[-7.45296,40.78474],[-7.45982,40.78945],[-7.46672,40.79822],[-7.46707,40.80324],[-7.46526,40.8047],[-7.46025,40.80493],[-7.45404,40.80796],[-7.45474,40.81171],[-7.45398,40.81397],[-7.45716,40.81817],[-7.45898,40.81801],[-7.46259,40.8211],[-7.46444,40.82152],[-7.46378,40.82603],[-7.46693,40.82868],[-7.4707,40.82826],[-7.47475,40.83069],[-7.47912,40.83196],[-7.48344,40.83661],[-7.48245,40.8395],[-7.48878,40.84484],[-7.49131,40.84572],[-7.49286,40.84796],[-7.49655,40.84893],[-7.49598,40.85321],[-7.50025,40.85713],[-7.5044,40.85693],[-7.51082,40.85937],[-7.51419,40.86393],[-7.51406,40.86934],[-7.5293,40.87305],[-7.54629,40.8727],[-7.55845,40.87319],[-7.56344,40.87132],[-7.56616,40.86748],[-7.57684,40.86278],[-7.5831,40.8563],[-7.58794,40.84994],[-7.59073,40.83789],[-7.59134,40.82992],[-7.59698,40.83291],[-7.60422,40.83759],[-7.60846,40.84277],[-7.60943,40.84638],[-7.61428,40.85669],[-7.61921,40.86398],[-7.62309,40.86785],[-7.63278,40.87479],[-7.63771,40.87214],[-7.64686,40.86919],[-7.65269,40.86814],[-7.66393,40.86344],[-7.66058,40.85717],[-7.66185,40.85361],[-7.66596,40.85463],[-7.66686,40.85631],[-7.67143,40.85627],[-7.67473,40.85859],[-7.68029,40.85923],[-7.68279,40.85878],[-7.68309,40.85528],[-7.68731,40.85485],[-7.68989,40.85147],[-7.69268,40.85133],[-7.69727,40.84864],[-7.70118,40.84839],[-7.70519,40.84443],[-7.70403,40.84272],[-7.70294,40.83761],[-7.69703,40.8344],[-7.69951,40.83292],[-7.70143,40.82815],[-7.70572,40.82042],[-7.70756,40.8127],[-7.71192,40.80631],[-7.72308,40.79369],[-7.72355,40.78579],[-7.72249,40.77464],[-7.7231,40.77101],[-7.72013,40.76748],[-7.72123,40.76533],[-7.72414,40.76529],[-7.72973,40.7688],[-7.73227,40.76934],[-7.74421,40.76802],[-7.74809,40.76905],[-7.74707,40.77134],[-7.75351,40.77416],[-7.75683,40.77412],[-7.75816,40.77643],[-7.76295,40.7729],[-7.76689,40.77411],[-7.764,40.77686],[-7.76433,40.78123],[-7.76238,40.78345],[-7.76386,40.78563],[-7.76892,40.79834],[-7.77607,40.80649],[-7.78133,40.81138],[-7.78294,40.8164],[-7.7859,40.81961],[-7.79579,40.82507],[-7.80298,40.8323],[-7.80631,40.83794],[-7.81103,40.84181],[-7.81364,40.8426],[-7.81778,40.83931],[-7.81688,40.83838],[-7.81981,40.83379],[-7.82294,40.83344],[-7.82467,40.83164],[-7.82857,40.83132],[-7.84,40.82412],[-7.84165,40.81956],[-7.84274,40.81378],[-7.84652,40.8028],[-7.8498,40.79874],[-7.85161,40.79453],[-7.86174,40.78912],[-7.87322,40.78672],[-7.88042,40.78949],[-7.88506,40.79276],[-7.8863,40.79206],[-7.89743,40.79556],[-7.90517,40.79538],[-7.90759,40.79635],[-7.90913,40.79871],[-7.91306,40.79869],[-7.92414,40.79657],[-7.92792,40.79892],[-7.92814,40.79237],[-7.93154,40.78971],[-7.9378,40.78595],[-7.93609,40.7847],[-7.94572,40.78024],[-7.95032,40.77605],[-7.95254,40.77112],[-7.95466,40.77127],[-7.96225,40.7654],[-7.96716,40.76274],[-7.97714,40.76111],[-7.9787,40.76333],[-7.98207,40.76113],[-7.9928,40.76538],[-7.9926,40.76183],[-7.99563,40.75983],[-7.9994,40.75945],[-8.00212,40.76055],[-8.00192,40.76508],[-8.00667,40.7668],[-8.00776,40.7657],[-8.01883,40.76455],[-8.02238,40.76228],[-8.02249,40.75965],[-8.025,40.759],[-8.02692,40.7561],[-8.02779,40.75186],[-8.03039,40.74886],[-8.03042,40.74482],[-8.02356,40.74674],[-8.01609,40.74661],[-8.01271,40.74376],[-8.01125,40.73285],[-8.00725,40.72929],[-8.00964,40.7244],[-8.01429,40.71856],[-8.01483,40.71335],[-8.01799,40.70495],[-8.02107,40.70167],[-8.02195,40.69823],[-8.01872,40.69328],[-8.03238,40.68568],[-8.0342,40.68068],[-8.03924,40.66941],[-8.04864,40.66509],[-8.05365,40.66065],[-8.05906,40.65776],[-8.06103,40.65787],[-8.07197,40.65279],[-8.07741,40.64903],[-8.08525,40.64017],[-8.09159,40.63486],[-8.10038,40.63745],[-8.10485,40.63937],[-8.11039,40.63863],[-8.11966,40.63872],[-8.12529,40.64047],[-8.13393,40.64046],[-8.13959,40.63768],[-8.14161,40.63385],[-8.14399,40.62702],[-8.14732,40.62328],[-8.14533,40.61992],[-8.14523,40.61589],[-8.1536,40.60864],[-8.15671,40.60763],[-8.16038,40.60331],[-8.16065,40.59895],[-8.16333,40.59528],[-8.16336,40.5923],[-8.16934,40.58798],[-8.17063,40.58507],[-8.18246,40.57691],[-8.18729,40.57131],[-8.18758,40.56808],[-8.19223,40.56456],[-8.20264,40.56367],[-8.20806,40.56529],[-8.21035,40.57265],[-8.21046,40.58382],[-8.20585,40.58654],[-8.20327,40.58981],[-8.20352,40.59233],[-8.20673,40.59445],[-8.21106,40.59589],[-8.2132,40.59488],[-8.22191,40.59929],[-8.22533,40.59852],[-8.23197,40.61039],[-8.23598,40.6098],[-8.23906,40.61107],[-8.24341,40.61109],[-8.24659,40.61271],[-8.24977,40.61177],[-8.26494,40.6099],[-8.26905,40.60708],[-8.27331,40.60682],[-8.27478,40.60493],[-8.28317,40.60626],[-8.28613,40.60444],[-8.29032,40.60574],[-8.29453,40.60451],[-8.29543,40.60183],[-8.29825,40.60036],[-8.30021,40.60291],[-8.30328,40.60162],[-8.3056,40.5967],[-8.30842,40.59641],[-8.30135,40.58411],[-8.29955,40.57782],[-8.29372,40.57196],[-8.28919,40.56879],[-8.28801,40.56535],[-8.28911,40.55948],[-8.28642,40.55019],[-8.28701,40.54717],[-8.28528,40.53965],[-8.27847,40.53599],[-8.27313,40.53699],[-8.26394,40.52922],[-8.26069,40.52239],[-8.258,40.52134],[-8.25267,40.51601],[-8.25066,40.51489],[-8.25009,40.51122],[-8.25234,40.51087],[-8.25383,40.50861],[-8.25997,40.50704],[-8.26287,40.50409],[-8.26587,40.50343],[-8.26827,40.50537],[-8.27401,40.50791],[-8.27721,40.50788],[-8.28285,40.50917],[-8.28676,40.50696],[-8.28899,40.50692],[-8.29544,40.50143],[-8.30002,40.49899],[-8.314,40.49491],[-8.32355,40.49269],[-8.32584,40.49174],[-8.33027,40.49299],[-8.33126,40.48934],[-8.33579,40.48095],[-8.33469,40.479],[-8.33427,40.47455],[-8.33187,40.47158],[-8.32903,40.47051],[-8.32811,40.46728],[-8.32294,40.46338],[-8.32139,40.46001],[-8.31904,40.45745],[-8.31813,40.45427],[-8.31976,40.45067],[-8.31924,40.44468],[-8.31758,40.4412],[-8.32094,40.43942],[-8.3264,40.44005],[-8.33497,40.43413],[-8.33779,40.42979],[-8.34006,40.42913],[-8.34447,40.42486],[-8.34483,40.42304],[-8.34045,40.42189],[-8.33805,40.41881],[-8.34348,40.41252],[-8.34586,40.4105],[-8.35464,40.40889],[-8.35401,40.40539],[-8.35196,40.40325],[-8.35213,40.39994],[-8.35021,40.39694],[-8.3545,40.39532],[-8.35379,40.39187],[-8.35536,40.39087],[-8.35423,40.38523],[-8.35601,40.38077],[-8.35441,40.37798],[-8.3584,40.3756],[-8.35945,40.37158],[-8.35899,40.36892],[-8.35606,40.36719],[-8.35228,40.37014],[-8.34607,40.37078],[-8.34232,40.36947],[-8.34011,40.36551],[-8.33802,40.36402],[-8.33454,40.35914],[-8.32922,40.35477],[-8.32518,40.35478],[-8.32542,40.36143],[-8.32029,40.36202],[-8.31002,40.36147],[-8.29738,40.357],[-8.29315,40.3543],[-8.29297,40.35145],[-8.28834,40.34682],[-8.28532,40.34655],[-8.28273,40.34485],[-8.28014,40.33913],[-8.27649,40.33569],[-8.27036,40.33543],[-8.26327,40.33373],[-8.26104,40.32923],[-8.25264,40.32371],[-8.24713,40.32358],[-8.24258,40.32653],[-8.23976,40.32553],[-8.23701,40.32264],[-8.23345,40.32274],[-8.2313,40.32839],[-8.23183,40.33153],[-8.22718,40.33281],[-8.22454,40.33498],[-8.22165,40.33566],[-8.21317,40.3398],[-8.20864,40.34141],[-8.19981,40.33881],[-8.19701,40.34004],[-8.19367,40.34307],[-8.18912,40.34204],[-8.18682,40.33844],[-8.18618,40.33427],[-8.18395,40.33358],[-8.17849,40.33573],[-8.17406,40.34061],[-8.17211,40.34412],[-8.17036,40.34501],[-8.16783,40.3426],[-8.16124,40.34082],[-8.15864,40.33905],[-8.15426,40.3376],[-8.14528,40.33842],[-8.14035,40.33834],[-8.13674,40.33632],[-8.13517,40.33328],[-8.13225,40.33545],[-8.12949,40.33481],[-8.12698,40.33141],[-8.12129,40.3323],[-8.11732,40.33223],[-8.11635,40.32948],[-8.11777,40.3277],[-8.11548,40.32428],[-8.11649,40.32206],[-8.11592,40.31847],[-8.11434,40.31624],[-8.11572,40.30829],[-8.11287,40.30745],[-8.1084,40.30358],[-8.11043,40.30055],[-8.11536,40.30138],[-8.11649,40.29983],[-8.12417,40.29803],[-8.12779,40.29852],[-8.13531,40.29561],[-8.13978,40.29065],[-8.14045,40.2882],[-8.14948,40.28942],[-8.15472,40.28822],[-8.15987,40.28616],[-8.16142,40.28387],[-8.16007,40.2815],[-8.16032,40.27867],[-8.16279,40.27571],[-8.16168,40.27056],[-8.16536,40.26788],[-8.16794,40.26449],[-8.17508,40.26128],[-8.17642,40.2583],[-8.181,40.25967],[-8.19463,40.25835],[-8.19872,40.26029],[-8.2069,40.25715],[-8.20571,40.25397],[-8.20099,40.25469],[-8.19952,40.25275],[-8.19482,40.24936],[-8.1902,40.25061],[-8.18761,40.24972],[-8.18891,40.24632],[-8.18749,40.24414],[-8.18407,40.24447],[-8.18163,40.24842],[-8.18131,40.25075],[-8.17573,40.25154],[-8.17751,40.24895],[-8.17702,40.24681],[-8.17416,40.24532],[-8.17078,40.24792],[-8.16363,40.24928],[-8.17086,40.24271],[-8.17502,40.2379],[-8.17681,40.23683],[-8.18187,40.23626],[-8.1822,40.23431],[-8.18712,40.23113],[-8.1867,40.22943],[-8.18102,40.22418],[-8.17612,40.22296],[-8.17769,40.21981],[-8.17663,40.21805],[-8.17779,40.21571],[-8.17391,40.20762],[-8.17131,40.20674],[-8.1675,40.21176],[-8.16519,40.21286],[-8.14694,40.21042],[-8.14421,40.21108],[-8.14028,40.20907],[-8.13508,40.20828],[-8.13407,40.20415],[-8.12994,40.2025],[-8.12329,40.20257],[-8.12196,40.20159],[-8.12221,40.19772],[-8.12078,40.19492],[-8.1167,40.1967],[-8.10743,40.19764],[-8.09879,40.20068],[-8.09698,40.20083],[-8.09593,40.19744],[-8.09202,40.19473],[-8.09191,40.18983],[-8.08203,40.18735],[-8.08196,40.18224],[-8.08064,40.17988],[-8.0755,40.17773],[-8.07474,40.17274],[-8.06733,40.17016],[-8.06282,40.16721],[-8.05558,40.1716],[-8.04885,40.17093],[-8.04638,40.16841],[-8.04144,40.16936],[-8.03789,40.17196],[-8.03239,40.17378],[-8.02707,40.17206],[-8.02002,40.17382],[-8.01578,40.17324],[-8.01364,40.17193],[-8.00416,40.17387],[-8.00121,40.18118],[-8.00113,40.18595],[-7.9959,40.18869],[-7.99054,40.18369],[-7.98428,40.17693],[-7.98325,40.17036],[-7.99041,40.15584],[-7.98871,40.15472],[-7.99033,40.15051],[-7.98898,40.14875],[-7.99152,40.14564],[-7.99149,40.1404],[-7.98193,40.1365],[-7.9791,40.13744],[-7.97717,40.14009],[-7.97227,40.13777],[-7.96846,40.14184],[-7.96487,40.14252],[-7.96477,40.1461],[-7.9622,40.14891],[-7.96329,40.15233],[-7.9504,40.15397],[-7.94827,40.15712],[-7.95083,40.15916],[-7.9479,40.16237],[-7.94287,40.16108],[-7.94298,40.16335],[-7.93808,40.16711],[-7.93661,40.17006],[-7.92713,40.17012],[-7.9239,40.16858],[-7.91854,40.17339],[-7.91314,40.17426],[-7.91044,40.17613],[-7.91102,40.17947],[-7.90978,40.18089],[-7.90401,40.18387],[-7.90205,40.19021],[-7.90333,40.19104],[-7.89824,40.19745],[-7.89637,40.20145],[-7.8923,40.20325],[-7.89167,40.20632],[-7.88814,40.20893],[-7.88261,40.2109],[-7.87579,40.20975],[-7.87334,40.20256],[-7.87546,40.19705],[-7.87449,40.19387],[-7.8678,40.1901],[-7.8655,40.18977],[-7.85432,40.19396],[-7.84995,40.19435],[-7.84236,40.18732],[-7.83795,40.18903],[-7.83749,40.19635],[-7.82817,40.20346],[-7.82459,40.20216],[-7.81894,40.19869],[-7.81755,40.19608],[-7.81391,40.19543],[-7.81087,40.19082],[-7.80808,40.18464],[-7.80486,40.18698],[-7.80203,40.19044],[-7.79973,40.19575],[-7.79572,40.2016],[-7.78434,40.20819],[-7.78398,40.2203],[-7.78239,40.22992]]]]}},{"type":"Feature","properties":{"name":"bairrada","concelho_count":8,"legal":"DO Bairrada; 8 concelhos (CVR Bairrada)"},"geometry":{"type":"MultiPolygon","coordinates":[[[[-8.52343,40.60936],[-8.52829,40.60947],[-8.53125,40.61059],[-8.53435,40.61376],[-8.53984,40.62069],[-8.54325,40.62697],[-8.54621,40.62985],[-8.55206,40.63215],[-8.5551,40.63476],[-8.55682,40.64023],[-8.55628,40.64336],[-8.56296,40.65097],[-8.56365,40.65514],[-8.56762,40.65733],[-8.57251,40.65801],[-8.57317,40.66149],[-8.57245,40.66331],[-8.57001,40.66271],[-8.56983,40.66551],[-8.57421,40.66653],[-8.57481,40.66957],[-8.579,40.67418],[-8.57888,40.67619],[-8.58129,40.68027],[-8.58179,40.68441],[-8.58383,40.68915],[-8.58683,40.69157],[-8.58977,40.69236],[-8.59503,40.69252],[-8.59748,40.69313],[-8.6015,40.69858],[-8.60145,40.7009],[-8.60892,40.70582],[-8.61355,40.70707],[-8.6148,40.70847],[-8.61708,40.70826],[-8.62169,40.71028],[-8.62411,40.71311],[-8.62904,40.71322],[-8.63025,40.71447],[-8.62988,40.71978],[-8.63243,40.72353],[-8.63657,40.72201],[-8.63997,40.72325],[-8.64427,40.72612],[-8.64871,40.72755],[-8.6536,40.72697],[-8.66511,40.72454],[-8.67449,40.72221],[-8.69792,40.71732],[-8.70493,40.71313],[-8.71443,40.70209],[-8.73485,40.70679],[-8.73654,40.70317],[-8.73692,40.70069],[-8.73879,40.69673],[-8.74331,40.68049],[-8.74842,40.66738],[-8.74875,40.6641],[-8.75142,40.65856],[-8.75141,40.6565],[-8.75632,40.64715],[-8.75311,40.64639],[-8.75224,40.64501],[-8.74268,40.6462],[-8.73911,40.64712],[-8.73339,40.65083],[-8.72842,40.65486],[-8.72175,40.65835],[-8.71885,40.65942],[-8.71332,40.65986],[-8.70516,40.65918],[-8.69985,40.65444],[-8.69759,40.6506],[-8.69416,40.64286],[-8.6907,40.63937],[-8.68533,40.63103],[-8.68092,40.62991],[-8.67858,40.63047],[-8.67428,40.62856],[-8.67184,40.62821],[-8.66466,40.62225],[-8.6628,40.62164],[-8.66116,40.61716],[-8.65456,40.61208],[-8.65456,40.61003],[-8.65299,40.60828],[-8.64632,40.60426],[-8.64351,40.60064],[-8.64038,40.5979],[-8.63721,40.59377],[-8.63148,40.59181],[-8.62692,40.59148],[-8.62336,40.58729],[-8.62147,40.5863],[-8.61845,40.58714],[-8.6186,40.58441],[-8.62165,40.57769],[-8.62204,40.57433],[-8.624,40.57389],[-8.62482,40.57173],[-8.62976,40.57209],[-8.63381,40.57131],[-8.6379,40.56627],[-8.64855,40.56581],[-8.65006,40.56745],[-8.65603,40.56696],[-8.65693,40.56569],[-8.66409,40.56674],[-8.66678,40.56837],[-8.6702,40.56742],[-8.67686,40.56244],[-8.68132,40.56546],[-8.68131,40.56782],[-8.67951,40.57067],[-8.67968,40.57339],[-8.68348,40.57806],[-8.70696,40.57788],[-8.74316,40.57834],[-8.74445,40.57794],[-8.76609,40.58293],[-8.76592,40.58096],[-8.76716,40.57524],[-8.76988,40.56803],[-8.77143,40.56153],[-8.77644,40.54875],[-8.7775,40.54264],[-8.78178,40.52944],[-8.78403,40.52036],[-8.77738,40.51588],[-8.76694,40.51005],[-8.73597,40.48622],[-8.72971,40.4786],[-8.72066,40.47448],[-8.72059,40.47308],[-8.71395,40.4673],[-8.70675,40.46307],[-8.70179,40.45918],[-8.68387,40.44175],[-8.68672,40.44034],[-8.68334,40.43633],[-8.68512,40.432],[-8.68226,40.42744],[-8.68197,40.42419],[-8.68372,40.42374],[-8.68696,40.42482],[-8.69101,40.42449],[-8.69265,40.42313],[-8.69243,40.42032],[-8.69114,40.41864],[-8.6899,40.41442],[-8.68818,40.41334],[-8.68709,40.40892],[-8.68747,40.40687],[-8.69124,40.40294],[-8.69646,40.40023],[-8.69937,40.39471],[-8.69862,40.39231],[-8.70184,40.38855],[-8.70172,40.38178],[-8.70338,40.37942],[-8.70365,40.37559],[-8.70561,40.37251],[-8.70823,40.37161],[-8.71221,40.37174],[-8.71346,40.371],[-8.72118,40.37215],[-8.72635,40.37196],[-8.73207,40.37453],[-8.73503,40.37685],[-8.74802,40.37736],[-8.7609,40.37634],[-8.76899,40.37668],[-8.77634,40.37891],[-8.82568,40.38894],[-8.82808,40.37964],[-8.83173,40.36924],[-8.83328,40.36583],[-8.83432,40.36162],[-8.8361,40.35827],[-8.83957,40.34591],[-8.84133,40.34222],[-8.84312,40.33499],[-8.84566,40.32967],[-8.84633,40.32688],[-8.84252,40.32595],[-8.81793,40.3129],[-8.81227,40.31017],[-8.78643,40.29628],[-8.78338,40.2967],[-8.77387,40.29644],[-8.77191,40.29485],[-8.76303,40.29243],[-8.75689,40.29114],[-8.75015,40.29131],[-8.74152,40.29205],[-8.74076,40.29452],[-8.74125,40.29661],[-8.74352,40.29933],[-8.74701,40.30663],[-8.74524,40.31104],[-8.7295,40.30823],[-8.72755,40.30666],[-8.72191,40.30527],[-8.71306,40.30535],[-8.6978,40.30444],[-8.69252,40.30389],[-8.68732,40.30175],[-8.68375,40.30177],[-8.67816,40.29997],[-8.66834,40.29924],[-8.6544,40.29952],[-8.65086,40.29803],[-8.65036,40.29991],[-8.64423,40.30184],[-8.63803,40.30129],[-8.63622,40.30034],[-8.63377,40.30356],[-8.62876,40.29643],[-8.63157,40.29295],[-8.62374,40.2879],[-8.61437,40.28224],[-8.61324,40.28055],[-8.61606,40.27757],[-8.61826,40.27684],[-8.61481,40.27416],[-8.60784,40.27274],[-8.5994,40.27586],[-8.59656,40.27992],[-8.59391,40.2817],[-8.58843,40.28244],[-8.58839,40.27632],[-8.58724,40.27429],[-8.58705,40.27091],[-8.59056,40.26455],[-8.5887,40.26232],[-8.58526,40.25645],[-8.58501,40.25339],[-8.58269,40.25051],[-8.58351,40.24943],[-8.5809,40.24551],[-8.57642,40.24252],[-8.57552,40.23927],[-8.57764,40.23299],[-8.57677,40.22695],[-8.57415,40.22219],[-8.56953,40.21789],[-8.56902,40.21606],[-8.56513,40.21548],[-8.56058,40.21556],[-8.55162,40.21484],[-8.55016,40.21022],[-8.54751,40.19965],[-8.55954,40.19715],[-8.56122,40.19383],[-8.56224,40.18964],[-8.56178,40.18574],[-8.56324,40.1831],[-8.56366,40.17922],[-8.5577,40.16959],[-8.55595,40.16821],[-8.5564,40.16602],[-8.55348,40.15901],[-8.55267,40.15563],[-8.55134,40.15378],[-8.54781,40.15709],[-8.54891,40.16534],[-8.54877,40.16856],[-8.54758,40.17001],[-8.54639,40.17647],[-8.5438,40.1782],[-8.53712,40.17468],[-8.53111,40.16952],[-8.52931,40.17089],[-8.52353,40.16886],[-8.5195,40.16518],[-8.51226,40.16354],[-8.50934,40.16231],[-8.50725,40.16002],[-8.5037,40.15998],[-8.49866,40.16115],[-8.49211,40.16607],[-8.48537,40.16322],[-8.48556,40.15126],[-8.49072,40.14922],[-8.49246,40.1474],[-8.49326,40.14233],[-8.494,40.13383],[-8.49724,40.12452],[-8.48314,40.12463],[-8.48153,40.11945],[-8.46386,40.11329],[-8.4608,40.11707],[-8.45741,40.1174],[-8.45236,40.11602],[-8.44895,40.11668],[-8.44619,40.11806],[-8.44595,40.1202],[-8.43276,40.12044],[-8.43134,40.12624],[-8.42583,40.12686],[-8.42401,40.12914],[-8.42083,40.12852],[-8.41874,40.126],[-8.41438,40.12292],[-8.40693,40.12023],[-8.40981,40.11838],[-8.40937,40.11609],[-8.40513,40.11353],[-8.40583,40.1114],[-8.40473,40.10883],[-8.40679,40.10672],[-8.40534,40.10277],[-8.40073,40.10017],[-8.39448,40.10224],[-8.38121,40.10872],[-8.37906,40.11107],[-8.37815,40.11367],[-8.37244,40.11468],[-8.36529,40.11507],[-8.36392,40.11601],[-8.36058,40.12244],[-8.36335,40.1239],[-8.35929,40.12486],[-8.35968,40.12779],[-8.35831,40.13037],[-8.36095,40.13816],[-8.36374,40.13969],[-8.36539,40.13797],[-8.36909,40.1388],[-8.36906,40.1407],[-8.37247,40.14603],[-8.37301,40.14823],[-8.37742,40.14868],[-8.37417,40.15201],[-8.37394,40.15531],[-8.37888,40.15415],[-8.37828,40.15682],[-8.37463,40.15659],[-8.36896,40.15767],[-8.36857,40.15954],[-8.36379,40.16219],[-8.35885,40.15961],[-8.35552,40.15881],[-8.35148,40.15352],[-8.34866,40.1563],[-8.34883,40.15772],[-8.35224,40.16065],[-8.35966,40.16271],[-8.36205,40.16388],[-8.36236,40.16619],[-8.36505,40.16853],[-8.36525,40.17027],[-8.36801,40.17476],[-8.36718,40.18111],[-8.36378,40.18311],[-8.36085,40.18233],[-8.35699,40.18331],[-8.35289,40.18135],[-8.34845,40.18264],[-8.34611,40.18393],[-8.34642,40.18689],[-8.34517,40.18921],[-8.3468,40.19249],[-8.34446,40.19438],[-8.34001,40.19332],[-8.33452,40.19374],[-8.32962,40.1925],[-8.31534,40.19128],[-8.3129,40.19085],[-8.31988,40.19829],[-8.31943,40.20446],[-8.31495,40.20482],[-8.31512,40.20848],[-8.32046,40.2076],[-8.32284,40.20839],[-8.32638,40.21167],[-8.331,40.21361],[-8.33613,40.21466],[-8.33992,40.21793],[-8.34122,40.2201],[-8.34656,40.22312],[-8.35138,40.22811],[-8.35495,40.23363],[-8.35744,40.23411],[-8.35744,40.23608],[-8.35983,40.23763],[-8.36239,40.24202],[-8.3643,40.24904],[-8.36124,40.25178],[-8.35933,40.25512],[-8.35992,40.25762],[-8.3599,40.26321],[-8.35643,40.26524],[-8.35381,40.2686],[-8.36024,40.27118],[-8.36738,40.27664],[-8.37264,40.2797],[-8.37673,40.28065],[-8.3813,40.28031],[-8.38701,40.28158],[-8.38948,40.28564],[-8.38858,40.28828],[-8.38965,40.29058],[-8.38898,40.2931],[-8.38598,40.29691],[-8.38543,40.29928],[-8.38812,40.3094],[-8.3896,40.31249],[-8.38706,40.31308],[-8.38543,40.31521],[-8.38285,40.31587],[-8.38253,40.31757],[-8.3754,40.31658],[-8.3737,40.31959],[-8.37174,40.31931],[-8.36785,40.32613],[-8.36904,40.32884],[-8.37585,40.33637],[-8.37533,40.3413],[-8.37122,40.34318],[-8.36966,40.34477],[-8.35786,40.34741],[-8.35468,40.36186],[-8.35617,40.36713],[-8.35899,40.36892],[-8.35945,40.37158],[-8.3584,40.3756],[-8.35441,40.37798],[-8.35601,40.38077],[-8.35423,40.38523],[-8.35536,40.39087],[-8.35379,40.39187],[-8.35415,40.39561],[-8.35021,40.39694],[-8.35213,40.39994],[-8.35196,40.40325],[-8.35401,40.40539],[-8.35464,40.40889],[-8.34586,40.4105],[-8.34348,40.41252],[-8.33805,40.41881],[-8.34045,40.42189],[-8.34483,40.42304],[-8.34447,40.42486],[-8.34006,40.42913],[-8.33779,40.42979],[-8.33497,40.43413],[-8.3264,40.44005],[-8.32094,40.43942],[-8.31758,40.4412],[-8.31924,40.44468],[-8.31976,40.45067],[-8.31835,40.45195],[-8.31813,40.45427],[-8.31904,40.45745],[-8.32139,40.46001],[-8.32294,40.46338],[-8.32811,40.46728],[-8.32903,40.47051],[-8.33187,40.47158],[-8.33427,40.47455],[-8.33469,40.479],[-8.33579,40.48095],[-8.33382,40.48528],[-8.33554,40.48579],[-8.33126,40.48934],[-8.33027,40.49299],[-8.32584,40.49174],[-8.32355,40.49269],[-8.314,40.49491],[-8.31149,40.49591],[-8.30485,40.49782],[-8.30342,40.4988],[-8.30002,40.49899],[-8.29544,40.50143],[-8.28899,40.50692],[-8.28676,40.50696],[-8.28285,40.50917],[-8.27721,40.50788],[-8.27401,40.50791],[-8.26827,40.50537],[-8.26587,40.50343],[-8.26287,40.50409],[-8.25997,40.50704],[-8.25645,40.50742],[-8.25383,40.50861],[-8.25234,40.51087],[-8.25009,40.51122],[-8.25043,40.51477],[-8.25267,40.51601],[-8.258,40.52134],[-8.26069,40.52239],[-8.26394,40.52922],[-8.27313,40.53699],[-8.27847,40.53599],[-8.28528,40.53965],[-8.28701,40.54717],[-8.28642,40.55019],[-8.28719,40.55391],[-8.28911,40.55948],[-8.28823,40.56078],[-8.28801,40.56535],[-8.28919,40.56879],[-8.29372,40.57196],[-8.29955,40.57782],[-8.30135,40.58411],[-8.30734,40.59405],[-8.30842,40.59641],[-8.3056,40.5967],[-8.30669,40.59915],[-8.30376,40.59921],[-8.30328,40.60162],[-8.30021,40.60291],[-8.29825,40.60036],[-8.29543,40.60183],[-8.29453,40.60451],[-8.29032,40.60574],[-8.28613,40.60444],[-8.28317,40.60626],[-8.27478,40.60493],[-8.27331,40.60682],[-8.26905,40.60708],[-8.26494,40.6099],[-8.26341,40.60962],[-8.25901,40.61078],[-8.24977,40.61177],[-8.24538,40.61641],[-8.25116,40.61965],[-8.25464,40.62102],[-8.26003,40.62521],[-8.26944,40.62834],[-8.2721,40.62989],[-8.27987,40.6331],[-8.28389,40.63038],[-8.28985,40.63214],[-8.29317,40.6337],[-8.29551,40.63784],[-8.2948,40.64568],[-8.29646,40.64979],[-8.29641,40.65183],[-8.29436,40.65259],[-8.2953,40.65463],[-8.30205,40.65011],[-8.30443,40.64619],[-8.30744,40.64568],[-8.31114,40.64347],[-8.31285,40.64519],[-8.3151,40.6452],[-8.31749,40.6469],[-8.32151,40.64511],[-8.32279,40.64253],[-8.32742,40.64329],[-8.32865,40.64156],[-8.32587,40.63983],[-8.32817,40.63699],[-8.33177,40.63793],[-8.35997,40.6505],[-8.36304,40.65345],[-8.36404,40.65547],[-8.364,40.65939],[-8.36806,40.66193],[-8.37219,40.66668],[-8.37448,40.66811],[-8.37294,40.67501],[-8.37452,40.67848],[-8.37438,40.68719],[-8.37564,40.69199],[-8.37841,40.69428],[-8.37985,40.69272],[-8.38384,40.69259],[-8.3895,40.68972],[-8.39543,40.69082],[-8.40242,40.68957],[-8.40896,40.68701],[-8.4122,40.6877],[-8.41338,40.69025],[-8.41645,40.69129],[-8.42441,40.68988],[-8.42862,40.68771],[-8.43422,40.68628],[-8.44571,40.68168],[-8.44954,40.67894],[-8.46724,40.6791],[-8.47113,40.6794],[-8.47352,40.672],[-8.47626,40.67046],[-8.47631,40.66818],[-8.4804,40.65772],[-8.47661,40.6486],[-8.48263,40.64231],[-8.48158,40.6386],[-8.48316,40.63764],[-8.48307,40.63411],[-8.48208,40.63258],[-8.48252,40.63017],[-8.48071,40.62899],[-8.48521,40.62023],[-8.48951,40.61701],[-8.49795,40.6125],[-8.50064,40.60852],[-8.50333,40.60828],[-8.5084,40.61121],[-8.51227,40.61034],[-8.52343,40.60936]]]]}},{"type":"Feature","properties":{"name":"alentejo","concelho_count":22,"legal":"DO Alentejo = union of the eight sub-regions (IVV). Concelho-level union of every concelho named in those definitions."},"geometry":{"type":"MultiPolygon","coordinates":[[[[-7.30813,39.33688],[-7.31034,39.34096],[-7.30602,39.35109],[-7.30628,39.35627],[-7.31036,39.3617],[-7.31054,39.36903],[-7.3115,39.37103],[-7.31529,39.37273],[-7.31781,39.37809],[-7.32111,39.37804],[-7.32287,39.38179],[-7.32141,39.38661],[-7.31923,39.38829],[-7.31491,39.39409],[-7.31336,39.39961],[-7.31002,39.39867],[-7.30766,39.40254],[-7.30845,39.40433],[-7.30691,39.40845],[-7.30483,39.41164],[-7.30263,39.41221],[-7.30315,39.41544],[-7.30117,39.41664],[-7.30293,39.41939],[-7.30144,39.42253],[-7.30861,39.43032],[-7.30607,39.43356],[-7.30494,39.43766],[-7.30582,39.44314],[-7.30555,39.44613],[-7.30124,39.44947],[-7.29836,39.45258],[-7.29594,39.4538],[-7.29426,39.45683],[-7.29568,39.45873],[-7.30038,39.4633],[-7.30497,39.46415],[-7.30932,39.46763],[-7.31212,39.46745],[-7.31951,39.4702],[-7.32106,39.47356],[-7.32511,39.47539],[-7.33259,39.47622],[-7.33776,39.47889],[-7.34275,39.47803],[-7.34459,39.47873],[-7.34542,39.48168],[-7.34747,39.48305],[-7.34753,39.48766],[-7.34975,39.48806],[-7.35564,39.48411],[-7.36002,39.48354],[-7.36249,39.48139],[-7.36473,39.48203],[-7.36499,39.48622],[-7.36763,39.48648],[-7.36903,39.48799],[-7.37295,39.4881],[-7.37453,39.48958],[-7.37665,39.48926],[-7.37833,39.49046],[-7.38188,39.49124],[-7.38057,39.49333],[-7.37878,39.49454],[-7.37911,39.4964],[-7.38256,39.4984],[-7.38676,39.49876],[-7.38757,39.50185],[-7.39044,39.5036],[-7.39023,39.5071],[-7.38772,39.51037],[-7.38889,39.51352],[-7.38796,39.51866],[-7.38904,39.52021],[-7.38879,39.52464],[-7.39227,39.52642],[-7.39206,39.5306],[-7.40005,39.53378],[-7.40531,39.53077],[-7.41052,39.53235],[-7.41842,39.53155],[-7.42007,39.53389],[-7.4226,39.5345],[-7.42665,39.53269],[-7.43026,39.53451],[-7.4347,39.53896],[-7.43771,39.53975],[-7.4417,39.54317],[-7.44346,39.54715],[-7.44623,39.54781],[-7.44451,39.55086],[-7.44795,39.55181],[-7.45161,39.56168],[-7.45384,39.56365],[-7.45892,39.56591],[-7.46121,39.57279],[-7.46545,39.57393],[-7.4669,39.57695],[-7.47228,39.57871],[-7.47904,39.57884],[-7.48037,39.58067],[-7.48261,39.58149],[-7.48456,39.58367],[-7.48665,39.57956],[-7.4898,39.57759],[-7.4872,39.57641],[-7.48841,39.57428],[-7.48573,39.57396],[-7.48507,39.57057],[-7.4903,39.56846],[-7.48935,39.56671],[-7.48672,39.56618],[-7.48699,39.55646],[-7.4847,39.55196],[-7.48462,39.54914],[-7.48669,39.54814],[-7.48267,39.54419],[-7.48308,39.54159],[-7.48626,39.54133],[-7.4881,39.53998],[-7.48765,39.53851],[-7.48427,39.53422],[-7.48328,39.53111],[-7.48117,39.52957],[-7.48465,39.52651],[-7.48854,39.52849],[-7.48959,39.52626],[-7.49863,39.52546],[-7.50395,39.52779],[-7.50941,39.52819],[-7.51279,39.53003],[-7.52492,39.53205],[-7.52906,39.53378],[-7.53112,39.53315],[-7.53238,39.53492],[-7.53532,39.53479],[-7.53735,39.53562],[-7.54182,39.53601],[-7.55042,39.53785],[-7.55409,39.54004],[-7.55827,39.54085],[-7.56271,39.54267],[-7.56621,39.54232],[-7.56449,39.5388],[-7.56442,39.536],[-7.56163,39.52806],[-7.55826,39.52645],[-7.55461,39.52629],[-7.55482,39.52153],[-7.55248,39.51977],[-7.5531,39.51824],[-7.55788,39.51757],[-7.5625,39.51748],[-7.56946,39.51823],[-7.57229,39.51742],[-7.57287,39.5151],[-7.57893,39.51388],[-7.58018,39.51295],[-7.57984,39.50605],[-7.57902,39.49929],[-7.57805,39.4966],[-7.5751,39.49536],[-7.57153,39.49485],[-7.57095,39.49075],[-7.57166,39.48474],[-7.56955,39.48384],[-7.56844,39.48186],[-7.56892,39.47974],[-7.56826,39.47612],[-7.56679,39.4734],[-7.56676,39.47046],[-7.56953,39.46658],[-7.57575,39.46382],[-7.5787,39.46469],[-7.58088,39.46412],[-7.57705,39.46046],[-7.57621,39.45874],[-7.57783,39.45746],[-7.5806,39.45781],[-7.58253,39.456],[-7.58272,39.4544],[-7.58551,39.45362],[-7.58756,39.4519],[-7.58943,39.45179],[-7.59389,39.45474],[-7.59817,39.4492],[-7.59319,39.44579],[-7.59266,39.44353],[-7.59303,39.4384],[-7.59153,39.43621],[-7.5911,39.43059],[-7.5899,39.43019],[-7.58806,39.42676],[-7.58861,39.42298],[-7.58669,39.41872],[-7.5875,39.41522],[-7.58589,39.41251],[-7.58499,39.40904],[-7.58614,39.40663],[-7.58649,39.40197],[-7.58523,39.39894],[-7.58766,39.39631],[-7.58906,39.39333],[-7.59208,39.39075],[-7.59079,39.38708],[-7.5921,39.38322],[-7.5894,39.38175],[-7.59467,39.37724],[-7.60343,39.38088],[-7.6057,39.38293],[-7.60947,39.38258],[-7.61138,39.38648],[-7.61424,39.38911],[-7.61802,39.38945],[-7.62283,39.39083],[-7.62653,39.39003],[-7.62791,39.39065],[-7.6325,39.39025],[-7.63675,39.39405],[-7.6396,39.39815],[-7.64122,39.4018],[-7.64242,39.4023],[-7.64749,39.41109],[-7.64741,39.41364],[-7.64978,39.41523],[-7.64918,39.41816],[-7.64984,39.42203],[-7.65162,39.42368],[-7.65119,39.42616],[-7.64918,39.4299],[-7.64917,39.43166],[-7.65196,39.43266],[-7.65342,39.43431],[-7.65537,39.43387],[-7.65634,39.43725],[-7.66017,39.43773],[-7.66395,39.43616],[-7.67014,39.43877],[-7.67539,39.43703],[-7.67904,39.43104],[-7.68407,39.42899],[-7.68656,39.42578],[-7.69026,39.42403],[-7.69289,39.42417],[-7.69814,39.42133],[-7.69975,39.41892],[-7.70114,39.41264],[-7.70051,39.41007],[-7.70283,39.40682],[-7.70554,39.40439],[-7.70609,39.40223],[-7.70863,39.39859],[-7.70563,39.39504],[-7.70777,39.39143],[-7.70777,39.38715],[-7.70687,39.38612],[-7.70872,39.38403],[-7.71009,39.38432],[-7.71921,39.3833],[-7.72317,39.38335],[-7.72826,39.38467],[-7.7421,39.38552],[-7.74323,39.38659],[-7.74793,39.38717],[-7.75023,39.38549],[-7.75336,39.38637],[-7.75429,39.38541],[-7.75932,39.38435],[-7.76139,39.38242],[-7.76524,39.38131],[-7.76883,39.37823],[-7.77175,39.37785],[-7.77388,39.37633],[-7.77622,39.37671],[-7.78046,39.37324],[-7.78281,39.37221],[-7.78728,39.37299],[-7.78906,39.37139],[-7.79214,39.37235],[-7.79552,39.37226],[-7.79744,39.36961],[-7.79968,39.36897],[-7.80698,39.36355],[-7.81286,39.36335],[-7.81519,39.36013],[-7.81947,39.35965],[-7.82518,39.35654],[-7.82804,39.35651],[-7.83104,39.35463],[-7.83447,39.3541],[-7.83513,39.35247],[-7.83866,39.3533],[-7.84182,39.35114],[-7.84784,39.35178],[-7.8506,39.35051],[-7.85104,39.34784],[-7.85502,39.34834],[-7.85799,39.34644],[-7.86169,39.34603],[-7.86323,39.34426],[-7.8742,39.34281],[-7.87708,39.34143],[-7.88342,39.34055],[-7.88625,39.34151],[-7.8923,39.33994],[-7.89471,39.33886],[-7.89542,39.33699],[-7.90128,39.33406],[-7.89701,39.33306],[-7.89614,39.33132],[-7.89396,39.33091],[-7.892,39.32817],[-7.88876,39.32587],[-7.88613,39.32668],[-7.88322,39.32882],[-7.88132,39.32854],[-7.87973,39.33213],[-7.8773,39.33249],[-7.87344,39.3317],[-7.86943,39.33246],[-7.86154,39.33309],[-7.85438,39.33295],[-7.84984,39.33114],[-7.84619,39.33076],[-7.83996,39.32902],[-7.8376,39.32961],[-7.83385,39.32788],[-7.82922,39.32973],[-7.82649,39.32945],[-7.82456,39.32812],[-7.82171,39.33003],[-7.81817,39.33109],[-7.81376,39.33008],[-7.80963,39.32755],[-7.80292,39.32541],[-7.79884,39.32217],[-7.79846,39.32121],[-7.79412,39.32077],[-7.78557,39.3178],[-7.78286,39.32162],[-7.77617,39.32118],[-7.77568,39.31651],[-7.77441,39.31649],[-7.76402,39.3123],[-7.76015,39.30985],[-7.75079,39.30531],[-7.74424,39.3027],[-7.73978,39.30153],[-7.73574,39.29986],[-7.7321,39.29958],[-7.72771,39.29391],[-7.72631,39.29315],[-7.72566,39.29057],[-7.72363,39.28708],[-7.71733,39.28305],[-7.71316,39.27715],[-7.71042,39.27424],[-7.70801,39.27068],[-7.70587,39.26631],[-7.69881,39.26395],[-7.69667,39.26139],[-7.69072,39.25789],[-7.68832,39.25704],[-7.68578,39.25504],[-7.68233,39.25462],[-7.6728,39.25101],[-7.67058,39.2484],[-7.66786,39.24637],[-7.65769,39.24018],[-7.64999,39.23646],[-7.64826,39.23528],[-7.64187,39.23265],[-7.63354,39.22866],[-7.62334,39.22503],[-7.61516,39.22155],[-7.60543,39.21589],[-7.59736,39.21185],[-7.59268,39.21104],[-7.58622,39.20906],[-7.58193,39.20686],[-7.57578,39.20233],[-7.56595,39.20229],[-7.55477,39.20282],[-7.54937,39.20378],[-7.54523,39.2034],[-7.53865,39.20129],[-7.53583,39.19995],[-7.53167,39.19657],[-7.52701,39.19338],[-7.5217,39.19063],[-7.52334,39.18701],[-7.52348,39.18474],[-7.52544,39.17939],[-7.52561,39.17751],[-7.52425,39.17437],[-7.52351,39.16895],[-7.52429,39.16682],[-7.5283,39.16358],[-7.53137,39.1626],[-7.53595,39.1573],[-7.54182,39.15607],[-7.54313,39.15515],[-7.55155,39.15187],[-7.56044,39.14674],[-7.56669,39.14412],[-7.56562,39.14205],[-7.55715,39.13556],[-7.55519,39.12896],[-7.5584,39.12745],[-7.5543,39.12258],[-7.55201,39.11749],[-7.54841,39.11188],[-7.54791,39.10715],[-7.54409,39.10417],[-7.5358,39.09542],[-7.53249,39.09038],[-7.53665,39.0865],[-7.53253,39.07993],[-7.52897,39.07516],[-7.53095,39.07291],[-7.53447,39.07083],[-7.53252,39.06732],[-7.53176,39.06405],[-7.52986,39.06427],[-7.5256,39.05978],[-7.51205,39.04361],[-7.5134,39.0368],[-7.51788,39.03499],[-7.51875,39.03214],[-7.52631,39.02732],[-7.52977,39.02556],[-7.53223,39.02695],[-7.53425,39.02402],[-7.53739,39.02306],[-7.53906,39.0129],[-7.53636,39.01327],[-7.53101,39.00968],[-7.53335,39.00844],[-7.53921,39.00565],[-7.54084,39.00398],[-7.54463,39.00271],[-7.54482,39.00034],[-7.54231,38.99386],[-7.55151,38.99528],[-7.55572,38.99752],[-7.55928,38.99584],[-7.56512,38.99555],[-7.56562,38.99751],[-7.56799,38.99822],[-7.57615,39.00446],[-7.57676,39.0065],[-7.58048,39.00995],[-7.58418,39.00563],[-7.58689,39.00522],[-7.59098,39.00699],[-7.589,39.00784],[-7.58761,39.01045],[-7.59092,39.01308],[-7.59411,39.0103],[-7.59764,39.00873],[-7.60316,39.01052],[-7.60791,39.0076],[-7.61113,39.00665],[-7.61229,39.00819],[-7.61732,39.00663],[-7.62158,39.00474],[-7.61926,39.00037],[-7.61873,38.99825],[-7.62331,38.99385],[-7.62415,38.99472],[-7.62758,38.99494],[-7.63175,38.99678],[-7.63341,38.9929],[-7.63809,38.99067],[-7.64037,38.99218],[-7.63936,38.99682],[-7.63778,39.00067],[-7.63947,39.00085],[-7.64203,39.00323],[-7.64453,39.00309],[-7.64938,39.00552],[-7.65084,39.0087],[-7.65489,39.0095],[-7.65485,39.01119],[-7.65907,39.01459],[-7.6629,39.01552],[-7.66512,39.01796],[-7.66652,39.01661],[-7.67171,39.01814],[-7.67614,39.01466],[-7.6782,39.01082],[-7.68102,39.01539],[-7.68703,39.01803],[-7.6887,39.01712],[-7.69158,39.0196],[-7.69536,39.01987],[-7.69676,39.01862],[-7.70512,39.0208],[-7.70762,39.02232],[-7.7108,39.02136],[-7.7094,39.01786],[-7.71196,39.01675],[-7.71123,39.01431],[-7.70954,39.01321],[-7.71315,39.00814],[-7.71456,39.00737],[-7.71717,39.00286],[-7.71812,39.00253],[-7.72624,39.00326],[-7.73094,39.00571],[-7.73265,39.00442],[-7.73677,38.99848],[-7.74523,38.99716],[-7.7462,39.00413],[-7.74847,39.00773],[-7.75092,39.00692],[-7.75365,39.00812],[-7.75925,39.00931],[-7.76024,39.01014],[-7.76635,39.00571],[-7.76884,39.00472],[-7.77409,39.00467],[-7.77531,39.00632],[-7.77836,39.00781],[-7.7877,38.99851],[-7.79166,38.99991],[-7.79732,39.00341],[-7.80116,39.00141],[-7.80256,38.99977],[-7.80389,38.99448],[-7.81184,38.99634],[-7.8139,38.99178],[-7.81544,38.99268],[-7.82268,39.00168],[-7.83147,39.01027],[-7.83217,39.01454],[-7.83592,39.0141],[-7.84025,39.01598],[-7.84292,39.01608],[-7.8451,39.01507],[-7.8496,39.01567],[-7.84967,39.01173],[-7.85091,39.01105],[-7.85215,39.00743],[-7.8568,39.00149],[-7.85453,38.99907],[-7.85549,38.99695],[-7.86284,38.98922],[-7.86747,38.98897],[-7.87002,38.99428],[-7.87234,38.99412],[-7.87523,38.99184],[-7.87892,38.99079],[-7.88323,38.99075],[-7.88604,38.99544],[-7.88627,38.99775],[-7.88554,39.0024],[-7.8886,39.00256],[-7.88872,38.9998],[-7.89141,39.0005],[-7.8942,39.00414],[-7.89606,39.00344],[-7.89373,38.99727],[-7.89712,38.9917],[-7.89536,38.98864],[-7.89005,38.98551],[-7.89536,38.98281],[-7.88847,38.97757],[-7.89155,38.97451],[-7.89459,38.97343],[-7.90046,38.97013],[-7.90888,38.96794],[-7.91047,38.968],[-7.91451,38.9646],[-7.91228,38.96405],[-7.91402,38.96163],[-7.91157,38.95961],[-7.90724,38.95725],[-7.90698,38.95454],[-7.90443,38.95242],[-7.9036,38.9498],[-7.90103,38.94902],[-7.90002,38.94622],[-7.89793,38.94777],[-7.89646,38.94613],[-7.89872,38.9436],[-7.90058,38.93966],[-7.89497,38.93143],[-7.89088,38.92842],[-7.89217,38.92493],[-7.88979,38.92284],[-7.89181,38.91714],[-7.89735,38.90995],[-7.90201,38.90822],[-7.90742,38.90528],[-7.91057,38.90548],[-7.91325,38.90413],[-7.92525,38.90587],[-7.9262,38.9028],[-7.9262,38.89927],[-7.92726,38.89453],[-7.9285,38.89516],[-7.93392,38.89548],[-7.93783,38.89483],[-7.9397,38.89318],[-7.9421,38.88771],[-7.94517,38.88669],[-7.95084,38.88925],[-7.95595,38.89042],[-7.95798,38.88949],[-7.95926,38.88744],[-7.95609,38.87891],[-7.95016,38.87572],[-7.94606,38.86999],[-7.95048,38.86786],[-7.95346,38.86255],[-7.95557,38.8599],[-7.96105,38.8627],[-7.96186,38.86571],[-7.9663,38.86659],[-7.9696,38.86484],[-7.97164,38.863],[-7.97012,38.86097],[-7.97239,38.85797],[-7.9715,38.85451],[-7.97626,38.85343],[-7.97988,38.85047],[-7.97987,38.84652],[-7.97911,38.84329],[-8.00042,38.83938],[-8.00968,38.83418],[-8.01165,38.83461],[-8.01512,38.83204],[-8.02238,38.82877],[-8.02587,38.82669],[-8.02705,38.82791],[-8.03366,38.82869],[-8.04463,38.83203],[-8.04757,38.83531],[-8.04944,38.83608],[-8.0524,38.84],[-8.05715,38.84124],[-8.06085,38.8405],[-8.06523,38.84112],[-8.06622,38.84216],[-8.06545,38.84511],[-8.06824,38.84821],[-8.07265,38.85088],[-8.07907,38.84682],[-8.08505,38.84537],[-8.09119,38.84132],[-8.09702,38.83855],[-8.09934,38.83634],[-8.10279,38.83453],[-8.10796,38.82675],[-8.10732,38.82492],[-8.11125,38.8197],[-8.11802,38.81372],[-8.12812,38.79933],[-8.13271,38.7977],[-8.13348,38.79368],[-8.14012,38.7881],[-8.14105,38.78503],[-8.14087,38.77937],[-8.14204,38.77258],[-8.14526,38.77179],[-8.15263,38.77343],[-8.15983,38.77623],[-8.16467,38.77663],[-8.1682,38.77974],[-8.17561,38.78267],[-8.17725,38.78597],[-8.17822,38.79137],[-8.17571,38.79845],[-8.17357,38.801],[-8.17668,38.80227],[-8.18185,38.80313],[-8.18593,38.80223],[-8.1888,38.80059],[-8.19016,38.79706],[-8.19178,38.79492],[-8.19393,38.79484],[-8.19582,38.79618],[-8.20491,38.79927],[-8.19727,38.80796],[-8.19972,38.80921],[-8.20077,38.81141],[-8.20442,38.81534],[-8.20983,38.81753],[-8.21161,38.81888],[-8.21347,38.82265],[-8.21729,38.82497],[-8.2218,38.82861],[-8.22295,38.82888],[-8.22542,38.8262],[-8.22811,38.82471],[-8.22951,38.82292],[-8.23321,38.82133],[-8.23932,38.82068],[-8.24081,38.81878],[-8.24465,38.81668],[-8.24795,38.81811],[-8.24945,38.8178],[-8.25255,38.81972],[-8.25625,38.82282],[-8.25879,38.8269],[-8.26387,38.82773],[-8.26935,38.83155],[-8.26642,38.83635],[-8.26365,38.83898],[-8.26039,38.84336],[-8.26167,38.84357],[-8.26974,38.84224],[-8.27185,38.84274],[-8.27407,38.84475],[-8.27661,38.84547],[-8.28012,38.84834],[-8.28325,38.84863],[-8.28653,38.85153],[-8.28963,38.85236],[-8.29583,38.85831],[-8.29668,38.86099],[-8.30142,38.86032],[-8.30149,38.86161],[-8.29959,38.86504],[-8.30168,38.86909],[-8.30463,38.86289],[-8.30598,38.85874],[-8.30912,38.85125],[-8.30995,38.85004],[-8.31018,38.84494],[-8.32127,38.85926],[-8.33162,38.84929],[-8.3336,38.847],[-8.3356,38.84249],[-8.33801,38.84023],[-8.34174,38.83883],[-8.34922,38.83949],[-8.35051,38.84118],[-8.35762,38.84457],[-8.35778,38.84539],[-8.36377,38.84923],[-8.36666,38.85066],[-8.36719,38.85384],[-8.36874,38.85419],[-8.37467,38.85365],[-8.37727,38.85608],[-8.38004,38.85346],[-8.38766,38.84799],[-8.38933,38.84724],[-8.38462,38.8427],[-8.38182,38.84089],[-8.38639,38.83827],[-8.39286,38.83568],[-8.39978,38.83076],[-8.40476,38.82762],[-8.40905,38.82299],[-8.41296,38.82664],[-8.41796,38.82672],[-8.41857,38.82921],[-8.41789,38.83235],[-8.41916,38.83766],[-8.42286,38.83651],[-8.42585,38.83477],[-8.43018,38.83426],[-8.43094,38.83176],[-8.4336,38.8299],[-8.43869,38.82751],[-8.44262,38.82072],[-8.44389,38.81338],[-8.44656,38.81223],[-8.4489,38.80775],[-8.45518,38.80305],[-8.45817,38.80302],[-8.46235,38.80172],[-8.46898,38.79631],[-8.47106,38.794],[-8.47781,38.79933],[-8.47701,38.80145],[-8.48375,38.80406],[-8.50037,38.80748],[-8.50401,38.80222],[-8.50821,38.79881],[-8.5117,38.79716],[-8.51553,38.7913],[-8.52307,38.78892],[-8.52613,38.78304],[-8.54276,38.76675],[-8.54675,38.7635],[-8.52456,38.76178],[-8.5179,38.76342],[-8.51451,38.76489],[-8.49756,38.76281],[-8.49097,38.76131],[-8.492,38.75806],[-8.49173,38.7546],[-8.48983,38.75097],[-8.48595,38.74942],[-8.47506,38.74875],[-8.46899,38.74908],[-8.46128,38.74793],[-8.45773,38.74657],[-8.45555,38.74472],[-8.45082,38.74372],[-8.44865,38.74414],[-8.44061,38.74318],[-8.43719,38.74374],[-8.43528,38.74529],[-8.44457,38.73001],[-8.44344,38.72683],[-8.4341,38.72361],[-8.42859,38.72346],[-8.42391,38.72073],[-8.42086,38.71834],[-8.41497,38.71787],[-8.4095,38.71494],[-8.40875,38.71314],[-8.40497,38.71071],[-8.4005,38.70976],[-8.39849,38.70779],[-8.38684,38.70522],[-8.38386,38.70224],[-8.38316,38.69967],[-8.38089,38.69727],[-8.38051,38.69427],[-8.38212,38.6899],[-8.37824,38.68278],[-8.37904,38.68037],[-8.38163,38.67711],[-8.38321,38.6722],[-8.38036,38.66558],[-8.38004,38.65475],[-8.38025,38.65007],[-8.38399,38.65095],[-8.39163,38.6555],[-8.39626,38.64951],[-8.39835,38.64556],[-8.39876,38.64177],[-8.39827,38.63759],[-8.40248,38.6343],[-8.40573,38.63242],[-8.4083,38.63343],[-8.41293,38.63201],[-8.41678,38.63274],[-8.42534,38.63793],[-8.43291,38.64385],[-8.43803,38.64067],[-8.44423,38.63886],[-8.44822,38.63903],[-8.45341,38.64178],[-8.45815,38.63819],[-8.46159,38.6335],[-8.46425,38.62899],[-8.46846,38.62803],[-8.47906,38.63329],[-8.48696,38.63751],[-8.48799,38.64343],[-8.49427,38.64647],[-8.50046,38.64907],[-8.50642,38.63721],[-8.5189,38.63467],[-8.53252,38.62737],[-8.53563,38.62358],[-8.53855,38.6227],[-8.54227,38.61894],[-8.54711,38.61781],[-8.54984,38.6164],[-8.5573,38.60984],[-8.57869,38.59895],[-8.58271,38.59119],[-8.58125,38.58179],[-8.57959,38.57783],[-8.57702,38.57014],[-8.57713,38.56526],[-8.57647,38.5646],[-8.57522,38.54792],[-8.5744,38.54199],[-8.57254,38.53162],[-8.53238,38.52815],[-8.53079,38.52251],[-8.52872,38.51116],[-8.52441,38.51229],[-8.52028,38.51241],[-8.5169,38.51382],[-8.51572,38.51505],[-8.51239,38.51478],[-8.51218,38.51643],[-8.50738,38.51842],[-8.50686,38.51932],[-8.50695,38.52647],[-8.50992,38.53142],[-8.51287,38.5355],[-8.5202,38.54291],[-8.50454,38.54751],[-8.49756,38.54882],[-8.49497,38.54719],[-8.49244,38.53171],[-8.49275,38.52947],[-8.49121,38.52892],[-8.48381,38.53235],[-8.48009,38.5332],[-8.47772,38.52545],[-8.47666,38.52095],[-8.4769,38.51818],[-8.47592,38.51677],[-8.46725,38.51729],[-8.46012,38.52272],[-8.45046,38.52403],[-8.44636,38.52605],[-8.4455,38.52743],[-8.44217,38.5222],[-8.42943,38.52074],[-8.42313,38.52098],[-8.4104,38.52512],[-8.40322,38.53395],[-8.40267,38.53571],[-8.39971,38.53755],[-8.39424,38.53923],[-8.39223,38.54055],[-8.3838,38.54301],[-8.37936,38.54513],[-8.37135,38.54586],[-8.36912,38.54574],[-8.36346,38.53437],[-8.35914,38.5281],[-8.35982,38.52616],[-8.35815,38.52442],[-8.35224,38.52131],[-8.34827,38.5187],[-8.34332,38.51362],[-8.33598,38.50696],[-8.33378,38.50052],[-8.32878,38.48817],[-8.32316,38.48367],[-8.32201,38.48176],[-8.32244,38.47988],[-8.32029,38.47714],[-8.31843,38.47194],[-8.31577,38.46683],[-8.31031,38.4585],[-8.31596,38.45686],[-8.32173,38.45415],[-8.32405,38.45231],[-8.32222,38.44684],[-8.32499,38.44577],[-8.32549,38.44334],[-8.32412,38.44076],[-8.32309,38.43684],[-8.31947,38.43756],[-8.31688,38.43925],[-8.31298,38.43858],[-8.30846,38.4371],[-8.30438,38.43716],[-8.30047,38.43794],[-8.29336,38.43805],[-8.29175,38.439],[-8.2889,38.43771],[-8.28601,38.44117],[-8.28823,38.44623],[-8.28945,38.45121],[-8.28447,38.45497],[-8.27958,38.4596],[-8.27191,38.46764],[-8.26816,38.47085],[-8.26572,38.47222],[-8.2554,38.47639],[-8.25268,38.47644],[-8.24072,38.46715],[-8.23221,38.47122],[-8.22257,38.47524],[-8.21466,38.47659],[-8.20898,38.47626],[-8.2085,38.47467],[-8.18313,38.47839],[-8.17915,38.47878],[-8.17722,38.47968],[-8.17043,38.48146],[-8.16937,38.4778],[-8.17265,38.47364],[-8.17487,38.46928],[-8.1782,38.46648],[-8.17724,38.46372],[-8.1739,38.4642],[-8.16507,38.46628],[-8.1623,38.46635],[-8.15784,38.46768],[-8.154,38.46819],[-8.15032,38.47112],[-8.14065,38.47678],[-8.13691,38.48004],[-8.13504,38.48082],[-8.13197,38.47376],[-8.12828,38.47456],[-8.12218,38.47428],[-8.12011,38.46654],[-8.11865,38.46267],[-8.11865,38.45933],[-8.11767,38.45773],[-8.1131,38.45806],[-8.11335,38.45081],[-8.11262,38.44805],[-8.11149,38.44044],[-8.10595,38.44108],[-8.10313,38.44208],[-8.09905,38.44214],[-8.09707,38.43054],[-8.09664,38.42235],[-8.10614,38.42049],[-8.1027,38.41486],[-8.1031,38.4144],[-8.09707,38.40834],[-8.09709,38.4047],[-8.09555,38.40188],[-8.09622,38.40076],[-8.0932,38.39476],[-8.07499,38.3955],[-8.06134,38.39429],[-8.06014,38.39049],[-8.05852,38.38804],[-8.05836,38.3853],[-8.06018,38.38232],[-8.06065,38.3801],[-8.05962,38.37785],[-8.06197,38.37628],[-8.06327,38.37437],[-8.06378,38.37156],[-8.06496,38.37037],[-8.06486,38.36708],[-8.05622,38.3677],[-8.05489,38.36885],[-8.05368,38.37177],[-8.05225,38.37161],[-8.04909,38.37655],[-8.04637,38.3782],[-8.0446,38.38066],[-8.04263,38.38168],[-8.03939,38.38185],[-8.03437,38.38457],[-8.0293,38.38652],[-8.02547,38.38668],[-8.02224,38.38956],[-8.01966,38.38984],[-8.01695,38.39299],[-8.0114,38.39534],[-8.00903,38.39784],[-8.00488,38.39976],[-8.00298,38.40169],[-7.99963,38.40244],[-7.99624,38.40411],[-7.99348,38.40215],[-7.9918,38.4024],[-7.98928,38.40118],[-7.98506,38.4011],[-7.98226,38.40277],[-7.98014,38.4022],[-7.97611,38.40546],[-7.97407,38.4062],[-7.97283,38.40869],[-7.96584,38.41066],[-7.96446,38.41002],[-7.9603,38.41041],[-7.95827,38.41163],[-7.95417,38.41202],[-7.95257,38.41109],[-7.95023,38.41227],[-7.93966,38.41184],[-7.93368,38.40971],[-7.9326,38.40816],[-7.92791,38.40703],[-7.92848,38.40243],[-7.92965,38.40033],[-7.93022,38.39645],[-7.9333,38.39158],[-7.92928,38.38912],[-7.92498,38.38831],[-7.92208,38.38613],[-7.9186,38.38455],[-7.93189,38.37369],[-7.93943,38.37347],[-7.94046,38.36762],[-7.93983,38.36672],[-7.94041,38.3625],[-7.93926,38.3594],[-7.94692,38.35658],[-7.944,38.35488],[-7.94118,38.35126],[-7.93982,38.35118],[-7.93925,38.35422],[-7.93581,38.35419],[-7.93157,38.35515],[-7.92235,38.35602],[-7.91913,38.35812],[-7.90928,38.3606],[-7.90683,38.36241],[-7.90607,38.36815],[-7.90481,38.36894],[-7.89953,38.36827],[-7.89511,38.36989],[-7.89011,38.37267],[-7.88803,38.37155],[-7.88516,38.36861],[-7.88224,38.36475],[-7.88012,38.36011],[-7.87735,38.3617],[-7.87406,38.36465],[-7.86943,38.36693],[-7.86542,38.36573],[-7.86129,38.36369],[-7.85921,38.36351],[-7.85777,38.36115],[-7.85566,38.36009],[-7.855,38.35835],[-7.8579,38.35231],[-7.85653,38.34896],[-7.85731,38.34827],[-7.85265,38.34482],[-7.84919,38.34367],[-7.84496,38.34143],[-7.84044,38.34068],[-7.83494,38.34254],[-7.83254,38.34705],[-7.83228,38.35423],[-7.82846,38.35576],[-7.82653,38.35762],[-7.82623,38.35962],[-7.82384,38.35967],[-7.83094,38.3673],[-7.82514,38.37027],[-7.82272,38.36857],[-7.8203,38.36844],[-7.81635,38.37266],[-7.81417,38.37572],[-7.81154,38.37804],[-7.80631,38.38149],[-7.80441,38.38429],[-7.79919,38.38947],[-7.80131,38.39108],[-7.7984,38.39369],[-7.79677,38.39176],[-7.79447,38.39143],[-7.78986,38.39563],[-7.78731,38.39474],[-7.78699,38.39689],[-7.78767,38.40039],[-7.7833,38.40539],[-7.77907,38.40347],[-7.77483,38.40264],[-7.77001,38.4039],[-7.76612,38.40303],[-7.76209,38.40068],[-7.76072,38.40205],[-7.75992,38.40542],[-7.76102,38.40717],[-7.75682,38.40904],[-7.75355,38.41281],[-7.75176,38.41294],[-7.74701,38.4148],[-7.74715,38.41729],[-7.74862,38.41943],[-7.74292,38.42527],[-7.74424,38.42732],[-7.74734,38.42989],[-7.74534,38.43359],[-7.74034,38.43101],[-7.73572,38.42977],[-7.73297,38.42646],[-7.72847,38.42491],[-7.72435,38.42847],[-7.721,38.42594],[-7.71702,38.42388],[-7.71085,38.43107],[-7.70595,38.42895],[-7.70367,38.4264],[-7.7026,38.4307],[-7.69846,38.42975],[-7.69517,38.43488],[-7.69232,38.4386],[-7.68661,38.43431],[-7.6851,38.43241],[-7.68114,38.43348],[-7.67496,38.43445],[-7.67391,38.42937],[-7.67242,38.42686],[-7.67198,38.42296],[-7.67382,38.41694],[-7.67411,38.40967],[-7.67289,38.40664],[-7.67035,38.4047],[-7.66249,38.40066],[-7.65537,38.39771],[-7.64339,38.39439],[-7.6352,38.38973],[-7.62865,38.38449],[-7.6252,38.38354],[-7.62238,38.38409],[-7.6178,38.38398],[-7.61243,38.38224],[-7.61047,38.38069],[-7.61128,38.37614],[-7.61123,38.37079],[-7.61048,38.36901],[-7.60727,38.3667],[-7.60115,38.36524],[-7.5979,38.36486],[-7.5948,38.36322],[-7.59059,38.36327],[-7.58456,38.36102],[-7.58331,38.35956],[-7.58319,38.35684],[-7.58402,38.35451],[-7.58336,38.35126],[-7.58187,38.35068],[-7.57722,38.35132],[-7.57495,38.3508],[-7.57446,38.34936],[-7.57539,38.34619],[-7.57583,38.34096],[-7.57366,38.33848],[-7.5675,38.33788],[-7.56317,38.33649],[-7.56104,38.33499],[-7.55957,38.33179],[-7.55769,38.32388],[-7.55813,38.31975],[-7.56056,38.3165],[-7.56231,38.31298],[-7.56184,38.31178],[-7.55744,38.31067],[-7.5557,38.30915],[-7.5554,38.30649],[-7.55763,38.29815],[-7.5538,38.29715],[-7.55083,38.3009],[-7.54377,38.30293],[-7.54079,38.30131],[-7.54215,38.29871],[-7.54266,38.29363],[-7.54132,38.291],[-7.53621,38.28818],[-7.53205,38.28718],[-7.52895,38.28583],[-7.52796,38.28254],[-7.52999,38.27923],[-7.52822,38.27505],[-7.52581,38.27258],[-7.51896,38.27245],[-7.5141,38.27074],[-7.51214,38.26947],[-7.50714,38.26438],[-7.505,38.26328],[-7.50416,38.2616],[-7.50468,38.25713],[-7.50171,38.25203],[-7.50022,38.24722],[-7.49497,38.24912],[-7.49232,38.24899],[-7.4852,38.24634],[-7.4792,38.23995],[-7.47351,38.23728],[-7.46951,38.23608],[-7.46717,38.23379],[-7.45719,38.22737],[-7.46104,38.21993],[-7.46516,38.21623],[-7.47014,38.21399],[-7.47627,38.21392],[-7.48046,38.2132],[-7.48926,38.21092],[-7.49518,38.20731],[-7.4977,38.20452],[-7.49832,38.20225],[-7.49799,38.19948],[-7.49161,38.19011],[-7.4978,38.18845],[-7.50723,38.18987],[-7.51066,38.18961],[-7.52915,38.19206],[-7.53331,38.19322],[-7.54192,38.19363],[-7.54596,38.195],[-7.54798,38.19389],[-7.55141,38.19353],[-7.55846,38.19436],[-7.56599,38.18876],[-7.5728,38.19161],[-7.57291,38.19247],[-7.58018,38.1938],[-7.58238,38.19623],[-7.58229,38.19827],[-7.58622,38.1992],[-7.58793,38.20129],[-7.5881,38.20326],[-7.59395,38.20421],[-7.59495,38.205],[-7.59956,38.20284],[-7.60981,38.20266],[-7.61752,38.20664],[-7.63501,38.20953],[-7.63758,38.20888],[-7.63974,38.20715],[-7.64398,38.20682],[-7.64467,38.20495],[-7.64755,38.20527],[-7.64944,38.20412],[-7.65378,38.20395],[-7.66302,38.20149],[-7.66962,38.20022],[-7.67408,38.2031],[-7.67987,38.2045],[-7.67951,38.20589],[-7.68197,38.20737],[-7.6857,38.20698],[-7.68797,38.2079],[-7.68911,38.20951],[-7.69342,38.21131],[-7.69883,38.21129],[-7.70466,38.21218],[-7.71119,38.2141],[-7.71528,38.2165],[-7.7178,38.21863],[-7.72404,38.22192],[-7.73423,38.23058],[-7.73258,38.23203],[-7.73411,38.23338],[-7.73862,38.23493],[-7.74493,38.23833],[-7.7482,38.23902],[-7.75073,38.24116],[-7.75896,38.24655],[-7.76546,38.24808],[-7.78074,38.24876],[-7.78766,38.2537],[-7.79056,38.25482],[-7.79338,38.25331],[-7.79707,38.24946],[-7.79975,38.25021],[-7.80235,38.24942],[-7.80363,38.24626],[-7.80831,38.24519],[-7.81779,38.24462],[-7.82122,38.25196],[-7.82522,38.25441],[-7.82754,38.25415],[-7.82911,38.25237],[-7.83239,38.25225],[-7.83681,38.25286],[-7.8395,38.25177],[-7.84152,38.25416],[-7.84657,38.25806],[-7.85033,38.2582],[-7.85399,38.25943],[-7.85797,38.26348],[-7.8637,38.26572],[-7.86662,38.26338],[-7.86947,38.26471],[-7.87282,38.26948],[-7.87691,38.2712],[-7.88504,38.27644],[-7.88991,38.277],[-7.89289,38.27957],[-7.89672,38.28147],[-7.90026,38.28472],[-7.90196,38.28458],[-7.90532,38.28231],[-7.9075,38.27969],[-7.91131,38.28434],[-7.90793,38.28693],[-7.91634,38.29104],[-7.92276,38.29278],[-7.92959,38.2955],[-7.93503,38.29962],[-7.93863,38.30308],[-7.94372,38.30525],[-7.9471,38.30493],[-7.95198,38.30647],[-7.95658,38.30708],[-7.96454,38.3108],[-7.96915,38.31379],[-7.97374,38.31621],[-7.98052,38.31709],[-7.98617,38.31433],[-7.98828,38.3123],[-7.99398,38.30826],[-7.99568,38.30249],[-8.00968,38.29953],[-8.01029,38.3028],[-8.0132,38.30118],[-8.02048,38.30097],[-8.02568,38.30539],[-8.02981,38.30817],[-8.02915,38.30895],[-8.03688,38.31595],[-8.04015,38.32017],[-8.04364,38.32608],[-8.05175,38.32529],[-8.05508,38.32833],[-8.06421,38.32252],[-8.0672,38.31933],[-8.07197,38.31837],[-8.07748,38.3223],[-8.08543,38.32008],[-8.09842,38.32092],[-8.10314,38.32015],[-8.10536,38.32037],[-8.11063,38.31918],[-8.11149,38.31972],[-8.11734,38.31707],[-8.12009,38.3148],[-8.12707,38.3142],[-8.13114,38.31288],[-8.13521,38.31382],[-8.14095,38.31426],[-8.14362,38.31688],[-8.14591,38.32101],[-8.14635,38.32294],[-8.14893,38.32672],[-8.1512,38.32901],[-8.15622,38.32873],[-8.15852,38.32761],[-8.16185,38.32712],[-8.16197,38.3257],[-8.15954,38.32095],[-8.16436,38.31932],[-8.16137,38.31787],[-8.15864,38.31457],[-8.15404,38.3101],[-8.15122,38.30633],[-8.14309,38.29784],[-8.1397,38.28809],[-8.13878,38.28441],[-8.13557,38.27813],[-8.13663,38.27444],[-8.1297,38.2663],[-8.13099,38.25579],[-8.12992,38.2518],[-8.12994,38.24417],[-8.13129,38.23116],[-8.12986,38.22399],[-8.12099,38.22313],[-8.12052,38.2195],[-8.12088,38.21308],[-8.11754,38.21288],[-8.11367,38.20989],[-8.11633,38.20882],[-8.11192,38.19376],[-8.10994,38.18987],[-8.11457,38.18771],[-8.11377,38.18543],[-8.10931,38.18191],[-8.10574,38.17822],[-8.10397,38.17061],[-8.10399,38.16824],[-8.1027,38.1653],[-8.10296,38.16369],[-8.10176,38.15679],[-8.09654,38.15056],[-8.08442,38.15162],[-8.08144,38.15157],[-8.07792,38.15245],[-8.07034,38.15361],[-8.0614,38.15679],[-8.05938,38.15838],[-8.05248,38.16036],[-8.04894,38.16075],[-8.04642,38.16006],[-8.04389,38.16058],[-8.04007,38.15994],[-8.03447,38.16089],[-8.03141,38.16302],[-8.02648,38.16294],[-8.02383,38.16167],[-8.02054,38.16663],[-8.01822,38.17124],[-8.00975,38.17169],[-8.00572,38.16612],[-8.00426,38.16492],[-7.99632,38.17137],[-7.99432,38.16835],[-7.98771,38.16463],[-7.98377,38.16133],[-7.97706,38.1566],[-7.98421,38.1511],[-7.9936,38.1453],[-8.00299,38.14107],[-8.00331,38.13587],[-8.00282,38.12536],[-8.00129,38.12476],[-7.99964,38.12099],[-7.99415,38.12001],[-7.98792,38.11846],[-7.97627,38.11368],[-7.96238,38.10583],[-7.95812,38.11005],[-7.95408,38.11265],[-7.95105,38.11246],[-7.94538,38.11011],[-7.9404,38.11352],[-7.93888,38.11349],[-7.93747,38.11871],[-7.93295,38.12045],[-7.92222,38.1231],[-7.92016,38.12461],[-7.91532,38.12434],[-7.91325,38.12478],[-7.90604,38.13055],[-7.89903,38.13434],[-7.88728,38.12702],[-7.88696,38.12598],[-7.88373,38.12468],[-7.87911,38.12722],[-7.876,38.1302],[-7.87393,38.13313],[-7.86379,38.1342],[-7.86546,38.13583],[-7.86023,38.14512],[-7.85814,38.14985],[-7.85591,38.15019],[-7.8505,38.14986],[-7.84995,38.15121],[-7.84628,38.14937],[-7.8391,38.14687],[-7.83903,38.15207],[-7.83817,38.16259],[-7.82401,38.1583],[-7.81962,38.15798],[-7.81912,38.15468],[-7.8193,38.15058],[-7.82114,38.15093],[-7.82398,38.14299],[-7.82474,38.1363],[-7.82049,38.13545],[-7.81794,38.13367],[-7.82146,38.1267],[-7.8219,38.12443],[-7.81523,38.12034],[-7.81364,38.1186],[-7.81165,38.11804],[-7.80897,38.1121],[-7.8059,38.1093],[-7.8035,38.10866],[-7.8068,38.10452],[-7.81027,38.10494],[-7.81847,38.10335],[-7.82116,38.10415],[-7.82257,38.10034],[-7.80805,38.09632],[-7.80515,38.09395],[-7.81184,38.08787],[-7.80625,38.08235],[-7.80223,38.07695],[-7.80774,38.07341],[-7.80302,38.0674],[-7.79248,38.06505],[-7.786,38.0643],[-7.78054,38.06659],[-7.77998,38.07166],[-7.77436,38.07963],[-7.77391,38.08373],[-7.77791,38.08424],[-7.7832,38.08363],[-7.7865,38.08559],[-7.79135,38.08629],[-7.79591,38.09175],[-7.78905,38.09274],[-7.78163,38.09463],[-7.77636,38.09632],[-7.7719,38.09677],[-7.77018,38.09163],[-7.7688,38.08555],[-7.76188,38.08646],[-7.75966,38.0877],[-7.75657,38.08812],[-7.75249,38.09041],[-7.74909,38.09427],[-7.74778,38.09669],[-7.74981,38.10517],[-7.74967,38.10884],[-7.75273,38.10644],[-7.75504,38.10958],[-7.75241,38.11228],[-7.74731,38.1146],[-7.74418,38.11684],[-7.74086,38.11566],[-7.73684,38.11842],[-7.73542,38.11804],[-7.72695,38.12015],[-7.72621,38.11812],[-7.72087,38.11942],[-7.71757,38.11814],[-7.71468,38.12008],[-7.71181,38.11924],[-7.70974,38.11577],[-7.70778,38.11545],[-7.70444,38.11211],[-7.70136,38.10831],[-7.69878,38.10791],[-7.6955,38.10858],[-7.69499,38.10502],[-7.69091,38.10223],[-7.68429,38.09994],[-7.67985,38.09987],[-7.67715,38.09792],[-7.67673,38.09597],[-7.6738,38.09291],[-7.66952,38.09352],[-7.66747,38.08836],[-7.65891,38.08738],[-7.65289,38.08416],[-7.64927,38.08087],[-7.64261,38.07666],[-7.63775,38.07226],[-7.63469,38.06798],[-7.6327,38.06357],[-7.63367,38.0612],[-7.6373,38.05714],[-7.63874,38.05678],[-7.64769,38.05763],[-7.65053,38.05697],[-7.65244,38.05375],[-7.64835,38.04388],[-7.6443,38.03474],[-7.64322,38.02799],[-7.64387,38.02666],[-7.64265,38.02476],[-7.64302,38.0222],[-7.64196,38.01741],[-7.64244,38.01667],[-7.64172,38.0093],[-7.64188,38.00096],[-7.64153,37.99625],[-7.64249,37.99167],[-7.6501,37.98557],[-7.65218,37.98225],[-7.65402,37.98104],[-7.6603,37.9793],[-7.66261,37.9774],[-7.66303,37.97344],[-7.66489,37.96973],[-7.66566,37.96681],[-7.66845,37.96235],[-7.67042,37.958],[-7.6714,37.95443],[-7.67338,37.95095],[-7.67933,37.94457],[-7.68206,37.94121],[-7.68172,37.93847],[-7.67787,37.93319],[-7.6764,37.93018],[-7.67146,37.92928],[-7.66774,37.92647],[-7.66213,37.9207],[-7.65519,37.91767],[-7.64965,37.91412],[-7.64435,37.90933],[-7.6419,37.9085],[-7.63997,37.90458],[-7.64059,37.90298],[-7.64361,37.90033],[-7.64668,37.89866],[-7.65176,37.89787],[-7.65417,37.89601],[-7.6554,37.89345],[-7.65544,37.88766],[-7.65256,37.88203],[-7.65164,37.87865],[-7.65116,37.8717],[-7.65024,37.86633],[-7.64899,37.86231],[-7.64854,37.85694],[-7.64742,37.85231],[-7.64837,37.84355],[-7.64779,37.83341],[-7.64685,37.83117],[-7.64609,37.82133],[-7.64441,37.81883],[-7.64061,37.81633],[-7.63523,37.81354],[-7.63311,37.81137],[-7.63288,37.80544],[-7.63359,37.80257],[-7.63513,37.80164],[-7.63641,37.79889],[-7.63988,37.79502],[-7.64134,37.79217],[-7.64293,37.78239],[-7.64336,37.76961],[-7.64433,37.767],[-7.64831,37.76049],[-7.64951,37.75756],[-7.64858,37.75378],[-7.64357,37.7498],[-7.63944,37.74597],[-7.63622,37.74614],[-7.63195,37.749],[-7.62805,37.74932],[-7.62742,37.75252],[-7.62306,37.75302],[-7.6218,37.75506],[-7.61837,37.75424],[-7.61739,37.75233],[-7.61518,37.75427],[-7.61149,37.75412],[-7.60998,37.75639],[-7.60686,37.75658],[-7.60658,37.75884],[-7.60256,37.75967],[-7.60068,37.75884],[-7.59976,37.76113],[-7.59647,37.76304],[-7.59505,37.76497],[-7.59293,37.76446],[-7.59281,37.76685],[-7.59107,37.76735],[-7.5881,37.76622],[-7.58632,37.77078],[-7.58463,37.77279],[-7.5816,37.77428],[-7.57666,37.77492],[-7.57401,37.77366],[-7.57165,37.77347],[-7.57074,37.77171],[-7.56743,37.77231],[-7.56358,37.772],[-7.56024,37.7681],[-7.55741,37.76867],[-7.55576,37.76764],[-7.54956,37.76742],[-7.54868,37.76387],[-7.54493,37.76458],[-7.5428,37.76267],[-7.54,37.76212],[-7.53694,37.76314],[-7.53546,37.76227],[-7.53168,37.76603],[-7.52897,37.77074],[-7.52709,37.77168],[-7.52822,37.77335],[-7.52631,37.77439],[-7.52312,37.77319],[-7.52042,37.77547],[-7.51696,37.77182],[-7.51159,37.77104],[-7.50713,37.76873],[-7.49997,37.76877],[-7.49759,37.76976],[-7.49416,37.76991],[-7.48942,37.76766],[-7.4902,37.76447],[-7.48818,37.76374],[-7.48837,37.76143],[-7.48521,37.76096],[-7.4853,37.7592],[-7.4808,37.75994],[-7.48068,37.75821],[-7.47708,37.75597],[-7.47471,37.75663],[-7.4704,37.75455],[-7.46687,37.75419],[-7.46355,37.75258],[-7.46034,37.75233],[-7.4574,37.75123],[-7.45582,37.7493],[-7.45581,37.74674],[-7.45287,37.74435],[-7.44754,37.7412],[-7.44535,37.74174],[-7.44244,37.74122],[-7.44026,37.74217],[-7.43381,37.74315],[-7.43044,37.74295],[-7.42811,37.74136],[-7.41898,37.74348],[-7.41819,37.74683],[-7.41962,37.75052],[-7.42259,37.75459],[-7.42137,37.75894],[-7.41982,37.75964],[-7.41597,37.75912],[-7.41375,37.75952],[-7.41048,37.76222],[-7.40923,37.76665],[-7.4076,37.76717],[-7.402,37.76644],[-7.39936,37.76423],[-7.39712,37.76376],[-7.39518,37.76515],[-7.39093,37.77124],[-7.38735,37.77323],[-7.38267,37.77483],[-7.38056,37.77808],[-7.37875,37.78232],[-7.37648,37.78381],[-7.37032,37.78611],[-7.36839,37.78771],[-7.36611,37.79274],[-7.3605,37.79368],[-7.35712,37.7988],[-7.35162,37.80063],[-7.3483,37.80295],[-7.34604,37.80576],[-7.34089,37.80704],[-7.33634,37.81078],[-7.33056,37.81368],[-7.32759,37.81403],[-7.32434,37.81582],[-7.32126,37.81869],[-7.31997,37.82387],[-7.31508,37.82739],[-7.31306,37.83017],[-7.31182,37.83333],[-7.30928,37.83668],[-7.30236,37.84005],[-7.30034,37.8435],[-7.3001,37.84787],[-7.2983,37.85157],[-7.29755,37.85665],[-7.29367,37.85949],[-7.28951,37.86121],[-7.28531,37.8674],[-7.28351,37.86886],[-7.28231,37.87385],[-7.27961,37.87697],[-7.2823,37.88619],[-7.28281,37.89017],[-7.28216,37.89765],[-7.28094,37.89856],[-7.27662,37.89816],[-7.27383,37.89881],[-7.27486,37.90141],[-7.2736,37.90488],[-7.26952,37.90626],[-7.26806,37.90884],[-7.26791,37.91256],[-7.26472,37.91455],[-7.2614,37.91815],[-7.26079,37.92446],[-7.25816,37.92206],[-7.25545,37.9223],[-7.25479,37.9237],[-7.25764,37.93212],[-7.25726,37.93396],[-7.25499,37.93553],[-7.25309,37.93846],[-7.25436,37.939],[-7.25244,37.94212],[-7.25276,37.94447],[-7.25453,37.94625],[-7.25035,37.95014],[-7.25078,37.95258],[-7.24846,37.95425],[-7.24929,37.95704],[-7.25177,37.95968],[-7.2519,37.96238],[-7.25067,37.96452],[-7.24967,37.96689],[-7.25255,37.96907],[-7.2581,37.9742],[-7.25962,37.97621],[-7.26182,37.97747],[-7.26243,37.97986],[-7.25991,37.97948],[-7.25915,37.98181],[-7.25636,37.98155],[-7.25392,37.98375],[-7.25342,37.98541],[-7.25003,37.98564],[-7.24792,37.98742],[-7.24861,37.9891],[-7.24557,37.9918],[-7.24348,37.99211],[-7.24091,37.99084],[-7.23739,37.99141],[-7.23401,37.99097],[-7.23248,37.98973],[-7.23064,37.99151],[-7.22862,37.99057],[-7.22671,37.98812],[-7.22291,37.98968],[-7.22034,37.99227],[-7.2186,37.99263],[-7.21814,37.99458],[-7.21599,37.99595],[-7.21417,37.99567],[-7.21071,37.99673],[-7.20922,37.9961],[-7.20535,37.99811],[-7.20592,38.00126],[-7.20083,38.00319],[-7.19894,38.00186],[-7.19304,38.00072],[-7.18607,38.00209],[-7.18395,37.99656],[-7.17987,37.99732],[-7.1774,37.99838],[-7.1749,37.99581],[-7.17344,37.99283],[-7.16488,37.99586],[-7.16358,37.99484],[-7.1599,37.99526],[-7.1588,37.99389],[-7.15622,37.99401],[-7.15504,37.99535],[-7.15048,37.9978],[-7.14974,38.00088],[-7.14713,38.00212],[-7.14315,38.0019],[-7.14149,38.00051],[-7.13731,37.999],[-7.13426,38.00053],[-7.12873,38.0017],[-7.12502,38.00435],[-7.12262,38.00414],[-7.12347,38.0079],[-7.12906,38.01076],[-7.12896,38.01315],[-7.1277,38.01949],[-7.13108,38.02113],[-7.1305,38.02261],[-7.12781,38.02193],[-7.12569,38.02301],[-7.1249,38.02512],[-7.12849,38.02734],[-7.12718,38.03061],[-7.12497,38.03052],[-7.12117,38.03293],[-7.11985,38.03207],[-7.11623,38.03174],[-7.11233,38.03768],[-7.11056,38.03635],[-7.10829,38.04093],[-7.10439,38.04153],[-7.09846,38.04378],[-7.09577,38.04295],[-7.09316,38.04024],[-7.09102,38.04045],[-7.09044,38.03836],[-7.08577,38.03725],[-7.08416,38.03608],[-7.08027,38.03513],[-7.07931,38.03401],[-7.0738,38.03215],[-7.07124,38.03394],[-7.06743,38.03223],[-7.06823,38.03124],[-7.0673,38.02871],[-7.06385,38.02836],[-7.06215,38.02687],[-7.06407,38.02283],[-7.06345,38.01963],[-7.05952,38.01732],[-7.05717,38.01903],[-7.05194,38.01882],[-7.04834,38.01544],[-7.04472,38.01399],[-7.04287,38.01652],[-7.03919,38.01716],[-7.03589,38.01878],[-7.03474,38.02036],[-7.03194,38.02082],[-7.03117,38.02232],[-7.02773,38.02319],[-7.02422,38.0248],[-7.02237,38.02425],[-7.01846,38.02165],[-7.01343,38.02104],[-7.01182,38.02139],[-7.00719,38.02075],[-7.00405,38.02316],[-7.00201,38.02239],[-7.00203,38.02748],[-7.00298,38.02995],[-7.00125,38.03283],[-6.99897,38.03479],[-6.99925,38.03746],[-7.00074,38.03897],[-7.0026,38.04252],[-7.00023,38.04899],[-6.99645,38.05159],[-6.99439,38.05208],[-6.99054,38.05437],[-6.98962,38.06144],[-6.99067,38.06425],[-6.98997,38.07031],[-6.9874,38.07485],[-6.9884,38.07821],[-6.98863,38.08335],[-6.9895,38.08525],[-6.98894,38.08804],[-6.98983,38.08996],[-6.98886,38.09437],[-6.98955,38.0965],[-6.98832,38.09827],[-6.98705,38.10364],[-6.9885,38.10424],[-6.98902,38.10733],[-6.993,38.10822],[-7.00005,38.10908],[-7.00461,38.11123],[-7.00871,38.10886],[-7.01073,38.11013],[-7.01287,38.10782],[-7.01524,38.10819],[-7.01903,38.1063],[-7.02163,38.1041],[-7.02466,38.10327],[-7.02674,38.10404],[-7.02939,38.10224],[-7.03096,38.10387],[-7.03384,38.10265],[-7.03447,38.0989],[-7.03885,38.09992],[-7.04342,38.09824],[-7.04744,38.09803],[-7.04948,38.09508],[-7.0525,38.09809],[-7.05573,38.09834],[-7.05957,38.09681],[-7.06115,38.09924],[-7.06269,38.09982],[-7.07064,38.09493],[-7.07375,38.0988],[-7.08,38.09572],[-7.08294,38.0948],[-7.08586,38.09249],[-7.08712,38.09287],[-7.09387,38.08996],[-7.09646,38.09108],[-7.09908,38.09079],[-7.09967,38.09335],[-7.10318,38.09078],[-7.10771,38.09059],[-7.10609,38.0957],[-7.10824,38.09699],[-7.11081,38.09506],[-7.1136,38.09548],[-7.11332,38.09706],[-7.11091,38.0976],[-7.10811,38.10078],[-7.10996,38.10217],[-7.11401,38.10009],[-7.11749,38.10274],[-7.11646,38.10409],[-7.11374,38.10479],[-7.1129,38.1072],[-7.11526,38.10698],[-7.1209,38.10301],[-7.12322,38.10308],[-7.12488,38.10443],[-7.1273,38.10398],[-7.12926,38.10568],[-7.12868,38.10806],[-7.13159,38.10935],[-7.13097,38.11118],[-7.13801,38.11017],[-7.13775,38.11355],[-7.13663,38.11499],[-7.13714,38.11726],[-7.14006,38.11601],[-7.1454,38.11677],[-7.1463,38.11848],[-7.14861,38.11727],[-7.15305,38.12038],[-7.15332,38.12369],[-7.15032,38.12375],[-7.14848,38.12538],[-7.14967,38.12715],[-7.15251,38.12782],[-7.15321,38.1257],[-7.15906,38.12402],[-7.15963,38.12625],[-7.15748,38.12807],[-7.15933,38.12891],[-7.16107,38.12712],[-7.16509,38.12743],[-7.16694,38.12843],[-7.16613,38.13139],[-7.16772,38.13263],[-7.17206,38.13398],[-7.17318,38.13106],[-7.17643,38.13098],[-7.17821,38.1294],[-7.18026,38.1307],[-7.17871,38.13221],[-7.17988,38.13337],[-7.17702,38.13711],[-7.17913,38.13848],[-7.18608,38.13708],[-7.18746,38.13847],[-7.18936,38.13772],[-7.19425,38.13767],[-7.19786,38.13954],[-7.20433,38.14089],[-7.20975,38.13937],[-7.20985,38.14083],[-7.20689,38.145],[-7.20275,38.14937],[-7.20113,38.15171],[-7.19786,38.15466],[-7.19523,38.15554],[-7.19314,38.15422],[-7.19536,38.15044],[-7.19517,38.14927],[-7.19166,38.1467],[-7.18576,38.14451],[-7.17831,38.14518],[-7.17328,38.14701],[-7.1705,38.14663],[-7.16959,38.14316],[-7.16349,38.13981],[-7.1587,38.13967],[-7.15725,38.1407],[-7.15704,38.14579],[-7.15448,38.14876],[-7.15203,38.15465],[-7.14972,38.15808],[-7.15412,38.16192],[-7.15513,38.16576],[-7.15352,38.16855],[-7.15238,38.17348],[-7.14669,38.17469],[-7.1416,38.17184],[-7.13605,38.17111],[-7.1315,38.17104],[-7.12796,38.17242],[-7.12613,38.17527],[-7.12671,38.17952],[-7.12613,38.18196],[-7.12446,38.18479],[-7.12022,38.18648],[-7.11662,38.18486],[-7.11362,38.18536],[-7.10966,38.18782],[-7.10703,38.18835],[-7.10793,38.18995],[-7.10694,38.19142],[-7.10813,38.19383],[-7.10989,38.19357],[-7.11095,38.1999],[-7.11353,38.20319],[-7.11266,38.20629],[-7.11534,38.20621],[-7.11706,38.20766],[-7.11769,38.21128],[-7.12168,38.21242],[-7.12378,38.217],[-7.13439,38.2271],[-7.13985,38.23541],[-7.13992,38.23747],[-7.14285,38.24058],[-7.1427,38.24303],[-7.14365,38.24669],[-7.14316,38.24854],[-7.14479,38.25089],[-7.14271,38.25563],[-7.14516,38.25815],[-7.14294,38.26171],[-7.14758,38.26687],[-7.14744,38.26998],[-7.14993,38.26849],[-7.15265,38.26789],[-7.15345,38.27342],[-7.15087,38.27609],[-7.15573,38.27631],[-7.15591,38.27905],[-7.1611,38.27911],[-7.16381,38.28129],[-7.16533,38.28112],[-7.16888,38.27887],[-7.16938,38.28013],[-7.16852,38.28418],[-7.17107,38.28472],[-7.17548,38.28846],[-7.17893,38.29315],[-7.18212,38.29573],[-7.18596,38.30234],[-7.19107,38.30784],[-7.19417,38.3134],[-7.19915,38.32109],[-7.20024,38.32601],[-7.20225,38.32903],[-7.20908,38.3359],[-7.2145,38.34092],[-7.21964,38.3425],[-7.22413,38.34801],[-7.2332,38.35775],[-7.24369,38.36532],[-7.24817,38.36951],[-7.25607,38.37937],[-7.25663,38.38041],[-7.26007,38.38216],[-7.26878,38.39163],[-7.27217,38.3959],[-7.27452,38.40002],[-7.27573,38.40413],[-7.27838,38.40958],[-7.28043,38.41513],[-7.27948,38.41923],[-7.28186,38.41936],[-7.28433,38.42318],[-7.28806,38.42302],[-7.28859,38.42507],[-7.29121,38.42398],[-7.29285,38.42653],[-7.29527,38.42575],[-7.29998,38.42606],[-7.30019,38.42904],[-7.30252,38.42956],[-7.30317,38.43191],[-7.30648,38.43241],[-7.31013,38.43574],[-7.31395,38.4368],[-7.31471,38.4392],[-7.31751,38.44035],[-7.3185,38.43907],[-7.32142,38.43995],[-7.32777,38.43882],[-7.3326,38.43655],[-7.33437,38.43473],[-7.33585,38.43582],[-7.33241,38.43976],[-7.33025,38.44448],[-7.32721,38.44555],[-7.31976,38.44699],[-7.31504,38.44907],[-7.31246,38.4546],[-7.31431,38.45897],[-7.31087,38.46149],[-7.30837,38.46141],[-7.30189,38.46532],[-7.29865,38.47019],[-7.29589,38.47603],[-7.296,38.47922],[-7.29788,38.48186],[-7.30092,38.483],[-7.30479,38.48235],[-7.30887,38.48006],[-7.31129,38.47679],[-7.31216,38.4745],[-7.31528,38.47368],[-7.32029,38.47567],[-7.32157,38.47827],[-7.32081,38.48538],[-7.31574,38.49534],[-7.31533,38.5011],[-7.31418,38.50478],[-7.31395,38.50785],[-7.31455,38.51388],[-7.31194,38.51599],[-7.31005,38.51634],[-7.30444,38.519],[-7.30324,38.52009],[-7.30134,38.52443],[-7.30087,38.52686],[-7.30152,38.53394],[-7.30287,38.53616],[-7.30336,38.5431],[-7.30192,38.54503],[-7.29557,38.5513],[-7.29282,38.55352],[-7.28897,38.55811],[-7.28602,38.56334],[-7.2867,38.57058],[-7.2862,38.57261],[-7.28396,38.57595],[-7.28083,38.57633],[-7.27641,38.57513],[-7.27416,38.57671],[-7.2716,38.5802],[-7.26963,38.58463],[-7.26391,38.58787],[-7.26307,38.59223],[-7.26341,38.59404],[-7.26115,38.5976],[-7.26127,38.60052],[-7.25936,38.60377],[-7.26041,38.60883],[-7.25894,38.61243],[-7.25401,38.61707],[-7.24825,38.62013],[-7.24368,38.62377],[-7.24561,38.62708],[-7.25302,38.62803],[-7.26118,38.62693],[-7.26558,38.62731],[-7.26914,38.63152],[-7.2725,38.63841],[-7.26987,38.64822],[-7.27028,38.65167],[-7.26944,38.65753],[-7.26969,38.66242],[-7.27034,38.66506],[-7.26928,38.67132],[-7.26783,38.67355],[-7.26655,38.68335],[-7.26848,38.686],[-7.26883,38.6878],[-7.26717,38.69267],[-7.26773,38.69539],[-7.2671,38.69975],[-7.26469,38.70205],[-7.26432,38.70399],[-7.26251,38.7058],[-7.25794,38.71426],[-7.2592,38.71952],[-7.26035,38.71996],[-7.26003,38.72294],[-7.25755,38.72618],[-7.25217,38.7302],[-7.24271,38.73521],[-7.23791,38.73692],[-7.23587,38.73633],[-7.22898,38.73662],[-7.22384,38.73989],[-7.21901,38.74155],[-7.21284,38.74473],[-7.20371,38.7515],[-7.20151,38.75342],[-7.20109,38.75517],[-7.1986,38.75709],[-7.19576,38.76115],[-7.19684,38.76498],[-7.19106,38.76846],[-7.18531,38.77028],[-7.1833,38.77245],[-7.179,38.77422],[-7.17018,38.77655],[-7.16565,38.77854],[-7.16171,38.78137],[-7.161,38.78356],[-7.1593,38.78451],[-7.15744,38.78725],[-7.15613,38.79173],[-7.15331,38.79507],[-7.14779,38.80025],[-7.14023,38.80592],[-7.12861,38.81376],[-7.1254,38.81533],[-7.10469,38.81699],[-7.1013,38.81645],[-7.09949,38.81525],[-7.09637,38.81597],[-7.09041,38.81996],[-7.08811,38.82266],[-7.08663,38.82806],[-7.08426,38.83182],[-7.07739,38.8412],[-7.0751,38.84662],[-7.07246,38.84921],[-7.06819,38.85445],[-7.06537,38.85426],[-7.06345,38.8554],[-7.06118,38.85807],[-7.05739,38.85753],[-7.05305,38.85821],[-7.05108,38.8604],[-7.04823,38.86121],[-7.04634,38.86454],[-7.0439,38.86315],[-7.03924,38.86468],[-7.03867,38.86709],[-7.03984,38.86815],[-7.03903,38.87101],[-7.03699,38.87238],[-7.03587,38.87602],[-7.03376,38.87662],[-7.03302,38.87882],[-7.03527,38.88321],[-7.03882,38.88301],[-7.04052,38.88412],[-7.03915,38.88751],[-7.03917,38.89132],[-7.04167,38.89788],[-7.04483,38.90175],[-7.04859,38.90247],[-7.05115,38.90589],[-7.05464,38.9059],[-7.05954,38.90812],[-7.05924,38.91057],[-7.06037,38.91201],[-7.06282,38.91182],[-7.06517,38.91044],[-7.06782,38.91072],[-7.06696,38.91274],[-7.06717,38.91512],[-7.07063,38.91857],[-7.07095,38.92122],[-7.07332,38.92563],[-7.08033,38.92901],[-7.08027,38.93357],[-7.08397,38.93818],[-7.08787,38.94588],[-7.08659,38.94951],[-7.0891,38.95379],[-7.09311,38.95504],[-7.09532,38.95766],[-7.09322,38.96078],[-7.0936,38.96336],[-7.09735,38.96675],[-7.10447,38.97042],[-7.10755,38.97373],[-7.10763,38.97727],[-7.11252,38.98342],[-7.11539,38.9846],[-7.11903,38.98478],[-7.12226,38.98751],[-7.123,38.98957],[-7.12596,38.99084],[-7.12844,38.99028],[-7.13359,38.99031],[-7.13714,38.99151],[-7.14091,38.99488],[-7.14421,38.99863],[-7.14765,38.99978],[-7.14936,39.00206],[-7.1481,39.00523],[-7.14958,39.0108],[-7.14959,39.01527],[-7.14888,39.01759],[-7.15302,39.02077],[-7.15697,39.02122],[-7.16018,39.02449],[-7.16394,39.02711],[-7.17084,39.02719],[-7.17391,39.02634],[-7.17853,39.02624],[-7.18511,39.02821],[-7.18894,39.02849],[-7.19187,39.02991],[-7.19737,39.03513],[-7.20117,39.04006],[-7.20875,39.04309],[-7.21358,39.04728],[-7.2175,39.04848],[-7.2239,39.04947],[-7.22835,39.04972],[-7.23201,39.05061],[-7.23414,39.05225],[-7.23913,39.05265],[-7.24526,39.05437],[-7.24783,39.05665],[-7.25114,39.05641],[-7.25509,39.05719],[-7.25997,39.05524],[-7.2663,39.0549],[-7.26854,39.05569],[-7.27553,39.05571],[-7.28152,39.05537],[-7.28669,39.05267],[-7.28723,39.05108],[-7.29262,39.04712],[-7.29586,39.04771],[-7.2981,39.04703],[-7.30034,39.04718],[-7.30078,39.05246],[-7.30188,39.05711],[-7.30416,39.05924],[-7.30562,39.0618],[-7.30961,39.06437],[-7.3161,39.06627],[-7.31875,39.06657],[-7.32642,39.06854],[-7.33095,39.06641],[-7.34032,39.06711],[-7.34281,39.06822],[-7.34124,39.07462],[-7.34305,39.07893],[-7.34408,39.08559],[-7.35031,39.08299],[-7.35463,39.08421],[-7.35933,39.08852],[-7.36441,39.09053],[-7.3714,39.09266],[-7.3714,39.09627],[-7.36891,39.10041],[-7.36655,39.10178],[-7.36594,39.10422],[-7.36272,39.10728],[-7.36511,39.11018],[-7.35809,39.11468],[-7.35316,39.11905],[-7.35802,39.12467],[-7.3652,39.13088],[-7.37251,39.13592],[-7.37764,39.13896],[-7.38129,39.14233],[-7.388,39.14603],[-7.39007,39.14624],[-7.38835,39.14988],[-7.38492,39.15219],[-7.38284,39.15516],[-7.38154,39.15839],[-7.37761,39.15946],[-7.37817,39.16148],[-7.37379,39.16058],[-7.37184,39.16209],[-7.36707,39.16282],[-7.36349,39.16624],[-7.35774,39.16584],[-7.35498,39.16487],[-7.35432,39.16942],[-7.35527,39.17369],[-7.35225,39.17273],[-7.35005,39.17469],[-7.34526,39.17615],[-7.34493,39.1796],[-7.34666,39.18291],[-7.34888,39.18386],[-7.35203,39.18318],[-7.35348,39.18453],[-7.35489,39.1885],[-7.35928,39.18942],[-7.36069,39.19265],[-7.36544,39.19424],[-7.36419,39.19581],[-7.36107,39.19593],[-7.35803,39.19492],[-7.35624,39.19309],[-7.35323,39.19174],[-7.3526,39.19346],[-7.35023,39.19274],[-7.34683,39.19629],[-7.33987,39.19403],[-7.33255,39.19341],[-7.33148,39.19211],[-7.32553,39.19118],[-7.31994,39.1908],[-7.3158,39.18923],[-7.29893,39.19514],[-7.2949,39.19434],[-7.28902,39.19467],[-7.28444,39.19632],[-7.27863,39.19579],[-7.27192,39.19611],[-7.26343,39.19958],[-7.261,39.19963],[-7.25186,39.20188],[-7.24847,39.20115],[-7.24636,39.20219],[-7.24146,39.20826],[-7.23999,39.21788],[-7.24229,39.22217],[-7.24514,39.22592],[-7.24471,39.23191],[-7.24173,39.23437],[-7.24203,39.24221],[-7.24575,39.24573],[-7.24802,39.25338],[-7.24652,39.25645],[-7.24409,39.25921],[-7.23552,39.27325],[-7.23147,39.27826],[-7.23259,39.27986],[-7.23557,39.28012],[-7.23809,39.28227],[-7.24176,39.28375],[-7.24521,39.28686],[-7.25011,39.29004],[-7.25318,39.29153],[-7.25382,39.29283],[-7.25985,39.29658],[-7.26308,39.29908],[-7.267,39.30102],[-7.27015,39.3042],[-7.27031,39.30536],[-7.26856,39.30873],[-7.27263,39.31127],[-7.27507,39.31468],[-7.27727,39.31611],[-7.28149,39.32062],[-7.28804,39.32309],[-7.28786,39.32467],[-7.29083,39.32605],[-7.29228,39.32879],[-7.29646,39.32941],[-7.30197,39.33171],[-7.30813,39.33688]]]]}},{"type":"Feature","properties":{"name":"peninsula-de-setubal","concelho_count":13,"legal":"IG Peninsula de Setubal = the Setubal district (13 concelhos)"},"geometry":{"type":"MultiPolygon","coordinates":[[[[-8.63911,38.54949],[-8.64092,38.56102],[-8.64092,38.56747],[-8.64822,38.57732],[-8.6511,38.58952],[-8.65157,38.59351],[-8.65334,38.5947],[-8.6536,38.59768],[-8.65803,38.60182],[-8.65837,38.60381],[-8.65682,38.60587],[-8.65653,38.60781],[-8.65292,38.61082],[-8.65347,38.61227],[-8.64779,38.61304],[-8.64333,38.61616],[-8.63671,38.62037],[-8.63476,38.62312],[-8.6347,38.62436],[-8.63217,38.62809],[-8.62847,38.63051],[-8.62412,38.63206],[-8.62047,38.63439],[-8.61949,38.63685],[-8.61678,38.63984],[-8.6153,38.64067],[-8.61395,38.64321],[-8.61239,38.64469],[-8.60152,38.64589],[-8.59066,38.65405],[-8.58373,38.66262],[-8.5774,38.66762],[-8.579,38.6716],[-8.57578,38.67323],[-8.57181,38.67577],[-8.56621,38.67818],[-8.56408,38.67745],[-8.55831,38.67775],[-8.55233,38.6822],[-8.54713,38.68443],[-8.54453,38.6846],[-8.54071,38.68568],[-8.54015,38.68876],[-8.53121,38.69186],[-8.51993,38.70901],[-8.50307,38.7147],[-8.5011,38.71565],[-8.50254,38.71813],[-8.50089,38.72221],[-8.50473,38.72546],[-8.50669,38.72786],[-8.50914,38.72771],[-8.51138,38.73257],[-8.51051,38.73724],[-8.50744,38.74214],[-8.50559,38.74586],[-8.50023,38.7499],[-8.49173,38.7546],[-8.492,38.75806],[-8.49097,38.76131],[-8.49756,38.76281],[-8.51451,38.76489],[-8.5179,38.76342],[-8.52456,38.76178],[-8.54395,38.76331],[-8.5468,38.76344],[-8.54815,38.76275],[-8.55744,38.76929],[-8.56658,38.76994],[-8.57242,38.77197],[-8.57793,38.77189],[-8.5845,38.7667],[-8.59198,38.77054],[-8.59651,38.77161],[-8.5973,38.77468],[-8.60101,38.77655],[-8.6046,38.77651],[-8.60722,38.77736],[-8.60795,38.77921],[-8.60988,38.78161],[-8.61231,38.78182],[-8.6125,38.78596],[-8.61135,38.7873],[-8.60876,38.78817],[-8.60675,38.79096],[-8.60535,38.79183],[-8.60545,38.79511],[-8.60446,38.79629],[-8.60488,38.79944],[-8.60397,38.80127],[-8.60535,38.80559],[-8.60671,38.8083],[-8.60644,38.81109],[-8.60435,38.81596],[-8.60439,38.81912],[-8.60385,38.82275],[-8.60604,38.82641],[-8.60282,38.82889],[-8.60098,38.829],[-8.59926,38.83139],[-8.59683,38.83715],[-8.59558,38.83865],[-8.59627,38.84066],[-8.59957,38.84023],[-8.60395,38.84038],[-8.60971,38.83963],[-8.61217,38.83889],[-8.61521,38.83508],[-8.61821,38.8336],[-8.62237,38.8321],[-8.62667,38.83149],[-8.62931,38.83067],[-8.63069,38.82661],[-8.63066,38.82205],[-8.63493,38.81819],[-8.63868,38.81325],[-8.63931,38.80929],[-8.6444,38.81003],[-8.64754,38.8095],[-8.65157,38.81069],[-8.65476,38.81249],[-8.6577,38.81293],[-8.66405,38.81674],[-8.6661,38.81891],[-8.66882,38.8204],[-8.66784,38.82114],[-8.6707,38.82247],[-8.67652,38.82278],[-8.68031,38.82449],[-8.68181,38.82574],[-8.68646,38.82691],[-8.68988,38.83034],[-8.69111,38.83328],[-8.69313,38.83616],[-8.69538,38.8381],[-8.69692,38.84039],[-8.704,38.84304],[-8.704,38.83996],[-8.70616,38.83322],[-8.70935,38.82589],[-8.71639,38.81575],[-8.72126,38.81092],[-8.73004,38.79758],[-8.73388,38.79339],[-8.73883,38.78575],[-8.74388,38.77745],[-8.74414,38.77383],[-8.74557,38.76592],[-8.74725,38.75955],[-8.74859,38.75297],[-8.74992,38.74879],[-8.75169,38.74507],[-8.75361,38.74282],[-8.75865,38.74054],[-8.76258,38.73962],[-8.76654,38.73787],[-8.77403,38.73518],[-8.77913,38.73392],[-8.7858,38.73419],[-8.79158,38.73412],[-8.80185,38.74163],[-8.8103,38.74012],[-8.81212,38.74314],[-8.81436,38.74583],[-8.81526,38.74598],[-8.82143,38.75076],[-8.8241,38.75428],[-8.82687,38.75565],[-8.83354,38.76111],[-8.83893,38.76179],[-8.84264,38.76049],[-8.84694,38.75974],[-8.85085,38.75849],[-8.8559,38.75414],[-8.86023,38.75238],[-8.86156,38.75247],[-8.86375,38.75054],[-8.86575,38.75056],[-8.86826,38.74805],[-8.87519,38.74712],[-8.87895,38.74578],[-8.88113,38.74549],[-8.883,38.74442],[-8.8881,38.74306],[-8.89241,38.74135],[-8.8956,38.74286],[-8.89545,38.74377],[-8.89733,38.74538],[-8.90217,38.74525],[-8.90395,38.74691],[-8.90834,38.7418],[-8.90752,38.73633],[-8.90544,38.7347],[-8.8994,38.73427],[-8.89929,38.73174],[-8.90376,38.73149],[-8.91015,38.73262],[-8.91143,38.73449],[-8.91128,38.73731],[-8.91285,38.74424],[-8.91623,38.74652],[-8.91906,38.74726],[-8.92326,38.74974],[-8.92406,38.7509],[-8.92423,38.75786],[-8.92605,38.76085],[-8.93072,38.76728],[-8.93209,38.76989],[-8.93384,38.77569],[-8.93549,38.78506],[-8.93868,38.79418],[-8.94183,38.80042],[-8.94779,38.80871],[-8.95365,38.8154],[-8.96699,38.82614],[-8.96811,38.82481],[-8.97179,38.81802],[-8.97745,38.80911],[-8.98239,38.80252],[-8.98153,38.80129],[-8.97828,38.80226],[-8.97593,38.80368],[-8.97413,38.80351],[-8.97016,38.80582],[-8.97027,38.80384],[-8.97145,38.80257],[-8.97713,38.79985],[-8.98285,38.79817],[-8.98674,38.79583],[-8.98807,38.79365],[-8.98818,38.79186],[-8.98654,38.7913],[-8.9834,38.79211],[-8.98192,38.79365],[-8.97756,38.79487],[-8.97543,38.79474],[-8.96923,38.79628],[-8.96719,38.79998],[-8.96344,38.79942],[-8.96099,38.79825],[-8.96003,38.79703],[-8.9636,38.79412],[-8.96298,38.79174],[-8.96454,38.78985],[-8.96741,38.79044],[-8.97078,38.78971],[-8.97377,38.78738],[-8.96569,38.78659],[-8.96172,38.7857],[-8.96157,38.78822],[-8.95901,38.7877],[-8.9578,38.78908],[-8.95606,38.78813],[-8.95365,38.78801],[-8.95365,38.78453],[-8.96101,38.7836],[-8.9654,38.78375],[-8.97223,38.78469],[-8.97742,38.78472],[-8.97875,38.78406],[-8.97798,38.78011],[-8.97648,38.77813],[-8.97669,38.77678],[-8.98056,38.77483],[-8.98406,38.77249],[-8.98801,38.77108],[-8.99172,38.7708],[-8.99603,38.77138],[-8.99856,38.77245],[-8.99788,38.77387],[-8.99125,38.77283],[-8.98848,38.77323],[-8.98482,38.77474],[-8.98113,38.77747],[-8.97972,38.77795],[-8.98075,38.77965],[-8.98084,38.78278],[-8.98188,38.78383],[-8.98517,38.78513],[-8.98772,38.78535],[-8.99032,38.78376],[-8.99361,38.78309],[-8.99731,38.78152],[-9.00039,38.77971],[-9.00274,38.7775],[-9.00394,38.77352],[-9.0065,38.77174],[-9.0078,38.76992],[-9.01041,38.76496],[-9.00776,38.76261],[-9.00534,38.76166],[-9.00414,38.76042],[-9.0022,38.76008],[-8.99475,38.76141],[-8.99303,38.76112],[-8.98618,38.76259],[-8.98457,38.7609],[-8.98907,38.75991],[-8.99169,38.75791],[-8.98908,38.75733],[-8.98416,38.75835],[-8.97865,38.76076],[-8.97528,38.75784],[-8.97482,38.75638],[-8.97287,38.75679],[-8.96459,38.76],[-8.96064,38.76126],[-8.95688,38.7614],[-8.95391,38.76247],[-8.95363,38.76011],[-8.95489,38.75944],[-8.95922,38.75867],[-8.96316,38.75739],[-8.96619,38.75577],[-8.97678,38.75298],[-8.97773,38.75198],[-8.98667,38.75098],[-8.993,38.75105],[-8.99843,38.75175],[-9.00083,38.75303],[-9.00447,38.75342],[-9.00725,38.7556],[-9.00929,38.75623],[-9.01797,38.75641],[-9.02016,38.75467],[-9.02117,38.75262],[-9.02265,38.75145],[-9.02545,38.74763],[-9.02699,38.74612],[-9.03103,38.74075],[-9.02892,38.73915],[-9.02483,38.73988],[-9.02071,38.73962],[-9.01654,38.74339],[-9.01029,38.74448],[-9.009,38.74277],[-9.01288,38.74065],[-9.01485,38.74041],[-9.01777,38.73748],[-9.01953,38.73668],[-9.02558,38.73677],[-9.02769,38.73487],[-9.02784,38.73304],[-9.02393,38.73035],[-9.02694,38.73027],[-9.02408,38.72573],[-9.02694,38.72522],[-9.03133,38.72382],[-9.03653,38.72162],[-9.03797,38.72048],[-9.04369,38.7171],[-9.04631,38.71309],[-9.04756,38.70831],[-9.04834,38.70327],[-9.04854,38.69632],[-9.04984,38.69161],[-9.04785,38.68783],[-9.04481,38.68387],[-9.04839,38.68358],[-9.05458,38.68365],[-9.0582,38.68326],[-9.06157,38.68206],[-9.06047,38.67991],[-9.06112,38.67897],[-9.05915,38.67561],[-9.07377,38.67032],[-9.07145,38.66904],[-9.07031,38.66756],[-9.07286,38.6672],[-9.07486,38.66595],[-9.08217,38.66402],[-9.08795,38.66223],[-9.08933,38.66213],[-9.09183,38.65957],[-9.09383,38.65907],[-9.09486,38.65491],[-9.09974,38.64828],[-9.10187,38.65117],[-9.10409,38.65048],[-9.10709,38.65108],[-9.11467,38.65157],[-9.11912,38.65243],[-9.12628,38.65439],[-9.12922,38.65588],[-9.13838,38.65954],[-9.13898,38.66302],[-9.14113,38.66546],[-9.14595,38.66541],[-9.14765,38.66725],[-9.15105,38.67203],[-9.14976,38.67272],[-9.14529,38.67763],[-9.14271,38.67927],[-9.14689,38.68126],[-9.14457,38.68483],[-9.14569,38.68667],[-9.14762,38.68818],[-9.15276,38.68733],[-9.15718,38.68521],[-9.15886,38.685],[-9.16443,38.68261],[-9.16845,38.68215],[-9.17268,38.68076],[-9.17648,38.68064],[-9.18007,38.67907],[-9.18169,38.6798],[-9.18469,38.67889],[-9.1979,38.67792],[-9.20283,38.67863],[-9.20763,38.67696],[-9.20961,38.67748],[-9.2135,38.67627],[-9.22148,38.67587],[-9.22773,38.67509],[-9.23484,38.67351],[-9.23794,38.67494],[-9.24057,38.67483],[-9.24472,38.66821],[-9.24881,38.66707],[-9.24973,38.66557],[-9.25347,38.66479],[-9.25707,38.66526],[-9.25904,38.66308],[-9.26051,38.6627],[-9.25862,38.66041],[-9.25741,38.66089],[-9.25336,38.65827],[-9.24802,38.65325],[-9.24414,38.64831],[-9.2415,38.64429],[-9.23979,38.64301],[-9.23668,38.63872],[-9.23219,38.63436],[-9.22691,38.62765],[-9.22464,38.62344],[-9.22368,38.62296],[-9.21933,38.61734],[-9.21515,38.6103],[-9.21409,38.60931],[-9.21051,38.60285],[-9.20769,38.59647],[-9.20558,38.58961],[-9.20281,38.58309],[-9.19858,38.57623],[-9.19502,38.56939],[-9.19077,38.56053],[-9.1892,38.55608],[-9.18782,38.55032],[-9.18559,38.54148],[-9.18285,38.52742],[-9.18254,38.52152],[-9.18337,38.50472],[-9.18387,38.49194],[-9.18441,38.48845],[-9.18891,38.47363],[-9.19016,38.47059],[-9.19177,38.46824],[-9.19358,38.46414],[-9.19395,38.46208],[-9.19901,38.45661],[-9.19907,38.45355],[-9.20182,38.45238],[-9.20216,38.45],[-9.2058,38.44893],[-9.20751,38.44508],[-9.20753,38.44364],[-9.21063,38.44066],[-9.2097,38.43935],[-9.20981,38.43718],[-9.21267,38.43391],[-9.215,38.43024],[-9.21739,38.42843],[-9.21716,38.42509],[-9.21476,38.42382],[-9.21615,38.42241],[-9.21848,38.42185],[-9.21745,38.41897],[-9.21963,38.41792],[-9.21986,38.41483],[-9.22264,38.41439],[-9.22099,38.41277],[-9.21577,38.41271],[-9.20787,38.41147],[-9.20176,38.40967],[-9.19822,38.40915],[-9.19604,38.40952],[-9.19374,38.41152],[-9.19078,38.41219],[-9.18921,38.4134],[-9.18777,38.41685],[-9.18594,38.41901],[-9.18108,38.42075],[-9.1777,38.42347],[-9.17531,38.42621],[-9.17197,38.42653],[-9.1689,38.42966],[-9.16613,38.42963],[-9.16021,38.43091],[-9.15755,38.4309],[-9.1491,38.43006],[-9.1455,38.43087],[-9.13781,38.42888],[-9.13276,38.43069],[-9.13122,38.43084],[-9.13075,38.43271],[-9.1236,38.43338],[-9.11796,38.43337],[-9.11355,38.43455],[-9.11061,38.43661],[-9.11218,38.43822],[-9.1125,38.44013],[-9.11038,38.43974],[-9.11004,38.44122],[-9.10745,38.44251],[-9.10133,38.44248],[-9.09534,38.44137],[-9.0899,38.43979],[-9.08918,38.43889],[-9.0867,38.43849],[-9.08239,38.4364],[-9.07464,38.43617],[-9.07094,38.43516],[-9.0659,38.43547],[-9.06395,38.43512],[-9.06395,38.43728],[-9.06143,38.44066],[-9.05748,38.44114],[-9.05339,38.44022],[-9.04848,38.44234],[-9.04714,38.4435],[-9.04462,38.44387],[-9.04189,38.44708],[-9.03933,38.44717],[-9.03819,38.44792],[-9.03502,38.44821],[-9.02881,38.44656],[-9.02552,38.44837],[-9.02536,38.44939],[-9.0192,38.45244],[-9.01765,38.45408],[-9.01097,38.45608],[-9.00678,38.4559],[-9.00229,38.45875],[-8.9986,38.45986],[-8.9906,38.4651],[-8.98993,38.46772],[-8.98826,38.46804],[-8.9843,38.47295],[-8.98259,38.47387],[-8.98423,38.47623],[-8.98172,38.47868],[-8.97622,38.48026],[-8.97282,38.48011],[-8.96944,38.48054],[-8.96907,38.4831],[-8.96672,38.48412],[-8.96089,38.48484],[-8.95623,38.48467],[-8.95371,38.48494],[-8.94264,38.48408],[-8.9408,38.48578],[-8.93408,38.48834],[-8.93365,38.49136],[-8.9307,38.49485],[-8.92869,38.49974],[-8.92761,38.50382],[-8.92666,38.50397],[-8.92573,38.50677],[-8.92472,38.50674],[-8.9227,38.50905],[-8.91824,38.51084],[-8.91287,38.5025],[-8.91185,38.4904],[-8.9106,38.48734],[-8.9059,38.48446],[-8.9028,38.48162],[-8.89994,38.47736],[-8.89214,38.47232],[-8.8884,38.47035],[-8.88276,38.4657],[-8.87826,38.46165],[-8.87563,38.46027],[-8.865,38.45392],[-8.86257,38.45201],[-8.8608,38.4496],[-8.85476,38.44499],[-8.85326,38.44342],[-8.84597,38.43883],[-8.83452,38.4293],[-8.83034,38.42504],[-8.82568,38.41941],[-8.81978,38.41055],[-8.81164,38.39656],[-8.80473,38.38277],[-8.79845,38.36833],[-8.7917,38.35062],[-8.78755,38.33763],[-8.7841,38.3232],[-8.78222,38.31293],[-8.78042,38.30173],[-8.78022,38.29727],[-8.77941,38.29125],[-8.77786,38.27771],[-8.77645,38.26215],[-8.77567,38.243],[-8.77553,38.23482],[-8.77571,38.22406],[-8.77698,38.20913],[-8.7787,38.19742],[-8.78037,38.18324],[-8.78332,38.16953],[-8.78447,38.16616],[-8.78639,38.15771],[-8.79326,38.13233],[-8.79549,38.12711],[-8.79672,38.12136],[-8.79935,38.1137],[-8.80057,38.11113],[-8.80431,38.10075],[-8.80734,38.09377],[-8.80793,38.09122],[-8.80963,38.08668],[-8.81065,38.08532],[-8.81153,38.08211],[-8.81396,38.07575],[-8.81683,38.06955],[-8.81949,38.06197],[-8.82561,38.04929],[-8.83162,38.03669],[-8.84089,38.01849],[-8.84665,38.00789],[-8.85607,37.99162],[-8.86318,37.98086],[-8.86937,37.97357],[-8.87033,37.9713],[-8.87219,37.969],[-8.87372,37.96809],[-8.87671,37.96779],[-8.87881,37.96814],[-8.88094,37.96455],[-8.88439,37.96299],[-8.88632,37.96057],[-8.8862,37.95908],[-8.88761,37.95706],[-8.8871,37.95377],[-8.88919,37.95179],[-8.88564,37.95218],[-8.88388,37.95005],[-8.88077,37.9505],[-8.87847,37.95012],[-8.87285,37.95145],[-8.86735,37.95032],[-8.86578,37.94916],[-8.86408,37.94973],[-8.86171,37.94766],[-8.86166,37.94645],[-8.85636,37.94424],[-8.8559,37.94165],[-8.85478,37.94028],[-8.85671,37.93877],[-8.85361,37.936],[-8.85362,37.93499],[-8.85675,37.93345],[-8.86627,37.939],[-8.8664,37.93857],[-8.8568,37.9328],[-8.85368,37.92934],[-8.84749,37.92556],[-8.84674,37.92582],[-8.85285,37.92937],[-8.85548,37.93237],[-8.85523,37.93355],[-8.85234,37.93561],[-8.84668,37.93376],[-8.84331,37.93675],[-8.83916,37.93787],[-8.8308,37.93695],[-8.8264,37.93432],[-8.82172,37.93358],[-8.81542,37.93129],[-8.81341,37.92992],[-8.81336,37.92814],[-8.81045,37.92838],[-8.8066,37.92299],[-8.80355,37.91501],[-8.80286,37.91159],[-8.80033,37.90814],[-8.79939,37.9046],[-8.79936,37.90194],[-8.79856,37.89855],[-8.79958,37.89693],[-8.79792,37.89556],[-8.7974,37.89329],[-8.79772,37.8914],[-8.79645,37.88393],[-8.79627,37.87902],[-8.79504,37.87766],[-8.7954,37.87524],[-8.79308,37.86932],[-8.7929,37.86607],[-8.79421,37.8643],[-8.79352,37.86215],[-8.79454,37.86126],[-8.79343,37.85947],[-8.79473,37.85644],[-8.79438,37.85521],[-8.79611,37.84987],[-8.79369,37.84933],[-8.79461,37.84629],[-8.79322,37.84542],[-8.79307,37.84252],[-8.78993,37.8377],[-8.79263,37.83355],[-8.79202,37.82885],[-8.79265,37.82744],[-8.79255,37.82391],[-8.79322,37.82342],[-8.79297,37.81956],[-8.79076,37.8183],[-8.78548,37.8179],[-8.78265,37.80718],[-8.77982,37.80736],[-8.7762,37.80495],[-8.77403,37.8065],[-8.77297,37.80622],[-8.77178,37.80937],[-8.77057,37.81081],[-8.76672,37.80943],[-8.76523,37.81193],[-8.76136,37.81206],[-8.76271,37.81467],[-8.76063,37.81564],[-8.75881,37.81484],[-8.75269,37.81369],[-8.75154,37.8125],[-8.74782,37.81298],[-8.74405,37.81276],[-8.73905,37.81358],[-8.73662,37.81492],[-8.73498,37.81447],[-8.73573,37.81351],[-8.73432,37.81031],[-8.73161,37.80746],[-8.72647,37.80862],[-8.7253,37.80479],[-8.72394,37.80341],[-8.72351,37.80156],[-8.72169,37.79913],[-8.71969,37.7975],[-8.71881,37.79439],[-8.71465,37.79036],[-8.71325,37.7897],[-8.71135,37.79075],[-8.70915,37.78727],[-8.70907,37.78387],[-8.70723,37.78168],[-8.70726,37.77891],[-8.70419,37.77817],[-8.69924,37.77779],[-8.69671,37.77592],[-8.69505,37.77578],[-8.69403,37.77406],[-8.69529,37.77352],[-8.69568,37.77122],[-8.69329,37.76786],[-8.69313,37.7659],[-8.69159,37.76471],[-8.69131,37.76155],[-8.69015,37.75859],[-8.68695,37.75682],[-8.68604,37.75437],[-8.68346,37.75323],[-8.67934,37.7542],[-8.67667,37.75541],[-8.67204,37.75834],[-8.67234,37.76325],[-8.67053,37.76516],[-8.66804,37.76666],[-8.66364,37.76809],[-8.66107,37.76845],[-8.65529,37.76522],[-8.65285,37.76457],[-8.6514,37.76258],[-8.6489,37.7607],[-8.64668,37.76115],[-8.64516,37.76294],[-8.64034,37.759],[-8.63795,37.75635],[-8.63326,37.75391],[-8.63302,37.75309],[-8.62469,37.75467],[-8.62453,37.75248],[-8.62333,37.74996],[-8.6201,37.74939],[-8.61729,37.7495],[-8.61569,37.75051],[-8.61493,37.75251],[-8.61289,37.75411],[-8.61155,37.75656],[-8.60844,37.7594],[-8.60501,37.76027],[-8.60304,37.75826],[-8.59959,37.75792],[-8.59621,37.75827],[-8.5877,37.7569],[-8.58714,37.76043],[-8.58879,37.76246],[-8.58815,37.7651],[-8.58491,37.76526],[-8.58274,37.76645],[-8.58465,37.76816],[-8.58646,37.76874],[-8.58885,37.77113],[-8.59004,37.77417],[-8.58926,37.77609],[-8.58998,37.7785],[-8.58855,37.78143],[-8.58652,37.78191],[-8.58414,37.78424],[-8.58346,37.78662],[-8.58222,37.78801],[-8.58201,37.78963],[-8.58332,37.79365],[-8.58245,37.79606],[-8.58375,37.79937],[-8.58253,37.80013],[-8.58013,37.80423],[-8.5778,37.8055],[-8.57679,37.8079],[-8.57451,37.80991],[-8.57501,37.81157],[-8.57269,37.81238],[-8.56908,37.81702],[-8.56549,37.8182],[-8.56444,37.8192],[-8.56136,37.81864],[-8.55912,37.81903],[-8.55238,37.8176],[-8.55013,37.81605],[-8.54812,37.8183],[-8.54954,37.82527],[-8.55204,37.82878],[-8.55321,37.83862],[-8.55127,37.84738],[-8.54521,37.84843],[-8.54141,37.85156],[-8.5376,37.85336],[-8.53235,37.855],[-8.52747,37.85531],[-8.52402,37.85502],[-8.51436,37.85475],[-8.49634,37.85495],[-8.48861,37.85454],[-8.4793,37.85498],[-8.47277,37.8568],[-8.47033,37.85785],[-8.46208,37.8656],[-8.44049,37.85999],[-8.43954,37.86222],[-8.43943,37.86424],[-8.44048,37.86548],[-8.43991,37.86707],[-8.43604,37.86916],[-8.43469,37.87091],[-8.42433,37.867],[-8.39779,37.86214],[-8.38582,37.86033],[-8.38368,37.86135],[-8.38035,37.86208],[-8.37575,37.86171],[-8.37277,37.86066],[-8.36981,37.86139],[-8.36783,37.86105],[-8.36655,37.85757],[-8.35926,37.85792],[-8.35777,37.85423],[-8.34558,37.85079],[-8.33077,37.84703],[-8.33199,37.85027],[-8.33178,37.85221],[-8.33295,37.85741],[-8.33482,37.86067],[-8.33619,37.86459],[-8.33335,37.86969],[-8.33171,37.86908],[-8.31113,37.88184],[-8.31258,37.89173],[-8.30484,37.89575],[-8.29938,37.89918],[-8.30828,37.9069],[-8.3093,37.91166],[-8.3001,37.92413],[-8.3011,37.92627],[-8.30712,37.92995],[-8.30396,37.9352],[-8.29592,37.95099],[-8.29499,37.9567],[-8.29451,37.96444],[-8.29536,37.97338],[-8.29518,37.97965],[-8.29348,37.98458],[-8.29314,37.98859],[-8.29361,37.99332],[-8.29505,37.99316],[-8.29924,37.99479],[-8.29984,37.99565],[-8.30567,37.99915],[-8.30772,38.00487],[-8.30567,38.00691],[-8.30904,38.00761],[-8.31145,38.01081],[-8.31443,38.01637],[-8.31664,38.01832],[-8.3198,38.01944],[-8.32164,38.02063],[-8.32151,38.02309],[-8.32036,38.02563],[-8.32782,38.02395],[-8.33833,38.02015],[-8.3475,38.01717],[-8.3508,38.02264],[-8.35312,38.02741],[-8.36384,38.02197],[-8.36316,38.02773],[-8.37444,38.03172],[-8.37199,38.03382],[-8.37131,38.04012],[-8.3728,38.04263],[-8.37629,38.0443],[-8.37904,38.04381],[-8.3825,38.04473],[-8.38424,38.04617],[-8.38756,38.05057],[-8.38952,38.05241],[-8.39259,38.0523],[-8.3948,38.05285],[-8.39804,38.05514],[-8.39951,38.05715],[-8.40056,38.05975],[-8.4026,38.06165],[-8.40617,38.0641],[-8.40774,38.06639],[-8.40858,38.07014],[-8.40965,38.07277],[-8.40904,38.07365],[-8.4057,38.07564],[-8.4027,38.07636],[-8.40064,38.07931],[-8.40069,38.08164],[-8.39964,38.08575],[-8.39416,38.09873],[-8.39339,38.10322],[-8.39454,38.106],[-8.39429,38.10745],[-8.38894,38.11497],[-8.38657,38.11616],[-8.38293,38.11432],[-8.38098,38.11275],[-8.37831,38.11156],[-8.37589,38.10914],[-8.37207,38.10667],[-8.37007,38.10329],[-8.36826,38.10263],[-8.36336,38.1039],[-8.36083,38.10613],[-8.35977,38.10835],[-8.36064,38.11116],[-8.36012,38.11283],[-8.35408,38.1196],[-8.35331,38.12914],[-8.3556,38.1335],[-8.35608,38.13742],[-8.3551,38.13915],[-8.35313,38.1409],[-8.34927,38.14203],[-8.34405,38.14073],[-8.34013,38.14045],[-8.3384,38.14096],[-8.33684,38.14347],[-8.33706,38.14672],[-8.33623,38.152],[-8.3336,38.1552],[-8.32976,38.15214],[-8.3245,38.14892],[-8.3178,38.14632],[-8.31711,38.14532],[-8.31389,38.14369],[-8.31462,38.14057],[-8.3105,38.13811],[-8.30804,38.13733],[-8.30192,38.13691],[-8.29105,38.13868],[-8.2922,38.15079],[-8.29152,38.155],[-8.28914,38.15848],[-8.28755,38.16001],[-8.28714,38.16195],[-8.28989,38.17037],[-8.28525,38.1805],[-8.28469,38.18237],[-8.28433,38.18658],[-8.28118,38.1877],[-8.27868,38.18747],[-8.2748,38.1861],[-8.27007,38.18298],[-8.26865,38.18119],[-8.26645,38.18011],[-8.26273,38.18022],[-8.25806,38.18202],[-8.25244,38.18189],[-8.24966,38.17993],[-8.24376,38.17876],[-8.24038,38.17932],[-8.23818,38.18165],[-8.23699,38.18312],[-8.23528,38.18329],[-8.23516,38.18769],[-8.23282,38.18843],[-8.22971,38.197],[-8.22422,38.19888],[-8.22227,38.20169],[-8.21861,38.20306],[-8.21051,38.2014],[-8.20313,38.2007],[-8.20005,38.2024],[-8.19178,38.20383],[-8.18289,38.20782],[-8.18092,38.21118],[-8.16538,38.21764],[-8.16045,38.21664],[-8.15508,38.21809],[-8.14198,38.21958],[-8.13483,38.22182],[-8.12986,38.22399],[-8.13129,38.23116],[-8.12994,38.24417],[-8.12992,38.2518],[-8.13099,38.25579],[-8.1297,38.2663],[-8.13663,38.27444],[-8.13557,38.27813],[-8.13878,38.28441],[-8.1397,38.28809],[-8.14309,38.29784],[-8.14792,38.30272],[-8.1486,38.30402],[-8.15122,38.30633],[-8.15404,38.3101],[-8.15864,38.31457],[-8.16137,38.31787],[-8.1666,38.3203],[-8.17022,38.31941],[-8.17936,38.32716],[-8.1876,38.33364],[-8.19121,38.33563],[-8.1968,38.34113],[-8.19773,38.34258],[-8.20564,38.34473],[-8.21407,38.34546],[-8.22746,38.34624],[-8.23747,38.34628],[-8.24685,38.34824],[-8.25407,38.35158],[-8.25838,38.35326],[-8.26528,38.35332],[-8.26925,38.35362],[-8.26957,38.35848],[-8.27269,38.36237],[-8.27729,38.37154],[-8.28818,38.37294],[-8.29723,38.37506],[-8.30057,38.37552],[-8.31345,38.37338],[-8.32257,38.37218],[-8.31894,38.37645],[-8.3132,38.38506],[-8.30551,38.3917],[-8.30133,38.39969],[-8.29391,38.40461],[-8.29267,38.40727],[-8.28567,38.41073],[-8.28372,38.41207],[-8.28759,38.41734],[-8.30135,38.423],[-8.30112,38.42479],[-8.29539,38.42467],[-8.2918,38.42586],[-8.28673,38.4237],[-8.28444,38.4256],[-8.28579,38.42626],[-8.28623,38.4297],[-8.28932,38.4355],[-8.28912,38.43751],[-8.29175,38.439],[-8.29336,38.43805],[-8.29637,38.43852],[-8.29698,38.4379],[-8.30047,38.43794],[-8.30438,38.43716],[-8.30846,38.4371],[-8.31298,38.43858],[-8.31688,38.43925],[-8.31947,38.43756],[-8.32309,38.43684],[-8.32412,38.44076],[-8.32549,38.44334],[-8.32441,38.44433],[-8.32499,38.44577],[-8.32222,38.44684],[-8.32405,38.45231],[-8.32173,38.45415],[-8.31596,38.45686],[-8.31031,38.4585],[-8.31308,38.4624],[-8.31577,38.46683],[-8.31843,38.47194],[-8.32029,38.47714],[-8.32244,38.47988],[-8.32201,38.48176],[-8.32316,38.48367],[-8.32878,38.48817],[-8.33378,38.50052],[-8.33598,38.50696],[-8.34332,38.51362],[-8.34827,38.5187],[-8.35224,38.52131],[-8.35815,38.52442],[-8.35982,38.52616],[-8.35914,38.5281],[-8.36034,38.53023],[-8.36346,38.53437],[-8.3658,38.53943],[-8.36912,38.54574],[-8.37135,38.54586],[-8.37936,38.54513],[-8.3838,38.54301],[-8.39223,38.54055],[-8.39424,38.53923],[-8.39971,38.53755],[-8.40267,38.53571],[-8.40322,38.53395],[-8.4104,38.52512],[-8.42313,38.52098],[-8.42943,38.52074],[-8.43638,38.52171],[-8.44217,38.5222],[-8.4455,38.52743],[-8.44636,38.52605],[-8.45046,38.52403],[-8.45341,38.52387],[-8.46012,38.52272],[-8.46725,38.51729],[-8.47592,38.51677],[-8.4769,38.51818],[-8.47666,38.52095],[-8.47772,38.52545],[-8.48009,38.5332],[-8.48381,38.53235],[-8.49121,38.52892],[-8.49275,38.52947],[-8.49244,38.53171],[-8.49497,38.54719],[-8.49756,38.54882],[-8.50454,38.54751],[-8.5202,38.54291],[-8.51502,38.5374],[-8.51287,38.5355],[-8.50992,38.53142],[-8.50695,38.52647],[-8.50686,38.51932],[-8.50738,38.51842],[-8.51218,38.51643],[-8.51239,38.51478],[-8.51572,38.51505],[-8.5169,38.51382],[-8.52028,38.51241],[-8.52441,38.51229],[-8.52872,38.51116],[-8.53079,38.52251],[-8.53238,38.52815],[-8.57254,38.53162],[-8.5744,38.54199],[-8.57522,38.54792],[-8.58012,38.54451],[-8.58991,38.54212],[-8.59868,38.54623],[-8.60276,38.54881],[-8.60879,38.55039],[-8.6156,38.55308],[-8.61992,38.55267],[-8.62398,38.5513],[-8.62829,38.55097],[-8.63051,38.54984],[-8.63545,38.55023],[-8.63911,38.54949]]]]}},{"type":"Feature","properties":{"name":"palmela","concelho_count":3,"legal":"DO Palmela / DO Setubal: concelho of Palmela in full, plus freguesias of Montijo (Canha, Santo Isidro de Pegoes) and Setubal (Gambia-Pontes-Alto da Guerra, Sao Sebastiao). Concelho-level union."},"geometry":{"type":"MultiPolygon","coordinates":[[[[-9.02585,38.57828],[-9.02926,38.57813],[-9.03418,38.58072],[-9.03717,38.57963],[-9.03535,38.57685],[-9.0346,38.57213],[-9.03162,38.56496],[-9.03263,38.55972],[-9.0356,38.55186],[-9.03795,38.55079],[-9.04532,38.53993],[-9.04334,38.53492],[-9.04658,38.52738],[-9.04527,38.52388],[-9.04727,38.51689],[-9.04754,38.51329],[-9.05049,38.51003],[-9.05162,38.50718],[-9.05467,38.50391],[-9.05561,38.49906],[-9.05515,38.49645],[-9.05222,38.49498],[-9.05174,38.49139],[-9.04867,38.48938],[-9.04628,38.48594],[-9.03806,38.48258],[-9.0347,38.47968],[-9.03405,38.47662],[-9.02395,38.46574],[-9.02154,38.46006],[-9.01765,38.45408],[-9.01097,38.45608],[-9.00678,38.4559],[-9.00229,38.45875],[-8.9986,38.45986],[-8.9906,38.4651],[-8.9843,38.47295],[-8.98423,38.47623],[-8.98172,38.47868],[-8.97622,38.48026],[-8.96944,38.48054],[-8.96907,38.4831],[-8.96672,38.48412],[-8.96089,38.48484],[-8.95371,38.48494],[-8.94264,38.48408],[-8.9408,38.48578],[-8.93408,38.48834],[-8.93365,38.49136],[-8.9307,38.49485],[-8.92666,38.50397],[-8.9227,38.50905],[-8.91824,38.51084],[-8.91287,38.5025],[-8.90971,38.5046],[-8.90424,38.50534],[-8.89419,38.50475],[-8.88713,38.50188],[-8.87453,38.49447],[-8.86277,38.48463],[-8.85544,38.4802],[-8.84521,38.47613],[-8.83951,38.47347],[-8.81789,38.46424],[-8.80848,38.46204],[-8.78545,38.46211],[-8.7662,38.46471],[-8.75369,38.47056],[-8.73139,38.49766],[-8.73173,38.50091],[-8.74133,38.5122],[-8.73421,38.51614],[-8.72893,38.51661],[-8.72644,38.5154],[-8.72038,38.51496],[-8.71561,38.51361],[-8.7125,38.5169],[-8.7089,38.51653],[-8.70246,38.52195],[-8.69846,38.52392],[-8.69716,38.52632],[-8.69051,38.53056],[-8.68828,38.53385],[-8.68359,38.53729],[-8.68162,38.54249],[-8.67174,38.54472],[-8.66641,38.54637],[-8.64885,38.5486],[-8.64493,38.54809],[-8.63911,38.54949],[-8.64092,38.56102],[-8.64092,38.56747],[-8.64822,38.57732],[-8.6511,38.58952],[-8.65157,38.59351],[-8.65334,38.5947],[-8.6536,38.59768],[-8.65803,38.60182],[-8.65837,38.60381],[-8.65653,38.60781],[-8.65292,38.61082],[-8.65347,38.61227],[-8.64779,38.61304],[-8.63671,38.62037],[-8.63217,38.62809],[-8.62847,38.63051],[-8.62412,38.63206],[-8.62047,38.63439],[-8.61949,38.63685],[-8.6153,38.64067],[-8.61239,38.64469],[-8.60152,38.64589],[-8.59066,38.65405],[-8.58373,38.66262],[-8.5774,38.66762],[-8.579,38.6716],[-8.57181,38.67577],[-8.56621,38.67818],[-8.56408,38.67745],[-8.55831,38.67775],[-8.55233,38.6822],[-8.54713,38.68443],[-8.54071,38.68568],[-8.54015,38.68876],[-8.53121,38.69186],[-8.51993,38.70901],[-8.50307,38.7147],[-8.5011,38.71565],[-8.50254,38.71813],[-8.50089,38.72221],[-8.50669,38.72786],[-8.50914,38.72771],[-8.51138,38.73257],[-8.51051,38.73724],[-8.50559,38.74586],[-8.50023,38.7499],[-8.49173,38.7546],[-8.492,38.75806],[-8.49097,38.76131],[-8.49756,38.76281],[-8.51451,38.76489],[-8.5179,38.76342],[-8.52456,38.76178],[-8.5468,38.76344],[-8.54815,38.76275],[-8.55744,38.76929],[-8.56658,38.76994],[-8.57242,38.77197],[-8.57793,38.77189],[-8.5845,38.7667],[-8.59198,38.77054],[-8.59651,38.77161],[-8.5973,38.77468],[-8.60101,38.77655],[-8.60722,38.77736],[-8.60988,38.78161],[-8.61231,38.78182],[-8.6125,38.78596],[-8.60876,38.78817],[-8.60535,38.79183],[-8.60397,38.80127],[-8.60671,38.8083],[-8.60644,38.81109],[-8.60435,38.81596],[-8.60385,38.82275],[-8.60604,38.82641],[-8.59926,38.83139],[-8.59683,38.83715],[-8.59627,38.84066],[-8.60395,38.84038],[-8.61217,38.83889],[-8.61521,38.83508],[-8.62237,38.8321],[-8.62931,38.83067],[-8.63069,38.82661],[-8.63066,38.82205],[-8.63493,38.81819],[-8.63868,38.81325],[-8.63931,38.80929],[-8.6444,38.81003],[-8.64754,38.8095],[-8.65476,38.81249],[-8.6577,38.81293],[-8.66405,38.81674],[-8.6707,38.82247],[-8.67652,38.82278],[-8.68181,38.82574],[-8.68646,38.82691],[-8.68988,38.83034],[-8.69111,38.83328],[-8.69692,38.84039],[-8.704,38.84304],[-8.704,38.83996],[-8.70616,38.83322],[-8.70935,38.82589],[-8.71639,38.81575],[-8.72126,38.81092],[-8.73004,38.79758],[-8.73388,38.79339],[-8.74388,38.77745],[-8.74557,38.76592],[-8.74859,38.75297],[-8.75169,38.74507],[-8.75361,38.74282],[-8.75865,38.74054],[-8.76654,38.73787],[-8.77403,38.73518],[-8.77913,38.73392],[-8.79158,38.73412],[-8.80185,38.74163],[-8.8103,38.74012],[-8.81712,38.72647],[-8.82304,38.71657],[-8.82483,38.71207],[-8.8236,38.70623],[-8.82944,38.70158],[-8.83206,38.69743],[-8.83604,38.69525],[-8.83669,38.68936],[-8.83956,38.68804],[-8.8393,38.67909],[-8.86069,38.67637],[-8.86722,38.67656],[-8.88049,38.6743],[-8.89179,38.67446],[-8.89657,38.67408],[-8.91128,38.67137],[-8.91225,38.68244],[-8.91399,38.68613],[-8.91894,38.70283],[-8.91879,38.70554],[-8.92075,38.70604],[-8.92989,38.71606],[-8.93182,38.71326],[-8.94168,38.71846],[-8.94677,38.72171],[-8.95258,38.72388],[-8.95665,38.72246],[-8.96065,38.72336],[-8.96261,38.72609],[-8.96577,38.72568],[-8.96675,38.72751],[-8.97637,38.72558],[-8.98027,38.72364],[-8.98564,38.72384],[-8.9912,38.72051],[-8.99485,38.72036],[-9.0081,38.71715],[-9.01154,38.71987],[-9.01621,38.72137],[-9.02408,38.72573],[-9.03133,38.72382],[-9.03653,38.72162],[-9.04369,38.7171],[-9.04631,38.71309],[-9.04834,38.70327],[-9.04854,38.69632],[-9.04984,38.69161],[-9.04481,38.68387],[-9.03406,38.68954],[-9.03039,38.69083],[-9.01596,38.69391],[-8.99753,38.69677],[-8.9859,38.69687],[-8.97902,38.68923],[-8.97581,38.68162],[-8.97643,38.67673],[-8.97575,38.67092],[-8.97438,38.66669],[-8.97197,38.6639],[-8.97263,38.65576],[-8.9694,38.65509],[-8.96028,38.65682],[-8.95576,38.65646],[-8.95333,38.65217],[-8.95153,38.64856],[-8.94835,38.64466],[-8.94779,38.64075],[-8.94619,38.63784],[-8.94845,38.63351],[-8.94881,38.63075],[-8.95294,38.62615],[-8.95052,38.62561],[-8.95158,38.62051],[-8.9541,38.6183],[-8.95947,38.62454],[-8.96777,38.63188],[-8.9795,38.63605],[-8.98188,38.6348],[-8.98199,38.63188],[-8.9841,38.62552],[-8.97761,38.60827],[-8.98977,38.60725],[-8.999,38.60467],[-9.00544,38.60374],[-9.01245,38.60121],[-9.01204,38.59583],[-8.9978,38.59516],[-8.99869,38.59266],[-9.00761,38.59313],[-9.01312,38.59255],[-9.01773,38.58827],[-9.01679,38.5853],[-9.01873,38.58132],[-9.02283,38.58179],[-9.02326,38.57959],[-9.02585,38.57828]]]]}}]}