{"type":"FeatureCollection","_provenance":{"source":"UC Davis Library, American Viticultural Areas Digitizing Project (github.com/UCDavisLibrary/ava)","commit":"355f7da3cd6c4020fff736b7517a4a669fed7730","raw_file":"avas_by_state/WA_avas.geojson","raw_bytes":3728958,"raw_sha256":"A66B99F05BFB83CB408294134546CD20D8CBCDB96BA9D2DC5A6F02DA41AE2363","licence":"CC0-1.0 (American Viticultural Areas Digitizing Project)","method":"current boundaries only (valid_end empty); properties trimmed to ava_id, name, aka, state, county, within, contains, cfr_index, valid_start; Douglas-Peucker 0.0001° per ring (under the 12.2 m accuracy of the USGS 1:24,000 base); coordinates rounded to 5 decimals. A generalized digitization of 27 CFR Part 9, not TTB's legal boundary.","crs":{"crs_in":"EPSG:4269","crs_out":"EPSG:4326","transform":"identity"},"generated_at":"2026-09-29"},"features":[{"type":"Feature","properties":{"ava_id":"ancient_lakes_of_columbia_valley","name":"Ancient Lakes of Columbia Valley","aka":null,"state":"WA","county":"Douglas|Grant|Kittitas","within":"Columbia Valley","contains":null,"cfr_index":"9.227","valid_start":null},"geometry":{"type":"MultiPolygon","coordinates":[[[[-119.74769,47.27877],[-119.74783,47.26406],[-119.74646,47.26407],[-119.74633,47.24712],[-119.74721,47.12486],[-119.74758,47.08879],[-119.75004,47.08884],[-119.74984,46.99989],[-119.74996,46.97184],[-119.83451,46.97183],[-119.83447,46.98639],[-119.89849,46.98635],[-119.92009,46.98585],[-119.96019,46.98522],[-119.99858,46.98541],[-119.9984,46.98629],[-120.00054,46.99061],[-120.00115,46.99113],[-120.00124,46.99142],[-120.00169,46.99158],[-120.00239,46.99219],[-120.00277,46.99282],[-120.00286,46.99355],[-120.00307,46.99391],[-120.00563,46.99671],[-120.00584,46.99779],[-120.00654,46.9981],[-120.00606,46.99896],[-120.00427,46.99923],[-120.00438,46.99951],[-120.0048,46.99963],[-120.00538,47.00017],[-120.00426,47.00011],[-120.00461,47.00217],[-120.00549,47.00363],[-120.00543,47.0042],[-120.0057,47.0044],[-120.00612,47.00578],[-120.00641,47.00597],[-120.0064,47.00618],[-120.00665,47.00625],[-120.00649,47.00653],[-120.00663,47.00741],[-120.00689,47.00759],[-120.00703,47.00817],[-120.00732,47.00839],[-120.00884,47.00855],[-120.01015,47.00829],[-120.01045,47.0086],[-120.00949,47.00908],[-120.00853,47.00931],[-120.00805,47.00967],[-120.00806,47.00994],[-120.00898,47.01099],[-120.00913,47.01209],[-120.00932,47.01246],[-120.01017,47.01357],[-120.01054,47.01368],[-120.01049,47.01394],[-120.01086,47.01448],[-120.01063,47.01472],[-120.01072,47.01516],[-120.01116,47.01597],[-120.01176,47.01644],[-120.01172,47.0169],[-120.01239,47.01806],[-120.01241,47.01839],[-120.01353,47.0199],[-120.01469,47.02081],[-120.01674,47.02155],[-120.01711,47.02182],[-120.01856,47.02164],[-120.02001,47.02214],[-120.02004,47.02227],[-120.01976,47.02236],[-120.02003,47.02259],[-120.01935,47.02282],[-120.0192,47.02308],[-120.01743,47.02336],[-120.01622,47.02385],[-120.01621,47.02399],[-120.01763,47.02572],[-120.01834,47.02625],[-120.01888,47.02839],[-120.01967,47.02964],[-120.01957,47.03075],[-120.01994,47.03138],[-120.01992,47.03254],[-120.02046,47.03329],[-120.02047,47.03367],[-120.02114,47.03432],[-120.02179,47.03586],[-120.02201,47.03604],[-120.02214,47.03665],[-120.0228,47.03758],[-120.02275,47.03854],[-120.02305,47.03892],[-120.02385,47.03897],[-120.02334,47.03928],[-120.0236,47.03951],[-120.02404,47.04063],[-120.02562,47.04272],[-120.02583,47.04366],[-120.0265,47.04504],[-120.02637,47.04526],[-120.0265,47.04574],[-120.02671,47.04568],[-120.02684,47.04581],[-120.02689,47.04631],[-120.02665,47.04653],[-120.02716,47.0471],[-120.02722,47.04765],[-120.02776,47.04815],[-120.02774,47.04868],[-120.02845,47.04902],[-120.02916,47.04979],[-120.03051,47.0506],[-120.03104,47.05113],[-120.03499,47.05352],[-120.0373,47.05594],[-120.03788,47.05625],[-120.03898,47.05794],[-120.03939,47.05807],[-120.04036,47.05939],[-120.04227,47.06253],[-120.04228,47.06298],[-120.04268,47.0637],[-120.04263,47.06398],[-120.04293,47.06429],[-120.04308,47.06493],[-120.04385,47.06592],[-120.04441,47.06711],[-120.04448,47.06786],[-120.04473,47.06814],[-120.04459,47.06871],[-120.04506,47.0695],[-120.04494,47.06983],[-120.045,47.07054],[-120.04522,47.0707],[-120.04505,47.07256],[-120.04546,47.07347],[-120.04527,47.0739],[-120.04541,47.07524],[-120.04526,47.0754],[-120.04524,47.07612],[-120.0445,47.07775],[-120.04465,47.07811],[-120.04451,47.07887],[-120.04472,47.07927],[-120.04474,47.08003],[-120.04428,47.08046],[-120.04438,47.08112],[-120.04391,47.08171],[-120.04389,47.08215],[-120.04253,47.08467],[-120.04201,47.08483],[-120.04187,47.08504],[-120.04177,47.08526],[-120.04187,47.0858],[-120.0411,47.08712],[-120.03925,47.08914],[-120.03807,47.09169],[-120.03748,47.09217],[-120.0364,47.09402],[-120.03584,47.09449],[-120.03484,47.09648],[-120.03435,47.09685],[-120.03404,47.0975],[-120.03295,47.09873],[-120.0322,47.10016],[-120.03232,47.10043],[-120.03223,47.1007],[-120.0315,47.10127],[-120.03114,47.10281],[-120.0303,47.10415],[-120.02964,47.10561],[-120.0281,47.10766],[-120.02678,47.10888],[-120.02535,47.10976],[-120.02471,47.11041],[-120.02473,47.11062],[-120.02514,47.11073],[-120.02532,47.11028],[-120.02567,47.11017],[-120.02596,47.11033],[-120.02626,47.11104],[-120.02623,47.11167],[-120.02659,47.11198],[-120.02765,47.11231],[-120.0291,47.11224],[-120.02953,47.11261],[-120.03,47.11272],[-120.02986,47.11299],[-120.02912,47.11301],[-120.02914,47.11334],[-120.02754,47.11351],[-120.02624,47.11397],[-120.02555,47.11445],[-120.02556,47.11482],[-120.02487,47.11447],[-120.02403,47.11479],[-120.02382,47.11452],[-120.02377,47.11377],[-120.02341,47.1136],[-120.02371,47.11334],[-120.02342,47.11311],[-120.02335,47.11283],[-120.02155,47.11173],[-120.02098,47.11192],[-120.01812,47.11403],[-120.01345,47.11881],[-120.01256,47.11952],[-120.01218,47.12026],[-120.01076,47.12177],[-120.01023,47.1226],[-120.01016,47.12305],[-120.00955,47.1239],[-120.00896,47.12417],[-120.00815,47.12506],[-120.00747,47.12667],[-120.00704,47.12818],[-120.00638,47.12892],[-120.00627,47.1293],[-120.00631,47.13041],[-120.00608,47.13121],[-120.0062,47.13176],[-120.00609,47.13198],[-120.00628,47.13249],[-120.0062,47.13272],[-120.00651,47.13288],[-120.00668,47.13275],[-120.00681,47.13317],[-120.00674,47.13501],[-120.00664,47.13558],[-120.00643,47.13585],[-120.00628,47.13783],[-120.00708,47.13987],[-120.00761,47.1408],[-120.00776,47.14148],[-120.00766,47.14275],[-120.00796,47.14443],[-120.00737,47.14512],[-120.00737,47.14546],[-120.00821,47.14706],[-120.00719,47.14773],[-120.00701,47.14857],[-120.00761,47.14857],[-120.00733,47.14912],[-120.00776,47.14948],[-120.0079,47.15161],[-120.00834,47.15207],[-120.00849,47.15389],[-120.00942,47.15502],[-120.01071,47.15592],[-120.01139,47.15697],[-120.01483,47.15923],[-120.01526,47.1601],[-120.01598,47.16053],[-120.01633,47.16143],[-120.01679,47.16201],[-120.01697,47.1632],[-120.01726,47.16383],[-120.01719,47.16425],[-120.01768,47.16586],[-120.01815,47.16619],[-120.01832,47.16661],[-120.01834,47.16699],[-120.01794,47.16827],[-120.01821,47.16856],[-120.01921,47.16908],[-120.01913,47.16925],[-120.01971,47.1695],[-120.01951,47.1697],[-120.02046,47.17049],[-120.0194,47.17013],[-120.01938,47.17031],[-120.01962,47.17052],[-120.01919,47.17057],[-120.01926,47.17093],[-120.01812,47.17053],[-120.01737,47.17054],[-120.01693,47.17066],[-120.01595,47.17142],[-120.01504,47.17273],[-120.01357,47.17671],[-120.01184,47.17929],[-120.00983,47.18385],[-120.00808,47.18688],[-120.00764,47.18804],[-120.00742,47.18923],[-120.00744,47.19147],[-120.00771,47.19594],[-120.00814,47.19796],[-120.00838,47.20327],[-120.00855,47.20407],[-120.00923,47.20512],[-120.01042,47.20847],[-120.01248,47.21115],[-120.01255,47.21168],[-120.01286,47.21209],[-120.01123,47.2133],[-120.00983,47.21377],[-120.00901,47.21376],[-120.00872,47.21257],[-120.00849,47.21245],[-120.00808,47.21258],[-120.00748,47.21374],[-120.00776,47.21672],[-120.00846,47.21778],[-120.00963,47.21888],[-120.01193,47.22037],[-120.01313,47.22093],[-120.01981,47.22308],[-120.02214,47.22306],[-120.02286,47.22341],[-120.02529,47.22381],[-120.02896,47.22384],[-120.02958,47.2236],[-120.03093,47.22365],[-120.03259,47.22315],[-120.03453,47.22341],[-120.03566,47.22315],[-120.04021,47.22308],[-120.04167,47.22302],[-120.04241,47.22281],[-120.04413,47.22283],[-120.04821,47.22238],[-120.04944,47.22202],[-120.05161,47.22173],[-120.05443,47.22167],[-120.05509,47.22145],[-120.05596,47.22162],[-120.05902,47.22128],[-120.06079,47.22139],[-120.06172,47.22125],[-120.06406,47.22145],[-120.06461,47.22139],[-120.06509,47.2211],[-120.06574,47.22109],[-120.06969,47.2215],[-120.07174,47.22129],[-120.07174,47.22151],[-120.07237,47.22157],[-120.07421,47.22321],[-120.07462,47.22419],[-120.07825,47.22441],[-120.08033,47.22487],[-120.0806,47.22496],[-120.08072,47.22532],[-120.08124,47.2258],[-120.08243,47.22623],[-120.08352,47.22641],[-120.08373,47.2272],[-120.08448,47.22869],[-120.08447,47.22942],[-120.08515,47.23026],[-120.0847,47.23077],[-120.08468,47.23117],[-120.08494,47.23141],[-120.08511,47.23217],[-120.08553,47.23252],[-120.08662,47.23281],[-120.08746,47.23193],[-120.08728,47.23301],[-120.08762,47.23339],[-120.08767,47.23376],[-120.08823,47.23411],[-120.08824,47.23429],[-120.08925,47.23549],[-120.09136,47.23716],[-120.09146,47.23748],[-120.09124,47.23789],[-120.09172,47.23816],[-120.09238,47.23924],[-120.09278,47.23963],[-120.09383,47.24003],[-120.09348,47.24026],[-120.09349,47.24049],[-120.09374,47.24058],[-120.09371,47.24098],[-120.09464,47.24239],[-120.09423,47.2426],[-120.09416,47.24317],[-120.0953,47.24482],[-120.0953,47.24514],[-120.08948,47.24577],[-120.06793,47.24638],[-120.04667,47.24667],[-120.02504,47.24657],[-120.00432,47.24593],[-120.00302,47.26227],[-120.00442,47.26231],[-120.00457,47.27689],[-119.97431,47.27717],[-119.95078,47.27699],[-119.92866,47.27718],[-119.87627,47.27713],[-119.83328,47.27782],[-119.81877,47.27778],[-119.7859,47.27821],[-119.74769,47.27877]]]]}},{"type":"Feature","properties":{"ava_id":"candy_mountain","name":"Candy Mountain","aka":null,"state":"WA","county":"Benton","within":"Columbia Valley|Yakima Valley","contains":null,"cfr_index":"9.272","valid_start":null},"geometry":{"type":"MultiPolygon","coordinates":[[[[-119.34828,46.24874],[-119.34832,46.24921],[-119.34819,46.2494],[-119.34696,46.24956],[-119.34668,46.24977],[-119.34673,46.25011],[-119.34733,46.2503],[-119.3476,46.25059],[-119.34765,46.25484],[-119.34677,46.25497],[-119.34695,46.2539],[-119.34682,46.25357],[-119.34592,46.25428],[-119.34484,46.25463],[-119.34235,46.25427],[-119.34245,46.24612],[-119.35477,46.24487],[-119.35805,46.24481],[-119.36066,46.24519],[-119.3622,46.24567],[-119.3635,46.24631],[-119.368,46.24927],[-119.38349,46.2572],[-119.38486,46.2594],[-119.38624,46.26117],[-119.38645,46.26194],[-119.38772,46.26301],[-119.38806,46.26361],[-119.38845,46.26389],[-119.38874,46.26453],[-119.38863,46.26489],[-119.3833,46.26556],[-119.37498,46.26563],[-119.34828,46.24874]]]]}},{"type":"Feature","properties":{"ava_id":"columbia_gorge","name":"Columbia Gorge","aka":null,"state":"OR|WA","county":"Hood River|Wasco|Klickitat|Skamania","within":null,"contains":null,"cfr_index":"9.178","valid_start":null},"geometry":{"type":"MultiPolygon","coordinates":[[[[-121.60912,45.7399],[-121.59545,45.73946],[-121.569,45.73909],[-121.56845,45.76854],[-121.56885,45.7759],[-121.5686,45.78234],[-121.56928,45.78236],[-121.56931,45.79678],[-121.54857,45.79674],[-121.54855,45.81114],[-121.52896,45.81124],[-121.52769,45.83459],[-121.52766,45.84177],[-121.52689,45.86274],[-121.52764,45.86985],[-121.4889,45.87006],[-121.46567,45.86997],[-121.44535,45.86966],[-121.44553,45.85518],[-121.44592,45.84069],[-121.40497,45.84076],[-121.40492,45.81196],[-121.40423,45.81199],[-121.40471,45.79755],[-121.38426,45.79726],[-121.36382,45.79736],[-121.36359,45.77979],[-121.36382,45.77958],[-121.3629,45.77893],[-121.36327,45.77805],[-121.36427,45.77763],[-121.36441,45.77709],[-121.36427,45.7762],[-121.36269,45.77515],[-121.36371,45.77422],[-121.36321,45.77377],[-121.36322,45.77269],[-121.36367,45.77138],[-121.36357,45.76901],[-121.36419,45.76824],[-121.36438,45.76674],[-121.36559,45.76515],[-121.36572,45.76421],[-121.36656,45.76378],[-121.36714,45.76306],[-121.36714,45.76269],[-121.36678,45.76191],[-121.36666,45.76024],[-121.36609,45.7583],[-121.36574,45.75816],[-121.36035,45.75835],[-121.35973,45.75858],[-121.35933,45.75914],[-121.35892,45.75879],[-121.35767,45.75833],[-121.35663,45.75753],[-121.35629,45.75537],[-121.356,45.75452],[-121.35474,45.75368],[-121.35401,45.75358],[-121.35327,45.75316],[-121.3507,45.75333],[-121.34947,45.75377],[-121.34794,45.75384],[-121.34711,45.75446],[-121.34673,45.75535],[-121.34408,45.75582],[-121.34381,45.756],[-121.34348,45.75661],[-121.34311,45.75672],[-121.34276,45.75714],[-121.3416,45.75711],[-121.341,45.75778],[-121.33868,45.75744],[-121.33772,45.75772],[-121.33682,45.75769],[-121.33619,45.75813],[-121.33569,45.75811],[-121.33528,45.7584],[-121.33507,45.75905],[-121.33432,45.75909],[-121.33394,45.75933],[-121.33415,45.7599],[-121.33404,45.76088],[-121.33376,45.76089],[-121.3333,45.76046],[-121.33242,45.76029],[-121.33174,45.76034],[-121.3312,45.76073],[-121.3309,45.76175],[-121.32975,45.76113],[-121.32907,45.76098],[-121.32837,45.76119],[-121.3275,45.76205],[-121.32664,45.76161],[-121.32507,45.76201],[-121.32459,45.76147],[-121.32395,45.76141],[-121.32312,45.76172],[-121.32301,45.76193],[-121.32318,45.76247],[-121.32275,45.76293],[-121.32248,45.76252],[-121.32209,45.7623],[-121.31923,45.7616],[-121.31845,45.76195],[-121.31777,45.76289],[-121.3178,45.7632],[-121.31748,45.7631],[-121.31701,45.76234],[-121.3165,45.76228],[-121.31578,45.76273],[-121.31497,45.76359],[-121.31407,45.76285],[-121.31327,45.76286],[-121.31252,45.76316],[-121.31132,45.76269],[-121.31038,45.76276],[-121.31027,45.76333],[-121.31053,45.76374],[-121.31173,45.7643],[-121.31221,45.76489],[-121.31317,45.76539],[-121.31307,45.76564],[-121.31338,45.76579],[-121.31339,45.76592],[-121.31222,45.76597],[-121.31172,45.7665],[-121.31158,45.7665],[-121.31105,45.76558],[-121.31056,45.76526],[-121.30992,45.76524],[-121.30927,45.76566],[-121.30809,45.76478],[-121.30703,45.76478],[-121.30675,45.76433],[-121.30651,45.76423],[-121.3056,45.76432],[-121.30377,45.76415],[-121.30304,45.76441],[-121.30235,45.76369],[-121.30163,45.76333],[-121.3008,45.76331],[-121.30044,45.76357],[-121.30048,45.76441],[-121.30079,45.76496],[-121.30062,45.76507],[-121.2994,45.76466],[-121.2969,45.76346],[-121.29545,45.76339],[-121.29479,45.76354],[-121.2946,45.76396],[-121.29521,45.76449],[-121.29499,45.76541],[-121.29576,45.76622],[-121.29592,45.7666],[-121.29656,45.76694],[-121.2965,45.76797],[-121.29665,45.76835],[-121.29569,45.76861],[-121.29569,45.76917],[-121.29624,45.76951],[-121.29645,45.76983],[-121.29696,45.77007],[-121.29733,45.77052],[-121.29788,45.77063],[-121.29842,45.77041],[-121.29888,45.77081],[-121.29878,45.77205],[-121.29904,45.77274],[-121.29896,45.77442],[-121.29967,45.77565],[-121.29937,45.77602],[-121.29948,45.7764],[-121.29934,45.77646],[-121.29811,45.77622],[-121.2976,45.77642],[-121.29731,45.77612],[-121.29668,45.77613],[-121.29693,45.7752],[-121.29675,45.77495],[-121.29604,45.77473],[-121.29477,45.77536],[-121.29442,45.77484],[-121.29398,45.7746],[-121.29323,45.77458],[-121.29278,45.77514],[-121.29279,45.77546],[-121.29388,45.77757],[-121.29359,45.7777],[-121.29378,45.77796],[-121.29473,45.77838],[-121.29548,45.7792],[-121.2973,45.77961],[-121.29748,45.78036],[-121.29826,45.78092],[-121.29837,45.78125],[-121.2987,45.78152],[-121.30045,45.78126],[-121.30308,45.78144],[-121.30366,45.78167],[-121.303,45.78271],[-121.30191,45.7829],[-121.30118,45.7834],[-121.30111,45.78395],[-121.30233,45.78623],[-121.30233,45.7865],[-121.30173,45.78724],[-121.30149,45.78824],[-121.30157,45.7895],[-121.3019,45.7895],[-121.30238,45.78992],[-121.30239,45.79011],[-121.30165,45.79055],[-121.30154,45.79092],[-121.30183,45.7929],[-121.30139,45.79315],[-121.30069,45.79286],[-121.29981,45.79308],[-121.29939,45.79239],[-121.29938,45.7915],[-121.29975,45.79091],[-121.30053,45.7904],[-121.30015,45.78988],[-121.30014,45.78916],[-121.2997,45.78902],[-121.29967,45.78858],[-121.30054,45.78802],[-121.30032,45.78786],[-121.29919,45.78545],[-121.2986,45.78489],[-121.29773,45.78342],[-121.29723,45.78342],[-121.29696,45.78359],[-121.29663,45.78524],[-121.29645,45.78537],[-121.29552,45.78377],[-121.29518,45.78369],[-121.29476,45.7839],[-121.29468,45.78326],[-121.29433,45.78297],[-121.29514,45.78255],[-121.29566,45.78206],[-121.29545,45.78119],[-121.29511,45.78076],[-121.29398,45.78019],[-121.29328,45.77964],[-121.29246,45.77951],[-121.29172,45.7796],[-121.29181,45.77881],[-121.29055,45.77824],[-121.2897,45.7781],[-121.28867,45.77826],[-121.28666,45.77753],[-121.28555,45.77758],[-121.28533,45.77783],[-121.28427,45.77801],[-121.28344,45.77874],[-121.28248,45.77877],[-121.28301,45.77838],[-121.28311,45.77811],[-121.28285,45.77711],[-121.28195,45.77668],[-121.28065,45.77687],[-121.27982,45.75144],[-121.27975,45.72719],[-121.28003,45.70491],[-121.28062,45.70477],[-121.28134,45.70409],[-121.28177,45.70277],[-121.28262,45.70287],[-121.28346,45.70257],[-121.28416,45.70265],[-121.28456,45.70238],[-121.28542,45.70225],[-121.28606,45.70182],[-121.28641,45.70155],[-121.28664,45.7009],[-121.28804,45.69963],[-121.28902,45.69933],[-121.28965,45.69894],[-121.29045,45.6976],[-121.29274,45.69534],[-121.2971,45.69197],[-121.2872,45.68689],[-121.25298,45.6787],[-121.25317,45.66436],[-121.25293,45.62497],[-121.25305,45.5479],[-121.25281,45.51906],[-121.36085,45.51956],[-121.37909,45.51947],[-121.37901,45.53449],[-121.37928,45.54835],[-121.37906,45.56322],[-121.37899,45.60656],[-121.5034,45.6062],[-121.5059,45.59241],[-121.50626,45.58008],[-121.50792,45.57836],[-121.50837,45.57808],[-121.50931,45.57851],[-121.50991,45.5791],[-121.51057,45.58017],[-121.51197,45.58072],[-121.51251,45.58269],[-121.51283,45.58302],[-121.51365,45.58308],[-121.51432,45.58263],[-121.51604,45.58286],[-121.51814,45.58246],[-121.51966,45.58295],[-121.52055,45.58296],[-121.52129,45.58266],[-121.52203,45.5829],[-121.52349,45.58284],[-121.52391,45.58247],[-121.52391,45.58202],[-121.52348,45.5812],[-121.52233,45.57963],[-121.52221,45.57912],[-121.52142,45.57824],[-121.52126,45.57765],[-121.52053,45.57638],[-121.52026,45.57485],[-121.52005,45.57446],[-121.51956,45.57409],[-121.52062,45.57388],[-121.52118,45.57357],[-121.52224,45.57209],[-121.52315,45.57168],[-121.52342,45.57126],[-121.52342,45.57107],[-121.52233,45.57003],[-121.52203,45.56909],[-121.52204,45.5686],[-121.52237,45.56837],[-121.5226,45.56765],[-121.52269,45.56658],[-121.5229,45.56669],[-121.5231,45.56725],[-121.52308,45.568],[-121.52336,45.56892],[-121.5256,45.57098],[-121.5255,45.57239],[-121.52492,45.57364],[-121.52507,45.57415],[-121.52525,45.57428],[-121.52591,45.5743],[-121.52655,45.57395],[-121.52699,45.57261],[-121.52704,45.57187],[-121.52729,45.5714],[-121.52802,45.57152],[-121.52915,45.57372],[-121.52999,45.57428],[-121.53111,45.57469],[-121.53139,45.57448],[-121.53158,45.57229],[-121.53149,45.57184],[-121.53186,45.57116],[-121.53155,45.56877],[-121.53319,45.56936],[-121.53425,45.56936],[-121.53497,45.56899],[-121.53534,45.56824],[-121.53633,45.56772],[-121.53714,45.56804],[-121.53778,45.56803],[-121.53922,45.56896],[-121.54031,45.56895],[-121.54067,45.56857],[-121.5411,45.56687],[-121.54006,45.56574],[-121.54109,45.56565],[-121.54156,45.56538],[-121.54172,45.5651],[-121.54425,45.56588],[-121.54498,45.56579],[-121.54536,45.56546],[-121.54525,45.56497],[-121.54487,45.56456],[-121.54508,45.56364],[-121.54473,45.56298],[-121.54383,45.56225],[-121.54653,45.56226],[-121.54707,45.56216],[-121.54785,45.5616],[-121.54785,45.56091],[-121.54634,45.56031],[-121.54686,45.55906],[-121.54682,45.55859],[-121.54517,45.5577],[-121.54447,45.55754],[-121.54455,45.55731],[-121.54585,45.55656],[-121.54697,45.55633],[-121.5474,45.55592],[-121.54749,45.55505],[-121.54725,45.55471],[-121.54662,45.55438],[-121.54554,45.55426],[-121.54762,45.55297],[-121.54812,45.55244],[-121.54782,45.55163],[-121.5478,45.55089],[-121.5475,45.55062],[-121.54692,45.55045],[-121.54697,45.54991],[-121.54675,45.54962],[-121.54682,45.54882],[-121.54606,45.54852],[-121.54604,45.54823],[-121.54571,45.54789],[-121.54715,45.5479],[-121.54725,45.54779],[-121.54661,45.54734],[-121.54554,45.54691],[-121.54751,45.54665],[-121.54778,45.54652],[-121.54791,45.54614],[-121.54903,45.54674],[-121.54979,45.54662],[-121.55065,45.54495],[-121.55194,45.54351],[-121.55207,45.5431],[-121.5514,45.5421],[-121.55157,45.54146],[-121.5515,45.54105],[-121.55195,45.54059],[-121.55156,45.54011],[-121.55198,45.53956],[-121.55186,45.53867],[-121.55132,45.53795],[-121.55055,45.5376],[-121.55056,45.53723],[-121.55097,45.53645],[-121.55101,45.5356],[-121.55076,45.53464],[-121.55028,45.53435],[-121.55057,45.53375],[-121.55061,45.53299],[-121.55096,45.53262],[-121.55123,45.53271],[-121.55111,45.53364],[-121.55161,45.53405],[-121.55203,45.53409],[-121.55307,45.53381],[-121.55327,45.53363],[-121.55331,45.53334],[-121.55415,45.53312],[-121.5551,45.5323],[-121.55566,45.53118],[-121.5556,45.53037],[-121.55503,45.52954],[-121.55536,45.52823],[-121.55532,45.5278],[-121.55498,45.52746],[-121.55445,45.52734],[-121.55391,45.52695],[-121.55266,45.52693],[-121.55217,45.52652],[-121.55179,45.52583],[-121.55159,45.52462],[-121.55111,45.52429],[-121.55103,45.52257],[-121.55066,45.52211],[-121.55101,45.52152],[-121.55098,45.52109],[-121.55062,45.52065],[-121.55136,45.52018],[-121.55232,45.51853],[-121.55341,45.51853],[-121.5554,45.51817],[-121.55599,45.51773],[-121.55615,45.5168],[-121.55563,45.5164],[-121.5548,45.51619],[-121.55472,45.51541],[-121.55416,45.51492],[-121.55421,45.51456],[-121.55488,45.5144],[-121.55497,45.51412],[-121.55491,45.51374],[-121.55434,45.51327],[-121.55407,45.51282],[-121.5545,45.51251],[-121.55476,45.51203],[-121.55538,45.51181],[-121.55627,45.51103],[-121.5563,45.51028],[-121.55607,45.50992],[-121.55747,45.50842],[-121.55736,45.50787],[-121.5581,45.50719],[-121.5583,45.50614],[-121.55877,45.50593],[-121.55905,45.50555],[-121.55918,45.50455],[-121.60653,45.50453],[-121.60649,45.51969],[-121.63138,45.51972],[-121.63036,45.52755],[-121.62985,45.53462],[-121.63099,45.54932],[-121.63086,45.56382],[-121.65115,45.56305],[-121.67032,45.56342],[-121.67083,45.57747],[-121.65095,45.57756],[-121.65085,45.59101],[-121.65132,45.60668],[-121.62689,45.60653],[-121.62664,45.62514],[-121.62767,45.64926],[-121.62694,45.69573],[-121.62729,45.70564],[-121.60909,45.70956],[-121.60916,45.71837],[-121.60912,45.7399]]]]}},{"type":"Feature","properties":{"ava_id":"columbia_valley","name":"Columbia Valley","aka":null,"state":"OR|WA","county":"Adams|Asotin|Benton|Chelan|Columbia|Douglas|Ferry|Franklin|Garfield|Gilliam|Grant|Kittitas|Klickitat|Lincoln|Morrow|Okanogan|Sherman|Stevens|Umatilla|Walla Walla|Wasco|Whitman|Yakima","within":null,"contains":"Ancient Lakes of Columbia Valley|Candy Mountain|Horse Heaven Hills|Naches Heights|Rattlesnake Hills|Red Mountain|The Rocks District of Milton-Freewater|Snipes Mountain|Walla Walla Valley|Yakima Valley","cfr_index":"9.74","valid_start":"2016-05-20"},"geometry":{"type":"MultiPolygon","coordinates":[[[[-120.4587,45.43119],[-120.50317,45.43103],[-120.62751,45.43231],[-120.7336,45.43165],[-120.84995,45.43235],[-120.85139,45.4341],[-120.85456,45.43482],[-120.85704,45.43559],[-120.86079,45.4375],[-120.86541,45.44155],[-120.86701,45.44414],[-120.86683,45.44607],[-120.8634,45.45131],[-120.86071,45.46059],[-120.86018,45.46147],[-120.85698,45.46258],[-120.84804,45.46265],[-120.84583,45.46374],[-120.83898,45.46853],[-120.83691,45.47079],[-120.83653,45.47291],[-120.83661,45.47435],[-120.83705,45.47542],[-120.83954,45.47962],[-120.83992,45.48085],[-120.84012,45.48287],[-120.83965,45.48496],[-120.83538,45.49174],[-120.83444,45.49492],[-120.83442,45.49633],[-120.83858,45.50147],[-120.83946,45.50301],[-120.83924,45.50427],[-120.83853,45.50543],[-120.83525,45.50808],[-120.83006,45.51071],[-120.82793,45.51228],[-120.82693,45.51359],[-120.82707,45.51519],[-120.82923,45.51697],[-120.83049,45.51765],[-120.83613,45.51798],[-120.84116,45.51862],[-120.84308,45.51925],[-120.87039,45.51945],[-121.23752,45.51957],[-121.25274,45.51912],[-121.25305,45.5479],[-121.25293,45.62497],[-121.25317,45.66436],[-121.25298,45.6787],[-121.2872,45.68689],[-121.2971,45.69197],[-121.29274,45.69534],[-121.29045,45.6976],[-121.28965,45.69894],[-121.28902,45.69933],[-121.28804,45.69963],[-121.28664,45.7009],[-121.28641,45.70155],[-121.28542,45.70225],[-121.28456,45.70238],[-121.28416,45.70265],[-121.28346,45.70257],[-121.28262,45.70287],[-121.28177,45.70277],[-121.28134,45.70409],[-121.28107,45.70441],[-121.28062,45.70477],[-121.27847,45.70521],[-121.27732,45.7073],[-121.2753,45.70865],[-121.27337,45.70968],[-121.26997,45.7101],[-121.26444,45.713],[-121.26059,45.71535],[-121.25869,45.7176],[-121.25732,45.71952],[-121.25066,45.72202],[-121.24836,45.72362],[-121.24718,45.7277],[-121.24442,45.72943],[-121.23714,45.72879],[-121.2332,45.72907],[-121.22994,45.73198],[-121.23076,45.73403],[-121.2323,45.73582],[-121.23252,45.73706],[-121.2322,45.73827],[-121.23004,45.74029],[-121.22452,45.74182],[-121.22345,45.74347],[-121.22304,45.74448],[-121.22392,45.74753],[-121.22376,45.74866],[-121.22223,45.74946],[-121.21628,45.75018],[-121.21233,45.75091],[-121.20969,45.75289],[-121.20916,45.75593],[-121.21229,45.76072],[-121.21049,45.76365],[-121.20912,45.76458],[-121.20797,45.76641],[-121.20808,45.76852],[-121.21344,45.77289],[-121.21303,45.77553],[-121.20842,45.78142],[-121.20852,45.7882],[-121.2076,45.79056],[-121.20309,45.79482],[-121.197,45.79243],[-121.19122,45.79437],[-121.18451,45.7994],[-121.17909,45.80185],[-121.17444,45.80445],[-121.17236,45.80652],[-121.17083,45.8088],[-121.16604,45.81151],[-121.1558,45.81315],[-121.14958,45.81487],[-121.14816,45.81653],[-121.14747,45.82121],[-121.14513,45.82247],[-121.14088,45.81938],[-121.1384,45.81837],[-121.13318,45.82115],[-121.13134,45.8212],[-121.12011,45.81825],[-121.11835,45.8189],[-121.11712,45.82027],[-121.11578,45.82373],[-121.11481,45.82492],[-121.11189,45.82585],[-121.10899,45.82515],[-121.10556,45.8236],[-121.10256,45.82397],[-121.10004,45.825],[-121.09211,45.82742],[-121.08619,45.83077],[-121.08063,45.83198],[-121.0797,45.83302],[-121.08002,45.83784],[-121.07839,45.83939],[-121.07585,45.83966],[-121.06664,45.84005],[-121.06523,45.84074],[-121.06345,45.84235],[-121.06299,45.84324],[-121.06282,45.84499],[-121.0618,45.84582],[-121.06059,45.84611],[-121.05993,45.84573],[-121.05912,45.8429],[-121.05754,45.84218],[-121.05559,45.84214],[-121.05143,45.84047],[-121.04508,45.84255],[-121.0428,45.84229],[-121.04158,45.84144],[-121.0407,45.83916],[-121.03846,45.83888],[-121.03634,45.83955],[-121.03365,45.83976],[-121.03252,45.83933],[-121.03095,45.83771],[-121.02787,45.83913],[-121.02613,45.83885],[-121.02535,45.83846],[-121.02077,45.83873],[-121.01656,45.83606],[-121.01432,45.83726],[-121.01215,45.83626],[-121.01258,45.83332],[-121.00697,45.82908],[-121.00195,45.82826],[-121.00106,45.82734],[-121.00042,45.82478],[-120.99958,45.82343],[-120.99811,45.82284],[-120.99551,45.8229],[-120.99413,45.8222],[-120.99441,45.81822],[-120.9926,45.81678],[-120.98818,45.81804],[-120.98284,45.81616],[-120.98053,45.81485],[-120.97377,45.81672],[-120.96872,45.81437],[-120.96445,45.81617],[-120.96196,45.8164],[-120.95895,45.81594],[-120.95794,45.81644],[-120.95577,45.81651],[-120.95135,45.81586],[-120.94881,45.81324],[-120.94588,45.8128],[-120.94155,45.80986],[-120.93704,45.8093],[-120.93486,45.8083],[-120.93336,45.80839],[-120.92908,45.8106],[-120.92672,45.81104],[-120.92455,45.81188],[-120.92197,45.81373],[-120.92077,45.81407],[-120.91635,45.8139],[-120.91301,45.814],[-120.90779,45.81347],[-120.9031,45.81322],[-120.89959,45.8133],[-120.89613,45.8118],[-120.89214,45.81136],[-120.88829,45.8117],[-120.88126,45.81523],[-120.87901,45.81509],[-120.87679,45.81427],[-120.874,45.81282],[-120.87258,45.81183],[-120.87072,45.8112],[-120.86768,45.81122],[-120.8659,45.8117],[-120.85801,45.8146],[-120.85606,45.8146],[-120.85484,45.81389],[-120.85128,45.81386],[-120.84901,45.81457],[-120.8457,45.81637],[-120.8385,45.82227],[-120.83457,45.82494],[-120.83169,45.82607],[-120.82365,45.82651],[-120.81563,45.82618],[-120.80808,45.82796],[-120.80673,45.8286],[-120.80396,45.82844],[-120.79957,45.84117],[-120.79869,45.84286],[-120.78777,45.85155],[-120.75434,45.87271],[-120.75198,45.87564],[-120.74961,45.88298],[-120.7484,45.88376],[-120.74011,45.88612],[-120.73458,45.88823],[-120.72814,45.89197],[-120.72402,45.89532],[-120.72139,45.89684],[-120.71461,45.89892],[-120.71232,45.90031],[-120.71185,45.90186],[-120.71174,45.90733],[-120.71039,45.91023],[-120.70386,45.91811],[-120.70093,45.92357],[-120.69843,45.93005],[-120.69642,45.9323],[-120.69195,45.9352],[-120.68158,45.93989],[-120.67366,45.94409],[-120.66511,45.94971],[-120.65992,45.95402],[-120.65539,45.95995],[-120.65295,45.96444],[-120.6516,45.97065],[-120.65257,45.98399],[-120.65466,45.99009],[-120.65838,45.99305],[-120.6591,45.9945],[-120.65864,45.99527],[-120.65436,45.99629],[-120.65168,45.99819],[-120.65146,46.00036],[-120.6505,46.00146],[-120.64374,46.00466],[-120.64206,46.00929],[-120.64165,46.0155],[-120.63944,46.01669],[-120.63384,46.01846],[-120.62896,46.02507],[-120.62684,46.02661],[-120.62176,46.02783],[-120.60265,46.03094],[-120.58747,46.03813],[-120.57678,46.03972],[-120.57271,46.04505],[-120.57166,46.04862],[-120.56881,46.05182],[-120.56621,46.05767],[-120.56316,46.0691],[-120.56198,46.07125],[-120.55586,46.07605],[-120.55008,46.09073],[-120.54085,46.10869],[-120.53898,46.11546],[-120.53738,46.1194],[-120.53465,46.12475],[-120.53286,46.12698],[-120.52084,46.13721],[-120.51667,46.14243],[-120.51142,46.1502],[-120.50472,46.17052],[-120.50203,46.17568],[-120.48856,46.1965],[-120.48485,46.20058],[-120.48171,46.20316],[-120.47882,46.20438],[-120.47189,46.2055],[-120.4691,46.20644],[-120.4652,46.20835],[-120.4592,46.21201],[-120.44977,46.21546],[-120.43798,46.2194],[-120.43177,46.22196],[-120.42771,46.22502],[-120.42408,46.2289],[-120.42058,46.23168],[-120.419,46.23393],[-120.41784,46.24657],[-120.41672,46.24831],[-120.41179,46.25374],[-120.40963,46.25577],[-120.40626,46.25828],[-120.40705,46.26151],[-120.40606,46.26354],[-120.40248,46.26896],[-120.39808,46.27389],[-120.39532,46.2762],[-120.39266,46.27676],[-120.38319,46.27713],[-120.37664,46.27678],[-120.37155,46.27736],[-120.36874,46.27848],[-120.36621,46.28007],[-120.36449,46.28165],[-120.36347,46.28335],[-120.36183,46.28766],[-120.36129,46.28961],[-120.35917,46.29312],[-120.3589,46.29474],[-120.41927,46.28867],[-120.53669,46.29492],[-120.58245,46.28722],[-120.66677,46.27227],[-120.87846,46.34257],[-120.87842,46.478],[-120.88243,46.47845],[-120.88262,46.56196],[-120.88785,46.56222],[-120.88766,46.65069],[-120.88803,46.70434],[-120.88453,46.70619],[-120.88448,46.70901],[-120.88263,46.71193],[-120.87281,46.71081],[-120.86435,46.71508],[-120.86075,46.71516],[-120.85671,46.71609],[-120.85239,46.71596],[-120.84683,46.71994],[-120.84072,46.72016],[-120.838,46.71863],[-120.83395,46.71788],[-120.83081,46.71815],[-120.82694,46.71937],[-120.82353,46.71969],[-120.82021,46.71753],[-120.81737,46.71733],[-120.81605,46.71796],[-120.81496,46.71918],[-120.81384,46.7222],[-120.80995,46.72589],[-120.80724,46.72804],[-120.80459,46.7291],[-120.80203,46.72963],[-120.79729,46.73003],[-120.79613,46.73074],[-120.79445,46.73241],[-120.79304,46.73244],[-120.78997,46.73595],[-120.78855,46.73559],[-120.78814,46.73612],[-120.78794,46.73745],[-120.78863,46.73803],[-120.78833,46.74004],[-120.78658,46.74214],[-120.78635,46.74314],[-120.78706,46.74411],[-120.78795,46.74474],[-120.78808,46.74587],[-120.46552,46.75],[-120.4657,46.75255],[-120.46518,46.75379],[-120.46375,46.75499],[-120.45554,46.75816],[-120.45462,46.75913],[-120.4539,46.76072],[-120.45394,46.76218],[-120.45476,46.76299],[-120.45766,46.7639],[-120.45873,46.7645],[-120.45878,46.76583],[-120.45793,46.76656],[-120.45703,46.76706],[-120.45361,46.7676],[-120.45058,46.76895],[-120.44927,46.77042],[-120.44924,46.77164],[-120.45217,46.7746],[-120.45739,46.77681],[-120.45768,46.77744],[-120.45589,46.77997],[-120.45367,46.7827],[-120.45219,46.7855],[-120.4516,46.78738],[-120.45182,46.78941],[-120.45382,46.79107],[-120.45687,46.79185],[-120.45934,46.79292],[-120.46167,46.79565],[-120.46339,46.79797],[-120.46407,46.80075],[-120.46176,46.80309],[-120.45961,46.80331],[-120.45087,46.80087],[-120.44932,46.80079],[-120.44633,46.80146],[-120.44252,46.80329],[-120.44172,46.80495],[-120.44173,46.80676],[-120.44244,46.80838],[-120.44341,46.80962],[-120.44532,46.81134],[-120.44871,46.81326],[-120.45514,46.81363],[-120.45821,46.81467],[-120.45906,46.81557],[-120.46034,46.8178],[-120.46026,46.82304],[-120.4615,46.82649],[-120.46296,46.82928],[-120.4664,46.83161],[-120.46637,46.833],[-120.46576,46.83384],[-120.46433,46.835],[-120.46032,46.83495],[-120.45827,46.83526],[-120.45625,46.83647],[-120.45622,46.83865],[-120.45666,46.83982],[-120.45738,46.84035],[-120.45938,46.8411],[-120.46279,46.84142],[-120.46414,46.84192],[-120.46566,46.84331],[-120.46631,46.84456],[-120.46592,46.84539],[-120.46326,46.84782],[-120.46235,46.84904],[-120.46228,46.85008],[-120.4634,46.85174],[-120.46453,46.85293],[-120.46569,46.85348],[-120.47223,46.85383],[-120.47819,46.85292],[-120.48082,46.85304],[-120.4827,46.8536],[-120.48405,46.85464],[-120.48462,46.85568],[-120.48447,46.85659],[-120.48199,46.8592],[-120.48042,46.86129],[-120.47933,46.86437],[-120.47996,46.86638],[-120.48172,46.86911],[-120.48367,46.87069],[-120.48695,46.87175],[-120.49147,46.8728],[-120.49325,46.87386],[-120.49518,46.87561],[-120.49613,46.87723],[-120.49607,46.87849],[-120.49462,46.87937],[-120.49376,46.87951],[-120.49134,46.87868],[-120.48662,46.87588],[-120.48065,46.876],[-120.47773,46.87767],[-120.47566,46.88033],[-120.4753,46.8816],[-120.47556,46.88335],[-120.47697,46.88532],[-120.47904,46.88634],[-120.4822,46.8865],[-120.48411,46.88619],[-120.48816,46.88488],[-120.49114,46.88477],[-120.49335,46.88552],[-120.49494,46.88672],[-120.49666,46.8888],[-120.49927,46.89326],[-120.50143,46.89533],[-120.50447,46.89743],[-120.5052,46.89878],[-120.50487,46.90007],[-120.49742,46.9004],[-120.49646,46.90104],[-120.49656,46.90268],[-120.49941,46.90686],[-120.50165,46.90772],[-120.50715,46.90813],[-120.51055,46.90896],[-120.51244,46.91344],[-120.51434,46.92002],[-120.51456,46.92404],[-120.51528,46.92477],[-120.51987,46.92552],[-120.52162,46.92675],[-120.52178,46.92957],[-120.52225,46.9304],[-120.52383,46.93167],[-120.52976,46.93205],[-120.5326,46.93821],[-120.53455,46.9413],[-120.5358,46.94406],[-120.53884,46.94736],[-120.53998,46.95648],[-120.54155,46.95903],[-120.54993,46.96296],[-120.55257,46.9633],[-120.55472,46.96569],[-120.55582,46.96783],[-120.55544,46.96994],[-120.55591,46.97105],[-120.55774,46.97144],[-120.55962,46.97275],[-120.55948,46.97649],[-120.56003,46.97761],[-120.56372,46.97719],[-120.56601,46.97746],[-120.56943,46.97841],[-120.57098,46.9802],[-120.57143,46.98204],[-120.57043,46.98547],[-120.57063,46.98705],[-120.57223,46.9881],[-120.57463,46.98738],[-120.57735,46.98779],[-120.57832,46.98859],[-120.57823,46.99058],[-120.58201,46.9944],[-120.57981,46.9965],[-120.57987,46.9977],[-120.58734,47.00168],[-120.59101,47.0026],[-120.59454,47.00384],[-120.59646,47.00521],[-120.60058,47.0089],[-120.60544,47.01112],[-120.60734,47.01359],[-120.60896,47.01642],[-120.61023,47.02358],[-120.61286,47.02579],[-120.61767,47.0254],[-120.62019,47.02452],[-120.62271,47.02485],[-120.6239,47.0261],[-120.62452,47.02729],[-120.62432,47.02936],[-120.62476,47.03048],[-120.62737,47.03226],[-120.62824,47.03307],[-120.63118,47.0388],[-120.63347,47.04028],[-120.63709,47.04132],[-120.6388,47.04279],[-120.64189,47.04898],[-120.6451,47.05327],[-120.64657,47.05425],[-120.64933,47.05456],[-120.65019,47.05491],[-120.65151,47.05687],[-120.65072,47.05849],[-120.65185,47.06005],[-120.65165,47.06153],[-120.65306,47.06324],[-120.65405,47.06555],[-120.6554,47.06729],[-120.65714,47.069],[-120.65945,47.07203],[-120.66583,47.07609],[-120.67152,47.07856],[-120.67275,47.07997],[-120.67412,47.08097],[-120.67647,47.08136],[-120.67931,47.08275],[-120.68177,47.08271],[-120.68281,47.08342],[-120.68429,47.08518],[-120.68769,47.08751],[-120.68917,47.08978],[-120.68934,47.09136],[-120.68906,47.09344],[-120.68975,47.09466],[-120.69172,47.09766],[-120.69618,47.10105],[-120.69595,47.10218],[-120.70041,47.10508],[-120.69948,47.10697],[-120.69494,47.10805],[-120.68762,47.11065],[-120.67786,47.11053],[-120.67309,47.11014],[-120.66925,47.10922],[-120.66822,47.11007],[-120.66844,47.11239],[-120.66768,47.11314],[-120.66063,47.11324],[-120.65914,47.11257],[-120.655,47.10967],[-120.64551,47.10746],[-120.62848,47.10579],[-120.60728,47.105],[-120.60192,47.105],[-120.58784,47.10772],[-120.57412,47.11213],[-120.57306,47.11198],[-120.57255,47.11145],[-120.57257,47.10956],[-120.57034,47.10818],[-120.56745,47.10733],[-120.56306,47.10729],[-120.56052,47.10803],[-120.55535,47.10772],[-120.54953,47.10808],[-120.54809,47.10698],[-120.54616,47.10613],[-120.54455,47.10406],[-120.54469,47.10255],[-120.54736,47.099],[-120.54738,47.09812],[-120.5458,47.09785],[-120.54307,47.09843],[-120.54274,47.09778],[-120.54342,47.09669],[-120.54318,47.09546],[-120.54215,47.09481],[-120.54097,47.09464],[-120.54055,47.09376],[-120.53868,47.09307],[-120.53664,47.09331],[-120.53536,47.09415],[-120.53432,47.09421],[-120.53336,47.09354],[-120.53248,47.09232],[-120.53061,47.09288],[-120.53023,47.09233],[-120.53133,47.09108],[-120.53116,47.0895],[-120.52861,47.08923],[-120.52783,47.08767],[-120.52613,47.08659],[-120.52273,47.08648],[-120.51946,47.08444],[-120.50363,47.07898],[-120.50176,47.07743],[-120.50136,47.07661],[-120.50107,47.07523],[-120.50021,47.07442],[-120.49922,47.07428],[-120.49671,47.0753],[-120.48533,47.0722],[-120.48134,47.07172],[-120.47354,47.0716],[-120.46207,47.07255],[-120.4589,47.07349],[-120.45511,47.07316],[-120.45125,47.07451],[-120.44416,47.07457],[-120.44094,47.07674],[-120.426,47.07695],[-120.42354,47.07623],[-120.42182,47.07492],[-120.42167,47.06566],[-120.42096,47.06417],[-120.41919,47.06142],[-120.41587,47.0587],[-120.41129,47.05567],[-120.40691,47.05325],[-120.40212,47.05159],[-120.39704,47.05019],[-120.39135,47.0496],[-120.38176,47.0499],[-120.37627,47.04908],[-120.36321,47.04867],[-120.3645,47.04662],[-120.36105,47.04221],[-120.35322,47.03612],[-120.34869,47.03161],[-120.34737,47.02929],[-120.34384,47.02715],[-120.34275,47.02524],[-120.33661,47.02117],[-120.33357,47.01819],[-120.33355,47.01661],[-120.33123,47.01346],[-120.32843,47.01049],[-120.31743,47.00525],[-120.31544,47.00318],[-120.31427,47.00018],[-120.30782,46.99578],[-120.30485,46.99338],[-120.30453,46.9922],[-120.30637,46.99039],[-120.30347,46.98853],[-120.30296,46.98725],[-120.3028,46.98361],[-120.2999,46.9819],[-120.29931,46.97866],[-120.30172,46.97593],[-120.30184,46.97209],[-120.30491,46.96814],[-120.30552,46.96636],[-120.30532,46.96498],[-120.30463,46.96436],[-120.3008,46.96255],[-120.30017,46.96161],[-120.30033,46.961],[-120.30429,46.9586],[-120.3004,46.9574],[-120.28606,46.95139],[-120.26036,46.95001],[-120.2474,46.94607],[-120.23731,46.94513],[-120.23194,46.94487],[-120.20271,46.94666],[-120.19578,46.94633],[-120.16916,46.94362],[-120.14961,46.94459],[-120.14147,46.94278],[-120.13219,46.93974],[-120.1256,46.93966],[-120.107,46.94436],[-120.09944,46.94511],[-120.08897,46.94465],[-120.08697,46.94416],[-120.07974,46.94036],[-120.07674,46.94001],[-120.07017,46.9409],[-120.06084,46.94018],[-120.04501,46.93641],[-120.03844,46.93663],[-120.03097,46.9383],[-120.01916,46.93744],[-120.0156,46.93802],[-120.0107,46.94002],[-120.00111,46.93851],[-119.97874,46.93869],[-119.97083,46.94024],[-119.96553,46.94248],[-119.98062,46.96413],[-119.99858,46.98541],[-119.9984,46.98629],[-120.00054,46.99061],[-120.00115,46.99113],[-120.00124,46.99142],[-120.00169,46.99158],[-120.00239,46.99219],[-120.00277,46.99282],[-120.00286,46.99355],[-120.00307,46.99391],[-120.00563,46.99671],[-120.00584,46.99779],[-120.00654,46.9981],[-120.00606,46.99896],[-120.00427,46.99923],[-120.00438,46.99951],[-120.0048,46.99963],[-120.00538,47.00017],[-120.00426,47.00011],[-120.00461,47.00217],[-120.00549,47.00363],[-120.00543,47.0042],[-120.0057,47.0044],[-120.00612,47.00578],[-120.00641,47.00597],[-120.0064,47.00618],[-120.00665,47.00625],[-120.00649,47.00653],[-120.00663,47.00741],[-120.00689,47.00759],[-120.00703,47.00817],[-120.00732,47.00839],[-120.00884,47.00855],[-120.01015,47.00829],[-120.01045,47.0086],[-120.00949,47.00908],[-120.00853,47.00931],[-120.00805,47.00967],[-120.00806,47.00994],[-120.00898,47.01099],[-120.00913,47.01209],[-120.00932,47.01246],[-120.01017,47.01357],[-120.01054,47.01368],[-120.01049,47.01394],[-120.01086,47.01448],[-120.01063,47.01472],[-120.01072,47.01516],[-120.01116,47.01597],[-120.01176,47.01644],[-120.01172,47.0169],[-120.01239,47.01806],[-120.01241,47.01839],[-120.01353,47.0199],[-120.01469,47.02081],[-120.01674,47.02155],[-120.01711,47.02182],[-120.01856,47.02164],[-120.02001,47.02214],[-120.02004,47.02227],[-120.01976,47.02236],[-120.02003,47.02259],[-120.01935,47.02282],[-120.0192,47.02308],[-120.01743,47.02336],[-120.01622,47.02385],[-120.01621,47.02399],[-120.01763,47.02572],[-120.01834,47.02625],[-120.01888,47.02839],[-120.01967,47.02964],[-120.01957,47.03075],[-120.01994,47.03138],[-120.01992,47.03254],[-120.02046,47.03329],[-120.02047,47.03367],[-120.02114,47.03432],[-120.02179,47.03586],[-120.02201,47.03604],[-120.02214,47.03665],[-120.0228,47.03758],[-120.02275,47.03854],[-120.02305,47.03892],[-120.02385,47.03897],[-120.02334,47.03928],[-120.0236,47.03951],[-120.02404,47.04063],[-120.02562,47.04272],[-120.02583,47.04366],[-120.0265,47.04504],[-120.02637,47.04526],[-120.0265,47.04574],[-120.02671,47.04568],[-120.02684,47.04581],[-120.02689,47.04631],[-120.02665,47.04653],[-120.02716,47.0471],[-120.02722,47.04765],[-120.02776,47.04815],[-120.02774,47.04868],[-120.02845,47.04902],[-120.02916,47.04979],[-120.03051,47.0506],[-120.03104,47.05113],[-120.03499,47.05352],[-120.0373,47.05594],[-120.03788,47.05625],[-120.03898,47.05794],[-120.03939,47.05807],[-120.04172,47.0615],[-120.04227,47.06253],[-120.04228,47.06298],[-120.04268,47.0637],[-120.04263,47.06398],[-120.04293,47.06429],[-120.04308,47.06493],[-120.04385,47.06592],[-120.04441,47.06711],[-120.04448,47.06786],[-120.04473,47.06814],[-120.04459,47.06871],[-120.04506,47.0695],[-120.04494,47.06983],[-120.045,47.07054],[-120.04522,47.0707],[-120.04505,47.07256],[-120.04546,47.07347],[-120.04527,47.0739],[-120.04541,47.07524],[-120.04526,47.0754],[-120.04524,47.07612],[-120.0445,47.07775],[-120.04465,47.07811],[-120.04451,47.07887],[-120.04472,47.07927],[-120.04474,47.08003],[-120.04428,47.08046],[-120.04438,47.08112],[-120.04391,47.08171],[-120.04389,47.08215],[-120.04253,47.08467],[-120.04201,47.08483],[-120.04187,47.08504],[-120.04177,47.08526],[-120.04187,47.0858],[-120.0411,47.08712],[-120.03925,47.08914],[-120.03807,47.09169],[-120.03748,47.09217],[-120.0364,47.09402],[-120.03584,47.09449],[-120.03484,47.09648],[-120.03435,47.09685],[-120.03404,47.0975],[-120.03295,47.09873],[-120.0322,47.10016],[-120.03232,47.10043],[-120.03223,47.1007],[-120.0315,47.10127],[-120.03114,47.10281],[-120.0303,47.10415],[-120.02964,47.10561],[-120.0281,47.10766],[-120.02678,47.10888],[-120.02535,47.10976],[-120.02471,47.11041],[-120.02473,47.11062],[-120.02514,47.11073],[-120.02548,47.11017],[-120.02596,47.11033],[-120.02626,47.11104],[-120.02623,47.11167],[-120.02659,47.11198],[-120.02765,47.11231],[-120.0291,47.11224],[-120.02998,47.11282],[-120.02976,47.11304],[-120.02912,47.11301],[-120.02914,47.11334],[-120.02754,47.11351],[-120.02624,47.11397],[-120.02555,47.11445],[-120.02556,47.11482],[-120.02487,47.11447],[-120.02403,47.11479],[-120.02382,47.11452],[-120.02377,47.11377],[-120.02341,47.1136],[-120.02371,47.11334],[-120.02342,47.11311],[-120.02335,47.11283],[-120.02155,47.11173],[-120.02098,47.11192],[-120.01812,47.11403],[-120.01345,47.11881],[-120.01256,47.11952],[-120.01218,47.12026],[-120.01076,47.12177],[-120.01023,47.1226],[-120.01016,47.12305],[-120.00955,47.1239],[-120.00896,47.12417],[-120.00815,47.12506],[-120.00747,47.12667],[-120.00704,47.12818],[-120.00638,47.12892],[-120.00627,47.1293],[-120.00631,47.13041],[-120.00608,47.13121],[-120.0062,47.13176],[-120.00609,47.13198],[-120.00628,47.13249],[-120.0062,47.13272],[-120.00651,47.13288],[-120.00668,47.13275],[-120.00681,47.13317],[-120.00674,47.13501],[-120.00664,47.13558],[-120.00643,47.13585],[-120.00628,47.13783],[-120.00708,47.13987],[-120.00761,47.1408],[-120.00776,47.14148],[-120.00766,47.14275],[-120.00796,47.14443],[-120.00737,47.14512],[-120.00737,47.14546],[-120.00821,47.14706],[-120.00719,47.14773],[-120.00701,47.14857],[-120.00761,47.14857],[-120.00733,47.14912],[-120.00776,47.14948],[-120.0079,47.15161],[-120.00834,47.15207],[-120.00849,47.15389],[-120.00942,47.15502],[-120.01071,47.15592],[-120.01139,47.15697],[-120.01483,47.15923],[-120.01526,47.1601],[-120.01598,47.16053],[-120.01633,47.16143],[-120.01679,47.16201],[-120.01697,47.1632],[-120.01726,47.16383],[-120.01719,47.16425],[-120.01768,47.16586],[-120.01815,47.16619],[-120.01832,47.16661],[-120.01834,47.16699],[-120.01794,47.16827],[-120.01821,47.16856],[-120.01921,47.16908],[-120.01913,47.16925],[-120.01971,47.1695],[-120.01951,47.1697],[-120.02046,47.17049],[-120.0194,47.17013],[-120.01938,47.17031],[-120.01962,47.17052],[-120.01919,47.17057],[-120.01926,47.17093],[-120.01812,47.17053],[-120.01737,47.17054],[-120.01693,47.17066],[-120.01595,47.17142],[-120.01504,47.17273],[-120.01357,47.17671],[-120.01184,47.17929],[-120.00983,47.18385],[-120.00808,47.18688],[-120.00764,47.18804],[-120.00742,47.18923],[-120.00744,47.19147],[-120.00771,47.19594],[-120.00814,47.19796],[-120.00838,47.20327],[-120.00855,47.20407],[-120.00923,47.20512],[-120.01042,47.20847],[-120.01248,47.21115],[-120.01255,47.21168],[-120.01286,47.21209],[-120.01123,47.2133],[-120.00983,47.21377],[-120.00901,47.21376],[-120.00872,47.21257],[-120.00849,47.21245],[-120.00808,47.21258],[-120.00748,47.21374],[-120.00767,47.21627],[-120.00776,47.21672],[-120.00846,47.21778],[-120.00963,47.21888],[-120.01193,47.22037],[-120.01313,47.22093],[-120.01981,47.22308],[-120.02214,47.22306],[-120.02286,47.22341],[-120.02529,47.22381],[-120.02896,47.22384],[-120.02958,47.2236],[-120.03093,47.22365],[-120.03259,47.22315],[-120.03453,47.22341],[-120.03566,47.22315],[-120.04021,47.22308],[-120.04167,47.22302],[-120.04241,47.22281],[-120.04413,47.22283],[-120.04821,47.22238],[-120.04944,47.22202],[-120.05161,47.22173],[-120.05443,47.22167],[-120.05509,47.22145],[-120.05596,47.22162],[-120.05902,47.22128],[-120.06079,47.22139],[-120.06172,47.22125],[-120.06406,47.22145],[-120.06461,47.22139],[-120.06509,47.2211],[-120.06574,47.22109],[-120.06969,47.2215],[-120.07174,47.22129],[-120.07174,47.22151],[-120.07237,47.22157],[-120.07421,47.22321],[-120.07462,47.22419],[-120.07825,47.22441],[-120.08033,47.22487],[-120.0806,47.22496],[-120.08072,47.22532],[-120.08124,47.2258],[-120.08243,47.22623],[-120.08352,47.22641],[-120.08373,47.2272],[-120.08448,47.22869],[-120.08447,47.22942],[-120.08515,47.23026],[-120.0847,47.23077],[-120.08468,47.23117],[-120.08494,47.23141],[-120.08511,47.23217],[-120.08553,47.23252],[-120.08662,47.23281],[-120.08746,47.23193],[-120.08728,47.23301],[-120.08762,47.23339],[-120.08767,47.23376],[-120.08823,47.23411],[-120.08824,47.23429],[-120.08925,47.23549],[-120.09136,47.23716],[-120.09146,47.23748],[-120.09124,47.23789],[-120.09172,47.23816],[-120.09238,47.23924],[-120.09278,47.23963],[-120.09383,47.24003],[-120.09348,47.24026],[-120.09349,47.24049],[-120.09374,47.24058],[-120.09371,47.24098],[-120.09464,47.24239],[-120.09423,47.2426],[-120.09416,47.24317],[-120.0953,47.24482],[-120.09509,47.25469],[-120.09401,47.25861],[-120.09124,47.27344],[-120.0885,47.28057],[-120.08757,47.29511],[-120.08607,47.30148],[-120.08725,47.32067],[-120.08256,47.336],[-120.08649,47.3409],[-120.1003,47.34717],[-120.34084,47.34876],[-120.34125,47.34926],[-120.34039,47.34984],[-120.34008,47.35082],[-120.33834,47.35158],[-120.33829,47.35256],[-120.34003,47.35367],[-120.33889,47.35498],[-120.33885,47.35767],[-120.33823,47.35835],[-120.33244,47.36256],[-120.33138,47.36576],[-120.32947,47.36683],[-120.32937,47.3679],[-120.33018,47.36911],[-120.33175,47.36931],[-120.33709,47.36878],[-120.33934,47.36809],[-120.33973,47.36748],[-120.33806,47.36644],[-120.3381,47.36403],[-120.33878,47.36389],[-120.34264,47.36503],[-120.35408,47.36247],[-120.3562,47.36167],[-120.36232,47.36139],[-120.36348,47.36175],[-120.36356,47.36223],[-120.36036,47.36372],[-120.35795,47.36402],[-120.35578,47.36494],[-120.355,47.36668],[-120.35364,47.36758],[-120.35162,47.36933],[-120.35035,47.36997],[-120.34935,47.37159],[-120.35078,47.37275],[-120.3507,47.37399],[-120.34952,47.37604],[-120.34497,47.37579],[-120.33828,47.37709],[-120.33254,47.37945],[-120.33011,47.38],[-120.3254,47.37966],[-120.32468,47.38213],[-120.32476,47.38445],[-120.32332,47.38685],[-120.32608,47.38725],[-120.3269,47.38673],[-120.3308,47.38613],[-120.33021,47.38513],[-120.3277,47.38288],[-120.32718,47.38203],[-120.3283,47.38137],[-120.33051,47.38233],[-120.33242,47.38274],[-120.33376,47.38245],[-120.33445,47.38124],[-120.33602,47.38059],[-120.33809,47.38206],[-120.33941,47.38228],[-120.34064,47.38187],[-120.34149,47.38097],[-120.34337,47.38075],[-120.34713,47.3816],[-120.35676,47.38002],[-120.36071,47.38012],[-120.35932,47.38098],[-120.35438,47.38275],[-120.35311,47.38436],[-120.35386,47.38601],[-120.35281,47.38653],[-120.34856,47.3862],[-120.34723,47.38755],[-120.34668,47.38911],[-120.34207,47.39031],[-120.3572,47.39165],[-120.35469,47.39343],[-120.35492,47.39495],[-120.35235,47.39601],[-120.34754,47.39453],[-120.34642,47.39473],[-120.34595,47.39518],[-120.34737,47.39625],[-120.34792,47.39719],[-120.34751,47.3988],[-120.34599,47.40032],[-120.34325,47.39973],[-120.34206,47.40141],[-120.34068,47.40145],[-120.34008,47.40211],[-120.34126,47.40242],[-120.34414,47.40248],[-120.34792,47.4023],[-120.35127,47.39947],[-120.3541,47.39833],[-120.35674,47.39852],[-120.36075,47.40026],[-120.36445,47.40015],[-120.3668,47.40183],[-120.36879,47.40136],[-120.37291,47.40237],[-120.37566,47.40198],[-120.37897,47.40331],[-120.38005,47.40247],[-120.37836,47.40053],[-120.3801,47.39878],[-120.38093,47.39866],[-120.3831,47.39989],[-120.38484,47.40057],[-120.38577,47.39982],[-120.38582,47.39837],[-120.38537,47.3972],[-120.38562,47.39574],[-120.39004,47.39636],[-120.39236,47.3974],[-120.39377,47.39734],[-120.4006,47.39454],[-120.40179,47.39295],[-120.4031,47.39271],[-120.40463,47.39106],[-120.4063,47.39113],[-120.40779,47.39171],[-120.40697,47.39501],[-120.39891,47.40032],[-120.40058,47.40303],[-120.40238,47.40354],[-120.40369,47.40498],[-120.40252,47.40501],[-120.40151,47.40582],[-120.40035,47.40545],[-120.39753,47.40352],[-120.39445,47.40371],[-120.38262,47.41296],[-120.3809,47.41279],[-120.38071,47.41381],[-120.37668,47.41379],[-120.37462,47.41482],[-120.36478,47.41436],[-120.3626,47.41476],[-120.36287,47.41689],[-120.36556,47.4186],[-120.36856,47.41882],[-120.37064,47.41959],[-120.37182,47.41933],[-120.37362,47.41768],[-120.3794,47.41754],[-120.38167,47.41872],[-120.38884,47.41684],[-120.39132,47.41455],[-120.39241,47.41397],[-120.39465,47.41375],[-120.39546,47.41409],[-120.39319,47.4162],[-120.39304,47.41733],[-120.39437,47.4194],[-120.39663,47.42069],[-120.39844,47.42053],[-120.40232,47.41845],[-120.40603,47.41779],[-120.40806,47.41806],[-120.41088,47.4178],[-120.41546,47.41597],[-120.41633,47.4172],[-120.41079,47.42045],[-120.40543,47.4217],[-120.4043,47.42437],[-120.40198,47.42413],[-120.399,47.42482],[-120.40019,47.42626],[-120.40541,47.42919],[-120.40884,47.43023],[-120.41295,47.43082],[-120.41307,47.43144],[-120.41154,47.43209],[-120.40495,47.43219],[-120.40339,47.43251],[-120.40001,47.43191],[-120.39501,47.42969],[-120.38589,47.42906],[-120.38394,47.42992],[-120.38258,47.43178],[-120.37825,47.43466],[-120.38004,47.43756],[-120.38378,47.4412],[-120.38308,47.44269],[-120.38392,47.44298],[-120.38665,47.4431],[-120.38884,47.44461],[-120.38722,47.44666],[-120.38722,47.44832],[-120.38641,47.44864],[-120.38639,47.44992],[-120.38862,47.45067],[-120.39044,47.45064],[-120.39067,47.45243],[-120.38938,47.45318],[-120.38928,47.45415],[-120.38967,47.4548],[-120.39082,47.45488],[-120.39234,47.45473],[-120.39329,47.45598],[-120.39452,47.45652],[-120.39548,47.45667],[-120.39711,47.45609],[-120.39844,47.45687],[-120.40373,47.4623],[-120.40803,47.46593],[-120.41094,47.46881],[-120.41213,47.46938],[-120.41298,47.46915],[-120.41296,47.46836],[-120.41135,47.46724],[-120.4101,47.46559],[-120.41009,47.46294],[-120.41192,47.46173],[-120.41147,47.4598],[-120.41263,47.45983],[-120.41498,47.45823],[-120.4188,47.45834],[-120.42086,47.45435],[-120.42248,47.45539],[-120.42339,47.45423],[-120.42476,47.4539],[-120.42462,47.45547],[-120.42376,47.45787],[-120.42452,47.45854],[-120.42556,47.45869],[-120.43258,47.45594],[-120.43291,47.45665],[-120.43291,47.45996],[-120.43173,47.46096],[-120.43139,47.46226],[-120.43169,47.4636],[-120.43343,47.46445],[-120.43359,47.46665],[-120.43712,47.46672],[-120.43934,47.46617],[-120.44082,47.4651],[-120.44158,47.46515],[-120.44147,47.46769],[-120.44062,47.46852],[-120.44108,47.47019],[-120.44026,47.47202],[-120.44396,47.47333],[-120.4454,47.47502],[-120.44674,47.47811],[-120.44903,47.47866],[-120.45166,47.48361],[-120.4541,47.48724],[-120.45546,47.48807],[-120.45481,47.48684],[-120.45553,47.48472],[-120.45538,47.48157],[-120.45756,47.48006],[-120.45751,47.47874],[-120.45584,47.4788],[-120.45525,47.47728],[-120.45332,47.47735],[-120.4517,47.47588],[-120.44977,47.4757],[-120.44996,47.47242],[-120.45465,47.47232],[-120.45722,47.47172],[-120.45821,47.4712],[-120.45811,47.46949],[-120.45638,47.4693],[-120.45607,47.46803],[-120.45596,47.46442],[-120.45563,47.46287],[-120.45345,47.46114],[-120.45159,47.46124],[-120.45041,47.46019],[-120.44786,47.46014],[-120.44709,47.45901],[-120.44775,47.4584],[-120.45128,47.45815],[-120.45227,47.45757],[-120.45256,47.45669],[-120.4505,47.45271],[-120.45124,47.45239],[-120.45192,47.45269],[-120.46155,47.46015],[-120.46473,47.46219],[-120.46706,47.46023],[-120.46739,47.45892],[-120.46626,47.45728],[-120.46342,47.45553],[-120.46282,47.45443],[-120.46211,47.45233],[-120.46298,47.45172],[-120.46597,47.45374],[-120.46774,47.45423],[-120.47039,47.45621],[-120.4724,47.45936],[-120.47203,47.46991],[-120.46944,47.46993],[-120.47089,47.47368],[-120.47402,47.47422],[-120.47466,47.47663],[-120.47304,47.48084],[-120.4735,47.48402],[-120.47434,47.48699],[-120.47542,47.48656],[-120.47642,47.48093],[-120.48032,47.47876],[-120.48283,47.47581],[-120.48262,47.47468],[-120.48104,47.474],[-120.47897,47.47465],[-120.47778,47.47426],[-120.47792,47.47119],[-120.48019,47.46966],[-120.47987,47.46889],[-120.47719,47.46888],[-120.47816,47.46581],[-120.47938,47.46338],[-120.48176,47.46178],[-120.48182,47.45977],[-120.4778,47.45963],[-120.47741,47.45839],[-120.47629,47.44934],[-120.47922,47.44923],[-120.48121,47.44811],[-120.4833,47.4485],[-120.48461,47.4507],[-120.48576,47.45034],[-120.4878,47.44631],[-120.4875,47.4433],[-120.48405,47.44275],[-120.48399,47.44213],[-120.49108,47.43911],[-120.48975,47.43777],[-120.48421,47.43864],[-120.48372,47.43797],[-120.48588,47.43598],[-120.48689,47.4343],[-120.48377,47.4338],[-120.48339,47.43313],[-120.48692,47.43081],[-120.48748,47.4297],[-120.48682,47.42869],[-120.48545,47.42799],[-120.48244,47.42863],[-120.48196,47.42797],[-120.48228,47.42661],[-120.48573,47.42541],[-120.48582,47.42456],[-120.48473,47.42363],[-120.48426,47.42201],[-120.48432,47.42018],[-120.48543,47.41973],[-120.48748,47.42237],[-120.48949,47.42261],[-120.49001,47.4258],[-120.49208,47.42633],[-120.49231,47.42772],[-120.49499,47.42882],[-120.49372,47.4309],[-120.49446,47.43362],[-120.49616,47.43372],[-120.4988,47.43078],[-120.50058,47.43074],[-120.50111,47.42952],[-120.50045,47.4259],[-120.50259,47.42533],[-120.50262,47.42285],[-120.50368,47.42178],[-120.504,47.42003],[-120.50582,47.41814],[-120.50482,47.41706],[-120.50151,47.4158],[-120.50481,47.41386],[-120.50473,47.4127],[-120.50228,47.41177],[-120.50435,47.41063],[-120.50411,47.40948],[-120.50196,47.40733],[-120.49934,47.40838],[-120.49749,47.40788],[-120.50028,47.40624],[-120.49971,47.40558],[-120.49815,47.40558],[-120.49716,47.40609],[-120.49493,47.40416],[-120.49792,47.40294],[-120.49767,47.40071],[-120.49642,47.39748],[-120.49454,47.39568],[-120.49039,47.39621],[-120.49301,47.39316],[-120.48966,47.39265],[-120.4918,47.39141],[-120.49132,47.38841],[-120.48975,47.38753],[-120.48663,47.38408],[-120.48376,47.38207],[-120.47993,47.38163],[-120.4797,47.37914],[-120.48299,47.37835],[-120.4918,47.38606],[-120.4985,47.39276],[-120.49983,47.3931],[-120.50073,47.39091],[-120.5032,47.39017],[-120.51274,47.38558],[-120.51348,47.38493],[-120.51383,47.38155],[-120.51521,47.3816],[-120.51579,47.38242],[-120.51561,47.38476],[-120.51669,47.38733],[-120.51337,47.38748],[-120.51168,47.38823],[-120.50498,47.39256],[-120.50132,47.39558],[-120.50173,47.39734],[-120.50324,47.39824],[-120.50329,47.39954],[-120.50398,47.40042],[-120.50375,47.40204],[-120.50837,47.40422],[-120.50914,47.40501],[-120.51082,47.40547],[-120.51294,47.40541],[-120.51284,47.40636],[-120.51179,47.40826],[-120.51399,47.4087],[-120.51215,47.4101],[-120.51191,47.41118],[-120.51502,47.4104],[-120.51302,47.42558],[-120.51393,47.42881],[-120.51935,47.43132],[-120.52266,47.42947],[-120.52271,47.42427],[-120.527,47.42151],[-120.5285,47.4212],[-120.52699,47.42441],[-120.52676,47.42663],[-120.52741,47.42738],[-120.52897,47.42712],[-120.53725,47.42418],[-120.53724,47.42488],[-120.53508,47.42808],[-120.53344,47.42952],[-120.53372,47.43028],[-120.53733,47.43138],[-120.54026,47.43133],[-120.54241,47.42969],[-120.5465,47.42458],[-120.55057,47.42098],[-120.55185,47.42134],[-120.54735,47.42711],[-120.54735,47.42825],[-120.54867,47.42924],[-120.54719,47.43026],[-120.54492,47.43311],[-120.55435,47.43462],[-120.55568,47.43523],[-120.55413,47.437],[-120.5565,47.43933],[-120.55977,47.44175],[-120.55783,47.44178],[-120.54886,47.43647],[-120.54391,47.43626],[-120.54054,47.43703],[-120.54293,47.43998],[-120.54606,47.44501],[-120.54631,47.4465],[-120.54105,47.44291],[-120.54056,47.44149],[-120.53932,47.44053],[-120.53765,47.44102],[-120.5365,47.44029],[-120.53629,47.43822],[-120.5338,47.43677],[-120.5316,47.43649],[-120.52971,47.43777],[-120.5257,47.43766],[-120.52543,47.43853],[-120.52829,47.44222],[-120.53231,47.44458],[-120.53281,47.44644],[-120.53246,47.44853],[-120.53401,47.44961],[-120.53396,47.45049],[-120.53828,47.45189],[-120.53912,47.45389],[-120.5419,47.45631],[-120.54306,47.45766],[-120.54201,47.45906],[-120.53914,47.45703],[-120.53703,47.45673],[-120.53713,47.45508],[-120.53595,47.45396],[-120.53101,47.45256],[-120.53111,47.45071],[-120.529,47.45055],[-120.52768,47.44837],[-120.5254,47.44809],[-120.52508,47.44661],[-120.52338,47.44568],[-120.52239,47.44459],[-120.51977,47.43988],[-120.51719,47.43673],[-120.51635,47.43815],[-120.51325,47.43815],[-120.51216,47.43636],[-120.51052,47.4361],[-120.50984,47.43464],[-120.50808,47.43653],[-120.50552,47.43666],[-120.50336,47.4381],[-120.50342,47.44002],[-120.50718,47.44101],[-120.51081,47.44333],[-120.51102,47.44477],[-120.51016,47.44553],[-120.50896,47.44584],[-120.50547,47.44532],[-120.50193,47.44864],[-120.50211,47.44961],[-120.50429,47.45076],[-120.50526,47.45263],[-120.50494,47.45477],[-120.50018,47.45479],[-120.49901,47.46508],[-120.50282,47.46192],[-120.5054,47.4592],[-120.50676,47.45603],[-120.50849,47.4542],[-120.50936,47.45641],[-120.51137,47.4575],[-120.51475,47.45771],[-120.51446,47.45882],[-120.5122,47.46081],[-120.5102,47.4612],[-120.51005,47.46253],[-120.51442,47.46318],[-120.51437,47.46385],[-120.51067,47.466],[-120.51061,47.46677],[-120.51276,47.46773],[-120.51133,47.46919],[-120.50833,47.47002],[-120.50739,47.47075],[-120.50755,47.47151],[-120.51403,47.47068],[-120.51627,47.47145],[-120.5133,47.47296],[-120.51062,47.47584],[-120.51038,47.47651],[-120.51152,47.47719],[-120.51132,47.4788],[-120.50992,47.47934],[-120.5096,47.48031],[-120.50396,47.48251],[-120.50405,47.48341],[-120.50938,47.48164],[-120.51383,47.48178],[-120.52321,47.48157],[-120.52646,47.4809],[-120.52899,47.47914],[-120.53111,47.48124],[-120.53965,47.4813],[-120.53416,47.48318],[-120.52895,47.48281],[-120.52262,47.48491],[-120.52045,47.4865],[-120.5136,47.48865],[-120.5153,47.49098],[-120.51407,47.49146],[-120.50762,47.49125],[-120.50782,47.49335],[-120.5035,47.49323],[-120.50043,47.49502],[-120.50352,47.49713],[-120.50955,47.49895],[-120.50653,47.49956],[-120.50228,47.50152],[-120.50355,47.50302],[-120.50656,47.5045],[-120.51568,47.50623],[-120.5173,47.50691],[-120.52088,47.50968],[-120.52118,47.51119],[-120.52121,47.52642],[-120.51925,47.57047],[-120.51314,47.57438],[-120.51014,47.57759],[-120.50488,47.57996],[-120.50037,47.58099],[-120.49967,47.58058],[-120.49974,47.58008],[-120.50436,47.57712],[-120.50795,47.57429],[-120.51412,47.56486],[-120.51489,47.55982],[-120.5167,47.55712],[-120.51647,47.55625],[-120.51558,47.55652],[-120.51256,47.56081],[-120.50936,47.56107],[-120.50696,47.56184],[-120.50681,47.5607],[-120.50837,47.55983],[-120.50875,47.55839],[-120.50691,47.55839],[-120.50436,47.55916],[-120.50329,47.55826],[-120.50056,47.55882],[-120.50077,47.55776],[-120.5029,47.55589],[-120.50364,47.5545],[-120.50488,47.55384],[-120.50505,47.55261],[-120.50567,47.55151],[-120.5049,47.55116],[-120.50489,47.54962],[-120.5037,47.54943],[-120.5032,47.55014],[-120.50146,47.55015],[-120.50068,47.55105],[-120.4991,47.55046],[-120.4976,47.55085],[-120.49574,47.55208],[-120.49485,47.55143],[-120.49484,47.54974],[-120.49309,47.5491],[-120.49238,47.54779],[-120.49379,47.54668],[-120.49374,47.54606],[-120.49323,47.54576],[-120.4887,47.54589],[-120.48686,47.54688],[-120.4857,47.54848],[-120.4835,47.5497],[-120.48227,47.55104],[-120.48161,47.55271],[-120.47662,47.55599],[-120.47572,47.55565],[-120.47648,47.55422],[-120.47775,47.55265],[-120.47809,47.55077],[-120.47717,47.54919],[-120.47705,47.54716],[-120.47959,47.54459],[-120.47975,47.54372],[-120.47928,47.54279],[-120.47696,47.54253],[-120.4742,47.54359],[-120.474,47.5449],[-120.47318,47.54478],[-120.47134,47.54388],[-120.46906,47.54321],[-120.47101,47.54154],[-120.47354,47.53886],[-120.47387,47.53729],[-120.4756,47.53663],[-120.47593,47.53597],[-120.47561,47.53539],[-120.47379,47.53541],[-120.47297,47.53476],[-120.47196,47.53494],[-120.4703,47.53623],[-120.46714,47.53593],[-120.46732,47.53444],[-120.46665,47.53354],[-120.46558,47.53332],[-120.46431,47.53391],[-120.46337,47.53329],[-120.46177,47.53363],[-120.46096,47.53441],[-120.46151,47.53541],[-120.46045,47.53601],[-120.46052,47.53725],[-120.45878,47.53903],[-120.45716,47.53855],[-120.45511,47.53968],[-120.45506,47.5418],[-120.45297,47.54483],[-120.45042,47.54719],[-120.44905,47.54871],[-120.44743,47.54858],[-120.4479,47.55067],[-120.44595,47.5551],[-120.43689,47.56125],[-120.43585,47.56113],[-120.43509,47.56229],[-120.43387,47.56511],[-120.43484,47.56638],[-120.43235,47.56768],[-120.43035,47.56575],[-120.42874,47.5653],[-120.42481,47.56647],[-120.42215,47.5681],[-120.41964,47.57344],[-120.41692,47.57283],[-120.41675,47.57139],[-120.41614,47.57069],[-120.41645,47.56848],[-120.41697,47.56626],[-120.41802,47.56508],[-120.41767,47.56356],[-120.41688,47.563],[-120.4118,47.56227],[-120.41278,47.56091],[-120.41108,47.56018],[-120.41023,47.55913],[-120.4084,47.55867],[-120.40909,47.55812],[-120.41081,47.55821],[-120.41182,47.55715],[-120.41475,47.55736],[-120.41627,47.55681],[-120.41829,47.55718],[-120.41958,47.55502],[-120.42211,47.55662],[-120.42446,47.55635],[-120.43001,47.55467],[-120.42979,47.55378],[-120.42873,47.5524],[-120.42991,47.55107],[-120.42953,47.54961],[-120.42757,47.54812],[-120.4246,47.54687],[-120.425,47.54435],[-120.42445,47.5435],[-120.42143,47.5427],[-120.4217,47.54212],[-120.42825,47.54018],[-120.43077,47.54025],[-120.43227,47.53911],[-120.43242,47.53697],[-120.43438,47.53585],[-120.43441,47.53514],[-120.4328,47.53518],[-120.42808,47.53731],[-120.4157,47.53886],[-120.40741,47.54055],[-120.40515,47.53967],[-120.40784,47.53824],[-120.41115,47.53515],[-120.41304,47.53173],[-120.41454,47.53128],[-120.41514,47.52993],[-120.41697,47.52959],[-120.41659,47.5288],[-120.41428,47.5284],[-120.41261,47.5271],[-120.40939,47.52721],[-120.40752,47.52791],[-120.40563,47.52643],[-120.40298,47.52595],[-120.40088,47.52699],[-120.4007,47.52628],[-120.40329,47.52352],[-120.40368,47.52218],[-120.40271,47.5205],[-120.40456,47.51976],[-120.40483,47.51896],[-120.40386,47.51761],[-120.405,47.51673],[-120.40545,47.51473],[-120.40513,47.51312],[-120.40544,47.51128],[-120.40795,47.51001],[-120.40746,47.50923],[-120.40579,47.50896],[-120.38554,47.50925],[-120.38379,47.50805],[-120.38314,47.50864],[-120.38304,47.51054],[-120.38225,47.51164],[-120.38239,47.51371],[-120.382,47.51413],[-120.38124,47.51374],[-120.38061,47.51197],[-120.37848,47.51079],[-120.37778,47.51112],[-120.37821,47.51237],[-120.37846,47.51614],[-120.37791,47.51853],[-120.37949,47.52095],[-120.38077,47.52225],[-120.38132,47.52481],[-120.38381,47.52746],[-120.38382,47.52981],[-120.38236,47.52891],[-120.38207,47.52788],[-120.3801,47.52649],[-120.3783,47.52622],[-120.37613,47.52393],[-120.37244,47.51858],[-120.36915,47.52007],[-120.36879,47.51963],[-120.36972,47.51685],[-120.36861,47.5157],[-120.36604,47.51499],[-120.36337,47.51528],[-120.3587,47.51441],[-120.35933,47.51375],[-120.36553,47.51184],[-120.3675,47.5106],[-120.36718,47.51001],[-120.36602,47.50945],[-120.35946,47.50963],[-120.35966,47.50742],[-120.35813,47.50659],[-120.35532,47.50652],[-120.35421,47.50554],[-120.35294,47.50548],[-120.35237,47.50594],[-120.35245,47.50712],[-120.35019,47.50599],[-120.34691,47.50611],[-120.34686,47.50691],[-120.34545,47.50671],[-120.34252,47.50353],[-120.34152,47.50371],[-120.34295,47.5068],[-120.34231,47.50779],[-120.34052,47.50604],[-120.33915,47.50536],[-120.33747,47.50526],[-120.3372,47.50389],[-120.33573,47.50306],[-120.33564,47.50145],[-120.33452,47.50124],[-120.33148,47.50304],[-120.32878,47.50188],[-120.32842,47.5028],[-120.32855,47.50642],[-120.32943,47.50842],[-120.32873,47.50918],[-120.32755,47.50956],[-120.3237,47.50874],[-120.32151,47.50912],[-120.32203,47.50982],[-120.32533,47.51165],[-120.32878,47.51306],[-120.33072,47.51486],[-120.33569,47.51704],[-120.3386,47.51946],[-120.33918,47.52045],[-120.33647,47.52097],[-120.32859,47.51846],[-120.3279,47.51854],[-120.32772,47.5197],[-120.32909,47.52265],[-120.32834,47.52303],[-120.32582,47.52303],[-120.32428,47.52111],[-120.3224,47.52117],[-120.32159,47.52224],[-120.31992,47.52173],[-120.31737,47.52174],[-120.3156,47.52055],[-120.31295,47.52057],[-120.31265,47.52163],[-120.31742,47.52506],[-120.31758,47.52579],[-120.31692,47.52602],[-120.31215,47.52657],[-120.30937,47.52742],[-120.30979,47.52812],[-120.31108,47.52844],[-120.31503,47.52889],[-120.31777,47.52967],[-120.31535,47.53105],[-120.31505,47.5317],[-120.31837,47.53187],[-120.32131,47.53291],[-120.3234,47.53299],[-120.3265,47.53464],[-120.3272,47.53614],[-120.32912,47.5386],[-120.32767,47.53875],[-120.32436,47.53707],[-120.31784,47.53703],[-120.31756,47.53757],[-120.32085,47.54006],[-120.32254,47.54045],[-120.32213,47.54154],[-120.31962,47.54172],[-120.31951,47.54267],[-120.32097,47.54384],[-120.31998,47.5443],[-120.31821,47.54385],[-120.31643,47.54306],[-120.31541,47.54333],[-120.31472,47.54458],[-120.31177,47.54089],[-120.30909,47.54082],[-120.30581,47.53779],[-120.30492,47.54329],[-120.30267,47.54419],[-120.30241,47.54464],[-120.3035,47.54551],[-120.30778,47.54694],[-120.31223,47.5501],[-120.31779,47.55338],[-120.32355,47.55502],[-120.3255,47.55669],[-120.32903,47.55751],[-120.33029,47.55797],[-120.33153,47.5592],[-120.33289,47.5597],[-120.33587,47.55982],[-120.33708,47.56054],[-120.33706,47.56317],[-120.33882,47.56344],[-120.34097,47.56309],[-120.34401,47.56216],[-120.34441,47.56283],[-120.34209,47.56647],[-120.34341,47.56675],[-120.34517,47.56636],[-120.34596,47.56753],[-120.34454,47.56875],[-120.34434,47.57013],[-120.34541,47.5708],[-120.35104,47.57119],[-120.35259,47.57241],[-120.34844,47.57385],[-120.36013,47.57611],[-120.36216,47.57831],[-120.36305,47.58144],[-120.36274,47.58268],[-120.35863,47.5815],[-120.35741,47.58222],[-120.35639,47.58387],[-120.35573,47.58359],[-120.35574,47.58057],[-120.35531,47.57936],[-120.35384,47.5787],[-120.35043,47.57863],[-120.34726,47.57956],[-120.34637,47.57934],[-120.34603,47.57856],[-120.3406,47.5759],[-120.33771,47.5768],[-120.33684,47.57674],[-120.33687,47.57474],[-120.33548,47.57397],[-120.33438,47.57396],[-120.33465,47.57177],[-120.33219,47.57009],[-120.32994,47.5714],[-120.32786,47.57159],[-120.32696,47.57221],[-120.32632,47.57213],[-120.32689,47.56822],[-120.32629,47.56678],[-120.32544,47.56608],[-120.32293,47.56549],[-120.32147,47.56466],[-120.31923,47.56522],[-120.31826,47.56441],[-120.31418,47.56339],[-120.31053,47.56144],[-120.30908,47.56143],[-120.30833,47.56321],[-120.30726,47.56378],[-120.30667,47.56375],[-120.3058,47.56226],[-120.30468,47.56185],[-120.30278,47.55939],[-120.30236,47.55768],[-120.30108,47.55755],[-120.29994,47.5582],[-120.29741,47.55756],[-120.29644,47.55573],[-120.29566,47.55587],[-120.29478,47.55662],[-120.29353,47.5559],[-120.29242,47.55613],[-120.29117,47.55759],[-120.29218,47.5592],[-120.29084,47.55964],[-120.29041,47.56007],[-120.29253,47.56207],[-120.2943,47.56313],[-120.29458,47.56475],[-120.2965,47.56595],[-120.2949,47.56698],[-120.29492,47.56839],[-120.29219,47.56731],[-120.29006,47.56536],[-120.28828,47.56495],[-120.28833,47.5656],[-120.28937,47.56651],[-120.29013,47.56793],[-120.2928,47.56897],[-120.29534,47.57123],[-120.28911,47.57093],[-120.28864,47.57197],[-120.2857,47.57244],[-120.28532,47.57283],[-120.28745,47.57452],[-120.28679,47.57582],[-120.28304,47.57613],[-120.28277,47.57692],[-120.28423,47.57883],[-120.28209,47.57941],[-120.28163,47.5802],[-120.2824,47.58073],[-120.28487,47.58131],[-120.2839,47.58266],[-120.28401,47.58376],[-120.28555,47.58462],[-120.28976,47.58526],[-120.28986,47.5861],[-120.29242,47.58639],[-120.29508,47.58751],[-120.297,47.58867],[-120.29873,47.59052],[-120.29691,47.59062],[-120.29385,47.589],[-120.29094,47.58876],[-120.28937,47.58968],[-120.28792,47.58971],[-120.28822,47.59253],[-120.28811,47.59469],[-120.28706,47.59611],[-120.2851,47.59496],[-120.28376,47.59323],[-120.2821,47.59334],[-120.28003,47.59157],[-120.28037,47.58987],[-120.27996,47.58894],[-120.2771,47.58876],[-120.27634,47.58817],[-120.27542,47.58679],[-120.2727,47.58591],[-120.27213,47.58378],[-120.27097,47.58262],[-120.26984,47.58212],[-120.26731,47.58268],[-120.26685,47.58319],[-120.2673,47.58414],[-120.26614,47.58473],[-120.26643,47.58627],[-120.26382,47.58695],[-120.26532,47.58919],[-120.26353,47.59009],[-120.26124,47.58921],[-120.26052,47.58941],[-120.26036,47.59033],[-120.26141,47.59103],[-120.26228,47.59229],[-120.26257,47.59399],[-120.25644,47.59414],[-120.25432,47.59596],[-120.25404,47.59812],[-120.25139,47.6027],[-120.25202,47.60362],[-120.25158,47.60522],[-120.25086,47.60575],[-120.24931,47.60584],[-120.24806,47.60655],[-120.2469,47.6089],[-120.24713,47.61079],[-120.24835,47.61476],[-120.24818,47.61786],[-120.24897,47.61779],[-120.2496,47.61929],[-120.25053,47.61978],[-120.25278,47.61947],[-120.25604,47.61835],[-120.26028,47.61785],[-120.27607,47.61703],[-120.27639,47.61862],[-120.27743,47.61926],[-120.28173,47.62017],[-120.2802,47.6217],[-120.27624,47.62169],[-120.27371,47.62112],[-120.27209,47.62159],[-120.27106,47.62235],[-120.26899,47.6225],[-120.26821,47.62301],[-120.26626,47.62318],[-120.26564,47.62371],[-120.26616,47.62414],[-120.27048,47.62581],[-120.27041,47.6263],[-120.26944,47.62682],[-120.2689,47.62771],[-120.27099,47.62813],[-120.27098,47.62861],[-120.26986,47.62893],[-120.26774,47.62873],[-120.2657,47.62901],[-120.26185,47.62821],[-120.25726,47.62998],[-120.25711,47.63173],[-120.2544,47.63195],[-120.25184,47.63334],[-120.24803,47.63302],[-120.24781,47.6363],[-120.24601,47.63748],[-120.24448,47.63917],[-120.2416,47.64685],[-120.24112,47.64921],[-120.24128,47.65035],[-120.24219,47.65109],[-120.24396,47.65047],[-120.24487,47.64826],[-120.2479,47.64795],[-120.24868,47.64679],[-120.25064,47.64849],[-120.25061,47.65003],[-120.25175,47.6503],[-120.25201,47.65149],[-120.25373,47.65153],[-120.25445,47.6522],[-120.25511,47.65331],[-120.25821,47.65422],[-120.25995,47.65542],[-120.26235,47.65584],[-120.26074,47.65419],[-120.26124,47.65261],[-120.26026,47.65162],[-120.25959,47.65035],[-120.25807,47.64892],[-120.25884,47.64772],[-120.25888,47.64657],[-120.25801,47.64548],[-120.25649,47.64495],[-120.25798,47.64451],[-120.25914,47.64391],[-120.25976,47.64285],[-120.25929,47.64177],[-120.25867,47.64099],[-120.26098,47.63928],[-120.26272,47.64024],[-120.26468,47.64086],[-120.26781,47.64084],[-120.26683,47.64189],[-120.26656,47.64317],[-120.26492,47.64411],[-120.26496,47.64485],[-120.26808,47.64598],[-120.26815,47.64744],[-120.27125,47.64789],[-120.27324,47.64726],[-120.27392,47.64728],[-120.27466,47.64851],[-120.27478,47.64984],[-120.27345,47.65174],[-120.27787,47.65183],[-120.2788,47.65133],[-120.27949,47.64977],[-120.28075,47.64881],[-120.28393,47.65026],[-120.28347,47.65329],[-120.28511,47.65453],[-120.2852,47.65598],[-120.28409,47.65698],[-120.2829,47.65749],[-120.27889,47.65825],[-120.27914,47.65903],[-120.28265,47.65914],[-120.28741,47.65609],[-120.28854,47.65418],[-120.29206,47.65395],[-120.29502,47.65126],[-120.29707,47.65017],[-120.29831,47.64847],[-120.30047,47.6482],[-120.30104,47.64766],[-120.3008,47.64685],[-120.29854,47.64651],[-120.29533,47.64716],[-120.29631,47.64246],[-120.2951,47.64057],[-120.29655,47.63977],[-120.29852,47.64221],[-120.30159,47.64404],[-120.30698,47.64422],[-120.31139,47.6412],[-120.31193,47.63972],[-120.31431,47.63698],[-120.31444,47.6322],[-120.31552,47.63174],[-120.31894,47.63683],[-120.31969,47.63897],[-120.31863,47.6415],[-120.31988,47.64369],[-120.32509,47.64704],[-120.32267,47.64745],[-120.31847,47.64682],[-120.31523,47.64693],[-120.31344,47.64793],[-120.3123,47.64902],[-120.31198,47.64978],[-120.31394,47.65109],[-120.3126,47.65226],[-120.32117,47.65423],[-120.32397,47.6552],[-120.32322,47.65548],[-120.31741,47.65632],[-120.31351,47.65597],[-120.31342,47.65764],[-120.31152,47.65811],[-120.31044,47.65913],[-120.3096,47.6608],[-120.30693,47.66137],[-120.30643,47.66198],[-120.30807,47.66271],[-120.31243,47.66387],[-120.31308,47.66526],[-120.31406,47.66528],[-120.31522,47.66478],[-120.31787,47.66544],[-120.31828,47.66636],[-120.31981,47.66652],[-120.32467,47.66594],[-120.32625,47.66509],[-120.32743,47.66509],[-120.32739,47.66795],[-120.32848,47.66916],[-120.33215,47.67046],[-120.33276,47.67122],[-120.33177,47.67204],[-120.3277,47.67203],[-120.32529,47.67141],[-120.32158,47.67222],[-120.31968,47.67319],[-120.31975,47.67451],[-120.32072,47.67516],[-120.32345,47.67462],[-120.32497,47.67521],[-120.32336,47.67654],[-120.32326,47.67911],[-120.3244,47.6794],[-120.32643,47.67904],[-120.32714,47.67975],[-120.32628,47.68196],[-120.3264,47.68281],[-120.32711,47.68295],[-120.32888,47.68221],[-120.33044,47.68283],[-120.33504,47.68234],[-120.33588,47.68366],[-120.33725,47.6838],[-120.33883,47.68342],[-120.34013,47.68269],[-120.34191,47.68291],[-120.34278,47.68252],[-120.34287,47.68183],[-120.34531,47.68163],[-120.34662,47.68285],[-120.35064,47.68239],[-120.35439,47.67971],[-120.35738,47.68111],[-120.35841,47.681],[-120.35916,47.67963],[-120.35943,47.67815],[-120.36327,47.67902],[-120.36481,47.67876],[-120.36531,47.67804],[-120.36771,47.67657],[-120.37338,47.67541],[-120.37975,47.67246],[-120.39698,47.67295],[-120.40338,47.67168],[-120.40347,47.67319],[-120.39739,47.67461],[-120.39268,47.67528],[-120.38761,47.67502],[-120.37988,47.67656],[-120.37521,47.67861],[-120.375,47.68027],[-120.37242,47.68047],[-120.36718,47.6833],[-120.3599,47.68595],[-120.35602,47.68822],[-120.35702,47.68938],[-120.35642,47.69074],[-120.3541,47.69186],[-120.35296,47.69192],[-120.3521,47.69133],[-120.34877,47.69177],[-120.34724,47.69086],[-120.34594,47.69093],[-120.34346,47.69031],[-120.34114,47.69157],[-120.34022,47.69268],[-120.33754,47.69292],[-120.33447,47.69177],[-120.3332,47.69222],[-120.33338,47.69288],[-120.33499,47.69404],[-120.33736,47.69782],[-120.33495,47.69907],[-120.33963,47.70113],[-120.34039,47.70259],[-120.34148,47.70308],[-120.34295,47.70304],[-120.34589,47.70199],[-120.34565,47.70331],[-120.34623,47.70448],[-120.34273,47.7055],[-120.341,47.7069],[-120.34073,47.7077],[-120.34248,47.70874],[-120.34277,47.71046],[-120.34209,47.71179],[-120.34386,47.71251],[-120.34946,47.71738],[-120.34902,47.71997],[-120.35234,47.72124],[-120.3538,47.72075],[-120.35602,47.72145],[-120.35653,47.72262],[-120.35787,47.7232],[-120.35842,47.72461],[-120.3597,47.72456],[-120.36285,47.72249],[-120.36374,47.72279],[-120.36406,47.72484],[-120.36575,47.72478],[-120.3673,47.72317],[-120.37075,47.72189],[-120.37154,47.72224],[-120.36847,47.72511],[-120.36818,47.72742],[-120.36911,47.72874],[-120.37042,47.72973],[-120.37233,47.73052],[-120.37452,47.72842],[-120.37682,47.7283],[-120.38255,47.72663],[-120.38326,47.72771],[-120.37783,47.73352],[-120.38065,47.73369],[-120.38492,47.73601],[-120.37746,47.77721],[-120.37595,47.7759],[-120.3728,47.7759],[-120.37084,47.77457],[-120.3694,47.77432],[-120.3679,47.77468],[-120.36665,47.77395],[-120.36908,47.77181],[-120.36753,47.77137],[-120.3656,47.77182],[-120.36607,47.77077],[-120.36449,47.77049],[-120.36273,47.77177],[-120.36146,47.77182],[-120.35782,47.77145],[-120.35845,47.77094],[-120.35778,47.77006],[-120.35824,47.76844],[-120.35981,47.76839],[-120.36086,47.76787],[-120.36063,47.76701],[-120.35925,47.76663],[-120.35942,47.76479],[-120.35628,47.76505],[-120.35666,47.76323],[-120.3558,47.76271],[-120.35875,47.76065],[-120.35852,47.75963],[-120.35732,47.75898],[-120.35828,47.75754],[-120.35678,47.75605],[-120.35707,47.7555],[-120.35838,47.75517],[-120.35883,47.75413],[-120.3548,47.75419],[-120.35455,47.75656],[-120.35184,47.75714],[-120.34964,47.75667],[-120.34576,47.75817],[-120.34667,47.76002],[-120.34432,47.76097],[-120.34388,47.76314],[-120.34606,47.7642],[-120.34225,47.76459],[-120.34265,47.76613],[-120.3422,47.76703],[-120.34233,47.7683],[-120.34382,47.76931],[-120.34321,47.77062],[-120.34306,47.77173],[-120.34343,47.77194],[-120.3425,47.77263],[-120.34182,47.7755],[-120.3421,47.77763],[-120.34308,47.77852],[-120.34084,47.77949],[-120.34012,47.78114],[-120.33923,47.78162],[-120.33897,47.78132],[-120.33986,47.77886],[-120.33957,47.7783],[-120.339,47.77791],[-120.33742,47.77886],[-120.33335,47.77899],[-120.33205,47.77951],[-120.3244,47.78094],[-120.31898,47.78147],[-120.31621,47.7824],[-120.3137,47.78155],[-120.3101,47.78121],[-120.30867,47.77983],[-120.30887,47.77914],[-120.31017,47.77882],[-120.31458,47.77874],[-120.31885,47.77944],[-120.3207,47.77824],[-120.32129,47.77704],[-120.32373,47.77723],[-120.32727,47.7761],[-120.33109,47.77549],[-120.3358,47.77518],[-120.3371,47.77426],[-120.3377,47.77211],[-120.33684,47.76982],[-120.33601,47.76937],[-120.33708,47.76861],[-120.33595,47.76777],[-120.33735,47.76675],[-120.33037,47.76522],[-120.32848,47.76601],[-120.32703,47.76606],[-120.32104,47.76555],[-120.31893,47.76469],[-120.31759,47.76352],[-120.32047,47.76378],[-120.33065,47.76246],[-120.33234,47.76237],[-120.33412,47.76296],[-120.33573,47.76306],[-120.33704,47.76266],[-120.33838,47.76198],[-120.33878,47.75998],[-120.33955,47.75891],[-120.33797,47.75756],[-120.33969,47.75745],[-120.34138,47.75676],[-120.3407,47.75624],[-120.34077,47.75531],[-120.34286,47.75478],[-120.3437,47.75352],[-120.34764,47.75201],[-120.35014,47.74988],[-120.35179,47.74916],[-120.35729,47.74816],[-120.35877,47.74764],[-120.35199,47.74762],[-120.35173,47.74707],[-120.35203,47.74605],[-120.35208,47.74485],[-120.35622,47.74319],[-120.35601,47.74221],[-120.35236,47.74209],[-120.35253,47.74058],[-120.3496,47.74065],[-120.34951,47.73995],[-120.35142,47.73843],[-120.35509,47.73697],[-120.3556,47.73647],[-120.35524,47.73598],[-120.34729,47.73407],[-120.34722,47.73252],[-120.34679,47.73222],[-120.34508,47.73328],[-120.3424,47.73255],[-120.34119,47.73252],[-120.34144,47.73389],[-120.34058,47.73452],[-120.34055,47.73516],[-120.33967,47.73543],[-120.33934,47.73623],[-120.33837,47.73668],[-120.33747,47.7377],[-120.33644,47.73593],[-120.33413,47.73644],[-120.33346,47.73863],[-120.33163,47.73936],[-120.33066,47.73735],[-120.3293,47.73684],[-120.32908,47.73804],[-120.32702,47.73828],[-120.32651,47.73908],[-120.3254,47.73672],[-120.32289,47.73671],[-120.32097,47.73788],[-120.32046,47.73786],[-120.31985,47.73731],[-120.31798,47.73762],[-120.31539,47.73711],[-120.31594,47.7366],[-120.32056,47.73586],[-120.32823,47.73325],[-120.32983,47.73216],[-120.32973,47.73157],[-120.32824,47.73035],[-120.33386,47.73001],[-120.33468,47.72915],[-120.33428,47.72785],[-120.33217,47.72645],[-120.33152,47.72537],[-120.33208,47.7247],[-120.33571,47.72327],[-120.33588,47.72216],[-120.3354,47.72189],[-120.33265,47.72281],[-120.33241,47.72144],[-120.33151,47.72126],[-120.32948,47.72312],[-120.32834,47.72323],[-120.32771,47.7236],[-120.32735,47.72455],[-120.32572,47.72428],[-120.32365,47.72542],[-120.3217,47.72413],[-120.32043,47.72418],[-120.32142,47.72263],[-120.32053,47.72135],[-120.32264,47.72077],[-120.32283,47.71996],[-120.32156,47.71894],[-120.32154,47.71769],[-120.31911,47.71804],[-120.31801,47.71849],[-120.31759,47.71921],[-120.31577,47.71932],[-120.31555,47.71814],[-120.3145,47.71814],[-120.31368,47.71885],[-120.31329,47.72043],[-120.30756,47.72212],[-120.30797,47.71934],[-120.3088,47.71855],[-120.3087,47.71757],[-120.3079,47.7169],[-120.30589,47.71775],[-120.30533,47.71858],[-120.30294,47.71954],[-120.30177,47.71881],[-120.29975,47.71888],[-120.29887,47.72228],[-120.29771,47.72212],[-120.29754,47.71847],[-120.29068,47.72176],[-120.28585,47.72866],[-120.2839,47.73179],[-120.28126,47.73122],[-120.27986,47.73047],[-120.27712,47.72813],[-120.2793,47.72676],[-120.28238,47.72409],[-120.28423,47.72047],[-120.2859,47.72043],[-120.28669,47.71896],[-120.28566,47.71776],[-120.28413,47.71714],[-120.27667,47.71649],[-120.27712,47.71413],[-120.27791,47.71363],[-120.28013,47.71339],[-120.27941,47.71085],[-120.28101,47.71044],[-120.28199,47.71166],[-120.28256,47.71314],[-120.28772,47.71312],[-120.28813,47.71053],[-120.28883,47.70997],[-120.28979,47.71074],[-120.28989,47.71404],[-120.29149,47.71453],[-120.29334,47.71419],[-120.29701,47.71237],[-120.29832,47.7127],[-120.29961,47.71255],[-120.30027,47.71206],[-120.30217,47.71222],[-120.30945,47.70957],[-120.31307,47.70922],[-120.31379,47.70878],[-120.31422,47.7082],[-120.31379,47.70759],[-120.31257,47.70711],[-120.31052,47.70805],[-120.30861,47.70759],[-120.30657,47.70767],[-120.30579,47.70589],[-120.30513,47.70494],[-120.30719,47.70436],[-120.30777,47.70369],[-120.30637,47.70218],[-120.31119,47.70015],[-120.31127,47.69958],[-120.30957,47.69904],[-120.30981,47.69706],[-120.3091,47.69632],[-120.30741,47.69624],[-120.30596,47.69673],[-120.30423,47.69585],[-120.30214,47.69589],[-120.30303,47.69371],[-120.3034,47.69146],[-120.30403,47.69072],[-120.30419,47.68851],[-120.30156,47.68595],[-120.30014,47.6859],[-120.29998,47.68713],[-120.29846,47.68761],[-120.29798,47.68863],[-120.2962,47.69016],[-120.29547,47.68986],[-120.29597,47.68797],[-120.29465,47.68684],[-120.29587,47.68588],[-120.29545,47.6845],[-120.29248,47.6848],[-120.29154,47.68354],[-120.29003,47.68354],[-120.28867,47.68565],[-120.28739,47.68605],[-120.28574,47.6878],[-120.28497,47.68775],[-120.2851,47.68328],[-120.28672,47.67991],[-120.28943,47.6777],[-120.28931,47.67696],[-120.28384,47.67709],[-120.28167,47.67775],[-120.27515,47.67836],[-120.27271,47.67911],[-120.26842,47.67714],[-120.26617,47.67678],[-120.26307,47.67725],[-120.25884,47.67653],[-120.25696,47.67641],[-120.25444,47.67714],[-120.2515,47.67691],[-120.24561,47.67932],[-120.24813,47.68216],[-120.24721,47.68281],[-120.23922,47.68281],[-120.23861,47.68331],[-120.23896,47.68424],[-120.23819,47.68496],[-120.23746,47.6851],[-120.23519,47.68411],[-120.23471,47.68438],[-120.23461,47.68584],[-120.23053,47.68563],[-120.23056,47.68654],[-120.232,47.68807],[-120.2315,47.68864],[-120.22993,47.68873],[-120.22914,47.68942],[-120.2292,47.6909],[-120.22773,47.69161],[-120.22761,47.69366],[-120.22905,47.69446],[-120.23053,47.69746],[-120.2274,47.69763],[-120.22624,47.69833],[-120.22386,47.69745],[-120.22166,47.69754],[-120.22178,47.69858],[-120.22314,47.69871],[-120.22411,47.69909],[-120.22443,47.70027],[-120.22641,47.70034],[-120.22693,47.701],[-120.22653,47.70183],[-120.22723,47.70274],[-120.22748,47.70487],[-120.22884,47.70576],[-120.22957,47.70673],[-120.23074,47.7072],[-120.23114,47.70839],[-120.23199,47.70889],[-120.23499,47.70927],[-120.2335,47.71135],[-120.23606,47.71131],[-120.23707,47.71215],[-120.23546,47.7129],[-120.23506,47.71371],[-120.23426,47.71465],[-120.23586,47.71531],[-120.23734,47.71641],[-120.23759,47.71712],[-120.23692,47.71719],[-120.23578,47.7168],[-120.2338,47.71556],[-120.23077,47.71315],[-120.22856,47.71187],[-120.22738,47.71208],[-120.23015,47.71505],[-120.23308,47.71713],[-120.23443,47.7183],[-120.23835,47.71978],[-120.24015,47.72003],[-120.24086,47.7217],[-120.23873,47.72335],[-120.23844,47.72393],[-120.23962,47.72498],[-120.24306,47.72577],[-120.2446,47.72666],[-120.24276,47.72819],[-120.24147,47.73047],[-120.23803,47.73062],[-120.23685,47.73134],[-120.23667,47.73232],[-120.24176,47.73516],[-120.24247,47.73747],[-120.24486,47.73963],[-120.25115,47.74133],[-120.24974,47.74234],[-120.24994,47.74388],[-120.24763,47.7444],[-120.24666,47.74622],[-120.24443,47.74571],[-120.24236,47.74655],[-120.24092,47.74641],[-120.23955,47.74586],[-120.23851,47.74488],[-120.23783,47.74486],[-120.23643,47.74587],[-120.23453,47.74557],[-120.23409,47.74704],[-120.23335,47.74714],[-120.23181,47.747],[-120.23031,47.74551],[-120.22949,47.74694],[-120.23067,47.74939],[-120.23174,47.74968],[-120.23336,47.7507],[-120.23555,47.75085],[-120.2393,47.75202],[-120.24218,47.75361],[-120.24464,47.75386],[-120.24668,47.75505],[-120.24801,47.75507],[-120.2494,47.75602],[-120.24976,47.75707],[-120.25081,47.75761],[-120.25673,47.75885],[-120.25499,47.76],[-120.25309,47.76207],[-120.24853,47.76118],[-120.24644,47.76041],[-120.24443,47.76156],[-120.24096,47.76249],[-120.23939,47.76095],[-120.23678,47.76058],[-120.2354,47.76107],[-120.23541,47.76246],[-120.23747,47.76424],[-120.23726,47.76488],[-120.23219,47.76655],[-120.22965,47.76486],[-120.22725,47.7661],[-120.22338,47.76551],[-120.22244,47.767],[-120.21922,47.76723],[-120.21899,47.76822],[-120.21986,47.76873],[-120.22171,47.76911],[-120.23984,47.76886],[-120.23647,47.77151],[-120.23488,47.77142],[-120.23393,47.77222],[-120.23241,47.7725],[-120.23272,47.77307],[-120.23562,47.77441],[-120.23486,47.77567],[-120.236,47.7763],[-120.2375,47.7765],[-120.2377,47.77741],[-120.23732,47.77801],[-120.23743,47.7815],[-120.23363,47.78165],[-120.23146,47.78052],[-120.22962,47.77859],[-120.22771,47.77981],[-120.22795,47.78325],[-120.22634,47.78387],[-120.2252,47.78366],[-120.22258,47.78143],[-120.22071,47.78085],[-120.22048,47.77932],[-120.2183,47.77943],[-120.21818,47.7817],[-120.21774,47.78211],[-120.2163,47.78115],[-120.21452,47.78107],[-120.21338,47.78025],[-120.21348,47.77785],[-120.21182,47.77783],[-120.21096,47.77965],[-120.20946,47.77721],[-120.20758,47.77741],[-120.20584,47.77618],[-120.20407,47.77582],[-120.20262,47.77511],[-120.20163,47.77385],[-120.19987,47.77515],[-120.20221,47.77826],[-120.20015,47.77934],[-120.20098,47.78132],[-120.19978,47.78294],[-120.19991,47.7851],[-120.19946,47.78539],[-120.19706,47.78238],[-120.19566,47.78155],[-120.19364,47.78143],[-120.19344,47.7806],[-120.19428,47.77936],[-120.19382,47.7785],[-120.19111,47.77809],[-120.19244,47.78252],[-120.19506,47.78411],[-120.19538,47.78533],[-120.19811,47.78745],[-120.19773,47.7881],[-120.19638,47.78834],[-120.19624,47.78881],[-120.19656,47.78941],[-120.19914,47.7902],[-120.19936,47.79141],[-120.19691,47.79185],[-120.19914,47.79342],[-120.20055,47.79514],[-120.20146,47.79552],[-120.20451,47.79522],[-120.20462,47.79589],[-120.20444,47.79664],[-120.20347,47.79718],[-120.20335,47.79886],[-120.20407,47.79965],[-120.20567,47.79996],[-120.20621,47.79913],[-120.20798,47.79921],[-120.20887,47.79938],[-120.20946,47.80005],[-120.2084,47.80077],[-120.20798,47.80196],[-120.20937,47.80379],[-120.20955,47.80517],[-120.20893,47.80618],[-120.2072,47.8061],[-120.20637,47.80674],[-120.20753,47.80846],[-120.20711,47.80965],[-120.20736,47.81115],[-120.20983,47.81211],[-120.20854,47.81326],[-120.20895,47.81725],[-120.21168,47.82],[-120.22165,47.81552],[-120.22253,47.81577],[-120.22343,47.81672],[-120.22029,47.81851],[-120.21978,47.81954],[-120.22002,47.82049],[-120.21658,47.82157],[-120.21479,47.82349],[-120.21563,47.82546],[-120.21533,47.82704],[-120.21368,47.82945],[-120.20929,47.8341],[-120.20747,47.83738],[-120.20506,47.83838],[-120.20454,47.83937],[-120.21495,47.85072],[-120.21505,47.8528],[-120.21591,47.85688],[-120.21592,47.85861],[-120.21472,47.85986],[-120.21317,47.86058],[-120.21312,47.86341],[-120.21194,47.86413],[-120.21192,47.86546],[-120.21301,47.86656],[-120.21523,47.86722],[-120.2224,47.86862],[-120.22569,47.86903],[-120.2318,47.86916],[-120.23146,47.87055],[-120.2339,47.87184],[-120.23815,47.87273],[-120.24124,47.87291],[-120.2426,47.87346],[-120.24333,47.87416],[-120.24282,47.87523],[-120.24084,47.8761],[-120.2358,47.8765],[-120.23544,47.87898],[-120.23471,47.87931],[-120.23104,47.8754],[-120.22752,47.87462],[-120.2138,47.87451],[-120.21224,47.87532],[-120.21187,47.87647],[-120.21223,47.87782],[-120.21629,47.88404],[-120.21867,47.88642],[-120.22314,47.89023],[-120.22412,47.89211],[-120.22411,47.89372],[-120.22334,47.89382],[-120.22233,47.89307],[-120.22084,47.89295],[-120.22086,47.90205],[-120.22137,47.90339],[-120.22116,47.90627],[-120.22182,47.90995],[-120.22342,47.91438],[-120.22498,47.91595],[-120.22399,47.91702],[-120.22323,47.92276],[-120.22254,47.9254],[-120.22208,47.93391],[-120.22136,47.9359],[-120.22126,47.93748],[-120.22046,47.94009],[-120.22243,47.94177],[-120.21936,47.94326],[-120.2185,47.94521],[-120.21863,47.95799],[-120.17399,47.95892],[-120.17381,47.95818],[-120.17228,47.95577],[-120.17292,47.95389],[-120.17263,47.9511],[-120.17389,47.94393],[-120.1735,47.94314],[-120.17269,47.94229],[-120.17147,47.94163],[-120.16942,47.94155],[-120.16624,47.94035],[-120.16204,47.93945],[-120.16125,47.93949],[-120.16071,47.94117],[-120.15896,47.94238],[-120.15717,47.94133],[-120.14996,47.94361],[-120.14668,47.94486],[-120.14533,47.9469],[-120.14428,47.94713],[-120.14298,47.94667],[-120.14437,47.94362],[-120.14338,47.94297],[-120.14046,47.94343],[-120.13787,47.94457],[-120.13556,47.94433],[-120.13622,47.94367],[-120.1454,47.94066],[-120.1511,47.9384],[-120.15649,47.93673],[-120.15628,47.93614],[-120.15577,47.93557],[-120.15576,47.93526],[-120.15532,47.93468],[-120.15459,47.93418],[-120.15328,47.93367],[-120.15242,47.9328],[-120.15215,47.932],[-120.15268,47.93144],[-120.15258,47.93091],[-120.15229,47.93052],[-120.15238,47.92994],[-120.15218,47.9294],[-120.15213,47.92739],[-120.15032,47.92521],[-120.14927,47.92445],[-120.14818,47.92403],[-120.14773,47.92418],[-120.14715,47.92473],[-120.14701,47.92604],[-120.14591,47.92554],[-120.14512,47.92581],[-120.14454,47.92559],[-120.14355,47.92559],[-120.14288,47.92595],[-120.14224,47.92497],[-120.1412,47.92515],[-120.1396,47.92493],[-120.13864,47.92505],[-120.1377,47.92397],[-120.13637,47.92328],[-120.13507,47.92238],[-120.13281,47.92175],[-120.13216,47.92132],[-120.13174,47.92142],[-120.1313,47.922],[-120.13118,47.92067],[-120.13072,47.91961],[-120.13043,47.91961],[-120.13028,47.91929],[-120.1286,47.91834],[-120.12806,47.91774],[-120.12735,47.91779],[-120.12125,47.9166],[-120.12171,47.91629],[-120.12219,47.9156],[-120.12074,47.91564],[-120.12074,47.91545],[-120.12132,47.915],[-120.12098,47.91465],[-120.12052,47.91463],[-120.1208,47.91373],[-120.12006,47.91199],[-120.11965,47.91151],[-120.11889,47.91109],[-120.11874,47.9106],[-120.11885,47.90993],[-120.11846,47.90955],[-120.11798,47.90937],[-120.11807,47.91064],[-120.11785,47.91171],[-120.11751,47.90948],[-120.11715,47.90908],[-120.11689,47.90901],[-120.1163,47.90957],[-120.11605,47.90919],[-120.11434,47.90843],[-120.11297,47.90832],[-120.11194,47.90798],[-120.1113,47.90797],[-120.11055,47.90693],[-120.10885,47.90595],[-120.10869,47.90509],[-120.10714,47.90469],[-120.10635,47.9041],[-120.10621,47.90373],[-120.10333,47.9039],[-120.10252,47.90365],[-120.10151,47.90365],[-120.10083,47.90306],[-120.09952,47.9024],[-120.09917,47.90241],[-120.09905,47.90213],[-120.09871,47.9021],[-120.09807,47.90319],[-120.0979,47.90446],[-120.09763,47.90465],[-120.09741,47.90514],[-120.09739,47.90647],[-120.09725,47.90679],[-120.09709,47.90666],[-120.09704,47.90581],[-120.09667,47.90531],[-120.09667,47.90479],[-120.09702,47.90404],[-120.09623,47.90273],[-120.09564,47.90223],[-120.09501,47.90226],[-120.09464,47.90284],[-120.09331,47.90279],[-120.09266,47.9026],[-120.09177,47.90184],[-120.09147,47.90184],[-120.09085,47.90222],[-120.0903,47.90287],[-120.08869,47.90395],[-120.08833,47.90402],[-120.08816,47.90387],[-120.08718,47.90419],[-120.0883,47.90357],[-120.08874,47.90301],[-120.08968,47.90243],[-120.09025,47.90157],[-120.08869,47.90016],[-120.08853,47.89986],[-120.08773,47.89979],[-120.08722,47.89933],[-120.08764,47.89784],[-120.08821,47.89667],[-120.08727,47.89548],[-120.08761,47.89507],[-120.08742,47.89473],[-120.08683,47.89444],[-120.08599,47.89434],[-120.08577,47.8935],[-120.08501,47.89213],[-120.08494,47.8916],[-120.08434,47.89122],[-120.08498,47.89076],[-120.08475,47.89015],[-120.08167,47.88952],[-120.0814,47.88903],[-120.08098,47.88893],[-120.07976,47.89034],[-120.07927,47.89195],[-120.0787,47.89272],[-120.07842,47.89342],[-120.07813,47.89337],[-120.07823,47.89238],[-120.0781,47.8912],[-120.07868,47.88982],[-120.07814,47.88928],[-120.07826,47.88883],[-120.07867,47.88839],[-120.07758,47.88716],[-120.07693,47.88683],[-120.07635,47.88675],[-120.07615,47.88684],[-120.07642,47.88727],[-120.07162,47.88564],[-120.06976,47.88532],[-120.06778,47.88416],[-120.06729,47.8841],[-120.06682,47.88431],[-120.0669,47.88379],[-120.06639,47.88282],[-120.06526,47.88326],[-120.06534,47.88266],[-120.06505,47.88252],[-120.06401,47.88352],[-120.06355,47.88451],[-120.06335,47.88449],[-120.06362,47.88355],[-120.06336,47.88344],[-120.06349,47.88304],[-120.0644,47.88198],[-120.065,47.88163],[-120.06497,47.88149],[-120.06389,47.881],[-120.06506,47.88082],[-120.06554,47.88066],[-120.06564,47.88048],[-120.06499,47.88005],[-120.06443,47.87992],[-120.06428,47.87967],[-120.06397,47.87973],[-120.06382,47.87913],[-120.06404,47.87872],[-120.06551,47.87795],[-120.06578,47.87731],[-120.06636,47.87682],[-120.0664,47.87606],[-120.06622,47.87585],[-120.06565,47.87572],[-120.06571,47.87508],[-120.06595,47.87475],[-120.0653,47.87423],[-120.06544,47.87363],[-120.06524,47.87276],[-120.06466,47.87205],[-120.06398,47.87199],[-120.0645,47.87102],[-120.0645,47.87073],[-120.06279,47.86983],[-120.06262,47.87012],[-120.06227,47.87018],[-120.06066,47.86994],[-120.06131,47.86972],[-120.06191,47.86974],[-120.06201,47.86912],[-120.06173,47.86887],[-120.06167,47.8682],[-120.06137,47.86785],[-120.06078,47.86774],[-120.0603,47.86738],[-120.05868,47.8675],[-120.05899,47.86791],[-120.05887,47.8683],[-120.05969,47.86943],[-120.05974,47.86981],[-120.05918,47.86953],[-120.05855,47.8687],[-120.05765,47.86867],[-120.05681,47.86795],[-120.05638,47.86783],[-120.05578,47.86792],[-120.05541,47.86836],[-120.05476,47.86824],[-120.0546,47.8678],[-120.05424,47.86764],[-120.05309,47.86805],[-120.05318,47.86858],[-120.05295,47.869],[-120.05317,47.8693],[-120.05302,47.86963],[-120.05173,47.86909],[-120.05127,47.86922],[-120.05033,47.86905],[-120.04881,47.87007],[-120.04856,47.87119],[-120.04826,47.87104],[-120.04793,47.8712],[-120.04746,47.87053],[-120.04666,47.87073],[-120.04671,47.87015],[-120.04601,47.8701],[-120.04657,47.86969],[-120.0469,47.86921],[-120.04691,47.8685],[-120.04676,47.86834],[-120.04722,47.86734],[-120.04732,47.86655],[-120.04718,47.86629],[-120.0459,47.8663],[-120.04535,47.86669],[-120.04498,47.86664],[-120.04459,47.86681],[-120.04416,47.86637],[-120.04389,47.86636],[-120.04297,47.86712],[-120.04264,47.86653],[-120.04181,47.86681],[-120.04104,47.86678],[-120.04222,47.86576],[-120.04279,47.86484],[-120.04268,47.86441],[-120.04283,47.86383],[-120.04324,47.86361],[-120.04256,47.86282],[-120.04143,47.86257],[-120.04075,47.86316],[-120.04016,47.86266],[-120.04006,47.8623],[-120.03869,47.86141],[-120.03812,47.86156],[-120.03765,47.86195],[-120.03696,47.86222],[-120.03614,47.86194],[-120.03599,47.86258],[-120.03611,47.86326],[-120.03548,47.86309],[-120.03476,47.86265],[-120.03383,47.86251],[-120.03344,47.86281],[-120.03345,47.86372],[-120.03223,47.86346],[-120.03136,47.8641],[-120.03053,47.86287],[-120.02948,47.86276],[-120.02886,47.86234],[-120.02852,47.86236],[-120.02778,47.86287],[-120.02761,47.8631],[-120.02761,47.86359],[-120.02709,47.8641],[-120.02557,47.86396],[-120.02514,47.86423],[-120.02493,47.86462],[-120.02445,47.86454],[-120.02416,47.86468],[-120.02375,47.86567],[-120.02367,47.86631],[-120.02334,47.86653],[-120.02325,47.86698],[-120.02279,47.86704],[-120.02267,47.86722],[-120.02386,47.86784],[-120.02514,47.86782],[-120.02583,47.868],[-120.02603,47.86814],[-120.02596,47.86848],[-120.02545,47.86864],[-120.02549,47.86885],[-120.0279,47.87019],[-120.02968,47.87029],[-120.02972,47.87049],[-120.03078,47.87077],[-120.02873,47.87139],[-120.02735,47.87143],[-120.02645,47.87185],[-120.02634,47.87164],[-120.02643,47.87119],[-120.02567,47.87098],[-120.02398,47.87191],[-120.02421,47.87072],[-120.02408,47.87055],[-120.02223,47.87039],[-120.02197,47.87062],[-120.02206,47.87117],[-120.02121,47.87238],[-120.02057,47.87261],[-120.02093,47.87356],[-120.02079,47.87426],[-120.01958,47.87444],[-120.01941,47.87394],[-120.0192,47.87386],[-120.01886,47.87438],[-120.01806,47.87496],[-120.01779,47.87457],[-120.01728,47.87474],[-120.01678,47.87399],[-120.01696,47.87368],[-120.01698,47.87322],[-120.01756,47.87237],[-120.01752,47.87182],[-120.01688,47.87128],[-120.01687,47.8711],[-120.01596,47.87051],[-120.01664,47.8702],[-120.01727,47.87026],[-120.0181,47.87002],[-120.01853,47.86954],[-120.01854,47.86926],[-120.01808,47.86887],[-120.01757,47.86876],[-120.01742,47.86846],[-120.0166,47.86833],[-120.01613,47.86765],[-120.0156,47.86731],[-120.01455,47.86791],[-120.01429,47.86767],[-120.01276,47.86713],[-120.01215,47.86737],[-120.0121,47.86699],[-120.01246,47.86632],[-120.01189,47.86616],[-120.01144,47.86577],[-120.01016,47.86671],[-120.0096,47.86687],[-120.00943,47.867],[-120.00935,47.86748],[-120.00883,47.86776],[-120.00765,47.86744],[-120.00719,47.86757],[-120.00715,47.86841],[-120.00696,47.86884],[-120.00674,47.86893],[-120.00537,47.86841],[-120.00493,47.86901],[-120.00487,47.86949],[-120.00401,47.87023],[-120.0037,47.86999],[-120.00217,47.87013],[-120.00168,47.87028],[-120.00085,47.87098],[-120.00057,47.87095],[-120.00021,47.87126],[-120.00029,47.87066],[-120.00078,47.87004],[-120.00271,47.86869],[-120.00172,47.86801],[-120.00288,47.867],[-120.00311,47.86657],[-120.00171,47.86586],[-120.00246,47.86527],[-120.00417,47.8647],[-120.00578,47.86353],[-120.00546,47.8631],[-120.00455,47.86292],[-120.00527,47.86149],[-120.00522,47.86131],[-120.00375,47.86073],[-120.00324,47.86097],[-120.00245,47.8608],[-120.00262,47.86021],[-120.00247,47.85976],[-120.00197,47.85941],[-120.00159,47.85889],[-120.00038,47.85852],[-120,47.85866],[-119.99939,47.85941],[-119.99863,47.85987],[-119.99852,47.86022],[-119.99819,47.8603],[-119.998,47.86059],[-119.99641,47.86062],[-119.99391,47.86154],[-119.99356,47.86112],[-119.99301,47.86125],[-119.99322,47.86072],[-119.99314,47.86036],[-119.99286,47.86036],[-119.99222,47.86072],[-119.99252,47.85973],[-119.99302,47.85911],[-119.99323,47.85843],[-119.99244,47.85758],[-119.99351,47.85721],[-119.99499,47.85772],[-119.99555,47.8581],[-119.99567,47.85795],[-119.99523,47.85736],[-119.99372,47.85678],[-119.99392,47.85638],[-119.99247,47.85497],[-119.9932,47.85461],[-119.99221,47.85414],[-119.99202,47.85372],[-119.99159,47.85353],[-119.99115,47.85262],[-119.99065,47.85244],[-119.99017,47.85163],[-119.98882,47.85147],[-119.98864,47.85116],[-119.98732,47.85101],[-119.98756,47.8507],[-119.98689,47.85042],[-119.98711,47.85025],[-119.98675,47.85013],[-119.98482,47.85043],[-119.98366,47.85015],[-119.98175,47.85082],[-119.98045,47.85222],[-119.97982,47.85235],[-119.9803,47.85191],[-119.98032,47.85168],[-119.97846,47.852],[-119.97866,47.8515],[-119.97837,47.85123],[-119.97907,47.85091],[-119.98017,47.84931],[-119.97968,47.84907],[-119.97809,47.84925],[-119.97942,47.84843],[-119.9793,47.84793],[-119.97856,47.84739],[-119.97745,47.8475],[-119.97704,47.84739],[-119.9765,47.84754],[-119.976,47.84693],[-119.9746,47.84726],[-119.97424,47.84755],[-119.97373,47.84847],[-119.97376,47.84894],[-119.97348,47.84908],[-119.97334,47.84653],[-119.96624,47.85537],[-119.96789,47.85708],[-119.96481,47.8574],[-119.96233,47.85601],[-119.96129,47.85658],[-119.96078,47.86074],[-119.95919,47.86304],[-119.96065,47.86415],[-119.96384,47.86512],[-119.96423,47.86708],[-119.96275,47.86805],[-119.96418,47.87017],[-119.96359,47.87113],[-119.96191,47.87139],[-119.95864,47.87058],[-119.95631,47.87046],[-119.95335,47.87219],[-119.95275,47.87344],[-119.95164,47.87411],[-119.95163,47.87512],[-119.95223,47.87656],[-119.96685,47.88667],[-119.96475,47.88801],[-119.96508,47.8885],[-119.97086,47.89106],[-119.96986,47.89169],[-119.96986,47.89381],[-119.96852,47.89424],[-119.9664,47.89241],[-119.96483,47.89174],[-119.96239,47.89206],[-119.96112,47.893],[-119.95951,47.89597],[-119.95654,47.89765],[-119.95747,47.89901],[-119.95704,47.90032],[-119.95431,47.90197],[-119.9535,47.90137],[-119.95436,47.89905],[-119.95302,47.89839],[-119.95088,47.89809],[-119.95045,47.89739],[-119.95107,47.89671],[-119.95416,47.89623],[-119.95624,47.8952],[-119.95749,47.89433],[-119.95835,47.89299],[-119.95864,47.89128],[-119.95846,47.88964],[-119.95713,47.8886],[-119.95491,47.88816],[-119.95459,47.88976],[-119.95282,47.89092],[-119.94998,47.89087],[-119.94806,47.89164],[-119.9475,47.89232],[-119.94916,47.89468],[-119.94925,47.89719],[-119.94849,47.89893],[-119.94922,47.90189],[-119.94801,47.90423],[-119.9466,47.90569],[-119.9465,47.90772],[-119.94529,47.90876],[-119.94322,47.90745],[-119.94252,47.9079],[-119.94261,47.91103],[-119.9407,47.91348],[-119.93716,47.91602],[-119.93702,47.9174],[-119.93475,47.91885],[-119.93471,47.92076],[-119.93547,47.92237],[-119.93766,47.92291],[-119.93931,47.92438],[-119.94106,47.92407],[-119.94306,47.92247],[-119.94349,47.92075],[-119.94838,47.92074],[-119.94961,47.92124],[-119.95184,47.92346],[-119.95694,47.92308],[-119.95763,47.92364],[-119.95742,47.92483],[-119.95426,47.92646],[-119.95349,47.92756],[-119.95399,47.93029],[-119.95607,47.93245],[-119.9413,47.94196],[-119.94152,47.94355],[-119.94356,47.94606],[-119.94633,47.94812],[-119.94814,47.95058],[-119.94929,47.95042],[-119.95068,47.94948],[-119.95136,47.95004],[-119.95197,47.95212],[-119.95425,47.95461],[-119.95579,47.957],[-119.95976,47.95959],[-119.96368,47.963],[-119.96147,47.96323],[-119.95991,47.96213],[-119.95627,47.9624],[-119.95381,47.96135],[-119.94722,47.95904],[-119.94471,47.95917],[-119.94302,47.9606],[-119.94253,47.96699],[-119.94058,47.96933],[-119.94063,47.97117],[-119.94328,47.97375],[-119.94688,47.97518],[-119.94938,47.97687],[-119.94928,47.98115],[-119.94828,47.98452],[-119.94686,47.98652],[-119.94425,47.98749],[-119.94066,47.98797],[-119.94092,47.9919],[-119.94471,47.9935],[-119.94633,47.99442],[-119.94633,47.99813],[-119.94793,48.00031],[-119.9481,48.00365],[-119.9494,48.0057],[-119.94995,48.01154],[-119.95122,48.01518],[-119.9513,48.01828],[-119.94926,48.02176],[-119.94824,48.02737],[-119.94747,48.02904],[-119.94902,48.02988],[-119.94783,48.03175],[-119.95,48.03712],[-119.95123,48.04092],[-119.95232,48.0419],[-119.95279,48.04518],[-119.95361,48.04681],[-119.95517,48.04811],[-119.95699,48.04886],[-119.96121,48.04751],[-119.96159,48.04858],[-119.96166,48.05325],[-119.96251,48.05361],[-119.96389,48.0538],[-119.96539,48.05322],[-119.96705,48.05319],[-119.96796,48.05379],[-119.96844,48.05564],[-119.97415,48.05863],[-119.97264,48.06186],[-119.97353,48.06255],[-119.97476,48.0627],[-119.97608,48.06186],[-119.97706,48.05993],[-119.97882,48.05849],[-119.97964,48.05888],[-119.98055,48.0609],[-119.98074,48.06517],[-119.98222,48.06629],[-119.98518,48.06713],[-119.98932,48.0674],[-119.99086,48.06708],[-119.99198,48.06644],[-119.9927,48.06324],[-119.99449,48.06285],[-119.99587,48.06148],[-119.99691,48.06149],[-120.00061,48.06727],[-120.00097,48.06934],[-120.0061,48.06952],[-120.00747,48.06868],[-120.00698,48.06591],[-120.00886,48.06595],[-120.00953,48.06533],[-120.01025,48.06377],[-120.01115,48.06389],[-120.01118,48.06567],[-120.01482,48.06825],[-120.01636,48.06847],[-120.01906,48.06596],[-120.02301,48.05281],[-120.02301,48.05051],[-120.02363,48.04978],[-120.02441,48.04642],[-120.02506,48.04647],[-120.02625,48.04956],[-120.02654,48.05165],[-120.02949,48.05326],[-120.03094,48.05617],[-120.03257,48.05488],[-120.03346,48.0527],[-120.03463,48.05084],[-120.03651,48.0504],[-120.0374,48.05063],[-120.03874,48.05178],[-120.03966,48.05143],[-120.03951,48.04968],[-120.04043,48.04863],[-120.04127,48.04843],[-120.04296,48.04973],[-120.04396,48.04977],[-120.04638,48.0481],[-120.05426,48.04822],[-120.05579,48.04904],[-120.05474,48.0497],[-120.05277,48.05013],[-120.05166,48.05087],[-120.05159,48.05247],[-120.05089,48.05271],[-120.04861,48.05286],[-120.04639,48.05348],[-120.04303,48.05522],[-120.03861,48.05596],[-120.03795,48.05669],[-120.03755,48.05917],[-120.03652,48.06138],[-120.0365,48.06231],[-120.03721,48.06364],[-120.03667,48.06399],[-120.0355,48.06357],[-120.03381,48.06375],[-120.0303,48.06687],[-120.02816,48.0699],[-120.02772,48.07129],[-120.028,48.0727],[-120.02901,48.0734],[-120.0304,48.07361],[-120.03344,48.07373],[-120.03386,48.07592],[-120.03505,48.07693],[-120.03185,48.07917],[-120.03221,48.08011],[-120.03401,48.08207],[-120.03403,48.08417],[-120.03427,48.08484],[-120.03541,48.08538],[-120.03685,48.08797],[-120.03878,48.08757],[-120.04122,48.08614],[-120.04591,48.08621],[-120.04589,48.08691],[-120.04424,48.08827],[-120.04461,48.08906],[-120.04573,48.08984],[-120.05244,48.09042],[-120.05657,48.09176],[-120.06175,48.09232],[-120.0659,48.09409],[-120.07046,48.0934],[-120.07347,48.09391],[-120.07751,48.09253],[-120.07991,48.09249],[-120.07976,48.09386],[-120.07921,48.09457],[-120.07657,48.09581],[-120.07277,48.09605],[-120.07065,48.09722],[-120.06684,48.09762],[-120.06623,48.09832],[-120.06637,48.10103],[-120.06524,48.10129],[-120.06146,48.10064],[-120.05818,48.09808],[-120.05731,48.09802],[-120.05715,48.09853],[-120.05844,48.10009],[-120.05814,48.10051],[-120.05436,48.09908],[-120.05332,48.09917],[-120.05103,48.10071],[-120.05046,48.10074],[-120.0506,48.09911],[-120.04994,48.09861],[-120.04575,48.09899],[-120.04457,48.09954],[-120.04337,48.09917],[-120.04247,48.09706],[-120.04095,48.09677],[-120.03947,48.09745],[-120.03774,48.09888],[-120.03428,48.0991],[-120.03336,48.09995],[-120.0329,48.10107],[-120.03448,48.10199],[-120.036,48.10428],[-120.0359,48.10469],[-120.03418,48.10479],[-120.03294,48.10639],[-120.03144,48.10641],[-120.0309,48.1069],[-120.03069,48.10794],[-120.028,48.10851],[-120.02782,48.10923],[-120.02899,48.11013],[-120.02892,48.11131],[-120.02703,48.11252],[-120.02701,48.11306],[-120.02753,48.11335],[-120.0303,48.11287],[-120.03197,48.1128],[-120.03425,48.1139],[-120.03793,48.11385],[-120.03865,48.1142],[-120.03816,48.1156],[-120.03896,48.11593],[-120.0377,48.117],[-120.03752,48.11897],[-120.0363,48.11985],[-120.0351,48.12016],[-120.03424,48.12103],[-120.03354,48.12406],[-120.03265,48.1246],[-120.03033,48.12485],[-120.02997,48.12552],[-120.03278,48.1271],[-120.03512,48.12631],[-120.03828,48.12632],[-120.03985,48.12564],[-120.0421,48.12544],[-120.04327,48.12472],[-120.04428,48.12351],[-120.04536,48.12308],[-120.04774,48.12408],[-120.04939,48.1242],[-120.0518,48.12353],[-120.05467,48.12151],[-120.05596,48.12156],[-120.05835,48.12215],[-120.05857,48.12248],[-120.05866,48.12435],[-120.05519,48.12673],[-120.05447,48.12815],[-120.05236,48.13034],[-120.04448,48.13433],[-119.88451,48.1342],[-119.67471,48.13582],[-119.67291,48.13659],[-119.60751,48.13558],[-119.60751,48.13441],[-119.60727,48.13338],[-119.60622,48.13238],[-119.60419,48.13308],[-119.60376,48.13232],[-119.60534,48.12893],[-119.60507,48.12745],[-119.60431,48.12551],[-119.60468,48.12197],[-119.60445,48.11814],[-119.60553,48.11688],[-119.61158,48.11352],[-119.61152,48.11221],[-119.60993,48.11035],[-119.60974,48.10872],[-119.6107,48.10413],[-119.61283,48.09885],[-119.61332,48.08976],[-119.61487,48.08692],[-119.61495,48.08503],[-119.61447,48.08229],[-119.61403,48.08072],[-119.61334,48.07965],[-119.61039,48.07958],[-119.60955,48.07849],[-119.60941,48.07756],[-119.61046,48.07655],[-119.62089,48.07067],[-119.62261,48.06884],[-119.62608,48.06396],[-119.62661,48.06206],[-119.62623,48.05739],[-119.62552,48.05205],[-119.62607,48.04823],[-119.62512,48.04644],[-119.62824,48.04479],[-119.62872,48.0437],[-119.62922,48.04217],[-119.63049,48.03484],[-119.62986,48.03433],[-119.62859,48.0345],[-119.62204,48.03806],[-119.61906,48.03884],[-119.61306,48.0424],[-119.61188,48.04331],[-119.61128,48.04484],[-119.60791,48.04505],[-119.60706,48.04561],[-119.60594,48.04743],[-119.60278,48.0481],[-119.59955,48.05104],[-119.59528,48.05268],[-119.59375,48.05505],[-119.59313,48.05738],[-119.59218,48.05794],[-119.59121,48.05809],[-119.5881,48.05628],[-119.58594,48.05643],[-119.58038,48.06089],[-119.56826,48.07108],[-119.56643,48.07315],[-119.56386,48.07488],[-119.56327,48.07471],[-119.56285,48.07345],[-119.56172,48.07339],[-119.55893,48.07583],[-119.55721,48.07704],[-119.55584,48.07767],[-119.55445,48.07812],[-119.55215,48.0784],[-119.55015,48.07915],[-119.54808,48.08061],[-119.54498,48.08086],[-119.54388,48.08124],[-119.54258,48.08213],[-119.54045,48.08223],[-119.53828,48.08443],[-119.53632,48.08451],[-119.53283,48.08741],[-119.5313,48.08815],[-119.52833,48.0886],[-119.52727,48.08926],[-119.52538,48.08884],[-119.52503,48.08955],[-119.52554,48.09112],[-119.5252,48.09207],[-119.52417,48.09239],[-119.52256,48.09226],[-119.51972,48.09072],[-119.5187,48.09096],[-119.51832,48.09156],[-119.5183,48.09528],[-119.5176,48.09579],[-119.51469,48.09492],[-119.51117,48.0973],[-119.50296,48.1014],[-119.49964,48.10244],[-119.49696,48.105],[-119.49556,48.1082],[-119.49501,48.1111],[-119.49528,48.1214],[-119.4945,48.12209],[-119.49209,48.12223],[-119.49125,48.12291],[-119.49126,48.12394],[-119.49373,48.12865],[-119.49435,48.13029],[-119.49404,48.13151],[-119.49273,48.13173],[-119.49171,48.13117],[-119.48999,48.1284],[-119.48802,48.12631],[-119.485,48.12419],[-119.48315,48.12416],[-119.4792,48.12599],[-119.47825,48.1259],[-119.47701,48.12516],[-119.47414,48.12246],[-119.47226,48.12227],[-119.4711,48.12257],[-119.47067,48.12334],[-119.47068,48.12725],[-119.46983,48.12811],[-119.46838,48.12793],[-119.4647,48.12567],[-119.46113,48.12472],[-119.45979,48.12518],[-119.45821,48.12672],[-119.4574,48.12644],[-119.45687,48.12588],[-119.45553,48.122],[-119.45372,48.11866],[-119.45124,48.11722],[-119.4484,48.11754],[-119.44358,48.11946],[-119.44226,48.12027],[-119.43271,48.12262],[-119.42777,48.12435],[-119.42679,48.12536],[-119.42547,48.12975],[-119.42381,48.13041],[-119.4225,48.13002],[-119.42016,48.12847],[-119.41522,48.12836],[-119.41273,48.12714],[-119.40669,48.12766],[-119.40576,48.1273],[-119.40585,48.12665],[-119.41205,48.12234],[-119.41993,48.1178],[-119.42116,48.11565],[-119.42428,48.1142],[-119.42498,48.11279],[-119.42917,48.10976],[-119.42999,48.10804],[-119.43205,48.10568],[-119.4331,48.10297],[-119.43318,48.10078],[-119.43105,48.09686],[-119.43111,48.09496],[-119.43062,48.09425],[-119.42818,48.0932],[-119.42804,48.09077],[-119.42631,48.08785],[-119.42334,48.08511],[-119.41794,48.08274],[-119.41468,48.08208],[-119.40498,48.08207],[-119.40433,48.0815],[-119.40421,48.07909],[-119.40359,48.07816],[-119.40218,48.07717],[-119.40037,48.0766],[-119.39782,48.07668],[-119.3952,48.07762],[-119.39418,48.07762],[-119.38012,48.06954],[-119.37926,48.06926],[-119.37711,48.0694],[-119.37544,48.06883],[-119.37333,48.06886],[-119.37388,48.07062],[-119.37371,48.07195],[-119.37293,48.07265],[-119.37144,48.07263],[-119.36835,48.07134],[-119.36711,48.07132],[-119.36653,48.07193],[-119.36634,48.07295],[-119.36685,48.07629],[-119.36831,48.08118],[-119.3691,48.08545],[-119.369,48.0892],[-119.36638,48.09327],[-119.36284,48.09597],[-119.36095,48.09834],[-119.3584,48.10081],[-119.35607,48.10097],[-119.35276,48.10211],[-119.34976,48.10459],[-119.34792,48.10761],[-119.34537,48.10769],[-119.34419,48.10833],[-119.34304,48.10958],[-119.34238,48.11088],[-119.34244,48.11399],[-119.34453,48.11926],[-119.34419,48.12385],[-119.34514,48.1253],[-119.34475,48.12669],[-119.34618,48.12807],[-119.34988,48.12937],[-119.35134,48.13212],[-119.35454,48.13304],[-119.35562,48.13498],[-119.13629,48.18847],[-119.13597,48.18773],[-119.13801,48.18471],[-119.13754,48.18259],[-119.13654,48.18189],[-119.13362,48.182],[-119.13312,48.18175],[-119.13286,48.18027],[-119.13078,48.17855],[-119.12872,48.17769],[-119.12439,48.17632],[-119.12343,48.17627],[-119.12187,48.17779],[-119.11972,48.17808],[-119.11832,48.18009],[-119.11652,48.18057],[-119.11572,48.17992],[-119.11575,48.17543],[-119.11468,48.17414],[-119.11251,48.17269],[-119.10949,48.17253],[-119.10871,48.17222],[-119.10707,48.17028],[-119.10565,48.16933],[-119.10358,48.16947],[-119.10241,48.16997],[-119.08913,48.18567],[-119.08821,48.18602],[-119.08731,48.18581],[-119.0865,48.18535],[-119.0868,48.18337],[-119.09031,48.17838],[-119.09049,48.17717],[-119.08991,48.17625],[-119.08784,48.17555],[-119.08877,48.17401],[-119.08668,48.1736],[-119.08624,48.17296],[-119.08677,48.17223],[-119.08812,48.17152],[-119.08892,48.17046],[-119.08888,48.16805],[-119.08674,48.1637],[-119.08673,48.16239],[-119.08824,48.1586],[-119.08803,48.15698],[-119.08688,48.15568],[-119.0848,48.15494],[-119.08004,48.15501],[-119.07827,48.15678],[-119.07775,48.15858],[-119.07467,48.16115],[-119.07176,48.16314],[-119.07048,48.16278],[-119.07006,48.16213],[-119.07006,48.15938],[-119.06936,48.15542],[-119.07057,48.15295],[-119.07345,48.14994],[-119.07322,48.1492],[-119.07091,48.14948],[-119.06892,48.15079],[-119.06638,48.15337],[-119.06529,48.15394],[-119.0642,48.15422],[-119.06206,48.15384],[-119.05926,48.15689],[-119.05815,48.15732],[-119.0569,48.15677],[-119.0562,48.15495],[-119.05646,48.1495],[-119.05475,48.14937],[-119.05186,48.15029],[-119.04785,48.15045],[-119.04662,48.15128],[-119.04601,48.15223],[-119.04566,48.15458],[-119.04516,48.15513],[-119.04336,48.15535],[-119.04189,48.15511],[-119.03923,48.15313],[-119.03739,48.15354],[-119.03593,48.15468],[-119.0353,48.15589],[-119.03449,48.1592],[-119.03349,48.15968],[-119.03233,48.15933],[-119.03092,48.15766],[-119.02967,48.15563],[-119.02868,48.15478],[-119.02846,48.15416],[-119.02982,48.15292],[-119.0295,48.15191],[-119.02642,48.15013],[-119.02631,48.14845],[-119.02516,48.1475],[-119.02113,48.14762],[-119.01966,48.14644],[-119.01865,48.14615],[-119.01636,48.14699],[-119.01548,48.14677],[-119.01443,48.14543],[-119.01216,48.14514],[-119.01007,48.1459],[-119.00836,48.14734],[-119.00741,48.14997],[-119.00692,48.15371],[-119.00601,48.15463],[-119.0021,48.15441],[-119.0015,48.15496],[-119.00204,48.16015],[-119.00279,48.16232],[-119.00417,48.16259],[-119.00643,48.16168],[-119.00836,48.15999],[-119.00932,48.15889],[-119.01034,48.15691],[-119.01122,48.15621],[-119.01235,48.15615],[-119.01352,48.157],[-119.0128,48.15791],[-119.01286,48.16105],[-119.01394,48.16242],[-119.01386,48.16337],[-119.01307,48.16411],[-119.01136,48.16441],[-119.00951,48.16563],[-119.01039,48.16699],[-119.01051,48.1685],[-119.00966,48.16895],[-119.00385,48.1681],[-118.99922,48.16797],[-118.99667,48.16762],[-118.99492,48.16801],[-118.99249,48.17009],[-118.99038,48.17288],[-118.99098,48.17469],[-118.99104,48.17689],[-118.99062,48.17875],[-118.99091,48.1815],[-118.99015,48.18275],[-118.99017,48.18511],[-118.99337,48.18845],[-118.99705,48.19132],[-118.99825,48.19151],[-119.00094,48.19101],[-119.00208,48.19165],[-119.00267,48.19266],[-119.00318,48.196],[-119.00438,48.19789],[-119.00754,48.1997],[-119.01249,48.20125],[-119.01957,48.20268],[-119.02191,48.20486],[-119.02342,48.20555],[-119.02353,48.20672],[-119.01999,48.20841],[-119.01645,48.20736],[-119.01306,48.20712],[-119.01055,48.20699],[-119.00729,48.20758],[-119.00388,48.20624],[-118.99905,48.20364],[-118.9981,48.20367],[-118.99794,48.2043],[-119.00006,48.20702],[-119.00227,48.21105],[-119.00492,48.21445],[-119.00216,48.21733],[-119.00505,48.22026],[-119.00531,48.22182],[-119.00355,48.22346],[-119.0036,48.22425],[-119.00738,48.22959],[-119.00822,48.23369],[-119.0116,48.23538],[-119.01444,48.23546],[-119.0181,48.23436],[-119.01835,48.235],[-119.01219,48.23855],[-119.01072,48.23867],[-119.00756,48.23755],[-119.00682,48.23752],[-119.00626,48.24091],[-119.0049,48.24374],[-119.00498,48.24469],[-119.0061,48.24614],[-119.00935,48.2494],[-119.00954,48.25058],[-119.00716,48.25136],[-119.00569,48.25262],[-119.00474,48.25226],[-119.00338,48.24826],[-119.00179,48.24495],[-119.00163,48.24199],[-119.00249,48.23743],[-119.00239,48.23454],[-119.00047,48.23085],[-118.99906,48.22577],[-118.99594,48.22194],[-118.99535,48.21936],[-118.99412,48.21751],[-118.99222,48.21567],[-118.98975,48.21439],[-118.98808,48.21373],[-118.98588,48.2139],[-118.98464,48.21502],[-118.98433,48.21707],[-118.98472,48.21919],[-118.99106,48.23004],[-118.99158,48.23593],[-118.99078,48.2397],[-118.98861,48.24315],[-118.98836,48.24576],[-118.98963,48.24837],[-118.98951,48.25309],[-118.98892,48.25349],[-118.98759,48.25308],[-118.98643,48.25199],[-118.98496,48.2521],[-118.98474,48.25399],[-118.98516,48.25554],[-118.98745,48.25915],[-118.98736,48.26064],[-118.98499,48.26312],[-118.9843,48.26495],[-118.98445,48.26912],[-118.98384,48.26974],[-118.98084,48.26873],[-118.9791,48.26891],[-118.97812,48.26841],[-118.97657,48.26399],[-118.97735,48.26224],[-118.97698,48.26025],[-118.97656,48.25908],[-118.97381,48.25763],[-118.9753,48.25381],[-118.9751,48.25212],[-118.97373,48.25241],[-118.96932,48.25603],[-118.96328,48.25804],[-118.96026,48.25997],[-118.95992,48.26158],[-118.95893,48.26295],[-118.95915,48.26582],[-118.95853,48.26847],[-118.95908,48.27016],[-118.95876,48.27162],[-118.95701,48.27671],[-118.95622,48.27712],[-118.95347,48.27485],[-118.95365,48.27229],[-118.95251,48.271],[-118.95323,48.26968],[-118.95223,48.26888],[-118.94971,48.26898],[-118.94769,48.26833],[-118.9471,48.27349],[-118.94966,48.27911],[-118.94998,48.2809],[-118.94918,48.28215],[-118.94715,48.28298],[-118.94363,48.28119],[-118.94248,48.28125],[-118.93952,48.28475],[-118.93711,48.29068],[-118.93604,48.29178],[-118.9348,48.29212],[-118.93304,48.29085],[-118.93252,48.2882],[-118.93528,48.28622],[-118.93521,48.28434],[-118.93114,48.28198],[-118.93049,48.28063],[-118.93049,48.27893],[-118.93183,48.27627],[-118.94047,48.26473],[-118.94482,48.26052],[-118.94531,48.25894],[-118.94839,48.2568],[-118.95073,48.25343],[-118.95502,48.25144],[-118.95918,48.24819],[-118.96535,48.24577],[-118.97011,48.24283],[-118.97033,48.23913],[-118.97196,48.2366],[-118.97182,48.23383],[-118.97102,48.23253],[-118.97004,48.23186],[-118.96664,48.23228],[-118.96639,48.23033],[-118.96599,48.22959],[-118.96395,48.22991],[-118.96268,48.22952],[-118.96112,48.22986],[-118.9604,48.22966],[-118.96255,48.22787],[-118.96248,48.22714],[-118.96141,48.22607],[-118.96128,48.22495],[-118.95906,48.22327],[-118.95899,48.22225],[-118.96049,48.22069],[-118.96049,48.21861],[-118.95975,48.21704],[-118.96093,48.21548],[-118.96117,48.21037],[-118.96061,48.20961],[-118.95952,48.20939],[-118.95561,48.2096],[-118.95334,48.20699],[-118.95096,48.20627],[-118.94971,48.2056],[-118.94907,48.20457],[-118.94926,48.20365],[-118.95278,48.20207],[-118.95819,48.20057],[-118.9611,48.20052],[-118.96221,48.20001],[-118.96286,48.19681],[-118.96436,48.19431],[-118.96387,48.19205],[-118.96484,48.18946],[-118.96379,48.18823],[-118.96682,48.18598],[-118.96698,48.18474],[-118.96271,48.18076],[-118.96086,48.17968],[-118.95705,48.17861],[-118.95612,48.1777],[-118.95671,48.17713],[-118.96121,48.17672],[-118.96252,48.17617],[-118.9625,48.17517],[-118.95981,48.17412],[-118.95972,48.17353],[-118.96544,48.17003],[-118.96837,48.16529],[-118.97367,48.16447],[-118.97501,48.16344],[-118.97581,48.16215],[-118.97652,48.15929],[-118.97653,48.15806],[-118.97528,48.15609],[-118.97508,48.15147],[-118.974,48.1501],[-118.97235,48.14928],[-118.97236,48.14846],[-118.97412,48.1468],[-118.97509,48.14478],[-118.97504,48.14287],[-118.97412,48.1413],[-118.97402,48.13827],[-118.97283,48.13741],[-118.9699,48.13723],[-118.9606,48.13756],[-118.95857,48.13889],[-118.95776,48.13866],[-118.95618,48.13748],[-118.95419,48.13748],[-118.95165,48.13847],[-118.94999,48.1395],[-118.94861,48.14115],[-118.94941,48.14271],[-118.94898,48.14348],[-118.94797,48.14407],[-118.94573,48.1447],[-118.94408,48.14597],[-118.94309,48.14733],[-118.93978,48.14835],[-118.93727,48.14962],[-118.93546,48.15009],[-118.93498,48.15125],[-118.93396,48.15181],[-118.93277,48.15111],[-118.93132,48.1509],[-118.93276,48.1489],[-118.93142,48.14814],[-118.93055,48.14687],[-118.93153,48.14552],[-118.93117,48.14449],[-118.93427,48.14325],[-118.93378,48.14263],[-118.93222,48.14143],[-118.93027,48.14169],[-118.92882,48.14091],[-118.9235,48.14177],[-118.92236,48.14125],[-118.92275,48.1406],[-118.92573,48.13931],[-118.92543,48.13842],[-118.92002,48.13607],[-118.91528,48.1356],[-118.91221,48.13413],[-118.91236,48.13359],[-118.91502,48.13348],[-118.91765,48.13406],[-118.92002,48.13387],[-118.92401,48.13284],[-118.92505,48.13326],[-118.92626,48.1356],[-118.92997,48.13725],[-118.93399,48.13858],[-118.93503,48.13839],[-118.93466,48.13768],[-118.93,48.13604],[-118.9281,48.13474],[-118.92679,48.13267],[-118.92272,48.13062],[-118.92027,48.12812],[-118.92027,48.12694],[-118.92074,48.12602],[-118.9219,48.12611],[-118.92424,48.12882],[-118.93003,48.12922],[-118.931,48.13026],[-118.93185,48.13263],[-118.93285,48.13256],[-118.93451,48.13165],[-118.93715,48.13105],[-118.93762,48.13025],[-118.93729,48.12817],[-118.93921,48.12705],[-118.9438,48.12581],[-118.94539,48.12479],[-118.94578,48.12374],[-118.9436,48.12188],[-118.94376,48.12017],[-118.9429,48.11896],[-118.9431,48.11779],[-118.94183,48.11648],[-118.9418,48.11526],[-118.94297,48.11363],[-118.94305,48.11273],[-118.94195,48.11028],[-118.94212,48.10927],[-118.94752,48.10931],[-118.94895,48.10893],[-118.95108,48.10774],[-118.95634,48.10619],[-118.95978,48.10427],[-118.96184,48.10149],[-118.96424,48.10011],[-118.96437,48.09927],[-118.96183,48.0974],[-118.96067,48.09586],[-118.95839,48.09434],[-118.9586,48.09371],[-118.96054,48.09322],[-118.96108,48.09229],[-118.96204,48.09209],[-118.96373,48.09238],[-118.96806,48.09237],[-118.97192,48.09325],[-118.97422,48.09341],[-118.97817,48.09162],[-118.97866,48.09094],[-118.97811,48.09047],[-118.97621,48.08979],[-118.97576,48.08929],[-118.97588,48.08817],[-118.97669,48.08708],[-118.97852,48.08617],[-118.97965,48.08519],[-118.97971,48.08428],[-118.97812,48.08291],[-118.97831,48.08195],[-118.98051,48.07955],[-118.9807,48.0789],[-118.97916,48.07753],[-118.97883,48.07622],[-118.97728,48.07532],[-118.97607,48.07563],[-118.97496,48.07651],[-118.97455,48.07799],[-118.9738,48.07909],[-118.97285,48.07962],[-118.97209,48.07915],[-118.97225,48.07716],[-118.97116,48.07626],[-118.97093,48.07468],[-118.96951,48.07401],[-118.96906,48.07295],[-118.96768,48.07233],[-118.96712,48.07141],[-118.96945,48.06945],[-118.96786,48.06808],[-118.96771,48.06629],[-118.96689,48.06576],[-118.96466,48.06714],[-118.96403,48.067],[-118.96407,48.06291],[-118.96391,48.06194],[-118.96295,48.06134],[-118.95698,48.06075],[-118.9533,48.06097],[-118.95028,48.06167],[-118.94926,48.06125],[-118.94933,48.0594],[-118.9453,48.05928],[-118.94358,48.05854],[-118.92686,48.06401],[-118.92556,48.06394],[-118.92468,48.06327],[-118.92436,48.0603],[-118.92169,48.05799],[-118.92219,48.05708],[-118.92536,48.05615],[-118.93254,48.05228],[-118.936,48.05134],[-118.93813,48.05005],[-118.94067,48.04962],[-118.94128,48.04728],[-118.94538,48.04749],[-118.94663,48.04625],[-118.94998,48.0458],[-118.95061,48.04412],[-118.95197,48.04225],[-118.95156,48.04138],[-118.95019,48.0414],[-118.948,48.04214],[-118.94557,48.04216],[-118.94582,48.04038],[-118.94684,48.03945],[-118.94622,48.03822],[-118.94635,48.03729],[-118.94693,48.03664],[-118.94683,48.0357],[-118.94573,48.03532],[-118.94277,48.03658],[-118.94075,48.03706],[-118.93694,48.03446],[-118.93451,48.03341],[-118.93165,48.03387],[-118.92958,48.03588],[-118.92896,48.03614],[-118.9273,48.03514],[-118.9249,48.03503],[-118.92346,48.03457],[-118.92353,48.03282],[-118.92511,48.0313],[-118.92524,48.02932],[-118.92978,48.02887],[-118.93167,48.02718],[-118.93474,48.02645],[-118.93562,48.02607],[-118.93561,48.02503],[-118.93417,48.02448],[-118.93329,48.02346],[-118.93232,48.02326],[-118.9303,48.02379],[-118.92858,48.02296],[-118.92579,48.02315],[-118.92351,48.02203],[-118.92045,48.02234],[-118.91704,48.02419],[-118.91556,48.02412],[-118.91441,48.02159],[-118.91265,48.02108],[-118.91055,48.02136],[-118.91056,48.02017],[-118.90986,48.01989],[-118.9088,48.01881],[-118.9087,48.018],[-118.91228,48.01673],[-118.91409,48.01549],[-118.91398,48.01453],[-118.91308,48.0139],[-118.90954,48.0129],[-118.9064,48.01112],[-118.90421,48.00879],[-118.90211,48.00751],[-118.90213,48.0037],[-118.90472,48.00311],[-118.91212,48.0037],[-118.91391,48.00446],[-118.92642,48.00779],[-118.92735,48.00748],[-118.92787,48.00633],[-118.92998,48.00555],[-118.93096,48.00333],[-118.93344,48.00198],[-118.93511,48.00051],[-118.93911,47.99883],[-118.93958,47.99638],[-118.9387,47.99543],[-118.9375,47.98977],[-118.93762,47.98917],[-118.94087,47.9883],[-118.94171,47.98827],[-118.94207,47.98949],[-118.94283,47.98972],[-118.94801,47.98843],[-118.94779,47.98718],[-118.94302,47.98741],[-118.94466,47.98623],[-118.94728,47.98316],[-118.94973,47.98119],[-118.95214,47.98048],[-118.95331,47.97688],[-118.95284,47.97642],[-118.95158,47.97638],[-118.95008,47.97403],[-118.94816,47.97371],[-118.94745,47.97248],[-118.94478,47.9725],[-118.94564,47.97043],[-118.94885,47.96765],[-118.95445,47.96718],[-118.96092,47.96399],[-118.96586,47.96063],[-118.96672,47.95955],[-118.96663,47.95863],[-118.96155,47.95836],[-118.95974,47.95786],[-118.95883,47.95704],[-118.95842,47.95497],[-118.95496,47.95236],[-118.948,47.95207],[-118.94687,47.95264],[-118.94565,47.9516],[-118.94404,47.95214],[-118.9436,47.95454],[-118.94283,47.95554],[-118.94012,47.95633],[-118.93921,47.9559],[-118.93733,47.95381],[-118.93439,47.95411],[-118.93261,47.95298],[-118.93117,47.95305],[-118.92919,47.95365],[-118.92608,47.95532],[-118.92592,47.95687],[-118.92699,47.9577],[-118.9259,47.9595],[-118.92495,47.96054],[-118.92422,47.96069],[-118.92127,47.96188],[-118.91831,47.9635],[-118.91659,47.96338],[-118.91645,47.96259],[-118.91421,47.96263],[-118.91294,47.96135],[-118.9109,47.96102],[-118.90781,47.96114],[-118.9038,47.96025],[-118.90324,47.96072],[-118.90322,47.96255],[-118.90074,47.96355],[-118.89585,47.96064],[-118.89452,47.96075],[-118.89207,47.96324],[-118.89073,47.96362],[-118.88711,47.96292],[-118.88435,47.96329],[-118.88407,47.96443],[-118.88516,47.96728],[-118.88344,47.96772],[-118.88033,47.96485],[-118.87847,47.96473],[-118.87722,47.96373],[-118.87517,47.96381],[-118.87212,47.96535],[-118.87193,47.9673],[-118.86893,47.9679],[-118.86711,47.96877],[-118.86532,47.9708],[-118.8652,47.97223],[-118.86401,47.97284],[-118.86281,47.97282],[-118.86038,47.9715],[-118.85783,47.97269],[-118.85695,47.97414],[-118.85574,47.97438],[-118.85482,47.97403],[-118.85429,47.97307],[-118.85163,47.97284],[-118.84787,47.97299],[-118.84489,47.97351],[-118.84295,47.97365],[-118.83789,47.97675],[-118.83058,47.97404],[-118.83055,47.97269],[-118.82939,47.97278],[-118.82435,47.97501],[-118.82393,47.97588],[-118.82472,47.98133],[-118.8251,47.98184],[-118.82767,47.9822],[-118.82758,47.98325],[-118.82691,47.98383],[-118.82512,47.98371],[-118.82331,47.98453],[-118.81996,47.98727],[-118.81858,47.98682],[-118.8186,47.98468],[-118.81958,47.98301],[-118.81919,47.9822],[-118.81748,47.9819],[-118.81452,47.98278],[-118.81299,47.98258],[-118.80951,47.98594],[-118.80782,47.98642],[-118.8064,47.98888],[-118.80401,47.98782],[-118.80312,47.9882],[-118.80582,47.99084],[-118.80516,47.99189],[-118.80381,47.99302],[-118.80328,47.99249],[-118.80339,47.99012],[-118.80254,47.98974],[-118.80165,47.99004],[-118.80111,47.99097],[-118.79929,47.9922],[-118.79691,47.99243],[-118.79725,47.99013],[-118.79852,47.9887],[-118.79797,47.98735],[-118.79549,47.98658],[-118.79563,47.98586],[-118.79685,47.98487],[-118.79704,47.98355],[-118.79666,47.98259],[-118.79532,47.98168],[-118.79262,47.98271],[-118.79224,47.98088],[-118.79091,47.98082],[-118.78902,47.9814],[-118.78818,47.98102],[-118.78796,47.98007],[-118.78442,47.98096],[-118.78357,47.98042],[-118.78326,47.97932],[-118.78415,47.97844],[-118.79126,47.97643],[-118.79249,47.97322],[-118.79194,47.97245],[-118.79038,47.97188],[-118.78984,47.97093],[-118.78187,47.97299],[-118.7795,47.97421],[-118.7779,47.97566],[-118.77636,47.97604],[-118.77551,47.9735],[-118.77419,47.973],[-118.77427,47.97249],[-118.7754,47.97212],[-118.77585,47.97172],[-118.77601,47.9679],[-118.7776,47.96653],[-118.77853,47.96516],[-118.77787,47.96485],[-118.7743,47.96537],[-118.7734,47.96481],[-118.77584,47.96279],[-118.77629,47.96072],[-118.77439,47.95889],[-118.77421,47.95551],[-118.77651,47.95534],[-118.7805,47.95432],[-118.78124,47.95351],[-118.78063,47.95275],[-118.77796,47.95254],[-118.77663,47.95316],[-118.77532,47.95268],[-118.77468,47.95172],[-118.77365,47.95124],[-118.77404,47.95049],[-118.7763,47.95002],[-118.77914,47.94672],[-118.77962,47.94282],[-118.77835,47.94156],[-118.77655,47.94109],[-118.77286,47.94272],[-118.77212,47.9425],[-118.77185,47.94036],[-118.77008,47.93976],[-118.7722,47.93685],[-118.77293,47.93202],[-118.77206,47.93058],[-118.76832,47.9286],[-118.76801,47.9267],[-118.76692,47.92624],[-118.76296,47.92673],[-118.75852,47.92916],[-118.75707,47.9285],[-118.75666,47.92754],[-118.75472,47.9262],[-118.75101,47.92571],[-118.74139,47.93001],[-118.73894,47.93147],[-118.73887,47.93251],[-118.73962,47.93365],[-118.73985,47.93546],[-118.73912,47.93652],[-118.73893,47.9399],[-118.73778,47.9412],[-118.73862,47.94406],[-118.73871,47.94636],[-118.7406,47.94731],[-118.74157,47.95317],[-118.74491,47.95329],[-118.74545,47.95395],[-118.74234,47.95533],[-118.73966,47.95542],[-118.73869,47.95751],[-118.73978,47.96092],[-118.73924,47.9623],[-118.73657,47.96202],[-118.73539,47.95466],[-118.73375,47.95254],[-118.73255,47.95051],[-118.72891,47.9499],[-118.72756,47.949],[-118.72404,47.94997],[-118.72127,47.95182],[-118.72067,47.9539],[-118.72115,47.95643],[-118.72281,47.95871],[-118.72278,47.96113],[-118.71689,47.97322],[-118.71565,47.9751],[-118.71674,47.97564],[-118.7207,47.97478],[-118.72138,47.97509],[-118.72066,47.97693],[-118.71841,47.97752],[-118.71844,47.97809],[-118.72603,47.97835],[-118.72813,47.97945],[-118.72746,47.98032],[-118.72351,47.98083],[-118.72256,47.98187],[-118.72041,47.9815],[-118.71971,47.98221],[-118.7203,47.98298],[-118.72475,47.98338],[-118.72445,47.98514],[-118.72617,47.9862],[-118.72562,47.9873],[-118.72372,47.98735],[-118.72305,47.98694],[-118.72155,47.98709],[-118.72124,47.98884],[-118.71854,47.98764],[-118.71639,47.98743],[-118.71463,47.98538],[-118.71121,47.98551],[-118.71263,47.98673],[-118.7115,47.98818],[-118.71369,47.99041],[-118.71329,47.99106],[-118.71071,47.99105],[-118.70923,47.99013],[-118.70547,47.99001],[-118.70433,47.98945],[-118.70394,47.98828],[-118.70156,47.98807],[-118.70157,47.98861],[-118.70316,47.99023],[-118.70306,47.99187],[-118.70416,47.99295],[-118.70399,47.99429],[-118.70515,47.99559],[-118.70351,47.99747],[-118.70087,47.99818],[-118.69931,47.99899],[-118.70893,48.0004],[-118.70981,48.00227],[-118.70807,48.00511],[-118.71044,48.00498],[-118.712,48.0034],[-118.71447,48.00321],[-118.71822,48.00605],[-118.71872,48.00795],[-118.71987,48.00795],[-118.72023,48.0071],[-118.7202,48.00536],[-118.72255,48.00292],[-118.72616,48.00406],[-118.72725,48.00242],[-118.72826,48.0022],[-118.73028,48.0034],[-118.73466,48.00125],[-118.73625,48.00146],[-118.73669,48.00252],[-118.73487,48.0059],[-118.73552,48.00695],[-118.73465,48.00811],[-118.73229,48.00727],[-118.73132,48.00727],[-118.73076,48.00807],[-118.72893,48.00868],[-118.72863,48.00966],[-118.72925,48.01044],[-118.7366,48.0116],[-118.73676,48.01524],[-118.73745,48.01578],[-118.73857,48.01589],[-118.74005,48.01485],[-118.742,48.01429],[-118.74375,48.01283],[-118.74511,48.01278],[-118.74683,48.01331],[-118.74753,48.01305],[-118.74891,48.0118],[-118.75076,48.01131],[-118.75173,48.01173],[-118.75203,48.01247],[-118.75178,48.01307],[-118.74864,48.0151],[-118.74251,48.0183],[-118.74219,48.0193],[-118.74353,48.0201],[-118.74611,48.02129],[-118.74813,48.0213],[-118.75152,48.02242],[-118.75331,48.02251],[-118.75566,48.02151],[-118.7602,48.01827],[-118.76154,48.0181],[-118.76217,48.01868],[-118.76248,48.01954],[-118.7621,48.02091],[-118.76061,48.02197],[-118.76268,48.02492],[-118.76269,48.02591],[-118.76135,48.02577],[-118.75834,48.02463],[-118.75499,48.02464],[-118.75314,48.02584],[-118.75146,48.0251],[-118.74817,48.02543],[-118.74511,48.02504],[-118.74354,48.02551],[-118.74296,48.02651],[-118.74286,48.02901],[-118.74233,48.02993],[-118.74118,48.03007],[-118.73959,48.02816],[-118.73964,48.02323],[-118.72761,48.01696],[-118.72523,48.01693],[-118.72356,48.01749],[-118.72187,48.01828],[-118.72154,48.01919],[-118.7249,48.02254],[-118.72505,48.0239],[-118.72715,48.02544],[-118.7272,48.02655],[-118.72673,48.02726],[-118.72886,48.02827],[-118.72905,48.02915],[-118.7285,48.03015],[-118.73066,48.03259],[-118.73097,48.03325],[-118.73033,48.03445],[-118.73107,48.03588],[-118.73333,48.03871],[-118.73284,48.04114],[-118.73213,48.04231],[-118.73088,48.04239],[-118.72993,48.04147],[-118.72852,48.03791],[-118.72631,48.03572],[-118.72416,48.03111],[-118.7224,48.02974],[-118.72197,48.03018],[-118.72227,48.03363],[-118.72152,48.03763],[-118.72168,48.04041],[-118.72199,48.04173],[-118.71942,48.04312],[-118.71848,48.04313],[-118.71798,48.04284],[-118.71772,48.04205],[-118.71802,48.04063],[-118.71756,48.03771],[-118.71814,48.03609],[-118.71822,48.03422],[-118.71768,48.03249],[-118.71626,48.03018],[-118.71502,48.02966],[-118.7138,48.02971],[-118.71203,48.03111],[-118.71105,48.03445],[-118.71003,48.03505],[-118.70914,48.0348],[-118.70846,48.03409],[-118.70793,48.0301],[-118.70725,48.02845],[-118.70581,48.02759],[-118.70371,48.02747],[-118.70288,48.02887],[-118.70266,48.03173],[-118.70197,48.03299],[-118.70078,48.03408],[-118.69844,48.03433],[-118.69517,48.03635],[-118.69418,48.03592],[-118.69341,48.03476],[-118.69334,48.03228],[-118.69272,48.0315],[-118.6899,48.03115],[-118.68941,48.03069],[-118.68935,48.02762],[-118.68787,48.02542],[-118.68863,48.02236],[-118.68866,48.02121],[-118.68773,48.02056],[-118.68661,48.02038],[-118.68569,48.02053],[-118.68439,48.02178],[-118.68441,48.02564],[-118.68314,48.02782],[-118.68226,48.03117],[-118.68121,48.03246],[-118.68076,48.03442],[-118.68426,48.03682],[-118.68411,48.03749],[-118.68223,48.03856],[-118.68207,48.0394],[-118.68777,48.0417],[-118.68881,48.04234],[-118.68932,48.04348],[-118.68918,48.04448],[-118.68757,48.0454],[-118.6844,48.04568],[-118.68012,48.04852],[-118.68324,48.05096],[-118.63346,48.051],[-118.64006,48.04647],[-118.64098,48.04382],[-118.64586,48.04082],[-118.64613,48.03818],[-118.64465,48.03768],[-118.64181,48.0404],[-118.63837,48.03975],[-118.63279,48.04119],[-118.63261,48.03172],[-118.6284,48.02997],[-118.61739,48.03164],[-118.62528,48.02803],[-118.62608,48.02373],[-118.62225,48.02142],[-118.62149,48.01959],[-118.62468,48.01931],[-118.62827,48.01997],[-118.63335,48.023],[-118.63813,48.02112],[-118.63823,48.0193],[-118.64078,48.01911],[-118.64284,48.01728],[-118.64768,48.01705],[-118.64951,48.01562],[-118.64844,48.01402],[-118.64929,48.01234],[-118.64723,48.01015],[-118.64202,48.0109],[-118.64121,48.01017],[-118.63909,48.00549],[-118.63442,48.00677],[-118.63351,48.00034],[-118.62927,47.99916],[-118.62921,47.99781],[-118.62247,47.99486],[-118.63105,47.99436],[-118.63728,47.99565],[-118.64014,47.99691],[-118.64223,47.99474],[-118.64447,47.99724],[-118.64706,47.99361],[-118.65142,47.99865],[-118.65807,47.99948],[-118.66013,47.99475],[-118.6576,47.99098],[-118.65916,47.98932],[-118.65835,47.98685],[-118.65983,47.98419],[-118.65399,47.98464],[-118.65649,47.98022],[-118.65529,47.97663],[-118.65203,47.97766],[-118.65042,47.97689],[-118.65292,47.97421],[-118.6556,47.97382],[-118.65523,47.97189],[-118.65725,47.97205],[-118.6584,47.96937],[-118.65697,47.96708],[-118.65217,47.96784],[-118.65057,47.96601],[-118.65166,47.96393],[-118.64991,47.96214],[-118.64496,47.96308],[-118.64317,47.96494],[-118.64076,47.96394],[-118.63288,47.96451],[-118.63455,47.96014],[-118.62956,47.96083],[-118.62785,47.95908],[-118.62614,47.96011],[-118.62441,47.95943],[-118.62321,47.95573],[-118.62547,47.95445],[-118.62574,47.9505],[-118.62494,47.94911],[-118.62086,47.9493],[-118.62233,47.946],[-118.62057,47.94489],[-118.62138,47.94272],[-118.61916,47.94272],[-118.61654,47.94128],[-118.61384,47.94296],[-118.61143,47.9426],[-118.60964,47.93674],[-118.60486,47.9443],[-118.60559,47.95068],[-118.60272,47.94951],[-118.60099,47.94623],[-118.59893,47.94313],[-118.59615,47.93521],[-118.59285,47.93785],[-118.58876,47.93853],[-118.58466,47.93724],[-118.57775,47.94036],[-118.57616,47.94503],[-118.56809,47.94415],[-118.56244,47.94116],[-118.55727,47.94527],[-118.55564,47.94876],[-118.55776,47.95012],[-118.5555,47.95244],[-118.55558,47.95559],[-118.55925,47.95769],[-118.55549,47.95827],[-118.55561,47.95987],[-118.55853,47.96199],[-118.55831,47.9661],[-118.55508,47.96508],[-118.55642,47.97531],[-118.55047,47.98154],[-118.54927,47.97088],[-118.54555,47.96069],[-118.53656,47.96474],[-118.53396,47.96474],[-118.54092,47.95717],[-118.54027,47.9546],[-118.54271,47.95341],[-118.53172,47.94214],[-118.52611,47.94917],[-118.52244,47.94893],[-118.52164,47.95133],[-118.51854,47.95179],[-118.51992,47.95882],[-118.51468,47.95629],[-118.51397,47.95382],[-118.51145,47.95217],[-118.50378,47.9521],[-118.50998,47.94306],[-118.50745,47.93938],[-118.50356,47.93978],[-118.50208,47.93185],[-118.50224,47.92794],[-118.50547,47.92648],[-118.50573,47.92098],[-118.50423,47.91876],[-118.50289,47.91592],[-118.50314,47.91276],[-118.5012,47.90972],[-118.49181,47.9133],[-118.49079,47.91155],[-118.49501,47.90622],[-118.48954,47.90657],[-118.48393,47.90419],[-118.48866,47.90182],[-118.49741,47.90195],[-118.49998,47.89954],[-118.49828,47.89806],[-118.49188,47.89761],[-118.49062,47.89672],[-118.49297,47.89464],[-118.4995,47.89456],[-118.50211,47.89203],[-118.50103,47.88544],[-118.50325,47.88338],[-118.50271,47.8822],[-118.49707,47.88408],[-118.49369,47.884],[-118.49,47.88547],[-118.48621,47.88499],[-118.4843,47.88609],[-118.48125,47.88485],[-118.47886,47.88544],[-118.47793,47.8875],[-118.47583,47.88825],[-118.47057,47.88777],[-118.46413,47.886],[-118.46043,47.887],[-118.45087,47.88509],[-118.45036,47.88288],[-118.44702,47.88276],[-118.4449,47.88135],[-118.4379,47.88227],[-118.43811,47.8795],[-118.445,47.87652],[-118.43822,47.87274],[-118.43726,47.87054],[-118.44135,47.8683],[-118.43801,47.86623],[-118.43478,47.86621],[-118.43492,47.86263],[-118.4382,47.8615],[-118.4405,47.85904],[-118.43927,47.85326],[-118.4355,47.85344],[-118.43421,47.85159],[-118.43042,47.85159],[-118.42912,47.8459],[-118.41319,47.84442],[-118.4112,47.84652],[-118.40433,47.84697],[-118.40316,47.85211],[-118.39858,47.85217],[-118.39742,47.8544],[-118.40251,47.85584],[-118.40257,47.85768],[-118.40642,47.85928],[-118.39619,47.86459],[-118.39268,47.86434],[-118.39072,47.86231],[-118.38675,47.86617],[-118.3847,47.87206],[-118.39392,47.87693],[-118.38471,47.87778],[-118.38208,47.88085],[-118.37549,47.89485],[-118.37721,47.90101],[-118.37697,47.9074],[-118.37291,47.90877],[-118.37532,47.91357],[-118.37743,47.91492],[-118.37568,47.91768],[-118.37815,47.92153],[-118.38745,47.92507],[-118.39394,47.92681],[-118.40629,47.92385],[-118.41046,47.92648],[-118.40029,47.92754],[-118.39658,47.93161],[-118.40245,47.93508],[-118.41041,47.93888],[-118.41861,47.94057],[-118.4177,47.94318],[-118.41437,47.94121],[-118.40452,47.94085],[-118.39839,47.94313],[-118.40201,47.94421],[-118.39879,47.94681],[-118.39586,47.94725],[-118.39269,47.94664],[-118.39207,47.95228],[-118.39567,47.96128],[-118.39207,47.96534],[-118.39229,47.96863],[-118.39543,47.97258],[-118.40044,47.9716],[-118.39783,47.97481],[-118.39724,47.97719],[-118.40391,47.9773],[-118.40267,47.97965],[-118.41033,47.98256],[-118.41513,47.98233],[-118.42087,47.98423],[-118.4222,47.98631],[-118.41312,47.98426],[-118.41181,47.98673],[-118.41022,47.9855],[-118.40561,47.98586],[-118.40519,47.98937],[-118.40014,47.98904],[-118.40007,47.98576],[-118.39628,47.98355],[-118.39343,47.98333],[-118.39207,47.98703],[-118.38834,47.98906],[-118.39326,47.99631],[-118.40169,48.00122],[-118.40402,48.00821],[-118.41434,48.01413],[-118.42179,48.01135],[-118.4293,48.01286],[-118.43314,48.01193],[-118.43985,48.01549],[-118.43645,48.017],[-118.43201,48.01564],[-118.42572,48.01723],[-118.42044,48.01933],[-118.42838,48.01904],[-118.43334,48.02213],[-118.43851,48.02165],[-118.4407,48.02312],[-118.43988,48.02488],[-118.44929,48.02889],[-118.42787,48.0292],[-118.43383,48.03456],[-118.44022,48.03473],[-118.43822,48.03835],[-118.44304,48.03866],[-118.4476,48.04322],[-118.44315,48.04471],[-118.4449,48.04648],[-118.44159,48.04914],[-118.44588,48.04941],[-118.4472,48.04934],[-118.44676,48.05106],[-118.35337,48.05145],[-118.21544,48.05104],[-118.21292,47.99911],[-118.21292,47.96285],[-118.21102,47.96277],[-118.21137,47.94671],[-118.20754,47.93918],[-118.20717,47.87586],[-118.20749,47.78879],[-118.33458,47.78858],[-118.46312,47.78782],[-118.59315,47.78626],[-118.83068,47.78625],[-119.03969,47.78536],[-119.14771,47.78505],[-119.20864,47.78572],[-119.21002,47.78357],[-119.21381,47.77982],[-119.21545,47.77792],[-119.21568,47.7767],[-119.221,47.76784],[-119.22198,47.76537],[-119.22327,47.76358],[-119.22401,47.76161],[-119.2273,47.75685],[-119.22732,47.7538],[-119.2284,47.75377],[-119.22925,47.75328],[-119.23369,47.74757],[-119.23615,47.74497],[-119.2384,47.74354],[-119.23851,47.74304],[-119.23603,47.74196],[-119.23365,47.74185],[-119.23373,47.74115],[-119.23692,47.74055],[-119.23802,47.7401],[-119.24089,47.73835],[-119.24386,47.73567],[-119.24918,47.73237],[-119.25666,47.72561],[-119.2571,47.72438],[-119.25701,47.72249],[-119.25732,47.72192],[-119.25845,47.72095],[-119.26026,47.71995],[-119.26223,47.71759],[-119.26365,47.71505],[-119.27282,47.70595],[-119.2731,47.70504],[-119.27295,47.70416],[-119.27098,47.70317],[-119.27074,47.70226],[-119.27172,47.70186],[-119.27488,47.70193],[-119.27632,47.70135],[-119.27705,47.70051],[-119.27804,47.69769],[-119.2792,47.69575],[-119.27973,47.6918],[-119.28136,47.68941],[-119.28313,47.68576],[-119.28243,47.68474],[-119.28302,47.6825],[-119.28308,47.67635],[-119.28439,47.67269],[-119.28453,47.67134],[-119.28316,47.66959],[-119.28297,47.66852],[-119.284,47.66701],[-119.28408,47.66394],[-119.28164,47.66088],[-119.28234,47.65759],[-119.28301,47.65607],[-119.28308,47.65076],[-119.28343,47.6481],[-119.28456,47.64327],[-119.28566,47.64113],[-119.28802,47.63759],[-119.29034,47.63609],[-119.29295,47.63306],[-119.29331,47.63109],[-119.29568,47.6282],[-119.29562,47.62758],[-119.29433,47.6255],[-119.29447,47.62318],[-119.30156,47.61767],[-119.30812,47.61934],[-119.3078,47.62278],[-119.31057,47.62289],[-119.3113,47.62123],[-119.32143,47.62349],[-119.32918,47.62585],[-119.3321,47.62609],[-119.33379,47.62466],[-119.34704,47.61843],[-119.35986,47.60985],[-119.37788,47.60014],[-119.3836,47.59609],[-119.38507,47.59559],[-119.38611,47.59545],[-119.38941,47.59664],[-119.39043,47.59716],[-119.39159,47.59831],[-119.39269,47.59861],[-119.39393,47.59862],[-119.39512,47.59812],[-119.39526,47.59701],[-119.39413,47.596],[-119.38957,47.5942],[-119.3908,47.59316],[-119.39334,47.59237],[-119.39415,47.59116],[-119.39055,47.58858],[-119.39065,47.58681],[-119.39218,47.58638],[-119.39534,47.5861],[-119.40013,47.58357],[-119.40399,47.58216],[-119.41242,47.58066],[-119.41652,47.5774],[-119.41923,47.57558],[-119.42539,47.57266],[-119.42959,47.57233],[-119.43425,47.57237],[-119.4379,47.57304],[-119.44239,47.57187],[-119.44899,47.56987],[-119.45485,47.56588],[-119.45658,47.56382],[-119.45951,47.5584],[-119.46389,47.55268],[-119.46464,47.55134],[-119.46605,47.54671],[-119.46885,47.54388],[-119.47626,47.54072],[-119.48277,47.5383],[-119.48845,47.53444],[-119.49427,47.52907],[-119.49848,47.52339],[-119.50173,47.51776],[-119.50187,47.50902],[-119.50523,47.50355],[-119.51055,47.49383],[-119.51504,47.48109],[-119.51543,47.47427],[-119.5155,47.46736],[-119.51436,47.45816],[-119.51247,47.45263],[-119.50622,47.44061],[-119.50043,47.42729],[-119.49756,47.42403],[-119.49498,47.42196],[-119.49417,47.41602],[-119.49031,47.40698],[-119.48527,47.40127],[-119.48411,47.39843],[-119.48363,47.39642],[-119.48345,47.38152],[-119.44005,47.3197],[-119.4413,47.31847],[-119.44323,47.31539],[-119.44573,47.31261],[-119.44573,47.3114],[-119.44514,47.3102],[-119.44518,47.30931],[-119.44701,47.30781],[-119.44758,47.3069],[-119.44793,47.30517],[-119.44834,47.30393],[-119.4487,47.30345],[-119.44869,47.3024],[-119.44781,47.30126],[-119.44779,47.29991],[-119.44723,47.29903],[-119.44724,47.29462],[-119.44673,47.29293],[-119.4465,47.29098],[-119.44567,47.28953],[-119.44545,47.28702],[-119.44381,47.28476],[-119.4437,47.28378],[-119.44434,47.28245],[-119.44316,47.28088],[-119.44306,47.27954],[-119.44321,47.27909],[-119.44413,47.27796],[-119.44489,47.27661],[-119.44492,47.27567],[-119.44418,47.27499],[-119.44414,47.27413],[-119.44458,47.27354],[-119.44615,47.27266],[-119.44616,47.27174],[-119.44548,47.27046],[-119.44597,47.26975],[-119.44819,47.26879],[-119.44867,47.26705],[-119.44905,47.26634],[-119.4525,47.26418],[-119.45535,47.26385],[-119.45575,47.2634],[-119.45539,47.26255],[-119.45546,47.26176],[-119.45816,47.2607],[-119.45836,47.26006],[-119.45824,47.25963],[-119.45701,47.259],[-119.4561,47.25822],[-119.45612,47.25701],[-119.45826,47.2553],[-119.45968,47.25293],[-119.45985,47.24962],[-119.45815,47.24707],[-119.45624,47.24591],[-119.45397,47.24304],[-119.45192,47.24163],[-119.44987,47.23965],[-119.44761,47.23649],[-119.44295,47.23394],[-119.43964,47.23156],[-119.43634,47.22867],[-119.43256,47.22406],[-119.43171,47.22231],[-119.43163,47.21858],[-119.43309,47.2159],[-119.43377,47.21495],[-119.43608,47.21328],[-119.43752,47.21169],[-119.4375,47.20898],[-119.4374,47.20835],[-119.43607,47.20534],[-119.43305,47.1995],[-119.43186,47.19504],[-119.43135,47.19382],[-119.42863,47.18993],[-119.42588,47.18702],[-119.41862,47.18131],[-119.41178,47.17784],[-119.40624,47.17632],[-119.39971,47.17529],[-119.38513,47.17608],[-119.37768,47.17736],[-119.36934,47.17971],[-119.36549,47.1801],[-119.36276,47.18074],[-119.35608,47.18072],[-119.35414,47.18059],[-119.35043,47.1798],[-119.34517,47.17754],[-119.3424,47.17568],[-119.34007,47.1733],[-119.34019,47.17219],[-119.34108,47.17208],[-119.34544,47.17484],[-119.34683,47.17486],[-119.34688,47.17409],[-119.34562,47.17263],[-119.34419,47.16996],[-119.34463,47.16429],[-119.34841,47.15808],[-119.34876,47.15666],[-119.34929,47.15557],[-119.35045,47.15435],[-119.35322,47.15225],[-119.35414,47.15095],[-119.35415,47.14991],[-119.35317,47.14774],[-119.35238,47.14334],[-119.35196,47.14242],[-119.35152,47.1386],[-119.35127,47.13812],[-119.35104,47.13293],[-119.3492,47.12731],[-119.34882,47.12424],[-119.34848,47.1235],[-119.34281,47.11591],[-119.34044,47.1136],[-119.33796,47.11261],[-119.33464,47.11081],[-119.33194,47.10987],[-119.3278,47.10704],[-119.32534,47.10503],[-119.32529,47.10303],[-119.31736,47.10178],[-119.31147,47.10172],[-119.30596,47.09959],[-119.30028,47.09956],[-119.26894,47.10238],[-119.23329,47.0978],[-119.14498,47.08886],[-119.11322,47.08632],[-119.10701,47.07738],[-119.10811,47.07066],[-119.10807,47.06709],[-119.10677,47.06444],[-119.1039,47.06063],[-119.10032,47.05801],[-119.09522,47.0549],[-119.09405,47.05371],[-119.08814,47.03895],[-119.08221,47.02698],[-119.07555,47.0158],[-119.07112,47.00877],[-119.06507,47.00047],[-119.06351,46.99918],[-119.06028,46.99461],[-119.06062,46.98275],[-119.06218,46.97583],[-119.06391,46.96605],[-119.06992,46.94717],[-119.07009,46.94597],[-119.06977,46.94525],[-119.06621,46.94127],[-119.06585,46.94055],[-119.06603,46.93884],[-119.06684,46.93699],[-119.06947,46.93262],[-119.07579,46.9244],[-119.0784,46.91973],[-119.07907,46.91663],[-119.07913,46.90962],[-119.05624,46.84354],[-119.05439,46.84035],[-119.04616,46.82992],[-119.03095,46.81169],[-119.00223,46.77568],[-118.99828,46.77163],[-118.98157,46.75607],[-118.97199,46.7445],[-118.94529,46.71102],[-118.9415,46.70703],[-118.93565,46.70262],[-118.92786,46.6977],[-118.92412,46.69562],[-118.92204,46.69452],[-118.91571,46.6932],[-118.91017,46.69314],[-118.89117,46.69403],[-118.88992,46.69436],[-118.88714,46.69589],[-118.88359,46.69813],[-118.88222,46.69863],[-118.88038,46.69825],[-118.87962,46.69764],[-118.87952,46.69471],[-118.87908,46.69372],[-118.87676,46.69067],[-118.87649,46.68932],[-118.87362,46.68474],[-118.87342,46.68262],[-118.87388,46.67977],[-118.8737,46.67907],[-118.86975,46.67467],[-118.86951,46.67397],[-118.86907,46.66893],[-118.86503,46.66274],[-118.86417,46.66102],[-118.86246,46.65917],[-118.86217,46.6578],[-118.86216,46.64245],[-118.85879,46.63594],[-118.85889,46.63481],[-118.7597,46.63424],[-118.75706,46.63225],[-118.75584,46.63186],[-118.7461,46.63057],[-118.74197,46.62919],[-118.73461,46.6287],[-118.73281,46.62816],[-118.73305,46.62115],[-118.73219,46.61916],[-118.66455,46.61955],[-118.66154,46.62153],[-118.65843,46.62276],[-118.65296,46.6245],[-118.651,46.62562],[-118.65245,46.62931],[-118.64867,46.63298],[-118.64854,46.63594],[-118.64754,46.63679],[-118.62402,46.64417],[-118.60123,46.65104],[-118.58606,46.64821],[-118.56023,46.64292],[-118.55784,46.64027],[-118.55543,46.6393],[-118.55387,46.64053],[-118.55229,46.64551],[-118.55081,46.64706],[-118.5495,46.64776],[-118.54315,46.64783],[-118.53917,46.64982],[-118.53597,46.64918],[-118.5298,46.65211],[-118.52799,46.65254],[-118.52623,46.65268],[-118.50613,46.65274],[-118.50474,46.65346],[-118.50122,46.65706],[-118.49949,46.65828],[-118.47252,46.67238],[-118.46936,46.6733],[-118.46291,46.67575],[-118.45549,46.67908],[-118.43711,46.68842],[-118.42737,46.69636],[-118.42381,46.69827],[-118.40948,46.7034],[-118.4001,46.70805],[-118.39343,46.71177],[-118.37974,46.71857],[-118.36957,46.7232],[-118.36084,46.72741],[-118.35671,46.73059],[-118.35325,46.73226],[-118.33059,46.73981],[-118.32578,46.74177],[-118.32165,46.74485],[-118.31741,46.74853],[-118.31315,46.75342],[-118.30864,46.75427],[-118.3066,46.75413],[-118.2939,46.75156],[-118.29086,46.75272],[-118.28454,46.75112],[-118.28146,46.75174],[-118.24568,46.74472],[-118.23056,46.74145],[-118.2269,46.74129],[-118.20757,46.7442],[-118.201,46.74314],[-118.19854,46.74306],[-118.19688,46.74324],[-118.18697,46.74597],[-118.17706,46.74458],[-118.16882,46.7443],[-118.16,46.74497],[-118.15516,46.74732],[-118.15126,46.75049],[-118.1484,46.75432],[-118.14752,46.75975],[-118.14563,46.76054],[-118.12174,46.76521],[-118.11898,46.76678],[-118.11476,46.77032],[-118.11184,46.7719],[-118.11028,46.7726],[-118.1049,46.7737],[-118.10208,46.77454],[-118.09537,46.77817],[-118.0931,46.77847],[-118.08717,46.77777],[-118.08293,46.77702],[-118.07054,46.7766],[-118.0603,46.77649],[-118.0542,46.77603],[-118.05062,46.77535],[-118.03914,46.77217],[-118.03659,46.77111],[-118.02714,46.76544],[-118.01921,46.76608],[-118.01093,46.76543],[-118.00552,46.76623],[-118.00132,46.76605],[-117.99672,46.76426],[-117.99244,46.76322],[-117.98922,46.76313],[-117.98514,46.76372],[-117.98003,46.76541],[-117.96403,46.77331],[-117.95812,46.77672],[-117.95592,46.77912],[-117.95484,46.77956],[-117.95339,46.77967],[-117.94811,46.78125],[-117.94326,46.78384],[-117.93996,46.78459],[-117.93845,46.78559],[-117.93619,46.78945],[-117.9348,46.79104],[-117.93227,46.79306],[-117.92952,46.79471],[-117.92009,46.79777],[-117.91416,46.80017],[-117.89176,46.81166],[-117.87642,46.81826],[-117.86993,46.82043],[-117.86738,46.82082],[-117.86158,46.82099],[-117.8605,46.82034],[-117.85949,46.81875],[-117.85847,46.81785],[-117.85312,46.81611],[-117.84988,46.81486],[-117.84829,46.81509],[-117.8464,46.81594],[-117.84512,46.8159],[-117.83881,46.8118],[-117.83852,46.81098],[-117.83852,46.80826],[-117.83785,46.80754],[-117.83264,46.80748],[-117.82907,46.80818],[-117.82109,46.81266],[-117.81952,46.81308],[-117.81249,46.81341],[-117.80578,46.81439],[-117.80411,46.81403],[-117.79952,46.81259],[-117.78107,46.8053],[-117.77792,46.80462],[-117.7679,46.80476],[-117.76079,46.80375],[-117.75399,46.80385],[-117.74822,46.80481],[-117.73897,46.80687],[-117.73334,46.80849],[-117.72702,46.80903],[-117.72462,46.80943],[-117.7206,46.81121],[-117.71694,46.81157],[-117.70056,46.8117],[-117.69489,46.80904],[-117.69044,46.80907],[-117.68746,46.81001],[-117.68279,46.81267],[-117.67825,46.81268],[-117.67213,46.81505],[-117.66895,46.81581],[-117.66538,46.81605],[-117.66345,46.81576],[-117.66247,46.81524],[-117.65643,46.81041],[-117.65496,46.8096],[-117.65094,46.81067],[-117.64489,46.81104],[-117.62497,46.81119],[-117.61658,46.81231],[-117.60738,46.81423],[-117.60299,46.81433],[-117.59262,46.81391],[-117.56648,46.80506],[-117.56396,46.80453],[-117.55498,46.80401],[-117.55039,46.80458],[-117.54096,46.80893],[-117.537,46.81104],[-117.53482,46.81498],[-117.53246,46.82024],[-117.53044,46.82277],[-117.52744,46.82572],[-117.52332,46.82747],[-117.51972,46.82955],[-117.51495,46.83164],[-117.51083,46.83283],[-117.5,46.8347],[-117.49713,46.83593],[-117.49424,46.83806],[-117.48966,46.84347],[-117.48544,46.84659],[-117.4802,46.8484],[-117.47156,46.84976],[-117.46813,46.85157],[-117.46197,46.85608],[-117.45491,46.85972],[-117.44849,46.86233],[-117.44137,46.86452],[-117.43685,46.86472],[-117.42971,46.86437],[-117.42441,46.86465],[-117.40961,46.87054],[-117.39873,46.8746],[-117.39696,46.87569],[-117.39557,46.87687],[-117.39391,46.87873],[-117.39143,46.88227],[-117.39093,46.88384],[-117.38891,46.88626],[-117.38696,46.88783],[-117.38411,46.88916],[-117.381,46.88999],[-117.37927,46.89016],[-117.36686,46.89009],[-117.36424,46.88514],[-117.36447,46.88318],[-117.36349,46.8737],[-117.35807,46.87211],[-117.35544,46.87018],[-117.35546,46.8693],[-117.35645,46.86701],[-117.35617,46.86467],[-117.35469,46.86373],[-117.35137,46.86286],[-117.34992,46.86197],[-117.34978,46.85945],[-117.3495,46.85824],[-117.34842,46.85632],[-117.34643,46.85458],[-117.34189,46.85241],[-117.33745,46.85075],[-117.33639,46.8501],[-117.33636,46.84914],[-117.33685,46.84467],[-117.33666,46.83996],[-117.33493,46.83694],[-117.3295,46.83304],[-117.32828,46.8316],[-117.32786,46.82979],[-117.32699,46.82763],[-117.32559,46.82527],[-117.32439,46.82265],[-117.32225,46.81999],[-117.32011,46.81665],[-117.31317,46.79904],[-117.31191,46.79634],[-117.30747,46.79056],[-117.3014,46.78541],[-117.29687,46.78289],[-117.28356,46.77696],[-117.27467,46.77266],[-117.26976,46.76914],[-117.26684,46.76627],[-117.26426,46.7631],[-117.26242,46.76133],[-117.25892,46.75959],[-117.25569,46.75886],[-117.25201,46.75849],[-117.2442,46.75928],[-117.24176,46.75898],[-117.23939,46.75739],[-117.23601,46.75366],[-117.23286,46.74559],[-117.23047,46.74246],[-117.22717,46.73927],[-117.22139,46.73637],[-117.21226,46.73423],[-117.19526,46.7336],[-117.19333,46.73333],[-117.19004,46.7318],[-117.18174,46.73032],[-117.18465,46.72622],[-117.1849,46.72414],[-117.18395,46.72139],[-117.18379,46.71941],[-117.18302,46.71635],[-117.18325,46.71372],[-117.18448,46.71332],[-117.19035,46.71352],[-117.19332,46.7133],[-117.19599,46.71249],[-117.19931,46.71087],[-117.20237,46.70857],[-117.20389,46.70568],[-117.204,46.69821],[-117.20369,46.69293],[-117.20247,46.68993],[-117.20086,46.68689],[-117.19518,46.6789],[-117.19473,46.67606],[-117.1957,46.67362],[-117.19769,46.66997],[-117.19662,46.6674],[-117.19357,46.66264],[-117.19144,46.65994],[-117.18996,46.65684],[-117.18562,46.64993],[-117.18602,46.64922],[-117.18788,46.6477],[-117.18743,46.64554],[-117.18602,46.64311],[-117.18229,46.64057],[-117.17741,46.63823],[-117.17453,46.6358],[-117.17355,46.63376],[-117.17263,46.6299],[-117.16852,46.62529],[-117.16234,46.62012],[-117.16061,46.61769],[-117.16019,46.61445],[-117.163,46.60699],[-117.16479,46.60429],[-117.17279,46.59685],[-117.17302,46.59486],[-117.17188,46.59281],[-117.16835,46.58997],[-117.158,46.58506],[-117.15492,46.58313],[-117.14729,46.5753],[-117.14478,46.57166],[-117.1411,46.57008],[-117.13709,46.56912],[-117.11928,46.56719],[-117.11505,46.56551],[-117.10545,46.55929],[-117.1038,46.55525],[-117.09962,46.55119],[-117.09075,46.54548],[-117.08839,46.54304],[-117.08699,46.54113],[-117.08543,46.53765],[-117.0845,46.53338],[-117.07814,46.50873],[-117.07767,46.50248],[-117.07539,46.49646],[-117.07238,46.49124],[-117.06875,46.48678],[-117.05525,46.48078],[-117.05039,46.47686],[-117.04733,46.475],[-117.04531,46.47448],[-117.04248,46.47419],[-117.03908,46.47429],[-117.03877,46.4445],[-117.04195,46.44441],[-117.04315,46.44459],[-117.04375,46.44515],[-117.04449,46.44517],[-117.04524,46.44496],[-117.0476,46.44516],[-117.04804,46.44545],[-117.04827,46.44543],[-117.04827,46.44476],[-117.04787,46.44414],[-117.04788,46.4437],[-117.04851,46.44261],[-117.0488,46.44243],[-117.04931,46.44242],[-117.04979,46.44269],[-117.05024,46.44319],[-117.05089,46.44341],[-117.05101,46.44305],[-117.05143,46.4428],[-117.05149,46.44163],[-117.05186,46.44132],[-117.05217,46.44134],[-117.05301,46.44185],[-117.05351,46.44253],[-117.05682,46.44314],[-117.05726,46.44339],[-117.05737,46.44362],[-117.05716,46.44394],[-117.05618,46.44425],[-117.05599,46.44461],[-117.05596,46.44521],[-117.05614,46.44536],[-117.05685,46.44486],[-117.0571,46.44488],[-117.05735,46.44517],[-117.05891,46.44519],[-117.0598,46.44434],[-117.05994,46.44362],[-117.05978,46.44332],[-117.0598,46.44201],[-117.05929,46.44105],[-117.0594,46.44061],[-117.06062,46.44044],[-117.06179,46.44188],[-117.06324,46.44238],[-117.06472,46.44346],[-117.06463,46.44478],[-117.06369,46.44575],[-117.06374,46.44606],[-117.06495,46.4455],[-117.06596,46.44476],[-117.06652,46.44371],[-117.06664,46.44172],[-117.06701,46.44102],[-117.06776,46.44017],[-117.06838,46.4399],[-117.06853,46.44001],[-117.06787,46.44134],[-117.06842,46.44217],[-117.06838,46.44305],[-117.06887,46.4438],[-117.06885,46.44407],[-117.06782,46.44484],[-117.06766,46.44556],[-117.06829,46.44612],[-117.0685,46.44603],[-117.0683,46.4455],[-117.06886,46.44538],[-117.06988,46.44566],[-117.06989,46.44524],[-117.07028,46.44491],[-117.07127,46.4449],[-117.07121,46.4441],[-117.07136,46.4433],[-117.07152,46.4427],[-117.07173,46.44251],[-117.07314,46.44324],[-117.07335,46.44311],[-117.0742,46.4408],[-117.07492,46.43978],[-117.07676,46.44047],[-117.07751,46.44149],[-117.07757,46.44278],[-117.07793,46.44265],[-117.0798,46.44044],[-117.08018,46.44033],[-117.08066,46.44055],[-117.08093,46.44091],[-117.08168,46.44139],[-117.08173,46.44164],[-117.08128,46.44234],[-117.0802,46.44315],[-117.08035,46.44352],[-117.08094,46.44407],[-117.08093,46.44436],[-117.07977,46.44546],[-117.07979,46.44605],[-117.07922,46.44686],[-117.07911,46.44735],[-117.07837,46.44778],[-117.07941,46.44846],[-117.07947,46.44941],[-117.08065,46.44955],[-117.08084,46.4479],[-117.08196,46.44703],[-117.0826,46.44687],[-117.08316,46.44701],[-117.08385,46.44752],[-117.08536,46.44906],[-117.08628,46.44956],[-117.08672,46.45],[-117.08708,46.45021],[-117.08759,46.45018],[-117.08642,46.44828],[-117.08589,46.44702],[-117.08584,46.44599],[-117.08723,46.44506],[-117.08784,46.445],[-117.08782,46.44441],[-117.08823,46.44416],[-117.08915,46.44406],[-117.08966,46.44346],[-117.08972,46.44276],[-117.0892,46.44187],[-117.08841,46.44107],[-117.08838,46.44065],[-117.08887,46.44014],[-117.08912,46.43924],[-117.08968,46.43904],[-117.09065,46.43977],[-117.09144,46.44009],[-117.0916,46.44056],[-117.09252,46.44126],[-117.09292,46.44187],[-117.09338,46.44195],[-117.09352,46.44165],[-117.0934,46.43942],[-117.09456,46.43808],[-117.09518,46.43784],[-117.09612,46.43837],[-117.09644,46.43872],[-117.09645,46.4394],[-117.09696,46.4397],[-117.09821,46.43902],[-117.09871,46.43741],[-117.09906,46.43742],[-117.10009,46.4379],[-117.10055,46.43863],[-117.09941,46.43972],[-117.09934,46.44049],[-117.09958,46.44058],[-117.10063,46.44031],[-117.10137,46.44044],[-117.10167,46.44069],[-117.10163,46.44152],[-117.09994,46.44255],[-117.09909,46.4441],[-117.09925,46.4443],[-117.10009,46.44441],[-117.10061,46.44489],[-117.10087,46.44532],[-117.10034,46.44574],[-117.10047,46.44587],[-117.10124,46.44593],[-117.10161,46.44574],[-117.10228,46.44499],[-117.10267,46.44495],[-117.10351,46.44534],[-117.10365,46.44528],[-117.1034,46.44465],[-117.1027,46.44393],[-117.10408,46.44313],[-117.10612,46.44236],[-117.1064,46.44209],[-117.10645,46.44119],[-117.10743,46.4405],[-117.10757,46.44],[-117.10789,46.43965],[-117.10804,46.43862],[-117.10827,46.43839],[-117.10975,46.43837],[-117.11022,46.43812],[-117.11047,46.43817],[-117.11047,46.43852],[-117.10986,46.43925],[-117.10992,46.43996],[-117.10976,46.44049],[-117.11016,46.44083],[-117.11019,46.44141],[-117.11006,46.44169],[-117.1091,46.44239],[-117.10903,46.44311],[-117.11066,46.44421],[-117.11108,46.44374],[-117.11103,46.44309],[-117.1122,46.44264],[-117.11354,46.4416],[-117.11435,46.44182],[-117.11444,46.44226],[-117.11423,46.44293],[-117.1148,46.44325],[-117.11494,46.4442],[-117.11485,46.44584],[-117.11633,46.44519],[-117.11731,46.44448],[-117.11802,46.44429],[-117.11992,46.4427],[-117.12267,46.44268],[-117.12319,46.44222],[-117.12471,46.44201],[-117.12534,46.44253],[-117.12593,46.44279],[-117.12612,46.44299],[-117.12607,46.44321],[-117.1251,46.4441],[-117.12605,46.4453],[-117.12698,46.44533],[-117.12722,46.44603],[-117.12604,46.44671],[-117.12482,46.44696],[-117.12239,46.44712],[-117.12114,46.4477],[-117.12003,46.44878],[-117.12152,46.4484],[-117.12222,46.44858],[-117.12243,46.44913],[-117.12454,46.44943],[-117.12497,46.4498],[-117.12506,46.45032],[-117.1244,46.45149],[-117.1263,46.45155],[-117.12647,46.45195],[-117.12638,46.45229],[-117.12575,46.45285],[-117.12493,46.45408],[-117.12546,46.45442],[-117.12546,46.45464],[-117.12467,46.45511],[-117.11983,46.45611],[-117.11931,46.4565],[-117.11939,46.45674],[-117.12165,46.45668],[-117.12287,46.45702],[-117.12369,46.45673],[-117.12421,46.45695],[-117.12431,46.45729],[-117.12419,46.45806],[-117.12445,46.45807],[-117.12625,46.45728],[-117.12726,46.45795],[-117.12752,46.45788],[-117.12781,46.45737],[-117.12813,46.45731],[-117.12843,46.4575],[-117.12933,46.45889],[-117.13014,46.45917],[-117.13016,46.45845],[-117.1315,46.45668],[-117.13179,46.45674],[-117.13264,46.458],[-117.13296,46.45824],[-117.13312,46.45822],[-117.13363,46.45706],[-117.13396,46.45688],[-117.13434,46.45694],[-117.13529,46.45753],[-117.13576,46.45667],[-117.13557,46.45556],[-117.13592,46.45529],[-117.13583,46.45471],[-117.13557,46.45437],[-117.13558,46.45395],[-117.13647,46.45324],[-117.13677,46.4526],[-117.13826,46.45229],[-117.13911,46.45166],[-117.13985,46.45187],[-117.14109,46.45175],[-117.14148,46.4519],[-117.14168,46.45226],[-117.14131,46.4534],[-117.14273,46.45342],[-117.14325,46.45418],[-117.14362,46.45515],[-117.14361,46.45592],[-117.14297,46.45664],[-117.14304,46.45684],[-117.14444,46.45625],[-117.14529,46.45672],[-117.1456,46.45668],[-117.14556,46.45572],[-117.14607,46.45516],[-117.14706,46.4523],[-117.14712,46.45117],[-117.14682,46.44893],[-117.1492,46.4484],[-117.14948,46.45046],[-117.15057,46.45288],[-117.15086,46.45319],[-117.15116,46.45317],[-117.1514,46.45288],[-117.1516,46.45082],[-117.15185,46.4503],[-117.1523,46.44979],[-117.1533,46.44914],[-117.15373,46.44912],[-117.15444,46.44949],[-117.15569,46.45085],[-117.15595,46.45087],[-117.15611,46.45067],[-117.15638,46.44912],[-117.15631,46.44843],[-117.1555,46.4464],[-117.15591,46.44581],[-117.15603,46.44508],[-117.15753,46.44489],[-117.15807,46.44506],[-117.15968,46.44675],[-117.16089,46.44764],[-117.16171,46.44568],[-117.16204,46.4456],[-117.16474,46.44593],[-117.16471,46.4454],[-117.16394,46.44454],[-117.16246,46.44396],[-117.1621,46.44365],[-117.16211,46.44316],[-117.16273,46.44201],[-117.1637,46.44185],[-117.16466,46.44236],[-117.16591,46.44263],[-117.16733,46.44098],[-117.16776,46.44087],[-117.16809,46.44097],[-117.1686,46.44243],[-117.16863,46.44311],[-117.1695,46.44361],[-117.16988,46.44415],[-117.17111,46.44365],[-117.17094,46.44298],[-117.17141,46.44228],[-117.17244,46.44224],[-117.17323,46.44188],[-117.17413,46.44185],[-117.17515,46.44152],[-117.17412,46.4407],[-117.17373,46.43856],[-117.17533,46.43849],[-117.176,46.43794],[-117.17682,46.43774],[-117.17759,46.43806],[-117.17857,46.43773],[-117.17816,46.43744],[-117.1781,46.43662],[-117.17784,46.43616],[-117.17797,46.43588],[-117.1805,46.43577],[-117.18249,46.43595],[-117.18269,46.43584],[-117.18182,46.4348],[-117.18128,46.43337],[-117.18196,46.43326],[-117.18205,46.43288],[-117.18202,46.43249],[-117.18148,46.43182],[-117.18139,46.43129],[-117.18192,46.43103],[-117.18471,46.43108],[-117.18639,46.43035],[-117.18633,46.42585],[-117.22935,46.42592],[-117.22935,46.42488],[-117.23022,46.42312],[-117.22993,46.42234],[-117.23124,46.42134],[-117.23154,46.42123],[-117.23181,46.42138],[-117.23217,46.42133],[-117.23219,46.42116],[-117.23154,46.42014],[-117.23068,46.41804],[-117.22936,46.41765],[-117.22937,46.41484],[-117.23089,46.41425],[-117.23113,46.41473],[-117.23112,46.4158],[-117.23199,46.41584],[-117.23199,46.4171],[-117.23214,46.41721],[-117.23304,46.41693],[-117.2359,46.41652],[-117.23766,46.41649],[-117.23798,46.41674],[-117.23815,46.41705],[-117.2375,46.41843],[-117.23761,46.41921],[-117.23724,46.41969],[-117.23784,46.42017],[-117.23783,46.42078],[-117.23866,46.4206],[-117.23955,46.41934],[-117.24035,46.42005],[-117.24021,46.42147],[-117.23953,46.42187],[-117.23911,46.42255],[-117.23937,46.42275],[-117.23936,46.42317],[-117.23975,46.42329],[-117.24045,46.42237],[-117.24156,46.42246],[-117.24205,46.4228],[-117.2422,46.42345],[-117.24264,46.4241],[-117.24311,46.42437],[-117.24424,46.42188],[-117.24446,46.42175],[-117.24475,46.42227],[-117.24535,46.42264],[-117.24555,46.42319],[-117.24603,46.42363],[-117.24706,46.4236],[-117.24743,46.42388],[-117.24784,46.42461],[-117.24862,46.42432],[-117.24908,46.42391],[-117.24922,46.42358],[-117.25001,46.42368],[-117.25121,46.42448],[-117.25157,46.42435],[-117.25221,46.42371],[-117.25295,46.42356],[-117.253,46.42385],[-117.2525,46.42427],[-117.25074,46.42645],[-117.25191,46.42635],[-117.25252,46.42686],[-117.25271,46.42718],[-117.25265,46.42742],[-117.2522,46.42771],[-117.25282,46.42808],[-117.25246,46.42871],[-117.25339,46.4287],[-117.2554,46.42746],[-117.25598,46.4275],[-117.25645,46.42763],[-117.2568,46.42809],[-117.25667,46.42922],[-117.25689,46.42926],[-117.25785,46.42822],[-117.25848,46.42777],[-117.25863,46.42702],[-117.25945,46.427],[-117.26043,46.42651],[-117.26152,46.42716],[-117.26297,46.4268],[-117.26379,46.42604],[-117.26421,46.42646],[-117.26419,46.42707],[-117.26287,46.42842],[-117.26279,46.42911],[-117.26192,46.42972],[-117.26099,46.42986],[-117.26066,46.43023],[-117.26164,46.43033],[-117.26206,46.43058],[-117.26241,46.43088],[-117.26266,46.43156],[-117.26281,46.43159],[-117.26436,46.43059],[-117.266,46.43016],[-117.26634,46.43023],[-117.26653,46.43038],[-117.26651,46.43064],[-117.26553,46.43071],[-117.26473,46.43122],[-117.26453,46.43153],[-117.26437,46.43272],[-117.265,46.43275],[-117.2653,46.43213],[-117.26561,46.43205],[-117.26801,46.43263],[-117.26859,46.43259],[-117.26924,46.43319],[-117.26914,46.43375],[-117.26978,46.43375],[-117.27043,46.43416],[-117.27101,46.43275],[-117.27086,46.43124],[-117.2712,46.43093],[-117.27159,46.43087],[-117.27329,46.43134],[-117.27332,46.4331],[-117.27288,46.43389],[-117.27287,46.43463],[-117.27307,46.43482],[-117.27359,46.43477],[-117.27365,46.43438],[-117.27388,46.43413],[-117.27508,46.43419],[-117.27605,46.43327],[-117.27719,46.43261],[-117.27761,46.43268],[-117.27746,46.43369],[-117.27759,46.43419],[-117.28081,46.4332],[-117.28173,46.4332],[-117.28193,46.43376],[-117.28186,46.43472],[-117.28144,46.43517],[-117.28024,46.43588],[-117.27953,46.43693],[-117.27881,46.43709],[-117.27924,46.43752],[-117.28034,46.43763],[-117.2816,46.43718],[-117.28471,46.43681],[-117.28668,46.43582],[-117.28713,46.43574],[-117.28792,46.43609],[-117.28666,46.43802],[-117.28509,46.43892],[-117.28519,46.43959],[-117.28483,46.44],[-117.28502,46.44033],[-117.28501,46.44081],[-117.28471,46.44109],[-117.28545,46.44109],[-117.28657,46.44028],[-117.28993,46.44014],[-117.28992,46.44046],[-117.28948,46.44125],[-117.28946,46.44226],[-117.28793,46.44344],[-117.28862,46.44415],[-117.2886,46.44465],[-117.28714,46.44586],[-117.28895,46.44608],[-117.28952,46.44662],[-117.28946,46.44715],[-117.2887,46.44773],[-117.28879,46.44817],[-117.28864,46.4484],[-117.2876,46.44911],[-117.28569,46.44931],[-117.28417,46.44975],[-117.28393,46.44996],[-117.28199,46.45],[-117.28065,46.45032],[-117.28004,46.45065],[-117.28103,46.45115],[-117.28195,46.45097],[-117.28484,46.45161],[-117.28585,46.45233],[-117.28656,46.45181],[-117.2897,46.45182],[-117.29009,46.452],[-117.29087,46.45376],[-117.29076,46.45478],[-117.2909,46.45509],[-117.29064,46.45572],[-117.29167,46.45624],[-117.29189,46.45661],[-117.2919,46.45723],[-117.29177,46.45751],[-117.29045,46.45825],[-117.29011,46.45862],[-117.29056,46.45871],[-117.29269,46.45853],[-117.29293,46.45864],[-117.29344,46.4595],[-117.29394,46.4617],[-117.29375,46.46236],[-117.29274,46.46334],[-117.29258,46.46372],[-117.29265,46.46433],[-117.29333,46.46371],[-117.29526,46.46276],[-117.29582,46.4622],[-117.29782,46.46199],[-117.29777,46.46186],[-117.29593,46.46128],[-117.2957,46.45861],[-117.29607,46.45808],[-117.29605,46.45761],[-117.29627,46.45692],[-117.29605,46.45603],[-117.29611,46.45572],[-117.29677,46.45523],[-117.29558,46.45446],[-117.29538,46.45399],[-117.29574,46.45165],[-117.29595,46.45151],[-117.29668,46.45161],[-117.29991,46.45256],[-117.30098,46.45259],[-117.30028,46.45205],[-117.2987,46.45022],[-117.29877,46.44966],[-117.30037,46.4497],[-117.30054,46.44846],[-117.30083,46.4479],[-117.30174,46.44789],[-117.3042,46.44873],[-117.30371,46.44743],[-117.30365,46.44711],[-117.30379,46.44687],[-117.30467,46.44629],[-117.30646,46.44631],[-117.30644,46.44611],[-117.30591,46.44577],[-117.30481,46.44539],[-117.30321,46.44525],[-117.30298,46.44508],[-117.30439,46.44448],[-117.30456,46.44389],[-117.30554,46.4432],[-117.30485,46.44264],[-117.30323,46.44207],[-117.30342,46.4418],[-117.30474,46.44128],[-117.30521,46.44088],[-117.30515,46.43993],[-117.30471,46.43913],[-117.30482,46.43864],[-117.30505,46.43854],[-117.30587,46.43882],[-117.30718,46.44005],[-117.30853,46.43999],[-117.30869,46.44022],[-117.3087,46.44125],[-117.30943,46.44145],[-117.31073,46.44072],[-117.3121,46.44077],[-117.31255,46.44112],[-117.31255,46.44153],[-117.31214,46.44245],[-117.31076,46.44339],[-117.31277,46.44361],[-117.31345,46.44444],[-117.31398,46.44416],[-117.31472,46.4433],[-117.31568,46.44351],[-117.31649,46.44349],[-117.31768,46.44333],[-117.31857,46.44276],[-117.31918,46.44372],[-117.31956,46.44395],[-117.31955,46.44444],[-117.31854,46.44498],[-117.3173,46.44536],[-117.31722,46.44556],[-117.31732,46.44568],[-117.31838,46.44568],[-117.31977,46.44631],[-117.31975,46.44753],[-117.31944,46.4481],[-117.31955,46.44818],[-117.32081,46.44766],[-117.32182,46.44679],[-117.32232,46.44676],[-117.32301,46.447],[-117.32503,46.44688],[-117.32523,46.44704],[-117.3256,46.447],[-117.32634,46.44658],[-117.32682,46.44655],[-117.32716,46.44672],[-117.32725,46.44718],[-117.32695,46.4478],[-117.32442,46.44909],[-117.32324,46.44933],[-117.32256,46.44968],[-117.32177,46.45064],[-117.32197,46.45082],[-117.32243,46.45081],[-117.32328,46.45028],[-117.32373,46.45028],[-117.32437,46.45051],[-117.32484,46.45143],[-117.325,46.45145],[-117.32585,46.45078],[-117.32614,46.45075],[-117.32657,46.45094],[-117.32692,46.45155],[-117.32702,46.45219],[-117.32782,46.45278],[-117.32815,46.45267],[-117.32907,46.45183],[-117.32993,46.4519],[-117.33083,46.4515],[-117.33129,46.45167],[-117.33157,46.45251],[-117.33087,46.45289],[-117.33077,46.45387],[-117.32987,46.45412],[-117.32988,46.45447],[-117.33065,46.45554],[-117.3306,46.45601],[-117.3286,46.45655],[-117.32755,46.45664],[-117.32759,46.45723],[-117.327,46.45809],[-117.32708,46.45834],[-117.32727,46.45835],[-117.32835,46.45806],[-117.32932,46.45804],[-117.32973,46.45824],[-117.32992,46.45853],[-117.32975,46.45937],[-117.32865,46.46092],[-117.32878,46.46175],[-117.32864,46.46232],[-117.32846,46.46248],[-117.32786,46.46251],[-117.32774,46.46269],[-117.32828,46.46312],[-117.32844,46.46345],[-117.32833,46.46492],[-117.32864,46.46556],[-117.32857,46.46604],[-117.32806,46.46677],[-117.32885,46.46681],[-117.32981,46.46797],[-117.33016,46.46803],[-117.33016,46.46765],[-117.32984,46.46697],[-117.32985,46.46529],[-117.3301,46.46468],[-117.33058,46.464],[-117.33119,46.46355],[-117.3312,46.4631],[-117.33167,46.46223],[-117.33291,46.46089],[-117.33348,46.46062],[-117.33436,46.46065],[-117.33549,46.46115],[-117.33848,46.46332],[-117.33874,46.46287],[-117.33837,46.46227],[-117.33828,46.46161],[-117.33759,46.46067],[-117.33747,46.46009],[-117.33657,46.45895],[-117.33657,46.45837],[-117.33683,46.45779],[-117.33744,46.45713],[-117.33796,46.45717],[-117.33931,46.45767],[-117.34051,46.45866],[-117.3412,46.45867],[-117.34213,46.45902],[-117.34289,46.45902],[-117.34415,46.45961],[-117.34521,46.45986],[-117.34571,46.46024],[-117.34583,46.46098],[-117.34707,46.46098],[-117.34879,46.46191],[-117.34888,46.46246],[-117.34871,46.46317],[-117.34961,46.46291],[-117.35025,46.46293],[-117.35107,46.46366],[-117.35194,46.46415],[-117.35201,46.46494],[-117.35313,46.465],[-117.35448,46.46549],[-117.35641,46.46683],[-117.35718,46.46667],[-117.35711,46.46626],[-117.355,46.46466],[-117.35508,46.46427],[-117.3561,46.46347],[-117.35613,46.46328],[-117.35482,46.46369],[-117.35423,46.46378],[-117.35394,46.46367],[-117.35328,46.46266],[-117.35231,46.462],[-117.35211,46.46168],[-117.3521,46.46103],[-117.35137,46.4603],[-117.35036,46.45974],[-117.34976,46.45918],[-117.34966,46.45809],[-117.34766,46.45768],[-117.34729,46.45706],[-117.34606,46.45649],[-117.34564,46.45597],[-117.34434,46.45556],[-117.34401,46.45509],[-117.34291,46.45479],[-117.34208,46.45421],[-117.34044,46.45346],[-117.33973,46.45287],[-117.33902,46.45268],[-117.33831,46.45211],[-117.33815,46.45128],[-117.33837,46.45088],[-117.33948,46.45013],[-117.33844,46.44941],[-117.33796,46.44871],[-117.33794,46.44791],[-117.33818,46.44747],[-117.33833,46.44735],[-117.3394,46.44735],[-117.34175,46.44773],[-117.34299,46.44775],[-117.34371,46.44743],[-117.34078,46.44654],[-117.33948,46.44545],[-117.33919,46.44487],[-117.33908,46.44439],[-117.33985,46.44403],[-117.33996,46.44347],[-117.33965,46.44301],[-117.33971,46.44259],[-117.34044,46.44192],[-117.34148,46.44142],[-117.34321,46.44142],[-117.34298,46.4409],[-117.34239,46.44035],[-117.34065,46.43968],[-117.34126,46.43917],[-117.34109,46.43848],[-117.34204,46.43784],[-117.34299,46.43766],[-117.34361,46.43784],[-117.34399,46.43835],[-117.34433,46.43842],[-117.34524,46.43799],[-117.34604,46.43812],[-117.34649,46.43885],[-117.34633,46.43933],[-117.34667,46.43948],[-117.34747,46.43938],[-117.34857,46.43872],[-117.35044,46.43875],[-117.35119,46.4391],[-117.35153,46.43966],[-117.3514,46.44069],[-117.35223,46.44085],[-117.35253,46.44112],[-117.35276,46.44172],[-117.35314,46.44172],[-117.35362,46.43996],[-117.35395,46.43942],[-117.35427,46.43921],[-117.35663,46.43962],[-117.35679,46.439],[-117.36009,46.43818],[-117.36191,46.43812],[-117.36215,46.4382],[-117.36257,46.43902],[-117.36316,46.43851],[-117.36498,46.43842],[-117.36592,46.4386],[-117.36814,46.43947],[-117.36872,46.43941],[-117.36872,46.43919],[-117.36443,46.43732],[-117.36413,46.43681],[-117.36316,46.43678],[-117.36148,46.43633],[-117.36068,46.43634],[-117.35973,46.43664],[-117.35839,46.43661],[-117.35789,46.43637],[-117.35758,46.43587],[-117.35711,46.43587],[-117.35687,46.43609],[-117.35652,46.43613],[-117.35448,46.4359],[-117.35331,46.43525],[-117.35283,46.43535],[-117.35117,46.43519],[-117.35037,46.435],[-117.34883,46.43429],[-117.34876,46.43418],[-117.34926,46.43354],[-117.34795,46.43326],[-117.3463,46.43315],[-117.34556,46.43274],[-117.34504,46.43174],[-117.34503,46.43114],[-117.34524,46.43044],[-117.34558,46.43008],[-117.34625,46.42977],[-117.3477,46.42961],[-117.34785,46.42947],[-117.34725,46.42889],[-117.34718,46.42864],[-117.3475,46.42835],[-117.34869,46.42781],[-117.3497,46.42771],[-117.35144,46.42828],[-117.35212,46.4284],[-117.35307,46.42833],[-117.35315,46.42819],[-117.35098,46.42708],[-117.34906,46.42649],[-117.34372,46.42678],[-117.34328,46.42748],[-117.34239,46.42801],[-117.3419,46.42857],[-117.3394,46.42941],[-117.33775,46.43027],[-117.33734,46.43021],[-117.33777,46.42874],[-117.33762,46.42831],[-117.33779,46.42795],[-117.33987,46.42704],[-117.3407,46.42486],[-117.34145,46.42369],[-117.34223,46.42279],[-117.34329,46.42215],[-117.34411,46.42217],[-117.34449,46.42264],[-117.34476,46.42569],[-117.34512,46.42595],[-117.34762,46.42535],[-117.34913,46.424],[-117.35067,46.42428],[-117.35187,46.42537],[-117.35272,46.425],[-117.3534,46.42504],[-117.35464,46.42556],[-117.35533,46.42608],[-117.35571,46.4258],[-117.35648,46.42562],[-117.35667,46.42544],[-117.3566,46.42511],[-117.3556,46.42502],[-117.35471,46.42353],[-117.35518,46.42299],[-117.35362,46.42296],[-117.35228,46.42156],[-117.3521,46.42116],[-117.35361,46.42116],[-117.35409,46.4209],[-117.35442,46.4204],[-117.35493,46.42037],[-117.3561,46.42089],[-117.35699,46.42088],[-117.35729,46.41998],[-117.35779,46.41957],[-117.35895,46.41958],[-117.35974,46.41925],[-117.35973,46.41901],[-117.35885,46.41813],[-117.35886,46.41764],[-117.35987,46.41706],[-117.36163,46.41705],[-117.36218,46.41604],[-117.36262,46.41564],[-117.36339,46.41533],[-117.36431,46.41532],[-117.36678,46.41715],[-117.36721,46.41815],[-117.36722,46.41868],[-117.367,46.41927],[-117.36713,46.41965],[-117.36702,46.42015],[-117.36824,46.42035],[-117.36868,46.42028],[-117.36844,46.4199],[-117.36844,46.41935],[-117.36861,46.41903],[-117.36933,46.41849],[-117.36943,46.41713],[-117.36892,46.4157],[-117.36903,46.41536],[-117.37119,46.41534],[-117.37099,46.41399],[-117.37478,46.41189],[-117.37668,46.41199],[-117.38106,46.41534],[-117.38152,46.41596],[-117.38252,46.41603],[-117.38258,46.41576],[-117.38156,46.41451],[-117.38154,46.4137],[-117.381,46.41309],[-117.3807,46.41228],[-117.38015,46.41144],[-117.38021,46.41072],[-117.38137,46.41008],[-117.38299,46.40962],[-117.38384,46.40966],[-117.38505,46.41041],[-117.386,46.40949],[-117.38775,46.40938],[-117.38879,46.40967],[-117.38964,46.41012],[-117.3898,46.41007],[-117.38984,46.4094],[-117.39171,46.40826],[-117.39301,46.40825],[-117.39378,46.4086],[-117.39377,46.40777],[-117.39531,46.40664],[-117.39618,46.40636],[-117.39714,46.40627],[-117.39889,46.40687],[-117.39898,46.40674],[-117.39873,46.40612],[-117.39884,46.40568],[-117.40015,46.40519],[-117.40111,46.40517],[-117.40242,46.40562],[-117.40366,46.4058],[-117.40431,46.40622],[-117.40504,46.40622],[-117.40648,46.40679],[-117.40667,46.40672],[-117.4065,46.40633],[-117.40546,46.40521],[-117.40466,46.4048],[-117.40425,46.4042],[-117.40425,46.40376],[-117.40473,46.40342],[-117.40593,46.40311],[-117.40626,46.40257],[-117.407,46.40199],[-117.4075,46.40182],[-117.40813,46.40207],[-117.40887,46.4021],[-117.40837,46.40171],[-117.40839,46.40152],[-117.40889,46.40102],[-117.41016,46.40018],[-117.41087,46.40019],[-117.4109,46.39985],[-117.41249,46.39901],[-117.41323,46.39801],[-117.41361,46.39787],[-117.41434,46.39611],[-117.41473,46.39576],[-117.41473,46.39523],[-117.41636,46.39342],[-117.41602,46.39136],[-117.41615,46.39099],[-117.41596,46.3907],[-117.41552,46.39107],[-117.41518,46.39166],[-117.4153,46.39252],[-117.4119,46.39637],[-117.40861,46.39834],[-117.40654,46.39891],[-117.40405,46.39997],[-117.40194,46.40054],[-117.40038,46.4009],[-117.39993,46.40089],[-117.39943,46.40056],[-117.39898,46.40059],[-117.39739,46.40133],[-117.39662,46.40149],[-117.39529,46.40224],[-117.39195,46.40318],[-117.39029,46.40178],[-117.38999,46.4006],[-117.39015,46.39952],[-117.39102,46.39884],[-117.39209,46.39836],[-117.39203,46.39823],[-117.39166,46.3982],[-117.38984,46.39882],[-117.38881,46.3997],[-117.38814,46.40103],[-117.38794,46.40179],[-117.38795,46.40324],[-117.38747,46.40413],[-117.38542,46.40431],[-117.38083,46.40508],[-117.38046,46.40491],[-117.38048,46.40403],[-117.38138,46.40216],[-117.38135,46.40134],[-117.38168,46.40034],[-117.383,46.39813],[-117.38334,46.39656],[-117.38381,46.39574],[-117.38404,46.39467],[-117.38422,46.39444],[-117.38402,46.394],[-117.38424,46.39359],[-117.38403,46.39319],[-117.38394,46.39248],[-117.38363,46.39214],[-117.38321,46.39278],[-117.3828,46.39428],[-117.38235,46.39462],[-117.38233,46.39524],[-117.38193,46.39592],[-117.38082,46.39724],[-117.38031,46.39744],[-117.38015,46.39791],[-117.37827,46.40012],[-117.37791,46.4002],[-117.37707,46.40003],[-117.37706,46.40099],[-117.37734,46.40133],[-117.37716,46.40174],[-117.37614,46.4029],[-117.37524,46.40327],[-117.37531,46.40423],[-117.37494,46.4048],[-117.37422,46.40535],[-117.37296,46.40567],[-117.37287,46.40609],[-117.37269,46.40624],[-117.36725,46.40816],[-117.36593,46.40734],[-117.36591,46.40688],[-117.36617,46.40636],[-117.36782,46.40483],[-117.36766,46.40473],[-117.36628,46.40511],[-117.36568,46.40503],[-117.36506,46.40546],[-117.36389,46.40533],[-117.36249,46.40542],[-117.36189,46.40498],[-117.36132,46.40533],[-117.36281,46.4064],[-117.36263,46.4077],[-117.36274,46.40861],[-117.36251,46.40891],[-117.36169,46.40896],[-117.36056,46.40826],[-117.35944,46.40798],[-117.35911,46.409],[-117.3569,46.40931],[-117.35716,46.4099],[-117.35711,46.41016],[-117.3561,46.41054],[-117.355,46.41067],[-117.3544,46.41023],[-117.35408,46.41021],[-117.35303,46.41066],[-117.35214,46.41055],[-117.3511,46.40951],[-117.3509,46.40953],[-117.34888,46.41075],[-117.34798,46.41146],[-117.34796,46.412],[-117.34754,46.41232],[-117.34553,46.41239],[-117.34504,46.41208],[-117.34338,46.4118],[-117.34335,46.41149],[-117.34407,46.41063],[-117.34516,46.40987],[-117.34478,46.40945],[-117.34477,46.40888],[-117.34493,46.40827],[-117.34536,46.40767],[-117.34441,46.40699],[-117.34441,46.40678],[-117.34535,46.40623],[-117.34652,46.40614],[-117.34769,46.40572],[-117.34753,46.40554],[-117.34587,46.40558],[-117.34546,46.40525],[-117.34569,46.4036],[-117.34625,46.40278],[-117.34635,46.40141],[-117.34571,46.40169],[-117.34532,46.40167],[-117.3447,46.40287],[-117.34407,46.40327],[-117.34352,46.40487],[-117.34282,46.40551],[-117.34165,46.40615],[-117.34141,46.40687],[-117.34183,46.40786],[-117.34152,46.40832],[-117.34093,46.40872],[-117.34019,46.40892],[-117.33937,46.40861],[-117.33797,46.40662],[-117.33646,46.40558],[-117.33588,46.4054],[-117.33474,46.40434],[-117.33474,46.40379],[-117.33459,46.40363],[-117.33419,46.40366],[-117.33369,46.40418],[-117.33414,46.40479],[-117.33399,46.40578],[-117.33475,46.40633],[-117.33479,46.40697],[-117.33572,46.40714],[-117.33608,46.40758],[-117.33612,46.40801],[-117.33596,46.40825],[-117.3362,46.40886],[-117.33619,46.40938],[-117.33573,46.40996],[-117.33387,46.41022],[-117.33307,46.41077],[-117.33265,46.41084],[-117.33141,46.4105],[-117.33078,46.41134],[-117.33064,46.41211],[-117.32963,46.41255],[-117.32861,46.41344],[-117.3282,46.41342],[-117.32757,46.41174],[-117.32689,46.41115],[-117.32625,46.41135],[-117.32607,46.41169],[-117.32551,46.41169],[-117.32509,46.41188],[-117.32477,46.41243],[-117.32291,46.41269],[-117.32039,46.41139],[-117.32031,46.41124],[-117.32087,46.41044],[-117.32075,46.40988],[-117.32089,46.40956],[-117.32254,46.40862],[-117.32258,46.40702],[-117.32245,46.40692],[-117.32125,46.40792],[-117.32031,46.40799],[-117.31862,46.40916],[-117.31828,46.40917],[-117.31372,46.40614],[-117.31335,46.40608],[-117.31242,46.40522],[-117.31232,46.40569],[-117.31406,46.40765],[-117.31407,46.40865],[-117.31461,46.40887],[-117.31597,46.41055],[-117.31612,46.41111],[-117.31602,46.4121],[-117.31646,46.41256],[-117.31655,46.41312],[-117.31699,46.41343],[-117.31716,46.41385],[-117.31677,46.41486],[-117.3178,46.41573],[-117.31692,46.41659],[-117.31665,46.41734],[-117.31776,46.41845],[-117.318,46.41969],[-117.31705,46.42077],[-117.31536,46.42079],[-117.31448,46.42133],[-117.31419,46.42183],[-117.31339,46.42181],[-117.31279,46.42132],[-117.31252,46.42128],[-117.31041,46.42194],[-117.30976,46.42192],[-117.30886,46.4213],[-117.30863,46.41969],[-117.30897,46.41937],[-117.30981,46.41926],[-117.30992,46.41907],[-117.30939,46.41877],[-117.30941,46.4184],[-117.30965,46.4179],[-117.31031,46.41737],[-117.30925,46.41737],[-117.3089,46.41717],[-117.309,46.41657],[-117.30875,46.41622],[-117.3093,46.41509],[-117.30906,46.41481],[-117.30862,46.41476],[-117.30823,46.41391],[-117.308,46.41379],[-117.30709,46.41441],[-117.30507,46.41313],[-117.30446,46.41242],[-117.30387,46.41227],[-117.30318,46.41177],[-117.30243,46.4118],[-117.30306,46.41257],[-117.30344,46.4136],[-117.30366,46.41379],[-117.30426,46.41551],[-117.30413,46.41608],[-117.30422,46.41665],[-117.30386,46.41714],[-117.30336,46.4174],[-117.30328,46.41855],[-117.30292,46.41898],[-117.30243,46.41915],[-117.30162,46.41909],[-117.30061,46.41869],[-117.30014,46.41817],[-117.2985,46.41726],[-117.2981,46.41726],[-117.29755,46.41751],[-117.29727,46.41744],[-117.29686,46.41708],[-117.2965,46.41613],[-117.29588,46.41561],[-117.29541,46.41442],[-117.29481,46.41417],[-117.29417,46.41347],[-117.29379,46.41333],[-117.29325,46.4138],[-117.29308,46.41463],[-117.29278,46.41477],[-117.2906,46.41481],[-117.28864,46.41418],[-117.28861,46.41379],[-117.28904,46.41338],[-117.2871,46.41164],[-117.28671,46.41086],[-117.28633,46.4106],[-117.28632,46.40993],[-117.28599,46.40921],[-117.28633,46.40643],[-117.28576,46.40614],[-117.28445,46.40613],[-117.28308,46.40543],[-117.28082,46.40538],[-117.27973,46.40501],[-117.2788,46.40523],[-117.27751,46.40616],[-117.27629,46.40619],[-117.27587,46.40559],[-117.27436,46.40488],[-117.27353,46.40486],[-117.2721,46.40377],[-117.26993,46.40351],[-117.2691,46.40357],[-117.26876,46.40332],[-117.26872,46.40308],[-117.26916,46.40247],[-117.26997,46.40199],[-117.27262,46.40168],[-117.27356,46.40139],[-117.27398,46.40153],[-117.27521,46.40281],[-117.27616,46.40322],[-117.27638,46.40317],[-117.27784,46.40219],[-117.27802,46.40083],[-117.27846,46.39965],[-117.279,46.39886],[-117.28,46.39821],[-117.28055,46.39818],[-117.28112,46.3994],[-117.28136,46.40028],[-117.2811,46.40126],[-117.28133,46.40142],[-117.28175,46.40121],[-117.28296,46.40111],[-117.28315,46.40072],[-117.28374,46.40038],[-117.28509,46.4004],[-117.28448,46.39962],[-117.28437,46.39901],[-117.28561,46.39813],[-117.28624,46.39819],[-117.28747,46.39902],[-117.28829,46.39902],[-117.28895,46.39943],[-117.28979,46.39956],[-117.29012,46.3987],[-117.29022,46.39712],[-117.29054,46.39663],[-117.29116,46.39637],[-117.29189,46.39679],[-117.29216,46.39721],[-117.2922,46.3986],[-117.29255,46.3992],[-117.29285,46.39921],[-117.2936,46.39886],[-117.29426,46.3983],[-117.29455,46.39829],[-117.29687,46.39993],[-117.29707,46.39953],[-117.29685,46.39716],[-117.29606,46.39543],[-117.29605,46.39481],[-117.29635,46.3944],[-117.29665,46.39427],[-117.2973,46.39435],[-117.29918,46.39607],[-117.29969,46.39628],[-117.2997,46.39566],[-117.30015,46.39497],[-117.30014,46.39405],[-117.30079,46.3933],[-117.30123,46.39314],[-117.30183,46.39324],[-117.30247,46.39435],[-117.30326,46.3945],[-117.30404,46.39427],[-117.30445,46.39448],[-117.30444,46.39504],[-117.30573,46.39515],[-117.30628,46.39555],[-117.3063,46.39581],[-117.30771,46.39666],[-117.30794,46.39658],[-117.30796,46.39514],[-117.30879,46.39458],[-117.3074,46.39388],[-117.30741,46.39358],[-117.30846,46.39277],[-117.30676,46.39208],[-117.30687,46.39151],[-117.30668,46.39107],[-117.30671,46.39062],[-117.3074,46.39007],[-117.31003,46.39002],[-117.31004,46.38907],[-117.31029,46.38892],[-117.31147,46.3889],[-117.31177,46.38837],[-117.31239,46.38779],[-117.31552,46.38736],[-117.31664,46.38747],[-117.31694,46.38768],[-117.31752,46.38872],[-117.31792,46.38895],[-117.31875,46.38766],[-117.31875,46.38667],[-117.31893,46.38646],[-117.31977,46.38622],[-117.32075,46.38569],[-117.32165,46.38568],[-117.3223,46.38599],[-117.32274,46.38602],[-117.32383,46.3869],[-117.32481,46.38685],[-117.32547,46.3874],[-117.32586,46.38715],[-117.325,46.38566],[-117.32456,46.38527],[-117.32437,46.38474],[-117.32449,46.38451],[-117.32465,46.38438],[-117.32598,46.38441],[-117.32629,46.38429],[-117.32653,46.38284],[-117.32691,46.38265],[-117.32759,46.38271],[-117.32958,46.38363],[-117.32992,46.38365],[-117.33024,46.38178],[-117.3335,46.38158],[-117.33428,46.38222],[-117.33458,46.38223],[-117.33526,46.38191],[-117.33561,46.38192],[-117.33682,46.38267],[-117.33735,46.3835],[-117.33869,46.38355],[-117.33925,46.38386],[-117.33925,46.38435],[-117.33942,46.3846],[-117.34033,46.38449],[-117.3406,46.38466],[-117.34077,46.38503],[-117.34076,46.38556],[-117.34166,46.38553],[-117.34192,46.38575],[-117.34214,46.38623],[-117.34221,46.38694],[-117.34263,46.38723],[-117.34279,46.38718],[-117.34295,46.38665],[-117.34379,46.38581],[-117.3442,46.3858],[-117.34464,46.38603],[-117.34641,46.38616],[-117.34747,46.38697],[-117.34763,46.38697],[-117.34781,46.38665],[-117.35028,46.38709],[-117.35039,46.38699],[-117.34982,46.38648],[-117.35004,46.38576],[-117.35042,46.38559],[-117.35139,46.38555],[-117.35271,46.38596],[-117.35239,46.38552],[-117.35238,46.38528],[-117.35259,46.38503],[-117.35377,46.38496],[-117.35526,46.38396],[-117.35686,46.38379],[-117.35675,46.3833],[-117.35746,46.38315],[-117.35796,46.38268],[-117.35843,46.38118],[-117.35908,46.38011],[-117.35931,46.37938],[-117.36063,46.37877],[-117.36173,46.37862],[-117.36433,46.37733],[-117.36436,46.3771],[-117.3631,46.37707],[-117.36207,46.37758],[-117.35884,46.37809],[-117.35769,46.37895],[-117.35615,46.38059],[-117.35528,46.37953],[-117.35483,46.37911],[-117.35458,46.3791],[-117.35443,46.37927],[-117.35476,46.38132],[-117.35453,46.38169],[-117.35398,46.38205],[-117.35287,46.38233],[-117.35013,46.38255],[-117.34949,46.38281],[-117.34636,46.38262],[-117.34539,46.38229],[-117.34399,46.38147],[-117.34398,46.38122],[-117.34435,46.38086],[-117.34432,46.38074],[-117.34305,46.38054],[-117.34263,46.38019],[-117.34172,46.37999],[-117.34151,46.37983],[-117.34144,46.37923],[-117.3402,46.37908],[-117.33885,46.37839],[-117.33909,46.37743],[-117.33943,46.37696],[-117.34023,46.37644],[-117.34066,46.37633],[-117.3406,46.37589],[-117.34086,46.37549],[-117.34175,46.37514],[-117.34142,46.37461],[-117.34178,46.37344],[-117.3435,46.37265],[-117.34248,46.37192],[-117.34277,46.37158],[-117.34342,46.37139],[-117.34316,46.371],[-117.34413,46.37033],[-117.3432,46.37017],[-117.34302,46.37001],[-117.34307,46.36912],[-117.34362,46.36872],[-117.34304,46.36856],[-117.34304,46.36834],[-117.34367,46.36768],[-117.34295,46.3675],[-117.34291,46.36717],[-117.34347,46.36662],[-117.34343,46.36648],[-117.34288,46.36643],[-117.34237,46.36471],[-117.34194,46.36404],[-117.34194,46.36374],[-117.34237,46.3635],[-117.34191,46.36327],[-117.34238,46.3628],[-117.34233,46.36083],[-117.34202,46.36088],[-117.34182,46.36189],[-117.34195,46.36261],[-117.34014,46.36335],[-117.34066,46.36385],[-117.34085,46.36431],[-117.34068,46.36458],[-117.34107,46.36502],[-117.34109,46.3656],[-117.34074,46.366],[-117.34113,46.3665],[-117.34075,46.36747],[-117.34071,46.36801],[-117.34019,46.36814],[-117.34014,46.36827],[-117.34051,46.36861],[-117.34061,46.36901],[-117.3405,46.36945],[-117.33972,46.36955],[-117.33962,46.36974],[-117.33976,46.36996],[-117.33914,46.37096],[-117.3385,46.37099],[-117.3388,46.37154],[-117.33884,46.37198],[-117.33842,46.37223],[-117.33746,46.3724],[-117.33745,46.37297],[-117.33701,46.3732],[-117.33589,46.37331],[-117.33598,46.37379],[-117.33578,46.37402],[-117.33464,46.37406],[-117.33458,46.37452],[-117.3344,46.37467],[-117.33387,46.37474],[-117.33272,46.37534],[-117.33136,46.37546],[-117.33095,46.3752],[-117.33027,46.3735],[-117.3304,46.37276],[-117.32986,46.37273],[-117.3295,46.37234],[-117.32963,46.37173],[-117.32949,46.37163],[-117.32898,46.37171],[-117.3285,46.37144],[-117.32828,46.3715],[-117.32827,46.37312],[-117.32752,46.3733],[-117.3275,46.37346],[-117.32785,46.37384],[-117.32742,46.37444],[-117.32581,46.37451],[-117.32465,46.37497],[-117.323,46.37501],[-117.32225,46.37558],[-117.32159,46.37562],[-117.32026,46.37645],[-117.31932,46.37672],[-117.31851,46.37679],[-117.31803,46.37631],[-117.31802,46.37508],[-117.31691,46.37518],[-117.31541,46.37613],[-117.31472,46.3762],[-117.31379,46.37609],[-117.31252,46.37517],[-117.31154,46.37508],[-117.31144,46.37586],[-117.31098,46.3764],[-117.31138,46.37726],[-117.3114,46.3779],[-117.31118,46.37847],[-117.30806,46.37819],[-117.30729,46.37783],[-117.3063,46.37786],[-117.30581,46.37766],[-117.30503,46.37821],[-117.30428,46.37808],[-117.30389,46.37942],[-117.30228,46.37981],[-117.3022,46.38003],[-117.3025,46.38058],[-117.3024,46.38111],[-117.29958,46.38208],[-117.29918,46.38207],[-117.29888,46.38179],[-117.29907,46.38113],[-117.29895,46.38092],[-117.29657,46.38135],[-117.29562,46.3808],[-117.29506,46.38078],[-117.29403,46.38108],[-117.29268,46.38108],[-117.29194,46.3814],[-117.29192,46.38167],[-117.29238,46.38235],[-117.29243,46.38278],[-117.29231,46.38327],[-117.29149,46.38455],[-117.28948,46.38476],[-117.2897,46.38374],[-117.28904,46.38255],[-117.2894,46.38206],[-117.29029,46.38135],[-117.2905,46.38087],[-117.29053,46.37991],[-117.29145,46.3793],[-117.29143,46.37907],[-117.29042,46.37896],[-117.28892,46.38008],[-117.28818,46.38037],[-117.28774,46.38031],[-117.28676,46.3796],[-117.28589,46.38001],[-117.28511,46.38078],[-117.28444,46.38107],[-117.28421,46.38229],[-117.28398,46.38256],[-117.28354,46.38261],[-117.283,46.38244],[-117.28238,46.38275],[-117.28214,46.38315],[-117.28196,46.38574],[-117.28162,46.38628],[-117.28125,46.38649],[-117.28076,46.38641],[-117.28061,46.38621],[-117.28046,46.38521],[-117.27993,46.38452],[-117.2799,46.38343],[-117.27967,46.383],[-117.27873,46.38207],[-117.2787,46.38123],[-117.2792,46.38083],[-117.28004,46.38081],[-117.28042,46.38063],[-117.2808,46.37991],[-117.28168,46.37966],[-117.28176,46.37914],[-117.28264,46.3788],[-117.28274,46.37792],[-117.283,46.37775],[-117.2845,46.37789],[-117.28462,46.37708],[-117.28502,46.37664],[-117.2862,46.37675],[-117.28666,46.37604],[-117.28702,46.37584],[-117.28848,46.37595],[-117.28858,46.37581],[-117.28822,46.37442],[-117.28989,46.37408],[-117.29066,46.37417],[-117.29147,46.37452],[-117.29201,46.37403],[-117.29294,46.37372],[-117.29387,46.3737],[-117.29477,46.37416],[-117.29526,46.37325],[-117.29592,46.37308],[-117.29671,46.37343],[-117.29665,46.37291],[-117.29678,46.37272],[-117.29828,46.37218],[-117.29956,46.37209],[-117.29974,46.37196],[-117.29932,46.37169],[-117.29831,46.37166],[-117.29595,46.37203],[-117.29571,46.3719],[-117.29559,46.37031],[-117.29531,46.37024],[-117.29485,46.37145],[-117.29427,46.37232],[-117.29294,46.37232],[-117.29241,46.37116],[-117.29206,46.3709],[-117.2919,46.37095],[-117.29186,46.37226],[-117.29147,46.37252],[-117.28962,46.37204],[-117.28843,46.37203],[-117.28628,46.37245],[-117.28571,46.37195],[-117.28571,46.37136],[-117.28515,46.3713],[-117.28487,46.37077],[-117.28463,46.37067],[-117.28408,46.37143],[-117.2833,46.37152],[-117.28326,46.37178],[-117.28397,46.37225],[-117.28415,46.37258],[-117.28416,46.37305],[-117.28205,46.3731],[-117.28183,46.37324],[-117.28185,46.3734],[-117.28227,46.37374],[-117.28222,46.37414],[-117.28188,46.37427],[-117.28072,46.37423],[-117.28034,46.37464],[-117.27915,46.37489],[-117.27868,46.37447],[-117.27791,46.37443],[-117.27754,46.37413],[-117.2766,46.37391],[-117.27643,46.37442],[-117.27611,46.37474],[-117.27606,46.37529],[-117.27579,46.37559],[-117.27411,46.37609],[-117.27318,46.37669],[-117.27255,46.37671],[-117.27187,46.37636],[-117.27104,46.37634],[-117.26987,46.37563],[-117.26957,46.37564],[-117.26898,46.37612],[-117.26846,46.37609],[-117.26753,46.37572],[-117.26686,46.37575],[-117.26676,46.37586],[-117.26709,46.37598],[-117.26749,46.3765],[-117.26739,46.37691],[-117.26751,46.37712],[-117.26838,46.37795],[-117.26817,46.37867],[-117.26666,46.37946],[-117.26669,46.37956],[-117.26798,46.37962],[-117.26846,46.3798],[-117.26849,46.38009],[-117.26812,46.38064],[-117.26744,46.38093],[-117.26606,46.38073],[-117.26492,46.38095],[-117.26691,46.38334],[-117.26652,46.3843],[-117.26537,46.38505],[-117.26578,46.38628],[-117.26582,46.38693],[-117.26568,46.38709],[-117.26468,46.38744],[-117.26416,46.3878],[-117.26393,46.38842],[-117.26377,46.38849],[-117.26341,46.38812],[-117.26328,46.38683],[-117.26304,46.38663],[-117.26201,46.38703],[-117.26107,46.38694],[-117.26037,46.38673],[-117.25994,46.38641],[-117.26006,46.38498],[-117.25981,46.38491],[-117.25894,46.38538],[-117.25847,46.38535],[-117.25838,46.38588],[-117.25804,46.38619],[-117.25735,46.38644],[-117.25604,46.38634],[-117.25547,46.38677],[-117.25536,46.38698],[-117.25577,46.38741],[-117.25583,46.38768],[-117.25563,46.3879],[-117.25461,46.38807],[-117.25436,46.38858],[-117.25401,46.38876],[-117.2526,46.38922],[-117.25125,46.38937],[-117.25117,46.38963],[-117.25159,46.38995],[-117.25158,46.39024],[-117.2496,46.39052],[-117.24965,46.39141],[-117.25019,46.39189],[-117.25014,46.39209],[-117.24912,46.39255],[-117.24906,46.39361],[-117.24886,46.3937],[-117.24698,46.39202],[-117.24661,46.39137],[-117.24533,46.39135],[-117.24265,46.3918],[-117.24206,46.39157],[-117.23936,46.39148],[-117.23822,46.39126],[-117.23486,46.38917],[-117.23449,46.38848],[-117.23479,46.38784],[-117.23514,46.38754],[-117.23737,46.38751],[-117.24037,46.38909],[-117.24092,46.38909],[-117.24146,46.38883],[-117.24179,46.38842],[-117.24375,46.38763],[-117.24442,46.38786],[-117.24525,46.38848],[-117.2466,46.38818],[-117.2465,46.38653],[-117.24691,46.38653],[-117.24861,46.38717],[-117.24887,46.38712],[-117.24937,46.38602],[-117.24984,46.38606],[-117.24994,46.3863],[-117.24975,46.387],[-117.25001,46.38702],[-117.25044,46.38668],[-117.25145,46.38634],[-117.25156,46.38536],[-117.25192,46.38473],[-117.25355,46.3827],[-117.25377,46.38139],[-117.25412,46.38103],[-117.2547,46.38092],[-117.25358,46.37961],[-117.25386,46.37885],[-117.25455,46.37853],[-117.25574,46.37896],[-117.25615,46.37843],[-117.25686,46.37802],[-117.25641,46.37757],[-117.25508,46.37712],[-117.25496,46.37698],[-117.25516,46.37637],[-117.25437,46.37609],[-117.25442,46.37585],[-117.25507,46.37532],[-117.25513,46.3747],[-117.25562,46.37452],[-117.25674,46.37494],[-117.25699,46.37487],[-117.25738,46.37416],[-117.2575,46.37289],[-117.25805,46.37283],[-117.25858,46.37347],[-117.25963,46.37285],[-117.26017,46.37223],[-117.25972,46.37167],[-117.25976,46.37136],[-117.26116,46.37098],[-117.26125,46.3703],[-117.26204,46.37027],[-117.26226,46.37003],[-117.26228,46.36933],[-117.26275,46.36895],[-117.26357,46.36867],[-117.26359,46.36782],[-117.26392,46.36753],[-117.26399,46.36703],[-117.26506,46.36664],[-117.26538,46.36662],[-117.26557,46.36678],[-117.26567,46.36778],[-117.26646,46.36928],[-117.26687,46.36888],[-117.26704,46.36807],[-117.26727,46.36787],[-117.26804,46.36783],[-117.26801,46.36731],[-117.26836,46.36688],[-117.26973,46.36645],[-117.27046,46.36709],[-117.27133,46.36677],[-117.2716,46.36689],[-117.27247,46.36778],[-117.27272,46.36782],[-117.27292,46.3675],[-117.27301,46.36673],[-117.27329,46.36641],[-117.27442,46.36651],[-117.27486,46.36689],[-117.27518,46.36686],[-117.27549,46.36636],[-117.27742,46.3664],[-117.27812,46.36607],[-117.27855,46.36625],[-117.27932,46.36703],[-117.2794,46.3674],[-117.27994,46.36737],[-117.28011,46.36603],[-117.28032,46.36586],[-117.28109,46.36575],[-117.2809,46.3654],[-117.28102,46.36509],[-117.28266,46.3648],[-117.2828,46.36467],[-117.2827,46.36422],[-117.28516,46.36288],[-117.28569,46.36279],[-117.28661,46.36199],[-117.2859,46.36197],[-117.28469,46.36259],[-117.28415,46.36266],[-117.28202,46.36352],[-117.28128,46.36401],[-117.27942,46.36442],[-117.27758,46.36445],[-117.27603,46.36469],[-117.27459,46.36421],[-117.27319,46.36413],[-117.27255,46.36366],[-117.27257,46.36338],[-117.2733,46.36301],[-117.27481,46.36323],[-117.27655,46.36315],[-117.27663,46.36303],[-117.27594,46.36258],[-117.27548,46.362],[-117.27556,46.36093],[-117.27628,46.35966],[-117.27686,46.35926],[-117.27704,46.35888],[-117.27799,46.35817],[-117.27877,46.35784],[-117.27947,46.3572],[-117.28085,46.35726],[-117.28058,46.35627],[-117.28072,46.35608],[-117.28149,46.35585],[-117.28249,46.35588],[-117.28317,46.35557],[-117.28385,46.35555],[-117.2848,46.35586],[-117.28522,46.35566],[-117.28599,46.35569],[-117.28614,46.35548],[-117.28454,46.35518],[-117.28266,46.35429],[-117.28362,46.35372],[-117.28405,46.35371],[-117.28452,46.35316],[-117.2848,46.35307],[-117.28538,46.35334],[-117.28584,46.35324],[-117.28576,46.35291],[-117.28587,46.35268],[-117.28699,46.35256],[-117.28705,46.35216],[-117.2891,46.35189],[-117.28938,46.35154],[-117.28936,46.35112],[-117.28983,46.3506],[-117.29012,46.3498],[-117.29047,46.34962],[-117.29124,46.34957],[-117.29088,46.34878],[-117.29145,46.34813],[-117.2921,46.34798],[-117.29272,46.3482],[-117.29267,46.3477],[-117.29337,46.34734],[-117.29515,46.34726],[-117.29662,46.34695],[-117.29723,46.34667],[-117.29903,46.34644],[-117.3006,46.34645],[-117.30136,46.3462],[-117.29785,46.34593],[-117.29754,46.34579],[-117.29743,46.34537],[-117.29726,46.34531],[-117.29624,46.34616],[-117.29368,46.34646],[-117.29328,46.34595],[-117.2928,46.34645],[-117.29215,46.34645],[-117.29146,46.34612],[-117.29122,46.34644],[-117.29089,46.34656],[-117.29042,46.34632],[-117.28993,46.34713],[-117.28844,46.34807],[-117.2878,46.34723],[-117.28653,46.3465],[-117.28654,46.34682],[-117.28744,46.34763],[-117.28733,46.3482],[-117.28702,46.34852],[-117.28698,46.34957],[-117.28656,46.34978],[-117.28543,46.34982],[-117.28466,46.35023],[-117.28408,46.35021],[-117.28344,46.34998],[-117.28321,46.3502],[-117.28286,46.35019],[-117.28249,46.34982],[-117.28229,46.34982],[-117.28216,46.34996],[-117.2823,46.35095],[-117.28218,46.35113],[-117.28064,46.35174],[-117.27988,46.35251],[-117.27963,46.3525],[-117.27922,46.35031],[-117.27808,46.34933],[-117.27798,46.34959],[-117.27851,46.35021],[-117.27849,46.35054],[-117.27832,46.3508],[-117.27723,46.35081],[-117.27753,46.35157],[-117.27717,46.3521],[-117.27659,46.3525],[-117.27659,46.35328],[-117.27641,46.35344],[-117.27562,46.35341],[-117.27417,46.35297],[-117.27467,46.35372],[-117.27452,46.35458],[-117.2747,46.35496],[-117.27457,46.35529],[-117.27476,46.35566],[-117.27471,46.35595],[-117.27307,46.356],[-117.2721,46.35662],[-117.26992,46.3564],[-117.27011,46.3572],[-117.26881,46.35708],[-117.26993,46.35829],[-117.27004,46.35882],[-117.26973,46.3591],[-117.26558,46.35931],[-117.26501,46.35877],[-117.26431,46.35755],[-117.26356,46.35704],[-117.26316,46.35789],[-117.2614,46.35934],[-117.26054,46.35985],[-117.26001,46.35987],[-117.25915,46.35919],[-117.25858,46.35734],[-117.25828,46.3574],[-117.25765,46.35835],[-117.25742,46.35846],[-117.25598,46.35843],[-117.2559,46.35857],[-117.25664,46.35892],[-117.25682,46.35949],[-117.25646,46.36066],[-117.25598,46.36131],[-117.25414,46.36124],[-117.25379,46.3622],[-117.25301,46.36229],[-117.25228,46.36203],[-117.25173,46.36239],[-117.25031,46.36274],[-117.25026,46.36308],[-117.25052,46.36318],[-117.2505,46.36355],[-117.24909,46.36358],[-117.24869,46.36449],[-117.24874,46.36498],[-117.24845,46.36539],[-117.24659,46.36576],[-117.24645,46.36616],[-117.24568,46.36647],[-117.24566,46.3667],[-117.24648,46.36754],[-117.24475,46.36848],[-117.24408,46.36977],[-117.24354,46.3702],[-117.24344,46.37062],[-117.24201,46.37126],[-117.24199,46.37176],[-117.24143,46.37192],[-117.24103,46.37191],[-117.24059,46.37158],[-117.24014,46.37071],[-117.23995,46.37065],[-117.23839,46.3711],[-117.23723,46.37089],[-117.23661,46.37104],[-117.23577,46.37096],[-117.23559,46.37076],[-117.23611,46.36923],[-117.23716,46.36811],[-117.23595,46.36766],[-117.23593,46.3671],[-117.23565,46.36697],[-117.23579,46.36661],[-117.23555,46.36601],[-117.23554,46.36542],[-117.2347,46.36532],[-117.23417,46.36486],[-117.23421,46.36398],[-117.23447,46.36353],[-117.23583,46.36272],[-117.2376,46.36234],[-117.23857,46.36229],[-117.23995,46.36256],[-117.24112,46.36213],[-117.2432,46.36195],[-117.24392,46.3615],[-117.24407,46.36121],[-117.24394,46.3611],[-117.2434,46.36134],[-117.242,46.36132],[-117.24157,46.36117],[-117.24136,46.3606],[-117.24103,46.36057],[-117.24076,46.36086],[-117.23976,46.36095],[-117.23762,46.36044],[-117.23721,46.36012],[-117.23723,46.35949],[-117.2377,46.3587],[-117.2382,46.35797],[-117.23921,46.3571],[-117.23946,46.35639],[-117.24046,46.355],[-117.2404,46.35481],[-117.23987,46.35499],[-117.23851,46.35653],[-117.2375,46.35713],[-117.23694,46.3572],[-117.23689,46.35779],[-117.23621,46.3582],[-117.23601,46.35879],[-117.23545,46.35937],[-117.23449,46.35994],[-117.23309,46.3601],[-117.23212,46.35991],[-117.23169,46.36001],[-117.2313,46.35981],[-117.23116,46.36],[-117.23064,46.36006],[-117.2305,46.36093],[-117.23028,46.36136],[-117.23042,46.36168],[-117.23017,46.36195],[-117.23015,46.3624],[-117.22945,46.36271],[-117.22895,46.36272],[-117.22895,46.3633],[-117.22851,46.3638],[-117.22828,46.36554],[-117.22837,46.36686],[-117.22816,46.36706],[-117.22761,46.36704],[-117.22722,46.3668],[-117.22654,46.36582],[-117.22579,46.36561],[-117.22489,46.36499],[-117.22472,46.3646],[-117.2241,46.36418],[-117.22394,46.36382],[-117.22334,46.36362],[-117.22322,46.36285],[-117.22301,46.36266],[-117.22213,46.36275],[-117.22116,46.3617],[-117.22096,46.36165],[-117.22082,46.36174],[-117.22071,46.36262],[-117.22047,46.36309],[-117.22015,46.36327],[-117.21921,46.36304],[-117.21848,46.36305],[-117.2187,46.36367],[-117.21837,46.36454],[-117.21789,46.36503],[-117.21642,46.36502],[-117.21557,46.36451],[-117.21402,46.36469],[-117.21321,46.36428],[-117.21309,46.36399],[-117.21326,46.36337],[-117.21464,46.36213],[-117.21465,46.36192],[-117.21244,46.36238],[-117.21126,46.36293],[-117.21024,46.36346],[-117.20937,46.36441],[-117.20852,46.3646],[-117.2078,46.36529],[-117.20683,46.36559],[-117.20572,46.36622],[-117.20544,46.36628],[-117.20508,46.36612],[-117.20404,46.36531],[-117.20325,46.365],[-117.20225,46.36545],[-117.20132,46.36656],[-117.20099,46.36667],[-117.1985,46.36654],[-117.19781,46.36672],[-117.19705,46.36663],[-117.19671,46.36654],[-117.19505,46.36524],[-117.19498,46.36443],[-117.19397,46.36405],[-117.19333,46.36358],[-117.19352,46.36334],[-117.1946,46.36343],[-117.19462,46.36325],[-117.19363,46.363],[-117.194,46.36223],[-117.19299,46.36214],[-117.19299,46.3619],[-117.19392,46.36165],[-117.19396,46.36149],[-117.19223,46.36121],[-117.19171,46.36086],[-117.19436,46.35999],[-117.19527,46.35988],[-117.19775,46.36009],[-117.2022,46.35971],[-117.20276,46.35957],[-117.20286,46.35942],[-117.20012,46.35905],[-117.19894,46.35909],[-117.19786,46.35821],[-117.19784,46.35781],[-117.1971,46.35754],[-117.19674,46.35717],[-117.19589,46.35751],[-117.19526,46.3575],[-117.19488,46.35728],[-117.19362,46.35719],[-117.19298,46.35683],[-117.19205,46.35681],[-117.19061,46.35569],[-117.19058,46.35531],[-117.19032,46.35504],[-117.1905,46.35485],[-117.1913,46.35484],[-117.1913,46.3547],[-117.19049,46.35446],[-117.19039,46.35402],[-117.18931,46.35414],[-117.18907,46.35391],[-117.18907,46.35337],[-117.1895,46.35244],[-117.18941,46.35214],[-117.18997,46.35155],[-117.19092,46.35111],[-117.19236,46.35096],[-117.1925,46.35087],[-117.1924,46.35042],[-117.19488,46.35],[-117.19545,46.34981],[-117.19547,46.34967],[-117.19418,46.34948],[-117.19405,46.34914],[-117.19436,46.3487],[-117.19248,46.34899],[-117.19105,46.34964],[-117.18887,46.34942],[-117.18835,46.34974],[-117.18801,46.34972],[-117.18724,46.34914],[-117.1881,46.34829],[-117.18807,46.34814],[-117.18605,46.3491],[-117.1847,46.34895],[-117.18436,46.34865],[-117.18421,46.34729],[-117.18344,46.34742],[-117.18298,46.34723],[-117.18355,46.34674],[-117.18355,46.34659],[-117.18162,46.34681],[-117.18131,46.34657],[-117.18172,46.34594],[-117.18171,46.34573],[-117.18064,46.34596],[-117.18033,46.34587],[-117.17883,46.34488],[-117.17906,46.34429],[-117.17784,46.34412],[-117.17702,46.34348],[-117.17723,46.34287],[-117.1776,46.34276],[-117.17972,46.34262],[-117.18066,46.34269],[-117.18126,46.34292],[-117.18274,46.34285],[-117.1835,46.343],[-117.1835,46.3428],[-117.18319,46.34255],[-117.18217,46.34201],[-117.1789,46.34146],[-117.17759,46.34076],[-117.17738,46.34044],[-117.17758,46.34003],[-117.17903,46.33927],[-117.18073,46.33958],[-117.18228,46.33895],[-117.18381,46.33983],[-117.18451,46.33987],[-117.18555,46.33959],[-117.18582,46.33975],[-117.18629,46.34061],[-117.18688,46.3409],[-117.18711,46.34084],[-117.18773,46.33998],[-117.18818,46.33992],[-117.18931,46.33992],[-117.19024,46.34043],[-117.19092,46.34007],[-117.19167,46.33998],[-117.19212,46.34008],[-117.19282,46.34052],[-117.19334,46.34059],[-117.1939,46.33983],[-117.19424,46.33964],[-117.19499,46.33979],[-117.19546,46.34025],[-117.19615,46.34044],[-117.19662,46.33982],[-117.19849,46.33991],[-117.1986,46.33979],[-117.19851,46.33909],[-117.20048,46.33891],[-117.20155,46.33909],[-117.20181,46.33842],[-117.20223,46.3382],[-117.20374,46.33803],[-117.20434,46.33803],[-117.20508,46.33838],[-117.20649,46.3401],[-117.2068,46.3401],[-117.20739,46.33889],[-117.20773,46.33881],[-117.20837,46.33888],[-117.20928,46.3393],[-117.20988,46.34049],[-117.21112,46.34018],[-117.212,46.34057],[-117.21239,46.34013],[-117.21318,46.33974],[-117.21376,46.33972],[-117.21388,46.33992],[-117.21357,46.34065],[-117.21355,46.34142],[-117.21323,46.34193],[-117.21415,46.34222],[-117.2147,46.3416],[-117.21521,46.34159],[-117.21541,46.34191],[-117.21546,46.3427],[-117.21566,46.34293],[-117.21638,46.34293],[-117.21672,46.34327],[-117.21697,46.34326],[-117.21699,46.34236],[-117.21722,46.34189],[-117.21812,46.34128],[-117.21884,46.34124],[-117.21947,46.34128],[-117.22034,46.34166],[-117.22043,46.342],[-117.22025,46.34241],[-117.22037,46.34249],[-117.22134,46.34234],[-117.22274,46.34306],[-117.223,46.34295],[-117.223,46.34276],[-117.22248,46.34255],[-117.22193,46.34199],[-117.22169,46.34153],[-117.22169,46.3411],[-117.22263,46.34052],[-117.22509,46.34052],[-117.22521,46.34028],[-117.22324,46.33975],[-117.22134,46.33991],[-117.22026,46.33971],[-117.21807,46.33858],[-117.21808,46.33796],[-117.217,46.33715],[-117.21699,46.33694],[-117.21724,46.33678],[-117.22018,46.33678],[-117.221,46.33649],[-117.22216,46.33644],[-117.22414,46.33652],[-117.22468,46.33666],[-117.22543,46.33723],[-117.22564,46.33722],[-117.22592,46.33666],[-117.22753,46.33604],[-117.22867,46.33604],[-117.22963,46.33633],[-117.23069,46.33633],[-117.23077,46.33619],[-117.22713,46.33505],[-117.22551,46.33504],[-117.22514,46.33479],[-117.22496,46.33437],[-117.2225,46.33434],[-117.22151,46.33369],[-117.22154,46.33288],[-117.21979,46.33205],[-117.21979,46.3317],[-117.21999,46.33136],[-117.22116,46.33092],[-117.22489,46.33093],[-117.22813,46.33033],[-117.22876,46.33033],[-117.22988,46.33116],[-117.22989,46.33068],[-117.23056,46.33026],[-117.22967,46.33002],[-117.2279,46.32907],[-117.22771,46.32889],[-117.22773,46.32869],[-117.22821,46.32841],[-117.22909,46.32825],[-117.2291,46.3281],[-117.2288,46.32794],[-117.22871,46.32744],[-117.22839,46.32698],[-117.22895,46.32615],[-117.22941,46.326],[-117.2295,46.32634],[-117.23052,46.32572],[-117.23086,46.32498],[-117.23141,46.32475],[-117.23214,46.32483],[-117.23443,46.32593],[-117.23434,46.32648],[-117.23521,46.32657],[-117.23619,46.3264],[-117.23661,46.3266],[-117.23686,46.32651],[-117.23815,46.3268],[-117.23855,46.32645],[-117.23912,46.32645],[-117.23948,46.32658],[-117.23989,46.32698],[-117.2405,46.32703],[-117.2408,46.32606],[-117.24099,46.32593],[-117.2432,46.32605],[-117.24538,46.32672],[-117.24539,46.32636],[-117.24318,46.3248],[-117.24263,46.32463],[-117.24206,46.32413],[-117.24013,46.32384],[-117.23999,46.32337],[-117.23925,46.3232],[-117.23917,46.32295],[-117.23805,46.32245],[-117.23805,46.32224],[-117.24034,46.32122],[-117.24315,46.32143],[-117.24314,46.32074],[-117.24327,46.32054],[-117.24419,46.32012],[-117.24452,46.32012],[-117.24498,46.32048],[-117.24701,46.32138],[-117.2473,46.32136],[-117.24731,46.32119],[-117.24643,46.32032],[-117.24651,46.31995],[-117.24721,46.32],[-117.24798,46.32056],[-117.24824,46.32058],[-117.24828,46.32044],[-117.24823,46.31951],[-117.24753,46.31892],[-117.24719,46.31844],[-117.24722,46.31818],[-117.24783,46.31797],[-117.24887,46.31799],[-117.24923,46.31808],[-117.24992,46.31864],[-117.25025,46.31825],[-117.25015,46.31726],[-117.25059,46.31696],[-117.25148,46.31705],[-117.25272,46.31789],[-117.25352,46.31806],[-117.2538,46.31829],[-117.25377,46.31874],[-117.25521,46.31877],[-117.25588,46.3198],[-117.25525,46.32067],[-117.25512,46.32121],[-117.25539,46.32125],[-117.25673,46.32067],[-117.25705,46.32073],[-117.25711,46.32206],[-117.25688,46.32273],[-117.25713,46.32273],[-117.25843,46.32164],[-117.25975,46.32138],[-117.26016,46.32253],[-117.26179,46.32256],[-117.26221,46.32232],[-117.26267,46.32229],[-117.26251,46.32334],[-117.26322,46.32289],[-117.26372,46.32283],[-117.26454,46.32321],[-117.26504,46.32367],[-117.26499,46.32434],[-117.26646,46.32422],[-117.26766,46.32465],[-117.2685,46.32473],[-117.26707,46.32385],[-117.26623,46.32364],[-117.26448,46.32219],[-117.26445,46.32191],[-117.26335,46.32143],[-117.26224,46.32122],[-117.26214,46.32066],[-117.26175,46.32028],[-117.26173,46.32],[-117.26238,46.31928],[-117.26239,46.31897],[-117.26153,46.31923],[-117.26082,46.31919],[-117.26055,46.31898],[-117.25998,46.31901],[-117.25885,46.3185],[-117.2585,46.31765],[-117.25679,46.31671],[-117.2567,46.31617],[-117.2555,46.31612],[-117.25386,46.31467],[-117.25386,46.31452],[-117.25517,46.31434],[-117.25845,46.31498],[-117.25847,46.3148],[-117.25701,46.31415],[-117.25728,46.31379],[-117.25778,46.31371],[-117.25801,46.31349],[-117.25874,46.31346],[-117.25841,46.31269],[-117.25856,46.31188],[-117.25751,46.31208],[-117.25698,46.31185],[-117.25682,46.31138],[-117.25811,46.31059],[-117.25825,46.30983],[-117.25876,46.30903],[-117.2592,46.30893],[-117.26043,46.30926],[-117.26349,46.30903],[-117.26365,46.30916],[-117.26329,46.30965],[-117.2635,46.30974],[-117.26405,46.30975],[-117.26447,46.30957],[-117.26594,46.30961],[-117.26627,46.30975],[-117.26792,46.30983],[-117.26838,46.31002],[-117.2692,46.30994],[-117.26953,46.30975],[-117.27022,46.30979],[-117.27174,46.3094],[-117.26749,46.30902],[-117.26763,46.3085],[-117.26678,46.30856],[-117.26668,46.30812],[-117.26584,46.30847],[-117.26532,46.30814],[-117.26211,46.307],[-117.26171,46.30649],[-117.26231,46.30616],[-117.26229,46.30569],[-117.26272,46.30535],[-117.26316,46.30518],[-117.26358,46.30545],[-117.26389,46.30513],[-117.26421,46.30505],[-117.26488,46.3053],[-117.26493,46.30502],[-117.26527,46.30484],[-117.26641,46.30453],[-117.26643,46.30439],[-117.26529,46.30416],[-117.26529,46.30389],[-117.26608,46.30318],[-117.26662,46.30317],[-117.26754,46.3025],[-117.26891,46.30255],[-117.26893,46.30239],[-117.26797,46.30153],[-117.26786,46.30122],[-117.26873,46.29919],[-117.27046,46.29967],[-117.2706,46.2994],[-117.2698,46.29842],[-117.27147,46.29839],[-117.27274,46.29803],[-117.27353,46.29871],[-117.27378,46.29873],[-117.27441,46.29839],[-117.27459,46.2977],[-117.27477,46.29757],[-117.27666,46.2978],[-117.27725,46.29804],[-117.27729,46.29786],[-117.27814,46.29715],[-117.27892,46.29702],[-117.27974,46.29666],[-117.28043,46.29682],[-117.28119,46.29757],[-117.28119,46.29797],[-117.28209,46.29789],[-117.28211,46.29838],[-117.28257,46.29846],[-117.28338,46.29906],[-117.28415,46.29932],[-117.28467,46.2992],[-117.28362,46.29878],[-117.28272,46.29717],[-117.28266,46.29673],[-117.28281,46.29664],[-117.28397,46.29727],[-117.28614,46.29732],[-117.28691,46.29769],[-117.28732,46.29752],[-117.28828,46.29753],[-117.28883,46.29729],[-117.28925,46.29763],[-117.28953,46.29759],[-117.28965,46.29711],[-117.29183,46.29723],[-117.29245,46.29691],[-117.29395,46.29669],[-117.29474,46.29684],[-117.29758,46.29603],[-117.2983,46.29595],[-117.29895,46.29632],[-117.29983,46.29634],[-117.30203,46.29692],[-117.30252,46.29684],[-117.30214,46.29643],[-117.30073,46.29612],[-117.29907,46.29549],[-117.29815,46.29534],[-117.29472,46.29597],[-117.29152,46.29622],[-117.29071,46.29621],[-117.28848,46.29579],[-117.28616,46.29599],[-117.28573,46.29571],[-117.28473,46.2957],[-117.28344,46.29464],[-117.28336,46.29424],[-117.28274,46.29386],[-117.28113,46.29353],[-117.27779,46.29455],[-117.27779,46.29434],[-117.27872,46.29353],[-117.27997,46.29272],[-117.28016,46.29181],[-117.28322,46.2897],[-117.28521,46.28986],[-117.28592,46.29033],[-117.28637,46.29005],[-117.28676,46.29003],[-117.28723,46.29016],[-117.28732,46.29046],[-117.28759,46.2905],[-117.2879,46.29031],[-117.29051,46.29046],[-117.29101,46.29086],[-117.29159,46.29054],[-117.29206,46.29054],[-117.29296,46.291],[-117.29333,46.29078],[-117.29566,46.29097],[-117.29593,46.29068],[-117.29717,46.29074],[-117.29773,46.29053],[-117.29837,46.29061],[-117.29869,46.2904],[-117.30001,46.29029],[-117.3011,46.2904],[-117.30064,46.29003],[-117.30075,46.28995],[-117.30186,46.28969],[-117.30267,46.28969],[-117.30271,46.2894],[-117.30531,46.2884],[-117.30607,46.28839],[-117.30666,46.28795],[-117.30875,46.28706],[-117.3107,46.28669],[-117.31219,46.28605],[-117.31334,46.28598],[-117.31432,46.28551],[-117.31573,46.28542],[-117.31701,46.28511],[-117.31903,46.28538],[-117.32023,46.28461],[-117.32335,46.28531],[-117.32455,46.28478],[-117.32612,46.28465],[-117.32726,46.28482],[-117.32863,46.28432],[-117.32942,46.28423],[-117.33232,46.28526],[-117.33446,46.28564],[-117.33591,46.28556],[-117.33792,46.28502],[-117.33979,46.2855],[-117.34074,46.28556],[-117.34243,46.28545],[-117.34313,46.28509],[-117.34499,46.28513],[-117.34621,46.28475],[-117.3489,46.28446],[-117.34975,46.28414],[-117.35077,46.28407],[-117.35161,46.28365],[-117.35258,46.28273],[-117.35585,46.28236],[-117.35867,46.28242],[-117.36054,46.28272],[-117.36241,46.28237],[-117.3635,46.28233],[-117.3642,46.28209],[-117.36561,46.28211],[-117.36733,46.2817],[-117.36838,46.28195],[-117.36958,46.28182],[-117.37145,46.28218],[-117.37248,46.2818],[-117.37616,46.28177],[-117.37799,46.2815],[-117.37918,46.28194],[-117.38097,46.2821],[-117.38197,46.28191],[-117.38542,46.2819],[-117.38617,46.28166],[-117.3873,46.28165],[-117.38787,46.28132],[-117.38862,46.28116],[-117.38975,46.28118],[-117.39259,46.28213],[-117.39539,46.28218],[-117.39794,46.28291],[-117.40014,46.28328],[-117.40438,46.28303],[-117.40606,46.28203],[-117.40708,46.28179],[-117.40779,46.28121],[-117.40853,46.28089],[-117.41084,46.28077],[-117.41214,46.28039],[-117.41489,46.2787],[-117.41683,46.27772],[-117.41825,46.2774],[-117.42042,46.27725],[-117.42136,46.27685],[-117.42368,46.27648],[-117.42532,46.27552],[-117.43288,46.27367],[-117.4362,46.27268],[-117.43851,46.27265],[-117.44069,46.27218],[-117.44234,46.27216],[-117.44458,46.27186],[-117.44943,46.27203],[-117.45329,46.27158],[-117.45428,46.27131],[-117.45626,46.27134],[-117.45731,46.2712],[-117.45845,46.2708],[-117.45934,46.27075],[-117.46092,46.27099],[-117.46153,46.27052],[-117.46343,46.27022],[-117.46557,46.26898],[-117.46582,46.26834],[-117.46676,46.26765],[-117.467,46.26691],[-117.46779,46.26614],[-117.469,46.26508],[-117.47067,46.26415],[-117.47253,46.26326],[-117.47532,46.2624],[-117.47727,46.26136],[-117.48056,46.26082],[-117.48266,46.25975],[-117.48264,46.282],[-117.48243,46.29438],[-117.48474,46.29439],[-117.48483,46.31539],[-117.48812,46.31821],[-117.49021,46.31968],[-117.49056,46.32044],[-117.48999,46.32179],[-117.49055,46.32214],[-117.49128,46.32153],[-117.49197,46.31835],[-117.49254,46.31803],[-117.49289,46.31821],[-117.49285,46.31925],[-117.49358,46.32037],[-117.49409,46.32059],[-117.49511,46.32025],[-117.49585,46.32083],[-117.49747,46.32103],[-117.4994,46.3204],[-117.49997,46.32063],[-117.50077,46.32146],[-117.50276,46.32202],[-117.50654,46.32446],[-117.51065,46.3267],[-117.51365,46.32772],[-117.51523,46.32858],[-117.51573,46.32936],[-117.51582,46.33024],[-117.51494,46.3332],[-117.51527,46.33449],[-117.51612,46.33519],[-117.51741,46.33554],[-117.5197,46.33566],[-117.52111,46.33595],[-117.52229,46.33766],[-117.52531,46.33949],[-117.52916,46.34271],[-117.53177,46.34434],[-117.53329,46.34592],[-117.53426,46.3475],[-117.53485,46.34994],[-117.53575,46.3514],[-117.53669,46.35171],[-117.5373,46.35137],[-117.53686,46.35003],[-117.53754,46.34998],[-117.53926,46.35243],[-117.54033,46.35329],[-117.54093,46.3547],[-117.542,46.35573],[-117.54188,46.35681],[-117.54336,46.35706],[-117.54466,46.3581],[-117.548,46.35927],[-117.55435,46.35996],[-117.55537,46.36049],[-117.55579,46.36131],[-117.5569,46.36194],[-117.55509,46.36383],[-117.55412,46.36512],[-117.55245,46.36619],[-117.55199,46.36699],[-117.55067,46.36803],[-117.55048,46.36862],[-117.55122,46.36957],[-117.55011,46.3703],[-117.55081,46.3724],[-117.55133,46.37334],[-117.55198,46.37365],[-117.5535,46.37384],[-117.55341,46.37443],[-117.55282,46.37543],[-117.55337,46.376],[-117.55753,46.37624],[-117.55774,46.42649],[-117.55692,46.42901],[-117.55735,46.43012],[-117.55745,46.43214],[-117.55813,46.43362],[-117.55884,46.43413],[-117.561,46.4351],[-117.56151,46.43569],[-117.56208,46.43688],[-117.56324,46.43823],[-117.56479,46.44052],[-117.56583,46.44122],[-117.56857,46.44262],[-117.57253,46.44332],[-117.57371,46.44364],[-117.57584,46.44465],[-117.57707,46.44484],[-117.57815,46.44462],[-117.58061,46.44485],[-117.58214,46.44462],[-117.58528,46.44375],[-117.58607,46.44386],[-117.58679,46.44454],[-117.58826,46.44861],[-117.58828,46.45006],[-117.58773,46.45225],[-117.58754,46.45438],[-117.58716,46.45582],[-117.58598,46.45787],[-117.58631,46.46178],[-117.58709,46.46329],[-117.589,46.46632],[-117.58923,46.46796],[-117.59012,46.47033],[-117.59029,46.47141],[-117.59037,46.47439],[-117.59584,46.47443],[-117.6044,46.47515],[-117.60662,46.47507],[-117.61894,46.47764],[-117.62663,46.47813],[-117.63347,46.47886],[-117.63608,46.47885],[-117.6462,46.47784],[-117.6502,46.47705],[-117.66295,46.47496],[-117.672,46.47124],[-117.67594,46.46648],[-117.67766,46.46539],[-117.67922,46.46488],[-117.68818,46.46304],[-117.69023,46.463],[-117.70207,46.46415],[-117.70552,46.46494],[-117.708,46.46313],[-117.71063,46.4606],[-117.71167,46.46004],[-117.71461,46.45999],[-117.71713,46.45912],[-117.719,46.45865],[-117.7203,46.45857],[-117.72383,46.45745],[-117.72447,46.45683],[-117.7253,46.45475],[-117.72648,46.44972],[-117.72683,46.44941],[-117.73676,46.44935],[-117.73807,46.44947],[-117.73836,46.44976],[-117.73899,46.45208],[-117.7399,46.45309],[-117.74174,46.45403],[-117.74242,46.45362],[-117.74287,46.45295],[-117.74175,46.45186],[-117.74163,46.45086],[-117.74236,46.44991],[-117.74296,46.44868],[-117.74348,46.44811],[-117.74363,46.44948],[-117.74531,46.44804],[-117.7462,46.44748],[-117.74707,46.4453],[-117.74762,46.44582],[-117.74821,46.44504],[-117.74833,46.4443],[-117.74731,46.44406],[-117.74726,46.44342],[-117.7464,46.44259],[-117.74664,46.44235],[-117.74751,46.44216],[-117.74881,46.44086],[-117.75015,46.44018],[-117.75133,46.43982],[-117.75149,46.43946],[-117.75155,46.43796],[-117.75193,46.43597],[-117.75164,46.43392],[-117.75184,46.43281],[-117.75234,46.43145],[-117.75232,46.42999],[-117.75276,46.42903],[-117.75357,46.42804],[-117.7538,46.42707],[-117.7549,46.42527],[-117.75524,46.42394],[-117.75575,46.42316],[-117.75756,46.42177],[-117.7579,46.42109],[-117.75796,46.41993],[-117.75683,46.41826],[-117.75632,46.4171],[-117.75578,46.41676],[-117.75442,46.4168],[-117.75403,46.41651],[-117.75403,46.41514],[-117.75435,46.41366],[-117.75939,46.41084],[-117.76318,46.40948],[-117.76478,46.40947],[-117.76542,46.4091],[-117.76657,46.40728],[-117.76871,46.4062],[-117.77018,46.40643],[-117.77389,46.40585],[-117.7758,46.40627],[-117.77755,46.40594],[-117.78237,46.40391],[-117.79223,46.40115],[-117.79513,46.39991],[-117.79604,46.39987],[-117.80673,46.40163],[-117.82191,46.40189],[-117.82736,46.40308],[-117.82956,46.40286],[-117.83431,46.40422],[-117.8369,46.40609],[-117.83809,46.40623],[-117.84091,46.40524],[-117.8423,46.40508],[-117.84853,46.40751],[-117.84915,46.40796],[-117.84931,46.41217],[-117.85537,46.41209],[-117.8571,46.41107],[-117.85988,46.40876],[-117.86343,46.40685],[-117.864,46.40628],[-117.86506,46.40397],[-117.8678,46.40179],[-117.86984,46.4006],[-117.88654,46.39604],[-117.89406,46.39361],[-117.91538,46.3935],[-117.91688,46.39322],[-117.92588,46.38906],[-117.92993,46.38495],[-117.93087,46.3846],[-117.93302,46.38451],[-117.93453,46.38391],[-117.93928,46.38272],[-117.93932,46.38035],[-117.94008,46.37868],[-117.94331,46.37483],[-117.94602,46.37007],[-117.94732,46.36747],[-117.94968,46.36446],[-117.95033,46.36313],[-117.9506,46.36176],[-117.95057,46.35831],[-117.95118,46.35741],[-117.95276,46.35631],[-117.9557,46.35476],[-117.95845,46.35369],[-117.97097,46.34936],[-117.97437,46.34843],[-117.97679,46.34798],[-117.97801,46.34736],[-117.97884,46.34616],[-117.97918,46.34521],[-117.97947,46.33724],[-117.97488,46.32809],[-117.97289,46.32606],[-117.9724,46.32494],[-117.97279,46.32424],[-117.97484,46.32284],[-117.99015,46.31585],[-117.99109,46.3151],[-117.99185,46.31335],[-117.99255,46.31251],[-118.00074,46.30771],[-118.01355,46.29778],[-118.02404,46.2918],[-118.03213,46.28759],[-118.03694,46.28571],[-118.06892,46.28428],[-118.08375,46.28798],[-118.09301,46.28739],[-118.10231,46.28648],[-118.10391,46.28579],[-118.11249,46.27933],[-118.12079,46.27402],[-118.12267,46.27342],[-118.13301,46.27169],[-118.14224,46.27068],[-118.15278,46.27034],[-118.15278,46.26392],[-118.15323,46.25901],[-118.14704,46.25005],[-118.14693,46.24786],[-118.14425,46.24074],[-118.13869,46.23352],[-118.13741,46.23076],[-118.13719,46.22837],[-118.13788,46.19584],[-118.13709,46.18907],[-118.13524,46.18503],[-118.13491,46.18319],[-118.13841,46.17847],[-118.1381,46.17704],[-118.13454,46.17323],[-118.13261,46.1694],[-118.13197,46.16747],[-118.13196,46.16473],[-118.12718,46.1655],[-118.11879,46.16609],[-118.12028,46.16463],[-118.12249,46.16433],[-118.12281,46.16367],[-118.12516,46.16338],[-118.127,46.16188],[-118.12761,46.158],[-118.12858,46.15711],[-118.1279,46.15541],[-118.12635,46.15438],[-118.12412,46.15436],[-118.12061,46.15258],[-118.12059,46.15189],[-118.12309,46.15217],[-118.12648,46.15218],[-118.12895,46.15379],[-118.13003,46.15403],[-118.1307,46.1534],[-118.13057,46.15209],[-118.1325,46.15156],[-118.13282,46.15084],[-118.13223,46.14927],[-118.1325,46.14777],[-118.13198,46.14667],[-118.13065,46.14539],[-118.12962,46.1449],[-118.12804,46.1449],[-118.1279,46.14581],[-118.12747,46.14594],[-118.12695,46.14573],[-118.12638,46.1448],[-118.12637,46.14237],[-118.12599,46.14217],[-118.12379,46.14222],[-118.12252,46.14162],[-118.12201,46.1411],[-118.1219,46.14053],[-118.12343,46.13896],[-118.12339,46.13774],[-118.12282,46.13696],[-118.12088,46.13703],[-118.1198,46.13833],[-118.1176,46.13889],[-118.11309,46.13758],[-118.11331,46.13727],[-118.11786,46.13664],[-118.11775,46.13603],[-118.1167,46.13516],[-118.11561,46.13476],[-118.11547,46.13403],[-118.11582,46.13341],[-118.11449,46.13255],[-118.1121,46.13171],[-118.11156,46.131],[-118.10986,46.13005],[-118.10868,46.12961],[-118.10611,46.12939],[-118.10578,46.12896],[-118.10582,46.12796],[-118.10389,46.12683],[-118.10343,46.12551],[-118.10411,46.12503],[-118.10595,46.12506],[-118.11452,46.12646],[-118.12044,46.1297],[-118.12245,46.13019],[-118.12597,46.13034],[-118.1275,46.13226],[-118.13102,46.13343],[-118.13203,46.13471],[-118.13231,46.13657],[-118.13384,46.13756],[-118.13409,46.13877],[-118.13509,46.13922],[-118.13564,46.13923],[-118.13595,46.13871],[-118.13471,46.13559],[-118.13425,46.13292],[-118.13473,46.132],[-118.13671,46.13121],[-118.13738,46.13065],[-118.13714,46.13001],[-118.13657,46.12972],[-118.13414,46.1293],[-118.13287,46.13016],[-118.1324,46.13179],[-118.13202,46.13207],[-118.1314,46.13199],[-118.1309,46.13103],[-118.12854,46.12904],[-118.13134,46.12646],[-118.13178,46.12577],[-118.13197,46.12451],[-118.13164,46.1242],[-118.13024,46.1242],[-118.12933,46.12488],[-118.1287,46.12468],[-118.12796,46.12324],[-118.12741,46.12296],[-118.12634,46.12294],[-118.12554,46.12327],[-118.12471,46.12387],[-118.12424,46.12493],[-118.12344,46.12493],[-118.12314,46.12456],[-118.123,46.12297],[-118.12276,46.12245],[-118.12194,46.1219],[-118.11939,46.12152],[-118.11743,46.12202],[-118.1177,46.1193],[-118.12154,46.11943],[-118.12143,46.11884],[-118.1155,46.11466],[-118.1115,46.11362],[-118.1111,46.11253],[-118.10915,46.11087],[-118.10945,46.10904],[-118.11066,46.10873],[-118.11726,46.11069],[-118.12068,46.11247],[-118.12226,46.11266],[-118.12337,46.11429],[-118.12855,46.11673],[-118.12976,46.11662],[-118.12974,46.11312],[-118.12907,46.11172],[-118.12833,46.11141],[-118.12824,46.11051],[-118.12915,46.10942],[-118.12824,46.10793],[-118.12629,46.10682],[-118.12672,46.10573],[-118.12617,46.10499],[-118.12338,46.10299],[-118.12338,46.1025],[-118.12394,46.10231],[-118.12571,46.10298],[-118.12636,46.10255],[-118.12558,46.10085],[-118.12159,46.09604],[-118.1177,46.0935],[-118.11509,46.09245],[-118.11016,46.09209],[-118.11012,46.09153],[-118.1106,46.09088],[-118.11271,46.08963],[-118.11408,46.08902],[-118.11474,46.089],[-118.11598,46.08929],[-118.11815,46.08923],[-118.12049,46.0896],[-118.12215,46.09015],[-118.12337,46.09035],[-118.1246,46.09091],[-118.12558,46.09172],[-118.12733,46.09364],[-118.12966,46.09491],[-118.13024,46.09608],[-118.13157,46.09672],[-118.13154,46.09813],[-118.1321,46.09854],[-118.13317,46.09887],[-118.13363,46.09928],[-118.13368,46.10153],[-118.13425,46.10256],[-118.13506,46.10308],[-118.13574,46.1038],[-118.13609,46.10479],[-118.13685,46.10581],[-118.13715,46.10872],[-118.13772,46.10979],[-118.13869,46.11049],[-118.13818,46.11249],[-118.13843,46.11295],[-118.13943,46.11396],[-118.13973,46.11462],[-118.13975,46.11552],[-118.13946,46.1162],[-118.13958,46.11685],[-118.14247,46.12041],[-118.14302,46.12084],[-118.14376,46.12086],[-118.14434,46.12024],[-118.14511,46.11865],[-118.14547,46.11715],[-118.1455,46.11635],[-118.14523,46.11548],[-118.14525,46.11252],[-118.14547,46.11003],[-118.14558,46.09474],[-118.14474,46.09376],[-118.14382,46.09338],[-118.14222,46.09313],[-118.1412,46.09244],[-118.13984,46.09203],[-118.13887,46.09198],[-118.13812,46.09174],[-118.13743,46.09062],[-118.13688,46.09041],[-118.13668,46.0901],[-118.13695,46.08961],[-118.138,46.08928],[-118.13804,46.08803],[-118.13773,46.08755],[-118.13692,46.08705],[-118.13536,46.08666],[-118.13312,46.08656],[-118.13261,46.0862],[-118.13259,46.08576],[-118.13287,46.0853],[-118.1339,46.08525],[-118.1347,46.08477],[-118.13627,46.08559],[-118.13873,46.08611],[-118.1399,46.08671],[-118.14076,46.08746],[-118.14144,46.08778],[-118.14197,46.08779],[-118.1431,46.0874],[-118.14434,46.08751],[-118.14529,46.08781],[-118.1472,46.08781],[-118.14761,46.08757],[-118.1479,46.08552],[-118.14822,46.08511],[-118.14901,46.08478],[-118.14955,46.08423],[-118.14957,46.08318],[-118.14928,46.0826],[-118.1481,46.08189],[-118.14756,46.08092],[-118.14557,46.08037],[-118.14452,46.0794],[-118.14455,46.07816],[-118.14511,46.07759],[-118.14654,46.07686],[-118.14873,46.07663],[-118.14947,46.07636],[-118.15029,46.07547],[-118.15162,46.07488],[-118.15194,46.07436],[-118.1518,46.07402],[-118.15109,46.07361],[-118.14944,46.07322],[-118.14901,46.07293],[-118.14895,46.07248],[-118.1492,46.07133],[-118.14895,46.07077],[-118.14829,46.07044],[-118.14599,46.07074],[-118.14391,46.0713],[-118.14056,46.07332],[-118.14011,46.07334],[-118.1396,46.07301],[-118.1395,46.07243],[-118.14212,46.07036],[-118.14239,46.06958],[-118.14219,46.06921],[-118.1422,46.06856],[-118.14384,46.06805],[-118.14475,46.06754],[-118.14674,46.0671],[-118.1474,46.06668],[-118.14759,46.06611],[-118.14738,46.06542],[-118.14635,46.06439],[-118.14505,46.06354],[-118.14169,46.06164],[-118.14025,46.06132],[-118.13858,46.06132],[-118.13765,46.06155],[-118.13338,46.06376],[-118.13186,46.06378],[-118.13103,46.06423],[-118.13047,46.06501],[-118.12989,46.06526],[-118.12819,46.06471],[-118.12778,46.06471],[-118.12728,46.06536],[-118.12689,46.06556],[-118.12444,46.06483],[-118.11863,46.0651],[-118.11447,46.06573],[-118.11368,46.06627],[-118.11288,46.06742],[-118.11208,46.0678],[-118.11046,46.06754],[-118.10968,46.06761],[-118.10887,46.06791],[-118.10753,46.06794],[-118.1069,46.06752],[-118.10667,46.06696],[-118.10696,46.06586],[-118.10692,46.0653],[-118.10663,46.0649],[-118.10582,46.06465],[-118.10465,46.06481],[-118.10378,46.06468],[-118.10152,46.06335],[-118.09928,46.0635],[-118.09871,46.0633],[-118.09847,46.06295],[-118.09874,46.06216],[-118.09797,46.06084],[-118.09852,46.05999],[-118.09921,46.05982],[-118.09992,46.06012],[-118.10065,46.06108],[-118.1016,46.0616],[-118.10293,46.06215],[-118.10364,46.06225],[-118.12314,46.05954],[-118.12395,46.05904],[-118.12399,46.05854],[-118.12374,46.05814],[-118.12136,46.05679],[-118.12072,46.0552],[-118.12079,46.05461],[-118.12171,46.05385],[-118.12213,46.05383],[-118.12432,46.05461],[-118.12537,46.05477],[-118.12835,46.05598],[-118.12952,46.05665],[-118.13042,46.05683],[-118.13154,46.05672],[-118.13231,46.05625],[-118.13244,46.05532],[-118.1321,46.05446],[-118.13221,46.05418],[-118.13272,46.05388],[-118.13442,46.05364],[-118.13486,46.05335],[-118.1353,46.05335],[-118.13649,46.0539],[-118.1372,46.05374],[-118.13797,46.05306],[-118.13804,46.05239],[-118.13777,46.05165],[-118.13692,46.05059],[-118.13261,46.0471],[-118.13107,46.04455],[-118.13108,46.04405],[-118.13142,46.04394],[-118.13181,46.04404],[-118.13271,46.04493],[-118.13484,46.04638],[-118.13736,46.0478],[-118.1438,46.04956],[-118.14549,46.04937],[-118.14612,46.04859],[-118.14604,46.04532],[-118.14579,46.0447],[-118.14554,46.04436],[-118.14411,46.04359],[-118.14385,46.0431],[-118.14385,46.04273],[-118.14431,46.04245],[-118.14549,46.04227],[-118.14587,46.04179],[-118.1458,46.04125],[-118.14421,46.03959],[-118.14243,46.0382],[-118.14241,46.03775],[-118.14287,46.03741],[-118.14306,46.03682],[-118.14265,46.03568],[-118.14211,46.0346],[-118.14129,46.03385],[-118.14052,46.03359],[-118.14036,46.03223],[-118.13997,46.0315],[-118.13745,46.02939],[-118.13628,46.02929],[-118.13566,46.02893],[-118.13523,46.02845],[-118.13481,46.02763],[-118.13373,46.02707],[-118.13275,46.02697],[-118.13184,46.02652],[-118.13131,46.02596],[-118.1312,46.02516],[-118.12891,46.02427],[-118.12836,46.02357],[-118.1286,46.0224],[-118.12835,46.02189],[-118.12626,46.02042],[-118.12499,46.02005],[-118.12436,46.0197],[-118.12406,46.01926],[-118.1239,46.01789],[-118.1235,46.01735],[-118.12136,46.01608],[-118.12015,46.01571],[-118.11879,46.01567],[-118.11797,46.01528],[-118.11758,46.01481],[-118.11757,46.01412],[-118.11729,46.01331],[-118.11688,46.01308],[-118.11671,46.01258],[-118.11545,46.01064],[-118.11515,46.0096],[-118.11464,46.00866],[-118.11417,46.00801],[-118.11415,46.00739],[-118.11437,46.00697],[-118.11439,46.00629],[-118.11413,46.00565],[-118.11281,46.00456],[-118.11281,46.00376],[-118.1121,46.00304],[-118.11181,46.00251],[-118.11206,46.00186],[-118.11258,46.00162],[-118.11287,46.00126],[-118.11309,46],[-118.11582,46.00005],[-118.11801,46.00239],[-118.1199,46.00641],[-118.11992,46.00729],[-118.12068,46.00792],[-118.12066,46.00879],[-118.12125,46.01015],[-118.12179,46.01066],[-118.12229,46.01189],[-118.12351,46.01277],[-118.12546,46.01366],[-118.12848,46.01542],[-118.12876,46.01584],[-118.12996,46.01673],[-118.13084,46.01675],[-118.13114,46.017],[-118.13127,46.01784],[-118.13247,46.0187],[-118.13414,46.02048],[-118.1347,46.02092],[-118.13568,46.02097],[-118.13629,46.02136],[-118.1363,46.0228],[-118.13684,46.02324],[-118.13825,46.02325],[-118.13956,46.02363],[-118.14016,46.02415],[-118.14143,46.02412],[-118.14243,46.02372],[-118.14309,46.02408],[-118.14294,46.02582],[-118.14321,46.02613],[-118.14403,46.02615],[-118.14468,46.02681],[-118.14471,46.0284],[-118.14526,46.02911],[-118.14619,46.02938],[-118.14862,46.02961],[-118.15045,46.0309],[-118.15172,46.03119],[-118.15309,46.03176],[-118.1536,46.0327],[-118.15334,46.03374],[-118.15285,46.03408],[-118.15282,46.03458],[-118.15303,46.03488],[-118.15308,46.03563],[-118.15365,46.03611],[-118.15423,46.03614],[-118.1551,46.03671],[-118.15594,46.03777],[-118.1568,46.04264],[-118.15747,46.04426],[-118.15776,46.04541],[-118.15782,46.0463],[-118.15759,46.04715],[-118.15722,46.05307],[-118.15744,46.05409],[-118.15885,46.05593],[-118.15984,46.0563],[-118.16046,46.05629],[-118.16218,46.05558],[-118.16479,46.05402],[-118.16548,46.05327],[-118.16721,46.05235],[-118.16807,46.05127],[-118.1682,46.04811],[-118.16906,46.04677],[-118.17038,46.04539],[-118.17046,46.04448],[-118.17032,46.04358],[-118.17047,46.04296],[-118.17171,46.04237],[-118.17427,46.0424],[-118.17589,46.04218],[-118.17666,46.04161],[-118.17681,46.04109],[-118.17671,46.04026],[-118.1762,46.03935],[-118.17512,46.0382],[-118.17079,46.03462],[-118.16889,46.03327],[-118.16807,46.03295],[-118.16788,46.03252],[-118.16857,46.03137],[-118.16913,46.03119],[-118.16965,46.0313],[-118.17096,46.03199],[-118.1721,46.03216],[-118.17329,46.03265],[-118.17423,46.03339],[-118.17646,46.03457],[-118.17711,46.03478],[-118.17754,46.03458],[-118.17867,46.03291],[-118.17989,46.03291],[-118.18204,46.03345],[-118.18271,46.03331],[-118.18323,46.03286],[-118.18338,46.0324],[-118.18319,46.03195],[-118.18293,46.03159],[-118.18182,46.03084],[-118.1772,46.02942],[-118.17473,46.02781],[-118.17294,46.02708],[-118.17273,46.02661],[-118.17291,46.0262],[-118.17343,46.02565],[-118.17568,46.0246],[-118.17675,46.02433],[-118.17755,46.02435],[-118.17875,46.02508],[-118.17946,46.02582],[-118.18114,46.02675],[-118.18208,46.02678],[-118.18269,46.02639],[-118.18293,46.02587],[-118.18275,46.02503],[-118.18244,46.02447],[-118.18169,46.02356],[-118.17951,46.02219],[-118.17907,46.02168],[-118.17905,46.02129],[-118.17969,46.02033],[-118.1782,46.0175],[-118.17796,46.01651],[-118.17798,46.0159],[-118.17859,46.01523],[-118.1793,46.01503],[-118.17985,46.01519],[-118.18339,46.01815],[-118.18511,46.0193],[-118.18557,46.0198],[-118.18699,46.02083],[-118.1886,46.02168],[-118.19106,46.02268],[-118.19163,46.0232],[-118.19246,46.02365],[-118.19342,46.02356],[-118.19548,46.02388],[-118.19613,46.02348],[-118.19628,46.02291],[-118.19615,46.02202],[-118.19565,46.02134],[-118.19549,46.02082],[-118.19571,46.02046],[-118.19693,46.01999],[-118.1971,46.01925],[-118.19805,46.01846],[-118.19832,46.01704],[-118.19758,46.01436],[-118.1977,46.01376],[-118.19799,46.01345],[-118.19862,46.01331],[-118.19944,46.01362],[-118.20011,46.01422],[-118.20039,46.0149],[-118.20066,46.01514],[-118.20341,46.01381],[-118.20413,46.01324],[-118.20424,46.01288],[-118.20394,46.01229],[-118.20221,46.01116],[-118.20184,46.01081],[-118.20185,46.01039],[-118.20241,46.01006],[-118.20325,46.0099],[-118.20398,46.01004],[-118.20483,46.01061],[-118.20579,46.01061],[-118.20647,46.01024],[-118.20718,46.00954],[-118.20758,46.00704],[-118.2078,46.00364],[-118.2088,46.00236],[-118.20999,46.00138],[-118.21087,46.0012],[-118.21161,46.00133],[-118.21233,46.00267],[-118.21352,46.00373],[-118.21476,46.00399],[-118.21525,46.00374],[-118.21551,46.00308],[-118.21529,46.00223],[-118.21485,46.00163],[-118.21477,46.00102],[-118.21658,46.00029],[-118.21676,45.99972],[-118.2163,45.9997],[-118.21628,45.99859],[-118.21558,45.9969],[-118.21557,45.99578],[-118.21618,45.99451],[-118.21608,45.99385],[-118.21563,45.9934],[-118.21243,45.99333],[-118.21112,45.99283],[-118.20989,45.99274],[-118.20848,45.99239],[-118.20765,45.99202],[-118.20684,45.99106],[-118.20603,45.99065],[-118.2035,45.99028],[-118.20311,45.99002],[-118.20283,45.98928],[-118.20251,45.98898],[-118.20168,45.98871],[-118.20025,45.98855],[-118.19982,45.98817],[-118.19952,45.98701],[-118.19848,45.98622],[-118.1974,45.98565],[-118.19687,45.98495],[-118.19686,45.98433],[-118.19715,45.98389],[-118.19852,45.98338],[-118.19973,45.98329],[-118.20109,45.98339],[-118.20367,45.98424],[-118.2047,45.98341],[-118.20557,45.9834],[-118.2064,45.98371],[-118.20727,45.98436],[-118.20993,45.98566],[-118.21281,45.9863],[-118.21401,45.98611],[-118.21503,45.98559],[-118.21841,45.9852],[-118.21925,45.98486],[-118.21973,45.98437],[-118.21974,45.98388],[-118.21922,45.98319],[-118.21793,45.98233],[-118.21792,45.98195],[-118.21823,45.98168],[-118.21944,45.98135],[-118.22054,45.98056],[-118.22258,45.98057],[-118.22423,45.98089],[-118.2252,45.98067],[-118.22606,45.98026],[-118.22667,45.97965],[-118.22705,45.97855],[-118.22697,45.97806],[-118.22641,45.97755],[-118.22588,45.9773],[-118.22502,45.97716],[-118.22318,45.97735],[-118.221,45.97703],[-118.21915,45.97726],[-118.21852,45.97711],[-118.21828,45.9767],[-118.21842,45.97638],[-118.21938,45.97573],[-118.22103,45.97495],[-118.22461,45.97382],[-118.22537,45.97317],[-118.22578,45.97216],[-118.22569,45.97156],[-118.2249,45.97101],[-118.22416,45.97072],[-118.22277,45.96966],[-118.22178,45.96952],[-118.21892,45.97018],[-118.21588,45.97132],[-118.21511,45.9713],[-118.21457,45.97064],[-118.21456,45.9701],[-118.21482,45.96983],[-118.21757,45.96881],[-118.22002,45.96722],[-118.22085,45.96582],[-118.22087,45.96525],[-118.22059,45.96466],[-118.21994,45.9642],[-118.2187,45.96383],[-118.21613,45.9638],[-118.21574,45.96344],[-118.21577,45.96282],[-118.21653,45.96226],[-118.21709,45.96154],[-118.21709,45.96104],[-118.21476,45.95947],[-118.21308,45.95756],[-118.21222,45.957],[-118.2104,45.95701],[-118.20691,45.95863],[-118.20573,45.95883],[-118.20364,45.95865],[-118.2031,45.95844],[-118.20272,45.95799],[-118.20274,45.9575],[-118.20328,45.95711],[-118.20543,45.95638],[-118.20724,45.95535],[-118.20781,45.95473],[-118.20782,45.95421],[-118.20689,45.95296],[-118.20519,45.95169],[-118.20467,45.95088],[-118.20432,45.94968],[-118.20237,45.94746],[-118.20218,45.94661],[-118.20246,45.94579],[-118.20314,45.94551],[-118.2046,45.94552],[-118.20558,45.94628],[-118.20831,45.95043],[-118.20935,45.95158],[-118.21046,45.95233],[-118.21223,45.953],[-118.21511,45.9547],[-118.21815,45.95572],[-118.21945,45.95647],[-118.2206,45.95737],[-118.22156,45.95751],[-118.22317,45.95737],[-118.22397,45.95747],[-118.2245,45.95796],[-118.22465,45.95859],[-118.22454,45.95934],[-118.22481,45.96024],[-118.22506,45.96059],[-118.22559,45.96102],[-118.22884,45.96283],[-118.2299,45.96379],[-118.23129,45.96545],[-118.23187,45.96565],[-118.23372,45.96552],[-118.2347,45.9653],[-118.23551,45.96492],[-118.23561,45.96457],[-118.23538,45.96397],[-118.23465,45.96297],[-118.23441,45.9621],[-118.23464,45.96141],[-118.23526,45.96125],[-118.2359,45.96137],[-118.23732,45.9624],[-118.23855,45.96288],[-118.23987,45.96266],[-118.24109,45.962],[-118.24307,45.96225],[-118.24393,45.96214],[-118.24465,45.96173],[-118.24501,45.96133],[-118.24489,45.96071],[-118.24501,45.96023],[-118.24545,45.95985],[-118.24565,45.95939],[-118.2455,45.95891],[-118.24496,45.95853],[-118.24314,45.95844],[-118.24147,45.95847],[-118.24051,45.9587],[-118.23982,45.95857],[-118.23928,45.95824],[-118.23929,45.9575],[-118.23982,45.95694],[-118.22755,45.94659],[-118.22778,45.94631],[-118.22838,45.94626],[-118.22921,45.94656],[-118.22985,45.94658],[-118.23139,45.94608],[-118.23179,45.9461],[-118.23239,45.94647],[-118.23331,45.94648],[-118.23674,45.94593],[-118.23729,45.94567],[-118.23778,45.94505],[-118.2378,45.9443],[-118.23755,45.94339],[-118.23682,45.94239],[-118.23594,45.94062],[-118.23516,45.9385],[-118.23526,45.93811],[-118.236,45.93802],[-118.23662,45.93822],[-118.23793,45.94024],[-118.2408,45.94235],[-118.24251,45.94433],[-118.2439,45.94492],[-118.24724,45.94475],[-118.24771,45.94448],[-118.24819,45.9439],[-118.24817,45.94328],[-118.24779,45.94282],[-118.24738,45.94186],[-118.24366,45.93807],[-118.24348,45.93733],[-118.24393,45.93587],[-118.24393,45.93521],[-118.2435,45.93405],[-118.24349,45.93329],[-118.24407,45.93035],[-118.24443,45.93006],[-118.24512,45.92985],[-118.24608,45.93004],[-118.24673,45.93051],[-118.24725,45.93143],[-118.24751,45.93503],[-118.24802,45.9362],[-118.24859,45.93696],[-118.25006,45.93783],[-118.25168,45.93842],[-118.25399,45.94042],[-118.25509,45.94088],[-118.25618,45.94109],[-118.25916,45.94043],[-118.25972,45.94014],[-118.25988,45.93971],[-118.25972,45.9393],[-118.25922,45.93881],[-118.25766,45.93783],[-118.25762,45.93715],[-118.25842,45.93675],[-118.26005,45.93656],[-118.26057,45.93615],[-118.26077,45.93568],[-118.26076,45.93514],[-118.26001,45.93354],[-118.25844,45.93228],[-118.25549,45.92916],[-118.25449,45.9273],[-118.2545,45.92616],[-118.25514,45.92596],[-118.25606,45.92625],[-118.25832,45.92757],[-118.26107,45.92849],[-118.26328,45.92877],[-118.26411,45.92857],[-118.26646,45.92729],[-118.26721,45.92661],[-118.26753,45.92594],[-118.26744,45.92337],[-118.26655,45.92166],[-118.2664,45.9209],[-118.26657,45.92046],[-118.26726,45.92032],[-118.26791,45.92035],[-118.26881,45.92084],[-118.27087,45.92273],[-118.27253,45.9251],[-118.27548,45.92757],[-118.27758,45.92847],[-118.27815,45.92842],[-118.27904,45.92787],[-118.27919,45.92705],[-118.27822,45.92421],[-118.27822,45.92324],[-118.27873,45.92155],[-118.27852,45.92047],[-118.27826,45.92015],[-118.27632,45.91898],[-118.27528,45.91857],[-118.27286,45.91853],[-118.27205,45.91835],[-118.27152,45.91786],[-118.27151,45.91738],[-118.27201,45.91676],[-118.27198,45.9163],[-118.27124,45.9158],[-118.26988,45.91537],[-118.26856,45.91525],[-118.26743,45.91476],[-118.26637,45.91394],[-118.26581,45.91374],[-118.26376,45.91351],[-118.26213,45.91278],[-118.25874,45.91196],[-118.25828,45.91175],[-118.25745,45.91081],[-118.25711,45.90894],[-118.25719,45.90855],[-118.25772,45.90815],[-118.25956,45.90814],[-118.26586,45.90934],[-118.26901,45.91015],[-118.27156,45.91113],[-118.27407,45.91246],[-118.27471,45.91264],[-118.27619,45.91265],[-118.27672,45.91243],[-118.27725,45.91195],[-118.27727,45.91151],[-118.27674,45.91089],[-118.27649,45.91024],[-118.27681,45.9096],[-118.27731,45.90932],[-118.27731,45.90897],[-118.27703,45.90862],[-118.2765,45.90834],[-118.27558,45.90819],[-118.27408,45.90825],[-118.27311,45.90803],[-118.27244,45.90763],[-118.27216,45.90644],[-118.27194,45.90618],[-118.27008,45.90612],[-118.26968,45.90561],[-118.26853,45.90508],[-118.26793,45.90509],[-118.26709,45.90553],[-118.26619,45.90659],[-118.26564,45.90686],[-118.26441,45.90693],[-118.26253,45.90669],[-118.25983,45.90666],[-118.25772,45.9061],[-118.25694,45.9061],[-118.25578,45.90713],[-118.25465,45.90768],[-118.25388,45.90786],[-118.25317,45.90758],[-118.2528,45.90703],[-118.25283,45.90609],[-118.2533,45.90529],[-118.25332,45.90455],[-118.25236,45.90358],[-118.25221,45.90299],[-118.25235,45.90252],[-118.25314,45.90183],[-118.25315,45.90144],[-118.25268,45.90112],[-118.25171,45.90101],[-118.25058,45.90101],[-118.24985,45.90122],[-118.24737,45.90123],[-118.2462,45.9017],[-118.24382,45.90309],[-118.24272,45.90331],[-118.24041,45.90292],[-118.23917,45.90291],[-118.23483,45.90347],[-118.23188,45.90315],[-118.2313,45.90287],[-118.23101,45.90241],[-118.23103,45.9018],[-118.23133,45.90143],[-118.2319,45.90115],[-118.23447,45.90094],[-118.23919,45.90024],[-118.24265,45.89947],[-118.2455,45.89855],[-118.24583,45.89816],[-118.24583,45.89775],[-118.24435,45.89693],[-118.23986,45.89584],[-118.23866,45.89524],[-118.23648,45.8938],[-118.23327,45.89296],[-118.23009,45.89289],[-118.22912,45.89271],[-118.22848,45.89208],[-118.22848,45.89169],[-118.22874,45.8912],[-118.22871,45.89069],[-118.2282,45.89034],[-118.2232,45.88916],[-118.21334,45.88718],[-118.21136,45.88711],[-118.20914,45.88633],[-118.20823,45.88617],[-118.20498,45.88616],[-118.20101,45.88653],[-118.19951,45.88651],[-118.19785,45.88692],[-118.19497,45.88717],[-118.19347,45.88765],[-118.19035,45.88793],[-118.18775,45.88847],[-118.18599,45.88846],[-118.18556,45.88816],[-118.18542,45.88769],[-118.1855,45.88732],[-118.18938,45.88603],[-118.19203,45.8855],[-118.19596,45.88503],[-118.19861,45.88418],[-118.20318,45.88325],[-118.20462,45.88316],[-118.2084,45.8834],[-118.21102,45.88328],[-118.21264,45.88301],[-118.21695,45.88403],[-118.22026,45.88441],[-118.22214,45.88486],[-118.2269,45.88529],[-118.23029,45.88624],[-118.23327,45.88648],[-118.23725,45.88771],[-118.24213,45.88864],[-118.24486,45.88976],[-118.24986,45.891],[-118.2514,45.89167],[-118.25341,45.89215],[-118.25657,45.89349],[-118.26576,45.89514],[-118.26717,45.89507],[-118.26768,45.89468],[-118.26844,45.89346],[-118.27016,45.89306],[-118.27153,45.89341],[-118.27261,45.89416],[-118.27388,45.89547],[-118.27544,45.89624],[-118.27842,45.89718],[-118.28054,45.89758],[-118.28451,45.89787],[-118.28569,45.89769],[-118.28618,45.89742],[-118.28618,45.89717],[-118.28543,45.89654],[-118.28542,45.89617],[-118.28616,45.89558],[-118.28618,45.89525],[-118.28563,45.89482],[-118.28189,45.89376],[-118.28137,45.89336],[-118.28136,45.8928],[-118.28165,45.89253],[-118.28164,45.89208],[-118.28137,45.89174],[-118.28058,45.89122],[-118.2783,45.89105],[-118.2776,45.8907],[-118.27715,45.89034],[-118.27694,45.88987],[-118.27541,45.88853],[-118.27402,45.88811],[-118.27068,45.88758],[-118.26897,45.88754],[-118.26818,45.88769],[-118.26673,45.88843],[-118.26585,45.88843],[-118.26542,45.88818],[-118.26453,45.8863],[-118.2632,45.88557],[-118.26227,45.88544],[-118.2613,45.88557],[-118.25905,45.88718],[-118.25839,45.88729],[-118.25566,45.88673],[-118.25501,45.88632],[-118.25442,45.88531],[-118.25232,45.88368],[-118.25217,45.88317],[-118.25238,45.8828],[-118.25363,45.882],[-118.25382,45.88151],[-118.25365,45.88096],[-118.25175,45.87964],[-118.25072,45.87929],[-118.24804,45.87928],[-118.24706,45.87905],[-118.24636,45.87856],[-118.24635,45.8775],[-118.2455,45.87636],[-118.24486,45.87589],[-118.2439,45.87541],[-118.24121,45.8751],[-118.24024,45.87467],[-118.2401,45.87426],[-118.24013,45.873],[-118.23982,45.87226],[-118.2391,45.87168],[-118.23843,45.87134],[-118.23705,45.87118],[-118.23551,45.87136],[-118.23407,45.87099],[-118.23365,45.87063],[-118.23365,45.8699],[-118.23394,45.86943],[-118.23406,45.86857],[-118.23342,45.86801],[-118.2322,45.86748],[-118.23055,45.86707],[-118.22879,45.86723],[-118.2241,45.86947],[-118.22084,45.87078],[-118.21837,45.87145],[-118.21742,45.87162],[-118.2169,45.87149],[-118.21648,45.87124],[-118.21618,45.87077],[-118.21632,45.87039],[-118.21855,45.86896],[-118.21963,45.86859],[-118.22203,45.86731],[-118.22435,45.86577],[-118.22484,45.86487],[-118.22444,45.86433],[-118.22363,45.86399],[-118.22212,45.86371],[-118.22151,45.86325],[-118.22094,45.86222],[-118.21886,45.86095],[-118.21765,45.8593],[-118.21478,45.85636],[-118.21231,45.85455],[-118.21148,45.85419],[-118.20882,45.85371],[-118.20837,45.85325],[-118.20824,45.85272],[-118.20775,45.85223],[-118.20708,45.85184],[-118.20329,45.85045],[-118.20185,45.8494],[-118.1996,45.84863],[-118.19541,45.84773],[-118.19502,45.84753],[-118.19447,45.84706],[-118.19445,45.84645],[-118.19396,45.846],[-118.19312,45.84548],[-118.19139,45.84482],[-118.18941,45.84364],[-118.18873,45.84322],[-118.18775,45.84223],[-118.1866,45.84152],[-118.18013,45.83818],[-118.17939,45.83766],[-118.17819,45.83591],[-118.174,45.83403],[-118.17323,45.83336],[-118.17197,45.83163],[-118.17194,45.8313],[-118.17235,45.83088],[-118.17304,45.83068],[-118.1744,45.83103],[-118.17672,45.83237],[-118.17849,45.83279],[-118.18193,45.83441],[-118.18675,45.83605],[-118.19092,45.83866],[-118.19278,45.83955],[-118.19461,45.84095],[-118.19751,45.84242],[-118.20047,45.84331],[-118.20219,45.84455],[-118.20926,45.84761],[-118.21017,45.84782],[-118.21064,45.84769],[-118.21192,45.8477],[-118.21244,45.84788],[-118.21302,45.84833],[-118.21329,45.84905],[-118.21413,45.84977],[-118.21924,45.85283],[-118.22054,45.85339],[-118.22249,45.85489],[-118.22488,45.85598],[-118.2271,45.85805],[-118.23007,45.85921],[-118.23161,45.86019],[-118.23333,45.86089],[-118.23467,45.86116],[-118.23594,45.86172],[-118.23907,45.86395],[-118.24142,45.86513],[-118.24284,45.86534],[-118.24399,45.865],[-118.24495,45.86429],[-118.24633,45.86274],[-118.2472,45.86239],[-118.24803,45.86237],[-118.24842,45.86263],[-118.24842,45.8633],[-118.24735,45.8653],[-118.24656,45.86616],[-118.24629,45.86675],[-118.2468,45.86772],[-118.24786,45.86846],[-118.24856,45.86855],[-118.24981,45.86902],[-118.25314,45.87092],[-118.255,45.87174],[-118.25616,45.8721],[-118.25856,45.87212],[-118.25932,45.87158],[-118.2604,45.87004],[-118.2612,45.86975],[-118.26197,45.86973],[-118.26251,45.87003],[-118.26307,45.87087],[-118.26312,45.8724],[-118.26362,45.87382],[-118.26457,45.87439],[-118.26556,45.87395],[-118.26638,45.87329],[-118.2669,45.87277],[-118.26773,45.87142],[-118.26854,45.87102],[-118.26905,45.87101],[-118.26958,45.8714],[-118.26966,45.87185],[-118.27059,45.8731],[-118.27069,45.87555],[-118.27117,45.87622],[-118.27455,45.87854],[-118.27556,45.87904],[-118.27727,45.87928],[-118.2777,45.87875],[-118.27778,45.87755],[-118.27814,45.87706],[-118.27886,45.87706],[-118.27965,45.8775],[-118.27993,45.87811],[-118.2809,45.87848],[-118.28147,45.87902],[-118.28169,45.8795],[-118.28144,45.88],[-118.28151,45.88032],[-118.28221,45.88061],[-118.28317,45.88062],[-118.28427,45.88114],[-118.28498,45.8809],[-118.2857,45.88039],[-118.28836,45.88004],[-118.28879,45.88019],[-118.28898,45.88053],[-118.28885,45.88101],[-118.28833,45.88167],[-118.28808,45.88238],[-118.28827,45.88303],[-118.28863,45.8835],[-118.29236,45.88576],[-118.29418,45.88721],[-118.29622,45.88851],[-118.29681,45.8888],[-118.29815,45.88881],[-118.29933,45.88788],[-118.29982,45.88776],[-118.30054,45.88787],[-118.30402,45.88906],[-118.30457,45.88897],[-118.30542,45.88849],[-118.30651,45.88644],[-118.30654,45.88554],[-118.30626,45.88507],[-118.30585,45.8847],[-118.30493,45.88438],[-118.30465,45.88386],[-118.30497,45.88328],[-118.30562,45.88297],[-118.3097,45.8825],[-118.31535,45.88252],[-118.31663,45.88304],[-118.31775,45.88414],[-118.31829,45.88439],[-118.31875,45.88431],[-118.31907,45.88382],[-118.31909,45.88217],[-118.31881,45.88153],[-118.31804,45.88076],[-118.31343,45.87749],[-118.31007,45.87552],[-118.30782,45.87453],[-118.30673,45.87376],[-118.30648,45.87342],[-118.30648,45.87294],[-118.30696,45.87248],[-118.30778,45.87231],[-118.30887,45.8725],[-118.31308,45.87396],[-118.31713,45.875],[-118.3188,45.87523],[-118.31933,45.87501],[-118.31949,45.87477],[-118.31922,45.87426],[-118.31722,45.87257],[-118.31696,45.87206],[-118.31707,45.87155],[-118.31784,45.87106],[-118.31848,45.87141],[-118.31903,45.87142],[-118.3195,45.87113],[-118.31936,45.86998],[-118.31979,45.8696],[-118.32099,45.86922],[-118.32309,45.86909],[-118.32389,45.86975],[-118.32466,45.87145],[-118.3261,45.87309],[-118.32777,45.87401],[-118.32955,45.87422],[-118.33149,45.87484],[-118.33255,45.87484],[-118.33355,45.87434],[-118.33453,45.87347],[-118.33585,45.8727],[-118.33643,45.87206],[-118.3364,45.87117],[-118.33587,45.87014],[-118.33459,45.86875],[-118.3343,45.86809],[-118.33428,45.86748],[-118.3351,45.86689],[-118.33679,45.86606],[-118.33732,45.86595],[-118.33898,45.86623],[-118.34026,45.86681],[-118.34081,45.86723],[-118.34206,45.86767],[-118.34315,45.86786],[-118.34368,45.86776],[-118.34417,45.86733],[-118.34478,45.86598],[-118.34579,45.86468],[-118.34584,45.8641],[-118.34507,45.8634],[-118.34487,45.86286],[-118.34529,45.86176],[-118.34662,45.86062],[-118.34665,45.85979],[-118.34632,45.8589],[-118.34506,45.8573],[-118.34372,45.8562],[-118.34092,45.85442],[-118.3397,45.85382],[-118.33765,45.85394],[-118.33677,45.85379],[-118.33638,45.85344],[-118.33631,45.85292],[-118.33533,45.85223],[-118.33539,45.85133],[-118.33508,45.85097],[-118.33089,45.84985],[-118.3295,45.84966],[-118.32647,45.84966],[-118.3243,45.85021],[-118.32327,45.85022],[-118.31953,45.85088],[-118.31841,45.85151],[-118.31772,45.85167],[-118.31645,45.85141],[-118.31514,45.85142],[-118.31196,45.85246],[-118.3097,45.8529],[-118.30649,45.85395],[-118.30406,45.85431],[-118.303,45.85432],[-118.30092,45.85397],[-118.29957,45.85303],[-118.29965,45.85266],[-118.3003,45.85236],[-118.3045,45.85186],[-118.30693,45.85133],[-118.30827,45.85072],[-118.30981,45.84948],[-118.31078,45.84908],[-118.31453,45.84892],[-118.31663,45.84834],[-118.31922,45.84722],[-118.31986,45.84662],[-118.32023,45.84583],[-118.32074,45.84532],[-118.32161,45.84532],[-118.32315,45.84604],[-118.32418,45.84611],[-118.32718,45.84594],[-118.32951,45.84558],[-118.3325,45.84589],[-118.3341,45.84575],[-118.33499,45.84545],[-118.33567,45.84462],[-118.33564,45.84361],[-118.33605,45.84303],[-118.33659,45.84302],[-118.33703,45.84344],[-118.33835,45.84403],[-118.33882,45.84498],[-118.33917,45.84652],[-118.33946,45.84689],[-118.34039,45.84738],[-118.34184,45.84782],[-118.34487,45.84975],[-118.34564,45.84992],[-118.34649,45.8496],[-118.34657,45.84878],[-118.34762,45.84803],[-118.34768,45.84721],[-118.3483,45.8467],[-118.34947,45.84639],[-118.34982,45.8461],[-118.35013,45.84487],[-118.35125,45.84381],[-118.35196,45.84381],[-118.35245,45.84425],[-118.35275,45.84482],[-118.35283,45.84573],[-118.35338,45.84661],[-118.35414,45.84705],[-118.35514,45.8472],[-118.35649,45.84699],[-118.35863,45.84636],[-118.35987,45.84621],[-118.36112,45.84634],[-118.36292,45.84776],[-118.36557,45.8483],[-118.36609,45.84885],[-118.36617,45.84938],[-118.36668,45.85027],[-118.36735,45.85071],[-118.36925,45.85078],[-118.37075,45.85147],[-118.37251,45.85188],[-118.3741,45.85193],[-118.37495,45.85214],[-118.37537,45.85252],[-118.37565,45.85366],[-118.37597,45.85417],[-118.37667,45.85485],[-118.37738,45.85514],[-118.37929,45.85534],[-118.38074,45.85589],[-118.38409,45.85456],[-118.38432,45.8539],[-118.38387,45.85273],[-118.38412,45.85201],[-118.38515,45.85137],[-118.38538,45.85102],[-118.38507,45.85037],[-118.38378,45.84929],[-118.38195,45.84819],[-118.38059,45.84762],[-118.37948,45.84748],[-118.37699,45.84776],[-118.37431,45.84872],[-118.37352,45.84829],[-118.37349,45.8479],[-118.37382,45.84754],[-118.37382,45.84701],[-118.37334,45.84624],[-118.35924,45.83775],[-118.35634,45.8368],[-118.35413,45.83676],[-118.35319,45.83692],[-118.35208,45.83762],[-118.35122,45.8378],[-118.35023,45.83743],[-118.34908,45.83625],[-118.34832,45.83573],[-118.34596,45.83495],[-118.34046,45.83265],[-118.33624,45.83039],[-118.33354,45.8293],[-118.33143,45.82879],[-118.3307,45.82841],[-118.33063,45.82788],[-118.33142,45.82708],[-118.33266,45.82672],[-118.33472,45.82675],[-118.33736,45.82788],[-118.34137,45.83006],[-118.34638,45.83186],[-118.34855,45.83214],[-118.35102,45.83161],[-118.35448,45.83201],[-118.35542,45.83139],[-118.35527,45.82592],[-118.35666,45.82615],[-118.35876,45.83219],[-118.35944,45.83228],[-118.36065,45.8315],[-118.36146,45.83143],[-118.36415,45.83353],[-118.3653,45.83374],[-118.36651,45.83366],[-118.36744,45.83274],[-118.36839,45.83244],[-118.36895,45.83266],[-118.37083,45.83572],[-118.37178,45.83602],[-118.37358,45.83557],[-118.3771,45.83863],[-118.3795,45.8398],[-118.38116,45.83873],[-118.38222,45.83899],[-118.38343,45.8387],[-118.38406,45.83904],[-118.38586,45.84133],[-118.38663,45.84138],[-118.38804,45.84066],[-118.39197,45.84158],[-118.39317,45.84097],[-118.3939,45.84022],[-118.39414,45.83873],[-118.39344,45.83807],[-118.39344,45.83727],[-118.3946,45.83613],[-118.39457,45.8347],[-118.3937,45.8331],[-118.39121,45.83154],[-118.38889,45.83121],[-118.38761,45.83047],[-118.38737,45.82987],[-118.38767,45.82964],[-118.39043,45.82946],[-118.39038,45.82844],[-118.3875,45.82353],[-118.38265,45.81986],[-118.38265,45.81898],[-118.38401,45.81855],[-118.38642,45.81918],[-118.38856,45.81925],[-118.38932,45.8196],[-118.39181,45.82375],[-118.39455,45.82718],[-118.39821,45.82977],[-118.39955,45.8298],[-118.40047,45.82952],[-118.40107,45.82892],[-118.40188,45.8274],[-118.40371,45.82561],[-118.40657,45.8241],[-118.40968,45.82306],[-118.4106,45.82218],[-118.4102,45.81868],[-118.41065,45.81726],[-118.41182,45.81717],[-118.41488,45.81896],[-118.41597,45.81929],[-118.41714,45.8188],[-118.41784,45.81771],[-118.41806,45.81654],[-118.41729,45.8156],[-118.4157,45.81475],[-118.4153,45.81232],[-118.41757,45.81078],[-118.41757,45.80967],[-118.41602,45.80825],[-118.41642,45.8044],[-118.41708,45.80401],[-118.41786,45.80409],[-118.41867,45.80468],[-118.41971,45.80486],[-118.42022,45.80455],[-118.42104,45.80296],[-118.4211,45.80089],[-118.42011,45.7988],[-118.41773,45.79604],[-118.41745,45.79433],[-118.41567,45.79158],[-118.41583,45.79074],[-118.41746,45.79055],[-118.41992,45.79183],[-118.42276,45.79488],[-118.42292,45.79843],[-118.42368,45.79918],[-118.42755,45.79934],[-118.42817,45.80001],[-118.42832,45.80165],[-118.43033,45.80559],[-118.43058,45.80738],[-118.42994,45.81243],[-118.43233,45.8149],[-118.43328,45.81908],[-118.43432,45.82007],[-118.43504,45.82002],[-118.4355,45.81955],[-118.43557,45.81776],[-118.43815,45.81614],[-118.4406,45.81536],[-118.44274,45.81353],[-118.44308,45.81202],[-118.44453,45.8108],[-118.44478,45.80959],[-118.44892,45.80847],[-118.44884,45.80647],[-118.4501,45.80638],[-118.45137,45.80832],[-118.45254,45.80905],[-118.45415,45.80949],[-118.45623,45.80953],[-118.45794,45.80872],[-118.46097,45.80874],[-118.4618,45.8083],[-118.46163,45.80784],[-118.461,45.80731],[-118.45745,45.8056],[-118.45751,45.80484],[-118.45843,45.80424],[-118.45924,45.80395],[-118.46342,45.80363],[-118.46416,45.80327],[-118.46465,45.80284],[-118.4647,45.80237],[-118.4605,45.79917],[-118.45781,45.7977],[-118.45668,45.79513],[-118.45113,45.7921],[-118.45088,45.79082],[-118.44787,45.78733],[-118.44785,45.78659],[-118.449,45.78635],[-118.45213,45.78945],[-118.4585,45.79223],[-118.45911,45.79204],[-118.45941,45.79151],[-118.45604,45.78783],[-118.45506,45.78634],[-118.45437,45.78333],[-118.45315,45.78151],[-118.45032,45.78001],[-118.45092,45.77842],[-118.449,45.77656],[-118.44837,45.77343],[-118.44744,45.77155],[-118.4457,45.76943],[-118.44349,45.76743],[-118.43915,45.76517],[-118.43452,45.76407],[-118.42973,45.76326],[-118.42904,45.76258],[-118.42929,45.76156],[-118.43273,45.76132],[-118.43311,45.75944],[-118.4355,45.75952],[-118.43651,45.75885],[-118.43857,45.75988],[-118.44152,45.76004],[-118.4423,45.75893],[-118.44512,45.75912],[-118.44658,45.76106],[-118.44916,45.76136],[-118.44995,45.76486],[-118.45104,45.76587],[-118.45209,45.76644],[-118.45351,45.76677],[-118.45519,45.7684],[-118.45621,45.76865],[-118.45718,45.7682],[-118.45787,45.76722],[-118.45863,45.76706],[-118.45923,45.76733],[-118.45956,45.76922],[-118.46011,45.76975],[-118.46105,45.76989],[-118.46368,45.76831],[-118.46498,45.76828],[-118.46777,45.77005],[-118.46905,45.77017],[-118.46981,45.76984],[-118.47059,45.76985],[-118.47166,45.77087],[-118.47165,45.7728],[-118.47222,45.77413],[-118.47152,45.77849],[-118.47163,45.78004],[-118.47197,45.78039],[-118.47493,45.78095],[-118.47622,45.78057],[-118.47984,45.78042],[-118.48103,45.77983],[-118.48299,45.7799],[-118.48393,45.78036],[-118.48543,45.78184],[-118.48987,45.7888],[-118.49221,45.78996],[-118.49396,45.7896],[-118.49542,45.78839],[-118.49525,45.78688],[-118.49439,45.78582],[-118.4921,45.78417],[-118.49164,45.78347],[-118.49072,45.78027],[-118.48984,45.77944],[-118.4889,45.77897],[-118.48813,45.7788],[-118.48713,45.77918],[-118.48552,45.77909],[-118.48442,45.7786],[-118.48301,45.77759],[-118.48061,45.77695],[-118.47991,45.77639],[-118.48039,45.77421],[-118.48261,45.77251],[-118.48281,45.77095],[-118.48408,45.76892],[-118.48374,45.7679],[-118.48294,45.76755],[-118.48137,45.76843],[-118.48051,45.76832],[-118.48116,45.76531],[-118.4811,45.76382],[-118.48039,45.76298],[-118.47961,45.76259],[-118.47704,45.76234],[-118.47595,45.76211],[-118.47543,45.76176],[-118.47519,45.76142],[-118.47488,45.75902],[-118.47468,45.75846],[-118.47359,45.75713],[-118.47349,45.75675],[-118.47396,45.7564],[-118.47803,45.7568],[-118.47991,45.7562],[-118.4803,45.7556],[-118.48044,45.75478],[-118.48012,45.75419],[-118.4787,45.75344],[-118.47547,45.75311],[-118.47448,45.74994],[-118.47341,45.74797],[-118.4711,45.74063],[-118.46921,45.73816],[-118.46946,45.73649],[-118.46928,45.73567],[-118.46831,45.73467],[-118.46787,45.73338],[-118.4621,45.72899],[-118.46258,45.72817],[-118.46344,45.72756],[-118.46532,45.72804],[-118.46994,45.73063],[-118.47062,45.7304],[-118.47208,45.72917],[-118.47364,45.73019],[-118.47499,45.73203],[-118.4766,45.73641],[-118.47901,45.73653],[-118.48034,45.73748],[-118.48154,45.73758],[-118.4817,45.73675],[-118.48056,45.73522],[-118.48091,45.73352],[-118.48097,45.73197],[-118.47994,45.73094],[-118.4763,45.73017],[-118.47479,45.72938],[-118.4749,45.72653],[-118.47539,45.7261],[-118.47986,45.72646],[-118.48053,45.72577],[-118.48071,45.72459],[-118.48007,45.72309],[-118.4753,45.72192],[-118.47436,45.72101],[-118.47475,45.72038],[-118.4798,45.72015],[-118.4799,45.71776],[-118.4785,45.71464],[-118.47721,45.71263],[-118.47589,45.71139],[-118.47611,45.71073],[-118.47765,45.71065],[-118.47811,45.70995],[-118.47904,45.70992],[-118.48126,45.71277],[-118.4833,45.71456],[-118.48482,45.71471],[-118.48539,45.71515],[-118.48577,45.71755],[-118.48717,45.71843],[-118.48931,45.71863],[-118.49076,45.71931],[-118.49332,45.71919],[-118.49372,45.71831],[-118.49362,45.71579],[-118.49238,45.7146],[-118.49251,45.71409],[-118.49429,45.71366],[-118.49436,45.7129],[-118.49171,45.71023],[-118.49161,45.70956],[-118.49456,45.70947],[-118.49528,45.7092],[-118.4952,45.70778],[-118.4959,45.7069],[-118.49977,45.70682],[-118.50008,45.70649],[-118.50043,45.70464],[-118.50102,45.70409],[-118.50774,45.70406],[-118.51043,45.70517],[-118.51231,45.7052],[-118.51264,45.70476],[-118.51161,45.70337],[-118.51168,45.70098],[-118.51027,45.69984],[-118.51026,45.69924],[-118.51372,45.6987],[-118.51768,45.69734],[-118.51783,45.69624],[-118.51605,45.6951],[-118.51458,45.69346],[-118.51301,45.69333],[-118.51063,45.69599],[-118.50976,45.69609],[-118.50843,45.6956],[-118.50663,45.69615],[-118.50418,45.69483],[-118.50322,45.69527],[-118.50164,45.69663],[-118.49993,45.69699],[-118.49712,45.69598],[-118.49444,45.69434],[-118.49446,45.69198],[-118.49415,45.69117],[-118.49342,45.69047],[-118.49173,45.69041],[-118.49085,45.69098],[-118.48952,45.69324],[-118.48813,45.69309],[-118.48636,45.69354],[-118.48585,45.69325],[-118.48586,45.6912],[-118.48518,45.69052],[-118.46315,45.69039],[-118.46244,45.69104],[-118.46247,45.69249],[-118.46282,45.69301],[-118.46282,45.69366],[-118.46018,45.6961],[-118.45778,45.69709],[-118.45731,45.6978],[-118.45675,45.69936],[-118.45415,45.70029],[-118.45046,45.70014],[-118.44837,45.7021],[-118.44782,45.70219],[-118.44714,45.70179],[-118.44725,45.70101],[-118.44773,45.70067],[-118.44768,45.69884],[-118.44903,45.69835],[-118.44966,45.69767],[-118.44947,45.69571],[-118.44842,45.69413],[-118.45027,45.69144],[-118.4502,45.69029],[-118.44894,45.6902],[-118.44778,45.69095],[-118.4472,45.69102],[-118.44665,45.69084],[-118.44671,45.68874],[-118.44557,45.68865],[-118.44437,45.68987],[-118.44269,45.68952],[-118.44145,45.69043],[-118.44003,45.69054],[-118.43759,45.68902],[-118.43615,45.68891],[-118.43576,45.68949],[-118.43313,45.68943],[-118.43304,45.69047],[-118.43046,45.69025],[-118.42984,45.69103],[-118.4298,45.69211],[-118.43068,45.69349],[-118.43047,45.6953],[-118.42975,45.6964],[-118.42883,45.69661],[-118.42787,45.69643],[-118.42763,45.69526],[-118.42778,45.69394],[-118.42508,45.69217],[-118.42428,45.69184],[-118.42315,45.69201],[-118.42324,45.69331],[-118.42296,45.69369],[-118.42105,45.69375],[-118.42098,45.69495],[-118.42037,45.69522],[-118.41807,45.6953],[-118.41601,45.69638],[-118.41371,45.69629],[-118.41191,45.69743],[-118.40846,45.69926],[-118.40602,45.70099],[-118.40371,45.7016],[-118.40336,45.70253],[-118.40093,45.70297],[-118.40029,45.70541],[-118.40149,45.70588],[-118.40174,45.70627],[-118.39937,45.70731],[-118.3993,45.71013],[-118.39765,45.71185],[-118.39544,45.71376],[-118.39437,45.7137],[-118.39372,45.71316],[-118.39476,45.71077],[-118.39572,45.70639],[-118.39534,45.703],[-118.39436,45.70249],[-118.39201,45.70245],[-118.39036,45.70339],[-118.38922,45.70284],[-118.3857,45.70329],[-118.38345,45.70477],[-118.38186,45.70364],[-118.37964,45.70366],[-118.37902,45.70319],[-118.37715,45.70338],[-118.37615,45.7048],[-118.37347,45.70385],[-118.37163,45.70396],[-118.37107,45.70436],[-118.37095,45.70542],[-118.36911,45.70464],[-118.36773,45.70451],[-118.36645,45.70484],[-118.36631,45.7063],[-118.36569,45.7064],[-118.36441,45.7053],[-118.36289,45.70534],[-118.36168,45.70598],[-118.36159,45.70711],[-118.36099,45.70739],[-118.36017,45.70721],[-118.3597,45.70628],[-118.35851,45.70588],[-118.35589,45.70631],[-118.35417,45.70765],[-118.35507,45.70877],[-118.35249,45.70869],[-118.35079,45.71055],[-118.3492,45.71067],[-118.34822,45.71206],[-118.34688,45.71236],[-118.34703,45.71356],[-118.34636,45.71499],[-118.3455,45.71524],[-118.34417,45.71449],[-118.34048,45.71501],[-118.33972,45.7155],[-118.33527,45.71619],[-118.33426,45.71704],[-118.33408,45.71865],[-118.33226,45.71822],[-118.3295,45.71911],[-118.32866,45.72011],[-118.32711,45.72052],[-118.3267,45.72239],[-118.32417,45.72285],[-118.32234,45.72387],[-118.32126,45.72491],[-118.31519,45.72514],[-118.31021,45.72448],[-118.30723,45.72477],[-118.30393,45.72416],[-118.30118,45.72464],[-118.29779,45.72467],[-118.29152,45.72534],[-118.29037,45.72665],[-118.28919,45.72687],[-118.28734,45.7249],[-118.28403,45.7261],[-118.28281,45.72635],[-118.28157,45.72632],[-118.28071,45.72536],[-118.28141,45.72421],[-118.28297,45.72324],[-118.28824,45.72127],[-118.29546,45.72005],[-118.29801,45.7194],[-118.3118,45.71957],[-118.31092,45.71358],[-118.3118,45.71305],[-118.31279,45.713],[-118.31371,45.71415],[-118.31427,45.71581],[-118.31499,45.71935],[-118.31545,45.7199],[-118.31638,45.72029],[-118.3178,45.72025],[-118.32086,45.71853],[-118.32249,45.71669],[-118.32588,45.71473],[-118.32796,45.71438],[-118.32979,45.71324],[-118.33027,45.71195],[-118.33776,45.71022],[-118.33924,45.70894],[-118.34219,45.70896],[-118.3437,45.70772],[-118.34368,45.70564],[-118.34726,45.70493],[-118.34864,45.70398],[-118.34792,45.70285],[-118.34568,45.70359],[-118.34449,45.70357],[-118.34405,45.70297],[-118.34446,45.70224],[-118.34666,45.70156],[-118.34728,45.70087],[-118.34768,45.69971],[-118.34825,45.69135],[-118.34657,45.69006],[-118.3469,45.68892],[-118.35025,45.69],[-118.35174,45.68815],[-118.35393,45.68675],[-118.35534,45.68657],[-118.35743,45.68504],[-118.35734,45.68435],[-118.35589,45.68381],[-118.35327,45.68173],[-118.35243,45.68071],[-118.3527,45.67971],[-118.35336,45.6794],[-118.35567,45.6811],[-118.35697,45.6813],[-118.35819,45.68226],[-118.35945,45.68217],[-118.36006,45.68149],[-118.35959,45.68078],[-118.35962,45.6789],[-118.36135,45.67588],[-118.36158,45.67289],[-118.36233,45.67147],[-118.36237,45.66344],[-118.36018,45.65615],[-118.36025,45.65527],[-118.3584,45.65267],[-118.35921,45.65153],[-118.35833,45.64845],[-118.3563,45.64688],[-118.35618,45.64535],[-118.35508,45.64293],[-118.35751,45.64155],[-118.35898,45.6414],[-118.36035,45.64258],[-118.36251,45.6468],[-118.36423,45.64885],[-118.3639,45.65226],[-118.36472,45.65503],[-118.3669,45.65792],[-118.36817,45.66079],[-118.36787,45.66176],[-118.36941,45.66314],[-118.36891,45.66437],[-118.36954,45.66671],[-118.36954,45.66891],[-118.36862,45.67078],[-118.3679,45.67418],[-118.36711,45.67571],[-118.3674,45.67669],[-118.3653,45.68397],[-118.36522,45.68625],[-118.3626,45.6882],[-118.36059,45.68915],[-118.35793,45.68977],[-118.35609,45.69286],[-118.35536,45.69635],[-118.35672,45.6968],[-118.35947,45.69556],[-118.36389,45.69474],[-118.36904,45.6946],[-118.37331,45.6948],[-118.37555,45.69456],[-118.37584,45.693],[-118.3771,45.69292],[-118.3783,45.69346],[-118.37993,45.69462],[-118.38193,45.69453],[-118.38371,45.69401],[-118.38513,45.69159],[-118.38511,45.69037],[-118.38675,45.68863],[-118.38801,45.68834],[-118.3911,45.68408],[-118.39125,45.68203],[-118.39045,45.68081],[-118.39374,45.68072],[-118.39568,45.67796],[-118.39673,45.6751],[-118.39852,45.66998],[-118.39843,45.66031],[-118.3981,45.6577],[-118.39769,45.65666],[-118.39611,45.65534],[-118.3961,45.65326],[-118.3984,45.65276],[-118.39943,45.65161],[-118.39938,45.64869],[-118.40063,45.64737],[-118.40155,45.64733],[-118.40261,45.6482],[-118.40225,45.65233],[-118.40151,45.65307],[-118.40166,45.65714],[-118.40231,45.65856],[-118.40223,45.66142],[-118.40261,45.66479],[-118.40322,45.66574],[-118.40281,45.66718],[-118.40334,45.66829],[-118.40275,45.66942],[-118.40254,45.67119],[-118.40348,45.67243],[-118.40218,45.67385],[-118.4018,45.67572],[-118.40087,45.67671],[-118.40068,45.67849],[-118.39965,45.67935],[-118.39912,45.68104],[-118.39777,45.68189],[-118.39717,45.68399],[-118.39457,45.68679],[-118.39256,45.69115],[-118.39307,45.69204],[-118.39414,45.69196],[-118.40652,45.68692],[-118.41451,45.68266],[-118.41509,45.681],[-118.41942,45.68083],[-118.42032,45.67978],[-118.42186,45.67254],[-118.4225,45.67244],[-118.42353,45.6735],[-118.42412,45.67511],[-118.42567,45.67576],[-118.42583,45.67773],[-118.42657,45.6787],[-118.42883,45.67806],[-118.43098,45.67632],[-118.43279,45.67653],[-118.43423,45.6757],[-118.43467,45.67407],[-118.43754,45.67518],[-118.43972,45.67462],[-118.44063,45.67003],[-118.44201,45.66979],[-118.44278,45.66894],[-118.44356,45.66899],[-118.4446,45.67012],[-118.44453,45.67136],[-118.44539,45.672],[-118.44625,45.67356],[-118.44743,45.67369],[-118.44828,45.67468],[-118.44993,45.67422],[-118.45275,45.67471],[-118.45346,45.67448],[-118.45291,45.67328],[-118.45106,45.67226],[-118.45073,45.67155],[-118.45111,45.66953],[-118.45325,45.66989],[-118.45412,45.66919],[-118.45421,45.66685],[-118.45521,45.66628],[-118.45547,45.66539],[-118.45463,45.66353],[-118.45536,45.66239],[-118.45566,45.6603],[-118.45634,45.65852],[-118.45729,45.65872],[-118.45796,45.65964],[-118.45728,45.66257],[-118.45882,45.66624],[-118.45788,45.66757],[-118.45827,45.66901],[-118.45981,45.6702],[-118.45916,45.67105],[-118.45924,45.67202],[-118.46012,45.67241],[-118.46139,45.67174],[-118.46438,45.66867],[-118.46556,45.66847],[-118.46773,45.66643],[-118.46754,45.66531],[-118.46524,45.66317],[-118.46537,45.66164],[-118.46489,45.6609],[-118.46496,45.65943],[-118.46534,45.65883],[-118.46578,45.65852],[-118.4667,45.65898],[-118.4669,45.6605],[-118.46847,45.66228],[-118.46999,45.66317],[-118.47076,45.66313],[-118.47155,45.66267],[-118.47205,45.65774],[-118.47313,45.65671],[-118.47416,45.65712],[-118.47412,45.66072],[-118.47506,45.66142],[-118.47643,45.66152],[-118.48,45.66091],[-118.481,45.66028],[-118.48219,45.66056],[-118.48373,45.66048],[-118.48634,45.65972],[-118.48769,45.65897],[-118.48948,45.65744],[-118.49019,45.65648],[-118.49031,45.6542],[-118.49247,45.65274],[-118.49355,45.65278],[-118.49383,45.65332],[-118.49303,45.65566],[-118.49305,45.6573],[-118.49234,45.65855],[-118.49183,45.66049],[-118.48969,45.66157],[-118.48817,45.66263],[-118.48805,45.66393],[-118.48202,45.66387],[-118.47852,45.66474],[-118.47557,45.66709],[-118.47307,45.66978],[-118.46855,45.67615],[-118.46822,45.67711],[-118.46891,45.67751],[-118.46965,45.67748],[-118.47201,45.67602],[-118.47283,45.67588],[-118.47491,45.67761],[-118.47594,45.67769],[-118.4774,45.677],[-118.47804,45.67607],[-118.47837,45.67433],[-118.47936,45.67432],[-118.4832,45.67755],[-118.48518,45.67777],[-118.48694,45.6777],[-118.48797,45.67695],[-118.48781,45.673],[-118.48805,45.67253],[-118.48901,45.67181],[-118.49059,45.6723],[-118.49186,45.67239],[-118.49344,45.67074],[-118.49434,45.67068],[-118.49523,45.67177],[-118.49606,45.67558],[-118.49716,45.67684],[-118.49844,45.67749],[-118.49945,45.67744],[-118.50094,45.6765],[-118.5023,45.67651],[-118.5039,45.67724],[-118.50456,45.67724],[-118.50502,45.67677],[-118.50489,45.67509],[-118.50433,45.6729],[-118.50424,45.67022],[-118.50477,45.66964],[-118.50587,45.66943],[-118.50676,45.6698],[-118.509,45.6716],[-118.51136,45.67411],[-118.51211,45.67425],[-118.51287,45.67383],[-118.51348,45.67372],[-118.51344,45.67123],[-118.51405,45.66955],[-118.51433,45.66532],[-118.51382,45.66362],[-118.51426,45.66309],[-118.51486,45.66317],[-118.5169,45.66465],[-118.51846,45.66554],[-118.52337,45.66562],[-118.52433,45.66499],[-118.52416,45.66262],[-118.52353,45.66162],[-118.51929,45.66107],[-118.51902,45.66048],[-118.52171,45.65855],[-118.5237,45.65797],[-118.52391,45.65732],[-118.52305,45.65583],[-118.52299,45.65425],[-118.52084,45.65139],[-118.52134,45.65086],[-118.52295,45.65104],[-118.52432,45.65173],[-118.52605,45.65143],[-118.52697,45.65212],[-118.52774,45.65443],[-118.5286,45.65515],[-118.53033,45.65503],[-118.5315,45.65612],[-118.53226,45.65613],[-118.53365,45.65557],[-118.53579,45.65569],[-118.53795,45.65388],[-118.53833,45.65251],[-118.53906,45.65214],[-118.5405,45.65252],[-118.54275,45.65256],[-118.54359,45.65229],[-118.54457,45.65112],[-118.54423,45.6495],[-118.54572,45.64932],[-118.54653,45.64839],[-118.5496,45.65005],[-118.55135,45.65011],[-118.55224,45.64977],[-118.55245,45.6491],[-118.55132,45.64772],[-118.55129,45.64697],[-118.55202,45.64689],[-118.55589,45.64754],[-118.5584,45.6457],[-118.5586,45.64356],[-118.55664,45.63943],[-118.55675,45.63773],[-118.55745,45.63712],[-118.55839,45.63726],[-118.55921,45.63778],[-118.56108,45.63977],[-118.5616,45.63965],[-118.56156,45.63854],[-118.56189,45.63809],[-118.56276,45.63802],[-118.56354,45.63901],[-118.56411,45.64255],[-118.56463,45.64364],[-118.56575,45.64437],[-118.56702,45.64445],[-118.56779,45.64402],[-118.56851,45.64328],[-118.56858,45.64186],[-118.56921,45.64149],[-118.56991,45.64157],[-118.57172,45.64304],[-118.5726,45.64322],[-118.57361,45.64275],[-118.57536,45.64154],[-118.57915,45.64148],[-118.58032,45.64104],[-118.58109,45.64031],[-118.58142,45.6395],[-118.58149,45.63697],[-118.58208,45.63614],[-118.58045,45.63421],[-118.58012,45.63111],[-118.5807,45.63007],[-118.5817,45.62998],[-118.58466,45.63228],[-118.5869,45.63568],[-118.58811,45.6368],[-118.58977,45.63699],[-118.59068,45.63654],[-118.59085,45.63343],[-118.59165,45.63325],[-118.59558,45.63577],[-118.59678,45.63611],[-118.59751,45.63557],[-118.59751,45.63358],[-118.599,45.63168],[-118.60079,45.63241],[-118.6018,45.632],[-118.60179,45.62984],[-118.60252,45.62927],[-118.60613,45.63153],[-118.60772,45.63204],[-118.6097,45.63209],[-118.61103,45.63168],[-118.61173,45.63084],[-118.61256,45.62935],[-118.61373,45.62922],[-118.61475,45.62995],[-118.61683,45.63004],[-118.61721,45.62972],[-118.61719,45.6289],[-118.61634,45.62779],[-118.61404,45.62583],[-118.61208,45.62482],[-118.60817,45.62386],[-118.60387,45.62055],[-118.60322,45.61948],[-118.60357,45.61859],[-118.6044,45.61858],[-118.60795,45.62064],[-118.60997,45.62072],[-118.61133,45.62149],[-118.61259,45.62142],[-118.61264,45.61933],[-118.61292,45.61856],[-118.61317,45.61643],[-118.6137,45.61586],[-118.61442,45.61584],[-118.61518,45.61661],[-118.61569,45.61844],[-118.61796,45.62155],[-118.62121,45.62463],[-118.62345,45.62567],[-118.62475,45.62489],[-118.62402,45.62195],[-118.6235,45.61697],[-118.62385,45.61561],[-118.62345,45.61364],[-118.62418,45.61351],[-118.627,45.61494],[-118.63227,45.61871],[-118.63458,45.62077],[-118.63596,45.62096],[-118.63656,45.62073],[-118.63721,45.61997],[-118.63765,45.61911],[-118.63784,45.61772],[-118.63916,45.61724],[-118.63987,45.61654],[-118.64019,45.61425],[-118.63956,45.61356],[-118.63791,45.61249],[-118.63602,45.60977],[-118.6361,45.60918],[-118.64063,45.60992],[-118.64223,45.60985],[-118.64327,45.60925],[-118.6417,45.60662],[-118.64236,45.60613],[-118.64473,45.60628],[-118.64535,45.60377],[-118.64507,45.60266],[-118.64361,45.60149],[-118.63816,45.60004],[-118.63273,45.59948],[-118.63099,45.59883],[-118.63029,45.59806],[-118.63099,45.59759],[-118.63783,45.59809],[-118.63885,45.59777],[-118.63938,45.59728],[-118.63745,45.59456],[-118.63767,45.59379],[-118.64031,45.59475],[-118.64303,45.59672],[-118.64519,45.59747],[-118.6465,45.5973],[-118.64754,45.59688],[-118.64758,45.59534],[-118.64841,45.59489],[-118.65317,45.59371],[-118.65326,45.59321],[-118.65161,45.59042],[-118.6502,45.59004],[-118.6499,45.58948],[-118.65053,45.58868],[-118.65032,45.58753],[-118.6526,45.58741],[-118.65319,45.58681],[-118.65251,45.58536],[-118.65331,45.58504],[-118.65532,45.58542],[-118.65574,45.5851],[-118.65546,45.58439],[-118.65373,45.58268],[-118.6454,45.5771],[-118.64317,45.57468],[-118.64373,45.57404],[-118.645,45.57381],[-118.64722,45.57451],[-118.65575,45.57888],[-118.65844,45.57897],[-118.66049,45.58064],[-118.66257,45.58117],[-118.66528,45.5811],[-118.66633,45.58038],[-118.66644,45.57865],[-118.66951,45.57399],[-118.66972,45.57314],[-118.66936,45.5721],[-118.66687,45.5697],[-118.66705,45.56885],[-118.66806,45.56843],[-118.67139,45.56817],[-118.67306,45.5675],[-118.67428,45.5666],[-118.67433,45.56547],[-118.67255,45.5642],[-118.67211,45.56304],[-118.67292,45.56205],[-118.67369,45.56202],[-118.67551,45.56271],[-118.67701,45.56262],[-118.67935,45.56073],[-118.68072,45.55918],[-118.6806,45.55721],[-118.68142,45.55685],[-118.68484,45.5565],[-118.68575,45.55611],[-118.68629,45.55528],[-118.68878,45.55444],[-118.69016,45.55263],[-118.69264,45.55284],[-118.69403,45.55251],[-118.69409,45.55115],[-118.69347,45.54993],[-118.69368,45.54819],[-118.69271,45.54619],[-118.69287,45.54551],[-118.6945,45.54434],[-118.69453,45.54154],[-118.69504,45.5412],[-118.69687,45.54066],[-118.70026,45.53726],[-118.70028,45.53464],[-118.7021,45.53279],[-118.70219,45.5317],[-118.69953,45.53066],[-118.69597,45.5302],[-118.69475,45.52948],[-118.69473,45.5285],[-118.69529,45.52704],[-118.69861,45.52725],[-118.70217,45.52836],[-118.7039,45.52846],[-118.70476,45.52806],[-118.70557,45.52718],[-118.70577,45.5255],[-118.70649,45.5247],[-118.70635,45.52328],[-118.70768,45.52305],[-118.71068,45.52344],[-118.71245,45.52314],[-118.7127,45.52254],[-118.71172,45.52043],[-118.71496,45.51814],[-118.71899,45.51703],[-118.721,45.5157],[-118.72135,45.51466],[-118.72051,45.51376],[-118.71851,45.51377],[-118.717,45.51315],[-118.71292,45.51242],[-118.71147,45.51346],[-118.71154,45.51515],[-118.71095,45.51548],[-118.70877,45.51475],[-118.7065,45.51445],[-118.70522,45.51332],[-118.70335,45.51285],[-118.70184,45.51294],[-118.70008,45.5141],[-118.699,45.51525],[-118.69798,45.51686],[-118.69646,45.51781],[-118.6955,45.51916],[-118.69057,45.51879],[-118.69458,45.5121],[-118.69459,45.51135],[-118.69412,45.51092],[-118.69124,45.51064],[-118.69062,45.51113],[-118.69038,45.51184],[-118.69004,45.51403],[-118.68977,45.51456],[-118.68901,45.51451],[-118.68843,45.51398],[-118.68809,45.51284],[-118.68753,45.51222],[-118.68772,45.51091],[-118.68684,45.50973],[-118.68643,45.50838],[-118.68541,45.508],[-118.68347,45.50799],[-118.68191,45.5087],[-118.68038,45.50874],[-118.67941,45.50943],[-118.67733,45.50998],[-118.67669,45.5096],[-118.67608,45.50795],[-118.67482,45.50731],[-118.6719,45.50737],[-118.67045,45.50666],[-118.66983,45.50699],[-118.66915,45.50787],[-118.66841,45.50791],[-118.66741,45.5075],[-118.66512,45.50534],[-118.6629,45.50568],[-118.66176,45.50615],[-118.66068,45.50736],[-118.65986,45.50753],[-118.65921,45.50716],[-118.6595,45.50474],[-118.65873,45.5042],[-118.65726,45.50405],[-118.65499,45.50426],[-118.65296,45.50383],[-118.6517,45.50442],[-118.65,45.50438],[-118.64892,45.50502],[-118.64625,45.50367],[-118.64347,45.50368],[-118.64173,45.50523],[-118.6397,45.50498],[-118.63837,45.50612],[-118.63589,45.50536],[-118.63245,45.50559],[-118.63083,45.50624],[-118.62772,45.50583],[-118.61302,45.51352],[-118.61139,45.51542],[-118.61238,45.51717],[-118.60967,45.51746],[-118.60561,45.5208],[-118.60696,45.5222],[-118.60404,45.52252],[-118.6019,45.52375],[-118.59729,45.5239],[-118.5955,45.52505],[-118.59278,45.52591],[-118.59058,45.52785],[-118.58723,45.53004],[-118.58505,45.53083],[-118.58391,45.53063],[-118.58392,45.52976],[-118.58459,45.52819],[-118.58697,45.52679],[-118.58892,45.52473],[-118.59153,45.52386],[-118.595,45.52168],[-118.59725,45.52145],[-118.59803,45.52077],[-118.59593,45.51928],[-118.59626,45.51839],[-118.59763,45.51821],[-118.6009,45.51991],[-118.60227,45.5199],[-118.60557,45.51647],[-118.60624,45.51356],[-118.60819,45.5129],[-118.60948,45.51162],[-118.61065,45.50938],[-118.61546,45.50549],[-118.61833,45.50204],[-118.61841,45.50137],[-118.6172,45.50028],[-118.60901,45.50032],[-118.60887,45.49981],[-118.61252,45.49877],[-118.61243,45.49748],[-118.61123,45.49674],[-118.60588,45.49644],[-118.60591,45.49589],[-118.60999,45.49451],[-118.61014,45.49368],[-118.60875,45.49278],[-118.60879,45.4909],[-118.60733,45.49001],[-118.60811,45.48834],[-118.60749,45.48637],[-118.60813,45.48403],[-118.60804,45.48272],[-118.60726,45.48167],[-118.60762,45.48038],[-118.60733,45.47955],[-118.60728,45.47774],[-118.60671,45.47648],[-118.60565,45.47564],[-118.60557,45.47397],[-118.60383,45.4709],[-118.60382,45.46919],[-118.60603,45.46879],[-118.60682,45.47009],[-118.60798,45.47103],[-118.60874,45.47251],[-118.6099,45.47365],[-118.61013,45.47514],[-118.61103,45.47587],[-118.61153,45.47719],[-118.6109,45.47919],[-118.6121,45.48065],[-118.6115,45.48228],[-118.61335,45.48417],[-118.61315,45.48623],[-118.61375,45.4878],[-118.61469,45.48868],[-118.61473,45.48945],[-118.61421,45.4907],[-118.61495,45.49193],[-118.61701,45.49409],[-118.61916,45.49518],[-118.62056,45.49711],[-118.62545,45.49936],[-118.63213,45.49933],[-118.63465,45.49876],[-118.6368,45.49757],[-118.63761,45.4961],[-118.64146,45.49692],[-118.6423,45.49641],[-118.64229,45.49566],[-118.64146,45.49492],[-118.64144,45.49444],[-118.64249,45.49424],[-118.64315,45.4938],[-118.64315,45.49264],[-118.64244,45.4917],[-118.64339,45.49099],[-118.64343,45.48966],[-118.64411,45.48929],[-118.64465,45.48976],[-118.64556,45.4915],[-118.64563,45.49479],[-118.64672,45.49611],[-118.64767,45.49651],[-118.64881,45.4965],[-118.65105,45.49513],[-118.65183,45.49527],[-118.65221,45.49661],[-118.6529,45.49699],[-118.65426,45.49709],[-118.65516,45.49673],[-118.65847,45.49674],[-118.66078,45.49656],[-118.66262,45.49582],[-118.66315,45.49475],[-118.6638,45.49474],[-118.66473,45.49476],[-118.66652,45.49593],[-118.66859,45.49657],[-118.67045,45.49642],[-118.67168,45.49591],[-118.67334,45.49473],[-118.67431,45.49474],[-118.67487,45.49523],[-118.67602,45.49782],[-118.67806,45.49849],[-118.67961,45.49842],[-118.68046,45.49782],[-118.68125,45.49682],[-118.68378,45.49571],[-118.68577,45.49503],[-118.68672,45.49508],[-118.68696,45.49567],[-118.68597,45.49696],[-118.68598,45.49761],[-118.68666,45.49795],[-118.68803,45.49753],[-118.68865,45.49777],[-118.68918,45.50044],[-118.69522,45.50124],[-118.69661,45.50035],[-118.69872,45.50041],[-118.69946,45.4998],[-118.7007,45.49705],[-118.70113,45.49688],[-118.70375,45.49773],[-118.70498,45.49737],[-118.70674,45.49737],[-118.70762,45.49681],[-118.70916,45.4975],[-118.70936,45.50096],[-118.70985,45.50211],[-118.7107,45.50246],[-118.71203,45.50216],[-118.7138,45.50238],[-118.71562,45.50324],[-118.71831,45.50326],[-118.71888,45.50294],[-118.71935,45.50229],[-118.71885,45.5018],[-118.7179,45.50153],[-118.71754,45.50115],[-118.71759,45.50006],[-118.71421,45.49787],[-118.71429,45.49717],[-118.71498,45.49649],[-118.71875,45.49645],[-118.71979,45.49575],[-118.71954,45.49348],[-118.71993,45.49279],[-118.72078,45.49268],[-118.72671,45.4966],[-118.72863,45.49695],[-118.73225,45.49932],[-118.73274,45.4986],[-118.7327,45.49773],[-118.73011,45.49518],[-118.73005,45.49257],[-118.72959,45.49159],[-118.7274,45.48965],[-118.72775,45.48893],[-118.72923,45.48937],[-118.73081,45.49059],[-118.73275,45.491],[-118.73502,45.4928],[-118.73692,45.49354],[-118.73844,45.49342],[-118.73989,45.49218],[-118.74204,45.49204],[-118.7435,45.49142],[-118.74633,45.49163],[-118.74738,45.49124],[-118.74771,45.49032],[-118.74706,45.48966],[-118.74255,45.48677],[-118.7421,45.48595],[-118.74226,45.48534],[-118.74408,45.48462],[-118.74876,45.48364],[-118.74945,45.48279],[-118.74951,45.48117],[-118.75015,45.48094],[-118.75748,45.48123],[-118.75978,45.48088],[-118.76182,45.48016],[-118.76369,45.47875],[-118.76424,45.47708],[-118.76353,45.47627],[-118.7597,45.47368],[-118.7599,45.47307],[-118.7633,45.47234],[-118.76531,45.4711],[-118.76609,45.47103],[-118.76724,45.47216],[-118.76816,45.47249],[-118.77059,45.47221],[-118.77483,45.47254],[-118.77608,45.47212],[-118.77722,45.47139],[-118.77721,45.47045],[-118.77502,45.46735],[-118.77485,45.46589],[-118.77531,45.46554],[-118.77636,45.4657],[-118.78214,45.46741],[-118.78612,45.46746],[-118.78821,45.46682],[-118.79007,45.46601],[-118.79328,45.46596],[-118.79395,45.46569],[-118.79437,45.4652],[-118.79393,45.46369],[-118.79477,45.46247],[-118.79953,45.46244],[-118.80103,45.46215],[-118.80249,45.4615],[-118.8035,45.46066],[-118.80385,45.45839],[-118.80206,45.45672],[-118.80145,45.45587],[-118.80152,45.45477],[-118.80296,45.45451],[-118.80786,45.45501],[-118.80896,45.45461],[-118.80935,45.45396],[-118.80873,45.45152],[-118.80725,45.44862],[-118.80684,45.44664],[-118.8069,45.44595],[-118.80767,45.44561],[-118.80847,45.44544],[-118.80943,45.44576],[-118.81316,45.44818],[-118.81518,45.44881],[-118.81747,45.4489],[-118.81926,45.44846],[-118.82048,45.44741],[-118.82067,45.44523],[-118.82154,45.44415],[-118.82149,45.44287],[-118.82104,45.44218],[-118.82025,45.43445],[-118.81984,45.43298],[-118.81813,45.43123],[-118.81891,45.42858],[-118.81457,45.42167],[-118.8131,45.41829],[-118.8131,45.4164],[-118.81431,45.41609],[-118.8157,45.41701],[-118.81704,45.41833],[-118.81992,45.42359],[-118.82172,45.42467],[-118.82231,45.42548],[-118.82239,45.42749],[-118.82655,45.43112],[-118.82893,45.43357],[-118.83111,45.4374],[-118.83187,45.43799],[-118.83268,45.43832],[-118.83411,45.43841],[-118.83628,45.43756],[-118.83692,45.43582],[-118.83728,45.43314],[-118.83832,45.43127],[-118.83923,45.43085],[-118.83998,45.43106],[-118.84046,45.43177],[-118.84039,45.43334],[-118.83951,45.43509],[-118.83938,45.43624],[-118.83993,45.43704],[-118.84043,45.4369],[-118.84266,45.43491],[-118.84501,45.4315],[-118.84685,45.43156],[-118.84772,45.43267],[-118.84413,45.43848],[-118.84288,45.43928],[-118.84192,45.44027],[-118.83948,45.44087],[-118.83818,45.44214],[-118.83798,45.44396],[-118.83901,45.44505],[-118.83918,45.44589],[-118.83772,45.44651],[-118.83761,45.44797],[-118.83881,45.45164],[-118.83932,45.45484],[-118.841,45.45694],[-118.84196,45.45703],[-118.84304,45.45598],[-118.84422,45.45083],[-118.84497,45.45041],[-118.8459,45.45063],[-118.84742,45.45211],[-118.84949,45.45182],[-118.85001,45.45197],[-118.85052,45.4528],[-118.85171,45.45288],[-118.85261,45.45257],[-118.85329,45.45283],[-118.85471,45.45471],[-118.85591,45.45477],[-118.85665,45.45425],[-118.85858,45.45046],[-118.85875,45.44829],[-118.85835,45.44692],[-118.85662,45.44551],[-118.85626,45.44449],[-118.8548,45.44343],[-118.85497,45.44262],[-118.85832,45.44261],[-118.85985,45.44196],[-118.86132,45.44203],[-118.8644,45.44363],[-118.8665,45.44361],[-118.86868,45.44279],[-118.87179,45.43938],[-118.8726,45.43965],[-118.87274,45.44212],[-118.87396,45.44239],[-118.87641,45.44104],[-118.88006,45.43811],[-118.88185,45.43637],[-118.88567,45.43761],[-118.8865,45.43717],[-118.8872,45.43631],[-118.88873,45.43257],[-118.88895,45.42841],[-118.89038,45.42826],[-118.89135,45.43014],[-118.89198,45.4281],[-118.89276,45.42737],[-118.89388,45.42772],[-118.89465,45.42849],[-118.89425,45.43325],[-118.895,45.43448],[-118.89382,45.43557],[-118.8932,45.43722],[-118.88004,45.44799],[-118.87546,45.4532],[-118.87524,45.45447],[-118.87622,45.45525],[-118.87708,45.45559],[-118.87847,45.45568],[-118.87971,45.45514],[-118.88165,45.45331],[-118.8843,45.45028],[-118.88514,45.45031],[-118.88562,45.45083],[-118.88571,45.45293],[-118.88708,45.45431],[-118.88804,45.45677],[-118.88915,45.45686],[-118.89009,45.45623],[-118.89086,45.45483],[-118.89173,45.45408],[-118.89178,45.45292],[-118.89328,45.45131],[-118.89413,45.45072],[-118.89475,45.45063],[-118.89555,45.45119],[-118.89541,45.4529],[-118.89463,45.45404],[-118.89446,45.4557],[-118.89475,45.45618],[-118.89534,45.45647],[-118.89769,45.45578],[-118.90085,45.45395],[-118.90214,45.45342],[-118.9028,45.45346],[-118.90303,45.45383],[-118.9031,45.4544],[-118.90206,45.45531],[-118.90169,45.45626],[-118.90171,45.45744],[-118.90198,45.45815],[-118.90263,45.45853],[-118.9037,45.45847],[-118.90664,45.45771],[-118.9091,45.45629],[-118.91116,45.45473],[-118.91223,45.45478],[-118.91248,45.45527],[-118.91241,45.45572],[-118.90986,45.45794],[-118.90913,45.45882],[-118.9093,45.46018],[-118.91005,45.46092],[-118.91461,45.46309],[-118.91561,45.46437],[-118.91589,45.46548],[-118.91832,45.46521],[-118.9206,45.46458],[-118.92851,45.46016],[-118.93361,45.45758],[-118.94016,45.45554],[-118.94907,45.45431],[-118.96758,45.4552],[-118.97127,45.45553],[-118.97463,45.45667],[-118.97916,45.4585],[-118.98338,45.45983],[-118.99309,45.46272],[-118.99923,45.46424],[-119.00372,45.46657],[-119.01535,45.46582],[-119.01825,45.46539],[-119.02299,45.46573],[-119.0239,45.46532],[-119.03031,45.46056],[-119.03884,45.45767],[-119.04606,45.45342],[-119.04919,45.4535],[-119.05722,45.45511],[-119.07504,45.46093],[-119.07993,45.461],[-119.08862,45.46702],[-119.09556,45.46726],[-119.09585,45.46512],[-119.09433,45.4623],[-119.09437,45.46088],[-119.09499,45.4595],[-119.09649,45.45793],[-119.09773,45.45701],[-119.1005,45.45572],[-119.1079,45.45087],[-119.11581,45.44491],[-119.1201,45.44257],[-119.13362,45.43856],[-119.14121,45.43468],[-119.14315,45.43251],[-119.14691,45.42728],[-119.14861,45.42448],[-119.1513,45.41752],[-119.15781,45.4065],[-119.16166,45.40313],[-119.16553,45.40002],[-119.16787,45.39757],[-119.16956,45.39233],[-119.17088,45.39072],[-119.17264,45.39017],[-119.1776,45.38988],[-119.1804,45.38955],[-119.18596,45.38792],[-119.19319,45.38819],[-119.19465,45.38762],[-119.2041,45.38017],[-119.21114,45.37564],[-119.21367,45.37494],[-119.21537,45.37536],[-119.23117,45.38182],[-119.23246,45.38213],[-119.2394,45.38241],[-119.24201,45.38295],[-119.24478,45.38418],[-119.24916,45.38748],[-119.25106,45.388],[-119.25234,45.38883],[-119.25419,45.39491],[-119.25514,45.39552],[-119.2576,45.39469],[-119.26168,45.38784],[-119.26375,45.38718],[-119.266,45.38736],[-119.27014,45.39139],[-119.27187,45.39385],[-119.27228,45.3964],[-119.27637,45.39867],[-119.27814,45.39883],[-119.2788,45.39829],[-119.27709,45.39605],[-119.27787,45.39535],[-119.2796,45.39538],[-119.28254,45.39756],[-119.28396,45.3977],[-119.28506,45.39734],[-119.28656,45.39631],[-119.2933,45.38918],[-119.29756,45.38539],[-119.30194,45.38461],[-119.30581,45.38356],[-119.31207,45.38114],[-119.31472,45.3803],[-119.31955,45.37966],[-119.32732,45.37732],[-119.33086,45.37783],[-119.33232,45.37718],[-119.33249,45.37457],[-119.33317,45.3734],[-119.33507,45.37332],[-119.33801,45.37528],[-119.34139,45.37701],[-119.34704,45.37692],[-119.35217,45.37932],[-119.35617,45.37919],[-119.35851,45.3778],[-119.35889,45.37657],[-119.35852,45.375],[-119.35699,45.37369],[-119.35653,45.37301],[-119.35761,45.37236],[-119.35991,45.37158],[-119.36373,45.36773],[-119.36712,45.36529],[-119.37121,45.36401],[-119.37541,45.36316],[-119.38483,45.36248],[-119.39277,45.36171],[-119.40103,45.36034],[-119.40732,45.36167],[-119.4129,45.36211],[-119.41635,45.36321],[-119.42222,45.36578],[-119.43109,45.36643],[-119.43828,45.36889],[-119.44291,45.36987],[-119.44972,45.36966],[-119.45725,45.36966],[-119.46519,45.37138],[-119.46833,45.37169],[-119.48301,45.3717],[-119.48815,45.37089],[-119.49112,45.37007],[-119.49466,45.36862],[-119.50027,45.36718],[-119.51338,45.36544],[-119.5211,45.36397],[-119.53356,45.35807],[-119.53575,45.35727],[-119.5378,45.35687],[-119.54899,45.35643],[-119.55492,45.35036],[-119.55711,45.34658],[-119.55959,45.3432],[-119.56001,45.34092],[-119.56068,45.33322],[-119.56121,45.32931],[-119.56235,45.328],[-119.57102,45.3224],[-119.57347,45.32057],[-119.57653,45.31751],[-119.57696,45.31665],[-119.57708,45.31402],[-119.57806,45.3128],[-119.57965,45.31181],[-119.58097,45.31171],[-119.58194,45.31208],[-119.58225,45.31279],[-119.58152,45.31482],[-119.58172,45.31597],[-119.58293,45.31601],[-119.58406,45.31583],[-119.58585,45.31417],[-119.58675,45.31249],[-119.58755,45.30951],[-119.59078,45.30209],[-119.59268,45.29848],[-119.59377,45.29729],[-119.59525,45.29633],[-119.60281,45.29424],[-119.60389,45.2936],[-119.61131,45.28669],[-119.61294,45.28447],[-119.61323,45.28248],[-119.61397,45.28199],[-119.61799,45.28117],[-119.63188,45.28009],[-119.63662,45.27903],[-119.64095,45.27695],[-119.64742,45.2732],[-119.6508,45.27236],[-119.66319,45.27111],[-119.66716,45.27002],[-119.67452,45.2676],[-119.67918,45.26643],[-119.6806,45.26582],[-119.68448,45.26335],[-119.69281,45.26331],[-119.69689,45.259],[-119.7011,45.25684],[-119.71285,45.25272],[-119.7194,45.2525],[-119.72343,45.25299],[-119.72657,45.25317],[-119.72953,45.25236],[-119.7324,45.25191],[-119.73554,45.2529],[-119.74164,45.25559],[-119.74433,45.25586],[-119.7611,45.25595],[-119.79589,45.25577],[-119.79804,45.25505],[-119.79933,45.25408],[-119.80148,45.25363],[-119.80305,45.25363],[-119.80449,45.25421],[-119.80574,45.25547],[-119.80664,45.25565],[-119.83986,45.25587],[-119.84462,45.25578],[-119.84637,45.2556],[-119.85036,45.25377],[-119.85273,45.25363],[-119.8595,45.25448],[-119.86098,45.25448],[-119.86273,45.25377],[-119.86502,45.25404],[-119.86825,45.25551],[-119.87161,45.25655],[-119.87578,45.25717],[-119.87914,45.25785],[-119.88161,45.25852],[-119.8853,45.25885],[-119.88707,45.25922],[-119.8888,45.25984],[-119.88997,45.26061],[-119.89102,45.26157],[-119.89145,45.26239],[-119.89138,45.26327],[-119.89026,45.2648],[-119.88945,45.2665],[-119.88963,45.26807],[-119.89264,45.27107],[-119.89797,45.27592],[-119.89972,45.27713],[-119.9012,45.27744],[-119.9028,45.27744],[-119.90552,45.27674],[-119.90981,45.27674],[-119.91571,45.27767],[-119.91849,45.27792],[-119.92028,45.27858],[-119.92293,45.28007],[-119.92547,45.28173],[-119.92953,45.2837],[-119.93077,45.28398],[-119.93266,45.2841],[-119.93481,45.28481],[-119.93682,45.28491],[-119.94323,45.28476],[-119.94888,45.2841],[-119.95387,45.2838],[-119.95773,45.28385],[-119.96167,45.28453],[-119.96868,45.28688],[-119.97097,45.28738],[-119.97589,45.28731],[-119.97758,45.2871],[-119.97889,45.2862],[-119.98174,45.2834],[-119.9823,45.28229],[-119.98459,45.27565],[-119.98532,45.27447],[-119.98648,45.27401],[-119.98845,45.27412],[-119.99385,45.27517],[-119.99647,45.27525],[-119.99773,45.27512],[-120.00106,45.27542],[-120.00422,45.27703],[-120.00725,45.27952],[-120.01229,45.28282],[-120.01539,45.28362],[-120.01902,45.2843],[-120.02386,45.28409],[-120.02427,45.28315],[-120.02393,45.28255],[-120.02299,45.28228],[-120.02137,45.28228],[-120.0203,45.28154],[-120.02063,45.28066],[-120.0244,45.27885],[-120.02521,45.27797],[-120.02454,45.2769],[-120.02507,45.27549],[-120.02702,45.27286],[-120.03086,45.26869],[-120.03106,45.26755],[-120.03086,45.26614],[-120.02924,45.26546],[-120.02642,45.26479],[-120.02211,45.26345],[-120.02043,45.26257],[-120.01976,45.26129],[-120.02292,45.25739],[-120.02521,45.25269],[-120.02978,45.24535],[-120.03052,45.24226],[-120.03187,45.24044],[-120.03503,45.23802],[-120.0472,45.22962],[-120.04976,45.22827],[-120.05191,45.22746],[-120.05561,45.2272],[-120.05951,45.22787],[-120.06449,45.22908],[-120.06778,45.22955],[-120.07047,45.22962],[-120.07336,45.22901],[-120.07915,45.22646],[-120.08682,45.22343],[-120.09031,45.22175],[-120.09253,45.2204],[-120.09502,45.21838],[-120.10195,45.2235],[-120.11015,45.22901],[-120.1117,45.22948],[-120.11392,45.22975],[-120.13591,45.22975],[-120.13881,45.23015],[-120.14338,45.23123],[-120.1456,45.23197],[-120.14849,45.23244],[-120.16477,45.2321],[-120.1682,45.23264],[-120.17385,45.23251],[-120.1797,45.23264],[-120.18172,45.23332],[-120.18306,45.23419],[-120.18508,45.23406],[-120.18528,45.23762],[-120.23317,45.23621],[-120.24763,45.23601],[-120.25274,45.23607],[-120.25617,45.23661],[-120.26202,45.2395],[-120.26955,45.24441],[-120.28045,45.25221],[-120.27742,45.25679],[-120.27547,45.26143],[-120.27547,45.26412],[-120.27648,45.26694],[-120.27843,45.26957],[-120.28879,45.27623],[-120.29114,45.27824],[-120.29262,45.28087],[-120.29356,45.28409],[-120.2939,45.28672],[-120.2933,45.29096],[-120.2935,45.29412],[-120.29498,45.29634],[-120.30264,45.30232],[-120.30722,45.30636],[-120.31098,45.31026],[-120.31381,45.31362],[-120.31805,45.3194],[-120.31879,45.32102],[-120.31912,45.32263],[-120.31946,45.32889],[-120.3208,45.33131],[-120.32269,45.33326],[-120.32733,45.33588],[-120.32887,45.3381],[-120.32975,45.34046],[-120.33224,45.34954],[-120.33513,45.35559],[-120.33742,45.35942],[-120.33977,45.36158],[-120.34354,45.36413],[-120.34602,45.36541],[-120.34804,45.36615],[-120.35134,45.36628],[-120.35544,45.36581],[-120.35907,45.36561],[-120.36728,45.36595],[-120.37051,45.36635],[-120.37488,45.36736],[-120.3814,45.36944],[-120.38604,45.37187],[-120.39021,45.3759],[-120.39458,45.37805],[-120.39936,45.37987],[-120.40366,45.38074],[-120.40992,45.38121],[-120.41187,45.38162],[-120.41295,45.3835],[-120.41328,45.38559],[-120.41429,45.38686],[-120.41853,45.38915],[-120.42606,45.39473],[-120.43084,45.39675],[-120.43749,45.40011],[-120.44133,45.4026],[-120.4457,45.40704],[-120.44866,45.41087],[-120.45068,45.41444],[-120.45142,45.41599],[-120.45196,45.41935],[-120.45754,45.42493],[-120.45801,45.42681],[-120.45767,45.42877],[-120.45828,45.43004],[-120.4587,45.43119]]]]}},{"type":"Feature","properties":{"ava_id":"goose_gap","name":"Goose Gap","aka":null,"state":"WA","county":"Benton","within":"Columbia Valley|Yakima Valley","contains":null,"cfr_index":"9.277","valid_start":null},"geometry":{"type":"MultiPolygon","coordinates":[[[[-119.40736,46.22884],[-119.42402,46.23288],[-119.43269,46.23468],[-119.43269,46.23535],[-119.43541,46.23586],[-119.43581,46.23621],[-119.43641,46.23619],[-119.43711,46.23649],[-119.43796,46.23644],[-119.43875,46.23669],[-119.43965,46.23657],[-119.44,46.23679],[-119.44009,46.23711],[-119.44035,46.2373],[-119.44233,46.23675],[-119.4427,46.23694],[-119.44329,46.23777],[-119.44425,46.23761],[-119.44729,46.23754],[-119.44811,46.23779],[-119.44989,46.23713],[-119.45043,46.23728],[-119.45091,46.23812],[-119.45243,46.23836],[-119.45335,46.23941],[-119.45465,46.23973],[-119.45483,46.23998],[-119.4547,46.24041],[-119.45533,46.24043],[-119.45577,46.24077],[-119.45656,46.24058],[-119.45666,46.24078],[-119.45651,46.24134],[-119.45751,46.24124],[-119.45784,46.24136],[-119.45792,46.24161],[-119.45858,46.24194],[-119.45836,46.24289],[-119.45939,46.24253],[-119.4597,46.24259],[-119.45982,46.24287],[-119.46064,46.24346],[-119.46032,46.24406],[-119.45964,46.24482],[-119.45969,46.24506],[-119.46053,46.24488],[-119.46107,46.24447],[-119.46164,46.2443],[-119.46199,46.24492],[-119.46296,46.24541],[-119.46397,46.24547],[-119.4653,46.24581],[-119.46554,46.24601],[-119.46596,46.24673],[-119.46585,46.24701],[-119.46472,46.24744],[-119.46334,46.24728],[-119.46267,46.24769],[-119.46259,46.24799],[-119.4637,46.24917],[-119.46381,46.24975],[-119.46362,46.25059],[-119.4637,46.25151],[-119.46385,46.25173],[-119.46464,46.25181],[-119.46474,46.25198],[-119.46399,46.25266],[-119.46442,46.25391],[-119.4653,46.25472],[-119.4654,46.2553],[-119.46483,46.25581],[-119.4641,46.25614],[-119.46307,46.25578],[-119.46063,46.2559],[-119.45908,46.25626],[-119.45863,46.25617],[-119.45693,46.25685],[-119.45627,46.25738],[-119.4542,46.25795],[-119.45198,46.25839],[-119.45105,46.25835],[-119.44827,46.25877],[-119.44469,46.25969],[-119.44007,46.26137],[-119.43923,46.26133],[-119.43856,46.26187],[-119.42557,46.26453],[-119.42538,46.26482],[-119.42484,46.2646],[-119.42339,46.26441],[-119.42181,46.26511],[-119.42148,46.26497],[-119.42095,46.26431],[-119.41857,46.26424],[-119.41716,46.26472],[-119.41684,46.2651],[-119.41674,46.2656],[-119.41633,46.26595],[-119.41554,46.26591],[-119.4144,46.26613],[-119.41294,46.26667],[-119.41271,46.26699],[-119.41275,46.26766],[-119.41144,46.26835],[-119.41106,46.26896],[-119.41017,46.26924],[-119.41041,46.27096],[-119.40959,46.2715],[-119.38862,46.27149],[-119.38869,46.26428],[-119.38769,46.26297],[-119.38701,46.26252],[-119.38631,46.26173],[-119.38624,46.26116],[-119.38485,46.2594],[-119.38372,46.2575],[-119.36769,46.24928],[-119.36365,46.24653],[-119.3625,46.24591],[-119.36065,46.24528],[-119.35857,46.24494],[-119.35477,46.24493],[-119.34465,46.24609],[-119.34491,46.24399],[-119.34726,46.23989],[-119.34755,46.23901],[-119.34762,46.22564],[-119.34724,46.22438],[-119.3462,46.22307],[-119.34583,46.22231],[-119.34569,46.22073],[-119.34605,46.21878],[-119.34653,46.21812],[-119.35081,46.21491],[-119.35178,46.21446],[-119.35283,46.21423],[-119.35417,46.21427],[-119.3574,46.21539],[-119.35895,46.21559],[-119.37037,46.21563],[-119.37203,46.21528],[-119.37303,46.21458],[-119.37438,46.21536],[-119.38123,46.21823],[-119.38398,46.21968],[-119.38531,46.22019],[-119.39385,46.22255],[-119.39629,46.22353],[-119.39978,46.22553],[-119.40301,46.22763],[-119.40605,46.22847],[-119.40736,46.22884]]]]}},{"type":"Feature","properties":{"ava_id":"horse_heaven_hills","name":"Horse Heaven Hills","aka":null,"state":"WA","county":"Benton|Klickitat|Yakima","within":"Columbia Valley","contains":null,"cfr_index":"9.188","valid_start":null},"geometry":{"type":"MultiPolygon","coordinates":[[[[-119.63291,46.22395],[-119.61167,46.23105],[-119.60487,46.2316],[-119.60505,46.23987],[-119.60199,46.23993],[-119.6004,46.24037],[-119.5985,46.24058],[-119.5967,46.24103],[-119.59649,46.24165],[-119.59125,46.24324],[-119.58712,46.24353],[-119.58339,46.24453],[-119.5776,46.24414],[-119.57587,46.24382],[-119.5714,46.24472],[-119.56867,46.24473],[-119.56734,46.24459],[-119.56363,46.24752],[-119.55988,46.24746],[-119.55683,46.24788],[-119.55165,46.24985],[-119.54516,46.25203],[-119.54164,46.25294],[-119.53835,46.25305],[-119.53634,46.25229],[-119.53493,46.25148],[-119.53258,46.25121],[-119.52924,46.24988],[-119.52692,46.24872],[-119.52522,46.24839],[-119.5239,46.24762],[-119.52099,46.24538],[-119.50957,46.24048],[-119.49169,46.23188],[-119.48351,46.22701],[-119.46333,46.21861],[-119.39193,46.18325],[-119.35797,46.15616],[-119.36013,46.12813],[-119.35986,46.12693],[-119.35807,46.12481],[-119.35573,46.12223],[-119.35378,46.12079],[-119.35452,46.11646],[-119.35429,46.11613],[-119.34833,46.11608],[-119.3463,46.11641],[-119.34519,46.1168],[-119.34352,46.11783],[-119.34185,46.11938],[-119.34109,46.11943],[-119.33933,46.11862],[-119.33879,46.11861],[-119.33694,46.11909],[-119.33378,46.12061],[-119.32837,46.12105],[-119.32765,46.12134],[-119.32695,46.1221],[-119.32619,46.1218],[-119.32642,46.12132],[-119.31217,46.1213],[-119.31259,46.12014],[-119.31298,46.11827],[-119.31364,46.11724],[-119.31402,46.11703],[-119.31404,46.11682],[-119.31553,46.11506],[-119.31891,46.1129],[-119.31912,46.1124],[-119.31857,46.11232],[-119.31846,46.11188],[-119.31955,46.11073],[-119.32005,46.11049],[-119.32039,46.11009],[-119.32077,46.10999],[-119.32061,46.10965],[-119.3209,46.10923],[-119.32084,46.1089],[-119.32102,46.1086],[-119.32104,46.10773],[-119.32064,46.10788],[-119.32022,46.10844],[-119.32021,46.10874],[-119.31986,46.10897],[-119.31989,46.10928],[-119.31957,46.10947],[-119.31932,46.10987],[-119.31805,46.11046],[-119.31697,46.11152],[-119.31631,46.11178],[-119.31544,46.11257],[-119.31425,46.1128],[-119.31388,46.1123],[-119.31351,46.11281],[-119.31229,46.11348],[-119.31089,46.11374],[-119.3103,46.11337],[-119.31058,46.11174],[-119.31165,46.11002],[-119.31269,46.10894],[-119.3128,46.10843],[-119.31346,46.10783],[-119.31344,46.10748],[-119.31171,46.10857],[-119.31131,46.10862],[-119.31122,46.10903],[-119.31136,46.10931],[-119.3112,46.10946],[-119.31096,46.10962],[-119.31052,46.10953],[-119.31019,46.11008],[-119.30968,46.11001],[-119.30957,46.11044],[-119.30926,46.1107],[-119.3091,46.11118],[-119.30797,46.11198],[-119.30771,46.11251],[-119.30656,46.11352],[-119.30567,46.11536],[-119.30536,46.11545],[-119.30351,46.11715],[-119.30249,46.11838],[-119.30181,46.11861],[-119.29961,46.11856],[-119.29866,46.1182],[-119.29737,46.11819],[-119.29654,46.11767],[-119.29645,46.11664],[-119.29666,46.11629],[-119.29579,46.11562],[-119.29561,46.11513],[-119.29603,46.11471],[-119.29743,46.11436],[-119.29793,46.11341],[-119.29862,46.1127],[-119.29998,46.11196],[-119.30011,46.11158],[-119.30052,46.1112],[-119.30115,46.1098],[-119.30176,46.10924],[-119.30212,46.1085],[-119.30343,46.10712],[-119.30344,46.10668],[-119.30381,46.10611],[-119.30259,46.10652],[-119.30196,46.10656],[-119.30086,46.10719],[-119.29957,46.10757],[-119.29893,46.108],[-119.29546,46.10929],[-119.29363,46.10895],[-119.29268,46.10855],[-119.29263,46.10817],[-119.29382,46.10635],[-119.29504,46.10506],[-119.29536,46.10486],[-119.29705,46.10471],[-119.29672,46.10414],[-119.29729,46.10341],[-119.29921,46.10209],[-119.29936,46.10116],[-119.30021,46.1003],[-119.30024,46.09994],[-119.3011,46.09942],[-119.30129,46.09892],[-119.30219,46.09783],[-119.30161,46.09762],[-119.30125,46.09787],[-119.30066,46.09781],[-119.30071,46.09831],[-119.30048,46.09858],[-119.30022,46.09876],[-119.29939,46.09885],[-119.2983,46.10006],[-119.29735,46.10043],[-119.29605,46.1012],[-119.29528,46.10106],[-119.29484,46.10074],[-119.29467,46.10039],[-119.2953,46.09878],[-119.29528,46.09804],[-119.29553,46.09775],[-119.29527,46.09719],[-119.29545,46.097],[-119.29706,46.09682],[-119.29657,46.09631],[-119.2958,46.09613],[-119.29564,46.09589],[-119.29565,46.09522],[-119.29633,46.09512],[-119.2958,46.09472],[-119.29575,46.09413],[-119.295,46.0946],[-119.29449,46.09457],[-119.29424,46.09482],[-119.29441,46.09522],[-119.29404,46.09606],[-119.29361,46.0963],[-119.29219,46.09784],[-119.29105,46.09843],[-119.28956,46.09959],[-119.28784,46.10044],[-119.28617,46.10064],[-119.28594,46.1005],[-119.28574,46.09999],[-119.28538,46.10003],[-119.28509,46.09988],[-119.28489,46.09936],[-119.22272,46.09005],[-119.19256,46.09736],[-119.12985,46.10387],[-118.99667,46.00427],[-118.99658,46.00388],[-118.99803,46.0005],[-118.99977,45.99778],[-119.00183,45.99545],[-119.0026,45.99491],[-119.00511,45.99174],[-119.00753,45.98923],[-119.01291,45.98502],[-119.01496,45.98358],[-119.02685,45.97647],[-119.03114,45.97407],[-119.03517,45.97255],[-119.05073,45.96852],[-119.05314,45.96775],[-119.05367,45.96771],[-119.05419,45.9674],[-119.05633,45.96707],[-119.05941,45.96624],[-119.06101,45.96577],[-119.06078,45.96563],[-119.06083,45.96542],[-119.06097,45.96539],[-119.0612,45.9657],[-119.06355,45.96502],[-119.06551,45.96419],[-119.06603,45.96414],[-119.07008,45.96239],[-119.08432,45.95548],[-119.09013,45.95237],[-119.09796,45.94852],[-119.10116,45.94733],[-119.10884,45.94492],[-119.11402,45.94348],[-119.11414,45.94332],[-119.11942,45.9421],[-119.12617,45.94139],[-119.12944,45.94074],[-119.13173,45.94048],[-119.13731,45.93917],[-119.14772,45.93742],[-119.15198,45.93727],[-119.153,45.93681],[-119.15367,45.93707],[-119.15421,45.93703],[-119.17212,45.93428],[-119.17713,45.93403],[-119.1845,45.93411],[-119.20695,45.93575],[-119.21359,45.93683],[-119.22104,45.93871],[-119.2212,45.93894],[-119.222,45.93907],[-119.22565,45.94057],[-119.22874,45.94148],[-119.23016,45.94207],[-119.23153,45.94288],[-119.23448,45.94399],[-119.23483,45.94398],[-119.23693,45.94472],[-119.238,45.94488],[-119.23886,45.94532],[-119.24012,45.94541],[-119.24072,45.94582],[-119.24308,45.94626],[-119.24481,45.94582],[-119.24452,45.94605],[-119.24468,45.94651],[-119.24507,45.94675],[-119.25109,45.94796],[-119.26369,45.94819],[-119.26586,45.94789],[-119.26685,45.94796],[-119.27122,45.94748],[-119.27268,45.94703],[-119.27373,45.94713],[-119.27491,45.94691],[-119.27585,45.94701],[-119.27629,45.94694],[-119.27654,45.94648],[-119.27722,45.94659],[-119.27915,45.94604],[-119.27948,45.94611],[-119.27943,45.94634],[-119.27968,45.94658],[-119.28105,45.94647],[-119.29511,45.94495],[-119.29747,45.94445],[-119.29986,45.94436],[-119.2996,45.94374],[-119.29908,45.94384],[-119.29908,45.94416],[-119.29871,45.94424],[-119.29832,45.94396],[-119.29844,45.94378],[-119.29951,45.94347],[-119.2985,45.94081],[-119.29872,45.94056],[-119.30306,45.93966],[-119.30385,45.93999],[-119.30929,45.93882],[-119.31121,45.93897],[-119.31199,45.9393],[-119.31419,45.93973],[-119.31608,45.93918],[-119.31697,45.93867],[-119.3172,45.93876],[-119.31731,45.93912],[-119.31769,45.93905],[-119.31856,45.93827],[-119.32043,45.93794],[-119.3205,45.93817],[-119.32018,45.9385],[-119.31802,45.93945],[-119.31656,45.93971],[-119.31589,45.9397],[-119.31565,45.93954],[-119.31499,45.93985],[-119.31632,45.94011],[-119.31803,45.93991],[-119.32014,45.9394],[-119.32125,45.93889],[-119.32237,45.93817],[-119.32325,45.93736],[-119.32424,45.93693],[-119.32614,45.93409],[-119.32641,45.93392],[-119.32658,45.93394],[-119.32727,45.93475],[-119.32907,45.9349],[-119.32958,45.93456],[-119.33046,45.93439],[-119.33109,45.93473],[-119.33214,45.93479],[-119.33565,45.93401],[-119.3365,45.93346],[-119.33797,45.93308],[-119.34548,45.93253],[-119.3482,45.93257],[-119.34963,45.93284],[-119.35028,45.93314],[-119.35252,45.93352],[-119.35798,45.93326],[-119.36196,45.93236],[-119.36483,45.93143],[-119.36636,45.93073],[-119.36648,45.93035],[-119.36773,45.92947],[-119.37153,45.92861],[-119.37266,45.92859],[-119.37371,45.92825],[-119.37428,45.9283],[-119.3789,45.92703],[-119.38075,45.92682],[-119.38282,45.92618],[-119.38371,45.92575],[-119.3916,45.92416],[-119.39316,45.92402],[-119.39534,45.9241],[-119.39643,45.92369],[-119.39786,45.92379],[-119.40406,45.92298],[-119.40454,45.9232],[-119.40616,45.92264],[-119.40849,45.92218],[-119.41451,45.92247],[-119.41562,45.92304],[-119.41731,45.92323],[-119.42025,45.92304],[-119.42334,45.92309],[-119.42756,45.92293],[-119.42931,45.92269],[-119.43416,45.92257],[-119.43531,45.92229],[-119.43556,45.92245],[-119.4398,45.92211],[-119.44769,45.92123],[-119.46132,45.91848],[-119.47367,45.91565],[-119.48475,45.91351],[-119.48628,45.91291],[-119.48836,45.91248],[-119.48816,45.91222],[-119.48831,45.91199],[-119.48903,45.91188],[-119.48812,45.91155],[-119.48767,45.91156],[-119.48818,45.91122],[-119.48872,45.91105],[-119.49143,45.91084],[-119.49233,45.91092],[-119.49483,45.91075],[-119.49484,45.91064],[-119.49408,45.91049],[-119.49408,45.91039],[-119.49755,45.91069],[-119.50116,45.91072],[-119.50376,45.9111],[-119.5066,45.91192],[-119.52204,45.91376],[-119.52055,45.91347],[-119.52217,45.91308],[-119.52281,45.91264],[-119.52328,45.91262],[-119.52627,45.91327],[-119.53139,45.91449],[-119.53538,45.91574],[-119.53643,45.91619],[-119.53794,45.91719],[-119.53881,45.91801],[-119.54041,45.91887],[-119.54436,45.92041],[-119.54621,45.92045],[-119.55809,45.92451],[-119.55921,45.92516],[-119.56256,45.92633],[-119.56107,45.92644],[-119.56101,45.92656],[-119.5633,45.92781],[-119.5607,45.92703],[-119.55969,45.92657],[-119.55892,45.92654],[-119.55647,45.92562],[-119.55633,45.92577],[-119.55687,45.92657],[-119.55573,45.92616],[-119.55523,45.9257],[-119.55353,45.92589],[-119.55317,45.92579],[-119.55163,45.92623],[-119.55037,45.92587],[-119.54926,45.92604],[-119.54679,45.9259],[-119.54522,45.92516],[-119.54558,45.92464],[-119.5444,45.92394],[-119.54405,45.92398],[-119.54415,45.92342],[-119.54371,45.92232],[-119.54378,45.9219],[-119.54306,45.92157],[-119.54213,45.9214],[-119.54169,45.92099],[-119.54108,45.92095],[-119.5409,45.92112],[-119.54093,45.92144],[-119.54152,45.92317],[-119.54147,45.92541],[-119.54271,45.92862],[-119.54205,45.92887],[-119.54095,45.92788],[-119.54011,45.92778],[-119.54032,45.9273],[-119.53896,45.92562],[-119.53696,45.92458],[-119.53671,45.92428],[-119.53569,45.92385],[-119.53537,45.92357],[-119.53539,45.92328],[-119.53477,45.92277],[-119.53281,45.9216],[-119.53231,45.92065],[-119.53268,45.92062],[-119.53328,45.91981],[-119.53438,45.91922],[-119.53424,45.91907],[-119.53263,45.91862],[-119.53216,45.91868],[-119.53184,45.91912],[-119.53179,45.91996],[-119.53203,45.92024],[-119.53188,45.92038],[-119.53161,45.92024],[-119.5318,45.92065],[-119.53172,45.92075],[-119.53143,45.92066],[-119.53114,45.92103],[-119.53139,45.92122],[-119.53082,45.92131],[-119.52889,45.92098],[-119.52872,45.92074],[-119.52803,45.92042],[-119.528,45.91989],[-119.52745,45.91918],[-119.52516,45.91679],[-119.52376,45.91572],[-119.52099,45.91446],[-119.52101,45.91426],[-119.52161,45.91404],[-119.51829,45.91366],[-119.518,45.91413],[-119.51858,45.91415],[-119.51859,45.91386],[-119.51876,45.91385],[-119.51919,45.91415],[-119.51883,45.9143],[-119.51883,45.91449],[-119.51908,45.91477],[-119.51973,45.91498],[-119.5198,45.91531],[-119.52065,45.91603],[-119.52236,45.91656],[-119.52295,45.91693],[-119.52434,45.91715],[-119.52611,45.91861],[-119.52676,45.91935],[-119.5274,45.92091],[-119.52622,45.92139],[-119.52542,45.92133],[-119.52716,45.92256],[-119.52784,45.9233],[-119.53159,45.92491],[-119.53212,45.92531],[-119.53549,45.92701],[-119.53806,45.9289],[-119.53776,45.92992],[-119.537,45.92994],[-119.53468,45.92949],[-119.53323,45.9287],[-119.53106,45.92826],[-119.53073,45.92802],[-119.52988,45.92796],[-119.52981,45.92767],[-119.5294,45.92746],[-119.52831,45.92763],[-119.52827,45.92751],[-119.5286,45.92741],[-119.52819,45.92718],[-119.52725,45.9276],[-119.52728,45.92702],[-119.52788,45.9267],[-119.52754,45.92665],[-119.52747,45.92639],[-119.52782,45.92623],[-119.52739,45.92615],[-119.52701,45.9264],[-119.5271,45.92616],[-119.52682,45.92608],[-119.52691,45.92599],[-119.52655,45.92574],[-119.52609,45.92579],[-119.52595,45.92595],[-119.5256,45.9259],[-119.52459,45.92636],[-119.52502,45.92672],[-119.52568,45.92672],[-119.5262,45.92701],[-119.52632,45.92731],[-119.52696,45.92737],[-119.52684,45.92749],[-119.52705,45.9277],[-119.52639,45.92789],[-119.52627,45.9282],[-119.5238,45.92778],[-119.52351,45.92755],[-119.52298,45.92747],[-119.52291,45.92726],[-119.52255,45.92722],[-119.52168,45.92735],[-119.5211,45.92771],[-119.52138,45.9279],[-119.52088,45.92815],[-119.5211,45.92821],[-119.5216,45.92798],[-119.52201,45.92854],[-119.52521,45.92978],[-119.52925,45.92971],[-119.52985,45.93014],[-119.53171,45.93035],[-119.53047,45.931],[-119.5306,45.93112],[-119.53039,45.93151],[-119.53006,45.93151],[-119.52967,45.93175],[-119.52907,45.93163],[-119.5296,45.93208],[-119.53045,45.93216],[-119.53114,45.93267],[-119.53171,45.93268],[-119.53247,45.93211],[-119.53265,45.93212],[-119.53294,45.93253],[-119.53275,45.93288],[-119.53302,45.93293],[-119.53278,45.93328],[-119.53326,45.93387],[-119.5331,45.93407],[-119.53376,45.93431],[-119.53496,45.93401],[-119.53493,45.93347],[-119.53574,45.93353],[-119.5359,45.93346],[-119.53594,45.93317],[-119.53616,45.93309],[-119.53671,45.93317],[-119.53711,45.93299],[-119.53782,45.93298],[-119.53762,45.93274],[-119.53835,45.93253],[-119.53842,45.93266],[-119.53804,45.93297],[-119.53819,45.9331],[-119.53861,45.93268],[-119.53968,45.93277],[-119.53983,45.93253],[-119.54071,45.93256],[-119.54219,45.93211],[-119.54295,45.93153],[-119.54386,45.93152],[-119.54516,45.93094],[-119.54675,45.9307],[-119.54771,45.93004],[-119.54887,45.92979],[-119.54933,45.92984],[-119.54956,45.92971],[-119.54942,45.92961],[-119.54951,45.92946],[-119.54926,45.92946],[-119.54906,45.92967],[-119.54895,45.92951],[-119.54858,45.92948],[-119.54944,45.92922],[-119.54977,45.92895],[-119.55033,45.92907],[-119.55043,45.92953],[-119.55031,45.92974],[-119.55015,45.92969],[-119.54974,45.92998],[-119.54974,45.93008],[-119.55022,45.93],[-119.55024,45.93012],[-119.54906,45.93046],[-119.54769,45.93109],[-119.54766,45.93147],[-119.54806,45.93194],[-119.54863,45.9323],[-119.54929,45.93223],[-119.54887,45.93262],[-119.54843,45.93278],[-119.54816,45.93257],[-119.54817,45.93241],[-119.54726,45.93251],[-119.54789,45.93278],[-119.5478,45.93324],[-119.54807,45.93321],[-119.54841,45.93288],[-119.54892,45.9329],[-119.54903,45.93308],[-119.54869,45.9335],[-119.54871,45.93363],[-119.54905,45.93367],[-119.54979,45.9332],[-119.55043,45.93329],[-119.55026,45.93364],[-119.54995,45.93382],[-119.55033,45.93377],[-119.55001,45.93409],[-119.55061,45.93448],[-119.5505,45.93474],[-119.55078,45.93484],[-119.5508,45.93439],[-119.55294,45.93442],[-119.55255,45.9342],[-119.55258,45.93407],[-119.55385,45.93446],[-119.55502,45.93457],[-119.5555,45.93421],[-119.55542,45.93391],[-119.55564,45.9339],[-119.55585,45.93364],[-119.55611,45.9341],[-119.55691,45.93409],[-119.55721,45.93424],[-119.55788,45.93411],[-119.55734,45.93446],[-119.55813,45.93472],[-119.5575,45.93501],[-119.55644,45.93505],[-119.55594,45.93531],[-119.55509,45.93529],[-119.55479,45.93544],[-119.55477,45.93556],[-119.55512,45.93566],[-119.55509,45.93604],[-119.55457,45.93608],[-119.55471,45.93619],[-119.55465,45.93638],[-119.55496,45.93645],[-119.55465,45.93671],[-119.55547,45.93625],[-119.55527,45.93605],[-119.55538,45.93595],[-119.55627,45.93596],[-119.55679,45.93564],[-119.55718,45.93572],[-119.55624,45.93605],[-119.55595,45.93644],[-119.55602,45.93663],[-119.55556,45.9366],[-119.55512,45.93683],[-119.55479,45.93713],[-119.55472,45.93769],[-119.55464,45.93696],[-119.55386,45.9376],[-119.55321,45.93764],[-119.55284,45.93802],[-119.55154,45.93804],[-119.55094,45.93834],[-119.55099,45.93878],[-119.55294,45.93898],[-119.553,45.93879],[-119.55375,45.93874],[-119.5537,45.93896],[-119.55388,45.93903],[-119.55657,45.93885],[-119.55853,45.93854],[-119.55897,45.93826],[-119.55966,45.93829],[-119.56215,45.93738],[-119.5639,45.93722],[-119.56426,45.9369],[-119.56433,45.93712],[-119.56457,45.93722],[-119.56469,45.937],[-119.56491,45.93702],[-119.56474,45.93724],[-119.56485,45.9374],[-119.56576,45.93743],[-119.56594,45.93714],[-119.56617,45.93742],[-119.56659,45.93742],[-119.56684,45.93722],[-119.56858,45.93717],[-119.56874,45.93704],[-119.57025,45.93735],[-119.57493,45.93709],[-119.5756,45.93702],[-119.57562,45.93686],[-119.57626,45.93668],[-119.57671,45.93634],[-119.57692,45.9364],[-119.57696,45.9366],[-119.57857,45.93672],[-119.58018,45.93606],[-119.58032,45.93574],[-119.58061,45.93557],[-119.58069,45.9352],[-119.58089,45.93514],[-119.58168,45.93508],[-119.58341,45.93547],[-119.58541,45.93479],[-119.58594,45.93483],[-119.58775,45.93425],[-119.58828,45.93429],[-119.5888,45.93412],[-119.58956,45.93358],[-119.59291,45.93355],[-119.5942,45.93325],[-119.59676,45.93303],[-119.59711,45.93279],[-119.59829,45.93251],[-119.59914,45.93267],[-119.60243,45.93189],[-119.60458,45.93105],[-119.60579,45.93095],[-119.60784,45.9302],[-119.60943,45.92926],[-119.60943,45.92893],[-119.60987,45.92864],[-119.60985,45.9284],[-119.60944,45.9283],[-119.60983,45.92801],[-119.61048,45.92828],[-119.61066,45.9281],[-119.61149,45.9284],[-119.61202,45.92832],[-119.61322,45.92789],[-119.6133,45.92774],[-119.61396,45.92784],[-119.61827,45.92625],[-119.6179,45.92657],[-119.61477,45.92784],[-119.61538,45.92799],[-119.61564,45.92773],[-119.61787,45.92694],[-119.61907,45.92588],[-119.62073,45.92542],[-119.62098,45.925],[-119.6208,45.92433],[-119.62129,45.92512],[-119.62147,45.92513],[-119.62259,45.92444],[-119.62512,45.92353],[-119.62575,45.92295],[-119.6259,45.92327],[-119.62779,45.92245],[-119.62775,45.92225],[-119.62797,45.92202],[-119.6286,45.92168],[-119.62993,45.92152],[-119.63175,45.92081],[-119.63033,45.92111],[-119.63039,45.92092],[-119.63081,45.92075],[-119.63081,45.92061],[-119.63051,45.92053],[-119.63074,45.92022],[-119.63205,45.91975],[-119.63267,45.91974],[-119.63282,45.92037],[-119.63329,45.92029],[-119.63427,45.91987],[-119.63404,45.9195],[-119.63446,45.91876],[-119.63504,45.91854],[-119.63563,45.91865],[-119.63617,45.91855],[-119.63648,45.9186],[-119.63654,45.91897],[-119.63731,45.91869],[-119.64388,45.91611],[-119.64351,45.91595],[-119.64343,45.91572],[-119.64509,45.91493],[-119.64552,45.91489],[-119.64614,45.91521],[-119.64823,45.9144],[-119.64792,45.91432],[-119.64753,45.91455],[-119.64729,45.91437],[-119.6474,45.9139],[-119.64781,45.91366],[-119.64849,45.91362],[-119.64978,45.91301],[-119.65069,45.91299],[-119.65144,45.91279],[-119.65181,45.913],[-119.66227,45.90887],[-119.66113,45.90895],[-119.65844,45.9098],[-119.65726,45.90987],[-119.65748,45.9093],[-119.6571,45.90909],[-119.65773,45.90866],[-119.65848,45.9084],[-119.66021,45.90851],[-119.66127,45.90758],[-119.66275,45.90708],[-119.66335,45.90737],[-119.66356,45.9073],[-119.66379,45.90671],[-119.66406,45.90656],[-119.66464,45.90656],[-119.66479,45.90634],[-119.66576,45.90596],[-119.66647,45.90619],[-119.66608,45.90661],[-119.66655,45.90672],[-119.66634,45.90724],[-119.66643,45.9073],[-119.66986,45.90591],[-119.66966,45.90572],[-119.66865,45.90583],[-119.66822,45.90565],[-119.66976,45.90501],[-119.67006,45.90504],[-119.67078,45.9046],[-119.67145,45.90461],[-119.67204,45.90405],[-119.67324,45.90354],[-119.67433,45.90343],[-119.67448,45.90374],[-119.67466,45.90374],[-119.67508,45.90347],[-119.67646,45.90333],[-119.67837,45.90259],[-119.67936,45.9018],[-119.68057,45.90116],[-119.68117,45.90057],[-119.68346,45.89949],[-119.68477,45.89867],[-119.68516,45.89802],[-119.68583,45.8977],[-119.68997,45.89269],[-119.69039,45.89276],[-119.69075,45.89233],[-119.69047,45.89206],[-119.69085,45.89128],[-119.69143,45.89093],[-119.69121,45.89082],[-119.69127,45.89071],[-119.69162,45.89082],[-119.69213,45.89019],[-119.69217,45.88979],[-119.69285,45.88929],[-119.69439,45.88748],[-119.69507,45.88748],[-119.69538,45.88728],[-119.69569,45.88674],[-119.69562,45.88663],[-119.69523,45.88687],[-119.69503,45.88674],[-119.69615,45.88539],[-119.69674,45.88491],[-119.70077,45.88326],[-119.70301,45.88261],[-119.70347,45.88282],[-119.70616,45.88195],[-119.70667,45.88196],[-119.70767,45.88138],[-119.70698,45.8815],[-119.70693,45.88137],[-119.70955,45.88049],[-119.71238,45.87842],[-119.71518,45.87722],[-119.71539,45.87723],[-119.71574,45.87771],[-119.71554,45.87827],[-119.71567,45.8787],[-119.71487,45.87907],[-119.7142,45.87989],[-119.71597,45.87962],[-119.71736,45.87906],[-119.71827,45.87911],[-119.72016,45.87869],[-119.72093,45.87835],[-119.72762,45.87697],[-119.72952,45.87606],[-119.7296,45.87583],[-119.72125,45.87736],[-119.71632,45.8785],[-119.71625,45.87835],[-119.71854,45.87771],[-119.71846,45.87757],[-119.71697,45.87778],[-119.71595,45.87763],[-119.71562,45.87716],[-119.71696,45.87649],[-119.71807,45.87616],[-119.71821,45.87576],[-119.71866,45.87547],[-119.7191,45.87483],[-119.72155,45.87299],[-119.7252,45.87081],[-119.7357,45.86385],[-119.73605,45.86352],[-119.73579,45.8632],[-119.7375,45.86269],[-119.73958,45.86151],[-119.73968,45.86121],[-119.74099,45.86058],[-119.74104,45.86025],[-119.74292,45.85934],[-119.74288,45.8591],[-119.74481,45.85786],[-119.74534,45.85784],[-119.74546,45.85751],[-119.74643,45.85727],[-119.74659,45.8572],[-119.74648,45.85705],[-119.74677,45.85689],[-119.74862,45.85629],[-119.75075,45.85521],[-119.75163,45.85461],[-119.75159,45.8543],[-119.7527,45.85381],[-119.75279,45.85305],[-119.75334,45.85333],[-119.75333,45.85455],[-119.75365,45.85452],[-119.75381,45.85366],[-119.75429,45.85339],[-119.75638,45.85278],[-119.75988,45.85241],[-119.76349,45.85267],[-119.77042,45.85358],[-119.77259,45.85454],[-119.77289,45.8548],[-119.77324,45.85474],[-119.77369,45.85533],[-119.77434,45.85521],[-119.77471,45.85558],[-119.77483,45.85597],[-119.77517,45.85609],[-119.77513,45.85649],[-119.77488,45.85674],[-119.77503,45.85713],[-119.77414,45.85796],[-119.77427,45.85819],[-119.77388,45.85836],[-119.77348,45.85892],[-119.77249,45.85967],[-119.77221,45.86018],[-119.77239,45.86106],[-119.77152,45.86261],[-119.77219,45.86244],[-119.77214,45.86275],[-119.77243,45.8624],[-119.77212,45.86221],[-119.77227,45.86182],[-119.77321,45.86154],[-119.77313,45.86136],[-119.77354,45.86133],[-119.77366,45.86104],[-119.77461,45.86083],[-119.77463,45.86071],[-119.77432,45.86064],[-119.77464,45.86033],[-119.77547,45.86017],[-119.7756,45.86041],[-119.77596,45.86041],[-119.7764,45.86],[-119.77753,45.85961],[-119.77816,45.85993],[-119.77898,45.85979],[-119.779,45.85962],[-119.77831,45.85969],[-119.7782,45.85952],[-119.77882,45.85906],[-119.77981,45.85894],[-119.78083,45.85959],[-119.78141,45.8608],[-119.78091,45.86113],[-119.78094,45.86142],[-119.78159,45.86213],[-119.78168,45.86245],[-119.78149,45.86266],[-119.77943,45.86292],[-119.77688,45.86385],[-119.77667,45.86409],[-119.77576,45.86444],[-119.77592,45.86448],[-119.77994,45.86306],[-119.78379,45.8623],[-119.78452,45.86195],[-119.78567,45.86205],[-119.78583,45.86219],[-119.78969,45.86211],[-119.78992,45.86229],[-119.78959,45.86232],[-119.78653,45.86231],[-119.78318,45.86259],[-119.7831,45.86269],[-119.78335,45.86271],[-119.78414,45.86263],[-119.78446,45.86299],[-119.78753,45.86302],[-119.79242,45.86248],[-119.79376,45.8626],[-119.79409,45.86295],[-119.79594,45.86306],[-119.79619,45.8629],[-119.79724,45.86303],[-119.79736,45.86339],[-119.79774,45.86354],[-119.79757,45.86378],[-119.79879,45.86437],[-119.80617,45.86483],[-119.80619,45.86471],[-119.80571,45.8645],[-119.80612,45.86449],[-119.80639,45.86481],[-119.80829,45.86513],[-119.80907,45.86491],[-119.81275,45.86498],[-119.81375,45.86551],[-119.81563,45.86567],[-119.81627,45.86581],[-119.81665,45.86613],[-119.8182,45.86627],[-119.81853,45.86652],[-119.81876,45.86636],[-119.81844,45.866],[-119.81857,45.86583],[-119.81688,45.86517],[-119.82112,45.86615],[-119.82233,45.86573],[-119.82314,45.86572],[-119.82356,45.86545],[-119.82431,45.86539],[-119.82522,45.86505],[-119.82522,45.86492],[-119.82325,45.86462],[-119.8261,45.86478],[-119.82619,45.86503],[-119.82643,45.86508],[-119.82651,45.86485],[-119.82913,45.86504],[-119.82765,45.86512],[-119.82768,45.86525],[-119.82842,45.86538],[-119.82755,45.86564],[-119.82757,45.86596],[-119.82785,45.86624],[-119.82833,45.86607],[-119.82902,45.86627],[-119.83017,45.86611],[-119.83072,45.8667],[-119.83121,45.86681],[-119.83145,45.86716],[-119.83182,45.86718],[-119.8319,45.86765],[-119.83139,45.86822],[-119.83138,45.86859],[-119.83047,45.86849],[-119.83035,45.86872],[-119.83048,45.86892],[-119.82998,45.86909],[-119.83407,45.86925],[-119.84265,45.86849],[-119.84525,45.8679],[-119.84841,45.86648],[-119.84941,45.86584],[-119.84985,45.86507],[-119.85108,45.8648],[-119.85623,45.86106],[-119.85791,45.85948],[-119.86082,45.85559],[-119.86148,45.85445],[-119.86197,45.85252],[-119.86247,45.85174],[-119.8626,45.85137],[-119.8624,45.85094],[-119.86275,45.85043],[-119.86288,45.84985],[-119.86441,45.84771],[-119.86545,45.84566],[-119.86683,45.84446],[-119.86783,45.84383],[-119.87131,45.84219],[-119.87925,45.84035],[-119.88549,45.83965],[-119.88634,45.83908],[-119.88727,45.839],[-119.88739,45.83886],[-119.88713,45.83886],[-119.88728,45.83874],[-119.88889,45.83829],[-119.89053,45.83822],[-119.89169,45.83861],[-119.89265,45.8385],[-119.89395,45.83817],[-119.89565,45.8375],[-119.90056,45.83639],[-119.9017,45.83591],[-119.90479,45.83536],[-119.90955,45.83496],[-119.91381,45.83427],[-119.9156,45.83408],[-119.91635,45.83417],[-119.91692,45.83388],[-119.91943,45.83362],[-119.92058,45.83364],[-119.92137,45.83387],[-119.92326,45.83384],[-119.92391,45.83415],[-119.92679,45.83473],[-119.92666,45.83486],[-119.9276,45.83488],[-119.92769,45.83466],[-119.92784,45.83466],[-119.92825,45.83512],[-119.92887,45.83544],[-119.92878,45.836],[-119.9277,45.83693],[-119.92779,45.83905],[-119.92703,45.83972],[-119.92606,45.8413],[-119.92625,45.84127],[-119.92648,45.84167],[-119.92651,45.84094],[-119.9268,45.84073],[-119.92676,45.84113],[-119.92786,45.83978],[-119.92869,45.83915],[-119.92907,45.83852],[-119.92915,45.83748],[-119.92958,45.83674],[-119.92998,45.83646],[-119.92991,45.83629],[-119.92903,45.83607],[-119.92922,45.83539],[-119.93064,45.83541],[-119.93142,45.83507],[-119.93402,45.8345],[-119.93691,45.83454],[-119.93809,45.83412],[-119.93984,45.83392],[-119.94079,45.83336],[-119.94358,45.83335],[-119.94824,45.83275],[-119.94941,45.8323],[-119.94979,45.83233],[-119.95362,45.83144],[-119.95483,45.83079],[-119.9592,45.82988],[-119.96575,45.82993],[-119.97166,45.82885],[-119.97733,45.82756],[-119.98016,45.82644],[-119.98096,45.82631],[-119.98144,45.82591],[-119.98215,45.82574],[-119.98516,45.82415],[-119.99103,45.82159],[-119.99198,45.82171],[-119.99585,45.82046],[-119.9967,45.82017],[-119.99789,45.81935],[-119.99916,45.81951],[-119.99967,45.8193],[-120.00038,45.81926],[-120.0005,45.81917],[-120.00039,45.8186],[-120.00184,45.81859],[-120.00332,45.81797],[-120.00498,45.81791],[-120.00644,45.8175],[-120.0067,45.81712],[-120.00898,45.81645],[-120.01045,45.81561],[-120.01131,45.81534],[-120.01203,45.81485],[-120.01218,45.8145],[-120.01246,45.81456],[-120.0122,45.81487],[-120.01245,45.81493],[-120.01416,45.81409],[-120.0154,45.81407],[-120.01585,45.81428],[-120.01625,45.81381],[-120.01734,45.8131],[-120.01755,45.81312],[-120.01743,45.81348],[-120.01783,45.81353],[-120.01851,45.81319],[-120.02011,45.81313],[-120.02067,45.81234],[-120.02031,45.81187],[-120.02117,45.81108],[-120.02215,45.81073],[-120.02356,45.81065],[-120.02396,45.81084],[-120.0245,45.81068],[-120.02538,45.81081],[-120.02645,45.81004],[-120.02699,45.80991],[-120.02766,45.80946],[-120.02855,45.80976],[-120.02884,45.80966],[-120.02903,45.80944],[-120.0291,45.80891],[-120.0293,45.80883],[-120.03022,45.8091],[-120.03259,45.80899],[-120.03378,45.80817],[-120.03601,45.80798],[-120.03682,45.80715],[-120.03797,45.80707],[-120.03864,45.80675],[-120.03894,45.8063],[-120.03926,45.80645],[-120.03981,45.80595],[-120.0407,45.80579],[-120.04193,45.80501],[-120.04221,45.80453],[-120.04295,45.80414],[-120.04376,45.80409],[-120.0441,45.80427],[-120.0445,45.80427],[-120.04907,45.80218],[-120.04996,45.80158],[-120.0509,45.8015],[-120.05272,45.80079],[-120.05575,45.79999],[-120.05753,45.79929],[-120.05823,45.79877],[-120.05909,45.79842],[-120.05994,45.79836],[-120.06001,45.79853],[-120.06054,45.79851],[-120.06334,45.79737],[-120.06658,45.79555],[-120.06686,45.79475],[-120.0677,45.79423],[-120.06772,45.79394],[-120.06799,45.79384],[-120.06839,45.79398],[-120.06856,45.79374],[-120.07101,45.79284],[-120.07142,45.79296],[-120.07352,45.79273],[-120.07727,45.79137],[-120.07765,45.79106],[-120.07795,45.79111],[-120.07957,45.79071],[-120.07994,45.7908],[-120.08001,45.79067],[-120.08122,45.79047],[-120.08127,45.79026],[-120.08191,45.7899],[-120.08277,45.78978],[-120.08294,45.79002],[-120.08497,45.78949],[-120.08551,45.79033],[-120.08603,45.79076],[-120.086,45.79134],[-120.0856,45.79188],[-120.08562,45.7921],[-120.0867,45.7936],[-120.08707,45.79429],[-120.08706,45.79473],[-120.08767,45.79594],[-120.08742,45.79788],[-120.08698,45.79867],[-120.08666,45.79987],[-120.08856,45.80184],[-120.08875,45.80312],[-120.0911,45.80398],[-120.09381,45.80448],[-120.09608,45.80567],[-120.09915,45.80616],[-120.10044,45.80686],[-120.10233,45.80691],[-120.10375,45.80722],[-120.10545,45.80822],[-120.10544,45.8086],[-120.10518,45.80897],[-120.1052,45.80936],[-120.10639,45.81075],[-120.10795,45.8116],[-120.10874,45.81246],[-120.1094,45.81283],[-120.11127,45.81323],[-120.11188,45.81384],[-120.11263,45.81411],[-120.11448,45.81419],[-120.11475,45.81434],[-120.11503,45.81485],[-120.11702,45.81507],[-120.11813,45.81576],[-120.11894,45.81604],[-120.1193,45.81604],[-120.12017,45.81564],[-120.12073,45.81606],[-120.12096,45.8165],[-120.12144,45.81676],[-120.12317,45.81762],[-120.12443,45.81766],[-120.12491,45.81782],[-120.12617,45.81856],[-120.12702,45.8194],[-120.12758,45.81972],[-120.1285,45.81971],[-120.12903,45.8202],[-120.13093,45.82128],[-120.13293,45.82158],[-120.13389,45.82189],[-120.13522,45.8219],[-120.13628,45.82225],[-120.13737,45.82313],[-120.13874,45.82336],[-120.13908,45.82357],[-120.14083,45.82327],[-120.14336,45.82192],[-120.14414,45.8219],[-120.14529,45.82217],[-120.14666,45.82175],[-120.14917,45.8214],[-120.15117,45.82128],[-120.15263,45.82149],[-120.15342,45.82101],[-120.15472,45.8211],[-120.15578,45.82077],[-120.15631,45.82081],[-120.15683,45.82106],[-120.15851,45.82066],[-120.15992,45.82082],[-120.16131,45.82076],[-120.16162,45.82082],[-120.16239,45.82151],[-120.16294,45.82166],[-120.16417,45.82166],[-120.16516,45.82203],[-120.16585,45.8215],[-120.16701,45.82162],[-120.16917,45.8213],[-120.17032,45.82186],[-120.17076,45.82136],[-120.1719,45.82184],[-120.17283,45.8219],[-120.1749,45.82159],[-120.17554,45.82212],[-120.17658,45.82199],[-120.17702,45.82226],[-120.17711,45.82273],[-120.17752,45.82305],[-120.17842,45.8229],[-120.17959,45.82315],[-120.18022,45.82384],[-120.18093,45.82391],[-120.18262,45.82508],[-120.18341,45.82511],[-120.18385,45.82487],[-120.18698,45.82477],[-120.18811,45.82521],[-120.18891,45.826],[-120.18956,45.82641],[-120.19075,45.82645],[-120.19367,45.82799],[-120.195,45.82806],[-120.19656,45.82883],[-120.1973,45.82889],[-120.19838,45.82985],[-120.19986,45.83063],[-120.20014,45.83113],[-120.20012,45.83768],[-120.19957,45.83779],[-120.19874,45.83828],[-120.19801,45.83818],[-120.19707,45.83849],[-120.19593,45.83988],[-120.19547,45.84013],[-120.19563,45.84043],[-120.19681,45.84104],[-120.19616,45.84124],[-120.1959,45.84166],[-120.19386,45.84152],[-120.19388,45.84167],[-120.1947,45.84195],[-120.19554,45.8427],[-120.19546,45.84312],[-120.1956,45.84356],[-120.19426,45.84287],[-120.19356,45.84284],[-120.19278,45.84242],[-120.19136,45.84249],[-120.19114,45.84311],[-120.19153,45.84345],[-120.19133,45.84394],[-120.1915,45.8442],[-120.19144,45.84447],[-120.19227,45.84481],[-120.19267,45.84551],[-120.19163,45.84565],[-120.19068,45.8455],[-120.19038,45.8458],[-120.18997,45.84579],[-120.18957,45.84618],[-120.1896,45.84662],[-120.18913,45.84699],[-120.18911,45.8473],[-120.18847,45.84763],[-120.18806,45.84849],[-120.18732,45.84864],[-120.18658,45.84916],[-120.18654,45.8493],[-120.18687,45.84962],[-120.1861,45.84984],[-120.18599,45.85002],[-120.18637,45.85048],[-120.18749,45.85105],[-120.18728,45.85128],[-120.18665,45.85118],[-120.1867,45.85148],[-120.18658,45.85154],[-120.18454,45.85102],[-120.18417,45.85108],[-120.18381,45.85146],[-120.18319,45.8513],[-120.18302,45.85168],[-120.18229,45.85178],[-120.18215,45.85219],[-120.18175,45.85238],[-120.18174,45.85272],[-120.18196,45.85298],[-120.18168,45.85344],[-120.18216,45.85404],[-120.18204,45.85441],[-120.18223,45.85482],[-120.18146,45.8547],[-120.18081,45.85433],[-120.17925,45.8542],[-120.17869,45.85472],[-120.17875,45.85521],[-120.17842,45.85642],[-120.17805,45.85665],[-120.17841,45.85727],[-120.17707,45.85721],[-120.17702,45.85734],[-120.1774,45.85782],[-120.17642,45.85793],[-120.17622,45.85815],[-120.17557,45.85818],[-120.17535,45.85835],[-120.17525,45.85884],[-120.17482,45.8587],[-120.17408,45.85809],[-120.1739,45.85812],[-120.17357,45.85857],[-120.17305,45.85864],[-120.17305,45.8593],[-120.1724,45.85938],[-120.17219,45.85959],[-120.17299,45.86084],[-120.17338,45.86108],[-120.1734,45.86143],[-120.17369,45.86182],[-120.17355,45.86225],[-120.17383,45.86259],[-120.17379,45.86293],[-120.17396,45.86322],[-120.17383,45.86363],[-120.1736,45.86352],[-120.17293,45.86228],[-120.17203,45.86166],[-120.17122,45.86146],[-120.17007,45.86089],[-120.16968,45.86093],[-120.16926,45.86141],[-120.16832,45.86113],[-120.16791,45.86127],[-120.16796,45.86171],[-120.16706,45.86277],[-120.16563,45.86332],[-120.16507,45.86414],[-120.16409,45.86486],[-120.16389,45.86538],[-120.16324,45.86581],[-120.16304,45.86642],[-120.16203,45.8669],[-120.16142,45.86827],[-120.16137,45.86884],[-120.16047,45.86924],[-120.16025,45.86953],[-120.16036,45.86997],[-120.15996,45.87058],[-120.15955,45.87073],[-120.1584,45.87169],[-120.15784,45.87269],[-120.15772,45.87338],[-120.15601,45.87374],[-120.15513,45.87462],[-120.15536,45.87537],[-120.15589,45.87575],[-120.15757,45.87619],[-120.15885,45.87692],[-120.15501,45.87703],[-120.1532,45.87757],[-120.15249,45.8782],[-120.15241,45.87895],[-120.15309,45.87972],[-120.15421,45.88019],[-120.15533,45.88029],[-120.15709,45.88154],[-120.15422,45.88137],[-120.1508,45.88174],[-120.1501,45.8821],[-120.15034,45.88253],[-120.15463,45.88521],[-120.15644,45.88582],[-120.15797,45.88611],[-120.15848,45.88654],[-120.15954,45.8869],[-120.15996,45.88755],[-120.1607,45.88806],[-120.16125,45.88922],[-120.16175,45.88973],[-120.16525,45.89142],[-120.16341,45.89131],[-120.16292,45.89145],[-120.16276,45.89101],[-120.16248,45.89075],[-120.16062,45.89003],[-120.15903,45.88846],[-120.1579,45.88791],[-120.15611,45.88759],[-120.15555,45.88769],[-120.15446,45.88827],[-120.15381,45.88727],[-120.15313,45.8869],[-120.15121,45.88658],[-120.14837,45.88553],[-120.14762,45.88552],[-120.14599,45.88591],[-120.14485,45.88484],[-120.14376,45.88486],[-120.14116,45.88621],[-120.14067,45.8867],[-120.14067,45.88688],[-120.14122,45.88736],[-120.14117,45.88804],[-120.14134,45.88837],[-120.14185,45.88869],[-120.14256,45.88882],[-120.1427,45.88935],[-120.14337,45.88974],[-120.14375,45.89063],[-120.14154,45.88989],[-120.14042,45.88978],[-120.14016,45.88991],[-120.1398,45.89072],[-120.13956,45.89082],[-120.13921,45.89069],[-120.13835,45.88982],[-120.13772,45.88942],[-120.1372,45.88922],[-120.13613,45.88919],[-120.13523,45.88943],[-120.13406,45.89026],[-120.1336,45.89095],[-120.13348,45.89174],[-120.13218,45.89153],[-120.13155,45.89179],[-120.13079,45.89281],[-120.13088,45.89347],[-120.13004,45.89391],[-120.13003,45.89435],[-120.12916,45.89473],[-120.12791,45.89451],[-120.12641,45.89392],[-120.12447,45.8938],[-120.12359,45.89385],[-120.12314,45.89406],[-120.12321,45.89442],[-120.12363,45.89475],[-120.12362,45.89512],[-120.12386,45.89549],[-120.1239,45.89636],[-120.12528,45.89778],[-120.12614,45.89832],[-120.12727,45.89876],[-120.12771,45.89991],[-120.12676,45.89986],[-120.12638,45.89936],[-120.12613,45.89931],[-120.11977,45.89871],[-120.11777,45.89814],[-120.11647,45.89807],[-120.11541,45.899],[-120.11533,45.89934],[-120.11547,45.89948],[-120.11916,45.90085],[-120.12059,45.90192],[-120.12241,45.9023],[-120.12276,45.90315],[-120.12134,45.90323],[-120.12106,45.90379],[-120.12036,45.90359],[-120.11987,45.90363],[-120.11972,45.90394],[-120.12025,45.9047],[-120.11835,45.90483],[-120.11766,45.90462],[-120.11639,45.90462],[-120.11477,45.90519],[-120.11436,45.90548],[-120.11393,45.90601],[-120.11388,45.90637],[-120.11252,45.90613],[-120.11162,45.90629],[-120.11126,45.90654],[-120.11093,45.90732],[-120.1113,45.90896],[-120.10927,45.90899],[-120.10773,45.90857],[-120.1068,45.90851],[-120.10571,45.90862],[-120.10469,45.90895],[-120.10372,45.90952],[-120.10322,45.91017],[-120.10338,45.91068],[-120.10402,45.91104],[-120.10681,45.91119],[-120.10779,45.91147],[-120.10861,45.91203],[-120.10917,45.91299],[-120.10968,45.91328],[-120.11243,45.91289],[-120.1129,45.91297],[-120.11594,45.91267],[-120.11846,45.91129],[-120.12055,45.91088],[-120.12204,45.91185],[-120.12372,45.91233],[-120.12517,45.91302],[-120.12611,45.91325],[-120.12679,45.91313],[-120.12809,45.9136],[-120.12899,45.91421],[-120.1295,45.91432],[-120.1306,45.91513],[-120.13108,45.91528],[-120.13236,45.9151],[-120.13634,45.91512],[-120.1377,45.91457],[-120.13879,45.91445],[-120.14034,45.91453],[-120.1413,45.91496],[-120.14201,45.91494],[-120.14247,45.91511],[-120.14376,45.9148],[-120.1449,45.9149],[-120.14613,45.91576],[-120.14683,45.9159],[-120.14876,45.91533],[-120.15123,45.91548],[-120.15225,45.91499],[-120.1534,45.91481],[-120.15457,45.91515],[-120.15645,45.9144],[-120.1577,45.91409],[-120.16086,45.91423],[-120.16134,45.91392],[-120.16173,45.91325],[-120.16237,45.91305],[-120.16286,45.91266],[-120.16423,45.9122],[-120.16485,45.91176],[-120.16515,45.91176],[-120.16738,45.91222],[-120.16749,45.91256],[-120.1678,45.9128],[-120.16924,45.91338],[-120.16965,45.91386],[-120.16983,45.9149],[-120.17039,45.9156],[-120.17118,45.91623],[-120.17128,45.91668],[-120.17177,45.91724],[-120.1717,45.91744],[-120.17208,45.91822],[-120.17213,45.91872],[-120.17241,45.91887],[-120.17328,45.91856],[-120.17349,45.91864],[-120.17339,45.91874],[-120.17238,45.91917],[-120.17186,45.91908],[-120.17137,45.91861],[-120.17132,45.91813],[-120.17038,45.91664],[-120.169,45.91562],[-120.16854,45.91494],[-120.16843,45.91424],[-120.16561,45.91321],[-120.1632,45.91439],[-120.16299,45.91498],[-120.16209,45.91563],[-120.16202,45.91621],[-120.16027,45.91586],[-120.15754,45.91616],[-120.15544,45.91732],[-120.15363,45.91723],[-120.15301,45.9176],[-120.15233,45.91765],[-120.15169,45.91795],[-120.15067,45.91812],[-120.15028,45.91844],[-120.15029,45.91902],[-120.14826,45.91883],[-120.14731,45.91932],[-120.14653,45.91883],[-120.14447,45.91863],[-120.14317,45.91806],[-120.14192,45.91815],[-120.13984,45.918],[-120.13902,45.9184],[-120.13876,45.91884],[-120.13704,45.91839],[-120.13638,45.91837],[-120.13538,45.91872],[-120.13426,45.9195],[-120.13315,45.9196],[-120.13239,45.91994],[-120.13098,45.92006],[-120.13027,45.91997],[-120.12891,45.91915],[-120.12758,45.91897],[-120.12662,45.91848],[-120.12539,45.91816],[-120.1199,45.91798],[-120.11608,45.91846],[-120.11593,45.91866],[-120.11712,45.91895],[-120.11788,45.91935],[-120.11925,45.91965],[-120.12069,45.92052],[-120.12309,45.92096],[-120.12345,45.92126],[-120.12664,45.92241],[-120.12661,45.92313],[-120.12696,45.92404],[-120.12613,45.92352],[-120.12575,45.92302],[-120.12528,45.92281],[-120.12235,45.92259],[-120.12006,45.92273],[-120.11919,45.92299],[-120.11709,45.92323],[-120.11665,45.92344],[-120.11663,45.92372],[-120.11767,45.92506],[-120.11942,45.92665],[-120.11969,45.92723],[-120.11981,45.92876],[-120.12013,45.93009],[-120.12142,45.93082],[-120.12216,45.93152],[-120.12167,45.93166],[-120.12142,45.93192],[-120.12186,45.93287],[-120.12195,45.93359],[-120.12174,45.93411],[-120.12173,45.93461],[-120.12216,45.93547],[-120.12216,45.93603],[-120.12301,45.93672],[-120.12653,45.93864],[-120.12708,45.93913],[-120.12989,45.93985],[-120.12827,45.94013],[-120.12347,45.9386],[-120.12269,45.93822],[-120.12087,45.9378],[-120.11949,45.93715],[-120.11863,45.93594],[-120.11849,45.93477],[-120.11744,45.93365],[-120.11719,45.93325],[-120.11707,45.93251],[-120.11636,45.93168],[-120.11502,45.931],[-120.11444,45.93006],[-120.1103,45.92721],[-120.10842,45.92487],[-120.10751,45.92408],[-120.10671,45.92238],[-120.10467,45.92347],[-120.10436,45.92377],[-120.10343,45.92129],[-120.1022,45.92028],[-120.10085,45.92031],[-120.09937,45.92098],[-120.09835,45.92078],[-120.09569,45.91971],[-120.09507,45.91971],[-120.09476,45.91997],[-120.09478,45.92058],[-120.09541,45.92136],[-120.09709,45.9225],[-120.09863,45.92397],[-120.09694,45.92396],[-120.09587,45.92421],[-120.0955,45.92444],[-120.09524,45.92503],[-120.09544,45.92562],[-120.09524,45.92588],[-120.09541,45.92638],[-120.09681,45.92791],[-120.09787,45.92868],[-120.09428,45.92822],[-120.09263,45.92853],[-120.09203,45.92883],[-120.09226,45.92979],[-120.09314,45.93107],[-120.09366,45.93162],[-120.09439,45.93202],[-120.09476,45.93256],[-120.09431,45.93262],[-120.09338,45.93218],[-120.09275,45.93214],[-120.09252,45.9324],[-120.09254,45.93317],[-120.09354,45.93553],[-120.09401,45.93567],[-120.09433,45.93612],[-120.09526,45.93653],[-120.09516,45.9373],[-120.09548,45.9379],[-120.09719,45.93898],[-120.09972,45.93926],[-120.10079,45.93956],[-120.10192,45.93967],[-120.10473,45.93939],[-120.10449,45.93991],[-120.10453,45.94045],[-120.10473,45.94076],[-120.10704,45.94173],[-120.10889,45.94282],[-120.11011,45.94284],[-120.11009,45.94334],[-120.11031,45.94369],[-120.1111,45.94429],[-120.11209,45.94463],[-120.11187,45.94496],[-120.11187,45.94528],[-120.11299,45.94672],[-120.11384,45.94689],[-120.1149,45.94741],[-120.11608,45.94757],[-120.11584,45.94776],[-120.11571,45.94823],[-120.11518,45.94899],[-120.1152,45.94952],[-120.11573,45.95016],[-120.11566,45.95045],[-120.11587,45.951],[-120.1165,45.95149],[-120.11928,45.95274],[-120.12185,45.95351],[-120.12266,45.95393],[-120.12451,45.95387],[-120.12438,45.9544],[-120.12372,45.95528],[-120.12378,45.95559],[-120.12583,45.95693],[-120.12694,45.95744],[-120.12769,45.95819],[-120.12824,45.95835],[-120.12957,45.9583],[-120.12847,45.95937],[-120.13023,45.96095],[-120.1306,45.96209],[-120.13032,45.96304],[-120.13037,45.96338],[-120.13162,45.96429],[-120.13202,45.96482],[-120.13237,45.96495],[-120.13244,45.96531],[-120.13344,45.96646],[-120.13362,45.96727],[-120.13443,45.96759],[-120.13537,45.96839],[-120.13538,45.9686],[-120.13344,45.96786],[-120.1324,45.96691],[-120.13238,45.96666],[-120.13114,45.96505],[-120.12927,45.96396],[-120.12904,45.96341],[-120.12886,45.96208],[-120.12749,45.96106],[-120.12679,45.9604],[-120.12622,45.95951],[-120.12507,45.95856],[-120.1241,45.95803],[-120.12318,45.95781],[-120.12002,45.95751],[-120.12085,45.95685],[-120.12071,45.95624],[-120.12028,45.95574],[-120.11819,45.95508],[-120.1173,45.95499],[-120.11693,45.9547],[-120.11642,45.95463],[-120.11429,45.9537],[-120.11292,45.9537],[-120.11147,45.95129],[-120.1105,45.94999],[-120.10811,45.9485],[-120.10646,45.94696],[-120.1037,45.94534],[-120.10303,45.94515],[-120.1021,45.94524],[-120.10115,45.94475],[-120.09915,45.94439],[-120.09797,45.94398],[-120.09665,45.94395],[-120.09582,45.9444],[-120.09548,45.94508],[-120.09446,45.94574],[-120.09369,45.94599],[-120.09212,45.94772],[-120.09182,45.9466],[-120.09203,45.94446],[-120.09139,45.94376],[-120.09136,45.94333],[-120.09104,45.94285],[-120.08969,45.94192],[-120.08882,45.94155],[-120.08823,45.94056],[-120.08745,45.93999],[-120.08678,45.93974],[-120.08625,45.93904],[-120.08511,45.93828],[-120.08491,45.93703],[-120.08381,45.93582],[-120.08324,45.93554],[-120.08118,45.9351],[-120.07987,45.93463],[-120.07912,45.93465],[-120.07863,45.93528],[-120.07882,45.93634],[-120.07857,45.93718],[-120.07879,45.93842],[-120.07915,45.93937],[-120.07885,45.93931],[-120.07604,45.93718],[-120.07515,45.93698],[-120.07462,45.9373],[-120.07417,45.93833],[-120.07494,45.93972],[-120.07379,45.94015],[-120.07287,45.94093],[-120.07304,45.94132],[-120.07372,45.9418],[-120.0746,45.94225],[-120.07635,45.94265],[-120.07658,45.94309],[-120.07565,45.94308],[-120.07354,45.94353],[-120.07224,45.94363],[-120.07188,45.9438],[-120.07172,45.9441],[-120.07276,45.9449],[-120.07351,45.9452],[-120.07566,45.94563],[-120.0778,45.94628],[-120.08037,45.94785],[-120.07982,45.94814],[-120.07978,45.94858],[-120.08051,45.94944],[-120.08082,45.95013],[-120.08018,45.94988],[-120.07953,45.94934],[-120.07721,45.9481],[-120.07602,45.94804],[-120.07511,45.94868],[-120.07498,45.94899],[-120.07502,45.94996],[-120.07535,45.95117],[-120.07651,45.95247],[-120.07804,45.9531],[-120.07829,45.95348],[-120.0772,45.95366],[-120.07577,45.95341],[-120.07471,45.95349],[-120.07418,45.95394],[-120.07399,45.95457],[-120.07431,45.95536],[-120.07426,45.95626],[-120.07608,45.95754],[-120.07694,45.95896],[-120.07804,45.95947],[-120.07681,45.95954],[-120.07647,45.9597],[-120.07726,45.96099],[-120.079,45.96148],[-120.08009,45.96224],[-120.08071,45.96245],[-120.08115,45.96296],[-120.07868,45.96203],[-120.07713,45.96202],[-120.07619,45.96156],[-120.07567,45.96083],[-120.07459,45.96027],[-120.07434,45.95987],[-120.07437,45.95928],[-120.07417,45.95867],[-120.07335,45.95801],[-120.0723,45.95748],[-120.07146,45.95659],[-120.07143,45.95603],[-120.07048,45.95486],[-120.07027,45.95406],[-120.0703,45.95178],[-120.06962,45.95069],[-120.06855,45.9501],[-120.06619,45.94919],[-120.06469,45.94935],[-120.06435,45.94969],[-120.06441,45.95018],[-120.06423,45.95085],[-120.06342,45.95137],[-120.06319,45.95172],[-120.06107,45.95238],[-120.06058,45.95295],[-120.06105,45.95425],[-120.06202,45.9547],[-120.06346,45.95578],[-120.06433,45.95601],[-120.06437,45.95693],[-120.0649,45.95845],[-120.06557,45.95926],[-120.06448,45.95934],[-120.06405,45.95951],[-120.06415,45.95981],[-120.06457,45.96014],[-120.06449,45.96049],[-120.06322,45.96016],[-120.06181,45.95915],[-120.06116,45.95906],[-120.06021,45.95931],[-120.05994,45.9603],[-120.05707,45.95998],[-120.05603,45.96037],[-120.05526,45.96121],[-120.05511,45.96199],[-120.05477,45.96249],[-120.05473,45.96277],[-120.0549,45.96312],[-120.05684,45.96375],[-120.06062,45.96422],[-120.06034,45.96446],[-120.05902,45.96465],[-120.05895,45.96486],[-120.05927,45.9654],[-120.05773,45.96532],[-120.05656,45.96602],[-120.0563,45.96653],[-120.05718,45.96742],[-120.05645,45.96751],[-120.05512,45.96724],[-120.05351,45.96732],[-120.05195,45.9677],[-120.05151,45.96817],[-120.05159,45.96872],[-120.05205,45.9696],[-120.05254,45.96999],[-120.05365,45.97043],[-120.05565,45.97078],[-120.05735,45.9706],[-120.05918,45.97063],[-120.05865,45.97102],[-120.05586,45.97206],[-120.05544,45.97241],[-120.05538,45.97275],[-120.05588,45.97346],[-120.05654,45.97398],[-120.05769,45.9747],[-120.0596,45.97547],[-120.0573,45.9752],[-120.05707,45.97532],[-120.05703,45.97597],[-120.05689,45.97606],[-120.0557,45.9749],[-120.05341,45.97408],[-120.05174,45.97323],[-120.05112,45.97305],[-120.05046,45.97314],[-120.04944,45.97251],[-120.04851,45.97244],[-120.04766,45.97211],[-120.04687,45.97202],[-120.04643,45.97222],[-120.04631,45.97253],[-120.04635,45.97295],[-120.04677,45.97382],[-120.04489,45.97429],[-120.04385,45.97539],[-120.04371,45.97579],[-120.04401,45.97609],[-120.04458,45.97612],[-120.04473,45.97677],[-120.04538,45.97688],[-120.04534,45.97718],[-120.04564,45.9775],[-120.04593,45.97761],[-120.04652,45.97747],[-120.04654,45.97776],[-120.04602,45.97809],[-120.04641,45.97864],[-120.0456,45.9787],[-120.04521,45.97892],[-120.04438,45.97882],[-120.04335,45.97918],[-120.04321,45.97944],[-120.04351,45.98029],[-120.04199,45.98026],[-120.04132,45.98053],[-120.04123,45.98074],[-120.04191,45.98201],[-120.04185,45.98241],[-120.04204,45.98262],[-120.04449,45.98365],[-120.04588,45.98351],[-120.04988,45.98246],[-120.0499,45.98277],[-120.04905,45.98342],[-120.04837,45.98427],[-120.04846,45.98458],[-120.04922,45.98501],[-120.04753,45.98577],[-120.04659,45.9865],[-120.04392,45.98773],[-120.04398,45.9888],[-120.04444,45.98928],[-120.04569,45.98956],[-120.04741,45.98957],[-120.04845,45.98991],[-120.0497,45.98979],[-120.0508,45.99022],[-120.05219,45.99036],[-120.05561,45.98888],[-120.05688,45.98802],[-120.05673,45.98867],[-120.05636,45.98925],[-120.05545,45.99018],[-120.05534,45.99083],[-120.0568,45.99167],[-120.05754,45.99188],[-120.05807,45.99228],[-120.05895,45.99253],[-120.06086,45.99269],[-120.06368,45.99203],[-120.06405,45.99201],[-120.06432,45.99219],[-120.06585,45.9922],[-120.06551,45.99247],[-120.06364,45.99273],[-120.06176,45.9937],[-120.05955,45.99398],[-120.05821,45.99392],[-120.05529,45.99343],[-120.05445,45.99359],[-120.05308,45.99317],[-120.04826,45.99287],[-120.04659,45.99299],[-120.04546,45.99335],[-120.0441,45.99347],[-120.04432,45.9939],[-120.04604,45.99488],[-120.04779,45.99537],[-120.04808,45.99632],[-120.04846,45.99664],[-120.04943,45.9971],[-120.0504,45.9978],[-120.05227,45.99852],[-120.05217,45.99946],[-120.05265,45.99985],[-120.05414,46.00004],[-120.05607,46],[-120.05671,45.99993],[-120.05881,45.99922],[-120.0582,45.99982],[-120.05823,46.00031],[-120.05762,46.00042],[-120.05547,46.00169],[-120.05372,46.00212],[-120.05318,46.00245],[-120.0528,46.00323],[-120.0529,46.00358],[-120.05336,46.00408],[-120.05534,46.00533],[-120.05692,46.00588],[-120.05814,46.00607],[-120.05922,46.00594],[-120.05957,46.00692],[-120.06075,46.00783],[-120.06148,46.00798],[-120.06476,46.00764],[-120.06331,46.00875],[-120.06283,46.0092],[-120.06279,46.00942],[-120.0636,46.01006],[-120.06673,46.01182],[-120.06869,46.01186],[-120.07081,46.01207],[-120.07121,46.01225],[-120.07564,46.01223],[-120.07735,46.0118],[-120.07875,46.01185],[-120.08056,46.0111],[-120.0811,46.01119],[-120.08183,46.01182],[-120.08284,46.0122],[-120.08435,46.01329],[-120.0818,46.01235],[-120.08063,46.0116],[-120.07941,46.01253],[-120.07754,46.01267],[-120.07641,46.01312],[-120.07445,46.01318],[-120.07236,46.01368],[-120.0686,46.01398],[-120.06853,46.01465],[-120.06983,46.01575],[-120.07357,46.01773],[-120.07444,46.01899],[-120.07264,46.01785],[-120.07227,46.01782],[-120.071,46.01725],[-120.06918,46.01687],[-120.06873,46.01709],[-120.06771,46.01859],[-120.06765,46.01818],[-120.06785,46.01748],[-120.06774,46.01621],[-120.06693,46.01554],[-120.06622,46.01524],[-120.06608,46.01483],[-120.06583,46.0147],[-120.06569,46.01421],[-120.06469,46.01365],[-120.0637,46.01355],[-120.06323,46.01289],[-120.06264,46.01257],[-120.06158,46.01237],[-120.06139,46.01187],[-120.0604,46.01157],[-120.06018,46.0112],[-120.05967,46.01088],[-120.05907,46.01081],[-120.05826,46.01046],[-120.05767,46.00979],[-120.05663,46.00908],[-120.05224,46.00763],[-120.05125,46.00691],[-120.04925,46.00581],[-120.04815,46.00494],[-120.04753,46.00406],[-120.04675,46.0016],[-120.04594,46.0006],[-120.0456,46.0003],[-120.04286,45.99919],[-120.04256,45.99962],[-120.04255,46.00023],[-120.04283,46.00108],[-120.04243,46.00191],[-120.0423,46.00325],[-120.04162,46.0045],[-120.04101,46.00521],[-120.04101,46.00557],[-120.04133,46.00626],[-120.04164,46.00659],[-120.04243,46.00687],[-120.04182,46.00757],[-120.04168,46.00819],[-120.04211,46.00888],[-120.04253,46.00892],[-120.04329,46.00949],[-120.04448,46.01003],[-120.04446,46.01025],[-120.04489,46.01088],[-120.04541,46.01132],[-120.04657,46.01167],[-120.04616,46.01224],[-120.04638,46.01306],[-120.04666,46.01347],[-120.04759,46.01406],[-120.04843,46.01402],[-120.04878,46.01418],[-120.04776,46.0149],[-120.04763,46.01572],[-120.04795,46.01662],[-120.04858,46.01709],[-120.04851,46.01741],[-120.04888,46.01806],[-120.04889,46.01899],[-120.04932,46.01925],[-120.04889,46.01942],[-120.04879,46.01966],[-120.04911,46.02091],[-120.04911,46.02149],[-120.04881,46.02166],[-120.04872,46.02073],[-120.04835,46.02029],[-120.04787,46.01924],[-120.04785,46.01807],[-120.04635,46.01637],[-120.04609,46.01567],[-120.04605,46.01468],[-120.04496,46.01399],[-120.04461,46.01364],[-120.04423,46.01267],[-120.04233,46.01109],[-120.04132,46.01092],[-120.03982,46.01005],[-120.03886,46.01015],[-120.03807,46.0107],[-120.0368,46.01223],[-120.03591,46.01278],[-120.03585,46.01378],[-120.03561,46.01371],[-120.03531,46.01322],[-120.03478,46.01321],[-120.03572,46.01187],[-120.03579,46.0114],[-120.03619,46.01082],[-120.03647,46.00936],[-120.03769,46.00815],[-120.03748,46.0076],[-120.03758,46.00701],[-120.03709,46.00544],[-120.03629,46.00495],[-120.03682,46.00446],[-120.03716,46.00381],[-120.03716,46.00349],[-120.03693,46.0033],[-120.03734,46.00299],[-120.03742,46.00256],[-120.03722,46.0021],[-120.03754,46.00157],[-120.03695,46.00052],[-120.03675,46.0004],[-120.03683,46.00006],[-120.03665,45.9997],[-120.03691,45.99876],[-120.03664,45.99821],[-120.03624,45.99813],[-120.03445,45.99838],[-120.03353,45.99879],[-120.03336,45.9986],[-120.03401,45.99739],[-120.03395,45.99697],[-120.03354,45.99645],[-120.03385,45.99612],[-120.0345,45.99594],[-120.03483,45.99565],[-120.03548,45.99405],[-120.03505,45.9925],[-120.03472,45.99045],[-120.03404,45.98956],[-120.03351,45.9896],[-120.03223,45.99049],[-120.03134,45.99165],[-120.02997,45.99435],[-120.02933,45.9951],[-120.02914,45.99575],[-120.02866,45.99597],[-120.02818,45.9965],[-120.02729,45.99646],[-120.02641,45.99694],[-120.02629,45.99752],[-120.02683,45.9984],[-120.02587,45.99852],[-120.02542,45.99892],[-120.02526,45.99972],[-120.02449,45.99971],[-120.02382,46.00015],[-120.02305,46.00159],[-120.02342,46.00222],[-120.02196,46.00202],[-120.02181,46.00227],[-120.02141,46.00242],[-120.02136,46.00279],[-120.0217,46.00371],[-120.02199,46.00393],[-120.02241,46.00395],[-120.02284,46.00466],[-120.02296,46.00587],[-120.02315,46.00617],[-120.02356,46.00644],[-120.02486,46.00671],[-120.02408,46.00707],[-120.02383,46.00747],[-120.02317,46.00728],[-120.02227,46.00731],[-120.02009,46.00783],[-120.01888,46.00936],[-120.01882,46.00995],[-120.01907,46.01028],[-120.01959,46.01061],[-120.02051,46.01089],[-120.02137,46.01205],[-120.02045,46.01241],[-120.01934,46.01237],[-120.01878,46.01251],[-120.01839,46.01295],[-120.01851,46.014],[-120.01767,46.01407],[-120.01718,46.01442],[-120.01702,46.01512],[-120.01735,46.01569],[-120.01783,46.01613],[-120.01888,46.01661],[-120.0191,46.01686],[-120.01789,46.01674],[-120.01669,46.01633],[-120.01556,46.01624],[-120.01537,46.01646],[-120.01527,46.01698],[-120.01578,46.01833],[-120.01547,46.01865],[-120.01554,46.01959],[-120.01407,46.01946],[-120.01181,46.0209],[-120.01172,46.02157],[-120.01208,46.02202],[-120.01135,46.02219],[-120.01085,46.02308],[-120.01084,46.02342],[-120.01127,46.02433],[-120.01189,46.02473],[-120.01255,46.0247],[-120.0143,46.02547],[-120.01474,46.02541],[-120.01491,46.02555],[-120.01534,46.02554],[-120.01529,46.02563],[-120.01441,46.02593],[-120.01302,46.02596],[-120.01256,46.02634],[-120.01168,46.02617],[-120.01042,46.02644],[-120.00809,46.02634],[-120.00709,46.02673],[-120.00726,46.02701],[-120.00848,46.02742],[-120.00844,46.02787],[-120.0086,46.02813],[-120.0084,46.02879],[-120.00905,46.02936],[-120.01029,46.02972],[-120.01191,46.02992],[-120.01644,46.03174],[-120.01773,46.03191],[-120.0188,46.03225],[-120.01891,46.03271],[-120.01932,46.03317],[-120.0188,46.03299],[-120.0182,46.03246],[-120.01578,46.03258],[-120.01582,46.03377],[-120.01764,46.03542],[-120.02067,46.03696],[-120.02147,46.03781],[-120.02223,46.03812],[-120.02302,46.03813],[-120.02181,46.03825],[-120.02088,46.03786],[-120.02022,46.03728],[-120.01717,46.03612],[-120.01514,46.03489],[-120.01412,46.03452],[-120.01358,46.0332],[-120.0122,46.03273],[-120.01135,46.03218],[-120.01054,46.03199],[-120.00795,46.03204],[-120.00651,46.03152],[-120.00538,46.03147],[-120.00516,46.03168],[-120.00513,46.03205],[-120.00538,46.03263],[-120.00602,46.03334],[-120.00631,46.03421],[-120.00681,46.03455],[-120.00813,46.03479],[-120.00887,46.03532],[-120.00848,46.0358],[-120.00839,46.03645],[-120.00875,46.03718],[-120.01097,46.03865],[-120.01218,46.03875],[-120.01184,46.03906],[-120.01185,46.03953],[-120.01208,46.04045],[-120.01229,46.04073],[-120.01378,46.04146],[-120.0147,46.04149],[-120.01462,46.04181],[-120.01631,46.04381],[-120.01643,46.04413],[-120.01618,46.04444],[-120.01624,46.04505],[-120.01585,46.04475],[-120.01539,46.04376],[-120.01388,46.04248],[-120.01145,46.0416],[-120.01063,46.04114],[-120.00991,46.04044],[-120.00938,46.03964],[-120.00698,46.03919],[-120.00627,46.03847],[-120.00517,46.03778],[-120.00414,46.03647],[-120.00255,46.03541],[-120.00216,46.03525],[-120.00165,46.03531],[-120.00116,46.03549],[-120.00005,46.03656],[-119.99998,46.03731],[-119.99929,46.03831],[-119.99958,46.03866],[-119.99902,46.0388],[-119.9982,46.03981],[-119.99829,46.04047],[-119.99866,46.04075],[-119.99645,46.041],[-119.99415,46.04157],[-119.99373,46.04188],[-119.99329,46.04327],[-119.99365,46.04389],[-119.99448,46.04436],[-119.99642,46.04465],[-119.99695,46.045],[-119.9955,46.04485],[-119.99428,46.04497],[-119.99386,46.04512],[-119.99382,46.04548],[-119.99299,46.04523],[-119.99228,46.04541],[-119.99185,46.04585],[-119.99059,46.04549],[-119.99019,46.04518],[-119.989,46.04508],[-119.98854,46.04563],[-119.98854,46.04589],[-119.98935,46.04664],[-119.99065,46.04698],[-119.99093,46.04729],[-119.99127,46.04729],[-119.99141,46.0477],[-119.99188,46.04786],[-119.99092,46.04831],[-119.99088,46.04865],[-119.99059,46.04906],[-119.99075,46.04934],[-119.99055,46.04971],[-119.99015,46.04992],[-119.98978,46.04991],[-119.98879,46.04952],[-119.98801,46.05015],[-119.98828,46.05067],[-119.98918,46.05137],[-119.99012,46.05187],[-119.99042,46.05175],[-119.99117,46.05213],[-119.99231,46.05319],[-119.99211,46.05358],[-119.99242,46.05428],[-119.99229,46.05438],[-119.99237,46.05465],[-119.99216,46.05484],[-119.99211,46.05561],[-119.99186,46.05536],[-119.99191,46.05498],[-119.99063,46.05434],[-119.99007,46.05368],[-119.98974,46.0537],[-119.98935,46.05332],[-119.988,46.05278],[-119.98726,46.05276],[-119.98642,46.05325],[-119.98628,46.05358],[-119.98581,46.05387],[-119.98575,46.05352],[-119.98541,46.05321],[-119.98569,46.05283],[-119.98535,46.05223],[-119.98497,46.05194],[-119.9843,46.05176],[-119.98294,46.05191],[-119.98261,46.05207],[-119.98239,46.05261],[-119.98134,46.05354],[-120.02073,46.08465],[-120.02093,46.08903],[-120.02084,46.08987],[-120.02099,46.09142],[-120.0215,46.09308],[-120.02078,46.09494],[-120.02032,46.09555],[-120.02028,46.09691],[-120.02006,46.09755],[-120.01942,46.09858],[-120.01823,46.10129],[-120.01837,46.10174],[-120.01826,46.10262],[-120.01841,46.10439],[-120.01802,46.10635],[-120.01786,46.10859],[-120.01744,46.1105],[-120.01799,46.11129],[-120.01862,46.11319],[-120.01768,46.11508],[-120.0176,46.11585],[-120.01644,46.11808],[-120.01664,46.11964],[-120.00461,46.12659],[-119.99496,46.13151],[-119.98277,46.13244],[-119.96072,46.13549],[-119.95974,46.14095],[-119.94691,46.14042],[-119.92841,46.15147],[-119.90478,46.15461],[-119.89456,46.15557],[-119.87204,46.15111],[-119.86765,46.1555],[-119.86091,46.15876],[-119.81236,46.16528],[-119.76142,46.18456],[-119.75515,46.18585],[-119.73056,46.19855],[-119.71654,46.19364],[-119.70648,46.20512],[-119.70578,46.20628],[-119.70593,46.20746],[-119.70584,46.20778],[-119.70455,46.20913],[-119.70402,46.21005],[-119.70323,46.21048],[-119.7011,46.21116],[-119.69518,46.2125],[-119.69262,46.21242],[-119.68842,46.21175],[-119.68709,46.21167],[-119.64746,46.2203],[-119.63291,46.22395]]]]}},{"type":"Feature","properties":{"ava_id":"lake_chelan","name":"Lake Chelan","aka":null,"state":"WA","county":"Chelan","within":"Columbia Valley","contains":null,"cfr_index":"9.215","valid_start":null},"geometry":{"type":"MultiPolygon","coordinates":[[[[-120.18359,47.93696],[-120.15649,47.93673],[-120.15628,47.93614],[-120.15577,47.93557],[-120.15576,47.93526],[-120.15532,47.93468],[-120.15459,47.93418],[-120.15328,47.93367],[-120.15242,47.9328],[-120.15215,47.932],[-120.15268,47.93144],[-120.15258,47.93091],[-120.15229,47.93052],[-120.15238,47.92994],[-120.15218,47.9294],[-120.15213,47.92739],[-120.15032,47.92521],[-120.14927,47.92445],[-120.14839,47.92405],[-120.14773,47.92418],[-120.14705,47.92492],[-120.14701,47.92604],[-120.14591,47.92554],[-120.14512,47.92581],[-120.14454,47.92559],[-120.14355,47.92559],[-120.14288,47.92595],[-120.14224,47.92497],[-120.1412,47.92515],[-120.1396,47.92493],[-120.13864,47.92505],[-120.1377,47.92397],[-120.13637,47.92328],[-120.13507,47.92238],[-120.13281,47.92175],[-120.13216,47.92132],[-120.13174,47.92142],[-120.1313,47.922],[-120.13118,47.92067],[-120.13072,47.91961],[-120.13043,47.91961],[-120.13028,47.91929],[-120.1286,47.91834],[-120.12806,47.91774],[-120.12735,47.91779],[-120.12125,47.9166],[-120.12171,47.91629],[-120.12219,47.9156],[-120.12074,47.91564],[-120.12074,47.91545],[-120.12132,47.915],[-120.12098,47.91465],[-120.12052,47.91463],[-120.1208,47.91373],[-120.12006,47.91199],[-120.11965,47.91151],[-120.11889,47.91109],[-120.11874,47.9106],[-120.11885,47.90993],[-120.11846,47.90955],[-120.11798,47.90937],[-120.11807,47.91064],[-120.11785,47.91171],[-120.11751,47.90948],[-120.11715,47.90908],[-120.11689,47.90901],[-120.1163,47.90957],[-120.11605,47.90919],[-120.11434,47.90843],[-120.11297,47.90832],[-120.11194,47.90798],[-120.1113,47.90797],[-120.11055,47.90693],[-120.10885,47.90595],[-120.10869,47.90509],[-120.10714,47.90469],[-120.10635,47.9041],[-120.10621,47.90373],[-120.10333,47.9039],[-120.10252,47.90365],[-120.10151,47.90365],[-120.10083,47.90306],[-120.09952,47.9024],[-120.09917,47.90241],[-120.09905,47.90213],[-120.09871,47.9021],[-120.09807,47.90319],[-120.0979,47.90446],[-120.09763,47.90465],[-120.09741,47.90514],[-120.09739,47.90647],[-120.09725,47.90679],[-120.09709,47.90666],[-120.09704,47.90581],[-120.09667,47.90531],[-120.09667,47.90479],[-120.09702,47.90404],[-120.09623,47.90273],[-120.09564,47.90223],[-120.09501,47.90226],[-120.09464,47.90284],[-120.09331,47.90279],[-120.09266,47.9026],[-120.09177,47.90184],[-120.09147,47.90184],[-120.09085,47.90222],[-120.0903,47.90287],[-120.08869,47.90395],[-120.08833,47.90402],[-120.08816,47.90387],[-120.08718,47.90419],[-120.0883,47.90357],[-120.08874,47.90301],[-120.08968,47.90243],[-120.09025,47.90157],[-120.08869,47.90016],[-120.08853,47.89986],[-120.08773,47.89979],[-120.08722,47.89933],[-120.08764,47.89784],[-120.08821,47.89667],[-120.08727,47.89548],[-120.08761,47.89507],[-120.08742,47.89473],[-120.08683,47.89444],[-120.08599,47.89434],[-120.08577,47.8935],[-120.08501,47.89213],[-120.08494,47.8916],[-120.08434,47.89122],[-120.08498,47.89076],[-120.08475,47.89015],[-120.08167,47.88952],[-120.0814,47.88903],[-120.08098,47.88893],[-120.07976,47.89034],[-120.07927,47.89195],[-120.0787,47.89272],[-120.07842,47.89342],[-120.07813,47.89337],[-120.07823,47.89238],[-120.0781,47.8912],[-120.07868,47.88982],[-120.07814,47.88928],[-120.07826,47.88883],[-120.07867,47.88839],[-120.07758,47.88716],[-120.07693,47.88683],[-120.07635,47.88675],[-120.07615,47.88684],[-120.07642,47.88727],[-120.07162,47.88564],[-120.06976,47.88532],[-120.06778,47.88416],[-120.06729,47.8841],[-120.06682,47.88431],[-120.0669,47.88379],[-120.06639,47.88282],[-120.06526,47.88326],[-120.06534,47.88266],[-120.06505,47.88252],[-120.06401,47.88352],[-120.06355,47.88451],[-120.06335,47.88449],[-120.06362,47.88355],[-120.06336,47.88344],[-120.06349,47.88304],[-120.0644,47.88198],[-120.065,47.88163],[-120.06497,47.88149],[-120.06389,47.881],[-120.06506,47.88082],[-120.06554,47.88066],[-120.06564,47.88048],[-120.06499,47.88005],[-120.06443,47.87992],[-120.06428,47.87967],[-120.06397,47.87973],[-120.06382,47.87913],[-120.06404,47.87872],[-120.06551,47.87795],[-120.06578,47.87731],[-120.06636,47.87682],[-120.0664,47.87606],[-120.06622,47.87585],[-120.06565,47.87572],[-120.06571,47.87508],[-120.06595,47.87475],[-120.0653,47.87423],[-120.06544,47.87363],[-120.06524,47.87276],[-120.06466,47.87205],[-120.06398,47.87199],[-120.0645,47.87102],[-120.0645,47.87073],[-120.06279,47.86983],[-120.06262,47.87012],[-120.06227,47.87018],[-120.06066,47.86994],[-120.06131,47.86972],[-120.06191,47.86974],[-120.06201,47.86912],[-120.06173,47.86887],[-120.06167,47.8682],[-120.06137,47.86785],[-120.06078,47.86774],[-120.0603,47.86738],[-120.05868,47.8675],[-120.05899,47.86791],[-120.05887,47.8683],[-120.05969,47.86943],[-120.05974,47.86981],[-120.05918,47.86953],[-120.05855,47.8687],[-120.05765,47.86867],[-120.05681,47.86795],[-120.05638,47.86783],[-120.05578,47.86792],[-120.05541,47.86836],[-120.05476,47.86824],[-120.0546,47.8678],[-120.05424,47.86764],[-120.05309,47.86805],[-120.05318,47.86858],[-120.05295,47.869],[-120.05317,47.8693],[-120.05302,47.86963],[-120.05173,47.86909],[-120.05127,47.86922],[-120.05033,47.86905],[-120.04881,47.87007],[-120.04856,47.87119],[-120.04826,47.87104],[-120.04793,47.8712],[-120.04746,47.87053],[-120.04666,47.87073],[-120.04671,47.87015],[-120.04601,47.8701],[-120.04657,47.86969],[-120.0469,47.86921],[-120.04691,47.8685],[-120.04676,47.86834],[-120.04722,47.86734],[-120.04732,47.86655],[-120.04718,47.86629],[-120.0459,47.8663],[-120.04535,47.86669],[-120.04498,47.86664],[-120.04459,47.86681],[-120.04416,47.86637],[-120.04389,47.86636],[-120.04297,47.86712],[-120.04264,47.86653],[-120.04181,47.86681],[-120.04104,47.86678],[-120.04231,47.86566],[-120.04279,47.86484],[-120.04268,47.86441],[-120.04283,47.86383],[-120.04318,47.86373],[-120.04322,47.86347],[-120.04256,47.86282],[-120.04153,47.86257],[-120.04107,47.86278],[-120.04075,47.86316],[-120.04016,47.86266],[-120.04006,47.8623],[-120.03869,47.86141],[-120.03812,47.86156],[-120.03765,47.86195],[-120.03696,47.86222],[-120.03614,47.86194],[-120.03599,47.86258],[-120.03611,47.86326],[-120.03548,47.86309],[-120.03476,47.86265],[-120.03383,47.86251],[-120.03344,47.86281],[-120.03345,47.86372],[-120.03223,47.86346],[-120.03136,47.8641],[-120.03053,47.86287],[-120.02948,47.86276],[-120.02886,47.86234],[-120.02852,47.86236],[-120.02778,47.86287],[-120.02761,47.8631],[-120.02761,47.86359],[-120.02709,47.8641],[-120.02557,47.86396],[-120.02514,47.86423],[-120.02493,47.86462],[-120.02445,47.86454],[-120.02416,47.86468],[-120.02375,47.86567],[-120.02379,47.86609],[-120.02334,47.86653],[-120.02325,47.86698],[-120.0227,47.86711],[-120.02277,47.86734],[-120.02386,47.86784],[-120.02514,47.86782],[-120.02583,47.868],[-120.02603,47.86814],[-120.02596,47.86848],[-120.02545,47.86864],[-120.02564,47.869],[-120.02811,47.87027],[-120.02968,47.87029],[-120.02972,47.87049],[-120.03078,47.87077],[-120.02873,47.87139],[-120.02735,47.87143],[-120.02645,47.87185],[-120.02634,47.87164],[-120.02643,47.87119],[-120.02567,47.87098],[-120.02398,47.87191],[-120.02421,47.87072],[-120.02408,47.87055],[-120.02223,47.87039],[-120.02197,47.87062],[-120.02206,47.87117],[-120.02121,47.87238],[-120.02057,47.87261],[-120.02093,47.87356],[-120.02075,47.87429],[-120.01958,47.87444],[-120.01941,47.87394],[-120.0192,47.87386],[-120.01886,47.87438],[-120.01806,47.87496],[-120.01779,47.87457],[-120.01728,47.87474],[-120.01692,47.87439],[-120.01695,47.87412],[-120.01678,47.87396],[-120.01696,47.87368],[-120.01698,47.87322],[-120.01756,47.87237],[-120.01757,47.87194],[-120.01724,47.87147],[-120.01688,47.87128],[-120.01687,47.8711],[-120.01596,47.87051],[-120.01664,47.8702],[-120.01727,47.87026],[-120.0181,47.87002],[-120.01853,47.86954],[-120.01854,47.86926],[-120.01808,47.86887],[-120.01757,47.86876],[-120.01742,47.86846],[-120.0166,47.86833],[-120.01613,47.86765],[-120.0156,47.86731],[-120.01455,47.86791],[-120.01429,47.86767],[-120.01276,47.86713],[-120.01215,47.86737],[-120.0121,47.86699],[-120.01246,47.86632],[-120.01189,47.86616],[-120.01144,47.86577],[-120.01016,47.86671],[-120.0096,47.86687],[-120.00943,47.867],[-120.00935,47.86748],[-120.00883,47.86776],[-120.00765,47.86744],[-120.00719,47.86757],[-120.00715,47.86841],[-120.00696,47.86884],[-120.00674,47.86893],[-120.00537,47.86841],[-120.00493,47.86901],[-120.00487,47.86949],[-120.00401,47.87023],[-120.0037,47.86999],[-120.00217,47.87013],[-120.00168,47.87028],[-120.00085,47.87098],[-120.00057,47.87095],[-120.00021,47.87126],[-120.00029,47.87066],[-120.00078,47.87004],[-120.00271,47.86869],[-120.00172,47.86801],[-120.00288,47.867],[-120.00311,47.86657],[-120.00171,47.86586],[-120.00246,47.86527],[-120.00417,47.8647],[-120.00578,47.86353],[-120.00546,47.8631],[-120.00455,47.86292],[-120.00527,47.86149],[-120.00522,47.86131],[-120.00375,47.86073],[-120.00324,47.86097],[-120.00245,47.8608],[-120.00262,47.86021],[-120.00247,47.85976],[-120.00197,47.85941],[-120.00159,47.85889],[-120.00038,47.85852],[-120,47.85866],[-119.99939,47.85941],[-119.99863,47.85987],[-119.99852,47.86022],[-119.99819,47.8603],[-119.998,47.86059],[-119.99641,47.86062],[-119.99391,47.86154],[-119.99356,47.86112],[-119.99301,47.86125],[-119.99322,47.86072],[-119.99314,47.86036],[-119.99286,47.86036],[-119.99222,47.86072],[-119.99252,47.85973],[-119.99302,47.85911],[-119.99323,47.85843],[-119.99244,47.85758],[-119.99351,47.85721],[-119.99499,47.85772],[-119.99555,47.8581],[-119.99567,47.85795],[-119.99523,47.85736],[-119.99372,47.85678],[-119.99392,47.85638],[-119.99247,47.85497],[-119.9932,47.85461],[-119.99221,47.85414],[-119.99202,47.85372],[-119.99159,47.85353],[-119.99115,47.85262],[-119.99065,47.85244],[-119.99006,47.85156],[-119.98896,47.8515],[-119.98864,47.85116],[-119.98732,47.85101],[-119.98756,47.8507],[-119.98689,47.85042],[-119.98711,47.85025],[-119.98675,47.85013],[-119.98482,47.85043],[-119.98366,47.85015],[-119.98175,47.85082],[-119.98045,47.85222],[-119.97982,47.85235],[-119.9803,47.85191],[-119.98032,47.85168],[-119.97846,47.852],[-119.97866,47.8515],[-119.97837,47.85123],[-119.97907,47.85091],[-119.98017,47.84931],[-119.97968,47.84907],[-119.97809,47.84925],[-119.97932,47.84857],[-119.97944,47.8482],[-119.9793,47.84793],[-119.97838,47.84735],[-119.9765,47.84754],[-119.976,47.84693],[-119.97443,47.84736],[-119.97373,47.84847],[-119.97376,47.84894],[-119.97348,47.84908],[-119.97253,47.83023],[-119.97366,47.82886],[-119.9746,47.82814],[-119.97518,47.82793],[-119.97552,47.82757],[-119.9749,47.82687],[-119.97518,47.82519],[-119.97611,47.82481],[-119.97662,47.82507],[-119.97708,47.82493],[-119.97784,47.82523],[-119.97743,47.82435],[-119.97806,47.82375],[-119.97853,47.82359],[-119.97904,47.82288],[-119.97894,47.82194],[-119.97928,47.82068],[-119.97931,47.81997],[-119.9794,47.81975],[-119.97971,47.81971],[-119.97986,47.81947],[-119.98002,47.81776],[-119.98102,47.81672],[-119.98116,47.81638],[-119.98103,47.81612],[-119.98135,47.81547],[-119.99602,47.81525],[-119.99579,47.81722],[-119.99548,47.81847],[-119.99575,47.81977],[-119.99661,47.82082],[-119.99811,47.8217],[-119.99924,47.82259],[-119.99936,47.82301],[-119.99926,47.82373],[-119.99993,47.82444],[-120.00089,47.82492],[-120.00086,47.82605],[-120.00128,47.82617],[-120.00346,47.82611],[-120.00378,47.82762],[-120.00537,47.82938],[-120.02797,47.82976],[-120.05073,47.82946],[-120.09361,47.82968],[-120.12915,47.82966],[-120.12899,47.83605],[-120.15121,47.83609],[-120.15115,47.85054],[-120.17282,47.85069],[-120.17282,47.85437],[-120.1782,47.85433],[-120.1783,47.85074],[-120.2156,47.85081],[-120.21564,47.86527],[-120.23684,47.86532],[-120.23686,47.87846],[-120.23635,47.87846],[-120.23654,47.89469],[-120.23642,47.90761],[-120.21565,47.90756],[-120.19903,47.9079],[-120.19794,47.90982],[-120.19794,47.91137],[-120.19877,47.91335],[-120.19988,47.91437],[-120.20011,47.91498],[-120.20134,47.91682],[-120.20189,47.91819],[-120.20193,47.91924],[-120.2014,47.92006],[-120.19995,47.92156],[-120.19936,47.92285],[-120.19667,47.92642],[-120.19574,47.92812],[-120.19512,47.92871],[-120.19447,47.929],[-120.19413,47.92971],[-120.19387,47.92985],[-120.19408,47.93037],[-120.19353,47.9306],[-120.19362,47.93204],[-120.19383,47.93238],[-120.19312,47.93292],[-120.19254,47.93501],[-120.19207,47.9357],[-120.19186,47.93656],[-120.19116,47.93691],[-120.18359,47.93696]]]]}},{"type":"Feature","properties":{"ava_id":"lewis_clark_valley","name":"Lewis-Clark Valley","aka":null,"state":"ID|WA","county":"Asotin|Clearwater|Garfield|Latah|Lewis|Nez Perce|Whitman","within":null,"contains":null,"cfr_index":"9.256","valid_start":null},"geometry":{"type":"MultiPolygon","coordinates":[[[[-117.04422,46.20512],[-117.04459,46.20571],[-117.0442,46.20858],[-117.04277,46.21054],[-117.04174,46.21255],[-117.04148,46.2143],[-117.041,46.21531],[-117.04036,46.2159],[-117.03949,46.21641],[-117.0387,46.21664],[-117.0373,46.21755],[-117.03715,46.21809],[-117.03669,46.21829],[-117.03501,46.2198],[-117.03491,46.22016],[-117.03436,46.22063],[-117.03428,46.22159],[-117.03325,46.22191],[-117.03294,46.22234],[-117.03299,46.22294],[-117.03247,46.22411],[-117.03186,46.22455],[-117.03172,46.22479],[-117.03186,46.22519],[-117.03137,46.22549],[-117.03117,46.22583],[-117.03092,46.22737],[-117.03133,46.22772],[-117.03022,46.22839],[-117.02993,46.22939],[-117.03054,46.23001],[-117.02943,46.23034],[-117.02951,46.23114],[-117.0291,46.23292],[-117.02981,46.23455],[-117.02978,46.23488],[-117.02826,46.23479],[-117.02806,46.23491],[-117.0274,46.23567],[-117.02739,46.23611],[-117.0276,46.23655],[-117.02668,46.23708],[-117.02656,46.23728],[-117.02694,46.2376],[-117.02801,46.23801],[-117.02802,46.23903],[-117.02652,46.23888],[-117.0256,46.23902],[-117.02592,46.23992],[-117.0258,46.24024],[-117.02547,46.24045],[-117.0256,46.24119],[-117.02513,46.24159],[-117.0257,46.24209],[-117.02567,46.24232],[-117.02438,46.24255],[-117.02435,46.24317],[-117.02345,46.24389],[-117.02442,46.24475],[-117.02445,46.24497],[-117.02267,46.24531],[-117.02225,46.24567],[-117.02224,46.24624],[-117.02345,46.24722],[-117.02357,46.24775],[-117.02246,46.24788],[-117.02201,46.24813],[-117.022,46.2486],[-117.02225,46.24901],[-117.02151,46.24934],[-117.02151,46.25034],[-117.02031,46.2504],[-117.01955,46.25057],[-117.01934,46.25076],[-117.0193,46.25127],[-117.01983,46.2521],[-117.01978,46.25228],[-117.01788,46.25265],[-117.01789,46.25284],[-117.01891,46.25402],[-117.01724,46.25438],[-117.01789,46.25519],[-117.01812,46.25563],[-117.01801,46.25575],[-117.01637,46.25591],[-117.01598,46.25645],[-117.01468,46.25699],[-117.0153,46.25745],[-117.01607,46.25839],[-117.01586,46.25861],[-117.01489,46.25878],[-117.01454,46.25902],[-117.01455,46.25929],[-117.015,46.25996],[-117.01495,46.26047],[-117.01412,46.26054],[-117.01443,46.26196],[-117.01112,46.26153],[-117.01094,46.26165],[-117.01074,46.26211],[-117.00982,46.26275],[-117.01076,46.26395],[-117.01029,46.2643],[-117.01023,46.26466],[-117.01067,46.26554],[-117.01067,46.26588],[-117.00794,46.26585],[-117.0079,46.26606],[-117.00863,46.26733],[-117.00773,46.26755],[-117.00713,46.26789],[-117.0078,46.26887],[-117.00951,46.27074],[-117.00898,46.27154],[-117.00902,46.27173],[-117.0092,46.27186],[-117.01049,46.27192],[-117.01201,46.27241],[-117.01299,46.27245],[-117.01307,46.2726],[-117.01212,46.27375],[-117.01209,46.27416],[-117.01277,46.27454],[-117.01391,46.27433],[-117.01515,46.2753],[-117.01548,46.27539],[-117.01603,46.27525],[-117.0166,46.27484],[-117.01665,46.27433],[-117.01696,46.2737],[-117.01783,46.27329],[-117.01821,46.27054],[-117.01845,46.26979],[-117.01863,46.26959],[-117.01884,46.26964],[-117.01949,46.27086],[-117.0208,46.27248],[-117.02182,46.27256],[-117.02194,46.27277],[-117.02178,46.27385],[-117.02219,46.27415],[-117.02213,46.27504],[-117.02286,46.2754],[-117.02281,46.27604],[-117.0223,46.27679],[-117.02232,46.27729],[-117.02296,46.27928],[-117.02376,46.27939],[-117.02442,46.27897],[-117.0257,46.27758],[-117.02582,46.27669],[-117.02632,46.27577],[-117.02732,46.27488],[-117.02819,46.27467],[-117.02889,46.27377],[-117.02874,46.27229],[-117.0281,46.27189],[-117.02885,46.27107],[-117.02867,46.27048],[-117.02818,46.26995],[-117.0288,46.26957],[-117.02879,46.26934],[-117.02873,46.26902],[-117.02801,46.26814],[-117.029,46.26781],[-117.02918,46.26722],[-117.0289,46.26678],[-117.02797,46.26636],[-117.02853,46.26592],[-117.02854,46.26541],[-117.02914,46.26521],[-117.02901,46.26397],[-117.02934,46.26378],[-117.02941,46.26341],[-117.03012,46.26348],[-117.03031,46.26335],[-117.03069,46.26273],[-117.0314,46.26205],[-117.03167,46.26118],[-117.03134,46.25989],[-117.03148,46.25905],[-117.0317,46.259],[-117.03233,46.26015],[-117.03319,46.2612],[-117.03375,46.26137],[-117.0351,46.26141],[-117.03647,46.26194],[-117.03636,46.2621],[-117.03468,46.26222],[-117.0334,46.26287],[-117.03299,46.2635],[-117.03268,46.26498],[-117.03275,46.26557],[-117.03349,46.2667],[-117.03347,46.2677],[-117.03377,46.26824],[-117.0341,46.26867],[-117.03478,46.26908],[-117.03476,46.26964],[-117.03565,46.26987],[-117.03521,46.27102],[-117.0356,46.27237],[-117.0365,46.27309],[-117.03622,46.27422],[-117.03672,46.27428],[-117.03764,46.27377],[-117.04132,46.27139],[-117.04165,46.27136],[-117.04168,46.27175],[-117.04096,46.27271],[-117.04079,46.27331],[-117.04079,46.27374],[-117.04116,46.27408],[-117.04016,46.27429],[-117.03945,46.27615],[-117.03856,46.27629],[-117.03781,46.277],[-117.03842,46.278],[-117.03748,46.27863],[-117.03752,46.27907],[-117.03603,46.28071],[-117.03629,46.28112],[-117.03524,46.28192],[-117.03523,46.28271],[-117.03468,46.28357],[-117.035,46.28461],[-117.03446,46.28515],[-117.03332,46.28566],[-117.03325,46.28592],[-117.03354,46.28633],[-117.03615,46.28696],[-117.03763,46.28668],[-117.03866,46.28603],[-117.03913,46.28591],[-117.041,46.28587],[-117.04138,46.28571],[-117.04175,46.28526],[-117.04238,46.28536],[-117.04476,46.28421],[-117.04521,46.28301],[-117.04691,46.28128],[-117.04718,46.28138],[-117.0471,46.28209],[-117.04666,46.28334],[-117.04736,46.28447],[-117.04719,46.28463],[-117.04656,46.28468],[-117.0454,46.28606],[-117.04526,46.28632],[-117.04554,46.28678],[-117.04481,46.28681],[-117.04431,46.28709],[-117.04421,46.28769],[-117.0437,46.28787],[-117.0427,46.28892],[-117.04156,46.28925],[-117.0414,46.28947],[-117.04173,46.28994],[-117.04163,46.29009],[-117.0409,46.29017],[-117.04042,46.29045],[-117.04043,46.29103],[-117.04004,46.29171],[-117.03923,46.29174],[-117.03834,46.29137],[-117.03781,46.29163],[-117.03641,46.29151],[-117.03589,46.29211],[-117.03553,46.29214],[-117.03481,46.2927],[-117.0332,46.29272],[-117.03322,46.29331],[-117.03343,46.29362],[-117.03303,46.29395],[-117.03223,46.29393],[-117.03112,46.29353],[-117.02981,46.29378],[-117.02949,46.2933],[-117.02926,46.29324],[-117.02834,46.29384],[-117.02783,46.29384],[-117.02732,46.29347],[-117.02657,46.29227],[-117.02617,46.29208],[-117.02579,46.2924],[-117.02592,46.29444],[-117.02589,46.29464],[-117.02563,46.29469],[-117.02367,46.29377],[-117.02299,46.29325],[-117.01998,46.29318],[-117.017,46.29364],[-117.01461,46.2927],[-117.01365,46.2926],[-117.01282,46.29274],[-117.01213,46.29312],[-117.01208,46.29343],[-117.01316,46.29415],[-117.01449,46.29461],[-117.01694,46.29617],[-117.01819,46.29679],[-117.01869,46.29682],[-117.0196,46.29816],[-117.0202,46.29866],[-117.02256,46.29944],[-117.02467,46.29963],[-117.02624,46.30072],[-117.02696,46.3009],[-117.02728,46.3019],[-117.02721,46.3029],[-117.02637,46.3042],[-117.02623,46.30501],[-117.02626,46.30578],[-117.0266,46.30624],[-117.02694,46.30627],[-117.02952,46.30528],[-117.03137,46.30494],[-117.03697,46.30174],[-117.03736,46.30275],[-117.03768,46.30296],[-117.0381,46.30306],[-117.03917,46.30274],[-117.03892,46.30332],[-117.0385,46.30375],[-117.03681,46.3044],[-117.03648,46.305],[-117.03644,46.30568],[-117.03705,46.30635],[-117.03854,46.30669],[-117.03934,46.30651],[-117.03954,46.3066],[-117.03953,46.30681],[-117.03908,46.30729],[-117.03789,46.30812],[-117.03677,46.30827],[-117.03656,46.30871],[-117.03666,46.30965],[-117.03694,46.30992],[-117.03894,46.31052],[-117.03963,46.31052],[-117.04059,46.31026],[-117.04179,46.30959],[-117.04215,46.30955],[-117.04309,46.30988],[-117.04369,46.30991],[-117.04393,46.31002],[-117.04423,46.31071],[-117.0445,46.31094],[-117.04618,46.31171],[-117.04692,46.31189],[-117.04843,46.31183],[-117.05016,46.31236],[-117.05243,46.31251],[-117.05465,46.31315],[-117.0549,46.31327],[-117.05587,46.31453],[-117.0562,46.31454],[-117.05666,46.31424],[-117.05664,46.31338],[-117.05547,46.31218],[-117.0543,46.31062],[-117.05285,46.30919],[-117.04943,46.3068],[-117.04872,46.30614],[-117.04691,46.30533],[-117.04683,46.30394],[-117.04625,46.30305],[-117.04654,46.30254],[-117.04656,46.30126],[-117.04671,46.30071],[-117.0463,46.29959],[-117.04633,46.29919],[-117.04673,46.29926],[-117.04723,46.29987],[-117.04793,46.29977],[-117.04976,46.29676],[-117.04996,46.29681],[-117.05004,46.29776],[-117.04972,46.29907],[-117.04972,46.29994],[-117.04992,46.30024],[-117.0505,46.30038],[-117.04956,46.3012],[-117.04912,46.30206],[-117.04911,46.30326],[-117.04928,46.30369],[-117.04976,46.30412],[-117.0514,46.30446],[-117.05178,46.30471],[-117.05366,46.30529],[-117.05418,46.30532],[-117.05469,46.30501],[-117.05633,46.30282],[-117.05783,46.29972],[-117.05852,46.29947],[-117.05975,46.29809],[-117.05996,46.29777],[-117.06013,46.29671],[-117.06038,46.29667],[-117.06083,46.29721],[-117.06079,46.29877],[-117.06056,46.29907],[-117.06055,46.29972],[-117.05999,46.30023],[-117.05993,46.30101],[-117.06011,46.3012],[-117.05999,46.30157],[-117.06,46.30388],[-117.06026,46.30421],[-117.06005,46.30463],[-117.05999,46.30529],[-117.06007,46.30631],[-117.06181,46.30737],[-117.06256,46.30731],[-117.06296,46.30784],[-117.06337,46.30793],[-117.06609,46.30644],[-117.06643,46.30646],[-117.0667,46.30711],[-117.06723,46.30961],[-117.06784,46.30991],[-117.06855,46.30967],[-117.06942,46.30882],[-117.07062,46.30696],[-117.07055,46.30531],[-117.0714,46.30478],[-117.07199,46.30289],[-117.07202,46.30221],[-117.07186,46.30189],[-117.07262,46.30104],[-117.0732,46.30215],[-117.07329,46.30289],[-117.07384,46.30359],[-117.07416,46.30591],[-117.07465,46.30665],[-117.07544,46.30936],[-117.07586,46.30916],[-117.07689,46.30776],[-117.07763,46.30726],[-117.07825,46.30651],[-117.07883,46.30614],[-117.07937,46.30602],[-117.08005,46.30551],[-117.0811,46.30531],[-117.0818,46.30472],[-117.08193,46.30576],[-117.0813,46.30635],[-117.08059,46.30797],[-117.08006,46.30848],[-117.08007,46.30938],[-117.08022,46.30975],[-117.07972,46.31063],[-117.07945,46.31163],[-117.08053,46.3118],[-117.0815,46.31164],[-117.08153,46.31184],[-117.08045,46.31305],[-117.08048,46.31322],[-117.08098,46.31328],[-117.08103,46.31346],[-117.07924,46.31456],[-117.07903,46.31522],[-117.07954,46.31575],[-117.08065,46.31568],[-117.08112,46.31597],[-117.08182,46.31607],[-117.0823,46.31646],[-117.08332,46.3179],[-117.08391,46.31845],[-117.08422,46.31857],[-117.0846,46.31847],[-117.08543,46.31747],[-117.0864,46.31782],[-117.08771,46.31774],[-117.08972,46.31636],[-117.09103,46.31719],[-117.09196,46.31902],[-117.09222,46.31912],[-117.09382,46.31864],[-117.09492,46.31784],[-117.09552,46.31759],[-117.0962,46.31696],[-117.09708,46.31666],[-117.09872,46.31659],[-117.09892,46.31634],[-117.09893,46.31556],[-117.09868,46.31486],[-117.09711,46.3133],[-117.09791,46.31268],[-117.09997,46.31197],[-117.10008,46.31103],[-117.10129,46.30869],[-117.1013,46.30829],[-117.10091,46.30711],[-117.10044,46.30637],[-117.09997,46.306],[-117.09797,46.30549],[-117.09558,46.30534],[-117.09499,46.3047],[-117.09409,46.30466],[-117.09411,46.30447],[-117.09449,46.30417],[-117.09562,46.30367],[-117.09554,46.30346],[-117.09523,46.30323],[-117.09398,46.30288],[-117.09344,46.30256],[-117.09301,46.30206],[-117.09806,46.30168],[-117.09838,46.30136],[-117.09838,46.30086],[-117.09772,46.30018],[-117.0974,46.29948],[-117.09585,46.29927],[-117.09607,46.29837],[-117.09583,46.29795],[-117.0953,46.29771],[-117.09507,46.29743],[-117.09535,46.29667],[-117.09441,46.29616],[-117.09483,46.29575],[-117.09427,46.29514],[-117.09462,46.29455],[-117.09407,46.29404],[-117.09484,46.29329],[-117.09481,46.29303],[-117.0941,46.29229],[-117.09403,46.29184],[-117.09316,46.29146],[-117.09301,46.29105],[-117.09265,46.29079],[-117.09109,46.29035],[-117.08868,46.29008],[-117.08652,46.28916],[-117.08548,46.28848],[-117.08364,46.28776],[-117.08295,46.28777],[-117.0819,46.28668],[-117.08136,46.28584],[-117.08099,46.2849],[-117.07791,46.28473],[-117.07749,46.28446],[-117.07739,46.28401],[-117.07774,46.28382],[-117.07828,46.28426],[-117.0786,46.2843],[-117.08053,46.28397],[-117.08121,46.2843],[-117.08202,46.2844],[-117.08306,46.28556],[-117.08432,46.28624],[-117.08499,46.28632],[-117.08581,46.28595],[-117.086,46.28596],[-117.08622,46.28645],[-117.08652,46.28653],[-117.08996,46.28641],[-117.09265,46.28657],[-117.09462,46.28752],[-117.09573,46.28768],[-117.09602,46.28793],[-117.0963,46.28857],[-117.09785,46.28938],[-117.1015,46.29302],[-117.10187,46.29303],[-117.10264,46.29189],[-117.10249,46.29035],[-117.10263,46.28982],[-117.10239,46.28923],[-117.10278,46.28878],[-117.10277,46.28841],[-117.10255,46.28816],[-117.10257,46.28765],[-117.10343,46.28684],[-117.10307,46.28624],[-117.10348,46.28573],[-117.10342,46.28545],[-117.10251,46.28384],[-117.10141,46.28367],[-117.10098,46.28342],[-117.10055,46.28277],[-117.09885,46.28173],[-117.09784,46.28179],[-117.09719,46.28084],[-117.09556,46.28079],[-117.09551,46.28046],[-117.09478,46.27979],[-117.09412,46.27939],[-117.09309,46.27923],[-117.09308,46.27888],[-117.09349,46.27823],[-117.09349,46.27782],[-117.09311,46.27738],[-117.09184,46.27682],[-117.09205,46.27643],[-117.09153,46.27594],[-117.09152,46.27521],[-117.09114,46.27487],[-117.09016,46.27484],[-117.0899,46.27395],[-117.08886,46.27367],[-117.08858,46.27299],[-117.08823,46.27274],[-117.08823,46.27243],[-117.08646,46.27106],[-117.08637,46.27035],[-117.0848,46.26802],[-117.08476,46.26721],[-117.08282,46.26369],[-117.08283,46.26305],[-117.08308,46.26283],[-117.08342,46.26289],[-117.08419,46.26407],[-117.08564,46.26572],[-117.08578,46.26627],[-117.08675,46.26715],[-117.08722,46.26826],[-117.08793,46.26895],[-117.08822,46.26954],[-117.08983,46.26926],[-117.0899,46.26969],[-117.08959,46.27044],[-117.08965,46.27066],[-117.09227,46.27229],[-117.09403,46.27279],[-117.09599,46.27482],[-117.09657,46.27487],[-117.09812,46.27346],[-117.09849,46.27295],[-117.09859,46.2718],[-117.09921,46.27074],[-117.09945,46.27058],[-117.0996,46.27076],[-117.09961,46.27241],[-117.10036,46.27374],[-117.1003,46.27397],[-117.10003,46.27413],[-117.09998,46.27465],[-117.09966,46.27487],[-117.0997,46.27632],[-117.0993,46.27693],[-117.09946,46.27716],[-117.10075,46.27746],[-117.10241,46.2775],[-117.10322,46.27788],[-117.10394,46.278],[-117.10503,46.27868],[-117.10614,46.27869],[-117.10735,46.2799],[-117.10767,46.27994],[-117.10824,46.27934],[-117.10999,46.27872],[-117.11051,46.27817],[-117.11031,46.27598],[-117.11002,46.27561],[-117.10947,46.27531],[-117.10944,46.27514],[-117.10986,46.27469],[-117.1096,46.27409],[-117.11021,46.27313],[-117.11059,46.27177],[-117.11077,46.27175],[-117.11135,46.27227],[-117.11241,46.27419],[-117.11386,46.2752],[-117.11428,46.27522],[-117.11505,46.27439],[-117.11699,46.27319],[-117.11847,46.27131],[-117.11815,46.27081],[-117.11828,46.27063],[-117.11924,46.2704],[-117.12122,46.26899],[-117.12129,46.26882],[-117.12063,46.26831],[-117.12018,46.26756],[-117.12125,46.26765],[-117.12168,46.26746],[-117.12157,46.26628],[-117.12373,46.267],[-117.1244,46.26699],[-117.12581,46.26607],[-117.12783,46.26548],[-117.12852,46.26484],[-117.12864,46.26324],[-117.12801,46.26264],[-117.12843,46.2621],[-117.12872,46.26138],[-117.12778,46.26023],[-117.12774,46.25983],[-117.12716,46.25937],[-117.12744,46.25889],[-117.12721,46.25705],[-117.12621,46.25602],[-117.12506,46.25516],[-117.12453,46.25503],[-117.1234,46.25432],[-117.12123,46.25336],[-117.11933,46.25231],[-117.11916,46.25209],[-117.11964,46.25202],[-117.12505,46.25379],[-117.12845,46.25554],[-117.12935,46.25645],[-117.12984,46.25672],[-117.13138,46.25658],[-117.13207,46.25559],[-117.13349,46.25501],[-117.13388,46.25427],[-117.13462,46.25342],[-117.13501,46.25232],[-117.13539,46.25206],[-117.13559,46.2523],[-117.13563,46.25268],[-117.13424,46.25585],[-117.13315,46.25656],[-117.13302,46.25716],[-117.13228,46.25773],[-117.13094,46.25823],[-117.1307,46.25869],[-117.13106,46.25931],[-117.13202,46.26027],[-117.13269,46.26274],[-117.13323,46.26267],[-117.13587,46.26184],[-117.13738,46.26065],[-117.13957,46.25955],[-117.14042,46.25889],[-117.14144,46.25846],[-117.14219,46.25793],[-117.14296,46.25664],[-117.14419,46.25546],[-117.14488,46.25395],[-117.14593,46.25312],[-117.14739,46.25239],[-117.14791,46.25195],[-117.15046,46.24896],[-117.15125,46.24698],[-117.15161,46.24701],[-117.15187,46.24725],[-117.15205,46.24761],[-117.15192,46.24831],[-117.15117,46.24973],[-117.15081,46.25005],[-117.15063,46.25077],[-117.14983,46.25198],[-117.14793,46.25367],[-117.14847,46.25397],[-117.1477,46.25411],[-117.14699,46.25453],[-117.14607,46.25638],[-117.14564,46.2569],[-117.14577,46.25747],[-117.14493,46.25754],[-117.14462,46.25777],[-117.14422,46.25875],[-117.14387,46.259],[-117.14332,46.26009],[-117.14255,46.26022],[-117.1413,46.26152],[-117.14139,46.26197],[-117.14055,46.26205],[-117.14022,46.26224],[-117.14017,46.26252],[-117.14056,46.26322],[-117.14038,46.26338],[-117.1392,46.26322],[-117.1388,46.26331],[-117.13759,46.26401],[-117.13727,46.26456],[-117.13629,46.26464],[-117.13458,46.26549],[-117.13378,46.26609],[-117.13325,46.26679],[-117.13309,46.26731],[-117.13338,46.268],[-117.13168,46.26804],[-117.131,46.26848],[-117.13027,46.26847],[-117.13003,46.26867],[-117.12976,46.26947],[-117.12891,46.26945],[-117.12826,46.26979],[-117.12742,46.27082],[-117.12578,46.27227],[-117.12533,46.2729],[-117.12476,46.27323],[-117.12456,46.27355],[-117.12477,46.27384],[-117.12557,46.2741],[-117.12486,46.27474],[-117.12493,46.27504],[-117.12548,46.27569],[-117.12535,46.27592],[-117.12376,46.27595],[-117.12296,46.2762],[-117.12258,46.27652],[-117.12249,46.27686],[-117.12296,46.27742],[-117.12196,46.27782],[-117.12199,46.27868],[-117.12088,46.27875],[-117.12055,46.27892],[-117.12034,46.27923],[-117.12059,46.28005],[-117.12051,46.28021],[-117.11968,46.28061],[-117.11938,46.28137],[-117.11848,46.28193],[-117.11801,46.28242],[-117.11793,46.28325],[-117.11732,46.28341],[-117.11691,46.28403],[-117.11676,46.28556],[-117.11762,46.28589],[-117.11762,46.28636],[-117.11673,46.28749],[-117.11559,46.2877],[-117.11537,46.28803],[-117.11545,46.28835],[-117.11643,46.28917],[-117.11644,46.29003],[-117.11623,46.29029],[-117.11571,46.29042],[-117.11569,46.29075],[-117.11608,46.29121],[-117.11645,46.29216],[-117.11547,46.29287],[-117.11535,46.29443],[-117.11566,46.2945],[-117.11865,46.29302],[-117.11928,46.29169],[-117.12045,46.29167],[-117.12107,46.29119],[-117.1217,46.29111],[-117.12216,46.29047],[-117.12334,46.29059],[-117.12369,46.28961],[-117.12522,46.28904],[-117.1259,46.28828],[-117.12592,46.28772],[-117.12573,46.28731],[-117.12667,46.28634],[-117.12696,46.2856],[-117.12725,46.2856],[-117.12815,46.28609],[-117.12938,46.28572],[-117.13019,46.28581],[-117.13195,46.28472],[-117.13241,46.28343],[-117.13337,46.28302],[-117.13489,46.2829],[-117.13557,46.28243],[-117.13532,46.2817],[-117.1353,46.28052],[-117.13722,46.28098],[-117.13754,46.28094],[-117.13774,46.28081],[-117.13775,46.27997],[-117.1382,46.27977],[-117.1387,46.27995],[-117.13961,46.27979],[-117.13983,46.27967],[-117.13993,46.27931],[-117.13976,46.27898],[-117.13993,46.27881],[-117.14166,46.27916],[-117.14207,46.27912],[-117.14225,46.27896],[-117.14226,46.2784],[-117.14267,46.27771],[-117.14272,46.2773],[-117.14402,46.27625],[-117.14401,46.27564],[-117.14553,46.2743],[-117.14562,46.27352],[-117.14658,46.27373],[-117.1469,46.27362],[-117.1482,46.27268],[-117.14828,46.27278],[-117.148,46.27332],[-117.14808,46.27356],[-117.14963,46.27375],[-117.14779,46.27454],[-117.14736,46.27493],[-117.14709,46.27554],[-117.14722,46.27685],[-117.14711,46.27881],[-117.14751,46.27913],[-117.14806,46.27899],[-117.15007,46.27787],[-117.15096,46.27795],[-117.15161,46.27762],[-117.15429,46.27793],[-117.15541,46.27763],[-117.15654,46.27762],[-117.15719,46.27742],[-117.15794,46.27711],[-117.15835,46.27629],[-117.15963,46.27629],[-117.16017,46.27597],[-117.16065,46.27529],[-117.16099,46.27524],[-117.16171,46.27551],[-117.1621,46.27543],[-117.16245,46.27509],[-117.16311,46.2734],[-117.16348,46.2734],[-117.16453,46.27389],[-117.16531,46.27391],[-117.16745,46.27232],[-117.16765,46.27182],[-117.16955,46.27071],[-117.1705,46.26929],[-117.17054,46.26901],[-117.1703,46.2687],[-117.16936,46.26836],[-117.17015,46.26775],[-117.16921,46.26712],[-117.16939,46.26694],[-117.17052,46.26669],[-117.17078,46.26621],[-117.17002,46.26584],[-117.16997,46.26568],[-117.17135,46.26484],[-117.17134,46.26449],[-117.171,46.26411],[-117.17014,46.26365],[-117.17014,46.26349],[-117.17103,46.26294],[-117.17187,46.26179],[-117.17173,46.26157],[-117.17036,46.26119],[-117.1702,46.2609],[-117.17106,46.26052],[-117.17129,46.26002],[-117.17209,46.2597],[-117.17274,46.25793],[-117.17231,46.2573],[-117.17272,46.25706],[-117.17273,46.25638],[-117.1735,46.25622],[-117.17372,46.25531],[-117.1741,46.25489],[-117.17413,46.25444],[-117.17378,46.254],[-117.17442,46.25359],[-117.17392,46.25292],[-117.17445,46.25253],[-117.17491,46.25079],[-117.17489,46.25057],[-117.1742,46.25011],[-117.17466,46.24956],[-117.17498,46.24873],[-117.17593,46.24789],[-117.17587,46.24751],[-117.17554,46.24723],[-117.17481,46.24695],[-117.17478,46.24669],[-117.17447,46.24636],[-117.17454,46.24621],[-117.17516,46.24638],[-117.17585,46.24623],[-117.17623,46.2432],[-117.17684,46.24216],[-117.17929,46.24015],[-117.18051,46.2385],[-117.18113,46.23792],[-117.18244,46.23731],[-117.18307,46.23643],[-117.18605,46.23417],[-117.18731,46.23236],[-117.18723,46.22902],[-117.18858,46.22806],[-117.18907,46.22797],[-117.18861,46.22869],[-117.18814,46.22897],[-117.18826,46.22948],[-117.18809,46.23008],[-117.18856,46.23102],[-117.18854,46.23295],[-117.18827,46.23337],[-117.18787,46.23395],[-117.18748,46.23414],[-117.18658,46.23554],[-117.18601,46.23591],[-117.1857,46.23632],[-117.1849,46.23671],[-117.18422,46.2379],[-117.18245,46.23912],[-117.18139,46.24095],[-117.17972,46.24244],[-117.17883,46.24367],[-117.1789,46.24587],[-117.17939,46.24628],[-117.1791,46.24663],[-117.17912,46.24696],[-117.17954,46.24755],[-117.17956,46.2485],[-117.17876,46.24889],[-117.17848,46.24979],[-117.17863,46.25046],[-117.1793,46.25104],[-117.17848,46.25149],[-117.17842,46.25269],[-117.17869,46.25311],[-117.17847,46.25367],[-117.17799,46.25423],[-117.17798,46.25585],[-117.17741,46.25625],[-117.17713,46.25682],[-117.17743,46.25855],[-117.17686,46.26056],[-117.17686,46.26129],[-117.17737,46.26217],[-117.17672,46.26237],[-117.17634,46.26304],[-117.17632,46.2636],[-117.17598,46.26404],[-117.17597,46.26512],[-117.17627,46.26582],[-117.17553,46.26643],[-117.17579,46.26715],[-117.17561,46.26919],[-117.17587,46.2696],[-117.177,46.26931],[-117.17858,46.26938],[-117.17992,46.26846],[-117.18193,46.26803],[-117.18234,46.26749],[-117.18457,46.26653],[-117.18494,46.26588],[-117.18549,46.2654],[-117.18561,46.26452],[-117.18586,46.26435],[-117.18642,46.26267],[-117.18716,46.2615],[-117.18693,46.26081],[-117.18729,46.26034],[-117.18762,46.26018],[-117.18785,46.26039],[-117.18797,46.2616],[-117.18742,46.2627],[-117.18726,46.26529],[-117.18672,46.2661],[-117.18685,46.26657],[-117.18789,46.26666],[-117.18982,46.26641],[-117.19168,46.26568],[-117.19217,46.26576],[-117.19207,46.26595],[-117.1902,46.26709],[-117.18896,46.26714],[-117.18771,46.26766],[-117.18569,46.26807],[-117.18506,46.26797],[-117.18432,46.26909],[-117.18433,46.26969],[-117.18418,46.2698],[-117.18345,46.26974],[-117.18299,46.26988],[-117.18318,46.27045],[-117.18131,46.27046],[-117.181,46.27064],[-117.18076,46.27089],[-117.18064,46.27143],[-117.18027,46.27166],[-117.18022,46.27189],[-117.18031,46.2722],[-117.18071,46.27259],[-117.18019,46.2729],[-117.17993,46.27286],[-117.17913,46.27217],[-117.1781,46.27207],[-117.17766,46.27239],[-117.17681,46.27267],[-117.17637,46.2732],[-117.17527,46.27312],[-117.17436,46.27408],[-117.17283,46.27434],[-117.17267,46.27474],[-117.17331,46.27517],[-117.17334,46.27547],[-117.17227,46.27549],[-117.17207,46.27565],[-117.1722,46.27656],[-117.17104,46.27632],[-117.17012,46.2764],[-117.17002,46.27669],[-117.17025,46.27715],[-117.17025,46.27771],[-117.16854,46.27757],[-117.16821,46.27782],[-117.16797,46.27844],[-117.16612,46.27818],[-117.16574,46.27855],[-117.1654,46.27921],[-117.16444,46.27959],[-117.16431,46.28012],[-117.16258,46.28076],[-117.16201,46.28118],[-117.16145,46.28198],[-117.163,46.28291],[-117.16428,46.28282],[-117.16523,46.28306],[-117.16603,46.28395],[-117.16684,46.2842],[-117.16788,46.28414],[-117.16861,46.28426],[-117.16968,46.28413],[-117.17062,46.28424],[-117.17193,46.28484],[-117.17278,46.28504],[-117.1735,46.28488],[-117.17377,46.28439],[-117.17492,46.28387],[-117.1756,46.28438],[-117.1776,46.2845],[-117.17804,46.28416],[-117.17954,46.28476],[-117.1807,46.28465],[-117.1812,46.28442],[-117.18166,46.28462],[-117.18412,46.28447],[-117.18523,46.28475],[-117.18586,46.28441],[-117.18616,46.2848],[-117.18654,46.28485],[-117.18829,46.28371],[-117.19035,46.28388],[-117.19287,46.28481],[-117.19285,46.28501],[-117.19177,46.28511],[-117.19013,46.28457],[-117.18915,46.28457],[-117.18846,46.28484],[-117.18736,46.28587],[-117.18623,46.28643],[-117.18419,46.28641],[-117.18377,46.28671],[-117.18305,46.28618],[-117.18256,46.28616],[-117.1821,46.28629],[-117.18159,46.28674],[-117.18102,46.28669],[-117.17933,46.28697],[-117.17892,46.28746],[-117.17848,46.28762],[-117.17795,46.2873],[-117.17453,46.28728],[-117.17405,46.28766],[-117.17392,46.28807],[-117.17419,46.28902],[-117.17419,46.28918],[-117.17397,46.28927],[-117.17353,46.28905],[-117.17241,46.28786],[-117.17162,46.28803],[-117.1704,46.28899],[-117.16988,46.28795],[-117.16939,46.28765],[-117.16859,46.28764],[-117.16748,46.28833],[-117.16689,46.28796],[-117.16627,46.28818],[-117.16596,46.28808],[-117.16577,46.28756],[-117.16437,46.28729],[-117.16369,46.28731],[-117.16317,46.28753],[-117.16287,46.28778],[-117.16296,46.28854],[-117.16269,46.28859],[-117.16207,46.28821],[-117.162,46.28774],[-117.16131,46.28702],[-117.16073,46.28713],[-117.15972,46.28772],[-117.15958,46.28769],[-117.15949,46.28728],[-117.15832,46.28643],[-117.15764,46.28645],[-117.15669,46.28686],[-117.15618,46.28653],[-117.1555,46.28651],[-117.15534,46.28608],[-117.15473,46.28548],[-117.15435,46.28545],[-117.15309,46.28469],[-117.15163,46.28454],[-117.15132,46.28477],[-117.15044,46.28501],[-117.14974,46.28605],[-117.14884,46.28666],[-117.14775,46.2871],[-117.14763,46.28667],[-117.14674,46.28728],[-117.14613,46.28821],[-117.14552,46.28866],[-117.14547,46.2893],[-117.14524,46.28969],[-117.14651,46.29081],[-117.14725,46.2911],[-117.14689,46.29227],[-117.14766,46.29294],[-117.14737,46.29345],[-117.1475,46.29391],[-117.14858,46.29438],[-117.14887,46.2947],[-117.15028,46.29521],[-117.15033,46.29547],[-117.14825,46.29541],[-117.14772,46.29514],[-117.14727,46.29512],[-117.14684,46.29579],[-117.14599,46.2958],[-117.14578,46.29564],[-117.14565,46.29456],[-117.14076,46.29443],[-117.14045,46.29458],[-117.13949,46.29565],[-117.1396,46.29629],[-117.13867,46.2965],[-117.13861,46.2968],[-117.13882,46.29716],[-117.13856,46.29728],[-117.13686,46.29717],[-117.13568,46.29757],[-117.13538,46.29796],[-117.13571,46.29905],[-117.13684,46.29988],[-117.1376,46.30017],[-117.13769,46.30042],[-117.13743,46.30067],[-117.13594,46.30121],[-117.1348,46.30104],[-117.13254,46.30138],[-117.1322,46.30179],[-117.1321,46.30249],[-117.13151,46.30268],[-117.13074,46.30265],[-117.1291,46.30316],[-117.12805,46.3039],[-117.12767,46.30445],[-117.12808,46.30489],[-117.13007,46.3062],[-117.13056,46.3063],[-117.13185,46.30606],[-117.13271,46.30607],[-117.13303,46.30649],[-117.13334,46.30755],[-117.13503,46.30805],[-117.1357,46.30795],[-117.13608,46.3084],[-117.13745,46.3086],[-117.13736,46.30875],[-117.13711,46.30893],[-117.13487,46.30946],[-117.13302,46.30947],[-117.13176,46.31011],[-117.13105,46.30986],[-117.13008,46.3098],[-117.12921,46.31007],[-117.12872,46.31007],[-117.12775,46.30973],[-117.12653,46.31033],[-117.12576,46.31101],[-117.12543,46.31107],[-117.12307,46.31058],[-117.12252,46.31124],[-117.12242,46.3121],[-117.1229,46.31269],[-117.12367,46.31316],[-117.12573,46.31333],[-117.12771,46.31308],[-117.12891,46.31313],[-117.12961,46.31341],[-117.13101,46.31343],[-117.13188,46.31332],[-117.13255,46.31298],[-117.13337,46.31395],[-117.13472,46.31386],[-117.13532,46.3142],[-117.13575,46.31421],[-117.1379,46.31208],[-117.13873,46.312],[-117.13888,46.31215],[-117.13873,46.31275],[-117.13887,46.31311],[-117.13936,46.31346],[-117.14292,46.31464],[-117.14507,46.31392],[-117.14555,46.31487],[-117.14626,46.3153],[-117.14662,46.31612],[-117.14688,46.31634],[-117.14827,46.31671],[-117.1498,46.31678],[-117.15061,46.31628],[-117.1509,46.31596],[-117.15104,46.31549],[-117.15056,46.31436],[-117.15058,46.31378],[-117.15027,46.3133],[-117.15028,46.31212],[-117.15066,46.31191],[-117.15159,46.31276],[-117.15245,46.31328],[-117.15345,46.31284],[-117.15359,46.31293],[-117.15377,46.31338],[-117.15517,46.31451],[-117.15571,46.31473],[-117.15617,46.31545],[-117.15656,46.31564],[-117.15776,46.31564],[-117.15881,46.31486],[-117.15856,46.31428],[-117.15785,46.31381],[-117.15797,46.3135],[-117.16121,46.31364],[-117.16109,46.31254],[-117.16218,46.31253],[-117.16246,46.31233],[-117.16247,46.31167],[-117.16202,46.31097],[-117.1621,46.31075],[-117.16258,46.31065],[-117.16463,46.31163],[-117.16498,46.31159],[-117.1661,46.31011],[-117.16613,46.30953],[-117.16652,46.30887],[-117.16642,46.30828],[-117.16667,46.30815],[-117.16695,46.30768],[-117.16693,46.30739],[-117.16625,46.3066],[-117.16636,46.30644],[-117.16815,46.30694],[-117.16855,46.30657],[-117.16905,46.30543],[-117.16958,46.30466],[-117.16979,46.30467],[-117.16984,46.30493],[-117.16991,46.3065],[-117.16954,46.30771],[-117.16966,46.30786],[-117.17008,46.30788],[-117.17157,46.30707],[-117.17166,46.30717],[-117.17044,46.30959],[-117.17073,46.3103],[-117.17033,46.31035],[-117.16985,46.31068],[-117.16983,46.31138],[-117.17049,46.31171],[-117.17319,46.31242],[-117.17523,46.31343],[-117.17622,46.31364],[-117.17698,46.31354],[-117.17734,46.31314],[-117.17739,46.31249],[-117.1771,46.31168],[-117.17796,46.3115],[-117.17846,46.31101],[-117.17886,46.31002],[-117.17887,46.30943],[-117.17846,46.30899],[-117.17842,46.30849],[-117.17994,46.30886],[-117.18081,46.30853],[-117.18124,46.30822],[-117.1822,46.30619],[-117.18284,46.3053],[-117.1831,46.30519],[-117.1834,46.30558],[-117.1834,46.30602],[-117.18297,46.30732],[-117.18294,46.30816],[-117.18213,46.30952],[-117.1814,46.3102],[-117.18147,46.31135],[-117.18111,46.3119],[-117.18106,46.31232],[-117.18166,46.3131],[-117.18225,46.31311],[-117.18486,46.31186],[-117.18717,46.3097],[-117.18937,46.30883],[-117.19016,46.3082],[-117.19033,46.30794],[-117.19035,46.30744],[-117.19091,46.30733],[-117.19172,46.3062],[-117.19408,46.3054],[-117.19427,46.30511],[-117.19573,46.30485],[-117.1969,46.30487],[-117.19537,46.30547],[-117.19253,46.30731],[-117.19183,46.30875],[-117.19177,46.30937],[-117.18964,46.31051],[-117.18878,46.31129],[-117.18825,46.31217],[-117.18829,46.31308],[-117.18754,46.31376],[-117.18729,46.31464],[-117.18679,46.3151],[-117.18648,46.31571],[-117.18415,46.31697],[-117.18198,46.31748],[-117.18067,46.31758],[-117.17954,46.31799],[-117.17842,46.31803],[-117.17573,46.31894],[-117.17368,46.31943],[-117.17221,46.3204],[-117.17232,46.32074],[-117.1726,46.32086],[-117.17373,46.32102],[-117.17635,46.32177],[-117.17804,46.32204],[-117.18064,46.32209],[-117.18168,46.32285],[-117.18301,46.32271],[-117.1845,46.3234],[-117.1858,46.3235],[-117.18821,46.32186],[-117.18831,46.32159],[-117.18805,46.32077],[-117.18924,46.32033],[-117.18956,46.31909],[-117.19052,46.31867],[-117.19175,46.31768],[-117.19326,46.31674],[-117.19339,46.31708],[-117.19278,46.31867],[-117.19298,46.31943],[-117.19349,46.31953],[-117.19515,46.31895],[-117.19605,46.31814],[-117.19728,46.31808],[-117.19825,46.31744],[-117.19901,46.31811],[-117.19934,46.31811],[-117.19988,46.31774],[-117.20083,46.31854],[-117.20167,46.3185],[-117.20363,46.31742],[-117.20383,46.3168],[-117.20515,46.31677],[-117.20601,46.3164],[-117.20593,46.31669],[-117.20369,46.31915],[-117.20225,46.32036],[-117.20079,46.32123],[-117.20099,46.32149],[-117.20143,46.32164],[-117.20385,46.3217],[-117.20617,46.32064],[-117.21069,46.31733],[-117.21173,46.31722],[-117.21242,46.31683],[-117.21286,46.31513],[-117.21383,46.31364],[-117.215,46.31302],[-117.215,46.31349],[-117.21414,46.31438],[-117.21375,46.31524],[-117.21367,46.31745],[-117.21324,46.31795],[-117.21216,46.31837],[-117.21069,46.31964],[-117.2106,46.32026],[-117.21022,46.32051],[-117.2099,46.3211],[-117.2099,46.32142],[-117.21049,46.32149],[-117.21343,46.32027],[-117.21373,46.31963],[-117.21436,46.319],[-117.215,46.31883],[-117.21525,46.31814],[-117.21614,46.31772],[-117.21681,46.31688],[-117.21787,46.31647],[-117.21805,46.31629],[-117.21815,46.3156],[-117.21881,46.3152],[-117.21876,46.31596],[-117.21904,46.31658],[-117.21826,46.31759],[-117.21828,46.31838],[-117.21862,46.31873],[-117.21906,46.31895],[-117.21942,46.31886],[-117.21971,46.31801],[-117.22001,46.31801],[-117.2203,46.31843],[-117.22079,46.31869],[-117.22117,46.31868],[-117.22158,46.31841],[-117.22163,46.31789],[-117.22346,46.31793],[-117.22354,46.31745],[-117.22333,46.31728],[-117.22361,46.31705],[-117.22356,46.31635],[-117.22451,46.31644],[-117.22485,46.31619],[-117.2249,46.31571],[-117.22433,46.3152],[-117.22304,46.31466],[-117.22527,46.31433],[-117.22646,46.31329],[-117.22658,46.31263],[-117.22736,46.31237],[-117.22751,46.31214],[-117.22751,46.31155],[-117.22885,46.31096],[-117.22884,46.31235],[-117.22972,46.31306],[-117.22896,46.31327],[-117.22886,46.31374],[-117.22919,46.31406],[-117.23032,46.31431],[-117.23073,46.31454],[-117.23205,46.31445],[-117.23291,46.31463],[-117.23404,46.31461],[-117.2344,46.31435],[-117.23497,46.31431],[-117.23598,46.31396],[-117.23649,46.31356],[-117.23716,46.31332],[-117.23717,46.31273],[-117.2368,46.31215],[-117.23679,46.31119],[-117.23698,46.31102],[-117.23709,46.31037],[-117.23736,46.31033],[-117.23813,46.31101],[-117.23904,46.31094],[-117.23939,46.31128],[-117.24002,46.31127],[-117.24057,46.31063],[-117.24143,46.31008],[-117.24258,46.30956],[-117.24347,46.30937],[-117.24362,46.30946],[-117.24358,46.31015],[-117.24321,46.3109],[-117.24338,46.31119],[-117.2428,46.31247],[-117.24296,46.31291],[-117.2436,46.31288],[-117.24457,46.31229],[-117.24582,46.31105],[-117.24804,46.30996],[-117.24844,46.30919],[-117.24922,46.30913],[-117.25016,46.3093],[-117.25046,46.3091],[-117.25134,46.3082],[-117.25138,46.30748],[-117.25195,46.30717],[-117.25224,46.30647],[-117.25304,46.30684],[-117.25407,46.30594],[-117.25539,46.30517],[-117.25626,46.30408],[-117.2546,46.30267],[-117.25467,46.30258],[-117.25552,46.30243],[-117.2556,46.30215],[-117.25581,46.30204],[-117.25611,46.30212],[-117.25697,46.30286],[-117.25753,46.30289],[-117.25825,46.30231],[-117.25892,46.30212],[-117.25912,46.3013],[-117.26025,46.30117],[-117.26028,46.30098],[-117.25985,46.30031],[-117.25899,46.2993],[-117.25878,46.29868],[-117.25946,46.29907],[-117.26045,46.29907],[-117.26118,46.29966],[-117.26245,46.29951],[-117.26289,46.29919],[-117.26328,46.29834],[-117.26317,46.29747],[-117.26375,46.29738],[-117.26442,46.29618],[-117.26506,46.29613],[-117.26775,46.29445],[-117.26783,46.29339],[-117.26708,46.29292],[-117.26726,46.29277],[-117.26779,46.29276],[-117.26957,46.29327],[-117.26979,46.29308],[-117.27055,46.29317],[-117.27151,46.29263],[-117.27106,46.29061],[-117.27213,46.29043],[-117.27216,46.2889],[-117.27233,46.28872],[-117.27284,46.28877],[-117.27357,46.29073],[-117.27373,46.29073],[-117.27404,46.29041],[-117.27637,46.28911],[-117.27734,46.28816],[-117.2776,46.28767],[-117.27835,46.28728],[-117.27855,46.28689],[-117.27868,46.28575],[-117.27893,46.28556],[-117.27956,46.28584],[-117.28028,46.28538],[-117.28058,46.28508],[-117.28066,46.28467],[-117.28136,46.28426],[-117.28191,46.2836],[-117.28198,46.28335],[-117.2817,46.2827],[-117.28297,46.28264],[-117.28343,46.28187],[-117.28307,46.28159],[-117.28306,46.28139],[-117.28407,46.28136],[-117.28394,46.28065],[-117.28458,46.28079],[-117.2856,46.27956],[-117.28561,46.27907],[-117.28613,46.27888],[-117.28673,46.27786],[-117.28871,46.27659],[-117.28852,46.27539],[-117.28966,46.27583],[-117.29058,46.27467],[-117.29054,46.27334],[-117.28868,46.27319],[-117.2887,46.27302],[-117.28981,46.27267],[-117.28968,46.27186],[-117.28892,46.2714],[-117.28969,46.27104],[-117.28971,46.27065],[-117.28933,46.27041],[-117.28933,46.27025],[-117.29015,46.27001],[-117.29016,46.26943],[-117.28939,46.2689],[-117.29021,46.26861],[-117.29073,46.26816],[-117.29058,46.26689],[-117.29115,46.26567],[-117.29206,46.26469],[-117.29248,46.26316],[-117.29407,46.26036],[-117.29437,46.26097],[-117.29432,46.26299],[-117.29386,46.26508],[-117.29325,46.26577],[-117.29214,46.26865],[-117.29224,46.26991],[-117.2921,46.27141],[-117.29224,46.27162],[-117.29326,46.27008],[-117.295,46.2687],[-117.29534,46.26792],[-117.29542,46.26683],[-117.29602,46.26411],[-117.2967,46.26207],[-117.2978,46.26063],[-117.29928,46.25914],[-117.29983,46.25822],[-117.30049,46.25761],[-117.30082,46.25832],[-117.29848,46.26355],[-117.29805,46.26535],[-117.29807,46.26613],[-117.29783,46.26647],[-117.29799,46.26687],[-117.29772,46.2672],[-117.29772,46.26808],[-117.29743,46.26847],[-117.29729,46.26901],[-117.29669,46.26943],[-117.29664,46.26983],[-117.29689,46.27005],[-117.29638,46.27032],[-117.29613,46.27116],[-117.29504,46.27278],[-117.29518,46.27314],[-117.29435,46.27341],[-117.29435,46.27396],[-117.29379,46.27409],[-117.29362,46.2746],[-117.29379,46.27505],[-117.29362,46.27618],[-117.29253,46.27721],[-117.29265,46.2777],[-117.29392,46.27794],[-117.2938,46.27812],[-117.29167,46.27893],[-117.29124,46.27896],[-117.29078,46.27933],[-117.29067,46.28009],[-117.29012,46.28016],[-117.28939,46.28104],[-117.28825,46.28194],[-117.28871,46.2825],[-117.28786,46.2826],[-117.28679,46.28354],[-117.28665,46.2844],[-117.286,46.2846],[-117.28586,46.28493],[-117.28608,46.28534],[-117.286,46.28547],[-117.2853,46.28566],[-117.2848,46.28719],[-117.28564,46.28741],[-117.28686,46.28747],[-117.28707,46.2877],[-117.28759,46.28785],[-117.28915,46.28798],[-117.29004,46.28832],[-117.29278,46.28868],[-117.29343,46.28902],[-117.29423,46.28883],[-117.29683,46.28898],[-117.29703,46.28885],[-117.29843,46.28883],[-117.29969,46.28846],[-117.30028,46.28853],[-117.30108,46.28818],[-117.30413,46.28755],[-117.30513,46.28713],[-117.30604,46.28702],[-117.30875,46.2862],[-117.31001,46.2862],[-117.31177,46.28592],[-117.31219,46.28605],[-117.3107,46.28669],[-117.30875,46.28706],[-117.30666,46.28795],[-117.30607,46.28839],[-117.30531,46.2884],[-117.30271,46.2894],[-117.30267,46.28969],[-117.30186,46.28969],[-117.30075,46.28995],[-117.30064,46.29003],[-117.3011,46.2904],[-117.30001,46.29029],[-117.29869,46.2904],[-117.29837,46.29061],[-117.29773,46.29053],[-117.29717,46.29074],[-117.29593,46.29068],[-117.29566,46.29097],[-117.29333,46.29078],[-117.29296,46.291],[-117.29206,46.29054],[-117.29159,46.29054],[-117.29101,46.29086],[-117.29051,46.29046],[-117.2879,46.29031],[-117.28759,46.2905],[-117.28732,46.29046],[-117.28723,46.29016],[-117.28676,46.29003],[-117.28637,46.29005],[-117.28592,46.29033],[-117.28521,46.28986],[-117.28322,46.2897],[-117.28016,46.29181],[-117.27997,46.29272],[-117.27779,46.29434],[-117.27779,46.29455],[-117.28113,46.29353],[-117.28274,46.29386],[-117.28336,46.29424],[-117.28344,46.29464],[-117.28473,46.2957],[-117.28573,46.29571],[-117.28616,46.29599],[-117.28848,46.29579],[-117.29071,46.29621],[-117.29152,46.29622],[-117.29472,46.29597],[-117.29815,46.29534],[-117.29907,46.29549],[-117.30073,46.29612],[-117.30214,46.29643],[-117.30252,46.29684],[-117.30232,46.29694],[-117.29983,46.29634],[-117.29895,46.29632],[-117.2983,46.29595],[-117.29758,46.29603],[-117.29474,46.29684],[-117.29395,46.29669],[-117.29245,46.29691],[-117.29183,46.29723],[-117.28965,46.29711],[-117.28953,46.29759],[-117.28925,46.29763],[-117.28883,46.29729],[-117.28828,46.29753],[-117.28732,46.29752],[-117.28691,46.29769],[-117.28614,46.29732],[-117.28397,46.29727],[-117.28281,46.29664],[-117.28266,46.29673],[-117.28272,46.29717],[-117.28362,46.29878],[-117.28467,46.2992],[-117.28415,46.29932],[-117.28338,46.29906],[-117.28257,46.29846],[-117.28211,46.29838],[-117.28209,46.29789],[-117.28119,46.29797],[-117.28119,46.29757],[-117.28043,46.29682],[-117.27974,46.29666],[-117.27892,46.29702],[-117.27814,46.29715],[-117.27729,46.29786],[-117.27725,46.29804],[-117.27666,46.2978],[-117.27477,46.29757],[-117.27459,46.2977],[-117.27441,46.29839],[-117.27378,46.29873],[-117.27353,46.29871],[-117.27274,46.29803],[-117.27147,46.29839],[-117.2698,46.29842],[-117.2706,46.2994],[-117.27046,46.29967],[-117.26873,46.29919],[-117.26786,46.30122],[-117.26797,46.30153],[-117.26893,46.30239],[-117.26891,46.30255],[-117.26754,46.3025],[-117.26662,46.30317],[-117.26608,46.30318],[-117.26529,46.30389],[-117.26529,46.30416],[-117.26643,46.30439],[-117.26641,46.30453],[-117.26527,46.30484],[-117.26493,46.30502],[-117.26488,46.3053],[-117.26421,46.30505],[-117.26389,46.30513],[-117.26358,46.30545],[-117.26316,46.30518],[-117.26272,46.30535],[-117.26229,46.30569],[-117.26231,46.30616],[-117.26171,46.30649],[-117.26211,46.307],[-117.26532,46.30814],[-117.26584,46.30847],[-117.26668,46.30812],[-117.26678,46.30856],[-117.26763,46.3085],[-117.26749,46.30902],[-117.27174,46.3094],[-117.27022,46.30979],[-117.26953,46.30975],[-117.2692,46.30994],[-117.26838,46.31002],[-117.26792,46.30983],[-117.26627,46.30975],[-117.26594,46.30961],[-117.26447,46.30957],[-117.26405,46.30975],[-117.2635,46.30974],[-117.26329,46.30965],[-117.26365,46.30916],[-117.26349,46.30903],[-117.26043,46.30926],[-117.2592,46.30893],[-117.25876,46.30903],[-117.25825,46.30983],[-117.25811,46.31059],[-117.25682,46.31138],[-117.25698,46.31185],[-117.25751,46.31208],[-117.25856,46.31188],[-117.25841,46.31269],[-117.25874,46.31346],[-117.25801,46.31349],[-117.25778,46.31371],[-117.25728,46.31379],[-117.25701,46.31415],[-117.25847,46.3148],[-117.25845,46.31498],[-117.25517,46.31434],[-117.25386,46.31452],[-117.25386,46.31467],[-117.2555,46.31612],[-117.2567,46.31617],[-117.25679,46.31671],[-117.2585,46.31765],[-117.25885,46.3185],[-117.25998,46.31901],[-117.26055,46.31898],[-117.26082,46.31919],[-117.26153,46.31923],[-117.26239,46.31897],[-117.26238,46.31928],[-117.26173,46.32],[-117.26175,46.32028],[-117.26214,46.32066],[-117.26224,46.32122],[-117.26335,46.32143],[-117.26445,46.32191],[-117.26448,46.32219],[-117.26623,46.32364],[-117.26707,46.32385],[-117.2685,46.32473],[-117.26766,46.32465],[-117.26646,46.32422],[-117.26499,46.32434],[-117.26504,46.32367],[-117.26454,46.32321],[-117.26372,46.32283],[-117.26322,46.32289],[-117.26251,46.32334],[-117.26267,46.32229],[-117.26221,46.32232],[-117.26179,46.32256],[-117.26016,46.32253],[-117.25975,46.32138],[-117.25843,46.32164],[-117.25713,46.32273],[-117.25688,46.32273],[-117.25711,46.32206],[-117.25705,46.32073],[-117.25673,46.32067],[-117.25539,46.32125],[-117.25512,46.32121],[-117.25525,46.32067],[-117.25588,46.3198],[-117.25521,46.31877],[-117.25377,46.31874],[-117.2538,46.31829],[-117.25352,46.31806],[-117.25272,46.31789],[-117.25148,46.31705],[-117.25059,46.31696],[-117.25015,46.31726],[-117.25025,46.31825],[-117.24992,46.31864],[-117.24923,46.31808],[-117.24887,46.31799],[-117.24783,46.31797],[-117.24722,46.31818],[-117.24719,46.31844],[-117.24753,46.31892],[-117.24823,46.31951],[-117.24828,46.32044],[-117.24824,46.32058],[-117.24798,46.32056],[-117.24721,46.32],[-117.24651,46.31995],[-117.24643,46.32032],[-117.24731,46.32119],[-117.2473,46.32136],[-117.24701,46.32138],[-117.24498,46.32048],[-117.24452,46.32012],[-117.24419,46.32012],[-117.24327,46.32054],[-117.24314,46.32074],[-117.24315,46.32143],[-117.24034,46.32122],[-117.23805,46.32224],[-117.23805,46.32245],[-117.23917,46.32295],[-117.23925,46.3232],[-117.23999,46.32337],[-117.24013,46.32384],[-117.24206,46.32413],[-117.24263,46.32463],[-117.24318,46.3248],[-117.24539,46.32636],[-117.24538,46.32672],[-117.2432,46.32605],[-117.24099,46.32593],[-117.2408,46.32606],[-117.2405,46.32703],[-117.23989,46.32698],[-117.23948,46.32658],[-117.23912,46.32645],[-117.23855,46.32645],[-117.23815,46.3268],[-117.23686,46.32651],[-117.23661,46.3266],[-117.23619,46.3264],[-117.23521,46.32657],[-117.23434,46.32648],[-117.23443,46.32593],[-117.23214,46.32483],[-117.23141,46.32475],[-117.23086,46.32498],[-117.23052,46.32572],[-117.229,46.32657],[-117.22873,46.32697],[-117.22867,46.32736],[-117.22902,46.32768],[-117.22906,46.3282],[-117.22948,46.32843],[-117.22801,46.32892],[-117.22826,46.32936],[-117.22967,46.33002],[-117.23056,46.33026],[-117.22989,46.33068],[-117.22988,46.33116],[-117.22905,46.33054],[-117.22869,46.33049],[-117.22539,46.3311],[-117.22408,46.33119],[-117.22198,46.33104],[-117.22101,46.33122],[-117.22021,46.33166],[-117.22013,46.33226],[-117.22031,46.33245],[-117.22141,46.33275],[-117.22195,46.33313],[-117.22185,46.33389],[-117.22292,46.33452],[-117.22531,46.33455],[-117.22551,46.33501],[-117.22592,46.33524],[-117.22761,46.33526],[-117.23109,46.33645],[-117.23091,46.33655],[-117.22887,46.33622],[-117.22777,46.33623],[-117.22616,46.33691],[-117.22594,46.33739],[-117.22577,46.3374],[-117.225,46.33683],[-117.22457,46.3367],[-117.22132,46.33665],[-117.22047,46.33697],[-117.21881,46.3369],[-117.21733,46.33708],[-117.2173,46.33726],[-117.21751,46.33746],[-117.2184,46.33809],[-117.21842,46.33872],[-117.22057,46.33985],[-117.22156,46.34007],[-117.22359,46.33991],[-117.22556,46.3405],[-117.22536,46.3407],[-117.2231,46.34065],[-117.22201,46.34124],[-117.22201,46.34171],[-117.22237,46.3422],[-117.2234,46.34288],[-117.22318,46.34311],[-117.22162,46.34238],[-117.22078,46.34258],[-117.22062,46.34248],[-117.22072,46.34178],[-117.22035,46.34154],[-117.21995,46.3414],[-117.21841,46.3414],[-117.21748,46.34208],[-117.21727,46.34245],[-117.21721,46.34343],[-117.21665,46.34299],[-117.21588,46.34298],[-117.21584,46.34221],[-117.2155,46.34167],[-117.21505,46.34169],[-117.21442,46.34232],[-117.21401,46.34209],[-117.21352,46.34207],[-117.21387,46.34165],[-117.21388,46.34086],[-117.21423,46.34011],[-117.21408,46.33991],[-117.21354,46.33993],[-117.21288,46.34023],[-117.21229,46.34077],[-117.21202,46.34076],[-117.21157,46.34039],[-117.21109,46.34038],[-117.21024,46.34069],[-117.20972,46.33956],[-117.20888,46.33912],[-117.20784,46.33901],[-117.20753,46.33924],[-117.20704,46.34035],[-117.20533,46.33847],[-117.20496,46.33824],[-117.20398,46.33822],[-117.20248,46.33836],[-117.2021,46.33864],[-117.20189,46.33928],[-117.20106,46.33915],[-117.19897,46.33928],[-117.19877,46.33945],[-117.19883,46.34008],[-117.19702,46.33996],[-117.1965,46.34061],[-117.19626,46.34066],[-117.19528,46.33995],[-117.19453,46.33983],[-117.19354,46.34082],[-117.19203,46.34017],[-117.19154,46.34017],[-117.19061,46.34061],[-117.1898,46.34015],[-117.18863,46.34009],[-117.188,46.34022],[-117.1874,46.34102],[-117.18717,46.3411],[-117.18669,46.34081],[-117.1859,46.33982],[-117.18436,46.34007],[-117.18274,46.33916],[-117.18233,46.33919],[-117.18132,46.33976],[-117.17928,46.33947],[-117.17781,46.34035],[-117.17783,46.34079],[-117.17836,46.3412],[-117.17959,46.34171],[-117.18241,46.34209],[-117.18372,46.34279],[-117.18392,46.34314],[-117.1831,46.34297],[-117.18184,46.34308],[-117.18068,46.34278],[-117.17789,46.34287],[-117.17738,46.34327],[-117.17737,46.3436],[-117.17849,46.34436],[-117.17945,46.34439],[-117.1792,46.34502],[-117.18061,46.34592],[-117.18124,46.346],[-117.18204,46.3458],[-117.18211,46.34594],[-117.18173,46.34645],[-117.18175,46.34673],[-117.18196,46.34688],[-117.18404,46.34665],[-117.18404,46.34678],[-117.18338,46.34722],[-117.18387,46.34751],[-117.18465,46.34729],[-117.18461,46.34792],[-117.18481,46.34817],[-117.18481,46.34883],[-117.18531,46.34913],[-117.18662,46.34918],[-117.1882,46.34823],[-117.1884,46.34826],[-117.18843,46.34845],[-117.18764,46.3492],[-117.18834,46.3498],[-117.1888,46.34983],[-117.18957,46.34948],[-117.19143,46.34974],[-117.19193,46.3494],[-117.19247,46.34939],[-117.19349,46.34896],[-117.19477,46.34876],[-117.19478,46.34896],[-117.19437,46.34939],[-117.19452,46.34957],[-117.19583,46.34976],[-117.19583,46.3499],[-117.19551,46.35004],[-117.19285,46.35054],[-117.19282,46.35101],[-117.19138,46.35116],[-117.19005,46.35182],[-117.18984,46.3521],[-117.18994,46.35254],[-117.18937,46.35398],[-117.18985,46.35425],[-117.19083,46.35415],[-117.19081,46.35456],[-117.19161,46.35472],[-117.19161,46.35499],[-117.19075,46.35498],[-117.19074,46.35521],[-117.191,46.35543],[-117.19112,46.35587],[-117.19241,46.3569],[-117.19334,46.35694],[-117.19388,46.35724],[-117.19537,46.35739],[-117.19566,46.35764],[-117.19627,46.35763],[-117.19705,46.35728],[-117.19743,46.3576],[-117.19826,46.35791],[-117.19819,46.35821],[-117.19834,46.35838],[-117.19941,46.35923],[-117.20028,46.35909],[-117.20335,46.35953],[-117.20279,46.35977],[-117.1978,46.36022],[-117.19522,46.36],[-117.19223,46.36082],[-117.19218,46.36113],[-117.19255,46.36128],[-117.19437,46.36164],[-117.19437,46.36177],[-117.1933,46.3621],[-117.19341,46.36234],[-117.1953,46.36247],[-117.19531,46.36264],[-117.19403,46.36288],[-117.19402,46.36319],[-117.19484,46.36333],[-117.19504,46.36351],[-117.19397,46.36347],[-117.19368,46.36361],[-117.19381,46.36385],[-117.19549,46.3647],[-117.19529,46.3652],[-117.19712,46.3667],[-117.19776,46.36682],[-117.19861,46.3667],[-117.20151,46.36683],[-117.20195,46.36643],[-117.20226,46.36586],[-117.20364,46.36519],[-117.20453,46.36548],[-117.2058,46.36645],[-117.20606,46.3664],[-117.20723,46.36568],[-117.208,46.36552],[-117.20882,46.36478],[-117.20982,46.36452],[-117.21029,46.36413],[-117.21058,46.36365],[-117.21117,46.36344],[-117.21155,46.36311],[-117.21286,46.36248],[-117.21502,46.36204],[-117.21508,46.36222],[-117.2138,46.36327],[-117.21344,46.36381],[-117.21355,46.36439],[-117.2145,46.36482],[-117.21579,46.36466],[-117.21684,46.36516],[-117.21822,46.36516],[-117.21871,46.36475],[-117.21905,46.36389],[-117.21891,46.36314],[-117.22076,46.36332],[-117.22134,46.36172],[-117.22239,46.36282],[-117.22278,46.36288],[-117.22319,46.36267],[-117.22364,46.36296],[-117.22366,46.36363],[-117.22437,46.36391],[-117.2245,46.36428],[-117.22488,46.36448],[-117.22542,46.36516],[-117.22616,46.36569],[-117.22697,46.36597],[-117.22763,46.36696],[-117.22832,46.36717],[-117.22865,46.36706],[-117.22884,46.36391],[-117.22924,46.36277],[-117.23015,46.3624],[-117.23017,46.36195],[-117.23042,46.36168],[-117.23028,46.36136],[-117.2305,46.36093],[-117.23064,46.36006],[-117.23116,46.36],[-117.2313,46.35981],[-117.23169,46.36001],[-117.23212,46.35991],[-117.23309,46.3601],[-117.23449,46.35994],[-117.23545,46.35937],[-117.23601,46.35879],[-117.23621,46.3582],[-117.23689,46.35779],[-117.23694,46.3572],[-117.2375,46.35713],[-117.23851,46.35653],[-117.23987,46.35499],[-117.2404,46.35481],[-117.24046,46.355],[-117.23946,46.35639],[-117.23921,46.3571],[-117.2382,46.35797],[-117.2377,46.3587],[-117.23723,46.35949],[-117.23721,46.36012],[-117.23762,46.36044],[-117.23976,46.36095],[-117.24076,46.36086],[-117.24103,46.36057],[-117.24136,46.3606],[-117.24157,46.36117],[-117.242,46.36132],[-117.2434,46.36134],[-117.24394,46.3611],[-117.24407,46.36121],[-117.24392,46.3615],[-117.2432,46.36195],[-117.24112,46.36213],[-117.23995,46.36256],[-117.23857,46.36229],[-117.2376,46.36234],[-117.23583,46.36272],[-117.23447,46.36353],[-117.23421,46.36398],[-117.23417,46.36486],[-117.2347,46.36532],[-117.23554,46.36542],[-117.23555,46.36601],[-117.23579,46.36661],[-117.23565,46.36697],[-117.23593,46.3671],[-117.23595,46.36766],[-117.23716,46.36811],[-117.23611,46.36923],[-117.23559,46.37076],[-117.23577,46.37096],[-117.23661,46.37104],[-117.23723,46.37089],[-117.23839,46.3711],[-117.23995,46.37065],[-117.24014,46.37071],[-117.24059,46.37158],[-117.24103,46.37191],[-117.24143,46.37192],[-117.24199,46.37176],[-117.24201,46.37126],[-117.24344,46.37062],[-117.24354,46.3702],[-117.24408,46.36977],[-117.24475,46.36848],[-117.24648,46.36754],[-117.24566,46.3667],[-117.24568,46.36647],[-117.24645,46.36616],[-117.24659,46.36576],[-117.24845,46.36539],[-117.24874,46.36498],[-117.24869,46.36449],[-117.24909,46.36358],[-117.2505,46.36355],[-117.25052,46.36318],[-117.25026,46.36308],[-117.25031,46.36274],[-117.25173,46.36239],[-117.25228,46.36203],[-117.25301,46.36229],[-117.25379,46.3622],[-117.25414,46.36124],[-117.25598,46.36131],[-117.25646,46.36066],[-117.25682,46.35949],[-117.25664,46.35892],[-117.2559,46.35857],[-117.25598,46.35843],[-117.25742,46.35846],[-117.25765,46.35835],[-117.25828,46.3574],[-117.25858,46.35734],[-117.25915,46.35919],[-117.26001,46.35987],[-117.26054,46.35985],[-117.2614,46.35934],[-117.26316,46.35789],[-117.26356,46.35704],[-117.26431,46.35755],[-117.26501,46.35877],[-117.26558,46.35931],[-117.26973,46.3591],[-117.27004,46.35882],[-117.26993,46.35829],[-117.26881,46.35708],[-117.27011,46.3572],[-117.26992,46.3564],[-117.2721,46.35662],[-117.27307,46.356],[-117.27471,46.35595],[-117.27476,46.35566],[-117.27457,46.35529],[-117.2747,46.35496],[-117.27452,46.35458],[-117.27467,46.35372],[-117.27417,46.35297],[-117.27562,46.35341],[-117.27641,46.35344],[-117.27659,46.35328],[-117.27659,46.3525],[-117.27717,46.3521],[-117.27753,46.35157],[-117.27723,46.35081],[-117.27832,46.3508],[-117.27849,46.35054],[-117.27851,46.35021],[-117.27798,46.34959],[-117.27808,46.34933],[-117.27922,46.35031],[-117.27963,46.3525],[-117.27988,46.35251],[-117.28064,46.35174],[-117.28218,46.35113],[-117.2823,46.35095],[-117.28216,46.34996],[-117.28229,46.34982],[-117.28249,46.34982],[-117.28286,46.35019],[-117.28321,46.3502],[-117.28344,46.34998],[-117.28408,46.35021],[-117.28466,46.35023],[-117.28543,46.34982],[-117.28656,46.34978],[-117.28698,46.34957],[-117.28702,46.34852],[-117.28733,46.3482],[-117.28744,46.34763],[-117.28654,46.34682],[-117.28653,46.3465],[-117.2878,46.34723],[-117.28844,46.34807],[-117.28993,46.34713],[-117.29042,46.34632],[-117.29089,46.34656],[-117.29122,46.34644],[-117.29146,46.34612],[-117.29215,46.34645],[-117.2928,46.34645],[-117.29328,46.34595],[-117.29368,46.34646],[-117.29624,46.34616],[-117.29726,46.34531],[-117.29743,46.34537],[-117.29754,46.34579],[-117.29785,46.34593],[-117.30136,46.3462],[-117.3006,46.34645],[-117.29903,46.34644],[-117.29723,46.34667],[-117.29662,46.34695],[-117.29515,46.34726],[-117.29337,46.34734],[-117.29267,46.3477],[-117.29272,46.3482],[-117.2921,46.34798],[-117.29145,46.34813],[-117.29088,46.34878],[-117.29124,46.34957],[-117.29047,46.34962],[-117.29012,46.3498],[-117.28983,46.3506],[-117.28936,46.35112],[-117.28938,46.35154],[-117.2891,46.35189],[-117.28705,46.35216],[-117.28699,46.35256],[-117.28587,46.35268],[-117.28576,46.35291],[-117.28584,46.35324],[-117.28538,46.35334],[-117.2848,46.35307],[-117.28452,46.35316],[-117.28405,46.35371],[-117.28362,46.35372],[-117.28266,46.35429],[-117.28454,46.35518],[-117.28614,46.35548],[-117.28599,46.35569],[-117.28522,46.35566],[-117.2848,46.35586],[-117.28385,46.35555],[-117.28317,46.35557],[-117.28249,46.35588],[-117.28149,46.35585],[-117.28072,46.35608],[-117.28058,46.35627],[-117.28085,46.35726],[-117.27947,46.3572],[-117.27877,46.35784],[-117.27799,46.35817],[-117.27704,46.35888],[-117.27686,46.35926],[-117.27628,46.35966],[-117.27556,46.36093],[-117.27548,46.362],[-117.27594,46.36258],[-117.27663,46.36303],[-117.27655,46.36315],[-117.27481,46.36323],[-117.2733,46.36301],[-117.27257,46.36338],[-117.27255,46.36366],[-117.27319,46.36413],[-117.27459,46.36421],[-117.27603,46.36469],[-117.27758,46.36445],[-117.27942,46.36442],[-117.28128,46.36401],[-117.28202,46.36352],[-117.28415,46.36266],[-117.28469,46.36259],[-117.2859,46.36197],[-117.28661,46.36199],[-117.28569,46.36279],[-117.28516,46.36288],[-117.2827,46.36422],[-117.2828,46.36467],[-117.28266,46.3648],[-117.28102,46.36509],[-117.2809,46.3654],[-117.28109,46.36575],[-117.28032,46.36586],[-117.28011,46.36603],[-117.27994,46.36737],[-117.2794,46.3674],[-117.27932,46.36703],[-117.27855,46.36625],[-117.27812,46.36607],[-117.27742,46.3664],[-117.27549,46.36636],[-117.27518,46.36686],[-117.27486,46.36689],[-117.27442,46.36651],[-117.27329,46.36641],[-117.27301,46.36673],[-117.27292,46.3675],[-117.27272,46.36782],[-117.27247,46.36778],[-117.2716,46.36689],[-117.27133,46.36677],[-117.27046,46.36709],[-117.26973,46.36645],[-117.26836,46.36688],[-117.26801,46.36731],[-117.26804,46.36783],[-117.26727,46.36787],[-117.26704,46.36807],[-117.26687,46.36888],[-117.26646,46.36928],[-117.26567,46.36778],[-117.26557,46.36678],[-117.26538,46.36662],[-117.26506,46.36664],[-117.26399,46.36703],[-117.26392,46.36753],[-117.26359,46.36782],[-117.26357,46.36867],[-117.26275,46.36895],[-117.26228,46.36933],[-117.26226,46.37003],[-117.26204,46.37027],[-117.26125,46.3703],[-117.26116,46.37098],[-117.25976,46.37136],[-117.25972,46.37167],[-117.26017,46.37223],[-117.25963,46.37285],[-117.25858,46.37347],[-117.25805,46.37283],[-117.2575,46.37289],[-117.25738,46.37416],[-117.25699,46.37487],[-117.25674,46.37494],[-117.25562,46.37452],[-117.25513,46.3747],[-117.25507,46.37532],[-117.25442,46.37585],[-117.25437,46.37609],[-117.25516,46.37637],[-117.25496,46.37698],[-117.25508,46.37712],[-117.25641,46.37757],[-117.25686,46.37802],[-117.25615,46.37843],[-117.25574,46.37896],[-117.25455,46.37853],[-117.25386,46.37885],[-117.25358,46.37961],[-117.2547,46.38092],[-117.25412,46.38103],[-117.25377,46.38139],[-117.25355,46.3827],[-117.25192,46.38473],[-117.25156,46.38536],[-117.25145,46.38634],[-117.25044,46.38668],[-117.25001,46.38702],[-117.24975,46.387],[-117.24994,46.3863],[-117.24984,46.38606],[-117.24937,46.38602],[-117.24887,46.38712],[-117.24861,46.38717],[-117.24691,46.38653],[-117.2465,46.38653],[-117.2466,46.38818],[-117.24525,46.38848],[-117.24442,46.38786],[-117.24375,46.38763],[-117.24179,46.38842],[-117.24146,46.38883],[-117.24092,46.38909],[-117.24037,46.38909],[-117.23737,46.38751],[-117.23514,46.38754],[-117.23479,46.38784],[-117.23449,46.38848],[-117.23486,46.38917],[-117.23822,46.39126],[-117.23936,46.39148],[-117.24206,46.39157],[-117.24265,46.3918],[-117.24533,46.39135],[-117.24661,46.39137],[-117.24698,46.39202],[-117.24886,46.3937],[-117.24906,46.39361],[-117.24912,46.39255],[-117.25014,46.39209],[-117.25019,46.39189],[-117.24965,46.39141],[-117.2496,46.39052],[-117.25158,46.39024],[-117.25159,46.38995],[-117.25117,46.38963],[-117.25125,46.38937],[-117.2526,46.38922],[-117.25401,46.38876],[-117.25436,46.38858],[-117.25461,46.38807],[-117.25563,46.3879],[-117.25583,46.38768],[-117.25577,46.38741],[-117.25536,46.38698],[-117.25547,46.38677],[-117.25604,46.38634],[-117.25735,46.38644],[-117.25804,46.38619],[-117.25838,46.38588],[-117.25847,46.38535],[-117.25894,46.38538],[-117.25981,46.38491],[-117.26006,46.38498],[-117.25994,46.38641],[-117.26037,46.38673],[-117.26107,46.38694],[-117.26201,46.38703],[-117.26304,46.38663],[-117.26328,46.38683],[-117.26341,46.38812],[-117.26377,46.38849],[-117.26393,46.38842],[-117.26416,46.3878],[-117.26468,46.38744],[-117.26568,46.38709],[-117.26582,46.38693],[-117.26578,46.38628],[-117.26537,46.38505],[-117.26652,46.3843],[-117.26691,46.38334],[-117.26492,46.38095],[-117.26606,46.38073],[-117.26744,46.38093],[-117.26812,46.38064],[-117.26849,46.38009],[-117.26846,46.3798],[-117.26798,46.37962],[-117.26669,46.37956],[-117.26666,46.37946],[-117.26817,46.37867],[-117.26838,46.37795],[-117.26751,46.37712],[-117.26739,46.37691],[-117.26749,46.3765],[-117.26709,46.37598],[-117.26676,46.37586],[-117.26686,46.37575],[-117.26753,46.37572],[-117.26846,46.37609],[-117.26898,46.37612],[-117.26957,46.37564],[-117.26987,46.37563],[-117.27104,46.37634],[-117.27187,46.37636],[-117.27255,46.37671],[-117.27318,46.37669],[-117.27411,46.37609],[-117.27579,46.37559],[-117.27606,46.37529],[-117.27611,46.37474],[-117.27643,46.37442],[-117.2766,46.37391],[-117.27754,46.37413],[-117.27791,46.37443],[-117.27868,46.37447],[-117.27915,46.37489],[-117.28034,46.37464],[-117.28072,46.37423],[-117.28188,46.37427],[-117.28222,46.37414],[-117.28227,46.37374],[-117.28185,46.3734],[-117.28183,46.37324],[-117.28205,46.3731],[-117.28416,46.37305],[-117.28415,46.37258],[-117.28397,46.37225],[-117.28326,46.37178],[-117.2833,46.37152],[-117.28408,46.37143],[-117.28463,46.37067],[-117.28487,46.37077],[-117.28515,46.3713],[-117.28571,46.37136],[-117.28571,46.37195],[-117.28628,46.37245],[-117.28843,46.37203],[-117.28962,46.37204],[-117.29147,46.37252],[-117.29186,46.37226],[-117.2919,46.37095],[-117.29206,46.3709],[-117.29241,46.37116],[-117.29294,46.37232],[-117.29427,46.37232],[-117.29485,46.37145],[-117.29531,46.37024],[-117.29559,46.37031],[-117.29571,46.3719],[-117.29595,46.37203],[-117.29831,46.37166],[-117.29932,46.37169],[-117.29974,46.37196],[-117.29956,46.37209],[-117.29828,46.37218],[-117.29678,46.37272],[-117.29665,46.37291],[-117.29671,46.37343],[-117.29592,46.37308],[-117.29526,46.37325],[-117.29477,46.37416],[-117.29387,46.3737],[-117.29294,46.37372],[-117.29201,46.37403],[-117.29147,46.37452],[-117.29066,46.37417],[-117.28989,46.37408],[-117.28822,46.37442],[-117.28858,46.37581],[-117.28848,46.37595],[-117.28702,46.37584],[-117.28666,46.37604],[-117.2862,46.37675],[-117.28502,46.37664],[-117.28462,46.37708],[-117.2845,46.37789],[-117.283,46.37775],[-117.28274,46.37792],[-117.28264,46.3788],[-117.28176,46.37914],[-117.28168,46.37966],[-117.2808,46.37991],[-117.28042,46.38063],[-117.28004,46.38081],[-117.2792,46.38083],[-117.2787,46.38123],[-117.27873,46.38207],[-117.27967,46.383],[-117.2799,46.38343],[-117.27993,46.38452],[-117.28046,46.38521],[-117.28061,46.38621],[-117.28076,46.38641],[-117.28125,46.38649],[-117.28162,46.38628],[-117.28196,46.38574],[-117.28214,46.38315],[-117.28238,46.38275],[-117.283,46.38244],[-117.28354,46.38261],[-117.28398,46.38256],[-117.28421,46.38229],[-117.28444,46.38107],[-117.28511,46.38078],[-117.28589,46.38001],[-117.28676,46.3796],[-117.28774,46.38031],[-117.28818,46.38037],[-117.28892,46.38008],[-117.29042,46.37896],[-117.29143,46.37907],[-117.29145,46.3793],[-117.29053,46.37991],[-117.2905,46.38087],[-117.29029,46.38135],[-117.2894,46.38206],[-117.28904,46.38255],[-117.2897,46.38374],[-117.28948,46.38476],[-117.29149,46.38455],[-117.29231,46.38327],[-117.29243,46.38278],[-117.29238,46.38235],[-117.29192,46.38167],[-117.29194,46.3814],[-117.29268,46.38108],[-117.29403,46.38108],[-117.29506,46.38078],[-117.29562,46.3808],[-117.29657,46.38135],[-117.29895,46.38092],[-117.29907,46.38113],[-117.29888,46.38179],[-117.29918,46.38207],[-117.29958,46.38208],[-117.3024,46.38111],[-117.3025,46.38058],[-117.3022,46.38003],[-117.30228,46.37981],[-117.30389,46.37942],[-117.30428,46.37808],[-117.30503,46.37821],[-117.30581,46.37766],[-117.3063,46.37786],[-117.30729,46.37783],[-117.30806,46.37819],[-117.31118,46.37847],[-117.3114,46.3779],[-117.31138,46.37726],[-117.31098,46.3764],[-117.31144,46.37586],[-117.31154,46.37508],[-117.31252,46.37517],[-117.31379,46.37609],[-117.31472,46.3762],[-117.31541,46.37613],[-117.31691,46.37518],[-117.31802,46.37508],[-117.31803,46.37631],[-117.31851,46.37679],[-117.31932,46.37672],[-117.32026,46.37645],[-117.32159,46.37562],[-117.32225,46.37558],[-117.323,46.37501],[-117.32465,46.37497],[-117.32581,46.37451],[-117.32742,46.37444],[-117.32785,46.37384],[-117.3275,46.37346],[-117.32752,46.3733],[-117.32827,46.37312],[-117.32828,46.3715],[-117.3285,46.37144],[-117.32898,46.37171],[-117.32949,46.37163],[-117.32963,46.37173],[-117.3295,46.37234],[-117.32986,46.37273],[-117.3304,46.37276],[-117.33027,46.3735],[-117.33095,46.3752],[-117.33136,46.37546],[-117.33272,46.37534],[-117.33387,46.37474],[-117.3344,46.37467],[-117.33458,46.37452],[-117.33464,46.37406],[-117.33578,46.37402],[-117.33598,46.37379],[-117.33589,46.37331],[-117.33701,46.3732],[-117.33745,46.37297],[-117.33746,46.3724],[-117.33842,46.37223],[-117.33884,46.37198],[-117.3388,46.37154],[-117.3385,46.37099],[-117.33914,46.37096],[-117.33976,46.36996],[-117.33962,46.36974],[-117.33972,46.36955],[-117.3405,46.36945],[-117.34061,46.36901],[-117.34051,46.36861],[-117.34014,46.36827],[-117.34019,46.36814],[-117.34071,46.36801],[-117.34075,46.36747],[-117.34113,46.3665],[-117.34074,46.366],[-117.34109,46.3656],[-117.34107,46.36502],[-117.34068,46.36458],[-117.34085,46.36431],[-117.34066,46.36385],[-117.34014,46.36335],[-117.34195,46.36261],[-117.34182,46.36189],[-117.34202,46.36088],[-117.34233,46.36083],[-117.34238,46.3628],[-117.34191,46.36327],[-117.34237,46.3635],[-117.34194,46.36374],[-117.34194,46.36404],[-117.34237,46.36471],[-117.34288,46.36643],[-117.34343,46.36648],[-117.34347,46.36662],[-117.34291,46.36717],[-117.34295,46.3675],[-117.34367,46.36768],[-117.34304,46.36834],[-117.34304,46.36856],[-117.34362,46.36872],[-117.34307,46.36912],[-117.34302,46.37001],[-117.3432,46.37017],[-117.34413,46.37033],[-117.34316,46.371],[-117.34342,46.37139],[-117.34277,46.37158],[-117.34248,46.37192],[-117.3435,46.37265],[-117.34178,46.37344],[-117.34142,46.37461],[-117.34175,46.37514],[-117.34086,46.37549],[-117.3406,46.37589],[-117.34066,46.37633],[-117.34023,46.37644],[-117.33943,46.37696],[-117.33909,46.37743],[-117.33885,46.37839],[-117.3402,46.37908],[-117.34144,46.37923],[-117.34151,46.37983],[-117.34172,46.37999],[-117.34263,46.38019],[-117.34305,46.38054],[-117.34432,46.38074],[-117.34435,46.38086],[-117.34398,46.38122],[-117.34399,46.38147],[-117.34539,46.38229],[-117.34636,46.38262],[-117.34949,46.38281],[-117.35013,46.38255],[-117.35287,46.38233],[-117.35398,46.38205],[-117.35453,46.38169],[-117.35476,46.38132],[-117.35443,46.37927],[-117.35458,46.3791],[-117.35483,46.37911],[-117.35528,46.37953],[-117.35615,46.38059],[-117.35769,46.37895],[-117.35884,46.37809],[-117.36207,46.37758],[-117.3631,46.37707],[-117.36436,46.3771],[-117.36433,46.37733],[-117.36173,46.37862],[-117.36063,46.37877],[-117.35931,46.37938],[-117.35908,46.38011],[-117.35843,46.38118],[-117.35796,46.38268],[-117.35746,46.38315],[-117.35675,46.3833],[-117.35686,46.38379],[-117.35526,46.38396],[-117.35377,46.38496],[-117.35259,46.38503],[-117.35238,46.38528],[-117.35239,46.38552],[-117.35271,46.38596],[-117.35139,46.38555],[-117.35042,46.38559],[-117.35004,46.38576],[-117.34982,46.38648],[-117.35039,46.38699],[-117.35028,46.38709],[-117.34781,46.38665],[-117.34763,46.38697],[-117.34747,46.38697],[-117.34641,46.38616],[-117.34464,46.38603],[-117.3442,46.3858],[-117.34379,46.38581],[-117.34295,46.38665],[-117.34279,46.38718],[-117.34263,46.38723],[-117.34221,46.38694],[-117.34214,46.38623],[-117.34192,46.38575],[-117.34166,46.38553],[-117.34076,46.38556],[-117.34077,46.38503],[-117.3406,46.38466],[-117.34033,46.38449],[-117.33942,46.3846],[-117.33925,46.38435],[-117.33925,46.38386],[-117.33869,46.38355],[-117.33735,46.3835],[-117.33682,46.38267],[-117.33561,46.38192],[-117.33526,46.38191],[-117.33458,46.38223],[-117.33428,46.38222],[-117.3335,46.38158],[-117.33024,46.38178],[-117.32992,46.38365],[-117.32958,46.38363],[-117.32759,46.38271],[-117.32691,46.38265],[-117.32653,46.38284],[-117.32629,46.38429],[-117.32598,46.38441],[-117.32465,46.38438],[-117.32449,46.38451],[-117.32437,46.38474],[-117.32456,46.38527],[-117.325,46.38566],[-117.32586,46.38715],[-117.32547,46.3874],[-117.32481,46.38685],[-117.32383,46.3869],[-117.32274,46.38602],[-117.3223,46.38599],[-117.32165,46.38568],[-117.32075,46.38569],[-117.31977,46.38622],[-117.31893,46.38646],[-117.31875,46.38667],[-117.31875,46.38766],[-117.31792,46.38895],[-117.31752,46.38872],[-117.31694,46.38768],[-117.31664,46.38747],[-117.31552,46.38736],[-117.31239,46.38779],[-117.31177,46.38837],[-117.31147,46.3889],[-117.31029,46.38892],[-117.31004,46.38907],[-117.31003,46.39002],[-117.3074,46.39007],[-117.30671,46.39062],[-117.30668,46.39107],[-117.30687,46.39151],[-117.30676,46.39208],[-117.30846,46.39277],[-117.30741,46.39358],[-117.3074,46.39388],[-117.30879,46.39458],[-117.30796,46.39514],[-117.30794,46.39658],[-117.30771,46.39666],[-117.3063,46.39581],[-117.30628,46.39555],[-117.30573,46.39515],[-117.30444,46.39504],[-117.30445,46.39448],[-117.30404,46.39427],[-117.30326,46.3945],[-117.30247,46.39435],[-117.30183,46.39324],[-117.30123,46.39314],[-117.30079,46.3933],[-117.30014,46.39405],[-117.30015,46.39497],[-117.2997,46.39566],[-117.29969,46.39628],[-117.29918,46.39607],[-117.2973,46.39435],[-117.29665,46.39427],[-117.29635,46.3944],[-117.29605,46.39481],[-117.29606,46.39543],[-117.29685,46.39716],[-117.29707,46.39953],[-117.29687,46.39993],[-117.29455,46.39829],[-117.29426,46.3983],[-117.2936,46.39886],[-117.29285,46.39921],[-117.29255,46.3992],[-117.2922,46.3986],[-117.29216,46.39721],[-117.29189,46.39679],[-117.29116,46.39637],[-117.29054,46.39663],[-117.29022,46.39712],[-117.29012,46.3987],[-117.28979,46.39956],[-117.28895,46.39943],[-117.28829,46.39902],[-117.28747,46.39902],[-117.28624,46.39819],[-117.28561,46.39813],[-117.28437,46.39901],[-117.28448,46.39962],[-117.28509,46.4004],[-117.28374,46.40038],[-117.28315,46.40072],[-117.28296,46.40111],[-117.28175,46.40121],[-117.28133,46.40142],[-117.2811,46.40126],[-117.28136,46.40028],[-117.28112,46.3994],[-117.28055,46.39818],[-117.28,46.39821],[-117.279,46.39886],[-117.27846,46.39965],[-117.27802,46.40083],[-117.27784,46.40219],[-117.27638,46.40317],[-117.27616,46.40322],[-117.27521,46.40281],[-117.27398,46.40153],[-117.27356,46.40139],[-117.27262,46.40168],[-117.26997,46.40199],[-117.26916,46.40247],[-117.26872,46.40308],[-117.26876,46.40332],[-117.2691,46.40357],[-117.26993,46.40351],[-117.2721,46.40377],[-117.27353,46.40486],[-117.27436,46.40488],[-117.27587,46.40559],[-117.27629,46.40619],[-117.27751,46.40616],[-117.2788,46.40523],[-117.27973,46.40501],[-117.28082,46.40538],[-117.28308,46.40543],[-117.28445,46.40613],[-117.28576,46.40614],[-117.28633,46.40643],[-117.28599,46.40921],[-117.28632,46.40993],[-117.28633,46.4106],[-117.28671,46.41086],[-117.2871,46.41164],[-117.28904,46.41338],[-117.28861,46.41379],[-117.28864,46.41418],[-117.2906,46.41481],[-117.29278,46.41477],[-117.29308,46.41463],[-117.29325,46.4138],[-117.29379,46.41333],[-117.29417,46.41347],[-117.29481,46.41417],[-117.29541,46.41442],[-117.29588,46.41561],[-117.2965,46.41613],[-117.29686,46.41708],[-117.29727,46.41744],[-117.29755,46.41751],[-117.2981,46.41726],[-117.2985,46.41726],[-117.30014,46.41817],[-117.30061,46.41869],[-117.30162,46.41909],[-117.30243,46.41915],[-117.30292,46.41898],[-117.30328,46.41855],[-117.30336,46.4174],[-117.30386,46.41714],[-117.30422,46.41665],[-117.30413,46.41608],[-117.30426,46.41551],[-117.30366,46.41379],[-117.30344,46.4136],[-117.30306,46.41257],[-117.30243,46.4118],[-117.30318,46.41177],[-117.30387,46.41227],[-117.30446,46.41242],[-117.30507,46.41313],[-117.30709,46.41441],[-117.308,46.41379],[-117.30823,46.41391],[-117.30862,46.41476],[-117.30906,46.41481],[-117.3093,46.41509],[-117.30875,46.41622],[-117.309,46.41657],[-117.3089,46.41717],[-117.30925,46.41737],[-117.31031,46.41737],[-117.30965,46.4179],[-117.30941,46.4184],[-117.30939,46.41877],[-117.30992,46.41907],[-117.30981,46.41926],[-117.30897,46.41937],[-117.30863,46.41969],[-117.30886,46.4213],[-117.30976,46.42192],[-117.31041,46.42194],[-117.31252,46.42128],[-117.31279,46.42132],[-117.31339,46.42181],[-117.31419,46.42183],[-117.31448,46.42133],[-117.31536,46.42079],[-117.31705,46.42077],[-117.318,46.41969],[-117.31776,46.41845],[-117.31665,46.41734],[-117.31692,46.41659],[-117.3178,46.41573],[-117.31677,46.41486],[-117.31716,46.41385],[-117.31699,46.41343],[-117.31655,46.41312],[-117.31646,46.41256],[-117.31602,46.4121],[-117.31612,46.41111],[-117.31597,46.41055],[-117.31461,46.40887],[-117.31407,46.40865],[-117.31406,46.40765],[-117.31232,46.40569],[-117.31242,46.40522],[-117.31335,46.40608],[-117.31372,46.40614],[-117.31828,46.40917],[-117.31862,46.40916],[-117.32031,46.40799],[-117.32125,46.40792],[-117.32245,46.40692],[-117.32258,46.40702],[-117.32254,46.40862],[-117.32089,46.40956],[-117.32075,46.40988],[-117.32087,46.41044],[-117.32031,46.41124],[-117.32039,46.41139],[-117.32291,46.41269],[-117.32477,46.41243],[-117.32509,46.41188],[-117.32551,46.41169],[-117.32607,46.41169],[-117.32625,46.41135],[-117.32689,46.41115],[-117.32757,46.41174],[-117.3282,46.41342],[-117.32861,46.41344],[-117.32963,46.41255],[-117.33064,46.41211],[-117.33078,46.41134],[-117.33141,46.4105],[-117.33265,46.41084],[-117.33307,46.41077],[-117.33387,46.41022],[-117.33573,46.40996],[-117.33619,46.40938],[-117.3362,46.40886],[-117.33596,46.40825],[-117.33612,46.40801],[-117.33608,46.40758],[-117.33572,46.40714],[-117.33479,46.40697],[-117.33475,46.40633],[-117.33399,46.40578],[-117.33414,46.40479],[-117.33369,46.40418],[-117.33419,46.40366],[-117.33459,46.40363],[-117.33474,46.40379],[-117.33474,46.40434],[-117.33588,46.4054],[-117.33646,46.40558],[-117.33797,46.40662],[-117.33937,46.40861],[-117.34019,46.40892],[-117.34093,46.40872],[-117.34152,46.40832],[-117.34183,46.40786],[-117.34141,46.40687],[-117.34165,46.40615],[-117.34282,46.40551],[-117.34352,46.40487],[-117.34407,46.40327],[-117.3447,46.40287],[-117.34532,46.40167],[-117.34571,46.40169],[-117.34635,46.40141],[-117.34625,46.40278],[-117.34569,46.4036],[-117.34546,46.40525],[-117.34587,46.40558],[-117.34753,46.40554],[-117.34769,46.40572],[-117.34652,46.40614],[-117.34535,46.40623],[-117.34441,46.40678],[-117.34441,46.40699],[-117.34536,46.40767],[-117.34493,46.40827],[-117.34477,46.40888],[-117.34478,46.40945],[-117.34516,46.40987],[-117.34407,46.41063],[-117.34335,46.41149],[-117.34338,46.4118],[-117.34504,46.41208],[-117.34553,46.41239],[-117.34754,46.41232],[-117.34796,46.412],[-117.34798,46.41146],[-117.34888,46.41075],[-117.3509,46.40953],[-117.3511,46.40951],[-117.35214,46.41055],[-117.35303,46.41066],[-117.35408,46.41021],[-117.3544,46.41023],[-117.355,46.41067],[-117.3561,46.41054],[-117.35711,46.41016],[-117.35716,46.4099],[-117.3569,46.40931],[-117.35911,46.409],[-117.35944,46.40798],[-117.36056,46.40826],[-117.36169,46.40896],[-117.36251,46.40891],[-117.36274,46.40861],[-117.36263,46.4077],[-117.36281,46.4064],[-117.36132,46.40533],[-117.36189,46.40498],[-117.36249,46.40542],[-117.36389,46.40533],[-117.36506,46.40546],[-117.36568,46.40503],[-117.36628,46.40511],[-117.36766,46.40473],[-117.36782,46.40483],[-117.36617,46.40636],[-117.36591,46.40688],[-117.36593,46.40734],[-117.36725,46.40816],[-117.37269,46.40624],[-117.37287,46.40609],[-117.37296,46.40567],[-117.37422,46.40535],[-117.37494,46.4048],[-117.37531,46.40423],[-117.37524,46.40327],[-117.37614,46.4029],[-117.37716,46.40174],[-117.37734,46.40133],[-117.37706,46.40099],[-117.37707,46.40003],[-117.37791,46.4002],[-117.37827,46.40012],[-117.38015,46.39791],[-117.38031,46.39744],[-117.38082,46.39724],[-117.38193,46.39592],[-117.38233,46.39524],[-117.38235,46.39462],[-117.3828,46.39428],[-117.38321,46.39278],[-117.38363,46.39214],[-117.38394,46.39248],[-117.38403,46.39319],[-117.38424,46.39359],[-117.38402,46.394],[-117.38422,46.39444],[-117.38404,46.39467],[-117.38381,46.39574],[-117.38334,46.39656],[-117.383,46.39813],[-117.38168,46.40034],[-117.38135,46.40134],[-117.38138,46.40216],[-117.38048,46.40403],[-117.38046,46.40491],[-117.38083,46.40508],[-117.38542,46.40431],[-117.38747,46.40413],[-117.38795,46.40324],[-117.38794,46.40179],[-117.38814,46.40103],[-117.38881,46.3997],[-117.38984,46.39882],[-117.39166,46.3982],[-117.39203,46.39823],[-117.39209,46.39836],[-117.39102,46.39884],[-117.39015,46.39952],[-117.38999,46.4006],[-117.39029,46.40178],[-117.39195,46.40318],[-117.39529,46.40224],[-117.39662,46.40149],[-117.39739,46.40133],[-117.39898,46.40059],[-117.39943,46.40056],[-117.39993,46.40089],[-117.40038,46.4009],[-117.40194,46.40054],[-117.40405,46.39997],[-117.40654,46.39891],[-117.40861,46.39834],[-117.4119,46.39637],[-117.4153,46.39252],[-117.41518,46.39166],[-117.41552,46.39107],[-117.41596,46.3907],[-117.41615,46.39099],[-117.41602,46.39136],[-117.41636,46.39342],[-117.41473,46.39523],[-117.41473,46.39576],[-117.41434,46.39611],[-117.41361,46.39787],[-117.41323,46.39801],[-117.41249,46.39901],[-117.4109,46.39985],[-117.41087,46.40019],[-117.41016,46.40018],[-117.40889,46.40102],[-117.40839,46.40152],[-117.40837,46.40171],[-117.40887,46.4021],[-117.40813,46.40207],[-117.4075,46.40182],[-117.407,46.40199],[-117.40626,46.40257],[-117.40593,46.40311],[-117.40473,46.40342],[-117.40425,46.40376],[-117.40425,46.4042],[-117.40466,46.4048],[-117.40546,46.40521],[-117.4065,46.40633],[-117.40667,46.40672],[-117.40648,46.40679],[-117.40504,46.40622],[-117.40431,46.40622],[-117.40366,46.4058],[-117.40242,46.40562],[-117.40111,46.40517],[-117.40015,46.40519],[-117.39884,46.40568],[-117.39873,46.40612],[-117.39898,46.40674],[-117.39889,46.40687],[-117.39714,46.40627],[-117.39618,46.40636],[-117.39531,46.40664],[-117.39377,46.40777],[-117.39378,46.4086],[-117.39301,46.40825],[-117.39171,46.40826],[-117.38984,46.4094],[-117.3898,46.41007],[-117.38964,46.41012],[-117.38879,46.40967],[-117.38775,46.40938],[-117.386,46.40949],[-117.38505,46.41041],[-117.38384,46.40966],[-117.38299,46.40962],[-117.38137,46.41008],[-117.38021,46.41072],[-117.38015,46.41144],[-117.3807,46.41228],[-117.381,46.41309],[-117.38154,46.4137],[-117.38156,46.41451],[-117.38258,46.41576],[-117.38252,46.41603],[-117.38152,46.41596],[-117.38106,46.41534],[-117.37668,46.41199],[-117.37478,46.41189],[-117.37099,46.41399],[-117.37119,46.41534],[-117.36903,46.41536],[-117.36892,46.4157],[-117.36943,46.41713],[-117.36933,46.41849],[-117.36861,46.41903],[-117.36844,46.41935],[-117.36844,46.4199],[-117.36868,46.42028],[-117.36824,46.42035],[-117.36702,46.42015],[-117.36713,46.41965],[-117.367,46.41927],[-117.36722,46.41868],[-117.36721,46.41815],[-117.36678,46.41715],[-117.36431,46.41532],[-117.36339,46.41533],[-117.36262,46.41564],[-117.36218,46.41604],[-117.36163,46.41705],[-117.35987,46.41706],[-117.35886,46.41764],[-117.35885,46.41813],[-117.35973,46.41901],[-117.35974,46.41925],[-117.35895,46.41958],[-117.35779,46.41957],[-117.35729,46.41998],[-117.35699,46.42088],[-117.3561,46.42089],[-117.35493,46.42037],[-117.35442,46.4204],[-117.35409,46.4209],[-117.35361,46.42116],[-117.3521,46.42116],[-117.35228,46.42156],[-117.35362,46.42296],[-117.35518,46.42299],[-117.35471,46.42353],[-117.3556,46.42502],[-117.3566,46.42511],[-117.35667,46.42544],[-117.35648,46.42562],[-117.35571,46.4258],[-117.35533,46.42608],[-117.35464,46.42556],[-117.3534,46.42504],[-117.35272,46.425],[-117.35187,46.42537],[-117.35067,46.42428],[-117.34913,46.424],[-117.34762,46.42535],[-117.34512,46.42595],[-117.34476,46.42569],[-117.34449,46.42264],[-117.34411,46.42217],[-117.34329,46.42215],[-117.34223,46.42279],[-117.34145,46.42369],[-117.3407,46.42486],[-117.33987,46.42704],[-117.33779,46.42795],[-117.33762,46.42831],[-117.33777,46.42874],[-117.33734,46.43021],[-117.33775,46.43027],[-117.3394,46.42941],[-117.3419,46.42857],[-117.34239,46.42801],[-117.34328,46.42748],[-117.34372,46.42678],[-117.34906,46.42649],[-117.35098,46.42708],[-117.35315,46.42819],[-117.35307,46.42833],[-117.35212,46.4284],[-117.35144,46.42828],[-117.3497,46.42771],[-117.34869,46.42781],[-117.3475,46.42835],[-117.34718,46.42864],[-117.34725,46.42889],[-117.34785,46.42947],[-117.3477,46.42961],[-117.34625,46.42977],[-117.34558,46.43008],[-117.34524,46.43044],[-117.34503,46.43114],[-117.34504,46.43174],[-117.34556,46.43274],[-117.3463,46.43315],[-117.34795,46.43326],[-117.34926,46.43354],[-117.34876,46.43418],[-117.34883,46.43429],[-117.35037,46.435],[-117.35117,46.43519],[-117.35283,46.43535],[-117.35331,46.43525],[-117.35448,46.4359],[-117.35652,46.43613],[-117.35687,46.43609],[-117.35711,46.43587],[-117.35758,46.43587],[-117.35789,46.43637],[-117.35839,46.43661],[-117.35973,46.43664],[-117.36068,46.43634],[-117.36148,46.43633],[-117.36316,46.43678],[-117.36413,46.43681],[-117.36443,46.43732],[-117.36872,46.43919],[-117.36872,46.43941],[-117.36814,46.43947],[-117.36592,46.4386],[-117.36498,46.43842],[-117.36316,46.43851],[-117.36257,46.43902],[-117.36215,46.4382],[-117.36191,46.43812],[-117.36009,46.43818],[-117.35679,46.439],[-117.35663,46.43962],[-117.35427,46.43921],[-117.35395,46.43942],[-117.35362,46.43996],[-117.35314,46.44172],[-117.35276,46.44172],[-117.35253,46.44112],[-117.35223,46.44085],[-117.3514,46.44069],[-117.35153,46.43966],[-117.35119,46.4391],[-117.35044,46.43875],[-117.34857,46.43872],[-117.34747,46.43938],[-117.34667,46.43948],[-117.34633,46.43933],[-117.34649,46.43885],[-117.34604,46.43812],[-117.34524,46.43799],[-117.34433,46.43842],[-117.34399,46.43835],[-117.34361,46.43784],[-117.34299,46.43766],[-117.34204,46.43784],[-117.34109,46.43848],[-117.34126,46.43917],[-117.34065,46.43968],[-117.34239,46.44035],[-117.34298,46.4409],[-117.34321,46.44142],[-117.34148,46.44142],[-117.34044,46.44192],[-117.33971,46.44259],[-117.33965,46.44301],[-117.33996,46.44347],[-117.33985,46.44403],[-117.33908,46.44439],[-117.33919,46.44487],[-117.33948,46.44545],[-117.34078,46.44654],[-117.34371,46.44743],[-117.34299,46.44775],[-117.34175,46.44773],[-117.3394,46.44735],[-117.33833,46.44735],[-117.33818,46.44747],[-117.33794,46.44791],[-117.33796,46.44871],[-117.33844,46.44941],[-117.33948,46.45013],[-117.33837,46.45088],[-117.33815,46.45128],[-117.33831,46.45211],[-117.33902,46.45268],[-117.33973,46.45287],[-117.34044,46.45346],[-117.34208,46.45421],[-117.34291,46.45479],[-117.34401,46.45509],[-117.34434,46.45556],[-117.34564,46.45597],[-117.34606,46.45649],[-117.34729,46.45706],[-117.34766,46.45768],[-117.34966,46.45809],[-117.34976,46.45918],[-117.35036,46.45974],[-117.35137,46.4603],[-117.3521,46.46103],[-117.35211,46.46168],[-117.35231,46.462],[-117.35328,46.46266],[-117.35394,46.46367],[-117.35423,46.46378],[-117.35482,46.46369],[-117.35613,46.46328],[-117.3561,46.46347],[-117.35508,46.46427],[-117.355,46.46466],[-117.35711,46.46626],[-117.35718,46.46667],[-117.35641,46.46683],[-117.35448,46.46549],[-117.35313,46.465],[-117.35201,46.46494],[-117.35194,46.46415],[-117.35107,46.46366],[-117.35025,46.46293],[-117.34961,46.46291],[-117.34871,46.46317],[-117.34888,46.46246],[-117.34879,46.46191],[-117.34707,46.46098],[-117.34583,46.46098],[-117.34571,46.46024],[-117.34521,46.45986],[-117.34415,46.45961],[-117.34289,46.45902],[-117.34213,46.45902],[-117.3412,46.45867],[-117.34051,46.45866],[-117.33931,46.45767],[-117.33796,46.45717],[-117.33744,46.45713],[-117.33683,46.45779],[-117.33657,46.45837],[-117.33657,46.45895],[-117.33747,46.46009],[-117.33759,46.46067],[-117.33828,46.46161],[-117.33837,46.46227],[-117.33874,46.46287],[-117.33848,46.46332],[-117.33549,46.46115],[-117.33436,46.46065],[-117.33348,46.46062],[-117.33291,46.46089],[-117.33167,46.46223],[-117.3312,46.4631],[-117.33119,46.46355],[-117.33058,46.464],[-117.3301,46.46468],[-117.32985,46.46529],[-117.32984,46.46697],[-117.33016,46.46765],[-117.33016,46.46803],[-117.32981,46.46797],[-117.32885,46.46681],[-117.32806,46.46677],[-117.32857,46.46604],[-117.32864,46.46556],[-117.32833,46.46492],[-117.32844,46.46345],[-117.32828,46.46312],[-117.32774,46.46269],[-117.32786,46.46251],[-117.32846,46.46248],[-117.32864,46.46232],[-117.32878,46.46175],[-117.32865,46.46092],[-117.32975,46.45937],[-117.32992,46.45853],[-117.32973,46.45824],[-117.32932,46.45804],[-117.32835,46.45806],[-117.32727,46.45835],[-117.32708,46.45834],[-117.327,46.45809],[-117.32759,46.45723],[-117.32755,46.45664],[-117.3286,46.45655],[-117.3306,46.45601],[-117.33065,46.45554],[-117.32988,46.45447],[-117.32987,46.45412],[-117.33077,46.45387],[-117.33087,46.45289],[-117.33157,46.45251],[-117.33129,46.45167],[-117.33083,46.4515],[-117.32993,46.4519],[-117.32907,46.45183],[-117.32815,46.45267],[-117.32782,46.45278],[-117.32702,46.45219],[-117.32692,46.45155],[-117.32657,46.45094],[-117.32614,46.45075],[-117.32585,46.45078],[-117.325,46.45145],[-117.32484,46.45143],[-117.32437,46.45051],[-117.32373,46.45028],[-117.32328,46.45028],[-117.32243,46.45081],[-117.32197,46.45082],[-117.32177,46.45064],[-117.32256,46.44968],[-117.32324,46.44933],[-117.32442,46.44909],[-117.32695,46.4478],[-117.32725,46.44718],[-117.32716,46.44672],[-117.32682,46.44655],[-117.32634,46.44658],[-117.3256,46.447],[-117.32523,46.44704],[-117.32503,46.44688],[-117.32301,46.447],[-117.32232,46.44676],[-117.32182,46.44679],[-117.32081,46.44766],[-117.31955,46.44818],[-117.31944,46.4481],[-117.31975,46.44753],[-117.31977,46.44631],[-117.31838,46.44568],[-117.31732,46.44568],[-117.31722,46.44556],[-117.3173,46.44536],[-117.31854,46.44498],[-117.31955,46.44444],[-117.31956,46.44395],[-117.31918,46.44372],[-117.31857,46.44276],[-117.31768,46.44333],[-117.31649,46.44349],[-117.31568,46.44351],[-117.31472,46.4433],[-117.31398,46.44416],[-117.31345,46.44444],[-117.31277,46.44361],[-117.31076,46.44339],[-117.31214,46.44245],[-117.31255,46.44153],[-117.31255,46.44112],[-117.3121,46.44077],[-117.31073,46.44072],[-117.30943,46.44145],[-117.3087,46.44125],[-117.30869,46.44022],[-117.30853,46.43999],[-117.30718,46.44005],[-117.30587,46.43882],[-117.30505,46.43854],[-117.30482,46.43864],[-117.30471,46.43913],[-117.30515,46.43993],[-117.30521,46.44088],[-117.30474,46.44128],[-117.30342,46.4418],[-117.30323,46.44207],[-117.30485,46.44264],[-117.30554,46.4432],[-117.30456,46.44389],[-117.30439,46.44448],[-117.30298,46.44508],[-117.30321,46.44525],[-117.30481,46.44539],[-117.30591,46.44577],[-117.30644,46.44611],[-117.30646,46.44631],[-117.30467,46.44629],[-117.30379,46.44687],[-117.30365,46.44711],[-117.30371,46.44743],[-117.3042,46.44873],[-117.30174,46.44789],[-117.30083,46.4479],[-117.30054,46.44846],[-117.30037,46.4497],[-117.29877,46.44966],[-117.2987,46.45022],[-117.30028,46.45205],[-117.30098,46.45259],[-117.29991,46.45256],[-117.29668,46.45161],[-117.29595,46.45151],[-117.29574,46.45165],[-117.29538,46.45399],[-117.29558,46.45446],[-117.29677,46.45523],[-117.29611,46.45572],[-117.29605,46.45603],[-117.29627,46.45692],[-117.29605,46.45761],[-117.29607,46.45808],[-117.2957,46.45861],[-117.29593,46.46128],[-117.29777,46.46186],[-117.29782,46.46199],[-117.29582,46.4622],[-117.29526,46.46276],[-117.29333,46.46371],[-117.29265,46.46433],[-117.29258,46.46372],[-117.29274,46.46334],[-117.29375,46.46236],[-117.29394,46.4617],[-117.29344,46.4595],[-117.29293,46.45864],[-117.29269,46.45853],[-117.29056,46.45871],[-117.29011,46.45862],[-117.29045,46.45825],[-117.29177,46.45751],[-117.2919,46.45723],[-117.29189,46.45661],[-117.29167,46.45624],[-117.29064,46.45572],[-117.2909,46.45509],[-117.29076,46.45478],[-117.29087,46.45376],[-117.29009,46.452],[-117.2897,46.45182],[-117.28656,46.45181],[-117.28585,46.45233],[-117.28484,46.45161],[-117.28195,46.45097],[-117.28103,46.45115],[-117.28004,46.45065],[-117.28065,46.45032],[-117.28199,46.45],[-117.28393,46.44996],[-117.28417,46.44975],[-117.28569,46.44931],[-117.2876,46.44911],[-117.28864,46.4484],[-117.28879,46.44817],[-117.2887,46.44773],[-117.28946,46.44715],[-117.28952,46.44662],[-117.28895,46.44608],[-117.28714,46.44586],[-117.2886,46.44465],[-117.28862,46.44415],[-117.28793,46.44344],[-117.28946,46.44226],[-117.28948,46.44125],[-117.28992,46.44046],[-117.28993,46.44014],[-117.28657,46.44028],[-117.28545,46.44109],[-117.28471,46.44109],[-117.28501,46.44081],[-117.28502,46.44033],[-117.28483,46.44],[-117.28519,46.43959],[-117.28509,46.43892],[-117.28666,46.43802],[-117.28792,46.43609],[-117.28713,46.43574],[-117.28668,46.43582],[-117.28471,46.43681],[-117.2816,46.43718],[-117.28034,46.43763],[-117.27924,46.43752],[-117.27881,46.43709],[-117.27953,46.43693],[-117.28024,46.43588],[-117.28144,46.43517],[-117.28186,46.43472],[-117.28193,46.43376],[-117.28173,46.4332],[-117.28081,46.4332],[-117.27759,46.43419],[-117.27746,46.43369],[-117.27761,46.43268],[-117.27719,46.43261],[-117.27605,46.43327],[-117.27508,46.43419],[-117.27388,46.43413],[-117.27365,46.43438],[-117.27359,46.43477],[-117.27307,46.43482],[-117.27287,46.43463],[-117.27288,46.43389],[-117.27332,46.4331],[-117.27329,46.43134],[-117.27159,46.43087],[-117.2712,46.43093],[-117.27086,46.43124],[-117.27101,46.43275],[-117.27043,46.43416],[-117.26978,46.43375],[-117.26914,46.43375],[-117.26924,46.43319],[-117.26859,46.43259],[-117.26801,46.43263],[-117.26561,46.43205],[-117.2653,46.43213],[-117.265,46.43275],[-117.26437,46.43272],[-117.26453,46.43153],[-117.26473,46.43122],[-117.26553,46.43071],[-117.26651,46.43064],[-117.26653,46.43038],[-117.26634,46.43023],[-117.266,46.43016],[-117.26436,46.43059],[-117.26281,46.43159],[-117.26266,46.43156],[-117.26241,46.43088],[-117.26206,46.43058],[-117.26164,46.43033],[-117.26066,46.43023],[-117.26099,46.42986],[-117.26192,46.42972],[-117.26279,46.42911],[-117.26287,46.42842],[-117.26419,46.42707],[-117.26421,46.42646],[-117.26379,46.42604],[-117.26297,46.4268],[-117.26152,46.42716],[-117.26043,46.42651],[-117.25945,46.427],[-117.25863,46.42702],[-117.25848,46.42777],[-117.25785,46.42822],[-117.25689,46.42926],[-117.25667,46.42922],[-117.2568,46.42809],[-117.25645,46.42763],[-117.25598,46.4275],[-117.2554,46.42746],[-117.25339,46.4287],[-117.25246,46.42871],[-117.25282,46.42808],[-117.2522,46.42771],[-117.25265,46.42742],[-117.25271,46.42718],[-117.25252,46.42686],[-117.25191,46.42635],[-117.25074,46.42645],[-117.2525,46.42427],[-117.253,46.42385],[-117.25295,46.42356],[-117.25221,46.42371],[-117.25157,46.42435],[-117.25121,46.42448],[-117.25001,46.42368],[-117.24922,46.42358],[-117.24908,46.42391],[-117.24862,46.42432],[-117.24784,46.42461],[-117.24743,46.42388],[-117.24706,46.4236],[-117.24603,46.42363],[-117.24555,46.42319],[-117.24535,46.42264],[-117.24475,46.42227],[-117.24446,46.42175],[-117.24424,46.42188],[-117.24311,46.42437],[-117.24264,46.4241],[-117.2422,46.42345],[-117.24205,46.4228],[-117.24156,46.42246],[-117.24045,46.42237],[-117.23975,46.42329],[-117.23936,46.42317],[-117.23937,46.42275],[-117.23911,46.42255],[-117.23953,46.42187],[-117.24021,46.42147],[-117.24035,46.42005],[-117.23955,46.41934],[-117.23866,46.4206],[-117.23783,46.42078],[-117.23784,46.42017],[-117.23724,46.41969],[-117.23761,46.41921],[-117.2375,46.41843],[-117.23815,46.41705],[-117.23798,46.41674],[-117.23766,46.41649],[-117.2359,46.41652],[-117.23304,46.41693],[-117.23214,46.41721],[-117.23199,46.4171],[-117.23199,46.41584],[-117.23112,46.4158],[-117.23113,46.41473],[-117.23089,46.41425],[-117.22916,46.4149],[-117.22723,46.41468],[-117.22703,46.41478],[-117.22704,46.41559],[-117.22684,46.41591],[-117.22589,46.41633],[-117.22383,46.41679],[-117.22261,46.41751],[-117.22184,46.41769],[-117.22184,46.41789],[-117.22217,46.41792],[-117.2247,46.41729],[-117.22592,46.41724],[-117.22651,46.41735],[-117.22713,46.41771],[-117.22949,46.41765],[-117.23068,46.41804],[-117.23217,46.42133],[-117.23181,46.42138],[-117.23154,46.42123],[-117.23124,46.42134],[-117.22993,46.42234],[-117.23022,46.42312],[-117.22926,46.42508],[-117.22935,46.42592],[-117.18633,46.42585],[-117.18639,46.43035],[-117.18471,46.43108],[-117.18192,46.43103],[-117.18139,46.43129],[-117.18148,46.43182],[-117.18202,46.43249],[-117.18205,46.43288],[-117.18196,46.43326],[-117.18128,46.43337],[-117.18182,46.4348],[-117.18269,46.43584],[-117.18249,46.43595],[-117.1805,46.43577],[-117.17797,46.43588],[-117.17784,46.43616],[-117.1781,46.43662],[-117.17816,46.43744],[-117.17857,46.43773],[-117.17759,46.43806],[-117.17682,46.43774],[-117.176,46.43794],[-117.17533,46.43849],[-117.17373,46.43856],[-117.17412,46.4407],[-117.17515,46.44152],[-117.17413,46.44185],[-117.17323,46.44188],[-117.17244,46.44224],[-117.17141,46.44228],[-117.17094,46.44298],[-117.17111,46.44365],[-117.17014,46.44412],[-117.16988,46.44415],[-117.1695,46.44361],[-117.16863,46.44311],[-117.16829,46.44129],[-117.16809,46.44097],[-117.16776,46.44087],[-117.16733,46.44098],[-117.16591,46.44263],[-117.16466,46.44236],[-117.1637,46.44185],[-117.16273,46.44201],[-117.16211,46.44316],[-117.1621,46.44365],[-117.16246,46.44396],[-117.16394,46.44454],[-117.16471,46.4454],[-117.16474,46.44593],[-117.16204,46.4456],[-117.16171,46.44568],[-117.16089,46.44764],[-117.15968,46.44675],[-117.15807,46.44506],[-117.15753,46.44489],[-117.15603,46.44508],[-117.15591,46.44581],[-117.1555,46.4464],[-117.15631,46.44843],[-117.15638,46.44912],[-117.15611,46.45067],[-117.15595,46.45087],[-117.15569,46.45085],[-117.15444,46.44949],[-117.15373,46.44912],[-117.1533,46.44914],[-117.1523,46.44979],[-117.15185,46.4503],[-117.1516,46.45082],[-117.1514,46.45288],[-117.15116,46.45317],[-117.15086,46.45319],[-117.15057,46.45288],[-117.14948,46.45046],[-117.1492,46.4484],[-117.14682,46.44893],[-117.14712,46.45117],[-117.14706,46.4523],[-117.14607,46.45516],[-117.14556,46.45572],[-117.1456,46.45668],[-117.14529,46.45672],[-117.14444,46.45625],[-117.14304,46.45684],[-117.14297,46.45664],[-117.14361,46.45592],[-117.14362,46.45515],[-117.14325,46.45418],[-117.14273,46.45342],[-117.14131,46.4534],[-117.14168,46.45226],[-117.14148,46.4519],[-117.14109,46.45175],[-117.13985,46.45187],[-117.13911,46.45166],[-117.13826,46.45229],[-117.13677,46.4526],[-117.13647,46.45324],[-117.13558,46.45395],[-117.13557,46.45437],[-117.13583,46.45471],[-117.13592,46.45529],[-117.13557,46.45556],[-117.13576,46.45667],[-117.13529,46.45753],[-117.13434,46.45694],[-117.13396,46.45688],[-117.13363,46.45706],[-117.13312,46.45822],[-117.13296,46.45824],[-117.13264,46.458],[-117.13179,46.45674],[-117.1315,46.45668],[-117.13016,46.45845],[-117.13014,46.45917],[-117.12933,46.45889],[-117.12843,46.4575],[-117.12813,46.45731],[-117.12781,46.45737],[-117.12752,46.45788],[-117.12726,46.45795],[-117.12625,46.45728],[-117.12445,46.45807],[-117.12419,46.45806],[-117.12431,46.45729],[-117.12421,46.45695],[-117.12369,46.45673],[-117.12287,46.45702],[-117.12165,46.45668],[-117.11939,46.45674],[-117.11931,46.4565],[-117.11983,46.45611],[-117.12467,46.45511],[-117.12546,46.45464],[-117.12546,46.45442],[-117.12493,46.45408],[-117.12575,46.45285],[-117.12638,46.45229],[-117.12647,46.45195],[-117.1263,46.45155],[-117.1244,46.45149],[-117.12506,46.45032],[-117.12497,46.4498],[-117.12454,46.44943],[-117.12243,46.44913],[-117.12222,46.44858],[-117.12152,46.4484],[-117.12003,46.44878],[-117.12114,46.4477],[-117.12239,46.44712],[-117.12482,46.44696],[-117.12604,46.44671],[-117.12722,46.44603],[-117.12698,46.44533],[-117.12605,46.4453],[-117.1251,46.4441],[-117.12607,46.44321],[-117.12612,46.44299],[-117.12593,46.44279],[-117.12534,46.44253],[-117.12471,46.44201],[-117.12319,46.44222],[-117.12267,46.44268],[-117.11992,46.4427],[-117.11802,46.44429],[-117.11731,46.44448],[-117.11633,46.44519],[-117.11485,46.44584],[-117.11494,46.4442],[-117.1148,46.44325],[-117.11423,46.44293],[-117.11444,46.44226],[-117.11435,46.44182],[-117.11354,46.4416],[-117.1122,46.44264],[-117.11103,46.44309],[-117.11108,46.44374],[-117.11066,46.44421],[-117.10903,46.44311],[-117.1091,46.44239],[-117.11006,46.44169],[-117.11019,46.44141],[-117.11016,46.44083],[-117.10976,46.44049],[-117.10992,46.43996],[-117.10986,46.43925],[-117.11047,46.43852],[-117.11047,46.43817],[-117.11022,46.43812],[-117.10975,46.43837],[-117.10827,46.43839],[-117.10804,46.43862],[-117.10789,46.43965],[-117.10757,46.44],[-117.10743,46.4405],[-117.10645,46.44119],[-117.1064,46.44209],[-117.10612,46.44236],[-117.10408,46.44313],[-117.1027,46.44393],[-117.1034,46.44465],[-117.10365,46.44528],[-117.10351,46.44534],[-117.10267,46.44495],[-117.10228,46.44499],[-117.10161,46.44574],[-117.10124,46.44593],[-117.10047,46.44587],[-117.10034,46.44574],[-117.10087,46.44532],[-117.10061,46.44489],[-117.10009,46.44441],[-117.09925,46.4443],[-117.09909,46.4441],[-117.09994,46.44255],[-117.10163,46.44152],[-117.10167,46.44069],[-117.10137,46.44044],[-117.10063,46.44031],[-117.09958,46.44058],[-117.09934,46.44049],[-117.09941,46.43972],[-117.10055,46.43863],[-117.10051,46.4384],[-117.10009,46.4379],[-117.09906,46.43742],[-117.09871,46.43741],[-117.09821,46.43902],[-117.09696,46.4397],[-117.09645,46.4394],[-117.09644,46.43872],[-117.09612,46.43837],[-117.09518,46.43784],[-117.09456,46.43808],[-117.0934,46.43942],[-117.09352,46.44165],[-117.09338,46.44195],[-117.09292,46.44187],[-117.09252,46.44126],[-117.0916,46.44056],[-117.09144,46.44009],[-117.09065,46.43977],[-117.08968,46.43904],[-117.08912,46.43924],[-117.08887,46.44014],[-117.08838,46.44065],[-117.08841,46.44107],[-117.0892,46.44187],[-117.08972,46.44276],[-117.08966,46.44346],[-117.08915,46.44406],[-117.08823,46.44416],[-117.08782,46.44441],[-117.08784,46.445],[-117.08723,46.44506],[-117.08584,46.44599],[-117.08589,46.44702],[-117.08642,46.44828],[-117.08759,46.45018],[-117.08708,46.45021],[-117.08672,46.45],[-117.08628,46.44956],[-117.08536,46.44906],[-117.08385,46.44752],[-117.08316,46.44701],[-117.0826,46.44687],[-117.08196,46.44703],[-117.08084,46.4479],[-117.08065,46.44955],[-117.07947,46.44941],[-117.07941,46.44846],[-117.07837,46.44778],[-117.07911,46.44735],[-117.07922,46.44686],[-117.07979,46.44605],[-117.07977,46.44546],[-117.08093,46.44436],[-117.08094,46.44407],[-117.08035,46.44352],[-117.0802,46.44315],[-117.08128,46.44234],[-117.08173,46.44164],[-117.08168,46.44139],[-117.08093,46.44091],[-117.08066,46.44055],[-117.08018,46.44033],[-117.0798,46.44044],[-117.07793,46.44265],[-117.07757,46.44278],[-117.07751,46.44149],[-117.07676,46.44047],[-117.07492,46.43978],[-117.0742,46.4408],[-117.07335,46.44311],[-117.07314,46.44324],[-117.07173,46.44251],[-117.07152,46.4427],[-117.07136,46.4433],[-117.07121,46.4441],[-117.07127,46.4449],[-117.07028,46.44491],[-117.06989,46.44524],[-117.06988,46.44566],[-117.06886,46.44538],[-117.0683,46.4455],[-117.0685,46.44603],[-117.06829,46.44612],[-117.06766,46.44556],[-117.06782,46.44484],[-117.06885,46.44407],[-117.06887,46.4438],[-117.06838,46.44305],[-117.06842,46.44217],[-117.06787,46.44134],[-117.06853,46.44001],[-117.06838,46.4399],[-117.06776,46.44017],[-117.06701,46.44102],[-117.06664,46.44172],[-117.06652,46.44371],[-117.06596,46.44476],[-117.06495,46.4455],[-117.06374,46.44606],[-117.06369,46.44575],[-117.06463,46.44478],[-117.06472,46.44346],[-117.06324,46.44238],[-117.06179,46.44188],[-117.06062,46.44044],[-117.0594,46.44061],[-117.05929,46.44105],[-117.0598,46.44201],[-117.05978,46.44332],[-117.05994,46.44362],[-117.0598,46.44434],[-117.05891,46.44519],[-117.05735,46.44517],[-117.0571,46.44488],[-117.05685,46.44486],[-117.05614,46.44536],[-117.05596,46.44521],[-117.05599,46.44461],[-117.05618,46.44425],[-117.05716,46.44394],[-117.05737,46.44362],[-117.05726,46.44339],[-117.05682,46.44314],[-117.05351,46.44253],[-117.05301,46.44185],[-117.05217,46.44134],[-117.05186,46.44132],[-117.05149,46.44163],[-117.05143,46.4428],[-117.05101,46.44305],[-117.05089,46.44341],[-117.05024,46.44319],[-117.04979,46.44269],[-117.04931,46.44242],[-117.0488,46.44243],[-117.04851,46.44261],[-117.04788,46.4437],[-117.04787,46.44414],[-117.04827,46.44476],[-117.04827,46.44543],[-117.04804,46.44545],[-117.0476,46.44516],[-117.04524,46.44496],[-117.04455,46.44518],[-117.04375,46.44515],[-117.04315,46.44459],[-117.04195,46.44441],[-117.0398,46.44445],[-117.03948,46.44344],[-117.03846,46.44343],[-117.03757,46.44397],[-117.03841,46.4454],[-117.03901,46.44592],[-117.03964,46.44808],[-117.03877,46.44846],[-117.03797,46.44757],[-117.03723,46.44724],[-117.03622,46.44736],[-117.03501,46.44786],[-117.0341,46.44781],[-117.03374,46.44811],[-117.03328,46.44811],[-117.03266,46.44761],[-117.03329,46.44693],[-117.03316,46.44668],[-117.03195,46.44605],[-117.03161,46.44618],[-117.03146,46.44648],[-117.03164,46.44702],[-117.03239,46.44789],[-117.0324,46.44918],[-117.0317,46.45016],[-117.03083,46.45062],[-117.03071,46.45129],[-117.03036,46.4513],[-117.02988,46.45078],[-117.0304,46.44969],[-117.03027,46.44932],[-117.02875,46.44918],[-117.02743,46.44871],[-117.02661,46.44813],[-117.0258,46.44821],[-117.02438,46.44807],[-117.02392,46.44828],[-117.02382,46.4489],[-117.02413,46.44969],[-117.02387,46.44988],[-117.02383,46.45045],[-117.02311,46.45081],[-117.02324,46.45176],[-117.02239,46.45195],[-117.02206,46.4523],[-117.02195,46.45284],[-117.02216,46.4535],[-117.02172,46.45354],[-117.02115,46.4528],[-117.02086,46.45231],[-117.02049,46.45078],[-117.02023,46.45053],[-117.01968,46.45042],[-117.01951,46.45108],[-117.01912,46.45176],[-117.01718,46.45355],[-117.01686,46.45421],[-117.01736,46.45562],[-117.01704,46.45562],[-117.01574,46.45461],[-117.01539,46.45346],[-117.01555,46.45156],[-117.01508,46.45089],[-117.01496,46.45023],[-117.01391,46.45011],[-117.01358,46.45037],[-117.0133,46.45128],[-117.01274,46.45191],[-117.01254,46.45431],[-117.01224,46.45473],[-117.01068,46.45471],[-117.01068,46.4554],[-117.01121,46.45699],[-117.00963,46.45732],[-117.00768,46.4568],[-117.00676,46.45678],[-117.00659,46.45716],[-117.0063,46.45726],[-117.00439,46.45737],[-117.00392,46.45866],[-117.00218,46.45819],[-117.00121,46.45848],[-117.00068,46.45815],[-116.99947,46.45814],[-116.99915,46.4585],[-116.99886,46.45934],[-116.99747,46.45893],[-116.9957,46.46005],[-116.99528,46.45987],[-116.99491,46.45895],[-116.99457,46.45858],[-116.99378,46.4584],[-116.99286,46.45853],[-116.99198,46.45818],[-116.99146,46.45825],[-116.99085,46.45883],[-116.98966,46.45875],[-116.98922,46.4589],[-116.98903,46.45916],[-116.98808,46.45935],[-116.98746,46.45912],[-116.98671,46.45933],[-116.98573,46.46068],[-116.98457,46.4597],[-116.98408,46.45954],[-116.98351,46.45999],[-116.98312,46.46117],[-116.9828,46.46129],[-116.98244,46.46113],[-116.98175,46.45957],[-116.98004,46.45868],[-116.97838,46.45861],[-116.97807,46.45882],[-116.97805,46.45929],[-116.97777,46.4595],[-116.97678,46.45911],[-116.97601,46.45935],[-116.97463,46.45897],[-116.97422,46.45857],[-116.974,46.45771],[-116.9734,46.45683],[-116.97331,46.45611],[-116.97284,46.45597],[-116.97248,46.45648],[-116.97241,46.4575],[-116.97276,46.458],[-116.97266,46.45884],[-116.97288,46.45953],[-116.97279,46.46065],[-116.97055,46.46058],[-116.96868,46.46113],[-116.96826,46.46097],[-116.96785,46.4605],[-116.96778,46.45956],[-116.96743,46.45945],[-116.96713,46.45984],[-116.96706,46.46114],[-116.96629,46.46216],[-116.9658,46.4624],[-116.96473,46.46181],[-116.96358,46.46171],[-116.96343,46.4626],[-116.96299,46.46285],[-116.96303,46.46325],[-116.96406,46.46374],[-116.96445,46.46427],[-116.9651,46.46437],[-116.96593,46.46426],[-116.96784,46.46503],[-116.97058,46.46515],[-116.97228,46.46639],[-116.97315,46.46656],[-116.97485,46.46599],[-116.97598,46.46616],[-116.97751,46.46582],[-116.97814,46.4662],[-116.97912,46.46636],[-116.97965,46.46624],[-116.98035,46.46568],[-116.98094,46.46566],[-116.98211,46.46633],[-116.98283,46.46629],[-116.98432,46.46544],[-116.98551,46.46604],[-116.9861,46.46599],[-116.98673,46.46536],[-116.98729,46.4653],[-116.98838,46.46596],[-116.98907,46.46589],[-116.9901,46.4653],[-116.99146,46.46553],[-116.99185,46.46601],[-116.99254,46.46621],[-116.99574,46.46599],[-116.99637,46.46622],[-116.99798,46.4664],[-116.99929,46.46691],[-117.0009,46.46688],[-117.00299,46.46772],[-117.0026,46.46874],[-117.00583,46.47107],[-117.00596,46.4718],[-117.00642,46.47225],[-117.00665,46.47305],[-117.00776,46.4742],[-117.0123,46.47573],[-117.01319,46.47682],[-117.01462,46.47693],[-117.01323,46.4777],[-117.01255,46.4776],[-117.01004,46.47648],[-117.00726,46.47597],[-117.00554,46.47591],[-117.00305,46.47372],[-117.0024,46.47408],[-117.00182,46.47487],[-117.00136,46.47241],[-116.99825,46.47086],[-116.99641,46.47036],[-116.99419,46.47025],[-116.99274,46.47067],[-116.99208,46.47108],[-116.99214,46.4716],[-116.99112,46.47181],[-116.99005,46.47143],[-116.98595,46.4719],[-116.98544,46.47237],[-116.98524,46.4739],[-116.98557,46.47453],[-116.98559,46.47531],[-116.98489,46.47533],[-116.98398,46.47441],[-116.98268,46.47444],[-116.98192,46.47379],[-116.98099,46.47328],[-116.98013,46.47329],[-116.9788,46.47449],[-116.97806,46.47582],[-116.97767,46.4758],[-116.97547,46.4743],[-116.97486,46.47429],[-116.97385,46.47468],[-116.97248,46.47494],[-116.9715,46.47619],[-116.97131,46.47707],[-116.97088,46.47794],[-116.971,46.47985],[-116.97039,46.47991],[-116.96903,46.47866],[-116.96763,46.47688],[-116.96615,46.47692],[-116.96533,46.47653],[-116.96517,46.47542],[-116.96322,46.47524],[-116.96228,46.47383],[-116.96144,46.47351],[-116.95931,46.47381],[-116.95772,46.47459],[-116.95557,46.47595],[-116.95495,46.47601],[-116.955,46.47492],[-116.95535,46.47377],[-116.95519,46.47275],[-116.95418,46.4726],[-116.95309,46.472],[-116.95134,46.46986],[-116.9505,46.46954],[-116.94852,46.46962],[-116.94669,46.47015],[-116.94637,46.47068],[-116.94632,46.47205],[-116.94585,46.4723],[-116.94421,46.47165],[-116.94332,46.47167],[-116.94275,46.47198],[-116.94187,46.47419],[-116.94167,46.47553],[-116.94334,46.47908],[-116.94459,46.48076],[-116.94446,46.48129],[-116.94401,46.48135],[-116.94215,46.4796],[-116.94179,46.47907],[-116.94074,46.47893],[-116.94041,46.47822],[-116.93997,46.47792],[-116.9389,46.47782],[-116.93902,46.47724],[-116.9385,46.47637],[-116.93801,46.47594],[-116.9372,46.47573],[-116.93723,46.47481],[-116.93668,46.47423],[-116.93644,46.47323],[-116.93601,46.4726],[-116.9344,46.47244],[-116.93436,46.47214],[-116.9347,46.47136],[-116.93461,46.47105],[-116.93409,46.47048],[-116.93405,46.4687],[-116.93333,46.46861],[-116.93265,46.46896],[-116.93177,46.47019],[-116.93113,46.47053],[-116.9296,46.47045],[-116.92819,46.47059],[-116.92743,46.47096],[-116.9273,46.47194],[-116.92672,46.47205],[-116.92521,46.47186],[-116.92444,46.47225],[-116.92301,46.47559],[-116.92293,46.47611],[-116.9244,46.4777],[-116.92349,46.47812],[-116.92291,46.48063],[-116.92241,46.48186],[-116.92226,46.48361],[-116.92194,46.48382],[-116.92151,46.48354],[-116.92107,46.48227],[-116.92109,46.47962],[-116.9208,46.47851],[-116.91985,46.47792],[-116.91925,46.4783],[-116.91886,46.479],[-116.91747,46.47981],[-116.91698,46.47867],[-116.9174,46.47801],[-116.91761,46.47633],[-116.9171,46.47481],[-116.91812,46.47452],[-116.91786,46.47372],[-116.9166,46.47323],[-116.91399,46.4729],[-116.91483,46.47222],[-116.91695,46.47139],[-116.91662,46.47025],[-116.91741,46.46943],[-116.91859,46.4694],[-116.91901,46.4689],[-116.91921,46.46809],[-116.92116,46.46644],[-116.92114,46.46576],[-116.92082,46.465],[-116.92256,46.46246],[-116.9202,46.46289],[-116.91595,46.46328],[-116.9138,46.46381],[-116.91128,46.46371],[-116.91282,46.46219],[-116.9144,46.46134],[-116.91488,46.46055],[-116.91582,46.46029],[-116.91633,46.45981],[-116.91579,46.45909],[-116.91489,46.45857],[-116.91421,46.4588],[-116.91331,46.45867],[-116.9129,46.45893],[-116.91259,46.45948],[-116.91067,46.45942],[-116.90971,46.4599],[-116.90916,46.45965],[-116.90822,46.45818],[-116.90777,46.45797],[-116.90732,46.45794],[-116.90635,46.4591],[-116.90572,46.45923],[-116.90443,46.45876],[-116.90335,46.4588],[-116.9028,46.4584],[-116.90004,46.45918],[-116.8996,46.45908],[-116.89922,46.45748],[-116.89883,46.45717],[-116.89821,46.45728],[-116.89768,46.45764],[-116.89508,46.45785],[-116.895,46.45876],[-116.89432,46.45956],[-116.89399,46.46024],[-116.89396,46.46074],[-116.89422,46.46118],[-116.89421,46.46235],[-116.89386,46.46245],[-116.89055,46.46048],[-116.88747,46.45973],[-116.88699,46.45986],[-116.88676,46.46029],[-116.88668,46.46161],[-116.88537,46.46155],[-116.87976,46.46195],[-116.87809,46.46246],[-116.87792,46.46337],[-116.87762,46.46404],[-116.87834,46.46488],[-116.87838,46.46551],[-116.87694,46.46552],[-116.87587,46.46594],[-116.87531,46.4667],[-116.87525,46.47038],[-116.8744,46.47009],[-116.87219,46.46844],[-116.87127,46.46659],[-116.87046,46.46593],[-116.86921,46.46545],[-116.86911,46.46433],[-116.86829,46.46415],[-116.8675,46.4642],[-116.86692,46.46469],[-116.86718,46.46531],[-116.86731,46.46763],[-116.86646,46.46781],[-116.86306,46.46778],[-116.86263,46.46795],[-116.86239,46.46832],[-116.86323,46.46925],[-116.86323,46.4706],[-116.86361,46.47106],[-116.86376,46.47166],[-116.86406,46.472],[-116.8657,46.47267],[-116.866,46.47296],[-116.86491,46.47439],[-116.86714,46.47538],[-116.8649,46.47797],[-116.86527,46.47858],[-116.86593,46.47904],[-116.86952,46.47898],[-116.87614,46.47777],[-116.8796,46.47954],[-116.87927,46.48023],[-116.87665,46.47965],[-116.87525,46.4799],[-116.87197,46.48221],[-116.87201,46.48336],[-116.8714,46.48393],[-116.87139,46.48524],[-116.87084,46.48525],[-116.86905,46.48387],[-116.86765,46.48386],[-116.86558,46.48435],[-116.86508,46.48507],[-116.86511,46.48635],[-116.86395,46.486],[-116.86133,46.48452],[-116.85839,46.48244],[-116.85684,46.4822],[-116.85559,46.48243],[-116.85481,46.48298],[-116.85524,46.4847],[-116.85502,46.48485],[-116.85286,46.4842],[-116.85186,46.48558],[-116.85156,46.48569],[-116.85131,46.48553],[-116.85108,46.48411],[-116.84989,46.48268],[-116.85109,46.48212],[-116.85158,46.48153],[-116.8516,46.48029],[-116.85273,46.47983],[-116.8548,46.47718],[-116.85309,46.47443],[-116.8516,46.47331],[-116.85121,46.47356],[-116.85101,46.47468],[-116.8501,46.47488],[-116.85007,46.47625],[-116.84987,46.47662],[-116.84927,46.4766],[-116.84911,46.47592],[-116.84671,46.47345],[-116.84572,46.47332],[-116.84439,46.47365],[-116.8434,46.47457],[-116.84297,46.47541],[-116.84105,46.47657],[-116.84086,46.47639],[-116.84117,46.4749],[-116.84097,46.47329],[-116.84039,46.47294],[-116.83926,46.47275],[-116.83781,46.47276],[-116.83685,46.47312],[-116.83619,46.47313],[-116.83616,46.47279],[-116.83672,46.47239],[-116.83824,46.4718],[-116.84156,46.47118],[-116.8433,46.47011],[-116.84357,46.46929],[-116.84325,46.46848],[-116.84267,46.46792],[-116.84157,46.46771],[-116.8398,46.46816],[-116.8386,46.4681],[-116.83856,46.46781],[-116.83917,46.4671],[-116.83962,46.4657],[-116.83928,46.46569],[-116.83794,46.46655],[-116.83601,46.46706],[-116.83569,46.46691],[-116.83526,46.46568],[-116.83487,46.46546],[-116.83401,46.46578],[-116.83237,46.46699],[-116.8301,46.4697],[-116.82955,46.47067],[-116.82943,46.47135],[-116.82892,46.4713],[-116.82857,46.47088],[-116.82788,46.4706],[-116.82772,46.46999],[-116.82736,46.46966],[-116.8272,46.46858],[-116.82695,46.46833],[-116.82695,46.46698],[-116.82619,46.46655],[-116.82449,46.4665],[-116.82298,46.46562],[-116.82177,46.46537],[-116.82037,46.46554],[-116.81833,46.4666],[-116.81764,46.46735],[-116.81787,46.46925],[-116.8173,46.46936],[-116.81666,46.46877],[-116.81593,46.46843],[-116.815,46.46697],[-116.81441,46.46538],[-116.81353,46.46552],[-116.81209,46.4661],[-116.81226,46.46689],[-116.81182,46.46814],[-116.81219,46.46885],[-116.81227,46.4696],[-116.81284,46.47031],[-116.81279,46.47106],[-116.81299,46.47146],[-116.81343,46.47179],[-116.8134,46.47242],[-116.81209,46.47287],[-116.81154,46.47341],[-116.81094,46.47368],[-116.80792,46.4736],[-116.80734,46.47399],[-116.80718,46.47445],[-116.80924,46.47578],[-116.81063,46.47639],[-116.81372,46.47637],[-116.81465,46.47669],[-116.81475,46.47801],[-116.81556,46.47842],[-116.81677,46.47859],[-116.81725,46.47895],[-116.81764,46.47962],[-116.81698,46.48007],[-116.81699,46.48031],[-116.8194,46.48171],[-116.82386,46.48343],[-116.82541,46.48331],[-116.82752,46.48394],[-116.82818,46.48481],[-116.82931,46.48492],[-116.82967,46.4855],[-116.83125,46.48646],[-116.83245,46.48644],[-116.83284,46.48717],[-116.83357,46.48748],[-116.83405,46.48813],[-116.83555,46.48938],[-116.83719,46.48959],[-116.83846,46.48951],[-116.84195,46.4885],[-116.84295,46.48844],[-116.84535,46.48895],[-116.84778,46.49013],[-116.84967,46.49135],[-116.84966,46.49178],[-116.84923,46.4919],[-116.84745,46.49081],[-116.84662,46.49086],[-116.84574,46.49023],[-116.84401,46.48974],[-116.84228,46.48967],[-116.83839,46.49118],[-116.83719,46.49133],[-116.83609,46.49174],[-116.83516,46.49133],[-116.83455,46.49137],[-116.83369,46.49236],[-116.83228,46.4933],[-116.83132,46.49329],[-116.83116,46.49307],[-116.8321,46.49223],[-116.83216,46.4904],[-116.82904,46.48874],[-116.82747,46.48823],[-116.82487,46.48816],[-116.8242,46.48779],[-116.8224,46.48768],[-116.82127,46.48731],[-116.81959,46.4872],[-116.81818,46.48763],[-116.81679,46.48698],[-116.81007,46.48531],[-116.80972,46.4855],[-116.8105,46.48673],[-116.81057,46.48728],[-116.81024,46.48745],[-116.80892,46.48659],[-116.80704,46.48609],[-116.80626,46.48626],[-116.80598,46.48615],[-116.80587,46.48579],[-116.80544,46.48547],[-116.80464,46.48518],[-116.80358,46.48498],[-116.80194,46.48513],[-116.80162,46.4848],[-116.80135,46.4837],[-116.80108,46.48326],[-116.80044,46.48297],[-116.7994,46.48297],[-116.79776,46.48212],[-116.79579,46.48171],[-116.79511,46.48075],[-116.79254,46.47952],[-116.79099,46.47922],[-116.79043,46.4784],[-116.79005,46.4783],[-116.78891,46.47891],[-116.78781,46.47899],[-116.78714,46.48068],[-116.78671,46.48119],[-116.78673,46.48181],[-116.78726,46.48215],[-116.78834,46.48251],[-116.78837,46.48304],[-116.78878,46.48345],[-116.78961,46.4838],[-116.78967,46.48429],[-116.79023,46.48477],[-116.79011,46.48534],[-116.79033,46.48582],[-116.79006,46.48695],[-116.79059,46.48833],[-116.79129,46.48827],[-116.79165,46.48879],[-116.79122,46.48949],[-116.79133,46.49002],[-116.79261,46.49081],[-116.79459,46.49169],[-116.79439,46.492],[-116.79238,46.49197],[-116.79166,46.49153],[-116.79069,46.49147],[-116.78664,46.48816],[-116.78601,46.48714],[-116.78551,46.4869],[-116.78506,46.48702],[-116.78473,46.48832],[-116.78425,46.48858],[-116.78473,46.4896],[-116.78482,46.49323],[-116.78557,46.49379],[-116.78579,46.49426],[-116.7858,46.49542],[-116.78623,46.49597],[-116.78684,46.49635],[-116.78716,46.49713],[-116.78693,46.49738],[-116.78586,46.49785],[-116.78541,46.49832],[-116.78539,46.49926],[-116.7859,46.49979],[-116.78646,46.49984],[-116.78657,46.50014],[-116.78634,46.5004],[-116.78643,46.50104],[-116.78753,46.50192],[-116.78752,46.50268],[-116.78639,46.50283],[-116.78543,46.50341],[-116.78393,46.50345],[-116.78349,46.50413],[-116.78338,46.50485],[-116.78457,46.50587],[-116.78492,46.50641],[-116.78315,46.50649],[-116.78172,46.50696],[-116.78203,46.50856],[-116.78308,46.50916],[-116.78658,46.51274],[-116.78768,46.51286],[-116.78799,46.5138],[-116.79035,46.51413],[-116.79039,46.51436],[-116.7897,46.51502],[-116.78974,46.51552],[-116.79275,46.51785],[-116.79352,46.51899],[-116.79434,46.51959],[-116.79441,46.52011],[-116.79503,46.52037],[-116.79491,46.52079],[-116.79518,46.52143],[-116.79472,46.52152],[-116.79379,46.52112],[-116.793,46.52038],[-116.79173,46.51959],[-116.78902,46.51828],[-116.78875,46.51781],[-116.78709,46.5171],[-116.78568,46.51679],[-116.78525,46.51599],[-116.78027,46.51349],[-116.77949,46.51398],[-116.77861,46.51543],[-116.77784,46.51331],[-116.77816,46.51205],[-116.77753,46.51146],[-116.77612,46.51115],[-116.77597,46.51019],[-116.77494,46.5092],[-116.77485,46.50886],[-116.77509,46.50849],[-116.77508,46.50762],[-116.77461,46.50684],[-116.77454,46.50544],[-116.77425,46.50473],[-116.77467,46.50397],[-116.77591,46.50267],[-116.77592,46.50184],[-116.77541,46.49974],[-116.77466,46.4997],[-116.77478,46.49903],[-116.77536,46.49799],[-116.77511,46.4967],[-116.77462,46.49625],[-116.77429,46.49516],[-116.77296,46.49349],[-116.77226,46.49204],[-116.77179,46.49195],[-116.77063,46.4932],[-116.77162,46.49584],[-116.77146,46.49664],[-116.77173,46.49748],[-116.77197,46.49971],[-116.77264,46.49974],[-116.77268,46.50161],[-116.77237,46.50328],[-116.77179,46.50444],[-116.77136,46.50865],[-116.77029,46.51016],[-116.77064,46.51236],[-116.77135,46.51286],[-116.7715,46.51341],[-116.77217,46.51398],[-116.77169,46.51463],[-116.77169,46.51531],[-116.77049,46.51588],[-116.77046,46.51648],[-116.77184,46.51784],[-116.77112,46.51877],[-116.77082,46.51975],[-116.77027,46.5202],[-116.76886,46.51913],[-116.76715,46.5183],[-116.766,46.51832],[-116.76451,46.51898],[-116.7636,46.51908],[-116.76202,46.52004],[-116.76166,46.52054],[-116.76175,46.52167],[-116.76153,46.52232],[-116.76181,46.52285],[-116.7617,46.52326],[-116.75994,46.52288],[-116.75771,46.52206],[-116.75719,46.52205],[-116.75383,46.52552],[-116.75312,46.52647],[-116.75347,46.5267],[-116.75674,46.52776],[-116.75501,46.52911],[-116.75809,46.53032],[-116.7582,46.53086],[-116.75655,46.53125],[-116.7556,46.53169],[-116.75567,46.53206],[-116.75683,46.53341],[-116.7597,46.53376],[-116.75996,46.53451],[-116.75843,46.53518],[-116.75762,46.53596],[-116.75949,46.5373],[-116.759,46.53782],[-116.75891,46.53833],[-116.76021,46.53881],[-116.76299,46.53891],[-116.76257,46.53982],[-116.76263,46.54102],[-116.76522,46.54211],[-116.76544,46.54265],[-116.76871,46.54248],[-116.76882,46.54329],[-116.76782,46.54374],[-116.76696,46.54494],[-116.76694,46.54528],[-116.76714,46.54566],[-116.7691,46.54651],[-116.77032,46.54662],[-116.77019,46.54743],[-116.77107,46.54767],[-116.7733,46.54785],[-116.77317,46.54811],[-116.77225,46.54871],[-116.77163,46.54971],[-116.77184,46.54999],[-116.77466,46.55095],[-116.77501,46.55164],[-116.77561,46.55213],[-116.77568,46.55251],[-116.77336,46.55226],[-116.77295,46.55247],[-116.77501,46.55387],[-116.77464,46.55443],[-116.77626,46.55493],[-116.77652,46.55533],[-116.77571,46.55608],[-116.77563,46.5568],[-116.7779,46.55799],[-116.77799,46.55856],[-116.77837,46.5594],[-116.77894,46.56014],[-116.77947,46.56021],[-116.77998,46.5627],[-116.77981,46.56333],[-116.78182,46.56596],[-116.78291,46.56617],[-116.78329,46.56666],[-116.78417,46.56713],[-116.78355,46.56747],[-116.78344,46.56807],[-116.7825,46.56836],[-116.78202,46.56882],[-116.7821,46.57097],[-116.78268,46.57206],[-116.78343,46.5729],[-116.78535,46.5737],[-116.7846,46.57458],[-116.78444,46.57567],[-116.78358,46.57628],[-116.78326,46.5768],[-116.78342,46.57746],[-116.78426,46.57808],[-116.78439,46.5787],[-116.78497,46.57951],[-116.78562,46.57997],[-116.78564,46.58098],[-116.78662,46.58155],[-116.78803,46.58269],[-116.78768,46.58316],[-116.78786,46.58357],[-116.78854,46.58422],[-116.7894,46.58577],[-116.78987,46.58896],[-116.78952,46.58937],[-116.78893,46.5897],[-116.78865,46.5865],[-116.78793,46.58539],[-116.7876,46.58416],[-116.78669,46.58372],[-116.78658,46.58258],[-116.78625,46.58236],[-116.78546,46.58238],[-116.78464,46.58276],[-116.78434,46.58274],[-116.78433,46.58102],[-116.78393,46.5804],[-116.78281,46.58013],[-116.78273,46.57963],[-116.7823,46.5789],[-116.78167,46.57829],[-116.7809,46.57793],[-116.78143,46.5773],[-116.78149,46.57685],[-116.78111,46.57638],[-116.78078,46.57544],[-116.78013,46.5752],[-116.77999,46.57406],[-116.77952,46.57349],[-116.77841,46.57314],[-116.77741,46.57303],[-116.77621,46.57383],[-116.77578,46.57331],[-116.77491,46.57293],[-116.77403,46.57269],[-116.77288,46.57264],[-116.77205,46.57226],[-116.77159,46.57111],[-116.77105,46.57037],[-116.77034,46.56979],[-116.77061,46.56849],[-116.76981,46.56726],[-116.76907,46.56679],[-116.76655,46.56567],[-116.76632,46.56509],[-116.76569,46.56457],[-116.76526,46.56217],[-116.76528,46.5585],[-116.76482,46.55783],[-116.76424,46.55768],[-116.76283,46.5586],[-116.75993,46.55993],[-116.7588,46.56237],[-116.75704,46.56099],[-116.75576,46.56089],[-116.75524,46.56042],[-116.75392,46.55987],[-116.75505,46.55937],[-116.75631,46.55749],[-116.75626,46.55701],[-116.75563,46.55651],[-116.75569,46.55612],[-116.75644,46.55576],[-116.75703,46.55524],[-116.75865,46.55281],[-116.75818,46.55204],[-116.7575,46.55174],[-116.7555,46.55187],[-116.75338,46.55223],[-116.75333,46.55038],[-116.75352,46.5479],[-116.75203,46.54793],[-116.74832,46.54855],[-116.7494,46.54517],[-116.74892,46.54456],[-116.74806,46.54413],[-116.74689,46.54291],[-116.74602,46.54295],[-116.74521,46.54324],[-116.74418,46.54288],[-116.74246,46.54184],[-116.74234,46.54031],[-116.74065,46.53954],[-116.73921,46.53747],[-116.73864,46.5376],[-116.73654,46.53988],[-116.73608,46.54184],[-116.73349,46.54263],[-116.73279,46.5435],[-116.73391,46.54453],[-116.73572,46.54479],[-116.7364,46.54514],[-116.73624,46.54647],[-116.73577,46.54713],[-116.73703,46.54824],[-116.7377,46.55191],[-116.73705,46.55252],[-116.73678,46.5533],[-116.73725,46.55378],[-116.73668,46.55435],[-116.73672,46.55522],[-116.73623,46.55546],[-116.73609,46.55605],[-116.73559,46.55643],[-116.7347,46.55563],[-116.73474,46.55517],[-116.73314,46.55347],[-116.732,46.55265],[-116.73009,46.55164],[-116.72774,46.55163],[-116.72723,46.55189],[-116.72712,46.55273],[-116.72597,46.55403],[-116.72416,46.55478],[-116.722,46.55643],[-116.72005,46.55829],[-116.72,46.55867],[-116.72102,46.55955],[-116.72114,46.56012],[-116.7203,46.56088],[-116.72027,46.56132],[-116.72114,46.56227],[-116.7215,46.5647],[-116.71887,46.5652],[-116.71862,46.56538],[-116.71864,46.56627],[-116.71937,46.56733],[-116.71844,46.56831],[-116.71842,46.56983],[-116.71963,46.57073],[-116.7209,46.57114],[-116.72099,46.5716],[-116.71973,46.57284],[-116.72009,46.57337],[-116.72116,46.57403],[-116.72069,46.57461],[-116.71948,46.57552],[-116.71914,46.576],[-116.71924,46.57662],[-116.71988,46.57715],[-116.72075,46.5773],[-116.72204,46.57805],[-116.72232,46.57848],[-116.72577,46.57911],[-116.72607,46.58121],[-116.7251,46.58169],[-116.72526,46.58363],[-116.72574,46.58389],[-116.72696,46.58386],[-116.72781,46.58361],[-116.7284,46.5831],[-116.72972,46.58319],[-116.72983,46.58379],[-116.73024,46.58398],[-116.73107,46.58377],[-116.73196,46.58383],[-116.73335,46.58345],[-116.73806,46.58429],[-116.73901,46.58465],[-116.73931,46.5858],[-116.73759,46.58666],[-116.73661,46.58821],[-116.73634,46.59041],[-116.73579,46.59172],[-116.73484,46.59242],[-116.7349,46.59324],[-116.73516,46.59353],[-116.73496,46.59451],[-116.73614,46.59527],[-116.73627,46.59604],[-116.7374,46.59673],[-116.73795,46.59866],[-116.73858,46.59935],[-116.73823,46.6002],[-116.73999,46.60171],[-116.7414,46.6034],[-116.74203,46.60363],[-116.74342,46.60358],[-116.74373,46.6044],[-116.74433,46.60493],[-116.7444,46.60525],[-116.74397,46.60577],[-116.74414,46.60669],[-116.74459,46.60713],[-116.74442,46.60766],[-116.74465,46.60836],[-116.74619,46.60875],[-116.7461,46.6095],[-116.7465,46.60975],[-116.74575,46.61099],[-116.74607,46.61152],[-116.74775,46.61209],[-116.74904,46.61222],[-116.74921,46.61271],[-116.74963,46.6128],[-116.75047,46.61218],[-116.75197,46.61238],[-116.75233,46.6127],[-116.75242,46.61308],[-116.75338,46.61374],[-116.75439,46.61517],[-116.7544,46.61743],[-116.75623,46.61804],[-116.75731,46.61958],[-116.75797,46.62013],[-116.75908,46.62036],[-116.76069,46.62105],[-116.76231,46.62118],[-116.76318,46.62182],[-116.76201,46.62243],[-116.76493,46.62415],[-116.76864,46.62728],[-116.76983,46.62753],[-116.77005,46.62819],[-116.7724,46.62983],[-116.77317,46.62991],[-116.7741,46.63043],[-116.77421,46.63066],[-116.77511,46.63082],[-116.77703,46.63186],[-116.77834,46.63206],[-116.77791,46.6331],[-116.77869,46.63401],[-116.77991,46.63482],[-116.7808,46.63457],[-116.78241,46.63445],[-116.78331,46.63511],[-116.78655,46.63678],[-116.78867,46.63971],[-116.78904,46.64123],[-116.78831,46.64314],[-116.78902,46.64467],[-116.7892,46.64754],[-116.78835,46.64915],[-116.78805,46.64897],[-116.78801,46.64844],[-116.78844,46.64743],[-116.78847,46.64622],[-116.788,46.64483],[-116.78693,46.64338],[-116.78688,46.64283],[-116.78723,46.64188],[-116.78643,46.64041],[-116.78615,46.6403],[-116.7861,46.63986],[-116.78476,46.63774],[-116.78386,46.6371],[-116.78302,46.63677],[-116.78173,46.63649],[-116.77996,46.63711],[-116.77901,46.63683],[-116.77848,46.63636],[-116.77681,46.63596],[-116.77597,46.63514],[-116.77537,46.63393],[-116.77456,46.63378],[-116.77301,46.63283],[-116.77145,46.6329],[-116.77115,46.63217],[-116.77089,46.63195],[-116.7698,46.6317],[-116.76891,46.63123],[-116.76762,46.63131],[-116.76597,46.62983],[-116.7653,46.62965],[-116.76494,46.62905],[-116.76196,46.6272],[-116.75857,46.62512],[-116.75695,46.62475],[-116.75624,46.62484],[-116.75528,46.62543],[-116.75423,46.62655],[-116.75503,46.62806],[-116.7548,46.62936],[-116.75407,46.6302],[-116.75358,46.63017],[-116.75297,46.62914],[-116.75219,46.62912],[-116.75112,46.62951],[-116.74873,46.63182],[-116.74691,46.63331],[-116.74541,46.63534],[-116.74543,46.63602],[-116.7446,46.63794],[-116.74426,46.64012],[-116.74368,46.6417],[-116.74335,46.64196],[-116.74305,46.64162],[-116.74317,46.6385],[-116.74373,46.63684],[-116.74363,46.63505],[-116.74397,46.63375],[-116.74474,46.63265],[-116.74568,46.63184],[-116.74601,46.63073],[-116.74688,46.63005],[-116.74706,46.62927],[-116.74777,46.62882],[-116.74827,46.62771],[-116.7491,46.62704],[-116.74954,46.62639],[-116.74966,46.62579],[-116.74918,46.62502],[-116.75067,46.62362],[-116.75044,46.6234],[-116.74903,46.62332],[-116.7479,46.62253],[-116.74683,46.62257],[-116.74578,46.62215],[-116.74568,46.6218],[-116.7426,46.62037],[-116.74248,46.61978],[-116.74106,46.61866],[-116.74009,46.61813],[-116.73736,46.6182],[-116.7375,46.61649],[-116.73678,46.6156],[-116.73757,46.61467],[-116.73744,46.61347],[-116.73451,46.61041],[-116.73318,46.61039],[-116.73228,46.61057],[-116.73233,46.60912],[-116.73258,46.6087],[-116.7326,46.6079],[-116.73199,46.60732],[-116.7311,46.60696],[-116.7285,46.60676],[-116.72715,46.60621],[-116.72621,46.60556],[-116.72596,46.60384],[-116.72548,46.60352],[-116.72421,46.60328],[-116.72434,46.60233],[-116.72411,46.60206],[-116.72294,46.60172],[-116.7218,46.60112],[-116.72204,46.59977],[-116.72186,46.59951],[-116.72014,46.59819],[-116.71924,46.59722],[-116.71814,46.59662],[-116.71733,46.59659],[-116.71475,46.5985],[-116.71409,46.5981],[-116.71382,46.59729],[-116.71425,46.5943],[-116.71295,46.59325],[-116.71092,46.59311],[-116.70824,46.59372],[-116.70694,46.59479],[-116.70559,46.59456],[-116.70486,46.59508],[-116.7031,46.59706],[-116.70209,46.59796],[-116.70147,46.59809],[-116.70123,46.5979],[-116.70124,46.59669],[-116.69966,46.59559],[-116.69938,46.59498],[-116.69797,46.59495],[-116.69679,46.596],[-116.69477,46.59675],[-116.69422,46.59716],[-116.69399,46.59763],[-116.69028,46.59882],[-116.6893,46.5996],[-116.68823,46.59986],[-116.68786,46.60069],[-116.68691,46.60154],[-116.68567,46.60202],[-116.68479,46.60269],[-116.68347,46.60403],[-116.68325,46.60439],[-116.6832,46.60507],[-116.68265,46.60605],[-116.67999,46.60824],[-116.67759,46.60878],[-116.67657,46.6096],[-116.67644,46.61022],[-116.67701,46.61133],[-116.67752,46.61183],[-116.67734,46.61228],[-116.67772,46.61249],[-116.68082,46.61227],[-116.68092,46.61254],[-116.67885,46.61477],[-116.68023,46.61752],[-116.68155,46.61962],[-116.68247,46.62058],[-116.68496,46.62155],[-116.68962,46.6243],[-116.69069,46.6247],[-116.69159,46.62466],[-116.69253,46.62572],[-116.69106,46.62533],[-116.69062,46.62567],[-116.68315,46.62346],[-116.68239,46.62348],[-116.68171,46.62308],[-116.67962,46.62329],[-116.67878,46.62301],[-116.67791,46.62304],[-116.67703,46.62239],[-116.67638,46.62217],[-116.67418,46.62088],[-116.67342,46.62087],[-116.67181,46.61909],[-116.67088,46.61867],[-116.66948,46.61887],[-116.66862,46.61934],[-116.66775,46.61911],[-116.66513,46.61964],[-116.66421,46.62012],[-116.66209,46.61967],[-116.66046,46.6197],[-116.65966,46.61937],[-116.6571,46.61955],[-116.65621,46.61995],[-116.65702,46.62106],[-116.65726,46.62221],[-116.6562,46.62312],[-116.65622,46.62387],[-116.65693,46.62516],[-116.65761,46.62569],[-116.66154,46.62489],[-116.66713,46.62456],[-116.66965,46.6254],[-116.6729,46.62601],[-116.67476,46.62694],[-116.67565,46.6278],[-116.67621,46.62805],[-116.67691,46.62889],[-116.67908,46.62984],[-116.67994,46.63052],[-116.68083,46.63061],[-116.68211,46.63141],[-116.68264,46.63152],[-116.6835,46.63234],[-116.68368,46.63339],[-116.68428,46.63425],[-116.68478,46.63557],[-116.68445,46.63606],[-116.68455,46.63722],[-116.68535,46.63773],[-116.68812,46.63893],[-116.68947,46.64154],[-116.69022,46.64375],[-116.68986,46.64482],[-116.69077,46.64898],[-116.69119,46.6492],[-116.69156,46.65029],[-116.69215,46.65065],[-116.69221,46.6513],[-116.69289,46.65213],[-116.69302,46.6528],[-116.69396,46.65364],[-116.69811,46.65611],[-116.69836,46.65743],[-116.69972,46.65881],[-116.7006,46.66006],[-116.7007,46.66106],[-116.70102,46.66144],[-116.70105,46.66285],[-116.70162,46.66327],[-116.70295,46.66362],[-116.70575,46.66469],[-116.70772,46.66652],[-116.70836,46.66835],[-116.70819,46.66937],[-116.70873,46.66978],[-116.70819,46.67048],[-116.70858,46.671],[-116.70869,46.67167],[-116.70898,46.67197],[-116.7097,46.67215],[-116.71118,46.6721],[-116.71329,46.67279],[-116.71446,46.67291],[-116.71677,46.67354],[-116.71948,46.6748],[-116.72418,46.67736],[-116.725,46.67851],[-116.72462,46.67858],[-116.72294,46.67732],[-116.72209,46.67706],[-116.72157,46.67716],[-116.71975,46.67625],[-116.71924,46.67628],[-116.71676,46.67467],[-116.71468,46.67438],[-116.71134,46.67348],[-116.70888,46.67337],[-116.70826,46.6736],[-116.7074,46.67479],[-116.70717,46.67586],[-116.70748,46.67631],[-116.70675,46.67697],[-116.70663,46.67778],[-116.7061,46.67875],[-116.7061,46.68075],[-116.70626,46.68137],[-116.70608,46.68192],[-116.70578,46.68221],[-116.70525,46.68201],[-116.70532,46.68135],[-116.70511,46.68065],[-116.70524,46.67981],[-116.70498,46.67941],[-116.7056,46.67666],[-116.70563,46.67582],[-116.70546,46.67553],[-116.70633,46.6745],[-116.70709,46.67305],[-116.70703,46.67252],[-116.70635,46.67073],[-116.7058,46.67044],[-116.70598,46.66997],[-116.70576,46.66853],[-116.70496,46.66752],[-116.70258,46.66649],[-116.70124,46.66635],[-116.70114,46.66575],[-116.69886,46.66425],[-116.69835,46.66243],[-116.69729,46.66199],[-116.6974,46.6614],[-116.69532,46.65898],[-116.68984,46.65676],[-116.68743,46.65493],[-116.68579,46.65576],[-116.68628,46.65407],[-116.68323,46.65329],[-116.68131,46.65207],[-116.67971,46.6508],[-116.67948,46.64984],[-116.67754,46.64877],[-116.67741,46.64819],[-116.67246,46.64314],[-116.67208,46.6431],[-116.67207,46.64422],[-116.67087,46.64584],[-116.67053,46.64558],[-116.6707,46.64381],[-116.66978,46.64161],[-116.67062,46.6395],[-116.67003,46.63785],[-116.67024,46.63695],[-116.67011,46.63617],[-116.66877,46.6352],[-116.66586,46.63433],[-116.66437,46.63501],[-116.66325,46.63524],[-116.66206,46.6361],[-116.66212,46.63642],[-116.66306,46.63677],[-116.66466,46.63809],[-116.66642,46.63907],[-116.66917,46.6427],[-116.66925,46.6438],[-116.66715,46.64655],[-116.66667,46.64767],[-116.66666,46.64907],[-116.66548,46.65147],[-116.66436,46.65238],[-116.66429,46.6531],[-116.66332,46.65488],[-116.66223,46.65544],[-116.66179,46.65604],[-116.6619,46.65664],[-116.66243,46.65742],[-116.66181,46.65833],[-116.66181,46.6589],[-116.66128,46.6601],[-116.65949,46.66204],[-116.65942,46.6625],[-116.65974,46.66301],[-116.65977,46.66369],[-116.66,46.66426],[-116.66065,46.66486],[-116.66158,46.66627],[-116.66315,46.66977],[-116.66299,46.6709],[-116.66326,46.67157],[-116.66288,46.67225],[-116.66324,46.67383],[-116.66374,46.67501],[-116.66429,46.6753],[-116.6646,46.67594],[-116.66483,46.67719],[-116.66524,46.67767],[-116.66565,46.6795],[-116.66377,46.68232],[-116.66348,46.68308],[-116.66242,46.68426],[-116.66233,46.68508],[-116.66048,46.68633],[-116.66101,46.68755],[-116.661,46.68798],[-116.66075,46.68835],[-116.66072,46.69016],[-116.65989,46.69118],[-116.65712,46.69291],[-116.65719,46.69317],[-116.662,46.6953],[-116.66257,46.69587],[-116.66372,46.69646],[-116.66405,46.69799],[-116.66457,46.69876],[-116.66508,46.69922],[-116.6645,46.69992],[-116.66433,46.70122],[-116.66408,46.70158],[-116.66268,46.70221],[-116.66263,46.70386],[-116.66235,46.70442],[-116.66097,46.70541],[-116.66126,46.70615],[-116.66157,46.70648],[-116.66156,46.70685],[-116.66108,46.70681],[-116.66007,46.7059],[-116.65999,46.70526],[-116.66141,46.70389],[-116.66146,46.70195],[-116.66187,46.7015],[-116.66321,46.70094],[-116.66354,46.70063],[-116.6636,46.69991],[-116.66309,46.69846],[-116.6623,46.69727],[-116.6618,46.69692],[-116.66143,46.69613],[-116.65788,46.69485],[-116.65682,46.69512],[-116.65586,46.69494],[-116.65519,46.69503],[-116.65465,46.69309],[-116.65467,46.6923],[-116.65583,46.6905],[-116.65566,46.68938],[-116.65501,46.68855],[-116.65551,46.68775],[-116.65512,46.68672],[-116.65444,46.68615],[-116.65453,46.68575],[-116.65494,46.68529],[-116.65507,46.68467],[-116.65564,46.68416],[-116.6556,46.68392],[-116.65471,46.68324],[-116.65512,46.68247],[-116.65502,46.6805],[-116.6553,46.67933],[-116.65614,46.67885],[-116.65725,46.67743],[-116.65875,46.6775],[-116.65916,46.67735],[-116.65932,46.67683],[-116.65856,46.67618],[-116.65834,46.67569],[-116.65825,46.67482],[-116.65777,46.67431],[-116.65613,46.67324],[-116.65446,46.67168],[-116.65243,46.67095],[-116.65039,46.67068],[-116.65046,46.67044],[-116.65134,46.66972],[-116.6515,46.66908],[-116.65224,46.66798],[-116.65319,46.66745],[-116.65381,46.66684],[-116.65366,46.666],[-116.65274,46.66485],[-116.65246,46.66377],[-116.64968,46.66199],[-116.64942,46.66132],[-116.64994,46.66079],[-116.6501,46.66029],[-116.65051,46.6599],[-116.6508,46.65933],[-116.65172,46.65928],[-116.65111,46.65867],[-116.64963,46.65891],[-116.64956,46.6579],[-116.64789,46.65703],[-116.64986,46.65659],[-116.64926,46.65612],[-116.64926,46.65557],[-116.64979,46.65526],[-116.65139,46.65491],[-116.65219,46.65452],[-116.65178,46.65341],[-116.64983,46.65001],[-116.65063,46.64946],[-116.64916,46.6493],[-116.64859,46.64855],[-116.65042,46.64809],[-116.65083,46.64764],[-116.65082,46.64683],[-116.64991,46.64644],[-116.65002,46.64521],[-116.65132,46.6448],[-116.65198,46.64437],[-116.65173,46.64405],[-116.65055,46.64349],[-116.64989,46.64214],[-116.65034,46.64162],[-116.65042,46.64091],[-116.64937,46.63984],[-116.64971,46.63821],[-116.64922,46.63769],[-116.6465,46.63766],[-116.64571,46.63927],[-116.64494,46.63955],[-116.64415,46.63947],[-116.64367,46.63962],[-116.64328,46.64005],[-116.64139,46.64076],[-116.64039,46.64133],[-116.64027,46.64173],[-116.63872,46.64235],[-116.63754,46.64317],[-116.63715,46.64364],[-116.63525,46.64404],[-116.63515,46.64363],[-116.63617,46.64285],[-116.63677,46.6415],[-116.63728,46.64125],[-116.63775,46.6407],[-116.64017,46.63746],[-116.64055,46.63657],[-116.64103,46.6363],[-116.64175,46.63535],[-116.64204,46.6345],[-116.64279,46.63407],[-116.64307,46.63322],[-116.64507,46.63213],[-116.64506,46.6318],[-116.64389,46.63131],[-116.64432,46.62822],[-116.64346,46.62658],[-116.64278,46.62573],[-116.64086,46.62631],[-116.64008,46.62727],[-116.63837,46.6279],[-116.63723,46.62786],[-116.63609,46.62959],[-116.63548,46.62978],[-116.63505,46.63184],[-116.63469,46.63205],[-116.63254,46.63175],[-116.63201,46.63192],[-116.63193,46.63274],[-116.63111,46.63348],[-116.62822,46.6331],[-116.62772,46.63333],[-116.62677,46.6344],[-116.62569,46.6344],[-116.62461,46.63504],[-116.62241,46.63554],[-116.62203,46.63764],[-116.62029,46.63746],[-116.61936,46.63819],[-116.61882,46.63819],[-116.61733,46.63616],[-116.61508,46.63619],[-116.61431,46.63683],[-116.61277,46.63734],[-116.6116,46.63679],[-116.61104,46.63676],[-116.6105,46.63734],[-116.60949,46.63706],[-116.60855,46.63766],[-116.60761,46.63875],[-116.60582,46.63842],[-116.60572,46.6388],[-116.60614,46.63941],[-116.60599,46.64014],[-116.6049,46.64075],[-116.60423,46.6416],[-116.60416,46.64286],[-116.60461,46.64352],[-116.60529,46.64518],[-116.60343,46.64566],[-116.60336,46.64743],[-116.6023,46.64928],[-116.60112,46.64945],[-116.60094,46.65003],[-116.6002,46.65041],[-116.59993,46.6511],[-116.59981,46.65213],[-116.59902,46.65412],[-116.59912,46.65528],[-116.59962,46.65592],[-116.59986,46.65696],[-116.59952,46.65741],[-116.59951,46.65788],[-116.59987,46.65822],[-116.59992,46.65871],[-116.60032,46.65923],[-116.60046,46.6606],[-116.59984,46.66117],[-116.59951,46.66188],[-116.59938,46.66399],[-116.59889,46.66457],[-116.59801,46.66475],[-116.59516,46.66739],[-116.59533,46.6693],[-116.59377,46.66944],[-116.59269,46.66977],[-116.59138,46.6706],[-116.59058,46.67129],[-116.59063,46.6723],[-116.58841,46.67341],[-116.58687,46.67474],[-116.58518,46.67479],[-116.58475,46.67502],[-116.58105,46.67526],[-116.58043,46.67572],[-116.57951,46.67578],[-116.57767,46.6766],[-116.57672,46.67765],[-116.57635,46.67745],[-116.57613,46.67666],[-116.57409,46.67723],[-116.57078,46.67873],[-116.57056,46.67849],[-116.57083,46.67783],[-116.57207,46.6768],[-116.57355,46.67612],[-116.57473,46.67609],[-116.57545,46.67544],[-116.57725,46.67465],[-116.57911,46.67459],[-116.58049,46.67352],[-116.58319,46.67344],[-116.584,46.67299],[-116.58715,46.67186],[-116.58818,46.66971],[-116.58908,46.66891],[-116.58923,46.66832],[-116.59049,46.66731],[-116.59096,46.66673],[-116.59105,46.6658],[-116.59196,46.66512],[-116.59299,46.66391],[-116.59311,46.66335],[-116.593,46.66152],[-116.59359,46.66054],[-116.59375,46.65992],[-116.59366,46.65887],[-116.59275,46.65661],[-116.59226,46.65597],[-116.5914,46.65555],[-116.59207,46.65399],[-116.59196,46.65359],[-116.59128,46.65317],[-116.59108,46.65233],[-116.59045,46.6514],[-116.5904,46.651],[-116.59183,46.65043],[-116.59242,46.64997],[-116.59246,46.64724],[-116.5938,46.6458],[-116.59365,46.64544],[-116.59241,46.64503],[-116.59154,46.64431],[-116.59151,46.64349],[-116.59307,46.64262],[-116.59512,46.63973],[-116.59502,46.63945],[-116.59378,46.63853],[-116.59353,46.63798],[-116.59321,46.63797],[-116.59262,46.63837],[-116.59206,46.63848],[-116.59111,46.63796],[-116.58987,46.63761],[-116.58872,46.63687],[-116.58779,46.63658],[-116.58692,46.63672],[-116.58369,46.63841],[-116.58206,46.63896],[-116.58073,46.63905],[-116.58047,46.63941],[-116.5803,46.64016],[-116.57926,46.64001],[-116.578,46.6401],[-116.57713,46.64047],[-116.57558,46.64069],[-116.57417,46.6407],[-116.57326,46.64032],[-116.57275,46.64037],[-116.57319,46.64141],[-116.57326,46.64341],[-116.57365,46.64447],[-116.57349,46.64531],[-116.57315,46.64529],[-116.57172,46.64398],[-116.57087,46.64298],[-116.57081,46.64259],[-116.56976,46.64171],[-116.56851,46.6411],[-116.56737,46.64116],[-116.56618,46.64213],[-116.56593,46.64267],[-116.56608,46.64309],[-116.56605,46.64385],[-116.56625,46.6441],[-116.56646,46.64502],[-116.56604,46.64551],[-116.56593,46.64625],[-116.56551,46.64652],[-116.56547,46.64774],[-116.56502,46.6494],[-116.56358,46.64908],[-116.56177,46.64801],[-116.56047,46.64788],[-116.55996,46.64806],[-116.55881,46.64914],[-116.55809,46.64928],[-116.55622,46.64924],[-116.55526,46.64952],[-116.55484,46.64981],[-116.55461,46.65044],[-116.55308,46.65056],[-116.55216,46.65143],[-116.55093,46.65166],[-116.55031,46.65206],[-116.54993,46.65334],[-116.55029,46.65469],[-116.55051,46.65492],[-116.55026,46.65534],[-116.55011,46.6562],[-116.54963,46.65651],[-116.54917,46.65738],[-116.54936,46.65765],[-116.54989,46.65783],[-116.55079,46.65857],[-116.55013,46.66017],[-116.5501,46.66068],[-116.55089,46.66193],[-116.55058,46.66286],[-116.551,46.66329],[-116.5512,46.66392],[-116.55101,46.66508],[-116.5498,46.66645],[-116.55001,46.66743],[-116.5493,46.66802],[-116.54917,46.669],[-116.54885,46.66954],[-116.54861,46.67055],[-116.54521,46.67357],[-116.54191,46.67614],[-116.54153,46.67672],[-116.54031,46.67767],[-116.53939,46.67915],[-116.53737,46.68036],[-116.53647,46.68123],[-116.53621,46.68317],[-116.53538,46.68362],[-116.53493,46.68419],[-116.53328,46.68514],[-116.53204,46.68549],[-116.53005,46.68667],[-116.52916,46.68769],[-116.52808,46.68825],[-116.52698,46.68915],[-116.5246,46.69044],[-116.52435,46.69107],[-116.52331,46.69077],[-116.52215,46.69069],[-116.52108,46.69087],[-116.52031,46.69126],[-116.52002,46.69182],[-116.51754,46.69327],[-116.51719,46.69381],[-116.51332,46.69396],[-116.51149,46.69536],[-116.51111,46.69612],[-116.51015,46.69633],[-116.50786,46.69751],[-116.50692,46.69824],[-116.50617,46.69921],[-116.50523,46.70001],[-116.50519,46.70085],[-116.50588,46.70295],[-116.50507,46.70446],[-116.50498,46.70497],[-116.50628,46.70577],[-116.50769,46.70621],[-116.50825,46.70684],[-116.50831,46.70727],[-116.50781,46.70835],[-116.50646,46.70907],[-116.50561,46.70975],[-116.50508,46.71076],[-116.505,46.71221],[-116.50541,46.7126],[-116.506,46.71286],[-116.50625,46.71338],[-116.50631,46.71504],[-116.50559,46.71625],[-116.50495,46.71682],[-116.5052,46.7191],[-116.50457,46.71965],[-116.50443,46.72018],[-116.50401,46.72064],[-116.504,46.72102],[-116.50343,46.72179],[-116.50361,46.72367],[-116.50313,46.72398],[-116.50288,46.72383],[-116.50252,46.72261],[-116.50176,46.72117],[-116.50242,46.72031],[-116.50372,46.7191],[-116.50338,46.7176],[-116.50339,46.71629],[-116.50477,46.71503],[-116.50478,46.71461],[-116.50334,46.71273],[-116.5033,46.71197],[-116.50349,46.7116],[-116.50351,46.71057],[-116.5049,46.70902],[-116.50561,46.70778],[-116.50375,46.70668],[-116.50307,46.70516],[-116.50316,46.70423],[-116.50362,46.70363],[-116.50359,46.70326],[-116.50266,46.70139],[-116.50241,46.69942],[-116.50277,46.69867],[-116.50274,46.69809],[-116.50045,46.69684],[-116.50049,46.6966],[-116.5009,46.69649],[-116.50417,46.69676],[-116.50523,46.69657],[-116.50574,46.69629],[-116.50639,46.6953],[-116.50762,46.69494],[-116.50835,46.69447],[-116.5087,46.69395],[-116.50933,46.6937],[-116.50972,46.6932],[-116.51263,46.69161],[-116.51459,46.69138],[-116.51679,46.68998],[-116.52168,46.68756],[-116.52331,46.68729],[-116.52509,46.68669],[-116.52569,46.68579],[-116.52644,46.68522],[-116.52711,46.68381],[-116.52776,46.68353],[-116.53004,46.68308],[-116.5319,46.68233],[-116.5322,46.6795],[-116.53343,46.67863],[-116.5335,46.67799],[-116.53325,46.67767],[-116.53134,46.67669],[-116.53019,46.67515],[-116.53039,46.67496],[-116.53464,46.67646],[-116.53599,46.67652],[-116.53646,46.6764],[-116.5367,46.67533],[-116.53884,46.67287],[-116.54233,46.67052],[-116.54364,46.66782],[-116.54439,46.66685],[-116.54442,46.66619],[-116.54517,46.66513],[-116.54523,46.66432],[-116.54502,46.66232],[-116.54451,46.66219],[-116.54364,46.66144],[-116.54344,46.66079],[-116.54382,46.65996],[-116.54367,46.65927],[-116.54263,46.65883],[-116.54193,46.65832],[-116.54142,46.65722],[-116.54103,46.65688],[-116.54019,46.65673],[-116.53924,46.65592],[-116.5392,46.65544],[-116.53952,46.65489],[-116.54012,46.65462],[-116.54019,46.65356],[-116.54134,46.65253],[-116.5428,46.65072],[-116.54282,46.64994],[-116.54194,46.64857],[-116.54067,46.64748],[-116.53832,46.64733],[-116.53747,46.64647],[-116.53703,46.64623],[-116.53699,46.64579],[-116.53628,46.64506],[-116.53559,46.64482],[-116.53422,46.64391],[-116.53282,46.64327],[-116.53335,46.64055],[-116.53305,46.64025],[-116.53211,46.63995],[-116.52988,46.63854],[-116.52924,46.63788],[-116.52777,46.63702],[-116.52624,46.63694],[-116.52515,46.63653],[-116.52403,46.63644],[-116.52284,46.6367],[-116.52157,46.63652],[-116.52055,46.63673],[-116.51566,46.63662],[-116.51492,46.63633],[-116.51475,46.63601],[-116.51635,46.63598],[-116.51694,46.63581],[-116.51735,46.63603],[-116.519,46.63597],[-116.52237,46.63538],[-116.5265,46.6349],[-116.52768,46.63457],[-116.52998,46.63603],[-116.53078,46.6362],[-116.53208,46.63736],[-116.53374,46.63834],[-116.53653,46.63767],[-116.53799,46.63879],[-116.53866,46.63881],[-116.54033,46.6403],[-116.5411,46.64052],[-116.54117,46.64133],[-116.54213,46.64211],[-116.54325,46.64218],[-116.54388,46.64323],[-116.54411,46.64422],[-116.54562,46.64498],[-116.54571,46.64584],[-116.5462,46.64596],[-116.54671,46.6458],[-116.54667,46.64485],[-116.54723,46.64451],[-116.5511,46.64385],[-116.55272,46.64273],[-116.55349,46.64275],[-116.55631,46.64121],[-116.55641,46.64061],[-116.56047,46.63783],[-116.56056,46.63685],[-116.56105,46.63654],[-116.56108,46.63597],[-116.56133,46.63561],[-116.56108,46.63465],[-116.56137,46.63421],[-116.56116,46.63365],[-116.56155,46.63341],[-116.56148,46.63283],[-116.56178,46.63245],[-116.56182,46.63163],[-116.56116,46.63093],[-116.56103,46.62849],[-116.56047,46.62736],[-116.55979,46.62661],[-116.5598,46.6264],[-116.56257,46.62675],[-116.56338,46.62724],[-116.56356,46.62778],[-116.56513,46.62969],[-116.56526,46.63037],[-116.56612,46.63104],[-116.56684,46.63108],[-116.56689,46.6315],[-116.56936,46.63213],[-116.57008,46.63209],[-116.57031,46.63161],[-116.57099,46.63122],[-116.5713,46.63057],[-116.57182,46.63055],[-116.57313,46.63133],[-116.57368,46.63131],[-116.57642,46.6296],[-116.57646,46.62923],[-116.57622,46.62905],[-116.57633,46.62877],[-116.57741,46.62876],[-116.5788,46.62838],[-116.57936,46.62794],[-116.58139,46.6283],[-116.58181,46.62802],[-116.58254,46.62698],[-116.58307,46.62738],[-116.58347,46.62737],[-116.58418,46.627],[-116.5859,46.627],[-116.58597,46.62631],[-116.58992,46.62615],[-116.59036,46.62599],[-116.59026,46.62577],[-116.58832,46.62563],[-116.58832,46.62545],[-116.58854,46.62527],[-116.59139,46.62468],[-116.591,46.62403],[-116.59038,46.62359],[-116.59016,46.62212],[-116.59044,46.62169],[-116.59041,46.62078],[-116.58917,46.62013],[-116.58873,46.61936],[-116.59122,46.61942],[-116.59622,46.62042],[-116.59686,46.62008],[-116.59734,46.61945],[-116.5977,46.61949],[-116.60015,46.62153],[-116.60107,46.62133],[-116.6031,46.62156],[-116.60595,46.62159],[-116.60614,46.62241],[-116.6053,46.62317],[-116.60756,46.62426],[-116.60803,46.62419],[-116.60825,46.62397],[-116.60815,46.62258],[-116.60862,46.62183],[-116.60955,46.62242],[-116.6116,46.62229],[-116.61335,46.62191],[-116.61375,46.62268],[-116.61399,46.62288],[-116.61437,46.62291],[-116.61471,46.62265],[-116.6158,46.62243],[-116.6171,46.62142],[-116.61835,46.62122],[-116.62024,46.62023],[-116.62025,46.61883],[-116.62013,46.61853],[-116.62032,46.61817],[-116.62035,46.61755],[-116.62018,46.61717],[-116.62021,46.61684],[-116.62044,46.61665],[-116.62044,46.61554],[-116.61948,46.61507],[-116.61963,46.61442],[-116.61877,46.61359],[-116.61839,46.61292],[-116.61864,46.6126],[-116.61859,46.6107],[-116.61967,46.60944],[-116.61999,46.60876],[-116.62006,46.60787],[-116.61946,46.60687],[-116.62017,46.60648],[-116.62025,46.60594],[-116.62057,46.60593],[-116.62114,46.60649],[-116.62161,46.60729],[-116.62201,46.60817],[-116.62201,46.61025],[-116.6223,46.61076],[-116.62273,46.6111],[-116.62325,46.61114],[-116.62478,46.61214],[-116.62569,46.61225],[-116.62596,46.61295],[-116.62656,46.61351],[-116.62711,46.61372],[-116.62869,46.61382],[-116.63081,46.61522],[-116.63174,46.61547],[-116.63346,46.61556],[-116.6344,46.61543],[-116.63499,46.61471],[-116.63533,46.6128],[-116.63753,46.61096],[-116.63923,46.61085],[-116.64005,46.60944],[-116.64501,46.60557],[-116.64589,46.60533],[-116.65069,46.60504],[-116.65195,46.60416],[-116.65445,46.60384],[-116.6579,46.60283],[-116.65792,46.6017],[-116.65851,46.60132],[-116.65926,46.60113],[-116.6606,46.59996],[-116.66201,46.59913],[-116.66206,46.59887],[-116.6611,46.59824],[-116.66121,46.59808],[-116.66261,46.59776],[-116.66403,46.59715],[-116.66337,46.59629],[-116.66377,46.59584],[-116.66356,46.59499],[-116.66599,46.59482],[-116.66604,46.59456],[-116.66564,46.59389],[-116.66738,46.5933],[-116.66751,46.5921],[-116.66803,46.59173],[-116.66928,46.59163],[-116.66979,46.59126],[-116.67043,46.58874],[-116.67092,46.58884],[-116.67279,46.59009],[-116.67318,46.59019],[-116.6744,46.58905],[-116.67523,46.58899],[-116.67583,46.58869],[-116.67702,46.58748],[-116.67749,46.58737],[-116.67796,46.58702],[-116.67798,46.58676],[-116.68109,46.58513],[-116.68203,46.58496],[-116.68357,46.58407],[-116.6843,46.58313],[-116.6851,46.58153],[-116.68534,46.5814],[-116.6862,46.58185],[-116.68699,46.58201],[-116.68909,46.58172],[-116.68986,46.58191],[-116.69054,46.58183],[-116.69212,46.58035],[-116.69412,46.57795],[-116.69337,46.57729],[-116.69584,46.57526],[-116.69574,46.5742],[-116.69454,46.57358],[-116.69479,46.57335],[-116.69785,46.57233],[-116.69784,46.57203],[-116.69599,46.57048],[-116.6949,46.56989],[-116.69509,46.56657],[-116.69396,46.56591],[-116.69383,46.56563],[-116.6952,46.56468],[-116.69521,46.56416],[-116.69387,46.56315],[-116.69509,46.5611],[-116.69503,46.56047],[-116.69692,46.56154],[-116.69733,46.56149],[-116.69687,46.56108],[-116.6967,46.56017],[-116.6975,46.55933],[-116.69653,46.55817],[-116.69582,46.55784],[-116.69582,46.55764],[-116.6965,46.55764],[-116.69824,46.55821],[-116.69907,46.55821],[-116.69969,46.55792],[-116.69972,46.5575],[-116.7006,46.55707],[-116.70105,46.55625],[-116.70195,46.55526],[-116.70202,46.55473],[-116.70395,46.55144],[-116.70454,46.55109],[-116.70451,46.55056],[-116.70334,46.5494],[-116.7033,46.54919],[-116.70395,46.54824],[-116.70384,46.54791],[-116.70245,46.54636],[-116.70036,46.54508],[-116.70079,46.54445],[-116.70693,46.54426],[-116.70908,46.54495],[-116.70838,46.54307],[-116.7071,46.542],[-116.70715,46.54152],[-116.70822,46.5412],[-116.70873,46.54085],[-116.70871,46.54019],[-116.7084,46.53942],[-116.70871,46.53916],[-116.70994,46.53904],[-116.7104,46.53854],[-116.71049,46.53791],[-116.71092,46.53763],[-116.71125,46.53696],[-116.71169,46.5367],[-116.71203,46.53627],[-116.71224,46.53552],[-116.71218,46.53523],[-116.71041,46.53493],[-116.70643,46.53379],[-116.7067,46.53359],[-116.70788,46.53339],[-116.70851,46.53299],[-116.70855,46.53241],[-116.70794,46.5305],[-116.70672,46.5293],[-116.70751,46.52915],[-116.70796,46.52859],[-116.70822,46.52866],[-116.70884,46.5293],[-116.71061,46.53004],[-116.71111,46.53008],[-116.71209,46.52961],[-116.71689,46.52866],[-116.71796,46.52771],[-116.71818,46.52728],[-116.71759,46.52584],[-116.71895,46.5253],[-116.71926,46.52459],[-116.72152,46.52155],[-116.72157,46.52091],[-116.7222,46.52022],[-116.72223,46.51942],[-116.72266,46.51851],[-116.72253,46.51829],[-116.72043,46.51795],[-116.72144,46.51514],[-116.72225,46.51385],[-116.72385,46.51334],[-116.72579,46.51309],[-116.72771,46.51334],[-116.72899,46.51319],[-116.72986,46.5129],[-116.73006,46.51253],[-116.72947,46.51199],[-116.72741,46.51145],[-116.72512,46.51138],[-116.7237,46.51103],[-116.72215,46.51102],[-116.72109,46.51075],[-116.71769,46.51068],[-116.71641,46.51164],[-116.71515,46.51209],[-116.71327,46.51208],[-116.71231,46.51257],[-116.71188,46.51287],[-116.71174,46.51327],[-116.71119,46.51337],[-116.7105,46.51401],[-116.71035,46.51481],[-116.70912,46.51501],[-116.70874,46.51539],[-116.70862,46.5162],[-116.70834,46.51625],[-116.70677,46.51557],[-116.7059,46.51558],[-116.70568,46.5158],[-116.70563,46.51615],[-116.70639,46.51715],[-116.70639,46.51762],[-116.70548,46.5184],[-116.70536,46.51878],[-116.70549,46.51918],[-116.70631,46.52026],[-116.70599,46.52033],[-116.70396,46.52002],[-116.70223,46.5192],[-116.70196,46.51935],[-116.70216,46.52013],[-116.70275,46.52124],[-116.70306,46.52303],[-116.70143,46.52396],[-116.70093,46.52402],[-116.70086,46.52373],[-116.70131,46.52321],[-116.70123,46.52289],[-116.69989,46.52201],[-116.69812,46.52152],[-116.69475,46.51998],[-116.69373,46.51998],[-116.69303,46.5202],[-116.69266,46.52071],[-116.69269,46.52117],[-116.69309,46.52169],[-116.6938,46.5221],[-116.69401,46.52316],[-116.6927,46.52343],[-116.69194,46.52386],[-116.69086,46.52534],[-116.69013,46.52585],[-116.68955,46.52681],[-116.68912,46.52682],[-116.68796,46.52576],[-116.68733,46.52589],[-116.68647,46.52651],[-116.68605,46.52759],[-116.68497,46.52809],[-116.68445,46.52943],[-116.68226,46.52928],[-116.68057,46.52961],[-116.67912,46.53041],[-116.67866,46.53091],[-116.67863,46.53128],[-116.67892,46.53154],[-116.67942,46.53164],[-116.67969,46.53196],[-116.6807,46.53224],[-116.68114,46.53267],[-116.68184,46.53298],[-116.67955,46.53428],[-116.67961,46.53449],[-116.68052,46.53478],[-116.68062,46.53494],[-116.68059,46.53517],[-116.68015,46.53554],[-116.68018,46.53581],[-116.68265,46.53662],[-116.68274,46.53694],[-116.68109,46.53809],[-116.68113,46.53881],[-116.68174,46.53955],[-116.68371,46.5399],[-116.68306,46.541],[-116.68349,46.54176],[-116.68514,46.54297],[-116.68511,46.54351],[-116.68577,46.54436],[-116.68586,46.5452],[-116.68695,46.54584],[-116.68669,46.5462],[-116.68668,46.54769],[-116.68687,46.54807],[-116.68732,46.54839],[-116.68749,46.54909],[-116.68708,46.54924],[-116.68494,46.54786],[-116.68517,46.54709],[-116.68458,46.54624],[-116.68286,46.54493],[-116.68189,46.54474],[-116.68118,46.54411],[-116.68058,46.54382],[-116.67984,46.54393],[-116.67926,46.54355],[-116.67838,46.54347],[-116.67758,46.54385],[-116.67605,46.5431],[-116.67659,46.54238],[-116.67499,46.5411],[-116.67338,46.54041],[-116.67054,46.54188],[-116.66963,46.54297],[-116.66915,46.54296],[-116.6689,46.54199],[-116.66843,46.54156],[-116.66881,46.54101],[-116.66875,46.54039],[-116.66822,46.53971],[-116.66719,46.53922],[-116.66618,46.53898],[-116.66566,46.53901],[-116.66452,46.53966],[-116.66368,46.53953],[-116.66299,46.53976],[-116.66256,46.54017],[-116.66242,46.54081],[-116.6616,46.54118],[-116.66136,46.54181],[-116.66064,46.54221],[-116.65947,46.54094],[-116.6584,46.54013],[-116.6568,46.53968],[-116.65591,46.53968],[-116.65536,46.54014],[-116.65467,46.54109],[-116.65268,46.54044],[-116.65178,46.54036],[-116.65135,46.54068],[-116.65108,46.54096],[-116.65111,46.54139],[-116.6514,46.54181],[-116.65192,46.54205],[-116.65215,46.54253],[-116.65186,46.54339],[-116.65225,46.54392],[-116.65305,46.54434],[-116.65347,46.54516],[-116.65421,46.54587],[-116.6542,46.54671],[-116.65597,46.54841],[-116.65822,46.54985],[-116.65864,46.55068],[-116.66029,46.55235],[-116.66091,46.55242],[-116.66164,46.5522],[-116.66196,46.55253],[-116.66236,46.55373],[-116.66354,46.55593],[-116.66426,46.55636],[-116.66637,46.55648],[-116.66755,46.55578],[-116.66795,46.55632],[-116.66899,46.55685],[-116.66989,46.55807],[-116.6707,46.55868],[-116.67162,46.55896],[-116.67168,46.55959],[-116.67296,46.56048],[-116.67297,46.56072],[-116.67232,46.56122],[-116.67206,46.56115],[-116.67154,46.56047],[-116.67072,46.56018],[-116.66919,46.56007],[-116.66824,46.5605],[-116.66728,46.56055],[-116.66557,46.5615],[-116.66526,46.56246],[-116.66374,46.56367],[-116.66142,46.56501],[-116.66148,46.56533],[-116.66302,46.566],[-116.66312,46.56618],[-116.6624,46.56621],[-116.65879,46.56874],[-116.65839,46.56889],[-116.65836,46.56973],[-116.65738,46.56977],[-116.65576,46.57073],[-116.65574,46.57281],[-116.65548,46.5728],[-116.65427,46.57195],[-116.65258,46.57192],[-116.64674,46.57256],[-116.64519,46.57237],[-116.64349,46.57254],[-116.64164,46.57155],[-116.64163,46.57132],[-116.64187,46.57125],[-116.64372,46.57178],[-116.64455,46.57182],[-116.64608,46.57151],[-116.64836,46.57138],[-116.64943,46.57096],[-116.65116,46.57067],[-116.65242,46.57017],[-116.65459,46.56871],[-116.65497,46.56834],[-116.65523,46.56776],[-116.65564,46.56751],[-116.65578,46.567],[-116.65515,46.56643],[-116.65656,46.56626],[-116.65681,46.56603],[-116.6564,46.56423],[-116.65537,46.56376],[-116.65416,46.56269],[-116.65394,46.56229],[-116.65365,46.56075],[-116.6544,46.56083],[-116.65455,46.56],[-116.65373,46.55927],[-116.65264,46.55759],[-116.65212,46.55711],[-116.65122,46.55744],[-116.65035,46.55833],[-116.64842,46.55809],[-116.6473,46.55839],[-116.64706,46.55817],[-116.64696,46.55745],[-116.64649,46.55727],[-116.64541,46.55758],[-116.64445,46.55766],[-116.6442,46.55726],[-116.64301,46.5566],[-116.64071,46.55657],[-116.64059,46.55633],[-116.64094,46.55595],[-116.6423,46.55517],[-116.64345,46.55512],[-116.64442,46.55471],[-116.64588,46.55381],[-116.64593,46.55355],[-116.6441,46.55281],[-116.64351,46.55277],[-116.64312,46.55249],[-116.64315,46.55154],[-116.643,46.55146],[-116.64248,46.5515],[-116.64136,46.55192],[-116.64047,46.55194],[-116.63814,46.55089],[-116.63878,46.54928],[-116.63794,46.54906],[-116.638,46.54755],[-116.63715,46.54631],[-116.63672,46.54615],[-116.63544,46.54647],[-116.63427,46.54651],[-116.63166,46.5474],[-116.6308,46.54656],[-116.62969,46.5465],[-116.62914,46.54606],[-116.6262,46.5455],[-116.62608,46.54521],[-116.62702,46.54479],[-116.62987,46.5441],[-116.63262,46.54173],[-116.6326,46.54129],[-116.63048,46.54128],[-116.63055,46.5398],[-116.63016,46.53909],[-116.62913,46.53865],[-116.62913,46.53818],[-116.6299,46.53722],[-116.63146,46.53682],[-116.63207,46.53626],[-116.63342,46.5359],[-116.63409,46.53544],[-116.63422,46.53374],[-116.63361,46.5337],[-116.63148,46.53438],[-116.62864,46.53555],[-116.628,46.53553],[-116.62685,46.53495],[-116.62525,46.53656],[-116.62457,46.53759],[-116.62451,46.53797],[-116.62398,46.53833],[-116.6232,46.53796],[-116.62145,46.53756],[-116.61861,46.53723],[-116.61684,46.53742],[-116.61646,46.53772],[-116.61603,46.53945],[-116.61569,46.5395],[-116.61451,46.5383],[-116.61343,46.53785],[-116.61242,46.53774],[-116.61276,46.53644],[-116.60874,46.5348],[-116.60809,46.53515],[-116.60633,46.53517],[-116.6055,46.53566],[-116.60489,46.53535],[-116.60411,46.53388],[-116.60367,46.53344],[-116.60292,46.53352],[-116.60163,46.53455],[-116.59968,46.53538],[-116.59957,46.53455],[-116.59929,46.53416],[-116.59924,46.53307],[-116.59871,46.53207],[-116.59751,46.53178],[-116.59549,46.53216],[-116.59387,46.53277],[-116.59271,46.53214],[-116.59189,46.53194],[-116.59217,46.53153],[-116.58988,46.53109],[-116.5881,46.53186],[-116.58712,46.53199],[-116.58685,46.53249],[-116.58678,46.53326],[-116.58717,46.53403],[-116.58841,46.53489],[-116.58855,46.53592],[-116.58774,46.53625],[-116.58774,46.53698],[-116.58747,46.53719],[-116.58586,46.53719],[-116.58479,46.53816],[-116.58443,46.5381],[-116.58354,46.53735],[-116.5828,46.53644],[-116.58208,46.53637],[-116.58007,46.53832],[-116.57972,46.53883],[-116.57967,46.54028],[-116.57919,46.54082],[-116.57882,46.54096],[-116.57832,46.54054],[-116.57761,46.54041],[-116.5767,46.53951],[-116.57645,46.53853],[-116.57613,46.53854],[-116.57562,46.53934],[-116.57327,46.54127],[-116.57309,46.54172],[-116.57186,46.54275],[-116.57131,46.54346],[-116.57123,46.54448],[-116.57184,46.54561],[-116.5715,46.54576],[-116.56904,46.54579],[-116.56841,46.54605],[-116.56805,46.54638],[-116.56785,46.54713],[-116.56741,46.54746],[-116.56662,46.54765],[-116.56592,46.55002],[-116.565,46.55011],[-116.56456,46.55038],[-116.56394,46.55005],[-116.56387,46.54951],[-116.56316,46.54952],[-116.56226,46.54994],[-116.56157,46.55048],[-116.56149,46.55095],[-116.56091,46.55109],[-116.56057,46.55186],[-116.55951,46.55174],[-116.55955,46.5524],[-116.5584,46.5533],[-116.55856,46.55364],[-116.55942,46.55426],[-116.55961,46.55504],[-116.55907,46.55521],[-116.55887,46.55549],[-116.55741,46.55626],[-116.55642,46.55808],[-116.55558,46.55903],[-116.55497,46.55942],[-116.55545,46.56027],[-116.55651,46.56109],[-116.55584,46.56161],[-116.55567,46.56225],[-116.55529,46.56248],[-116.55415,46.56194],[-116.55289,46.56195],[-116.55233,46.56233],[-116.55185,46.56297],[-116.55034,46.56331],[-116.54991,46.56392],[-116.54981,46.5645],[-116.55038,46.56639],[-116.5482,46.56681],[-116.54728,46.5672],[-116.54662,46.56836],[-116.54526,46.56855],[-116.54468,46.56896],[-116.54184,46.56962],[-116.54138,46.56992],[-116.5407,46.56999],[-116.53972,46.57041],[-116.53886,46.56994],[-116.53788,46.56979],[-116.53729,46.56899],[-116.53638,46.56888],[-116.53586,46.56921],[-116.53525,46.56859],[-116.53474,46.56844],[-116.53404,46.56865],[-116.53301,46.56836],[-116.5323,46.56845],[-116.53121,46.56927],[-116.53099,46.57006],[-116.53065,46.57041],[-116.5301,46.5705],[-116.52998,46.5697],[-116.52967,46.56954],[-116.529,46.56956],[-116.52851,46.56991],[-116.52776,46.57121],[-116.52769,46.5721],[-116.52702,46.57246],[-116.52571,46.57228],[-116.52542,46.57266],[-116.52555,46.57362],[-116.52438,46.57376],[-116.5237,46.57503],[-116.52321,46.57652],[-116.52226,46.57659],[-116.52124,46.57722],[-116.52086,46.57781],[-116.521,46.57816],[-116.52208,46.57917],[-116.52245,46.58077],[-116.52057,46.58331],[-116.51991,46.58341],[-116.52107,46.58139],[-116.52104,46.58071],[-116.52079,46.58033],[-116.51939,46.57926],[-116.51742,46.57879],[-116.51566,46.57874],[-116.51086,46.57778],[-116.51035,46.57729],[-116.50926,46.57718],[-116.50879,46.57743],[-116.50599,46.57637],[-116.50481,46.57575],[-116.50488,46.57552],[-116.50975,46.57633],[-116.51634,46.57666],[-116.518,46.57618],[-116.51968,46.57488],[-116.52015,46.57427],[-116.52038,46.57313],[-116.5208,46.57267],[-116.52114,46.5713],[-116.52173,46.57094],[-116.5239,46.56773],[-116.5265,46.56639],[-116.52752,46.56568],[-116.52799,46.56507],[-116.52912,46.56467],[-116.52936,46.56437],[-116.5292,46.56413],[-116.52809,46.56358],[-116.52643,46.56366],[-116.52481,46.56316],[-116.52118,46.56265],[-116.51912,46.56319],[-116.51816,46.56305],[-116.51745,46.56335],[-116.5156,46.56333],[-116.51507,46.56308],[-116.51212,46.56293],[-116.51226,46.56258],[-116.51206,46.56201],[-116.51106,46.56143],[-116.50921,46.55994],[-116.50768,46.55937],[-116.50633,46.55846],[-116.50475,46.55846],[-116.50296,46.55754],[-116.50118,46.55702],[-116.49998,46.55693],[-116.49941,46.55714],[-116.49316,46.5557],[-116.49247,46.5551],[-116.49263,46.55484],[-116.4984,46.55569],[-116.50113,46.55558],[-116.5024,46.55579],[-116.50322,46.55617],[-116.50465,46.55621],[-116.50524,46.55664],[-116.50734,46.55717],[-116.50866,46.55774],[-116.51054,46.55817],[-116.51306,46.56004],[-116.5145,46.56043],[-116.51693,46.56029],[-116.51801,46.55968],[-116.51895,46.55993],[-116.52173,46.55972],[-116.52321,46.56007],[-116.52536,46.55971],[-116.52608,46.55941],[-116.52804,46.56006],[-116.52914,46.55999],[-116.5301,46.55964],[-116.53111,46.55968],[-116.53177,46.5602],[-116.53279,46.56031],[-116.53304,46.56009],[-116.5346,46.55999],[-116.53503,46.56075],[-116.53581,46.56107],[-116.53747,46.56092],[-116.53856,46.56137],[-116.53948,46.56122],[-116.53952,46.56074],[-116.54036,46.56047],[-116.54109,46.55965],[-116.5415,46.55811],[-116.54227,46.55806],[-116.54298,46.55763],[-116.54495,46.55778],[-116.54584,46.55752],[-116.54615,46.55629],[-116.54702,46.55558],[-116.5472,46.55521],[-116.54764,46.55179],[-116.54793,46.55061],[-116.54942,46.54931],[-116.54949,46.54882],[-116.54897,46.54797],[-116.54903,46.54716],[-116.55184,46.54656],[-116.55259,46.54448],[-116.55486,46.54464],[-116.55578,46.54455],[-116.55688,46.54407],[-116.55636,46.54272],[-116.55606,46.54242],[-116.55638,46.54201],[-116.5563,46.54152],[-116.55522,46.54084],[-116.55527,46.54],[-116.55659,46.53976],[-116.55759,46.53938],[-116.55778,46.53841],[-116.55802,46.53817],[-116.55881,46.53799],[-116.55947,46.53745],[-116.55945,46.53687],[-116.55885,46.53616],[-116.55947,46.53522],[-116.55955,46.53443],[-116.55944,46.5337],[-116.55883,46.53295],[-116.56099,46.53258],[-116.56154,46.53209],[-116.56144,46.53171],[-116.5597,46.53043],[-116.55886,46.52929],[-116.5617,46.52864],[-116.56346,46.52796],[-116.56667,46.5251],[-116.5669,46.52409],[-116.56871,46.52339],[-116.56945,46.52287],[-116.5694,46.52253],[-116.56858,46.52143],[-116.56723,46.52117],[-116.56663,46.52166],[-116.56599,46.52277],[-116.56308,46.5233],[-116.55979,46.52413],[-116.55887,46.52402],[-116.56158,46.52301],[-116.56149,46.52277],[-116.55969,46.52274],[-116.55794,46.52308],[-116.55691,46.52304],[-116.5562,46.5224],[-116.55309,46.52327],[-116.5528,46.52466],[-116.5522,46.52473],[-116.55179,46.52419],[-116.55074,46.52419],[-116.55038,46.52391],[-116.54889,46.524],[-116.54863,46.52428],[-116.54652,46.52422],[-116.54628,46.52348],[-116.54515,46.52251],[-116.54437,46.52135],[-116.54348,46.52097],[-116.54328,46.52125],[-116.54303,46.52244],[-116.54264,46.52286],[-116.54114,46.52246],[-116.5404,46.52246],[-116.54009,46.52275],[-116.54101,46.52351],[-116.54113,46.5248],[-116.54065,46.52509],[-116.54077,46.52584],[-116.53984,46.52675],[-116.53894,46.52718],[-116.53783,46.52745],[-116.53684,46.52691],[-116.53669,46.5263],[-116.53597,46.52573],[-116.53481,46.52524],[-116.5335,46.52506],[-116.53195,46.52564],[-116.53155,46.52606],[-116.53143,46.52642],[-116.5316,46.52711],[-116.53111,46.5274],[-116.53069,46.52801],[-116.52993,46.52859],[-116.52956,46.52951],[-116.52924,46.5296],[-116.52889,46.52944],[-116.52821,46.5277],[-116.52824,46.52743],[-116.52868,46.52715],[-116.52847,46.52669],[-116.52788,46.52643],[-116.52559,46.52624],[-116.52503,46.52627],[-116.52456,46.52686],[-116.52451,46.52768],[-116.52388,46.52809],[-116.52361,46.52799],[-116.52307,46.52717],[-116.52271,46.527],[-116.52232,46.52715],[-116.52171,46.52775],[-116.52087,46.52805],[-116.5154,46.52968],[-116.51506,46.52958],[-116.51518,46.52929],[-116.51638,46.52837],[-116.51718,46.52817],[-116.51945,46.52671],[-116.52076,46.52424],[-116.51917,46.52401],[-116.51851,46.52408],[-116.51767,46.52387],[-116.51537,46.52418],[-116.51474,46.52334],[-116.51401,46.52329],[-116.51338,46.52393],[-116.51177,46.52404],[-116.51159,46.52372],[-116.51192,46.52334],[-116.51197,46.52253],[-116.51095,46.52179],[-116.51282,46.52028],[-116.51276,46.51864],[-116.51168,46.51785],[-116.50684,46.51562],[-116.50574,46.51538],[-116.50411,46.51555],[-116.50241,46.51631],[-116.50136,46.51627],[-116.5005,46.51516],[-116.49782,46.51452],[-116.49659,46.51446],[-116.49547,46.5134],[-116.49321,46.51201],[-116.49094,46.51219],[-116.49018,46.51333],[-116.48905,46.51458],[-116.48895,46.5155],[-116.48855,46.51579],[-116.48785,46.5154],[-116.48741,46.51471],[-116.48716,46.51281],[-116.48629,46.51219],[-116.4847,46.51177],[-116.48342,46.51176],[-116.48261,46.51234],[-116.48258,46.51406],[-116.48152,46.51441],[-116.48087,46.51487],[-116.48049,46.5156],[-116.47864,46.51567],[-116.4787,46.51538],[-116.47948,46.51482],[-116.47955,46.51388],[-116.47944,46.51364],[-116.47834,46.51355],[-116.47834,46.51289],[-116.47738,46.51192],[-116.47686,46.51185],[-116.47616,46.5113],[-116.47546,46.51109],[-116.47495,46.5104],[-116.47419,46.51],[-116.47368,46.50931],[-116.47324,46.50908],[-116.47063,46.50913],[-116.4695,46.50958],[-116.46904,46.50952],[-116.4686,46.50923],[-116.46667,46.50949],[-116.46618,46.50974],[-116.46503,46.50976],[-116.46413,46.51012],[-116.464,46.51052],[-116.46295,46.51069],[-116.46248,46.5111],[-116.46235,46.51199],[-116.46194,46.51231],[-116.46173,46.51283],[-116.46087,46.51326],[-116.46061,46.513],[-116.46056,46.51197],[-116.46005,46.51117],[-116.46001,46.51067],[-116.45941,46.51014],[-116.45862,46.50981],[-116.45677,46.50948],[-116.45461,46.50975],[-116.45351,46.51008],[-116.45292,46.50863],[-116.45233,46.50838],[-116.45106,46.50845],[-116.4477,46.50772],[-116.44719,46.50776],[-116.44674,46.5081],[-116.44517,46.50763],[-116.44316,46.50727],[-116.44172,46.50757],[-116.44089,46.50803],[-116.44071,46.50876],[-116.4399,46.50883],[-116.43716,46.51036],[-116.43602,46.51036],[-116.43418,46.51062],[-116.43373,46.51085],[-116.43356,46.51147],[-116.43329,46.51163],[-116.43285,46.51154],[-116.43228,46.51072],[-116.43132,46.51025],[-116.42936,46.51007],[-116.42879,46.51034],[-116.42762,46.51043],[-116.4266,46.5111],[-116.42588,46.51096],[-116.42531,46.51139],[-116.42481,46.51127],[-116.42412,46.51062],[-116.42227,46.51006],[-116.4203,46.50995],[-116.41833,46.51056],[-116.41587,46.51093],[-116.41203,46.51065],[-116.41043,46.51103],[-116.40812,46.51233],[-116.40719,46.5126],[-116.40706,46.51189],[-116.40629,46.51178],[-116.40531,46.51198],[-116.40591,46.51055],[-116.4059,46.50954],[-116.40563,46.50905],[-116.4046,46.509],[-116.40167,46.50999],[-116.40131,46.51048],[-116.40115,46.51153],[-116.39983,46.51131],[-116.39885,46.51052],[-116.39832,46.51052],[-116.39748,46.51108],[-116.39615,46.51279],[-116.39677,46.51358],[-116.39627,46.51377],[-116.39509,46.51306],[-116.39295,46.51242],[-116.39258,46.51286],[-116.39165,46.5129],[-116.3913,46.51318],[-116.3903,46.51307],[-116.38929,46.51202],[-116.3883,46.51228],[-116.38702,46.51298],[-116.38648,46.51442],[-116.38551,46.5145],[-116.38459,46.51504],[-116.38408,46.5158],[-116.38288,46.51627],[-116.38215,46.51556],[-116.38168,46.51539],[-116.38042,46.5153],[-116.37862,46.51474],[-116.37796,46.51495],[-116.37694,46.51471],[-116.37668,46.51447],[-116.37657,46.51402],[-116.37622,46.51385],[-116.37422,46.51397],[-116.37369,46.51387],[-116.3728,46.51339],[-116.3719,46.51344],[-116.37107,46.5143],[-116.36974,46.51427],[-116.36861,46.51357],[-116.36765,46.5136],[-116.36729,46.51421],[-116.36572,46.51364],[-116.36628,46.51306],[-116.36424,46.51314],[-116.36284,46.5137],[-116.36175,46.51368],[-116.36094,46.51347],[-116.35928,46.51348],[-116.3589,46.5136],[-116.35864,46.51422],[-116.35897,46.51475],[-116.35869,46.51507],[-116.35783,46.51517],[-116.35647,46.516],[-116.35696,46.51697],[-116.35687,46.51763],[-116.35659,46.51802],[-116.35462,46.51745],[-116.35304,46.51628],[-116.35205,46.51522],[-116.3515,46.515],[-116.35088,46.5157],[-116.35004,46.51602],[-116.3497,46.51676],[-116.34838,46.51689],[-116.3474,46.51637],[-116.34621,46.51632],[-116.34609,46.51592],[-116.34528,46.51541],[-116.34418,46.5155],[-116.34308,46.51587],[-116.34217,46.51502],[-116.34275,46.51411],[-116.34241,46.51357],[-116.34079,46.51384],[-116.33943,46.5138],[-116.33808,46.51341],[-116.33672,46.5135],[-116.33574,46.51472],[-116.33547,46.5158],[-116.33355,46.51596],[-116.33329,46.51626],[-116.33345,46.51697],[-116.33306,46.51715],[-116.33179,46.51717],[-116.33063,46.51685],[-116.33022,46.51626],[-116.33015,46.51507],[-116.33056,46.51452],[-116.33076,46.51353],[-116.33047,46.51333],[-116.3288,46.51379],[-116.32697,46.51318],[-116.3255,46.51349],[-116.32297,46.51445],[-116.32114,46.51562],[-116.32063,46.51578],[-116.31993,46.5158],[-116.31873,46.51498],[-116.31798,46.51503],[-116.31759,46.51569],[-116.31658,46.51601],[-116.31595,46.51661],[-116.31051,46.51722],[-116.3099,46.51744],[-116.30918,46.5172],[-116.30854,46.51732],[-116.30848,46.51883],[-116.30903,46.51925],[-116.30927,46.5202],[-116.30704,46.5201],[-116.30578,46.51951],[-116.30521,46.51949],[-116.30409,46.52013],[-116.30317,46.52043],[-116.30285,46.52073],[-116.30308,46.52097],[-116.30383,46.52083],[-116.30438,46.52039],[-116.30676,46.52072],[-116.30719,46.52096],[-116.30755,46.52203],[-116.3083,46.5221],[-116.31045,46.52374],[-116.30815,46.52529],[-116.30803,46.52549],[-116.30813,46.52566],[-116.31037,46.52606],[-116.31189,46.52682],[-116.3119,46.52705],[-116.3115,46.52762],[-116.31248,46.52819],[-116.31346,46.52923],[-116.31338,46.52954],[-116.31147,46.53],[-116.31148,46.53082],[-116.31195,46.53118],[-116.31232,46.53204],[-116.3123,46.53265],[-116.3122,46.5338],[-116.31194,46.534],[-116.31176,46.53501],[-116.31113,46.53628],[-116.31228,46.53695],[-116.3119,46.53755],[-116.31236,46.53802],[-116.31267,46.53878],[-116.31288,46.53898],[-116.31389,46.53904],[-116.31395,46.54036],[-116.31333,46.5404],[-116.31254,46.54087],[-116.31153,46.54117],[-116.31088,46.54161],[-116.31031,46.54242],[-116.30969,46.54257],[-116.30818,46.54246],[-116.30758,46.54275],[-116.30691,46.54275],[-116.30574,46.54346],[-116.30581,46.54382],[-116.30729,46.5448],[-116.30807,46.54485],[-116.30842,46.54528],[-116.3086,46.54584],[-116.30953,46.54628],[-116.31093,46.54667],[-116.31168,46.54662],[-116.31227,46.54693],[-116.31347,46.54712],[-116.31329,46.54744],[-116.31232,46.54806],[-116.31295,46.54847],[-116.31423,46.54889],[-116.31428,46.54915],[-116.3139,46.54944],[-116.31246,46.54954],[-116.31229,46.54979],[-116.31266,46.55037],[-116.31199,46.55069],[-116.31061,46.55036],[-116.31063,46.55131],[-116.31011,46.55137],[-116.30939,46.55114],[-116.30839,46.55129],[-116.30782,46.55116],[-116.30719,46.55067],[-116.30621,46.55052],[-116.30505,46.5508],[-116.30436,46.55043],[-116.30303,46.55054],[-116.30191,46.55117],[-116.30125,46.55113],[-116.30087,46.55031],[-116.2996,46.55024],[-116.29879,46.55],[-116.297,46.55045],[-116.2968,46.55066],[-116.29702,46.55104],[-116.29798,46.55171],[-116.29802,46.55234],[-116.29858,46.55276],[-116.29908,46.55453],[-116.29871,46.55487],[-116.29799,46.55494],[-116.29679,46.55466],[-116.29598,46.55483],[-116.29154,46.55648],[-116.29023,46.55678],[-116.28896,46.558],[-116.28822,46.55841],[-116.28748,46.55861],[-116.28418,46.55873],[-116.28307,46.55907],[-116.28239,46.55964],[-116.28098,46.55968],[-116.28067,46.55952],[-116.27832,46.5598],[-116.27798,46.55965],[-116.27789,46.55915],[-116.27697,46.55862],[-116.27593,46.55842],[-116.27506,46.5585],[-116.27441,46.55894],[-116.27222,46.55897],[-116.26907,46.55933],[-116.26906,46.55895],[-116.26786,46.55922],[-116.26659,46.55972],[-116.26593,46.55956],[-116.26544,46.55918],[-116.2639,46.55924],[-116.2633,46.55987],[-116.26214,46.56023],[-116.26208,46.5606],[-116.26253,46.56092],[-116.26414,46.56113],[-116.26416,46.56181],[-116.26516,46.56251],[-116.26525,46.56317],[-116.26611,46.5636],[-116.26787,46.56363],[-116.2687,46.56319],[-116.26934,46.56395],[-116.2697,46.56474],[-116.27027,46.56475],[-116.27167,46.56397],[-116.27291,46.56424],[-116.27358,46.5639],[-116.2737,46.56306],[-116.27461,46.56386],[-116.275,46.56387],[-116.27572,46.56323],[-116.27654,46.56307],[-116.27724,46.56342],[-116.27694,46.56411],[-116.27726,46.5644],[-116.27931,46.56507],[-116.28007,46.56507],[-116.28091,46.56402],[-116.28317,46.56432],[-116.2842,46.56398],[-116.28542,46.56466],[-116.28687,46.56456],[-116.2891,46.56377],[-116.29095,46.56349],[-116.29142,46.56365],[-116.29032,46.56457],[-116.28974,46.56558],[-116.28917,46.56595],[-116.28911,46.56652],[-116.2857,46.56776],[-116.28534,46.56903],[-116.28494,46.56957],[-116.28493,46.57024],[-116.26764,46.57025],[-116.26758,46.57256],[-116.2476,46.57224],[-116.24844,46.57074],[-116.24832,46.56925],[-116.24776,46.5685],[-116.24601,46.56739],[-116.24508,46.567],[-116.24365,46.567],[-116.24385,46.56619],[-116.2447,46.56587],[-116.24493,46.56534],[-116.24367,46.56377],[-116.24306,46.56337],[-116.24253,46.56331],[-116.24097,46.56358],[-116.24017,46.56329],[-116.23879,46.56328],[-116.23803,46.5635],[-116.23743,46.56389],[-116.2362,46.56383],[-116.23556,46.56349],[-116.23399,46.56391],[-116.23268,46.56351],[-116.23251,46.56309],[-116.23189,46.56279],[-116.22978,46.56321],[-116.22932,46.5634],[-116.2288,46.56389],[-116.22717,46.56379],[-116.22666,46.56407],[-116.22631,46.56396],[-116.22589,46.56302],[-116.22558,46.56298],[-116.22469,46.56359],[-116.22415,46.56362],[-116.22372,46.564],[-116.22325,46.56398],[-116.22232,46.56309],[-116.22045,46.56325],[-116.21909,46.56558],[-116.21889,46.56667],[-116.21856,46.56679],[-116.21712,46.56601],[-116.21659,46.56604],[-116.21483,46.56705],[-116.21376,46.56792],[-116.21035,46.5692],[-116.20804,46.57031],[-116.20743,46.57033],[-116.20734,46.57009],[-116.20808,46.56943],[-116.20809,46.56883],[-116.20985,46.56754],[-116.21327,46.56371],[-116.21327,46.5633],[-116.21214,46.56323],[-116.20989,46.56259],[-116.20809,46.56149],[-116.20694,46.56145],[-116.20546,46.56178],[-116.20355,46.56184],[-116.20205,46.56144],[-116.20061,46.56152],[-116.20048,46.56096],[-116.19817,46.55971],[-116.19724,46.5597],[-116.19728,46.55915],[-116.20034,46.55901],[-116.2023,46.55912],[-116.20384,46.55857],[-116.20862,46.55856],[-116.21054,46.55895],[-116.21196,46.55945],[-116.21407,46.55946],[-116.21461,46.55916],[-116.21611,46.5592],[-116.21816,46.55884],[-116.21977,46.55826],[-116.22166,46.55716],[-116.22449,46.55624],[-116.22535,46.55539],[-116.2257,46.55568],[-116.22631,46.55577],[-116.22698,46.55569],[-116.22819,46.55525],[-116.23048,46.55408],[-116.2305,46.55373],[-116.23071,46.55358],[-116.2321,46.55358],[-116.23277,46.55331],[-116.23351,46.5528],[-116.23363,46.55219],[-116.23432,46.55221],[-116.23575,46.55149],[-116.23567,46.55113],[-116.23524,46.55057],[-116.23535,46.5477],[-116.23625,46.54817],[-116.23639,46.54885],[-116.23683,46.549],[-116.23737,46.54894],[-116.23784,46.5486],[-116.2398,46.54928],[-116.24078,46.54928],[-116.24176,46.54875],[-116.24302,46.54907],[-116.24329,46.54982],[-116.24356,46.55008],[-116.2441,46.55024],[-116.24431,46.55081],[-116.24538,46.55219],[-116.24579,46.5522],[-116.24589,46.55159],[-116.24697,46.55166],[-116.24777,46.55134],[-116.24761,46.55253],[-116.24826,46.55294],[-116.24838,46.55405],[-116.24879,46.55451],[-116.24923,46.55462],[-116.24989,46.5533],[-116.25072,46.55353],[-116.25119,46.55232],[-116.25155,46.55203],[-116.25314,46.55214],[-116.25336,46.55131],[-116.25434,46.55007],[-116.25445,46.54952],[-116.25225,46.54758],[-116.25218,46.54691],[-116.25268,46.54653],[-116.25261,46.54586],[-116.25287,46.54562],[-116.25439,46.54552],[-116.25558,46.54505],[-116.25557,46.54407],[-116.25512,46.54285],[-116.25537,46.54202],[-116.25661,46.54171],[-116.25668,46.54102],[-116.25728,46.54051],[-116.2572,46.54022],[-116.25599,46.5401],[-116.25525,46.5398],[-116.25457,46.5391],[-116.2539,46.5381],[-116.25373,46.53736],[-116.2524,46.536],[-116.25238,46.53519],[-116.25275,46.53407],[-116.25326,46.53332],[-116.25341,46.53258],[-116.25336,46.53143],[-116.25383,46.53147],[-116.25483,46.53217],[-116.25793,46.53373],[-116.25854,46.53373],[-116.25858,46.53317],[-116.26145,46.53462],[-116.26331,46.53577],[-116.26355,46.53632],[-116.26366,46.53746],[-116.26468,46.53898],[-116.26485,46.53949],[-116.26446,46.5401],[-116.26478,46.54094],[-116.26436,46.54151],[-116.26434,46.54196],[-116.26509,46.5423],[-116.26572,46.54318],[-116.26599,46.54333],[-116.26743,46.54236],[-116.26844,46.54195],[-116.26921,46.54191],[-116.27088,46.54408],[-116.27135,46.54436],[-116.27195,46.54434],[-116.27363,46.54338],[-116.27428,46.54251],[-116.27488,46.54223],[-116.27554,46.54251],[-116.27625,46.54315],[-116.27626,46.54355],[-116.27598,46.54383],[-116.27615,46.54445],[-116.27649,46.54464],[-116.27924,46.54499],[-116.27994,46.54546],[-116.2803,46.54542],[-116.28025,46.54431],[-116.28118,46.54354],[-116.28253,46.54286],[-116.28505,46.54194],[-116.28665,46.5409],[-116.28731,46.54003],[-116.28836,46.53917],[-116.28926,46.5389],[-116.29082,46.53751],[-116.29168,46.5371],[-116.29265,46.53698],[-116.29312,46.53669],[-116.29319,46.53582],[-116.29408,46.53462],[-116.29405,46.53426],[-116.29201,46.53467],[-116.29166,46.53442],[-116.2913,46.53369],[-116.29159,46.53247],[-116.29105,46.53141],[-116.29184,46.53037],[-116.29099,46.53014],[-116.29013,46.52947],[-116.28947,46.52944],[-116.28872,46.52982],[-116.28792,46.52928],[-116.28756,46.52863],[-116.28642,46.52788],[-116.28581,46.52768],[-116.28496,46.52823],[-116.28438,46.52822],[-116.28374,46.52757],[-116.27932,46.52475],[-116.27873,46.52471],[-116.27719,46.52524],[-116.27658,46.52571],[-116.27631,46.52558],[-116.27625,46.52444],[-116.27563,46.5244],[-116.27455,46.52491],[-116.27405,46.52416],[-116.27306,46.52409],[-116.27264,46.52226],[-116.27283,46.52113],[-116.27143,46.52099],[-116.2707,46.52039],[-116.26975,46.52001],[-116.26924,46.51885],[-116.26878,46.51827],[-116.26706,46.51779],[-116.2666,46.51736],[-116.26657,46.51646],[-116.26696,46.51586],[-116.26707,46.51498],[-116.26748,46.51422],[-116.26696,46.51347],[-116.26635,46.51319],[-116.266,46.51261],[-116.26592,46.51196],[-116.26702,46.51088],[-116.26687,46.51014],[-116.26597,46.50936],[-116.26617,46.50899],[-116.26621,46.50747],[-116.26737,46.50641],[-116.26861,46.50572],[-116.26883,46.50538],[-116.26955,46.50506],[-116.27075,46.5053],[-116.27295,46.50622],[-116.27424,46.50543],[-116.27568,46.50487],[-116.2768,46.50484],[-116.27767,46.5059],[-116.27781,46.50646],[-116.27807,46.50667],[-116.27844,46.5067],[-116.27891,46.5064],[-116.2836,46.50558],[-116.28731,46.50588],[-116.28787,46.5061],[-116.28827,46.5068],[-116.28998,46.50701],[-116.2908,46.50744],[-116.29076,46.50827],[-116.29098,46.50853],[-116.29161,46.50864],[-116.29284,46.50808],[-116.29386,46.5079],[-116.29421,46.50763],[-116.29424,46.50678],[-116.29526,46.50592],[-116.29671,46.505],[-116.29843,46.50508],[-116.30038,46.50573],[-116.30041,46.50468],[-116.30078,46.50418],[-116.30065,46.50386],[-116.29924,46.5038],[-116.29888,46.50399],[-116.29753,46.50401],[-116.29662,46.50431],[-116.29497,46.50444],[-116.29194,46.50357],[-116.29151,46.50292],[-116.29078,46.50251],[-116.29009,46.50164],[-116.2896,46.50144],[-116.28887,46.50174],[-116.28784,46.50158],[-116.2874,46.50166],[-116.287,46.50209],[-116.28623,46.50238],[-116.28568,46.50282],[-116.28499,46.50287],[-116.28466,46.50252],[-116.28365,46.50236],[-116.28304,46.50189],[-116.2824,46.50174],[-116.28187,46.50129],[-116.28147,46.50115],[-116.27996,46.50156],[-116.27977,46.50212],[-116.27888,46.50251],[-116.2779,46.5024],[-116.27716,46.50273],[-116.27672,46.50339],[-116.27365,46.50416],[-116.27282,46.50454],[-116.27197,46.50454],[-116.2704,46.50417],[-116.2691,46.50414],[-116.26805,46.50497],[-116.26656,46.5051],[-116.266,46.50536],[-116.26513,46.50545],[-116.26421,46.50604],[-116.26252,46.50598],[-116.26218,46.5059],[-116.26157,46.50454],[-116.26137,46.5037],[-116.26088,46.50333],[-116.26006,46.50313],[-116.25843,46.50337],[-116.25815,46.50147],[-116.25778,46.50103],[-116.25698,46.50079],[-116.25604,46.50074],[-116.25529,46.50085],[-116.25341,46.50166],[-116.2525,46.50069],[-116.25145,46.5004],[-116.25031,46.49971],[-116.24946,46.49976],[-116.24943,46.49953],[-116.24908,46.49933],[-116.24651,46.49932],[-116.24578,46.49893],[-116.24434,46.49898],[-116.24409,46.49878],[-116.24443,46.4983],[-116.24754,46.4955],[-116.24829,46.49545],[-116.24832,46.49458],[-116.24764,46.4941],[-116.24557,46.49406],[-116.24466,46.49375],[-116.24357,46.49282],[-116.23879,46.49199],[-116.23821,46.49143],[-116.23767,46.49135],[-116.23697,46.49176],[-116.23429,46.49117],[-116.23383,46.4907],[-116.23297,46.49091],[-116.2322,46.49083],[-116.23183,46.49068],[-116.23156,46.49021],[-116.22734,46.49079],[-116.226,46.49128],[-116.22437,46.49139],[-116.2233,46.49124],[-116.22137,46.49177],[-116.21948,46.49319],[-116.21885,46.49394],[-116.21729,46.49395],[-116.21642,46.49359],[-116.21591,46.49361],[-116.21492,46.49426],[-116.21245,46.49525],[-116.21021,46.49591],[-116.20706,46.49737],[-116.20589,46.4977],[-116.20484,46.49776],[-116.20351,46.49824],[-116.20224,46.49896],[-116.20165,46.4994],[-116.2019,46.50043],[-116.2011,46.50143],[-116.19752,46.50221],[-116.19666,46.50265],[-116.19571,46.50493],[-116.19524,46.50549],[-116.19527,46.5067],[-116.19549,46.50718],[-116.19557,46.50835],[-116.19648,46.51013],[-116.19597,46.51098],[-116.19488,46.5118],[-116.19292,46.51377],[-116.19186,46.51502],[-116.19146,46.51579],[-116.1906,46.51637],[-116.19023,46.51691],[-116.18847,46.5177],[-116.18535,46.51819],[-116.18421,46.51946],[-116.18313,46.51938],[-116.18187,46.51974],[-116.18036,46.51966],[-116.17906,46.52106],[-116.1776,46.52182],[-116.17674,46.52266],[-116.17338,46.52436],[-116.17017,46.52575],[-116.1688,46.52583],[-116.16667,46.52648],[-116.16383,46.52774],[-116.16333,46.52815],[-116.16181,46.53068],[-116.16104,46.53145],[-116.16069,46.53147],[-116.16041,46.5314],[-116.16037,46.53054],[-116.16134,46.52794],[-116.16144,46.52718],[-116.16294,46.52637],[-116.16348,46.52563],[-116.1645,46.525],[-116.16542,46.52484],[-116.16608,46.52436],[-116.16715,46.52398],[-116.17056,46.52351],[-116.17205,46.52254],[-116.17313,46.52218],[-116.17399,46.52168],[-116.17531,46.52052],[-116.17666,46.5189],[-116.17754,46.51753],[-116.1788,46.51638],[-116.17993,46.51497],[-116.18066,46.51446],[-116.18189,46.5123],[-116.18218,46.511],[-116.18259,46.51034],[-116.18268,46.50945],[-116.1839,46.50741],[-116.18387,46.50546],[-116.18469,46.50471],[-116.18474,46.50428],[-116.1839,46.50226],[-116.18471,46.50118],[-116.18493,46.50015],[-116.18699,46.50004],[-116.18664,46.49966],[-116.18682,46.49912],[-116.18741,46.49843],[-116.18879,46.49778],[-116.18914,46.49687],[-116.18897,46.49541],[-116.18813,46.49453],[-116.18709,46.49454],[-116.18663,46.49402],[-116.18282,46.49383],[-116.18098,46.49443],[-116.17999,46.49446],[-116.17871,46.49405],[-116.17741,46.49401],[-116.17668,46.49381],[-116.17596,46.4943],[-116.17256,46.49296],[-116.17157,46.49291],[-116.16842,46.49358],[-116.16787,46.49353],[-116.16768,46.49331],[-116.16794,46.49308],[-116.16981,46.49247],[-116.17316,46.49096],[-116.17659,46.48895],[-116.17839,46.48833],[-116.17843,46.4875],[-116.17902,46.48714],[-116.17989,46.48691],[-116.18116,46.48717],[-116.18208,46.48719],[-116.18281,46.48672],[-116.18424,46.48641],[-116.18469,46.48659],[-116.18528,46.48711],[-116.18601,46.48733],[-116.18639,46.48723],[-116.18676,46.48689],[-116.18668,46.48629],[-116.18621,46.48577],[-116.18362,46.48488],[-116.18266,46.48376],[-116.18197,46.4833],[-116.1806,46.48289],[-116.1796,46.48163],[-116.17793,46.48166],[-116.1767,46.48126],[-116.17674,46.48025],[-116.17657,46.47971],[-116.17599,46.4791],[-116.17432,46.47843],[-116.17368,46.47779],[-116.17209,46.47699],[-116.1698,46.4767],[-116.16899,46.47627],[-116.16858,46.47554],[-116.16806,46.47528],[-116.16464,46.47462],[-116.16358,46.47385],[-116.16302,46.47383],[-116.1624,46.47447],[-116.16137,46.4748],[-116.16213,46.47529],[-116.16211,46.47552],[-116.16069,46.47589],[-116.16013,46.47584],[-116.15953,46.47507],[-116.15902,46.4747],[-116.15728,46.4747],[-116.15517,46.4741],[-116.15399,46.47429],[-116.15345,46.47417],[-116.15336,46.47347],[-116.15304,46.47314],[-116.15275,46.47301],[-116.15154,46.47301],[-116.15064,46.47208],[-116.14999,46.47204],[-116.14817,46.47244],[-116.1462,46.47219],[-116.14586,46.47192],[-116.14541,46.4711],[-116.14405,46.47007],[-116.14354,46.46924],[-116.14205,46.46777],[-116.14072,46.46745],[-116.13709,46.46768],[-116.13559,46.46746],[-116.13423,46.46676],[-116.13394,46.46616],[-116.13364,46.46593],[-116.13149,46.46594],[-116.12859,46.46481],[-116.1274,46.46376],[-116.12571,46.46397],[-116.12332,46.46333],[-116.12204,46.46334],[-116.12088,46.46369],[-116.12021,46.46424],[-116.12008,46.46583],[-116.11962,46.46651],[-116.11826,46.46772],[-116.11607,46.46917],[-116.11581,46.46954],[-116.11484,46.46978],[-116.11075,46.47209],[-116.10963,46.47306],[-116.10725,46.47428],[-116.10591,46.47516],[-116.10484,46.4762],[-116.10419,46.4771],[-116.10237,46.47804],[-116.10161,46.47865],[-116.10152,46.4796],[-116.10085,46.48073],[-116.0999,46.48147],[-116.09979,46.48193],[-116.09904,46.48265],[-116.09891,46.48387],[-116.09934,46.48486],[-116.0994,46.48547],[-116.09918,46.48587],[-116.09885,46.48592],[-116.0984,46.48564],[-116.09814,46.4851],[-116.09526,46.48372],[-116.09354,46.4838],[-116.09103,46.48538],[-116.08731,46.48622],[-116.08571,46.48702],[-116.08486,46.48692],[-116.08414,46.48725],[-116.08305,46.48734],[-116.08266,46.48721],[-116.08225,46.48735],[-116.08151,46.48827],[-116.08018,46.48919],[-116.07777,46.48934],[-116.07558,46.48907],[-116.07511,46.48877],[-116.07204,46.48993],[-116.06848,46.49015],[-116.06725,46.49096],[-116.06579,46.49141],[-116.06345,46.49129],[-116.0625,46.49089],[-116.06161,46.49089],[-116.06065,46.49122],[-116.06007,46.49163],[-116.05788,46.49153],[-116.05605,46.49049],[-116.05515,46.48971],[-116.05464,46.48953],[-116.05249,46.48987],[-116.05237,46.48957],[-116.05252,46.48893],[-116.05244,46.48854],[-116.05225,46.48803],[-116.05181,46.48768],[-116.05035,46.48687],[-116.04913,46.48575],[-116.04415,46.48349],[-116.04317,46.48353],[-116.04029,46.48435],[-116.03827,46.48439],[-116.03607,46.48391],[-116.03562,46.48355],[-116.03527,46.48305],[-116.03517,46.48226],[-116.03602,46.48217],[-116.03667,46.48296],[-116.03746,46.48338],[-116.03814,46.48353],[-116.03995,46.48351],[-116.04352,46.48231],[-116.0452,46.48259],[-116.04572,46.48296],[-116.04655,46.48311],[-116.04712,46.48346],[-116.04799,46.48349],[-116.0483,46.48389],[-116.05092,46.48531],[-116.05118,46.48563],[-116.05177,46.48575],[-116.05567,46.48844],[-116.05641,46.48881],[-116.05708,46.48886],[-116.05716,46.48917],[-116.05815,46.48989],[-116.05865,46.48999],[-116.06068,46.48957],[-116.06128,46.48928],[-116.0621,46.48922],[-116.06303,46.48953],[-116.06536,46.48949],[-116.06613,46.4891],[-116.06631,46.48871],[-116.06754,46.48815],[-116.07097,46.48822],[-116.07175,46.48789],[-116.07218,46.48799],[-116.07382,46.48737],[-116.0779,46.48723],[-116.07859,46.48684],[-116.07909,46.48631],[-116.08013,46.48434],[-116.08206,46.48435],[-116.08304,46.48488],[-116.08622,46.48454],[-116.0883,46.48389],[-116.08909,46.48381],[-116.09083,46.48273],[-116.09217,46.48143],[-116.09445,46.48034],[-116.09475,46.47934],[-116.0962,46.47913],[-116.09702,46.47852],[-116.09729,46.478],[-116.09845,46.47694],[-116.0995,46.47631],[-116.10168,46.47541],[-116.10179,46.47505],[-116.1016,46.47436],[-116.10187,46.47405],[-116.10187,46.47351],[-116.10114,46.47237],[-116.10113,46.47123],[-116.10237,46.47131],[-116.10365,46.47166],[-116.1056,46.47169],[-116.10772,46.47013],[-116.1087,46.47009],[-116.11022,46.46924],[-116.11532,46.46552],[-116.11535,46.46504],[-116.11453,46.46425],[-116.11454,46.46394],[-116.11578,46.46345],[-116.11588,46.46239],[-116.11609,46.46222],[-116.11749,46.46171],[-116.11871,46.46053],[-116.12006,46.45994],[-116.12024,46.45887],[-116.11995,46.45824],[-116.12069,46.45741],[-116.12075,46.45713],[-116.12023,46.45657],[-116.11843,46.45551],[-116.11616,46.45484],[-116.11518,46.45487],[-116.11475,46.45468],[-116.1145,46.45444],[-116.11463,46.45424],[-116.11673,46.4539],[-116.11795,46.45432],[-116.11977,46.45432],[-116.12017,46.45465],[-116.12211,46.45519],[-116.12277,46.4555],[-116.12351,46.45614],[-116.12454,46.4562],[-116.12484,46.45636],[-116.12487,46.45704],[-116.1276,46.45831],[-116.12917,46.45846],[-116.13082,46.4582],[-116.13309,46.45837],[-116.13455,46.45867],[-116.13721,46.45967],[-116.13813,46.46016],[-116.13892,46.46126],[-116.13999,46.4616],[-116.14152,46.46168],[-116.14488,46.46127],[-116.14578,46.46143],[-116.14964,46.4615],[-116.15198,46.46201],[-116.15544,46.46309],[-116.15779,46.46319],[-116.15855,46.46312],[-116.16122,46.46227],[-116.16411,46.46205],[-116.16687,46.46229],[-116.16796,46.46259],[-116.17013,46.46392],[-116.17172,46.46402],[-116.17311,46.4644],[-116.17512,46.46469],[-116.17761,46.46593],[-116.18077,46.46687],[-116.18415,46.46929],[-116.18551,46.47008],[-116.18648,46.47038],[-116.187,46.47122],[-116.18805,46.47191],[-116.19216,46.47617],[-116.19403,46.47636],[-116.19455,46.47663],[-116.19529,46.47754],[-116.19574,46.47785],[-116.19739,46.47827],[-116.19809,46.47833],[-116.1987,46.47803],[-116.20019,46.4766],[-116.20083,46.47619],[-116.20451,46.47569],[-116.20478,46.47545],[-116.20503,46.47441],[-116.20524,46.47425],[-116.20645,46.47425],[-116.20702,46.47407],[-116.20938,46.47386],[-116.21005,46.4742],[-116.21089,46.47403],[-116.21142,46.47493],[-116.21243,46.47532],[-116.2134,46.47515],[-116.21461,46.4744],[-116.21685,46.47437],[-116.21897,46.47495],[-116.2199,46.47559],[-116.22045,46.47626],[-116.2204,46.47745],[-116.22068,46.47748],[-116.2217,46.47675],[-116.22328,46.47614],[-116.22459,46.47615],[-116.2256,46.47593],[-116.22629,46.47621],[-116.22678,46.47585],[-116.23082,46.47664],[-116.23337,46.47565],[-116.23333,46.47525],[-116.23172,46.4741],[-116.23172,46.47366],[-116.23046,46.47308],[-116.22917,46.47206],[-116.22837,46.47168],[-116.22811,46.47094],[-116.22755,46.47047],[-116.22634,46.46994],[-116.22488,46.46974],[-116.21987,46.46804],[-116.21762,46.46708],[-116.21642,46.46615],[-116.21534,46.46575],[-116.2151,46.4652],[-116.21469,46.46496],[-116.21446,46.46414],[-116.21308,46.46324],[-116.20933,46.46273],[-116.20796,46.46176],[-116.20657,46.46123],[-116.20754,46.46027],[-116.20807,46.4595],[-116.20834,46.45941],[-116.20984,46.45961],[-116.2106,46.45947],[-116.21115,46.45916],[-116.21143,46.45865],[-116.2115,46.45796],[-116.21111,46.45749],[-116.2096,46.45704],[-116.20863,46.45632],[-116.20804,46.45619],[-116.20697,46.45531],[-116.20582,46.45543],[-116.20455,46.45473],[-116.204,46.45422],[-116.20358,46.45253],[-116.20202,46.45135],[-116.20077,46.45008],[-116.19818,46.44846],[-116.19674,46.44827],[-116.19572,46.44791],[-116.19483,46.44792],[-116.19428,46.4483],[-116.19441,46.45086],[-116.19466,46.45143],[-116.19465,46.45244],[-116.19452,46.45257],[-116.19376,46.45236],[-116.19284,46.45183],[-116.1919,46.4518],[-116.19083,46.45205],[-116.18966,46.45159],[-116.18818,46.45141],[-116.1873,46.45056],[-116.18644,46.45085],[-116.18497,46.45035],[-116.18263,46.45016],[-116.1823,46.44965],[-116.18162,46.44929],[-116.18224,46.44873],[-116.18225,46.44758],[-116.18187,46.44743],[-116.18101,46.4475],[-116.18025,46.44793],[-116.17983,46.4479],[-116.17954,46.44753],[-116.1789,46.44713],[-116.17752,46.44667],[-116.17611,46.44661],[-116.17547,46.44682],[-116.17519,46.44716],[-116.17517,46.44774],[-116.17598,46.44888],[-116.17587,46.44907],[-116.1754,46.44921],[-116.17451,46.44928],[-116.17391,46.44853],[-116.17345,46.44831],[-116.16908,46.44818],[-116.16879,46.44835],[-116.16879,46.44885],[-116.16757,46.44962],[-116.16712,46.45025],[-116.16593,46.45034],[-116.16543,46.45067],[-116.16408,46.45042],[-116.16299,46.45053],[-116.16117,46.44979],[-116.16081,46.44944],[-116.1598,46.44936],[-116.15907,46.44905],[-116.15816,46.44905],[-116.15749,46.44852],[-116.15635,46.44863],[-116.15406,46.44792],[-116.15109,46.44618],[-116.15015,46.44582],[-116.14916,46.44573],[-116.14821,46.44485],[-116.14669,46.44402],[-116.14525,46.44293],[-116.14268,46.44186],[-116.14076,46.44142],[-116.13929,46.44154],[-116.13808,46.44127],[-116.13708,46.44065],[-116.13623,46.44037],[-116.13534,46.44026],[-116.13381,46.44056],[-116.13194,46.44053],[-116.12973,46.43965],[-116.12675,46.43911],[-116.12463,46.43904],[-116.12349,46.43831],[-116.12081,46.43761],[-116.12051,46.43708],[-116.12014,46.43706],[-116.11863,46.43793],[-116.11809,46.43786],[-116.1176,46.43703],[-116.11611,46.43592],[-116.11432,46.43504],[-116.11343,46.43485],[-116.11289,46.43445],[-116.11157,46.43432],[-116.11109,46.43465],[-116.10992,46.43506],[-116.1094,46.435],[-116.10885,46.43429],[-116.10802,46.43395],[-116.10867,46.43243],[-116.10871,46.43191],[-116.10847,46.43151],[-116.10764,46.43136],[-116.10753,46.43094],[-116.10811,46.43031],[-116.10807,46.43003],[-116.10762,46.42943],[-116.10653,46.42878],[-116.1059,46.42819],[-116.10505,46.42816],[-116.10358,46.42781],[-116.10277,46.42786],[-116.10145,46.42731],[-116.1004,46.42659],[-116.09861,46.42584],[-116.09799,46.42598],[-116.09747,46.4263],[-116.09614,46.42647],[-116.09551,46.42696],[-116.09458,46.42728],[-116.09298,46.42725],[-116.09251,46.42752],[-116.09173,46.42757],[-116.09081,46.42826],[-116.08938,46.42792],[-116.08772,46.42817],[-116.08719,46.42777],[-116.08674,46.42778],[-116.08593,46.42833],[-116.08311,46.42826],[-116.08216,46.42773],[-116.08116,46.4277],[-116.08029,46.42792],[-116.07955,46.42763],[-116.0792,46.42691],[-116.07863,46.42674],[-116.07772,46.42683],[-116.07733,46.42645],[-116.0748,46.42633],[-116.07367,46.42673],[-116.07221,46.42683],[-116.06958,46.42656],[-116.06793,46.42679],[-116.06707,46.42718],[-116.0665,46.42718],[-116.066,46.42754],[-116.064,46.42793],[-116.06085,46.42741],[-116.05977,46.42763],[-116.05675,46.42772],[-116.05567,46.42749],[-116.05436,46.42756],[-116.05341,46.42783],[-116.05225,46.42718],[-116.05065,46.42702],[-116.05011,46.42719],[-116.0493,46.42785],[-116.04859,46.4273],[-116.04643,46.42699],[-116.04577,46.42712],[-116.04515,46.42836],[-116.04466,46.42813],[-116.04452,46.42775],[-116.04396,46.42737],[-116.0424,46.42699],[-116.04185,46.42576],[-116.04141,46.42542],[-116.04126,46.42463],[-116.04105,46.42435],[-116.041,46.42327],[-116.03911,46.42095],[-116.03855,46.41913],[-116.03787,46.41853],[-116.03567,46.41737],[-116.03528,46.41674],[-116.03451,46.41646],[-116.0345,46.41612],[-116.03532,46.41584],[-116.03616,46.41583],[-116.03658,46.41604],[-116.03684,46.41674],[-116.03933,46.41805],[-116.03984,46.41864],[-116.04059,46.421],[-116.0423,46.42284],[-116.04253,46.42394],[-116.0428,46.42439],[-116.0431,46.42459],[-116.04361,46.42544],[-116.04421,46.42572],[-116.04522,46.42553],[-116.04712,46.42476],[-116.04824,46.4238],[-116.04882,46.42364],[-116.04905,46.4237],[-116.04929,46.42418],[-116.04954,46.42431],[-116.05112,46.42441],[-116.05195,46.42479],[-116.05534,46.42532],[-116.05637,46.42573],[-116.0572,46.42577],[-116.05809,46.42615],[-116.05849,46.42613],[-116.06002,46.42549],[-116.0626,46.42547],[-116.06331,46.42564],[-116.06433,46.42507],[-116.06477,46.42458],[-116.065,46.42401],[-116.06578,46.42382],[-116.06638,46.42327],[-116.06699,46.42324],[-116.06812,46.42282],[-116.06889,46.42295],[-116.07319,46.42282],[-116.07357,46.42303],[-116.07572,46.42323],[-116.07649,46.42288],[-116.07704,46.42288],[-116.07766,46.42302],[-116.07841,46.42343],[-116.08175,46.42366],[-116.08351,46.423],[-116.08458,46.4232],[-116.08549,46.42297],[-116.08811,46.42296],[-116.08863,46.42326],[-116.09079,46.42336],[-116.09144,46.42372],[-116.09186,46.42362],[-116.09255,46.42216],[-116.09443,46.4228],[-116.09574,46.42251],[-116.09613,46.42207],[-116.09878,46.42191],[-116.09917,46.42153],[-116.09963,46.4215],[-116.10058,46.42203],[-116.10148,46.42192],[-116.1028,46.42281],[-116.10397,46.42319],[-116.10506,46.42322],[-116.10712,46.42403],[-116.10856,46.42384],[-116.10974,46.42463],[-116.11074,46.42498],[-116.1108,46.42595],[-116.11222,46.42717],[-116.11406,46.42826],[-116.11412,46.42893],[-116.11496,46.42973],[-116.11588,46.43026],[-116.11589,46.43107],[-116.11668,46.43157],[-116.11868,46.43227],[-116.11965,46.43226],[-116.12097,46.43192],[-116.12236,46.43223],[-116.12418,46.4321],[-116.12704,46.43336],[-116.12809,46.43339],[-116.12967,46.4328],[-116.13123,46.43282],[-116.13461,46.43134],[-116.13507,46.43179],[-116.13594,46.43218],[-116.13666,46.43223],[-116.13875,46.4318],[-116.14129,46.43162],[-116.14257,46.43242],[-116.14526,46.4327],[-116.14676,46.43196],[-116.14823,46.43194],[-116.1487,46.4321],[-116.14948,46.43268],[-116.15001,46.43273],[-116.15082,46.43188],[-116.15114,46.43082],[-116.15189,46.43046],[-116.15262,46.42971],[-116.15486,46.42886],[-116.15581,46.42882],[-116.15574,46.43049],[-116.15829,46.43185],[-116.15919,46.43186],[-116.16027,46.43149],[-116.16132,46.43058],[-116.16233,46.43065],[-116.16293,46.43085],[-116.1634,46.4314],[-116.16387,46.43169],[-116.16617,46.43225],[-116.16695,46.4328],[-116.16796,46.43271],[-116.16847,46.43224],[-116.16904,46.43197],[-116.17142,46.43147],[-116.1736,46.43213],[-116.17437,46.43212],[-116.17738,46.43116],[-116.17924,46.43086],[-116.18087,46.4309],[-116.1844,46.43245],[-116.18563,46.43252],[-116.19031,46.43161],[-116.1906,46.43146],[-116.19096,46.43072],[-116.19166,46.42991],[-116.19178,46.42894],[-116.19158,46.42738],[-116.19083,46.42647],[-116.19095,46.42586],[-116.19089,46.42336],[-116.19131,46.42296],[-116.19157,46.42213],[-116.19182,46.42181],[-116.1926,46.42126],[-116.1927,46.42043],[-116.19316,46.42002],[-116.1941,46.41955],[-116.19388,46.41931],[-116.19318,46.41903],[-116.19302,46.41857],[-116.1924,46.41834],[-116.19066,46.41645],[-116.18999,46.41646],[-116.18917,46.41674],[-116.18844,46.41676],[-116.18812,46.41656],[-116.18835,46.41603],[-116.1884,46.41492],[-116.18823,46.41439],[-116.18713,46.41315],[-116.18649,46.41281],[-116.18619,46.4122],[-116.18549,46.41218],[-116.18438,46.41246],[-116.18389,46.41217],[-116.18299,46.41217],[-116.181,46.41319],[-116.17969,46.41308],[-116.17761,46.41425],[-116.17547,46.41416],[-116.17479,46.41431],[-116.17372,46.41487],[-116.1734,46.41542],[-116.17275,46.41582],[-116.17268,46.41637],[-116.17331,46.4172],[-116.17299,46.41747],[-116.1695,46.41709],[-116.16906,46.41728],[-116.16807,46.41823],[-116.16518,46.41814],[-116.1643,46.41839],[-116.16197,46.41852],[-116.1613,46.41897],[-116.15904,46.41872],[-116.15874,46.41892],[-116.15858,46.41948],[-116.15836,46.41965],[-116.15751,46.41957],[-116.15643,46.41889],[-116.15581,46.41889],[-116.15459,46.41956],[-116.15275,46.41848],[-116.15121,46.41839],[-116.15089,46.41851],[-116.15034,46.41838],[-116.14949,46.41756],[-116.14866,46.41647],[-116.14803,46.41637],[-116.14698,46.41575],[-116.14491,46.41486],[-116.14436,46.41425],[-116.14129,46.41176],[-116.13894,46.41028],[-116.13798,46.4095],[-116.13679,46.40748],[-116.13662,46.40425],[-116.13611,46.40363],[-116.13525,46.40322],[-116.13485,46.40281],[-116.13425,46.40179],[-116.13436,46.40155],[-116.13459,46.40147],[-116.1382,46.40443],[-116.13822,46.40614],[-116.13838,46.40654],[-116.13986,46.40795],[-116.14063,46.40843],[-116.14237,46.40868],[-116.14384,46.40955],[-116.14572,46.40987],[-116.14655,46.41037],[-116.14747,46.41057],[-116.14924,46.41145],[-116.1501,46.41164],[-116.15228,46.41261],[-116.15349,46.41284],[-116.15684,46.41272],[-116.1573,46.41262],[-116.15839,46.41194],[-116.1595,46.41157],[-116.16118,46.41154],[-116.16212,46.41196],[-116.16486,46.41146],[-116.16648,46.41147],[-116.1669,46.41119],[-116.16729,46.41044],[-116.16797,46.41006],[-116.16915,46.41034],[-116.16957,46.41023],[-116.17014,46.40968],[-116.17117,46.40938],[-116.17186,46.4086],[-116.17383,46.40767],[-116.17622,46.40805],[-116.17678,46.4078],[-116.1772,46.40714],[-116.17898,46.40719],[-116.17932,46.40692],[-116.17931,46.40667],[-116.17906,46.40641],[-116.17713,46.40569],[-116.17671,46.40516],[-116.17644,46.40312],[-116.17606,46.4025],[-116.17563,46.4023],[-116.17377,46.40264],[-116.17351,46.40251],[-116.17316,46.40115],[-116.17322,46.39911],[-116.173,46.39894],[-116.17211,46.39937],[-116.17107,46.39961],[-116.16992,46.39954],[-116.17005,46.39823],[-116.17047,46.3977],[-116.17053,46.3968],[-116.16982,46.39638],[-116.16915,46.39574],[-116.1687,46.39497],[-116.16842,46.39342],[-116.16781,46.39247],[-116.16753,46.39158],[-116.16673,46.39108],[-116.16621,46.38932],[-116.16443,46.38819],[-116.16442,46.38781],[-116.16511,46.38737],[-116.16562,46.38675],[-116.16568,46.38587],[-116.16522,46.38527],[-116.16536,46.38447],[-116.16727,46.38121],[-116.1688,46.38103],[-116.16892,46.3808],[-116.16872,46.38046],[-116.16835,46.38013],[-116.16786,46.38003],[-116.16623,46.38228],[-116.1656,46.38218],[-116.16541,46.38237],[-116.16511,46.38234],[-116.16472,46.38201],[-116.16423,46.38197],[-116.16349,46.38245],[-116.16279,46.38248],[-116.16215,46.38213],[-116.1619,46.38084],[-116.16221,46.37985],[-116.16101,46.37865],[-116.15785,46.37705],[-116.15718,46.37694],[-116.15633,46.37645],[-116.15497,46.37626],[-116.15396,46.37587],[-116.15226,46.3759],[-116.15136,46.37492],[-116.14979,46.37485],[-116.14873,46.37393],[-116.14761,46.37339],[-116.14644,46.37353],[-116.14467,46.37419],[-116.14404,46.37364],[-116.14287,46.3739],[-116.14269,46.37378],[-116.14276,46.37286],[-116.14236,46.37204],[-116.14111,46.37147],[-116.13861,46.37085],[-116.13865,46.36894],[-116.14778,46.36887],[-116.14875,46.3694],[-116.15024,46.36928],[-116.15137,46.3695],[-116.15421,46.37067],[-116.15701,46.37068],[-116.16331,46.37225],[-116.1653,46.37237],[-116.16701,46.37194],[-116.16927,46.3719],[-116.17058,46.37152],[-116.16956,46.37106],[-116.16867,46.37033],[-116.16763,46.36889],[-116.18973,46.369],[-116.18995,46.36919],[-116.19236,46.36941],[-116.19419,46.37003],[-116.19409,46.37024],[-116.1927,46.37117],[-116.19269,46.37153],[-116.19221,46.3718],[-116.19214,46.37227],[-116.19117,46.37282],[-116.19071,46.37327],[-116.19099,46.37346],[-116.19148,46.37335],[-116.19266,46.37276],[-116.19366,46.37254],[-116.19434,46.37295],[-116.195,46.3738],[-116.19379,46.37413],[-116.19374,46.37479],[-116.19327,46.37588],[-116.19337,46.37624],[-116.19524,46.37726],[-116.19516,46.37746],[-116.19401,46.37778],[-116.19374,46.37797],[-116.19375,46.37818],[-116.19493,46.379],[-116.19539,46.37977],[-116.19628,46.38011],[-116.19738,46.38082],[-116.19783,46.38131],[-116.19734,46.38145],[-116.19451,46.38087],[-116.19239,46.37995],[-116.19051,46.37998],[-116.19004,46.38038],[-116.19001,46.38086],[-116.18911,46.38155],[-116.18909,46.3818],[-116.19085,46.38309],[-116.19084,46.38348],[-116.19218,46.38462],[-116.19212,46.38518],[-116.19271,46.38553],[-116.19304,46.38582],[-116.19299,46.38595],[-116.19211,46.38628],[-116.19162,46.38685],[-116.19025,46.38742],[-116.18999,46.38808],[-116.18837,46.38803],[-116.18513,46.38838],[-116.18448,46.38875],[-116.18416,46.38917],[-116.18427,46.38987],[-116.18507,46.38994],[-116.18551,46.39053],[-116.18601,46.39062],[-116.18647,46.39107],[-116.18718,46.3912],[-116.18734,46.39183],[-116.18801,46.39188],[-116.18867,46.39266],[-116.18913,46.39272],[-116.18945,46.39298],[-116.18959,46.39403],[-116.18985,46.39433],[-116.19034,46.39446],[-116.19044,46.39495],[-116.19089,46.39547],[-116.19084,46.39594],[-116.19035,46.39635],[-116.19037,46.39679],[-116.19119,46.39782],[-116.19176,46.39796],[-116.19192,46.39815],[-116.19207,46.39939],[-116.19251,46.39954],[-116.19539,46.3988],[-116.1962,46.39887],[-116.19575,46.39978],[-116.19589,46.40052],[-116.19463,46.40115],[-116.19416,46.40163],[-116.19418,46.40233],[-116.19344,46.4032],[-116.19339,46.40407],[-116.19405,46.40453],[-116.19481,46.40473],[-116.19549,46.40452],[-116.19748,46.40305],[-116.19997,46.40248],[-116.20084,46.40236],[-116.20105,46.40247],[-116.2008,46.40307],[-116.19971,46.40393],[-116.19921,46.40641],[-116.19885,46.40684],[-116.19881,46.40719],[-116.19917,46.40842],[-116.19941,46.40873],[-116.20012,46.4092],[-116.20123,46.4085],[-116.20147,46.40871],[-116.2017,46.40936],[-116.20249,46.40961],[-116.20466,46.40897],[-116.20573,46.41015],[-116.20575,46.41096],[-116.20613,46.41115],[-116.2069,46.41119],[-116.20812,46.41212],[-116.20851,46.41222],[-116.20893,46.41219],[-116.20981,46.41123],[-116.21109,46.40916],[-116.21131,46.40811],[-116.21298,46.40753],[-116.21339,46.40755],[-116.21351,46.4079],[-116.21384,46.40805],[-116.21448,46.40798],[-116.21453,46.40817],[-116.2138,46.40899],[-116.21422,46.40916],[-116.21539,46.40893],[-116.21548,46.4093],[-116.21496,46.40993],[-116.21497,46.41016],[-116.21523,46.41037],[-116.21524,46.41115],[-116.21557,46.41142],[-116.21654,46.41162],[-116.21655,46.41214],[-116.21693,46.41224],[-116.21785,46.41206],[-116.21833,46.41218],[-116.21808,46.41332],[-116.21889,46.41387],[-116.21886,46.41439],[-116.21979,46.41484],[-116.2212,46.41477],[-116.22157,46.4155],[-116.22259,46.41591],[-116.22165,46.417],[-116.22192,46.41762],[-116.22263,46.41807],[-116.22424,46.41767],[-116.22546,46.4159],[-116.22755,46.41586],[-116.23188,46.4138],[-116.23212,46.41397],[-116.23224,46.41422],[-116.23084,46.41603],[-116.23072,46.41722],[-116.22951,46.41787],[-116.22659,46.42183],[-116.22576,46.42195],[-116.22503,46.42274],[-116.22318,46.42391],[-116.22276,46.42461],[-116.22356,46.42509],[-116.22709,46.42509],[-116.22789,46.42482],[-116.22947,46.4258],[-116.22899,46.42628],[-116.22884,46.42728],[-116.2292,46.42842],[-116.22823,46.42948],[-116.22754,46.42945],[-116.22663,46.43095],[-116.22653,46.43165],[-116.22563,46.43219],[-116.22532,46.43253],[-116.22521,46.43308],[-116.22624,46.43389],[-116.2279,46.43415],[-116.22837,46.43452],[-116.22914,46.43553],[-116.22914,46.43676],[-116.22989,46.43698],[-116.2301,46.43764],[-116.23106,46.43863],[-116.2318,46.43991],[-116.23236,46.4403],[-116.23357,46.44186],[-116.23455,46.44341],[-116.23618,46.44477],[-116.23781,46.44532],[-116.23815,46.44568],[-116.23762,46.44641],[-116.24137,46.44915],[-116.24317,46.45131],[-116.24528,46.45177],[-116.24556,46.45207],[-116.24532,46.45254],[-116.24534,46.45283],[-116.24634,46.45345],[-116.24826,46.45391],[-116.24937,46.45491],[-116.25034,46.45547],[-116.25073,46.45648],[-116.25112,46.45683],[-116.25173,46.45706],[-116.2547,46.4593],[-116.25456,46.45956],[-116.25393,46.45987],[-116.2548,46.46074],[-116.25596,46.46135],[-116.2574,46.46161],[-116.25926,46.46272],[-116.26068,46.46386],[-116.2617,46.46435],[-116.26324,46.46471],[-116.2648,46.46537],[-116.26575,46.46556],[-116.26642,46.4654],[-116.2669,46.46504],[-116.26714,46.46442],[-116.26786,46.46468],[-116.26768,46.46536],[-116.26771,46.46622],[-116.26713,46.46719],[-116.26706,46.46806],[-116.26592,46.47033],[-116.26588,46.47259],[-116.26635,46.47319],[-116.26843,46.4746],[-116.27056,46.47502],[-116.27103,46.47552],[-116.2716,46.4758],[-116.27223,46.47634],[-116.27239,46.47766],[-116.27296,46.47824],[-116.27386,46.47882],[-116.27539,46.4791],[-116.27636,46.47907],[-116.27659,46.4789],[-116.27673,46.47844],[-116.27704,46.47844],[-116.27803,46.47913],[-116.27995,46.47913],[-116.28006,46.47947],[-116.27804,46.48048],[-116.27692,46.48155],[-116.27643,46.48255],[-116.2758,46.48314],[-116.27579,46.48385],[-116.27606,46.48418],[-116.27773,46.48424],[-116.27898,46.48451],[-116.28383,46.48471],[-116.28499,46.4845],[-116.29055,46.4842],[-116.29265,46.48431],[-116.29374,46.48405],[-116.29584,46.48402],[-116.2971,46.48421],[-116.29844,46.48512],[-116.29891,46.48598],[-116.29957,46.48628],[-116.30077,46.48518],[-116.30123,46.48447],[-116.30184,46.48264],[-116.30269,46.48168],[-116.30268,46.48099],[-116.30177,46.47983],[-116.3018,46.47955],[-116.30224,46.47953],[-116.30282,46.47976],[-116.30414,46.48058],[-116.30535,46.48019],[-116.30628,46.48022],[-116.30656,46.48047],[-116.30911,46.48104],[-116.31419,46.48149],[-116.31482,46.48135],[-116.31529,46.48167],[-116.31651,46.4815],[-116.31651,46.48304],[-116.31618,46.48374],[-116.31619,46.48508],[-116.31659,46.48534],[-116.31777,46.48462],[-116.31804,46.48401],[-116.31934,46.48363],[-116.32093,46.48382],[-116.3219,46.48461],[-116.32284,46.48513],[-116.32336,46.48519],[-116.32389,46.48503],[-116.32538,46.48529],[-116.32617,46.48505],[-116.32711,46.48535],[-116.32711,46.48591],[-116.32696,46.48619],[-116.32716,46.48642],[-116.32768,46.48646],[-116.32823,46.48679],[-116.32866,46.48664],[-116.32899,46.48675],[-116.32921,46.48719],[-116.33012,46.48789],[-116.32976,46.48825],[-116.32901,46.48861],[-116.32893,46.48883],[-116.32988,46.48948],[-116.33021,46.48951],[-116.33074,46.48923],[-116.33098,46.4894],[-116.33106,46.48966],[-116.33082,46.49058],[-116.33107,46.49073],[-116.33293,46.49057],[-116.3328,46.4914],[-116.33295,46.49155],[-116.33369,46.49158],[-116.33383,46.49224],[-116.33448,46.49253],[-116.33444,46.49323],[-116.33504,46.49324],[-116.33584,46.49259],[-116.33629,46.49252],[-116.33697,46.49297],[-116.33737,46.4928],[-116.33883,46.49286],[-116.33887,46.4934],[-116.33995,46.49342],[-116.34011,46.49411],[-116.3405,46.49446],[-116.34147,46.49414],[-116.34224,46.49417],[-116.34314,46.49318],[-116.34343,46.49308],[-116.34414,46.49333],[-116.34504,46.49288],[-116.34573,46.4923],[-116.34621,46.49228],[-116.34721,46.49367],[-116.34753,46.49373],[-116.34804,46.49339],[-116.34875,46.49324],[-116.34943,46.49281],[-116.35068,46.49111],[-116.35091,46.49051],[-116.35118,46.49031],[-116.352,46.49018],[-116.35323,46.48965],[-116.35325,46.48909],[-116.35301,46.48839],[-116.3531,46.48814],[-116.35335,46.48814],[-116.35513,46.48945],[-116.35602,46.48967],[-116.35964,46.48941],[-116.35996,46.49002],[-116.35993,46.49052],[-116.35931,46.49126],[-116.3593,46.49197],[-116.35894,46.49243],[-116.35932,46.49275],[-116.3597,46.49269],[-116.36058,46.49176],[-116.36122,46.49173],[-116.36154,46.49145],[-116.36153,46.49051],[-116.36229,46.48952],[-116.36298,46.48964],[-116.36429,46.48949],[-116.36639,46.48974],[-116.36658,46.48959],[-116.36698,46.48959],[-116.36752,46.49054],[-116.3681,46.49063],[-116.36932,46.49148],[-116.37027,46.4915],[-116.37068,46.49143],[-116.37189,46.49072],[-116.37292,46.49048],[-116.3776,46.49054],[-116.37888,46.49004],[-116.38583,46.49031],[-116.38813,46.49011],[-116.39018,46.48941],[-116.39289,46.48899],[-116.39815,46.49058],[-116.39961,46.49018],[-116.39996,46.48983],[-116.39978,46.48807],[-116.40102,46.48726],[-116.40118,46.48638],[-116.40192,46.48592],[-116.40345,46.48604],[-116.40615,46.48489],[-116.40746,46.48374],[-116.40909,46.48331],[-116.40936,46.48312],[-116.40949,46.48291],[-116.40915,46.48235],[-116.40943,46.48196],[-116.4094,46.48143],[-116.40867,46.4807],[-116.40898,46.4797],[-116.40827,46.4789],[-116.40772,46.47791],[-116.40488,46.47678],[-116.40248,46.47651],[-116.39967,46.47577],[-116.39805,46.47567],[-116.39678,46.4758],[-116.39437,46.47561],[-116.39367,46.47629],[-116.3934,46.47636],[-116.39048,46.47626],[-116.38971,46.47654],[-116.38884,46.47651],[-116.3876,46.47677],[-116.38615,46.47728],[-116.38553,46.47647],[-116.38526,46.47648],[-116.38499,46.47712],[-116.38447,46.47731],[-116.38376,46.47685],[-116.38311,46.47678],[-116.38171,46.47623],[-116.38053,46.47538],[-116.37869,46.47542],[-116.37775,46.47504],[-116.37621,46.4748],[-116.37557,46.47502],[-116.37494,46.47472],[-116.3749,46.47415],[-116.37417,46.4736],[-116.37238,46.47289],[-116.37111,46.47301],[-116.36882,46.47253],[-116.36787,46.47217],[-116.36699,46.47157],[-116.36696,46.47123],[-116.36625,46.47062],[-116.36574,46.47075],[-116.36511,46.47063],[-116.36441,46.47103],[-116.36356,46.47007],[-116.36071,46.46889],[-116.35956,46.46793],[-116.35903,46.46792],[-116.35847,46.46751],[-116.35846,46.46686],[-116.35801,46.46642],[-116.35651,46.46562],[-116.35508,46.46422],[-116.35299,46.46358],[-116.35307,46.46312],[-116.35198,46.46208],[-116.3505,46.46107],[-116.34986,46.46105],[-116.34933,46.4606],[-116.34953,46.46003],[-116.34862,46.45951],[-116.34869,46.45882],[-116.34894,46.45838],[-116.34818,46.45754],[-116.34693,46.45738],[-116.34663,46.45772],[-116.34567,46.45775],[-116.34447,46.45728],[-116.34353,46.45743],[-116.34185,46.45664],[-116.34054,46.45685],[-116.3404,46.45576],[-116.33948,46.45568],[-116.33855,46.45526],[-116.33794,46.45518],[-116.33643,46.4553],[-116.33635,46.45473],[-116.33582,46.45409],[-116.33586,46.45355],[-116.33531,46.45274],[-116.33585,46.45246],[-116.33587,46.45222],[-116.3357,46.45197],[-116.33521,46.45189],[-116.33333,46.45065],[-116.33326,46.44998],[-116.33294,46.44944],[-116.33226,46.44903],[-116.33269,46.4486],[-116.33261,46.44736],[-116.33169,46.44621],[-116.33104,46.44601],[-116.32996,46.44507],[-116.3272,46.44423],[-116.32565,46.44336],[-116.32485,46.44331],[-116.32316,46.44205],[-116.32173,46.44158],[-116.32077,46.44178],[-116.31974,46.44243],[-116.3181,46.44317],[-116.31711,46.44376],[-116.31703,46.4442],[-116.31627,46.44424],[-116.3139,46.44491],[-116.31333,46.44495],[-116.31289,46.44471],[-116.31312,46.44441],[-116.31481,46.44396],[-116.31547,46.44356],[-116.31674,46.44223],[-116.31794,46.44154],[-116.31854,46.44097],[-116.31944,46.43954],[-116.31946,46.43916],[-116.31766,46.43773],[-116.31703,46.43615],[-116.31664,46.4358],[-116.31662,46.43512],[-116.31598,46.4341],[-116.31527,46.4322],[-116.3146,46.43149],[-116.31399,46.43131],[-116.31397,46.43072],[-116.31364,46.43036],[-116.31406,46.42976],[-116.31407,46.42881],[-116.31389,46.4284],[-116.31317,46.42795],[-116.31316,46.42655],[-116.31285,46.42626],[-116.31215,46.42605],[-116.31161,46.42566],[-116.31148,46.42516],[-116.31223,46.42415],[-116.31221,46.42383],[-116.31071,46.42372],[-116.30982,46.42324],[-116.30982,46.42237],[-116.31017,46.42184],[-116.31169,46.42106],[-116.3117,46.42085],[-116.31076,46.42087],[-116.31025,46.42062],[-116.30992,46.42017],[-116.30986,46.41858],[-116.31015,46.41645],[-116.31008,46.4161],[-116.30931,46.41591],[-116.30902,46.41561],[-116.31014,46.41531],[-116.31025,46.41503],[-116.31001,46.41472],[-116.30896,46.41431],[-116.30864,46.41399],[-116.30854,46.41375],[-116.30921,46.4136],[-116.31035,46.41401],[-116.31109,46.41453],[-116.31102,46.41942],[-116.31245,46.42037],[-116.31289,46.421],[-116.31254,46.42155],[-116.31139,46.42233],[-116.31144,46.42249],[-116.31182,46.42267],[-116.3131,46.42275],[-116.31408,46.423],[-116.31389,46.4241],[-116.31327,46.42485],[-116.31334,46.42515],[-116.31447,46.42546],[-116.31503,46.42595],[-116.31527,46.42729],[-116.31553,46.42767],[-116.31607,46.42794],[-116.31646,46.42883],[-116.31646,46.43004],[-116.31802,46.43079],[-116.31886,46.43245],[-116.31993,46.43307],[-116.31986,46.43346],[-116.32092,46.43518],[-116.32303,46.43604],[-116.32478,46.4375],[-116.32579,46.43801],[-116.32633,46.43805],[-116.32773,46.43904],[-116.32996,46.43971],[-116.33129,46.43979],[-116.33186,46.44025],[-116.33452,46.44153],[-116.33526,46.44168],[-116.33629,46.44264],[-116.3369,46.44278],[-116.33707,46.44314],[-116.33764,46.44351],[-116.34064,46.4465],[-116.34379,46.44844],[-116.34411,46.44888],[-116.34456,46.44916],[-116.34491,46.44936],[-116.34594,46.44943],[-116.34651,46.44969],[-116.34719,46.45049],[-116.34827,46.4506],[-116.3512,46.4524],[-116.3531,46.4528],[-116.35423,46.45352],[-116.3546,46.45349],[-116.35586,46.45273],[-116.35764,46.45117],[-116.3586,46.44981],[-116.36038,46.44779],[-116.36104,46.44747],[-116.36118,46.44801],[-116.36061,46.44931],[-116.36045,46.45024],[-116.36086,46.45199],[-116.36124,46.45273],[-116.36106,46.45611],[-116.36139,46.45691],[-116.36156,46.45845],[-116.36271,46.45853],[-116.36328,46.45875],[-116.36426,46.45874],[-116.36439,46.45887],[-116.36354,46.45965],[-116.36373,46.46018],[-116.36511,46.4614],[-116.36639,46.46206],[-116.36718,46.46241],[-116.37154,46.46331],[-116.3736,46.46403],[-116.37451,46.46407],[-116.37608,46.46331],[-116.37841,46.46298],[-116.38059,46.46221],[-116.38234,46.46272],[-116.38322,46.46279],[-116.38848,46.4617],[-116.39399,46.46128],[-116.39448,46.46111],[-116.3947,46.4612],[-116.39509,46.46199],[-116.39592,46.46244],[-116.39836,46.46261],[-116.40033,46.46208],[-116.40207,46.46194],[-116.40259,46.46143],[-116.40247,46.46009],[-116.40287,46.45816],[-116.40287,46.45741],[-116.4025,46.45668],[-116.40265,46.45411],[-116.40295,46.45367],[-116.4025,46.45313],[-116.40242,46.45173],[-116.40159,46.45071],[-116.40032,46.45004],[-116.39997,46.44962],[-116.39974,46.44879],[-116.39861,46.44727],[-116.39789,46.44696],[-116.39685,46.44682],[-116.39642,46.4462],[-116.39645,46.44542],[-116.39604,46.44504],[-116.39609,46.4444],[-116.39553,46.44391],[-116.39418,46.44392],[-116.39322,46.44343],[-116.39388,46.4419],[-116.39383,46.4412],[-116.39339,46.4407],[-116.39364,46.44012],[-116.39348,46.44],[-116.3917,46.43995],[-116.38938,46.43709],[-116.38894,46.43707],[-116.38824,46.43752],[-116.38763,46.43742],[-116.38762,46.43587],[-116.38782,46.43535],[-116.38762,46.43481],[-116.38687,46.4346],[-116.38528,46.43453],[-116.38422,46.43467],[-116.38415,46.43442],[-116.38468,46.43283],[-116.38469,46.43217],[-116.38308,46.43142],[-116.38234,46.4313],[-116.38131,46.42968],[-116.3809,46.42947],[-116.37899,46.42962],[-116.37794,46.42953],[-116.37785,46.42929],[-116.37858,46.42822],[-116.37884,46.42735],[-116.37791,46.4265],[-116.37594,46.42595],[-116.37485,46.42492],[-116.37197,46.42315],[-116.37089,46.42342],[-116.37058,46.42316],[-116.37057,46.42274],[-116.37005,46.42237],[-116.36785,46.42294],[-116.36765,46.4228],[-116.36786,46.42208],[-116.36777,46.42141],[-116.36753,46.42111],[-116.36688,46.4207],[-116.36479,46.42082],[-116.36476,46.42019],[-116.3646,46.42009],[-116.3633,46.42031],[-116.36323,46.42006],[-116.36347,46.41968],[-116.36332,46.41937],[-116.36244,46.41935],[-116.36238,46.41912],[-116.36277,46.41878],[-116.36314,46.41799],[-116.36296,46.41743],[-116.36388,46.41684],[-116.36376,46.41581],[-116.36414,46.41532],[-116.36432,46.41435],[-116.36433,46.41325],[-116.36348,46.41218],[-116.36356,46.41199],[-116.36494,46.4115],[-116.36539,46.41095],[-116.36562,46.41028],[-116.36547,46.40967],[-116.36612,46.40904],[-116.36632,46.40854],[-116.36624,46.40602],[-116.36571,46.40554],[-116.36566,46.40422],[-116.36535,46.40394],[-116.36468,46.40392],[-116.36469,46.40357],[-116.36514,46.40289],[-116.36513,46.40238],[-116.36417,46.40127],[-116.36389,46.4002],[-116.36364,46.39994],[-116.3631,46.3998],[-116.36306,46.39944],[-116.36332,46.39909],[-116.3633,46.39888],[-116.36231,46.39823],[-116.36242,46.39725],[-116.36157,46.39549],[-116.3613,46.39445],[-116.3606,46.39387],[-116.36011,46.39269],[-116.35962,46.39217],[-116.35845,46.39178],[-116.35769,46.39176],[-116.35632,46.39214],[-116.35562,46.39265],[-116.3552,46.39242],[-116.35514,46.39216],[-116.35549,46.39153],[-116.35511,46.39132],[-116.35212,46.391],[-116.35126,46.3908],[-116.35082,46.39048],[-116.35608,46.39007],[-116.35891,46.38968],[-116.35926,46.3895],[-116.35928,46.38917],[-116.35859,46.38781],[-116.35862,46.38542],[-116.35811,46.38494],[-116.35871,46.38467],[-116.35882,46.38389],[-116.35866,46.38353],[-116.35868,46.38287],[-116.35905,46.38259],[-116.35887,46.38093],[-116.35878,46.38065],[-116.35836,46.38042],[-116.35835,46.38022],[-116.35901,46.37893],[-116.35937,46.3772],[-116.35895,46.37657],[-116.35946,46.37625],[-116.35949,46.37529],[-116.35928,46.37462],[-116.3583,46.3737],[-116.35842,46.37174],[-116.3586,46.37125],[-116.35913,46.37066],[-116.35854,46.37023],[-116.35938,46.36955],[-116.3595,46.36887],[-116.35913,46.3682],[-116.35856,46.36628],[-116.3586,46.3654],[-116.35915,46.36403],[-116.35881,46.36347],[-116.35812,46.36339],[-116.35534,46.36249],[-116.35483,46.36261],[-116.3537,46.36242],[-116.35128,46.36235],[-116.34947,46.36181],[-116.34937,46.36164],[-116.34949,46.36147],[-116.35121,46.3617],[-116.3535,46.36145],[-116.3561,46.36144],[-116.35817,46.36188],[-116.3582,46.36124],[-116.35884,46.36007],[-116.35892,46.35951],[-116.35945,46.35887],[-116.36001,46.35848],[-116.36189,46.35819],[-116.3621,46.35801],[-116.36198,46.35745],[-116.36067,46.35536],[-116.36068,46.35483],[-116.3614,46.35353],[-116.36138,46.35308],[-116.35928,46.35259],[-116.35841,46.35058],[-116.35829,46.35017],[-116.35842,46.34987],[-116.35867,46.34994],[-116.35963,46.35166],[-116.35998,46.35199],[-116.36062,46.35199],[-116.36069,46.35139],[-116.36042,46.35093],[-116.36044,46.34996],[-116.36103,46.34864],[-116.36427,46.34614],[-116.36564,46.34563],[-116.36678,46.34478],[-116.36789,46.34222],[-116.3695,46.34203],[-116.37039,46.34235],[-116.37095,46.34279],[-116.37243,46.34207],[-116.37532,46.34194],[-116.37558,46.34283],[-116.37515,46.34314],[-116.37303,46.34246],[-116.37232,46.34278],[-116.37066,46.34423],[-116.36998,46.34424],[-116.36946,46.34385],[-116.36917,46.34388],[-116.3691,46.34406],[-116.36954,46.34451],[-116.36952,46.34498],[-116.36933,46.34531],[-116.36679,46.34673],[-116.36493,46.34848],[-116.36467,46.34904],[-116.36475,46.35017],[-116.36436,46.35074],[-116.36478,46.35083],[-116.36491,46.35106],[-116.3639,46.35135],[-116.36325,46.35179],[-116.36317,46.35217],[-116.36342,46.35309],[-116.36319,46.35355],[-116.36331,46.35525],[-116.36363,46.35562],[-116.36444,46.35611],[-116.36499,46.35696],[-116.36512,46.35888],[-116.36479,46.35955],[-116.36194,46.36118],[-116.36181,46.36197],[-116.36257,46.36321],[-116.36328,46.36341],[-116.36292,46.36399],[-116.36327,46.36516],[-116.36322,46.3663],[-116.36373,46.36746],[-116.36334,46.3688],[-116.36321,46.37037],[-116.36348,46.37082],[-116.36276,46.37107],[-116.36253,46.37144],[-116.36293,46.37183],[-116.36246,46.37254],[-116.36315,46.37435],[-116.36385,46.37781],[-116.36356,46.37995],[-116.36367,46.38089],[-116.36481,46.38305],[-116.36579,46.38738],[-116.36624,46.38778],[-116.36669,46.38781],[-116.36833,46.38714],[-116.36855,46.38665],[-116.36863,46.38579],[-116.36938,46.3852],[-116.36974,46.38447],[-116.37135,46.38318],[-116.37163,46.38264],[-116.37173,46.38146],[-116.37231,46.38078],[-116.37387,46.37978],[-116.37709,46.3783],[-116.37837,46.37803],[-116.37994,46.37778],[-116.38155,46.37786],[-116.38221,46.37829],[-116.38202,46.37852],[-116.37988,46.3786],[-116.37754,46.37913],[-116.37376,46.3817],[-116.37379,46.38257],[-116.37351,46.38371],[-116.37309,46.38396],[-116.37298,46.38432],[-116.37205,46.38518],[-116.37187,46.38566],[-116.37198,46.38606],[-116.37174,46.38649],[-116.37195,46.38677],[-116.37188,46.38709],[-116.37147,46.38748],[-116.37149,46.38791],[-116.3713,46.38798],[-116.37135,46.38842],[-116.37167,46.3887],[-116.37159,46.3889],[-116.37089,46.38913],[-116.36982,46.39007],[-116.37016,46.39099],[-116.3694,46.39111],[-116.36897,46.39136],[-116.36762,46.39118],[-116.36676,46.39163],[-116.36678,46.39195],[-116.36751,46.39332],[-116.36825,46.39361],[-116.36948,46.3938],[-116.36954,46.39402],[-116.36933,46.39417],[-116.36813,46.39473],[-116.36815,46.39526],[-116.36929,46.39629],[-116.36973,46.39736],[-116.37041,46.39807],[-116.3703,46.39865],[-116.37106,46.39989],[-116.37147,46.39998],[-116.37178,46.40029],[-116.37142,46.40077],[-116.37144,46.40133],[-116.37288,46.40183],[-116.37221,46.40254],[-116.37318,46.40431],[-116.37436,46.40473],[-116.37496,46.40516],[-116.37405,46.40579],[-116.37405,46.40615],[-116.3747,46.40705],[-116.37541,46.40729],[-116.37452,46.40816],[-116.37456,46.40914],[-116.37524,46.40969],[-116.37537,46.41047],[-116.37402,46.41141],[-116.37365,46.41218],[-116.37284,46.41503],[-116.37284,46.41547],[-116.37331,46.41593],[-116.37532,46.41713],[-116.37614,46.41737],[-116.37691,46.41742],[-116.37774,46.41722],[-116.378,46.41733],[-116.378,46.41841],[-116.37823,46.41882],[-116.37866,46.4189],[-116.37986,46.41871],[-116.38091,46.41832],[-116.38301,46.41796],[-116.38566,46.41802],[-116.38572,46.41822],[-116.38544,46.41857],[-116.38425,46.41897],[-116.38374,46.41933],[-116.383,46.42151],[-116.38442,46.42254],[-116.38567,46.42309],[-116.3863,46.4233],[-116.3879,46.42325],[-116.38812,46.42338],[-116.38817,46.4237],[-116.38779,46.42522],[-116.38807,46.42554],[-116.38934,46.42603],[-116.39095,46.42622],[-116.39095,46.42716],[-116.39128,46.4277],[-116.39252,46.42877],[-116.39391,46.42961],[-116.39747,46.42951],[-116.39802,46.42975],[-116.3981,46.43025],[-116.39857,46.43064],[-116.39928,46.43081],[-116.40011,46.43159],[-116.39936,46.43316],[-116.3995,46.43374],[-116.40055,46.43411],[-116.40286,46.4344],[-116.4032,46.4349],[-116.40457,46.43519],[-116.40598,46.43588],[-116.40652,46.4372],[-116.40641,46.43779],[-116.40621,46.438],[-116.40623,46.43834],[-116.40714,46.43867],[-116.40948,46.4388],[-116.41005,46.43903],[-116.41061,46.43939],[-116.41086,46.44052],[-116.41102,46.44063],[-116.4129,46.43996],[-116.41288,46.43871],[-116.41355,46.43797],[-116.41375,46.43735],[-116.41421,46.43713],[-116.41444,46.43727],[-116.41444,46.43809],[-116.41416,46.43903],[-116.41521,46.44016],[-116.41566,46.44243],[-116.41588,46.44282],[-116.41624,46.44305],[-116.41735,46.44326],[-116.41729,46.44349],[-116.41582,46.44478],[-116.41581,46.44513],[-116.41606,46.44559],[-116.4167,46.44627],[-116.41649,46.44642],[-116.41478,46.44665],[-116.41458,46.44698],[-116.41463,46.44726],[-116.41491,46.44752],[-116.41557,46.44727],[-116.41739,46.44779],[-116.41746,46.44802],[-116.41659,46.44907],[-116.4166,46.44946],[-116.41686,46.44986],[-116.41837,46.4511],[-116.41915,46.45147],[-116.41878,46.45216],[-116.4189,46.45252],[-116.41938,46.45292],[-116.4193,46.45316],[-116.418,46.45396],[-116.41794,46.45415],[-116.41809,46.45431],[-116.42045,46.45456],[-116.42069,46.45473],[-116.42045,46.45596],[-116.42076,46.45633],[-116.42095,46.45726],[-116.42189,46.45802],[-116.42117,46.45843],[-116.42043,46.45935],[-116.41908,46.46025],[-116.41917,46.46051],[-116.4202,46.46194],[-116.42163,46.46341],[-116.42372,46.46499],[-116.42465,46.46504],[-116.42682,46.46554],[-116.42673,46.46628],[-116.42753,46.46707],[-116.42848,46.46682],[-116.43211,46.46798],[-116.43665,46.46755],[-116.43781,46.46705],[-116.4382,46.46669],[-116.43848,46.46623],[-116.43862,46.4653],[-116.439,46.46503],[-116.44096,46.46451],[-116.44257,46.46482],[-116.44294,46.46475],[-116.44444,46.46302],[-116.44494,46.46276],[-116.44554,46.46213],[-116.44704,46.45952],[-116.44726,46.45963],[-116.44744,46.46018],[-116.44802,46.4604],[-116.44801,46.4606],[-116.44745,46.46086],[-116.4471,46.46133],[-116.447,46.46255],[-116.44531,46.46451],[-116.44535,46.46547],[-116.44501,46.46607],[-116.44501,46.46668],[-116.44543,46.46741],[-116.4456,46.46818],[-116.44547,46.46976],[-116.44702,46.47105],[-116.44679,46.47127],[-116.44592,46.47131],[-116.44591,46.47195],[-116.44566,46.47227],[-116.44566,46.47263],[-116.44629,46.47334],[-116.4458,46.47406],[-116.44574,46.47456],[-116.446,46.47594],[-116.44587,46.47638],[-116.44561,46.47677],[-116.44441,46.47779],[-116.44423,46.47831],[-116.44382,46.47846],[-116.44372,46.47862],[-116.444,46.47922],[-116.44387,46.47953],[-116.4424,46.47961],[-116.44123,46.47989],[-116.44051,46.48062],[-116.43951,46.48108],[-116.4391,46.48151],[-116.4391,46.48201],[-116.43949,46.4826],[-116.44069,46.48301],[-116.44122,46.48342],[-116.4418,46.48349],[-116.44251,46.48298],[-116.44315,46.48295],[-116.44396,46.48239],[-116.44496,46.48235],[-116.4468,46.48291],[-116.4476,46.48353],[-116.44861,46.48359],[-116.44919,46.48328],[-116.45119,46.4834],[-116.45194,46.48411],[-116.45228,46.48412],[-116.45293,46.48364],[-116.45381,46.48254],[-116.45419,46.48238],[-116.45441,46.48247],[-116.45491,46.48326],[-116.45544,46.48357],[-116.45565,46.48398],[-116.45667,46.48427],[-116.45755,46.48478],[-116.45806,46.48479],[-116.45844,46.48456],[-116.45909,46.48379],[-116.46021,46.48395],[-116.46066,46.4837],[-116.46105,46.48368],[-116.46122,46.48386],[-116.46124,46.48455],[-116.46154,46.48501],[-116.46224,46.48535],[-116.46305,46.48528],[-116.46406,46.4858],[-116.46403,46.48664],[-116.46425,46.4868],[-116.46475,46.48682],[-116.46568,46.48657],[-116.4662,46.48626],[-116.46697,46.48646],[-116.46708,46.4884],[-116.4702,46.48857],[-116.4716,46.48915],[-116.47199,46.4895],[-116.47151,46.49049],[-116.4716,46.49067],[-116.47282,46.49146],[-116.47354,46.49148],[-116.47396,46.49168],[-116.47594,46.4914],[-116.47676,46.49112],[-116.47762,46.49149],[-116.47807,46.49149],[-116.47864,46.49096],[-116.4817,46.49049],[-116.48271,46.48941],[-116.48271,46.48823],[-116.48303,46.48791],[-116.48397,46.48886],[-116.48455,46.48997],[-116.48516,46.48998],[-116.48605,46.48921],[-116.48641,46.49017],[-116.48702,46.49017],[-116.48804,46.49057],[-116.48847,46.49044],[-116.48938,46.49059],[-116.49158,46.48873],[-116.49226,46.48934],[-116.49229,46.49015],[-116.49307,46.49082],[-116.49382,46.49116],[-116.49458,46.49104],[-116.49525,46.49063],[-116.49626,46.49072],[-116.49721,46.49034],[-116.4975,46.4905],[-116.4975,46.49097],[-116.49771,46.49115],[-116.49825,46.49118],[-116.49955,46.49095],[-116.50051,46.49057],[-116.50201,46.49058],[-116.5028,46.49032],[-116.50486,46.49047],[-116.50614,46.49021],[-116.50819,46.49013],[-116.50986,46.4908],[-116.51036,46.4905],[-116.51227,46.49016],[-116.51333,46.49049],[-116.5138,46.4908],[-116.51403,46.49128],[-116.51516,46.49183],[-116.5199,46.49219],[-116.5212,46.49179],[-116.52153,46.49186],[-116.52222,46.49249],[-116.52403,46.49314],[-116.52545,46.49336],[-116.52828,46.49343],[-116.52848,46.49329],[-116.52849,46.49208],[-116.52871,46.4917],[-116.5287,46.49107],[-116.52802,46.48992],[-116.52816,46.48559],[-116.52793,46.48476],[-116.52767,46.48437],[-116.52686,46.4837],[-116.52704,46.4816],[-116.52691,46.48134],[-116.52416,46.479],[-116.52424,46.47838],[-116.52413,46.4781],[-116.52348,46.47782],[-116.52216,46.47762],[-116.52061,46.47679],[-116.51978,46.47652],[-116.51871,46.4766],[-116.5179,46.47617],[-116.51712,46.47618],[-116.51529,46.47538],[-116.51368,46.47405],[-116.51235,46.47236],[-116.51193,46.47224],[-116.51153,46.47147],[-116.51123,46.47129],[-116.51101,46.4705],[-116.51076,46.47042],[-116.51029,46.4676],[-116.51008,46.46727],[-116.50937,46.46723],[-116.50919,46.46706],[-116.50933,46.46614],[-116.50633,46.46441],[-116.50568,46.46436],[-116.50314,46.46328],[-116.49889,46.46298],[-116.49802,46.46329],[-116.49689,46.46327],[-116.49614,46.46346],[-116.49495,46.46337],[-116.4945,46.46365],[-116.49343,46.4639],[-116.48999,46.46363],[-116.48892,46.4627],[-116.4889,46.46238],[-116.48912,46.46232],[-116.49059,46.46297],[-116.49311,46.46311],[-116.49452,46.4627],[-116.50085,46.46174],[-116.50292,46.46162],[-116.50458,46.46185],[-116.50499,46.46148],[-116.50524,46.46081],[-116.5057,46.46047],[-116.50588,46.46052],[-116.5062,46.46139],[-116.5069,46.46195],[-116.50939,46.46204],[-116.51036,46.46178],[-116.51153,46.46184],[-116.51276,46.46273],[-116.51303,46.4631],[-116.51474,46.46375],[-116.51545,46.46455],[-116.51735,46.46605],[-116.51749,46.4666],[-116.51808,46.46679],[-116.52009,46.46657],[-116.52038,46.46687],[-116.52369,46.46839],[-116.52473,46.46854],[-116.52481,46.46916],[-116.52648,46.47036],[-116.52735,46.47046],[-116.52869,46.47023],[-116.5289,46.47045],[-116.52923,46.47202],[-116.52943,46.47225],[-116.53016,46.47239],[-116.53107,46.47187],[-116.53165,46.47172],[-116.53256,46.47182],[-116.53252,46.47314],[-116.53297,46.47458],[-116.53338,46.475],[-116.53368,46.4756],[-116.53412,46.4759],[-116.53494,46.47607],[-116.5359,46.47601],[-116.53632,46.47613],[-116.53669,46.47658],[-116.53726,46.47673],[-116.53826,46.47688],[-116.53967,46.47662],[-116.53993,46.47679],[-116.54007,46.47691],[-116.5397,46.47742],[-116.53973,46.47815],[-116.54082,46.47836],[-116.54072,46.47983],[-116.54145,46.47987],[-116.54257,46.48158],[-116.54358,46.48247],[-116.54676,46.48268],[-116.54691,46.48314],[-116.54809,46.48325],[-116.54821,46.4836],[-116.54766,46.48413],[-116.54774,46.48475],[-116.5485,46.48548],[-116.54985,46.48546],[-116.55065,46.48579],[-116.55035,46.48647],[-116.55052,46.48671],[-116.5505,46.48767],[-116.55247,46.48966],[-116.55248,46.4898],[-116.55196,46.49015],[-116.55194,46.4906],[-116.5522,46.4911],[-116.55219,46.4919],[-116.55284,46.49293],[-116.55357,46.49367],[-116.55412,46.49378],[-116.55496,46.49352],[-116.55635,46.49243],[-116.55665,46.49241],[-116.55809,46.49288],[-116.55888,46.49361],[-116.56059,46.49357],[-116.56006,46.49256],[-116.55906,46.4919],[-116.55903,46.49128],[-116.55946,46.49111],[-116.55927,46.49044],[-116.55954,46.49004],[-116.55955,46.48934],[-116.55984,46.48906],[-116.56013,46.48903],[-116.56053,46.48967],[-116.56097,46.48992],[-116.56204,46.48993],[-116.5624,46.49013],[-116.5631,46.49066],[-116.56331,46.49109],[-116.56493,46.49146],[-116.56599,46.4914],[-116.56713,46.49077],[-116.56795,46.49059],[-116.56779,46.4902],[-116.56792,46.48978],[-116.5694,46.49036],[-116.56977,46.49029],[-116.56986,46.48979],[-116.57102,46.48896],[-116.56976,46.48825],[-116.5697,46.48792],[-116.56892,46.48682],[-116.569,46.48654],[-116.57001,46.48652],[-116.57019,46.48613],[-116.57051,46.48595],[-116.57128,46.48618],[-116.5716,46.48606],[-116.57174,46.48522],[-116.57235,46.48444],[-116.57503,46.48315],[-116.57532,46.48276],[-116.57499,46.48185],[-116.57551,46.48185],[-116.57617,46.4822],[-116.577,46.48388],[-116.5775,46.48532],[-116.578,46.48547],[-116.57863,46.48606],[-116.57938,46.48747],[-116.57946,46.48809],[-116.57986,46.48867],[-116.58114,46.4889],[-116.5811,46.48983],[-116.58129,46.49023],[-116.58129,46.49082],[-116.58051,46.49186],[-116.58053,46.49239],[-116.58097,46.49302],[-116.58187,46.49305],[-116.58222,46.49328],[-116.58283,46.49405],[-116.58283,46.49498],[-116.58304,46.49521],[-116.58342,46.49529],[-116.58565,46.49468],[-116.58645,46.49464],[-116.58669,46.49473],[-116.587,46.49531],[-116.5875,46.49569],[-116.58898,46.49648],[-116.59073,46.49597],[-116.59157,46.49533],[-116.59238,46.49546],[-116.59352,46.49525],[-116.59414,46.49484],[-116.59498,46.49488],[-116.59569,46.49532],[-116.59613,46.49532],[-116.5981,46.49605],[-116.59923,46.496],[-116.60021,46.49623],[-116.60434,46.49791],[-116.60513,46.49852],[-116.6058,46.49939],[-116.60585,46.4998],[-116.60649,46.49976],[-116.60821,46.50251],[-116.60835,46.50373],[-116.6091,46.50512],[-116.60761,46.50563],[-116.60768,46.50667],[-116.60804,46.50755],[-116.60835,46.50779],[-116.60957,46.50732],[-116.61113,46.50744],[-116.61136,46.50809],[-116.61222,46.50862],[-116.61265,46.5086],[-116.61347,46.50824],[-116.61825,46.50968],[-116.61884,46.50956],[-116.61887,46.50921],[-116.61922,46.50886],[-116.61916,46.50804],[-116.61968,46.50806],[-116.62058,46.50905],[-116.62178,46.50982],[-116.62349,46.50992],[-116.6247,46.5098],[-116.62571,46.51029],[-116.62675,46.51023],[-116.62729,46.51137],[-116.62876,46.5128],[-116.63018,46.51313],[-116.63078,46.5135],[-116.63119,46.51473],[-116.63155,46.515],[-116.63287,46.51479],[-116.6329,46.51406],[-116.63377,46.51281],[-116.63593,46.51105],[-116.63654,46.51004],[-116.63791,46.50869],[-116.6381,46.50873],[-116.63899,46.50966],[-116.63992,46.51022],[-116.64199,46.51078],[-116.64347,46.51074],[-116.6449,46.51034],[-116.64634,46.51049],[-116.64796,46.51001],[-116.65146,46.51013],[-116.6527,46.50955],[-116.65414,46.50962],[-116.65487,46.50989],[-116.655,46.5096],[-116.65461,46.50838],[-116.65481,46.50582],[-116.65441,46.50518],[-116.65322,46.50508],[-116.65119,46.50595],[-116.65081,46.50499],[-116.65041,46.50457],[-116.64938,46.50467],[-116.6485,46.50371],[-116.64904,46.50332],[-116.64907,46.50232],[-116.65061,46.50186],[-116.65098,46.50185],[-116.65093,46.50257],[-116.65143,46.50286],[-116.65322,46.50297],[-116.65427,46.50246],[-116.65425,46.50209],[-116.65383,46.50173],[-116.65359,46.50118],[-116.65308,46.50085],[-116.6538,46.49974],[-116.6534,46.49978],[-116.65325,46.49935],[-116.65192,46.49888],[-116.65068,46.49897],[-116.65024,46.4988],[-116.64921,46.49875],[-116.64882,46.49847],[-116.6488,46.4979],[-116.65023,46.49735],[-116.65112,46.49623],[-116.65135,46.49591],[-116.65135,46.49555],[-116.65114,46.49534],[-116.65074,46.49531],[-116.64969,46.49576],[-116.64893,46.49578],[-116.64521,46.4946],[-116.64482,46.49493],[-116.64497,46.49727],[-116.64479,46.49756],[-116.64444,46.49754],[-116.64169,46.49589],[-116.64089,46.49589],[-116.63856,46.49761],[-116.63813,46.49736],[-116.63808,46.49709],[-116.63755,46.49647],[-116.63756,46.49547],[-116.63683,46.49439],[-116.63666,46.49388],[-116.63536,46.49284],[-116.63371,46.49308],[-116.63318,46.49352],[-116.63283,46.49425],[-116.6326,46.49443],[-116.63144,46.49471],[-116.63124,46.49459],[-116.63083,46.49316],[-116.6318,46.4913],[-116.6324,46.49057],[-116.63241,46.49033],[-116.63225,46.49025],[-116.6319,46.49023],[-116.63132,46.49056],[-116.63094,46.49089],[-116.63068,46.49144],[-116.63024,46.49175],[-116.62941,46.49127],[-116.62908,46.49127],[-116.62733,46.49297],[-116.62656,46.49304],[-116.62643,46.49261],[-116.62613,46.49239],[-116.62555,46.4925],[-116.62455,46.49308],[-116.62403,46.493],[-116.62374,46.49238],[-116.62376,46.49199],[-116.6243,46.49127],[-116.62409,46.49045],[-116.6247,46.48994],[-116.62572,46.48951],[-116.62573,46.48929],[-116.6235,46.48788],[-116.62396,46.48716],[-116.62563,46.48741],[-116.62593,46.48727],[-116.62579,46.48686],[-116.62587,46.48657],[-116.62809,46.48641],[-116.62835,46.48615],[-116.62852,46.48511],[-116.62832,46.48484],[-116.62761,46.48457],[-116.62771,46.48367],[-116.62903,46.48324],[-116.62898,46.48291],[-116.62791,46.48286],[-116.62792,46.48259],[-116.62837,46.48175],[-116.62882,46.48119],[-116.6288,46.48089],[-116.62835,46.48051],[-116.62765,46.48066],[-116.62694,46.48127],[-116.62671,46.48215],[-116.62712,46.48281],[-116.62709,46.48317],[-116.62629,46.48354],[-116.62528,46.48439],[-116.62508,46.48436],[-116.62485,46.48403],[-116.62475,46.48324],[-116.62432,46.48279],[-116.62342,46.48234],[-116.62292,46.48245],[-116.62254,46.48292],[-116.62048,46.48406],[-116.61918,46.4844],[-116.6182,46.48484],[-116.6182,46.48557],[-116.61804,46.48572],[-116.61728,46.48557],[-116.61669,46.48505],[-116.61592,46.4848],[-116.61576,46.48458],[-116.61577,46.48434],[-116.61598,46.48413],[-116.61728,46.48341],[-116.61947,46.48279],[-116.61957,46.48198],[-116.62,46.48175],[-116.61999,46.48155],[-116.61908,46.48058],[-116.61897,46.47976],[-116.61875,46.47938],[-116.61778,46.4788],[-116.61777,46.47858],[-116.61854,46.47833],[-116.61902,46.47762],[-116.61935,46.4776],[-116.61953,46.47777],[-116.62005,46.47902],[-116.62184,46.47998],[-116.62253,46.47987],[-116.62399,46.47862],[-116.62404,46.47813],[-116.62461,46.47714],[-116.62463,46.47663],[-116.62308,46.47553],[-116.62291,46.47533],[-116.6228,46.47471],[-116.62299,46.4746],[-116.6241,46.47485],[-116.62483,46.47449],[-116.6249,46.47389],[-116.62618,46.47387],[-116.62659,46.47373],[-116.62659,46.47335],[-116.62701,46.47286],[-116.62692,46.47159],[-116.62722,46.47113],[-116.62547,46.47002],[-116.62549,46.46972],[-116.62689,46.46901],[-116.62897,46.46886],[-116.63049,46.46847],[-116.63075,46.46817],[-116.63076,46.46747],[-116.63019,46.46685],[-116.62872,46.46625],[-116.62689,46.46578],[-116.62594,46.4657],[-116.62507,46.46538],[-116.62405,46.46535],[-116.62287,46.4656],[-116.62197,46.46511],[-116.62173,46.46439],[-116.62135,46.46405],[-116.61948,46.46306],[-116.61833,46.46304],[-116.61704,46.46216],[-116.61666,46.46149],[-116.61607,46.46104],[-116.61472,46.46033],[-116.61448,46.46033],[-116.61356,46.46106],[-116.61332,46.46099],[-116.61292,46.46032],[-116.61249,46.46011],[-116.6104,46.46021],[-116.60963,46.45995],[-116.60791,46.45979],[-116.60603,46.46007],[-116.6058,46.45993],[-116.60597,46.45964],[-116.60752,46.45896],[-116.60844,46.45882],[-116.61072,46.45891],[-116.61158,46.45869],[-116.61177,46.45837],[-116.61178,46.45751],[-116.61133,46.45644],[-116.6113,46.45611],[-116.61151,46.45601],[-116.61179,46.45611],[-116.61361,46.45798],[-116.61426,46.45804],[-116.61487,46.45789],[-116.61727,46.45829],[-116.61923,46.45949],[-116.62238,46.46024],[-116.62297,46.46024],[-116.62389,46.45989],[-116.62563,46.4603],[-116.626,46.46009],[-116.62605,46.45981],[-116.62548,46.45933],[-116.62612,46.45903],[-116.62632,46.45868],[-116.62668,46.4585],[-116.62796,46.45864],[-116.62865,46.45883],[-116.6295,46.4593],[-116.62976,46.45923],[-116.62973,46.45829],[-116.62919,46.45771],[-116.62761,46.45704],[-116.6271,46.45653],[-116.62722,46.45641],[-116.62922,46.45654],[-116.63077,46.4563],[-116.63134,46.45607],[-116.6304,46.45491],[-116.63254,46.45448],[-116.63263,46.45416],[-116.63235,46.45377],[-116.63254,46.45344],[-116.63278,46.45322],[-116.6334,46.45308],[-116.63429,46.45214],[-116.63327,46.45101],[-116.63255,46.4511],[-116.63213,46.45095],[-116.63154,46.45108],[-116.62999,46.45057],[-116.62992,46.45005],[-116.63148,46.44965],[-116.63201,46.44931],[-116.63238,46.44885],[-116.63235,46.44848],[-116.63107,46.44764],[-116.62954,46.44693],[-116.62861,46.44597],[-116.62826,46.44606],[-116.62793,46.44656],[-116.62753,46.44646],[-116.62709,46.44601],[-116.62673,46.44587],[-116.62483,46.44619],[-116.62372,46.44616],[-116.62325,46.44599],[-116.62275,46.44608],[-116.62226,46.44576],[-116.62105,46.44563],[-116.61842,46.44622],[-116.61806,46.44618],[-116.61793,46.446],[-116.61819,46.44562],[-116.61933,46.44496],[-116.62049,46.44466],[-116.62136,46.44463],[-116.62683,46.44304],[-116.62866,46.44184],[-116.62921,46.4417],[-116.63049,46.44253],[-116.63134,46.44286],[-116.63266,46.44265],[-116.63328,46.4424],[-116.6343,46.4412],[-116.63434,46.44029],[-116.63469,46.44011],[-116.63585,46.44023],[-116.63625,46.43971],[-116.63751,46.43999],[-116.63769,46.44084],[-116.63746,46.44172],[-116.63762,46.44194],[-116.63794,46.44212],[-116.63952,46.44211],[-116.63973,46.44197],[-116.63973,46.44165],[-116.63873,46.44066],[-116.63875,46.44026],[-116.63902,46.43992],[-116.64029,46.43969],[-116.64075,46.43939],[-116.63939,46.43878],[-116.6394,46.43847],[-116.63992,46.43782],[-116.64067,46.43716],[-116.64051,46.43657],[-116.64079,46.43593],[-116.64066,46.43563],[-116.64005,46.43542],[-116.63807,46.43536],[-116.63771,46.43558],[-116.63714,46.4368],[-116.63649,46.43749],[-116.63614,46.43741],[-116.63521,46.43638],[-116.63451,46.436],[-116.63026,46.43657],[-116.63022,46.43635],[-116.632,46.43525],[-116.63368,46.43392],[-116.63365,46.43352],[-116.633,46.43267],[-116.63283,46.43212],[-116.63203,46.43168],[-116.63125,46.4309],[-116.6304,46.4304],[-116.62952,46.4304],[-116.62788,46.42953],[-116.62742,46.42917],[-116.62749,46.42893],[-116.62939,46.42955],[-116.63088,46.42952],[-116.63229,46.4299],[-116.63302,46.43041],[-116.63369,46.43042],[-116.63421,46.4308],[-116.63545,46.4313],[-116.63714,46.43106],[-116.63737,46.42975],[-116.63774,46.42955],[-116.63961,46.4297],[-116.641,46.43029],[-116.64212,46.4302],[-116.64208,46.42973],[-116.64174,46.42945],[-116.64166,46.42825],[-116.64272,46.4277],[-116.64225,46.42683],[-116.6416,46.42679],[-116.64129,46.42617],[-116.64175,46.42577],[-116.64171,46.42549],[-116.64023,46.42403],[-116.64023,46.42379],[-116.64084,46.42352],[-116.64154,46.42373],[-116.64336,46.42368],[-116.6451,46.42518],[-116.64563,46.42553],[-116.64606,46.42557],[-116.64636,46.42538],[-116.64707,46.42438],[-116.64811,46.42402],[-116.64864,46.42292],[-116.65035,46.42086],[-116.65024,46.4201],[-116.65122,46.41975],[-116.65238,46.41891],[-116.65229,46.41836],[-116.65286,46.41785],[-116.65305,46.4173],[-116.65265,46.41672],[-116.65266,46.41618],[-116.65246,46.41593],[-116.65255,46.41565],[-116.65365,46.41535],[-116.65467,46.41568],[-116.65546,46.4153],[-116.65579,46.41474],[-116.65637,46.41441],[-116.65657,46.41357],[-116.65694,46.41328],[-116.65693,46.41215],[-116.65652,46.41179],[-116.65658,46.41124],[-116.65698,46.41072],[-116.65688,46.41039],[-116.65635,46.41017],[-116.65532,46.41026],[-116.65507,46.4101],[-116.65512,46.40943],[-116.65556,46.40894],[-116.65577,46.4083],[-116.65556,46.40779],[-116.65498,46.40729],[-116.65429,46.4072],[-116.65401,46.40687],[-116.65395,46.40601],[-116.65417,46.40541],[-116.65409,46.40479],[-116.65292,46.40352],[-116.65228,46.40342],[-116.65173,46.40347],[-116.65105,46.40388],[-116.64907,46.40631],[-116.64855,46.40656],[-116.64832,46.4072],[-116.64746,46.40774],[-116.64746,46.40906],[-116.6468,46.40906],[-116.64517,46.40817],[-116.64474,46.4081],[-116.64372,46.40838],[-116.64256,46.40904],[-116.64254,46.40968],[-116.64278,46.4105],[-116.64341,46.41148],[-116.64341,46.41169],[-116.64282,46.41186],[-116.64271,46.41204],[-116.64219,46.41202],[-116.64108,46.41071],[-116.64025,46.41014],[-116.6393,46.40979],[-116.63856,46.4098],[-116.6378,46.41013],[-116.63693,46.41008],[-116.63534,46.41043],[-116.63427,46.41148],[-116.63347,46.41197],[-116.63272,46.41182],[-116.63271,46.41159],[-116.63344,46.41081],[-116.63359,46.41017],[-116.63427,46.40927],[-116.63417,46.40913],[-116.63365,46.40873],[-116.63263,46.40855],[-116.63235,46.40797],[-116.6314,46.4084],[-116.62931,46.40843],[-116.62863,46.40815],[-116.62844,46.40758],[-116.62952,46.40746],[-116.63092,46.40649],[-116.63067,46.40589],[-116.63015,46.40532],[-116.62972,46.4035],[-116.62924,46.40305],[-116.62961,46.40144],[-116.62959,46.40008],[-116.63038,46.39886],[-116.6304,46.39818],[-116.63077,46.39779],[-116.63062,46.39602],[-116.63018,46.39557],[-116.63005,46.39501],[-116.62956,46.39419],[-116.628,46.39275],[-116.6272,46.39243],[-116.62597,46.39106],[-116.62355,46.38889],[-116.62352,46.38804],[-116.62304,46.38737],[-116.62357,46.38731],[-116.62409,46.38747],[-116.62689,46.39035],[-116.62873,46.39133],[-116.62887,46.39203],[-116.62927,46.39235],[-116.62967,46.39242],[-116.63114,46.39394],[-116.63155,46.39485],[-116.63255,46.39595],[-116.63347,46.39826],[-116.63336,46.39881],[-116.63232,46.40037],[-116.63239,46.40179],[-116.63325,46.40368],[-116.63336,46.4045],[-116.63447,46.40521],[-116.63525,46.40599],[-116.63602,46.40639],[-116.63929,46.40651],[-116.64203,46.40541],[-116.64425,46.40421],[-116.64421,46.40388],[-116.64313,46.40345],[-116.64336,46.40315],[-116.64549,46.40289],[-116.64559,46.40255],[-116.64491,46.40176],[-116.64489,46.40134],[-116.64413,46.40035],[-116.64404,46.39945],[-116.64479,46.39932],[-116.64583,46.39958],[-116.64648,46.39874],[-116.64715,46.39871],[-116.64837,46.39892],[-116.64877,46.39933],[-116.64947,46.39925],[-116.6501,46.3986],[-116.6507,46.3983],[-116.65049,46.39798],[-116.65114,46.39748],[-116.65121,46.39703],[-116.65195,46.39598],[-116.65242,46.39583],[-116.65292,46.39627],[-116.65361,46.39653],[-116.65432,46.39658],[-116.65517,46.39631],[-116.65538,46.39638],[-116.65546,46.39665],[-116.65618,46.39703],[-116.65626,46.39722],[-116.6561,46.39766],[-116.65757,46.3987],[-116.66012,46.39879],[-116.66021,46.39914],[-116.65912,46.40006],[-116.65912,46.40036],[-116.65965,46.40143],[-116.66037,46.40197],[-116.66127,46.40385],[-116.66179,46.4046],[-116.66225,46.4046],[-116.66359,46.40406],[-116.6638,46.40295],[-116.66416,46.40258],[-116.66594,46.40325],[-116.66673,46.40214],[-116.66812,46.40122],[-116.66833,46.40066],[-116.66872,46.40044],[-116.6692,46.40041],[-116.67013,46.3994],[-116.67105,46.39905],[-116.67191,46.39834],[-116.67222,46.39852],[-116.67221,46.39915],[-116.67106,46.40016],[-116.6718,46.4006],[-116.67111,46.4016],[-116.67065,46.40262],[-116.67071,46.40518],[-116.67151,46.40541],[-116.67235,46.40532],[-116.67262,46.40593],[-116.67334,46.40674],[-116.67327,46.40713],[-116.6743,46.40747],[-116.67495,46.40831],[-116.67677,46.40782],[-116.67714,46.40786],[-116.67848,46.40868],[-116.67931,46.40825],[-116.67935,46.40796],[-116.67837,46.40695],[-116.67918,46.40607],[-116.67969,46.40605],[-116.68092,46.40655],[-116.68157,46.40648],[-116.68172,46.40629],[-116.68161,46.40549],[-116.68285,46.40471],[-116.68291,46.40423],[-116.68212,46.4034],[-116.68164,46.4034],[-116.67991,46.40464],[-116.67956,46.40463],[-116.6795,46.40442],[-116.68021,46.40316],[-116.68012,46.40296],[-116.67918,46.40263],[-116.67902,46.40118],[-116.67905,46.40101],[-116.68004,46.40037],[-116.67964,46.39973],[-116.67963,46.39949],[-116.68025,46.39894],[-116.68025,46.39866],[-116.67992,46.39829],[-116.68092,46.39769],[-116.68114,46.39769],[-116.68164,46.39817],[-116.6819,46.39826],[-116.6825,46.39813],[-116.68268,46.39834],[-116.68265,46.39906],[-116.68212,46.3994],[-116.68212,46.39977],[-116.68268,46.40027],[-116.68254,46.40105],[-116.68283,46.4013],[-116.68328,46.40113],[-116.68376,46.40066],[-116.68425,46.40065],[-116.68412,46.40201],[-116.68436,46.4022],[-116.68516,46.40219],[-116.68564,46.40145],[-116.68617,46.40104],[-116.68631,46.40076],[-116.68596,46.40006],[-116.68611,46.3999],[-116.68733,46.39998],[-116.68812,46.39958],[-116.68883,46.39944],[-116.68908,46.39968],[-116.68893,46.40032],[-116.68928,46.40103],[-116.68929,46.40154],[-116.68997,46.40173],[-116.69089,46.40116],[-116.69145,46.40118],[-116.69154,46.40149],[-116.69138,46.40224],[-116.69163,46.40241],[-116.69226,46.40223],[-116.69258,46.4023],[-116.69258,46.4029],[-116.69416,46.40357],[-116.69472,46.40343],[-116.69533,46.40279],[-116.69542,46.40194],[-116.69624,46.40119],[-116.6963,46.40069],[-116.69881,46.39843],[-116.69942,46.39847],[-116.69947,46.39952],[-116.70029,46.39983],[-116.70008,46.40043],[-116.6991,46.40153],[-116.69945,46.4022],[-116.69919,46.40303],[-116.69942,46.4033],[-116.70019,46.40336],[-116.70007,46.40387],[-116.70021,46.40444],[-116.69897,46.40549],[-116.69912,46.4058],[-116.69954,46.406],[-116.70076,46.40536],[-116.70175,46.40517],[-116.70205,46.40491],[-116.70206,46.40449],[-116.70187,46.40422],[-116.70224,46.40378],[-116.70215,46.40334],[-116.70232,46.40314],[-116.70286,46.40303],[-116.70317,46.40268],[-116.70379,46.40265],[-116.70435,46.40206],[-116.70493,46.40253],[-116.70504,46.40311],[-116.70534,46.40343],[-116.70601,46.40341],[-116.70675,46.40294],[-116.70705,46.40292],[-116.70737,46.40315],[-116.70753,46.40368],[-116.70816,46.40418],[-116.70667,46.40545],[-116.70643,46.40585],[-116.70652,46.40632],[-116.70696,46.40676],[-116.70737,46.40671],[-116.70754,46.40581],[-116.70799,46.40532],[-116.7098,46.40406],[-116.71012,46.40401],[-116.71079,46.40441],[-116.7109,46.40463],[-116.71082,46.40562],[-116.71157,46.40622],[-116.71301,46.40483],[-116.71318,46.40439],[-116.71377,46.4042],[-116.71417,46.4044],[-116.71485,46.40508],[-116.71549,46.40527],[-116.71653,46.40586],[-116.71712,46.40587],[-116.71754,46.40546],[-116.71831,46.40524],[-116.71857,46.40506],[-116.71821,46.4047],[-116.71568,46.40462],[-116.71514,46.40451],[-116.71482,46.40434],[-116.71482,46.40418],[-116.71693,46.40348],[-116.71849,46.40269],[-116.71922,46.40199],[-116.72017,46.40168],[-116.72042,46.40145],[-116.72037,46.40123],[-116.71944,46.40055],[-116.71926,46.39984],[-116.71899,46.39968],[-116.71824,46.3997],[-116.71697,46.40034],[-116.71568,46.40053],[-116.71416,46.40179],[-116.71382,46.40157],[-116.7137,46.40058],[-116.71339,46.40029],[-116.71276,46.40006],[-116.71155,46.40008],[-116.71098,46.39965],[-116.70997,46.39929],[-116.70996,46.39906],[-116.71073,46.39853],[-116.71173,46.39882],[-116.71294,46.39874],[-116.71312,46.39861],[-116.71264,46.39784],[-116.71273,46.39757],[-116.71397,46.39747],[-116.71453,46.39761],[-116.7147,46.39738],[-116.71477,46.39703],[-116.7137,46.39647],[-116.7137,46.39626],[-116.7149,46.39513],[-116.71571,46.39522],[-116.71618,46.39494],[-116.71666,46.39432],[-116.71847,46.3942],[-116.71855,46.39367],[-116.71893,46.39321],[-116.71986,46.39295],[-116.72039,46.39239],[-116.72045,46.39214],[-116.72024,46.39203],[-116.71965,46.39218],[-116.71943,46.39206],[-116.71941,46.39131],[-116.71884,46.39105],[-116.71875,46.39085],[-116.71952,46.38991],[-116.71953,46.38949],[-116.71939,46.38935],[-116.71845,46.38934],[-116.7182,46.38924],[-116.71819,46.38901],[-116.71869,46.38858],[-116.71973,46.3886],[-116.7203,46.38827],[-116.71962,46.38741],[-116.72124,46.38722],[-116.72147,46.38672],[-116.72191,46.38636],[-116.72191,46.38514],[-116.72246,46.38476],[-116.72248,46.38432],[-116.72335,46.38375],[-116.72344,46.38329],[-116.72321,46.38283],[-116.72255,46.38277],[-116.72231,46.38224],[-116.72241,46.38169],[-116.72282,46.38095],[-116.72278,46.38053],[-116.72125,46.38047],[-116.72102,46.38029],[-116.72087,46.37976],[-116.72117,46.37934],[-116.7211,46.37896],[-116.72078,46.3786],[-116.71994,46.37862],[-116.71934,46.37883],[-116.71739,46.37991],[-116.71582,46.38278],[-116.7153,46.38334],[-116.7153,46.3844],[-116.71507,46.38498],[-116.71554,46.38536],[-116.71556,46.38576],[-116.71533,46.38607],[-116.71532,46.38636],[-116.71632,46.38745],[-116.71582,46.38796],[-116.71525,46.38943],[-116.715,46.38949],[-116.71469,46.38932],[-116.7137,46.38778],[-116.71325,46.38753],[-116.71257,46.38754],[-116.71126,46.38796],[-116.71011,46.38884],[-116.7096,46.38872],[-116.70955,46.38759],[-116.70926,46.38726],[-116.70948,46.3858],[-116.70871,46.38488],[-116.70803,46.38446],[-116.70752,46.38449],[-116.70736,46.38484],[-116.70639,46.38529],[-116.70601,46.3857],[-116.70564,46.38716],[-116.70621,46.38753],[-116.7067,46.38846],[-116.70698,46.38867],[-116.70795,46.38928],[-116.7098,46.38993],[-116.71,46.39014],[-116.70995,46.39036],[-116.70852,46.3909],[-116.70855,46.39121],[-116.70882,46.39156],[-116.70851,46.39197],[-116.70853,46.39268],[-116.70901,46.39333],[-116.70903,46.39421],[-116.70854,46.39428],[-116.70744,46.39351],[-116.70705,46.39299],[-116.70691,46.39247],[-116.70536,46.3904],[-116.70495,46.39004],[-116.70461,46.38996],[-116.70442,46.39006],[-116.70443,46.3912],[-116.70429,46.39147],[-116.70429,46.39348],[-116.70524,46.39451],[-116.70543,46.39547],[-116.70487,46.39548],[-116.70388,46.39461],[-116.70336,46.39461],[-116.70332,46.39527],[-116.70157,46.39713],[-116.70093,46.39719],[-116.70058,46.3969],[-116.70058,46.39656],[-116.70138,46.3946],[-116.70126,46.39335],[-116.70034,46.39244],[-116.70113,46.39164],[-116.70134,46.39093],[-116.70113,46.39054],[-116.70115,46.38961],[-116.70101,46.38951],[-116.7002,46.38968],[-116.69977,46.3902],[-116.69925,46.39048],[-116.69837,46.39043],[-116.69841,46.39152],[-116.69952,46.39239],[-116.69947,46.3926],[-116.69844,46.39277],[-116.69807,46.39258],[-116.69761,46.39258],[-116.6973,46.39285],[-116.69726,46.3935],[-116.69753,46.39391],[-116.69732,46.39435],[-116.69681,46.39431],[-116.69602,46.39383],[-116.69541,46.39313],[-116.69495,46.39212],[-116.69442,46.39247],[-116.69432,46.3936],[-116.69413,46.39397],[-116.69367,46.39415],[-116.69325,46.39404],[-116.69248,46.39317],[-116.69022,46.39386],[-116.68963,46.39424],[-116.6892,46.39411],[-116.68854,46.39343],[-116.68879,46.39282],[-116.68898,46.39263],[-116.69014,46.39253],[-116.69139,46.39156],[-116.69245,46.39041],[-116.69259,46.38959],[-116.69226,46.38879],[-116.69254,46.38809],[-116.69301,46.38812],[-116.69388,46.38873],[-116.6943,46.38876],[-116.69448,46.3885],[-116.69449,46.38748],[-116.69532,46.38664],[-116.69611,46.38654],[-116.69628,46.38638],[-116.69631,46.38566],[-116.69544,46.38476],[-116.69463,46.3844],[-116.69191,46.38397],[-116.69115,46.38397],[-116.68977,46.3845],[-116.68934,46.38537],[-116.68864,46.38611],[-116.68804,46.38717],[-116.68777,46.38717],[-116.68708,46.38629],[-116.6863,46.38602],[-116.68391,46.38578],[-116.68391,46.38559],[-116.68435,46.38523],[-116.68521,46.3849],[-116.68689,46.38473],[-116.68737,46.38413],[-116.68745,46.38308],[-116.68778,46.38241],[-116.68893,46.38236],[-116.69012,46.38174],[-116.69126,46.38201],[-116.69202,46.38167],[-116.69334,46.38152],[-116.69368,46.38122],[-116.6947,46.38097],[-116.69568,46.38131],[-116.69611,46.38097],[-116.69637,46.37939],[-116.69665,46.37894],[-116.69734,46.37835],[-116.69729,46.37797],[-116.69653,46.377],[-116.69598,46.37699],[-116.69345,46.37828],[-116.69224,46.37832],[-116.69154,46.3778],[-116.69123,46.3778],[-116.69024,46.37921],[-116.68896,46.37879],[-116.68807,46.3789],[-116.68811,46.38014],[-116.68856,46.38112],[-116.68828,46.38148],[-116.68797,46.38165],[-116.68751,46.38161],[-116.68595,46.381],[-116.68498,46.3812],[-116.6834,46.38302],[-116.68295,46.38316],[-116.68231,46.38294],[-116.68207,46.38304],[-116.68186,46.38344],[-116.68184,46.38451],[-116.68077,46.38503],[-116.68054,46.38496],[-116.6803,46.38461],[-116.68018,46.38334],[-116.68031,46.383],[-116.68028,46.38167],[-116.67956,46.38082],[-116.67956,46.38065],[-116.68002,46.38042],[-116.68005,46.38021],[-116.67963,46.37993],[-116.67891,46.38013],[-116.67856,46.38032],[-116.67885,46.38076],[-116.67875,46.3809],[-116.67767,46.38155],[-116.67727,46.38216],[-116.67702,46.38478],[-116.67617,46.38506],[-116.67603,46.38595],[-116.67571,46.38617],[-116.67527,46.38587],[-116.67531,46.38482],[-116.67488,46.38356],[-116.67491,46.38293],[-116.67456,46.38246],[-116.67511,46.38167],[-116.67507,46.38116],[-116.6747,46.38117],[-116.67419,46.38157],[-116.67385,46.38157],[-116.67295,46.38094],[-116.67292,46.38005],[-116.67276,46.37998],[-116.66754,46.37993],[-116.667,46.37961],[-116.66664,46.37978],[-116.66545,46.38241],[-116.66438,46.38319],[-116.6637,46.38396],[-116.66344,46.38392],[-116.66315,46.38373],[-116.6629,46.38275],[-116.66334,46.38155],[-116.66323,46.38115],[-116.66289,46.38079],[-116.66213,46.38048],[-116.66213,46.37989],[-116.66174,46.37961],[-116.6617,46.37905],[-116.66145,46.37894],[-116.6611,46.37912],[-116.65985,46.37923],[-116.65892,46.37979],[-116.65795,46.38071],[-116.65717,46.38051],[-116.65701,46.38004],[-116.65762,46.37925],[-116.65713,46.37871],[-116.65745,46.37782],[-116.65716,46.37742],[-116.65755,46.37688],[-116.65746,46.37668],[-116.65682,46.37678],[-116.6553,46.37801],[-116.65505,46.37802],[-116.65466,46.37778],[-116.65466,46.37672],[-116.65451,46.37637],[-116.65478,46.37572],[-116.65444,46.37544],[-116.65405,46.37541],[-116.65338,46.37568],[-116.65291,46.37607],[-116.65213,46.37632],[-116.65171,46.3767],[-116.65144,46.37728],[-116.65146,46.37797],[-116.6512,46.37848],[-116.65081,46.37846],[-116.65066,46.37828],[-116.65047,46.37671],[-116.6501,46.37584],[-116.64718,46.37766],[-116.64672,46.37781],[-116.64573,46.37769],[-116.64574,46.37741],[-116.64757,46.37559],[-116.64757,46.3749],[-116.64785,46.37428],[-116.64791,46.37304],[-116.64813,46.37231],[-116.64587,46.3712],[-116.64582,46.37089],[-116.64635,46.37046],[-116.64559,46.36966],[-116.64259,46.36819],[-116.64184,46.36755],[-116.64051,46.36713],[-116.63967,46.36637],[-116.63746,46.36491],[-116.6364,46.36441],[-116.63592,46.36393],[-116.63491,46.36382],[-116.63479,46.36339],[-116.63324,46.36258],[-116.63231,46.36185],[-116.6313,46.36077],[-116.63173,46.36018],[-116.62884,46.35794],[-116.62802,46.35666],[-116.6268,46.35557],[-116.62705,46.35521],[-116.62779,46.35467],[-116.62977,46.35611],[-116.63454,46.36031],[-116.63561,46.36047],[-116.64045,46.36321],[-116.64138,46.36338],[-116.64229,46.36444],[-116.64356,46.36482],[-116.64934,46.36758],[-116.64995,46.36752],[-116.65031,46.3669],[-116.65072,46.36687],[-116.65163,46.36832],[-116.65145,46.36879],[-116.65162,46.36896],[-116.65228,46.36908],[-116.65365,46.36991],[-116.65423,46.37009],[-116.65455,46.36976],[-116.65471,46.36677],[-116.65489,46.36646],[-116.65507,46.36643],[-116.65607,46.36735],[-116.65739,46.36771],[-116.65744,46.36814],[-116.65714,46.36849],[-116.65739,46.36886],[-116.65822,46.36893],[-116.6592,46.36826],[-116.66023,46.36826],[-116.66105,46.36807],[-116.66182,46.36839],[-116.66335,46.36845],[-116.66449,46.36926],[-116.66598,46.36921],[-116.66608,46.36937],[-116.66596,46.36981],[-116.66634,46.37046],[-116.66693,46.37046],[-116.66714,46.37],[-116.669,46.37008],[-116.66922,46.36998],[-116.66935,46.36961],[-116.67013,46.36946],[-116.67099,46.36858],[-116.67193,46.36821],[-116.67382,46.36815],[-116.675,46.3684],[-116.67541,46.36826],[-116.67584,46.36783],[-116.67591,46.36741],[-116.67422,46.36631],[-116.6735,46.36603],[-116.67185,46.36414],[-116.67187,46.36389],[-116.6749,46.36417],[-116.67691,46.3638],[-116.67722,46.36348],[-116.67796,46.3634],[-116.67862,46.36364],[-116.67911,46.36363],[-116.67987,46.36326],[-116.68173,46.36322],[-116.68187,46.36332],[-116.68179,46.36395],[-116.6825,46.36464],[-116.68298,46.36491],[-116.68431,46.36492],[-116.68465,46.36481],[-116.68483,46.3639],[-116.6854,46.36281],[-116.6855,46.36148],[-116.68509,46.36041],[-116.68529,46.36026],[-116.68652,46.36045],[-116.68754,46.36095],[-116.68937,46.3601],[-116.69026,46.36079],[-116.69023,46.36106],[-116.68935,46.36203],[-116.68932,46.3631],[-116.68914,46.36364],[-116.68961,46.36415],[-116.69065,46.36471],[-116.69098,46.36532],[-116.6935,46.36479],[-116.69434,46.36548],[-116.69473,46.36552],[-116.69632,46.36447],[-116.69652,46.36421],[-116.69667,46.3635],[-116.69757,46.3628],[-116.6979,46.3628],[-116.69975,46.36365],[-116.70012,46.3642],[-116.70029,46.36558],[-116.69952,46.36641],[-116.69953,46.36671],[-116.69993,46.36737],[-116.69986,46.36835],[-116.70047,46.36844],[-116.70116,46.36817],[-116.70241,46.36824],[-116.70679,46.36785],[-116.70688,46.36774],[-116.70675,46.36759],[-116.70611,46.36706],[-116.70646,46.36559],[-116.70639,46.36526],[-116.70548,46.36457],[-116.70429,46.36397],[-116.7035,46.36382],[-116.70315,46.36336],[-116.70313,46.36282],[-116.70495,46.36111],[-116.70512,46.36077],[-116.70473,46.36073],[-116.70326,46.36146],[-116.7019,46.36184],[-116.70014,46.36275],[-116.69912,46.36282],[-116.69867,46.36217],[-116.69803,46.36008],[-116.69803,46.35803],[-116.69829,46.35727],[-116.69816,46.35674],[-116.69789,46.35681],[-116.6971,46.35751],[-116.69658,46.35763],[-116.69555,46.35646],[-116.69494,46.35625],[-116.69319,46.35622],[-116.69209,46.35685],[-116.68997,46.359],[-116.68754,46.35903],[-116.68736,46.35828],[-116.68607,46.35726],[-116.6855,46.35669],[-116.68548,46.35638],[-116.6859,46.35629],[-116.6874,46.35655],[-116.6879,46.35648],[-116.68918,46.35559],[-116.69095,46.35498],[-116.69248,46.35323],[-116.69627,46.35142],[-116.69639,46.35064],[-116.69497,46.35091],[-116.69461,46.35085],[-116.69464,46.35032],[-116.69434,46.3503],[-116.69096,46.35231],[-116.68972,46.35265],[-116.68833,46.35393],[-116.68807,46.35396],[-116.68779,46.35377],[-116.68777,46.35253],[-116.68888,46.35137],[-116.68904,46.35073],[-116.68942,46.3503],[-116.6895,46.34954],[-116.68974,46.34911],[-116.68949,46.34829],[-116.69036,46.34755],[-116.69069,46.34681],[-116.69052,46.34658],[-116.68949,46.34638],[-116.68976,46.34573],[-116.68967,46.34548],[-116.68908,46.3453],[-116.68906,46.34467],[-116.68923,46.34444],[-116.68906,46.34398],[-116.68944,46.34345],[-116.68941,46.34318],[-116.68851,46.34254],[-116.68858,46.34234],[-116.68915,46.34219],[-116.68951,46.34188],[-116.68924,46.34144],[-116.68813,46.34033],[-116.68274,46.3379],[-116.68036,46.33734],[-116.67744,46.33702],[-116.67686,46.33663],[-116.67683,46.33639],[-116.67742,46.33608],[-116.68187,46.33605],[-116.68687,46.33637],[-116.6881,46.3366],[-116.68883,46.33645],[-116.68931,46.33597],[-116.68957,46.33592],[-116.69004,46.3363],[-116.69088,46.33656],[-116.69147,46.33644],[-116.69279,46.33671],[-116.69327,46.33655],[-116.69443,46.33549],[-116.69476,46.33542],[-116.69544,46.3358],[-116.69513,46.33701],[-116.69514,46.33728],[-116.6954,46.33738],[-116.69626,46.33703],[-116.69741,46.33607],[-116.69927,46.33526],[-116.69952,46.33573],[-116.69944,46.3359],[-116.69867,46.33671],[-116.69817,46.33758],[-116.69745,46.33819],[-116.6972,46.33874],[-116.69842,46.33945],[-116.70119,46.34152],[-116.70227,46.34173],[-116.70309,46.34253],[-116.70549,46.34424],[-116.70673,46.3448],[-116.70699,46.34466],[-116.70646,46.34313],[-116.70648,46.34216],[-116.70689,46.34097],[-116.70717,46.3407],[-116.70853,46.34067],[-116.70884,46.34049],[-116.70887,46.34018],[-116.70853,46.33926],[-116.70958,46.33783],[-116.71009,46.33758],[-116.7101,46.33697],[-116.71043,46.33661],[-116.71039,46.3364],[-116.70939,46.33564],[-116.70973,46.33464],[-116.70916,46.33366],[-116.7094,46.33287],[-116.7094,46.33221],[-116.70884,46.33128],[-116.70846,46.32923],[-116.70787,46.32854],[-116.70726,46.32823],[-116.70684,46.32824],[-116.70657,46.32836],[-116.70651,46.32882],[-116.70572,46.32931],[-116.70465,46.32887],[-116.70415,46.32886],[-116.7036,46.32915],[-116.70293,46.32915],[-116.70266,46.32945],[-116.70292,46.33025],[-116.70274,46.33036],[-116.70221,46.33032],[-116.70118,46.32979],[-116.70048,46.32975],[-116.69841,46.33091],[-116.69819,46.3308],[-116.6982,46.33051],[-116.6988,46.32937],[-116.69805,46.32927],[-116.69795,46.3291],[-116.69807,46.32856],[-116.69741,46.32828],[-116.69745,46.32795],[-116.69828,46.32703],[-116.69827,46.32678],[-116.69801,46.32657],[-116.69801,46.32604],[-116.69836,46.32538],[-116.69824,46.32463],[-116.69849,46.32437],[-116.69943,46.32474],[-116.69982,46.32473],[-116.70059,46.32395],[-116.70077,46.32337],[-116.70096,46.32323],[-116.70102,46.32293],[-116.7008,46.32205],[-116.70046,46.3217],[-116.70037,46.32104],[-116.70202,46.32059],[-116.70241,46.31991],[-116.7035,46.31893],[-116.70289,46.31787],[-116.70316,46.31762],[-116.70299,46.31708],[-116.70235,46.31613],[-116.701,46.3149],[-116.70261,46.31482],[-116.70441,46.31554],[-116.70492,46.31556],[-116.70559,46.31511],[-116.70566,46.31437],[-116.70605,46.31366],[-116.70642,46.31334],[-116.70755,46.31293],[-116.70756,46.31266],[-116.70615,46.31235],[-116.70597,46.31212],[-116.70703,46.31141],[-116.70679,46.31108],[-116.70677,46.31038],[-116.70654,46.31011],[-116.70655,46.3097],[-116.70666,46.30942],[-116.70722,46.30941],[-116.70756,46.30894],[-116.70761,46.30783],[-116.70792,46.30719],[-116.70797,46.30655],[-116.70823,46.3062],[-116.70827,46.3054],[-116.70916,46.3038],[-116.70905,46.30302],[-116.70947,46.302],[-116.7096,46.30006],[-116.70899,46.29872],[-116.70967,46.29846],[-116.70978,46.29826],[-116.70983,46.29719],[-116.71012,46.29711],[-116.71073,46.29741],[-116.71069,46.29802],[-116.71119,46.29829],[-116.71211,46.2999],[-116.71271,46.30015],[-116.71313,46.30062],[-116.71387,46.30104],[-116.71419,46.30155],[-116.71447,46.30222],[-116.71456,46.30323],[-116.71513,46.30343],[-116.71526,46.30373],[-116.71532,46.30407],[-116.7149,46.30483],[-116.71523,46.30532],[-116.71556,46.30673],[-116.71646,46.30684],[-116.71904,46.30606],[-116.72014,46.30538],[-116.72042,46.30536],[-116.72057,46.30556],[-116.72054,46.30585],[-116.71983,46.30696],[-116.71711,46.30991],[-116.71627,46.31138],[-116.71659,46.31269],[-116.717,46.31282],[-116.71768,46.31263],[-116.71968,46.31111],[-116.72274,46.31021],[-116.72484,46.30917],[-116.72548,46.30987],[-116.72476,46.31043],[-116.72319,46.31118],[-116.72074,46.31186],[-116.72009,46.31227],[-116.71937,46.31361],[-116.71854,46.31445],[-116.71904,46.31543],[-116.71899,46.31563],[-116.7176,46.31576],[-116.71687,46.316],[-116.71701,46.31656],[-116.71733,46.31694],[-116.71797,46.31711],[-116.71834,46.31741],[-116.71922,46.31745],[-116.71935,46.31783],[-116.72024,46.31834],[-116.72013,46.31896],[-116.71983,46.31921],[-116.71974,46.31955],[-116.71895,46.32033],[-116.71846,46.32039],[-116.71835,46.32065],[-116.71856,46.32117],[-116.71824,46.32177],[-116.71848,46.32207],[-116.71846,46.3223],[-116.7183,46.32275],[-116.71783,46.32326],[-116.71809,46.32371],[-116.71846,46.32399],[-116.71952,46.32435],[-116.72263,46.32456],[-116.72309,46.32442],[-116.72455,46.32448],[-116.72472,46.3246],[-116.72373,46.32547],[-116.72234,46.32573],[-116.71989,46.3265],[-116.71935,46.3268],[-116.71914,46.32716],[-116.71926,46.32787],[-116.71907,46.32988],[-116.71981,46.33079],[-116.72024,46.33083],[-116.72207,46.33043],[-116.72248,46.33053],[-116.72251,46.3307],[-116.72161,46.33171],[-116.7217,46.33442],[-116.72222,46.33505],[-116.7225,46.33576],[-116.72248,46.33676],[-116.72317,46.33692],[-116.72487,46.33636],[-116.72528,46.33628],[-116.72553,46.3364],[-116.72555,46.33792],[-116.72482,46.33918],[-116.72404,46.34015],[-116.72415,46.34038],[-116.72539,46.34085],[-116.72561,46.34111],[-116.72489,46.3423],[-116.72507,46.34271],[-116.72536,46.3428],[-116.7256,46.34355],[-116.72485,46.34427],[-116.72207,46.3457],[-116.72207,46.34601],[-116.72339,46.34682],[-116.72344,46.34699],[-116.72218,46.348],[-116.72232,46.34866],[-116.72289,46.34912],[-116.72259,46.35094],[-116.72315,46.35145],[-116.72537,46.35145],[-116.72555,46.35159],[-116.72304,46.35505],[-116.72305,46.35565],[-116.72346,46.35638],[-116.72345,46.36164],[-116.72437,46.36289],[-116.72501,46.36335],[-116.72581,46.36319],[-116.72662,46.36231],[-116.72786,46.3619],[-116.72786,46.36102],[-116.7277,46.36063],[-116.72688,46.35991],[-116.72657,46.35794],[-116.72943,46.35472],[-116.72965,46.35479],[-116.72994,46.35549],[-116.72957,46.35655],[-116.72948,46.35786],[-116.73042,46.35849],[-116.73125,46.35866],[-116.73231,46.35928],[-116.7329,46.35944],[-116.73361,46.35825],[-116.73396,46.35804],[-116.7347,46.35797],[-116.73571,46.3573],[-116.73637,46.35765],[-116.73711,46.35866],[-116.73797,46.3592],[-116.73905,46.35911],[-116.73927,46.35831],[-116.74069,46.35701],[-116.741,46.35596],[-116.74265,46.35576],[-116.74317,46.35548],[-116.74312,46.35485],[-116.7441,46.35395],[-116.74443,46.35392],[-116.74522,46.35428],[-116.74607,46.35444],[-116.74646,46.35427],[-116.74705,46.35389],[-116.74736,46.35315],[-116.75004,46.3519],[-116.74986,46.35147],[-116.74895,46.35076],[-116.74769,46.35024],[-116.74626,46.35031],[-116.74492,46.35073],[-116.7446,46.35041],[-116.74474,46.35013],[-116.74533,46.34962],[-116.74619,46.34925],[-116.74603,46.34859],[-116.74629,46.34818],[-116.7478,46.34868],[-116.74996,46.3486],[-116.75342,46.34905],[-116.75367,46.34888],[-116.75342,46.34735],[-116.75402,46.34636],[-116.75387,46.34478],[-116.75459,46.34378],[-116.75444,46.34295],[-116.75382,46.34243],[-116.75268,46.34183],[-116.75196,46.34114],[-116.7517,46.34111],[-116.75037,46.34171],[-116.7492,46.342],[-116.74854,46.34236],[-116.74706,46.34183],[-116.74703,46.34162],[-116.74882,46.34035],[-116.74901,46.33956],[-116.74878,46.33881],[-116.74775,46.3377],[-116.7476,46.33692],[-116.74728,46.33662],[-116.7467,46.33642],[-116.74339,46.33648],[-116.74336,46.33616],[-116.74663,46.33444],[-116.74676,46.33419],[-116.74671,46.33337],[-116.74636,46.33304],[-116.7461,46.33215],[-116.74535,46.3313],[-116.74412,46.33092],[-116.74477,46.33021],[-116.74493,46.32932],[-116.74449,46.32864],[-116.74443,46.32805],[-116.74395,46.32668],[-116.74424,46.32623],[-116.74464,46.32626],[-116.74507,46.32652],[-116.7455,46.32741],[-116.74605,46.32785],[-116.7464,46.32879],[-116.74704,46.32962],[-116.74746,46.32988],[-116.74876,46.32988],[-116.74916,46.33011],[-116.74917,46.33026],[-116.74821,46.33075],[-116.74822,46.33113],[-116.74967,46.33267],[-116.75018,46.33386],[-116.75097,46.3341],[-116.75118,46.33431],[-116.75137,46.33502],[-116.75179,46.33579],[-116.75262,46.33599],[-116.75283,46.33615],[-116.75294,46.3366],[-116.75369,46.33711],[-116.75468,46.33737],[-116.75507,46.33765],[-116.75588,46.33768],[-116.75611,46.33741],[-116.75622,46.33627],[-116.757,46.33601],[-116.7574,46.33658],[-116.75888,46.3367],[-116.75864,46.33762],[-116.75894,46.33839],[-116.75932,46.3388],[-116.7596,46.33896],[-116.76062,46.33883],[-116.76172,46.33927],[-116.76243,46.33975],[-116.7632,46.3397],[-116.7644,46.33868],[-116.76449,46.33793],[-116.76484,46.33748],[-116.76595,46.33839],[-116.76679,46.33858],[-116.76664,46.34045],[-116.76639,46.34067],[-116.76639,46.34099],[-116.76778,46.34154],[-116.76817,46.34205],[-116.76695,46.34278],[-116.76588,46.34371],[-116.76526,46.34447],[-116.76489,46.3453],[-116.76489,46.34602],[-116.7652,46.34658],[-116.76643,46.34711],[-116.76925,46.34721],[-116.76984,46.34758],[-116.77037,46.34771],[-116.771,46.34755],[-116.77189,46.34701],[-116.77324,46.34755],[-116.77357,46.34753],[-116.77401,46.3472],[-116.77411,46.34655],[-116.77454,46.34597],[-116.77453,46.34509],[-116.77469,46.34487],[-116.77502,46.34486],[-116.77785,46.34677],[-116.78365,46.34699],[-116.7838,46.3464],[-116.78377,46.3454],[-116.78407,46.34493],[-116.78357,46.34435],[-116.78354,46.34362],[-116.78337,46.34334],[-116.78336,46.34297],[-116.78373,46.34292],[-116.78477,46.34317],[-116.78539,46.34295],[-116.78641,46.34372],[-116.78708,46.34396],[-116.78728,46.34434],[-116.78879,46.34518],[-116.78947,46.34538],[-116.79015,46.34587],[-116.79108,46.34572],[-116.79158,46.34583],[-116.79235,46.34636],[-116.79345,46.34664],[-116.79441,46.34657],[-116.79456,46.34645],[-116.79458,46.34606],[-116.7942,46.34551],[-116.79214,46.34343],[-116.79059,46.34217],[-116.78699,46.33973],[-116.78663,46.33901],[-116.78325,46.33653],[-116.78211,46.33548],[-116.78212,46.33528],[-116.78256,46.33524],[-116.78563,46.33672],[-116.78683,46.33692],[-116.78852,46.33769],[-116.78956,46.3385],[-116.79168,46.33951],[-116.79349,46.33979],[-116.79448,46.34044],[-116.7956,46.34036],[-116.79745,46.34115],[-116.79769,46.34109],[-116.79818,46.3406],[-116.79879,46.34067],[-116.79926,46.34105],[-116.79929,46.34155],[-116.79957,46.34194],[-116.80005,46.34226],[-116.80089,46.34243],[-116.80322,46.34404],[-116.80439,46.34463],[-116.80524,46.34614],[-116.80567,46.34653],[-116.80631,46.34676],[-116.80666,46.34666],[-116.8071,46.34631],[-116.80684,46.34581],[-116.80702,46.34547],[-116.8069,46.34527],[-116.80595,46.34476],[-116.80508,46.34388],[-116.80422,46.34153],[-116.80289,46.3399],[-116.80008,46.33737],[-116.79801,46.33585],[-116.79773,46.33528],[-116.79884,46.33527],[-116.79934,46.3356],[-116.80004,46.33565],[-116.80143,46.33617],[-116.80171,46.33619],[-116.80232,46.33582],[-116.80277,46.33581],[-116.80401,46.33684],[-116.80464,46.33705],[-116.80529,46.33756],[-116.80676,46.33771],[-116.80779,46.33862],[-116.8088,46.33863],[-116.80882,46.33936],[-116.81052,46.34061],[-116.81119,46.34042],[-116.8124,46.33945],[-116.81588,46.33964],[-116.81647,46.339],[-116.81653,46.33862],[-116.81646,46.33812],[-116.81599,46.33736],[-116.81457,46.33604],[-116.81232,46.33507],[-116.81321,46.33428],[-116.81406,46.33386],[-116.81583,46.33343],[-116.81727,46.3333],[-116.81747,46.33283],[-116.81682,46.33151],[-116.81622,46.33092],[-116.81345,46.32947],[-116.81104,46.32864],[-116.80887,46.32839],[-116.80886,46.32775],[-116.81199,46.32737],[-116.81412,46.32757],[-116.81621,46.32708],[-116.81667,46.32623],[-116.81668,46.32542],[-116.8164,46.3247],[-116.81459,46.32266],[-116.8146,46.32237],[-116.81548,46.3223],[-116.81591,46.3226],[-116.81664,46.3228],[-116.81698,46.32314],[-116.8176,46.32322],[-116.81932,46.32429],[-116.82007,46.32428],[-116.82055,46.32467],[-116.82185,46.32476],[-116.8222,46.32496],[-116.8233,46.32494],[-116.82413,46.32461],[-116.82449,46.32423],[-116.82447,46.32152],[-116.82374,46.32032],[-116.82445,46.31962],[-116.82444,46.31913],[-116.82365,46.31823],[-116.82287,46.31784],[-116.82223,46.31786],[-116.82073,46.31833],[-116.82017,46.31789],[-116.81561,46.31664],[-116.81385,46.31659],[-116.81095,46.31697],[-116.81015,46.31623],[-116.80911,46.31591],[-116.80716,46.31593],[-116.80239,46.31505],[-116.80054,46.31516],[-116.8,46.31439],[-116.79777,46.31321],[-116.79717,46.31191],[-116.7971,46.31066],[-116.79604,46.30849],[-116.79481,46.30841],[-116.79478,46.30814],[-116.7957,46.30754],[-116.79165,46.30129],[-116.79167,46.3],[-116.79183,46.29968],[-116.79258,46.29928],[-116.79291,46.29935],[-116.79292,46.30078],[-116.7947,46.30311],[-116.7958,46.30525],[-116.79642,46.30611],[-116.79689,46.30611],[-116.79708,46.30626],[-116.79716,46.30663],[-116.7979,46.3071],[-116.79827,46.30772],[-116.79889,46.30804],[-116.79903,46.30831],[-116.79888,46.30991],[-116.79969,46.31159],[-116.80041,46.31232],[-116.80169,46.31267],[-116.80357,46.31281],[-116.80566,46.31268],[-116.80606,46.31236],[-116.80645,46.31236],[-116.8071,46.31287],[-116.8087,46.31299],[-116.80947,46.31269],[-116.81018,46.31312],[-116.81121,46.313],[-116.81206,46.31333],[-116.81354,46.3133],[-116.81464,46.31252],[-116.81497,46.31278],[-116.81507,46.31326],[-116.8156,46.31344],[-116.81648,46.31346],[-116.81729,46.31322],[-116.81979,46.31328],[-116.82029,46.31308],[-116.82125,46.31323],[-116.82202,46.3127],[-116.82246,46.31271],[-116.82312,46.31349],[-116.82444,46.31347],[-116.82527,46.31409],[-116.82617,46.3144],[-116.82729,46.31392],[-116.82827,46.31487],[-116.82835,46.31543],[-116.829,46.31585],[-116.82969,46.31602],[-116.83058,46.31679],[-116.83043,46.31759],[-116.83064,46.31787],[-116.83136,46.31826],[-116.83136,46.31896],[-116.83163,46.31952],[-116.83142,46.32021],[-116.8315,46.32056],[-116.83211,46.32114],[-116.83218,46.3215],[-116.83273,46.32185],[-116.8335,46.32178],[-116.83492,46.32194],[-116.8351,46.32281],[-116.83553,46.32303],[-116.83619,46.32307],[-116.83639,46.32298],[-116.83646,46.32273],[-116.83606,46.32158],[-116.8361,46.32125],[-116.83749,46.31997],[-116.83753,46.3195],[-116.83705,46.31898],[-116.83689,46.31832],[-116.83753,46.31805],[-116.83813,46.31804],[-116.83849,46.31775],[-116.83861,46.31675],[-116.83838,46.31646],[-116.83837,46.31584],[-116.8387,46.31468],[-116.83856,46.31417],[-116.83773,46.3129],[-116.83811,46.31234],[-116.83813,46.31203],[-116.83782,46.31164],[-116.83756,46.31028],[-116.83687,46.30844],[-116.83514,46.30794],[-116.83285,46.30756],[-116.83252,46.30734],[-116.83521,46.30671],[-116.83557,46.30636],[-116.83446,46.30451],[-116.83304,46.30318],[-116.83137,46.30202],[-116.83134,46.30178],[-116.83393,46.30215],[-116.83618,46.3036],[-116.83882,46.306],[-116.83923,46.30674],[-116.83965,46.30695],[-116.84008,46.30819],[-116.841,46.30912],[-116.84197,46.31097],[-116.84262,46.31139],[-116.84288,46.31138],[-116.84317,46.31112],[-116.84361,46.31012],[-116.84379,46.30859],[-116.84407,46.30808],[-116.8446,46.30771],[-116.84489,46.30728],[-116.845,46.30664],[-116.84485,46.30545],[-116.84549,46.30479],[-116.84561,46.30382],[-116.84633,46.30331],[-116.84701,46.30337],[-116.84726,46.30322],[-116.84813,46.30207],[-116.84754,46.30011],[-116.84627,46.29901],[-116.84697,46.29866],[-116.84701,46.29846],[-116.84673,46.29786],[-116.84674,46.29627],[-116.84652,46.29571],[-116.84646,46.29405],[-116.84595,46.29265],[-116.84611,46.29231],[-116.84589,46.29128],[-116.84605,46.29111],[-116.84646,46.29127],[-116.84702,46.29201],[-116.84745,46.2929],[-116.84749,46.29346],[-116.84812,46.2943],[-116.84815,46.29516],[-116.84911,46.29653],[-116.84919,46.29729],[-116.85011,46.29822],[-116.85117,46.29877],[-116.85178,46.29859],[-116.85412,46.29609],[-116.85466,46.29509],[-116.85449,46.29357],[-116.85534,46.29269],[-116.8556,46.29185],[-116.85515,46.2899],[-116.85511,46.288],[-116.85435,46.28651],[-116.8543,46.28548],[-116.85389,46.28451],[-116.85378,46.28334],[-116.85343,46.28267],[-116.85332,46.28173],[-116.85274,46.28105],[-116.85284,46.28059],[-116.85228,46.2772],[-116.85251,46.27638],[-116.85165,46.27556],[-116.85154,46.27502],[-116.85181,46.27479],[-116.85366,46.27497],[-116.85431,46.27618],[-116.85412,46.27739],[-116.85447,46.278],[-116.85474,46.27992],[-116.85516,46.28054],[-116.8555,46.28178],[-116.85545,46.28217],[-116.85504,46.28234],[-116.85601,46.28476],[-116.85676,46.28479],[-116.85719,46.28554],[-116.85675,46.28622],[-116.85683,46.28672],[-116.85766,46.28813],[-116.85835,46.28824],[-116.85886,46.28958],[-116.85914,46.29151],[-116.85891,46.29172],[-116.85817,46.29189],[-116.85813,46.29248],[-116.85856,46.29286],[-116.85948,46.2931],[-116.85948,46.29348],[-116.85982,46.29388],[-116.85931,46.29444],[-116.85927,46.29559],[-116.85716,46.29979],[-116.8573,46.30002],[-116.85906,46.30113],[-116.85926,46.30153],[-116.85857,46.30201],[-116.85781,46.30225],[-116.85639,46.3023],[-116.85592,46.3027],[-116.85461,46.30456],[-116.85418,46.30491],[-116.85264,46.30502],[-116.8525,46.30542],[-116.85256,46.30628],[-116.85196,46.30696],[-116.85137,46.30737],[-116.85028,46.30707],[-116.84962,46.30808],[-116.84933,46.309],[-116.84946,46.30931],[-116.85008,46.30981],[-116.84883,46.31072],[-116.84882,46.31158],[-116.84815,46.3133],[-116.84828,46.31561],[-116.84889,46.31676],[-116.8495,46.31732],[-116.85046,46.31751],[-116.85077,46.31779],[-116.85008,46.31855],[-116.8499,46.31895],[-116.84993,46.31939],[-116.85052,46.31984],[-116.85104,46.31985],[-116.85215,46.3195],[-116.85272,46.31947],[-116.85337,46.31985],[-116.85584,46.31943],[-116.85663,46.31862],[-116.85731,46.31746],[-116.85727,46.31677],[-116.85835,46.31674],[-116.85853,46.31809],[-116.85815,46.31935],[-116.85838,46.31968],[-116.85918,46.32001],[-116.85983,46.32006],[-116.86176,46.31976],[-116.86244,46.32051],[-116.86592,46.32012],[-116.86662,46.31975],[-116.86697,46.31934],[-116.86696,46.31863],[-116.86777,46.31823],[-116.86846,46.31823],[-116.86944,46.31904],[-116.86972,46.31911],[-116.87025,46.31895],[-116.87088,46.31922],[-116.87332,46.31962],[-116.87413,46.31897],[-116.87478,46.31899],[-116.87521,46.3188],[-116.87625,46.31899],[-116.87781,46.31874],[-116.88186,46.31882],[-116.88244,46.31868],[-116.88397,46.31759],[-116.88487,46.31609],[-116.88515,46.31498],[-116.88489,46.31426],[-116.88521,46.31369],[-116.88516,46.31322],[-116.88444,46.31235],[-116.88457,46.31127],[-116.88447,46.31086],[-116.88402,46.31024],[-116.88297,46.30942],[-116.88302,46.30908],[-116.88334,46.30881],[-116.88411,46.30905],[-116.88486,46.30976],[-116.8858,46.31032],[-116.88674,46.31002],[-116.88713,46.30958],[-116.88825,46.30988],[-116.88967,46.30986],[-116.89017,46.30967],[-116.8904,46.30941],[-116.89058,46.30781],[-116.89172,46.30775],[-116.89272,46.30825],[-116.89276,46.30857],[-116.89246,46.30897],[-116.89286,46.30956],[-116.89288,46.31002],[-116.89318,46.31036],[-116.89392,46.31076],[-116.89397,46.31146],[-116.89364,46.31164],[-116.89364,46.31191],[-116.89403,46.31215],[-116.89488,46.31227],[-116.89486,46.31258],[-116.89414,46.31325],[-116.89376,46.3141],[-116.89373,46.31508],[-116.89421,46.31648],[-116.89633,46.31896],[-116.89718,46.31938],[-116.89864,46.3194],[-116.89874,46.31963],[-116.89754,46.32044],[-116.89746,46.32082],[-116.89919,46.32219],[-116.9001,46.3238],[-116.90166,46.32537],[-116.90178,46.32588],[-116.90278,46.32761],[-116.90276,46.32916],[-116.9021,46.33053],[-116.90208,46.3314],[-116.90182,46.33187],[-116.90183,46.33269],[-116.90218,46.33301],[-116.90339,46.33339],[-116.90505,46.3335],[-116.90612,46.33334],[-116.90671,46.3328],[-116.90794,46.33277],[-116.90854,46.33259],[-116.90887,46.33209],[-116.90905,46.33134],[-116.90924,46.3282],[-116.90957,46.32762],[-116.90999,46.32741],[-116.91025,46.32748],[-116.91088,46.32902],[-116.91136,46.32937],[-116.91228,46.32968],[-116.91276,46.32966],[-116.91348,46.32882],[-116.91377,46.32881],[-116.91404,46.32901],[-116.91429,46.32971],[-116.91455,46.32984],[-116.9162,46.32964],[-116.91706,46.32934],[-116.91749,46.329],[-116.91846,46.32915],[-116.91985,46.3289],[-116.92168,46.32807],[-116.92202,46.32771],[-116.92206,46.32582],[-116.92269,46.32345],[-116.9227,46.32173],[-116.92302,46.32066],[-116.92301,46.31998],[-116.92277,46.31938],[-116.92175,46.31814],[-116.92143,46.31712],[-116.92134,46.31576],[-116.92099,46.31513],[-116.9201,46.31407],[-116.91968,46.31367],[-116.91888,46.31331],[-116.91774,46.31204],[-116.91741,46.31143],[-116.91743,46.31105],[-116.91824,46.31109],[-116.91965,46.31249],[-116.92055,46.31271],[-116.92156,46.3134],[-116.92222,46.31349],[-116.92248,46.31403],[-116.92293,46.31441],[-116.92305,46.31487],[-116.928,46.32098],[-116.92959,46.32482],[-116.93203,46.32673],[-116.9332,46.32714],[-116.93342,46.32743],[-116.93351,46.32761],[-116.93308,46.32884],[-116.93329,46.32933],[-116.93519,46.33088],[-116.93627,46.33143],[-116.93751,46.33179],[-116.94034,46.33129],[-116.94224,46.33069],[-116.94283,46.3303],[-116.94299,46.32979],[-116.94283,46.3291],[-116.94324,46.32855],[-116.94323,46.32807],[-116.94415,46.32719],[-116.94358,46.32584],[-116.94202,46.32492],[-116.94232,46.32403],[-116.94435,46.324],[-116.94503,46.32382],[-116.94529,46.32349],[-116.94556,46.32341],[-116.94791,46.3236],[-116.94913,46.32298],[-116.94989,46.32225],[-116.94995,46.32101],[-116.95022,46.32071],[-116.9508,46.32054],[-116.95085,46.32019],[-116.94984,46.31863],[-116.94994,46.31841],[-116.95044,46.31842],[-116.95128,46.31905],[-116.95204,46.31938],[-116.95413,46.3198],[-116.9542,46.31949],[-116.95371,46.31888],[-116.95361,46.31803],[-116.95261,46.31725],[-116.95235,46.31658],[-116.95093,46.31528],[-116.9507,46.3149],[-116.95087,46.31456],[-116.95288,46.3155],[-116.95336,46.31589],[-116.95403,46.31595],[-116.95484,46.31642],[-116.9551,46.3169],[-116.95656,46.31782],[-116.95766,46.31831],[-116.95835,46.31831],[-116.95877,46.31806],[-116.95876,46.31747],[-116.95831,46.3168],[-116.95835,46.31629],[-116.95906,46.31489],[-116.95929,46.31475],[-116.95959,46.31492],[-116.96071,46.3165],[-116.96127,46.31687],[-116.9625,46.31721],[-116.96301,46.31697],[-116.96338,46.31705],[-116.96627,46.31816],[-116.96784,46.31848],[-116.96903,46.31848],[-116.96987,46.31794],[-116.96985,46.31695],[-116.97029,46.31645],[-116.97032,46.31572],[-116.96973,46.31463],[-116.96978,46.31433],[-116.97079,46.31391],[-116.97175,46.31265],[-116.97219,46.31261],[-116.97334,46.31294],[-116.97419,46.31298],[-116.97483,46.31261],[-116.97594,46.31232],[-116.9765,46.31195],[-116.97753,46.31018],[-116.9775,46.30999],[-116.97641,46.30929],[-116.97593,46.30871],[-116.97541,46.30848],[-116.97531,46.30806],[-116.97492,46.30781],[-116.97319,46.3072],[-116.97207,46.30713],[-116.97112,46.30681],[-116.96982,46.30699],[-116.9692,46.30682],[-116.96823,46.30686],[-116.96791,46.30667],[-116.96936,46.30571],[-116.9701,46.30571],[-116.97086,46.30519],[-116.97122,46.30517],[-116.97177,46.30541],[-116.97331,46.3053],[-116.97411,46.30487],[-116.97688,46.30468],[-116.97908,46.30526],[-116.97967,46.30512],[-116.98039,46.30562],[-116.98112,46.30553],[-116.98141,46.30527],[-116.98067,46.30489],[-116.97858,46.30284],[-116.97745,46.30108],[-116.97621,46.30089],[-116.97532,46.30092],[-116.973,46.29983],[-116.97153,46.2987],[-116.97174,46.29819],[-116.97152,46.29666],[-116.97091,46.29599],[-116.97087,46.29542],[-116.9717,46.29439],[-116.97285,46.29393],[-116.97245,46.29341],[-116.97239,46.29132],[-116.97159,46.29067],[-116.97091,46.29053],[-116.97052,46.29066],[-116.96913,46.29167],[-116.96797,46.29201],[-116.96704,46.2925],[-116.96561,46.29197],[-116.96437,46.292],[-116.96381,46.29163],[-116.96387,46.29041],[-116.96165,46.2898],[-116.95756,46.28975],[-116.95604,46.29072],[-116.95354,46.29049],[-116.95287,46.29067],[-116.95183,46.29166],[-116.9514,46.29178],[-116.94998,46.29184],[-116.94855,46.2912],[-116.94662,46.29144],[-116.94556,46.29138],[-116.94432,46.2917],[-116.94367,46.2923],[-116.94355,46.29286],[-116.94255,46.29339],[-116.94075,46.29475],[-116.93953,46.29617],[-116.93775,46.29785],[-116.93737,46.29936],[-116.9359,46.30018],[-116.93495,46.30005],[-116.93487,46.29962],[-116.93506,46.2992],[-116.93509,46.2986],[-116.93445,46.2979],[-116.93262,46.29794],[-116.93043,46.29771],[-116.92978,46.29736],[-116.92951,46.297],[-116.93026,46.2967],[-116.93264,46.29623],[-116.93426,46.29562],[-116.93514,46.29468],[-116.93549,46.29339],[-116.93353,46.29202],[-116.93356,46.29186],[-116.93459,46.29138],[-116.93558,46.29109],[-116.93569,46.29056],[-116.93331,46.28926],[-116.93338,46.28908],[-116.93414,46.28868],[-116.93641,46.28845],[-116.93741,46.28798],[-116.93744,46.28773],[-116.93644,46.28707],[-116.93562,46.28602],[-116.93552,46.28545],[-116.93466,46.28487],[-116.93427,46.28436],[-116.93355,46.28404],[-116.93252,46.28318],[-116.93175,46.28286],[-116.93136,46.28244],[-116.93029,46.28219],[-116.92994,46.28171],[-116.9262,46.28081],[-116.92273,46.28065],[-116.92018,46.28014],[-116.91722,46.27886],[-116.91622,46.27791],[-116.91371,46.27665],[-116.91335,46.27607],[-116.91217,46.27522],[-116.91124,46.27482],[-116.90933,46.27469],[-116.9084,46.27431],[-116.9083,46.27415],[-116.90844,46.27399],[-116.90996,46.27392],[-116.91252,46.27422],[-116.91491,46.27533],[-116.91554,46.27536],[-116.91566,46.27589],[-116.91756,46.27674],[-116.91828,46.27734],[-116.91995,46.27799],[-116.92145,46.27831],[-116.92317,46.27831],[-116.92411,46.27773],[-116.92464,46.27815],[-116.92527,46.27816],[-116.92609,46.27754],[-116.92701,46.27812],[-116.9285,46.27807],[-116.92906,46.27767],[-116.92934,46.27765],[-116.92995,46.27793],[-116.93015,46.2784],[-116.93342,46.27859],[-116.93773,46.28026],[-116.93973,46.28128],[-116.94041,46.28137],[-116.9423,46.28277],[-116.94384,46.28365],[-116.94396,46.28421],[-116.94442,46.28438],[-116.94789,46.2838],[-116.94923,46.28343],[-116.94953,46.28309],[-116.94937,46.28202],[-116.94903,46.28172],[-116.94823,46.2815],[-116.94723,46.2805],[-116.94699,46.27981],[-116.94644,46.27913],[-116.94565,46.27901],[-116.94521,46.27875],[-116.94403,46.27872],[-116.94344,46.27835],[-116.94233,46.27835],[-116.94191,46.27792],[-116.94102,46.27784],[-116.94087,46.2771],[-116.94058,46.27681],[-116.93935,46.27656],[-116.93942,46.27582],[-116.93904,46.27537],[-116.93903,46.27473],[-116.93842,46.27381],[-116.93749,46.2731],[-116.93551,46.27226],[-116.9353,46.27203],[-116.93533,46.27184],[-116.93659,46.2719],[-116.93833,46.27236],[-116.93954,46.27287],[-116.94179,46.27449],[-116.94267,46.27493],[-116.94487,46.27528],[-116.94531,46.27518],[-116.94551,46.27489],[-116.94576,46.27364],[-116.94514,46.27283],[-116.94496,46.27187],[-116.94433,46.2708],[-116.94353,46.26985],[-116.94353,46.26943],[-116.94418,46.26947],[-116.94467,46.26987],[-116.9451,46.26999],[-116.947,46.27026],[-116.94777,46.27085],[-116.94855,46.27101],[-116.94863,46.27166],[-116.94978,46.27244],[-116.95033,46.27263],[-116.95052,46.27322],[-116.95108,46.2735],[-116.9512,46.2738],[-116.95097,46.27429],[-116.95161,46.27503],[-116.95143,46.27536],[-116.95204,46.27627],[-116.95384,46.27628],[-116.95429,46.27653],[-116.9551,46.27737],[-116.95562,46.27746],[-116.95635,46.27727],[-116.9568,46.27734],[-116.95744,46.27788],[-116.95758,46.27839],[-116.95857,46.27858],[-116.9589,46.27895],[-116.96049,46.27899],[-116.9608,46.27958],[-116.96132,46.27998],[-116.9619,46.27975],[-116.96288,46.27904],[-116.9638,46.27941],[-116.9642,46.27866],[-116.96501,46.27825],[-116.96535,46.27829],[-116.96636,46.27943],[-116.96666,46.27947],[-116.96689,46.27943],[-116.96709,46.27913],[-116.96729,46.27851],[-116.96888,46.27832],[-116.96931,46.27865],[-116.96976,46.27875],[-116.9706,46.27945],[-116.97136,46.27866],[-116.97057,46.27799],[-116.97045,46.27768],[-116.97053,46.27742],[-116.97132,46.27676],[-116.97028,46.27617],[-116.97026,46.27575],[-116.97049,46.27534],[-116.96955,46.27477],[-116.96973,46.27367],[-116.96956,46.27346],[-116.96801,46.27336],[-116.96765,46.27298],[-116.96679,46.27268],[-116.96605,46.27204],[-116.96423,46.2717],[-116.96343,46.27115],[-116.96273,46.27121],[-116.9598,46.26964],[-116.95949,46.26891],[-116.95835,46.26841],[-116.9583,46.26816],[-116.95857,46.26775],[-116.95757,46.26717],[-116.95627,46.26705],[-116.95585,46.26656],[-116.95592,46.26605],[-116.95571,46.26581],[-116.95478,46.26573],[-116.95442,46.26549],[-116.95441,46.26441],[-116.95344,46.26399],[-116.95315,46.2635],[-116.9524,46.26298],[-116.95212,46.26208],[-116.95059,46.26171],[-116.95024,46.26128],[-116.94948,46.26081],[-116.95023,46.25913],[-116.9501,46.25896],[-116.94902,46.25876],[-116.94747,46.25799],[-116.94737,46.25768],[-116.94756,46.25723],[-116.94708,46.25661],[-116.94734,46.2561],[-116.94853,46.25514],[-116.94737,46.25481],[-116.94686,46.25441],[-116.94592,46.25412],[-116.94581,46.25356],[-116.94545,46.25322],[-116.946,46.25263],[-116.94655,46.25243],[-116.94658,46.25201],[-116.9479,46.25125],[-116.94789,46.24984],[-116.94583,46.24918],[-116.94572,46.24894],[-116.94505,46.24846],[-116.94569,46.24798],[-116.94578,46.24773],[-116.94499,46.24705],[-116.94499,46.24673],[-116.94563,46.24605],[-116.94567,46.24551],[-116.94757,46.24467],[-116.94755,46.24444],[-116.94672,46.24365],[-116.94687,46.24323],[-116.948,46.2419],[-116.94789,46.24174],[-116.94768,46.24164],[-116.94296,46.24225],[-116.94179,46.24212],[-116.94106,46.24298],[-116.93947,46.24275],[-116.93848,46.24309],[-116.93815,46.24344],[-116.93804,46.24385],[-116.93754,46.24407],[-116.93713,46.2441],[-116.93681,46.2438],[-116.93597,46.24381],[-116.93443,46.24326],[-116.93338,46.24397],[-116.93266,46.24391],[-116.93176,46.24414],[-116.93096,46.24465],[-116.93074,46.24463],[-116.93052,46.24433],[-116.93027,46.24244],[-116.93,46.24237],[-116.92902,46.24259],[-116.92623,46.24254],[-116.92536,46.24207],[-116.92511,46.24149],[-116.92452,46.24121],[-116.92428,46.24086],[-116.92348,46.241],[-116.92197,46.24093],[-116.92202,46.24074],[-116.92371,46.23995],[-116.927,46.23958],[-116.9276,46.23981],[-116.93109,46.23919],[-116.93172,46.23869],[-116.93328,46.23861],[-116.93401,46.23786],[-116.93495,46.23727],[-116.93505,46.23685],[-116.93473,46.23624],[-116.93488,46.23544],[-116.93625,46.23531],[-116.93702,46.23484],[-116.93842,46.23443],[-116.9388,46.23416],[-116.93869,46.23387],[-116.93734,46.23288],[-116.93746,46.23239],[-116.93733,46.23215],[-116.93708,46.23203],[-116.93567,46.23203],[-116.93493,46.23151],[-116.93485,46.23128],[-116.93518,46.22989],[-116.93308,46.22984],[-116.93243,46.22888],[-116.93145,46.22889],[-116.92988,46.22763],[-116.92946,46.22748],[-116.92776,46.2277],[-116.92727,46.22731],[-116.92634,46.22702],[-116.92592,46.22663],[-116.92508,46.22657],[-116.92456,46.22676],[-116.92327,46.22613],[-116.921,46.22639],[-116.92027,46.22603],[-116.91932,46.22588],[-116.91868,46.22531],[-116.91748,46.22551],[-116.91707,46.22475],[-116.9166,46.22443],[-116.91537,46.22468],[-116.91447,46.22457],[-116.91438,46.22444],[-116.91493,46.22395],[-116.91345,46.22272],[-116.91196,46.22213],[-116.91138,46.22158],[-116.91051,46.22133],[-116.90986,46.22078],[-116.90731,46.2199],[-116.90711,46.21967],[-116.90801,46.21937],[-116.91058,46.21988],[-116.91354,46.22105],[-116.91464,46.22118],[-116.91558,46.22186],[-116.91601,46.22198],[-116.91657,46.22196],[-116.91682,46.22162],[-116.91761,46.22162],[-116.91856,46.22235],[-116.91943,46.22236],[-116.92,46.22271],[-116.92036,46.22275],[-116.92149,46.22222],[-116.92235,46.22283],[-116.92359,46.22264],[-116.92453,46.22215],[-116.92483,46.22216],[-116.92551,46.22259],[-116.92639,46.22262],[-116.92685,46.22243],[-116.92756,46.22182],[-116.92888,46.22254],[-116.93084,46.22237],[-116.93112,46.22211],[-116.9317,46.22089],[-116.93274,46.22079],[-116.93302,46.22126],[-116.93458,46.22262],[-116.93494,46.22264],[-116.93728,46.22073],[-116.9382,46.22193],[-116.93945,46.22287],[-116.94028,46.22285],[-116.94077,46.22239],[-116.942,46.22196],[-116.94234,46.22203],[-116.94392,46.22316],[-116.94412,46.22366],[-116.9444,46.22389],[-116.9448,46.22415],[-116.94541,46.22426],[-116.94607,46.22471],[-116.94659,46.22537],[-116.94733,46.22569],[-116.94766,46.22555],[-116.94779,46.22536],[-116.94768,46.2245],[-116.94717,46.22407],[-116.9469,46.22357],[-116.9469,46.22242],[-116.94564,46.22105],[-116.94614,46.22031],[-116.94586,46.21962],[-116.9464,46.21912],[-116.94653,46.21831],[-116.94634,46.21788],[-116.94707,46.21714],[-116.94694,46.21677],[-116.94764,46.21616],[-116.94725,46.21543],[-116.9476,46.2151],[-116.94766,46.21465],[-116.94802,46.21433],[-116.94778,46.21387],[-116.94828,46.21346],[-116.94933,46.21299],[-116.94854,46.21195],[-116.94928,46.21102],[-116.95074,46.21013],[-116.95128,46.20911],[-116.95102,46.20884],[-116.94988,46.20881],[-116.94905,46.20836],[-116.94784,46.20842],[-116.9469,46.20764],[-116.94561,46.20777],[-116.94335,46.20615],[-116.94302,46.20616],[-116.94233,46.20663],[-116.94173,46.20648],[-116.94012,46.2066],[-116.93992,46.20638],[-116.9406,46.20569],[-116.94044,46.20536],[-116.9392,46.205],[-116.93862,46.20447],[-116.93686,46.20458],[-116.93578,46.20388],[-116.93612,46.20366],[-116.93704,46.20386],[-116.93813,46.2033],[-116.93923,46.20332],[-116.94006,46.20357],[-116.94164,46.20358],[-116.94328,46.20299],[-116.94515,46.20297],[-116.94596,46.20254],[-116.94681,46.20246],[-116.94718,46.20226],[-116.94823,46.20221],[-116.94928,46.20131],[-116.94991,46.20112],[-116.94991,46.20072],[-116.94951,46.20035],[-116.9477,46.1998],[-116.94613,46.20082],[-116.94441,46.20087],[-116.94378,46.20061],[-116.94162,46.20048],[-116.94124,46.20032],[-116.94091,46.1999],[-116.94089,46.19942],[-116.94055,46.19916],[-116.93866,46.1993],[-116.93822,46.1992],[-116.93802,46.19902],[-116.93804,46.19834],[-116.93762,46.19792],[-116.93763,46.19733],[-116.93805,46.19672],[-116.93799,46.19652],[-116.93556,46.19706],[-116.935,46.19685],[-116.93406,46.19701],[-116.93381,46.19677],[-116.93344,46.19541],[-116.93299,46.19535],[-116.9323,46.19555],[-116.93149,46.19607],[-116.92975,46.19577],[-116.92945,46.19555],[-116.92935,46.19411],[-116.92991,46.19288],[-116.92984,46.1927],[-116.92955,46.19268],[-116.92716,46.19357],[-116.9267,46.19412],[-116.9256,46.19398],[-116.92529,46.19417],[-116.92514,46.19479],[-116.92395,46.19493],[-116.92231,46.19595],[-116.92136,46.19607],[-116.92131,46.19581],[-116.92163,46.19543],[-116.92159,46.19458],[-116.9222,46.19434],[-116.92206,46.19379],[-116.92132,46.19311],[-116.92226,46.19253],[-116.92262,46.19191],[-116.92133,46.19099],[-116.9219,46.19031],[-116.92333,46.18959],[-116.92452,46.18845],[-116.92467,46.1878],[-116.92469,46.18582],[-116.9244,46.18582],[-116.9235,46.18667],[-116.92277,46.18765],[-116.92117,46.18874],[-116.91912,46.18881],[-116.91727,46.1894],[-116.9172,46.1891],[-116.91772,46.18837],[-116.91885,46.1877],[-116.91853,46.18722],[-116.91842,46.18653],[-116.91798,46.1861],[-116.91886,46.18484],[-116.91884,46.18413],[-116.91787,46.18236],[-116.91639,46.18079],[-116.91615,46.18075],[-116.91428,46.18149],[-116.9138,46.1815],[-116.91371,46.18137],[-116.91461,46.18041],[-116.91462,46.18004],[-116.91425,46.17952],[-116.91489,46.17883],[-116.91622,46.17816],[-116.91812,46.17809],[-116.91834,46.17762],[-116.9168,46.17626],[-116.91401,46.17612],[-116.91374,46.17598],[-116.91344,46.17549],[-116.91146,46.17428],[-116.9108,46.17424],[-116.91048,46.17392],[-116.9105,46.17378],[-116.91177,46.1732],[-116.91276,46.17316],[-116.91359,46.17281],[-116.91386,46.17244],[-116.91369,46.17218],[-116.91302,46.17211],[-116.91088,46.17133],[-116.90978,46.17112],[-116.90972,46.17096],[-116.91021,46.17046],[-116.91176,46.16943],[-116.9121,46.16901],[-116.91215,46.16876],[-116.91124,46.1685],[-116.91099,46.16828],[-116.91076,46.16775],[-116.91084,46.16733],[-116.9122,46.16661],[-116.91237,46.1661],[-116.91233,46.16581],[-116.91197,46.16567],[-116.91186,46.16523],[-116.91099,46.16432],[-116.90906,46.16411],[-116.90788,46.16443],[-116.90739,46.16478],[-116.90654,46.1648],[-116.90653,46.166],[-116.90445,46.16545],[-116.90402,46.16574],[-116.90412,46.16668],[-116.90357,46.16682],[-116.90298,46.16723],[-116.90266,46.16719],[-116.90232,46.16678],[-116.90168,46.16711],[-116.901,46.16683],[-116.90107,46.16635],[-116.90144,46.16591],[-116.90091,46.16506],[-116.90139,46.16434],[-116.90139,46.1641],[-116.90058,46.16363],[-116.89975,46.16361],[-116.89928,46.16328],[-116.89909,46.16336],[-116.89896,46.16383],[-116.89805,46.16491],[-116.89828,46.16552],[-116.89831,46.16659],[-116.89747,46.16797],[-116.8965,46.16766],[-116.89642,46.16654],[-116.89587,46.16631],[-116.89512,46.16632],[-116.89381,46.16776],[-116.89343,46.16803],[-116.89269,46.1682],[-116.8917,46.16897],[-116.88895,46.17138],[-116.88788,46.17263],[-116.88675,46.17319],[-116.88638,46.17307],[-116.88674,46.17135],[-116.88713,46.17068],[-116.88703,46.16994],[-116.8877,46.16956],[-116.88862,46.16828],[-116.88878,46.16781],[-116.88865,46.16736],[-116.88875,46.16716],[-116.88899,46.16688],[-116.8897,46.16655],[-116.88986,46.16625],[-116.88921,46.16526],[-116.88944,46.16442],[-116.8893,46.16423],[-116.88711,46.16416],[-116.88707,46.16397],[-116.88745,46.16364],[-116.8881,46.16352],[-116.88845,46.16325],[-116.89085,46.16294],[-116.8911,46.16278],[-116.8913,46.1626],[-116.89129,46.16231],[-116.89089,46.16164],[-116.89194,46.16058],[-116.89224,46.15961],[-116.89177,46.15948],[-116.89107,46.15974],[-116.88955,46.15968],[-116.88947,46.15942],[-116.88984,46.15906],[-116.88928,46.1588],[-116.88914,46.15853],[-116.8894,46.15824],[-116.88924,46.15763],[-116.88663,46.1577],[-116.88655,46.15751],[-116.88737,46.15645],[-116.88724,46.15618],[-116.88655,46.15621],[-116.88662,46.15534],[-116.88555,46.15521],[-116.88555,46.15498],[-116.88621,46.15411],[-116.88614,46.15383],[-116.88564,46.15338],[-116.88583,46.15215],[-116.8856,46.15172],[-116.88523,46.1516],[-116.88396,46.15232],[-116.88356,46.15292],[-116.88307,46.15327],[-116.8824,46.15318],[-116.8798,46.15405],[-116.87976,46.15349],[-116.88154,46.15191],[-116.88158,46.1515],[-116.88205,46.15142],[-116.88236,46.1511],[-116.88236,46.15075],[-116.88071,46.1501],[-116.88019,46.14959],[-116.8797,46.14947],[-116.87878,46.14966],[-116.87869,46.14914],[-116.87837,46.14906],[-116.87764,46.14922],[-116.87741,46.14911],[-116.87733,46.14859],[-116.87757,46.1483],[-116.8775,46.14772],[-116.87707,46.14735],[-116.87562,46.14666],[-116.87466,46.14665],[-116.87399,46.14629],[-116.8716,46.14653],[-116.8692,46.14645],[-116.86821,46.14602],[-116.86818,46.14577],[-116.86874,46.14549],[-116.87209,46.14541],[-116.8743,46.14482],[-116.87581,46.14483],[-116.8762,46.14382],[-116.87621,46.14304],[-116.8758,46.14229],[-116.87578,46.14135],[-116.87667,46.14026],[-116.87718,46.14083],[-116.87755,46.14167],[-116.8778,46.14331],[-116.87816,46.14414],[-116.87865,46.1442],[-116.87916,46.14393],[-116.87963,46.14396],[-116.87964,46.14451],[-116.88031,46.14482],[-116.88125,46.14626],[-116.88311,46.14685],[-116.88409,46.14762],[-116.88487,46.14789],[-116.88527,46.14862],[-116.88809,46.14904],[-116.88871,46.14897],[-116.88955,46.14854],[-116.88988,46.14953],[-116.88996,46.15158],[-116.89053,46.1516],[-116.89096,46.1518],[-116.89203,46.15142],[-116.89353,46.15024],[-116.89454,46.15029],[-116.89646,46.15141],[-116.89751,46.15155],[-116.89919,46.15248],[-116.8997,46.15244],[-116.89986,46.15232],[-116.8997,46.15124],[-116.89988,46.15084],[-116.89987,46.15008],[-116.9002,46.14963],[-116.90074,46.14933],[-116.90366,46.15012],[-116.90463,46.14966],[-116.90647,46.14966],[-116.9071,46.15022],[-116.90773,46.15048],[-116.91064,46.14958],[-116.91103,46.14909],[-116.91097,46.14888],[-116.91084,46.14872],[-116.91024,46.14868],[-116.90963,46.14831],[-116.91015,46.14781],[-116.91018,46.14745],[-116.90964,46.14719],[-116.90926,46.14652],[-116.90999,46.14635],[-116.91045,46.146],[-116.9105,46.1447],[-116.91081,46.14306],[-116.9104,46.14192],[-116.90936,46.14128],[-116.90949,46.14034],[-116.9096,46.14021],[-116.91003,46.14025],[-116.91072,46.1406],[-116.91165,46.14023],[-116.91214,46.14019],[-116.91282,46.14042],[-116.91353,46.14042],[-116.91418,46.14001],[-116.9153,46.14075],[-116.91655,46.14042],[-116.91732,46.13979],[-116.91699,46.13897],[-116.91695,46.13828],[-116.9177,46.13813],[-116.91826,46.13783],[-116.91948,46.13616],[-116.91911,46.13502],[-116.91812,46.13483],[-116.9167,46.13482],[-116.91663,46.13469],[-116.91705,46.13412],[-116.91698,46.13386],[-116.91645,46.13376],[-116.91559,46.1332],[-116.91554,46.13291],[-116.91697,46.13288],[-116.9175,46.13267],[-116.91758,46.13248],[-116.91754,46.13142],[-116.91703,46.13106],[-116.91699,46.12973],[-116.91605,46.12928],[-116.91523,46.12855],[-116.91524,46.12774],[-116.91542,46.12763],[-116.91648,46.12773],[-116.91665,46.12757],[-116.91606,46.12723],[-116.91476,46.12689],[-116.91303,46.12601],[-116.91312,46.12509],[-116.9136,46.12512],[-116.91536,46.12583],[-116.91665,46.12574],[-116.91802,46.12609],[-116.91936,46.1268],[-116.92006,46.12736],[-116.92047,46.1274],[-116.9208,46.12574],[-116.92102,46.12533],[-116.92221,46.12482],[-116.92356,46.12484],[-116.92379,46.12465],[-116.92385,46.12431],[-116.9249,46.12344],[-116.92504,46.12273],[-116.92456,46.12191],[-116.92531,46.12089],[-116.92587,46.12068],[-116.92616,46.12036],[-116.92588,46.11957],[-116.92564,46.11944],[-116.92506,46.11941],[-116.92419,46.11963],[-116.92232,46.12033],[-116.92195,46.12033],[-116.92124,46.11993],[-116.92121,46.1198],[-116.92219,46.11956],[-116.92245,46.11935],[-116.92346,46.1175],[-116.92353,46.11729],[-116.92327,46.11703],[-116.9218,46.11686],[-116.92128,46.11631],[-116.9228,46.11589],[-116.92299,46.11573],[-116.92289,46.1154],[-116.92267,46.11519],[-116.92168,46.11524],[-116.92053,46.11508],[-116.91908,46.11402],[-116.91837,46.11314],[-116.91696,46.11288],[-116.91575,46.11304],[-116.91546,46.11291],[-116.91562,46.11266],[-116.91604,46.11225],[-116.91796,46.11121],[-116.91871,46.11134],[-116.92,46.11203],[-116.92135,46.11227],[-116.92257,46.11183],[-116.9244,46.1117],[-116.92629,46.11243],[-116.9278,46.1118],[-116.92847,46.11235],[-116.92859,46.1128],[-116.92896,46.11312],[-116.93101,46.11369],[-116.93229,46.11438],[-116.93248,46.11427],[-116.93295,46.11324],[-116.93295,46.11282],[-116.93261,46.11251],[-116.93284,46.11206],[-116.93284,46.11164],[-116.93365,46.11158],[-116.93445,46.11174],[-116.93486,46.11158],[-116.93517,46.11103],[-116.93447,46.11028],[-116.93481,46.10969],[-116.93458,46.10893],[-116.9355,46.10825],[-116.9355,46.10808],[-116.93441,46.10748],[-116.93365,46.10675],[-116.9323,46.10613],[-116.93157,46.1056],[-116.92792,46.10498],[-116.92741,46.10438],[-116.92805,46.10411],[-116.92764,46.10357],[-116.92762,46.1031],[-116.92736,46.10262],[-116.92752,46.1025],[-116.92784,46.10257],[-116.92898,46.10314],[-116.92964,46.10309],[-116.92991,46.10289],[-116.92985,46.10236],[-116.93023,46.10154],[-116.93134,46.10105],[-116.93198,46.10055],[-116.93228,46.10057],[-116.93252,46.10079],[-116.93658,46.10034],[-116.93799,46.10041],[-116.93859,46.10074],[-116.93889,46.10057],[-116.93891,46.10031],[-116.9381,46.09835],[-116.93824,46.09777],[-116.93862,46.09759],[-116.93875,46.09701],[-116.93912,46.09639],[-116.93903,46.09608],[-116.93875,46.09594],[-116.93798,46.09582],[-116.93786,46.09511],[-116.93722,46.09502],[-116.93698,46.09482],[-116.93696,46.09446],[-116.93743,46.09376],[-116.93739,46.09346],[-116.93691,46.09341],[-116.93617,46.09396],[-116.93543,46.09348],[-116.93376,46.09336],[-116.93368,46.09298],[-116.93446,46.09278],[-116.93487,46.09245],[-116.93421,46.09173],[-116.93426,46.09151],[-116.93582,46.09149],[-116.93643,46.09117],[-116.93663,46.09085],[-116.93876,46.09045],[-116.93975,46.09057],[-116.93989,46.09],[-116.94061,46.09],[-116.94177,46.09037],[-116.94206,46.09032],[-116.9421,46.08999],[-116.94176,46.08951],[-116.94201,46.08889],[-116.9419,46.0887],[-116.94106,46.08868],[-116.94097,46.08854],[-116.9421,46.08727],[-116.94207,46.08616],[-116.94156,46.085],[-116.94103,46.08496],[-116.94062,46.08454],[-116.94007,46.08442],[-116.94038,46.08399],[-116.94042,46.08336],[-116.94213,46.08317],[-116.94282,46.08262],[-116.94291,46.08203],[-116.94237,46.08112],[-116.94358,46.08094],[-116.94422,46.08061],[-116.9442,46.08025],[-116.94368,46.0797],[-116.94461,46.07901],[-116.94472,46.07865],[-116.94465,46.07847],[-116.94364,46.07787],[-116.94401,46.07751],[-116.94611,46.07659],[-116.9463,46.07609],[-116.94571,46.07546],[-116.94568,46.07473],[-116.94238,46.07246],[-116.94167,46.07215],[-116.9415,46.07195],[-116.94163,46.07116],[-116.94061,46.07075],[-116.9403,46.07076],[-116.93992,46.0711],[-116.9393,46.07195],[-116.93758,46.07255],[-116.93616,46.07275],[-116.93471,46.07236],[-116.93428,46.07246],[-116.93342,46.07315],[-116.9313,46.07355],[-116.92984,46.07356],[-116.92873,46.07329],[-116.92814,46.07347],[-116.92805,46.07292],[-116.92719,46.07238],[-116.92729,46.07193],[-116.92977,46.0725],[-116.93058,46.07245],[-116.93101,46.07194],[-116.93451,46.07011],[-116.93465,46.06982],[-116.93444,46.06852],[-116.93324,46.06851],[-116.93237,46.0688],[-116.92979,46.06916],[-116.92905,46.06859],[-116.92772,46.06843],[-116.92433,46.06997],[-116.9233,46.06976],[-116.92405,46.06858],[-116.92399,46.06837],[-116.92233,46.06882],[-116.922,46.06867],[-116.9201,46.0694],[-116.91953,46.07007],[-116.91859,46.06978],[-116.91717,46.07008],[-116.91658,46.07053],[-116.91553,46.07016],[-116.91462,46.07025],[-116.91381,46.07064],[-116.91307,46.07072],[-116.91247,46.07045],[-116.91139,46.07035],[-116.91129,46.07019],[-116.9119,46.06981],[-116.91315,46.06974],[-116.91479,46.06821],[-116.91582,46.06794],[-116.91797,46.06777],[-116.91851,46.06756],[-116.91927,46.067],[-116.91938,46.06676],[-116.9185,46.06609],[-116.91849,46.06592],[-116.91947,46.06557],[-116.92099,46.06556],[-116.92126,46.06542],[-116.92132,46.06507],[-116.92163,46.06485],[-116.92236,46.06483],[-116.92273,46.06453],[-116.94593,46.06461],[-116.94327,46.06173],[-116.94252,46.0607],[-116.94243,46.06027],[-116.95042,46.06023],[-116.95029,46.06145],[-116.95151,46.06197],[-116.95198,46.06247],[-116.95317,46.06215],[-116.95348,46.06223],[-116.9536,46.06262],[-116.95403,46.0629],[-116.95503,46.06525],[-116.9546,46.0657],[-116.95461,46.06602],[-116.95552,46.06663],[-116.95683,46.06706],[-116.95763,46.06638],[-116.95883,46.06641],[-116.96036,46.06571],[-116.96155,46.06575],[-116.96258,46.06629],[-116.96576,46.06534],[-116.96583,46.06479],[-116.96682,46.06444],[-116.96696,46.06413],[-116.96683,46.0637],[-116.96778,46.06303],[-116.96791,46.06268],[-116.96866,46.06202],[-116.96878,46.06166],[-116.96938,46.06164],[-116.96989,46.06212],[-116.97105,46.06598],[-116.97137,46.06638],[-116.97155,46.06634],[-116.9719,46.06595],[-116.97198,46.06441],[-116.97228,46.06338],[-116.97284,46.06272],[-116.97274,46.06206],[-116.97297,46.06178],[-116.973,46.06131],[-116.97365,46.06072],[-116.97596,46.05929],[-116.97701,46.05819],[-116.97719,46.05778],[-116.97658,46.05726],[-116.97504,46.05662],[-116.97638,46.05578],[-116.97639,46.05542],[-116.97755,46.05572],[-116.97787,46.0556],[-116.97846,46.05498],[-116.97899,46.05494],[-116.98043,46.0543],[-116.98105,46.05473],[-116.98187,46.05481],[-116.98317,46.05421],[-116.98461,46.05514],[-116.98596,46.05676],[-116.9872,46.05686],[-116.98766,46.05672],[-116.98866,46.05601],[-116.98931,46.05598],[-116.99118,46.0568],[-116.99209,46.0569],[-116.99318,46.05735],[-116.99366,46.05728],[-116.99389,46.05694],[-116.99391,46.05622],[-116.99367,46.05538],[-116.99332,46.05497],[-116.99363,46.05264],[-116.99165,46.04945],[-116.99143,46.04926],[-116.9897,46.04884],[-116.98958,46.04787],[-116.98921,46.04729],[-116.98896,46.0471],[-116.9873,46.04666],[-116.98824,46.04558],[-117.0009,46.04556],[-117.00105,46.04576],[-117.01076,46.04569],[-117.01026,46.04667],[-117.01042,46.0472],[-117.01072,46.04751],[-117.01173,46.0463],[-117.01401,46.04485],[-117.01528,46.04429],[-117.01569,46.04375],[-117.01739,46.04269],[-117.01771,46.04262],[-117.0187,46.04284],[-117.01987,46.04258],[-117.02057,46.04287],[-117.02151,46.04359],[-117.02306,46.04306],[-117.02363,46.04316],[-117.02401,46.04231],[-117.02389,46.04146],[-117.02416,46.04081],[-117.02445,46.04068],[-117.02477,46.04018],[-117.02599,46.0401],[-117.02706,46.03957],[-117.02723,46.03925],[-117.02697,46.03871],[-117.02819,46.03791],[-117.0294,46.03737],[-117.03022,46.03734],[-117.03091,46.03756],[-117.03244,46.03698],[-117.03436,46.03521],[-117.03521,46.03463],[-117.03543,46.03462],[-117.03617,46.0352],[-117.03763,46.0352],[-117.03806,46.03671],[-117.03814,46.04559],[-117.03925,46.04563],[-117.03915,46.0564],[-117.03823,46.05677],[-117.03797,46.05671],[-117.03774,46.05616],[-117.03719,46.05576],[-117.03664,46.05574],[-117.03599,46.05618],[-117.0358,46.05702],[-117.03531,46.05794],[-117.03529,46.05834],[-117.03637,46.05971],[-117.03646,46.06007],[-117.03486,46.06042],[-117.0318,46.05963],[-117.03171,46.06108],[-117.03087,46.06076],[-117.03029,46.06082],[-117.02977,46.06111],[-117.02841,46.06079],[-117.02824,46.06108],[-117.02855,46.06322],[-117.02843,46.06351],[-117.02814,46.06369],[-117.02608,46.06355],[-117.02565,46.06389],[-117.02486,46.06409],[-117.02414,46.06508],[-117.02354,46.06512],[-117.02351,46.06615],[-117.02209,46.06605],[-117.02094,46.06542],[-117.01938,46.06512],[-117.01928,46.06541],[-117.02018,46.06791],[-117.01983,46.0688],[-117.02052,46.06946],[-117.0209,46.07062],[-117.01984,46.07157],[-117.0178,46.07216],[-117.01745,46.07246],[-117.01747,46.07271],[-117.01779,46.07298],[-117.02015,46.07325],[-117.02099,46.07379],[-117.02237,46.0738],[-117.02249,46.07423],[-117.02384,46.0753],[-117.02345,46.07541],[-117.02134,46.07518],[-117.02063,46.07542],[-117.02037,46.07571],[-117.0208,46.0781],[-117.02082,46.07916],[-117.02059,46.07914],[-117.01949,46.07813],[-117.01764,46.07688],[-117.0169,46.07674],[-117.01639,46.07709],[-117.01636,46.07882],[-117.01594,46.07989],[-117.01564,46.08019],[-117.01471,46.08026],[-117.01431,46.08059],[-117.01371,46.0816],[-117.0137,46.08193],[-117.01419,46.08268],[-117.01431,46.08366],[-117.01388,46.08372],[-117.01251,46.08283],[-117.01192,46.08276],[-117.01125,46.08318],[-117.01073,46.08248],[-117.01057,46.0818],[-117.00938,46.08021],[-117.0093,46.07942],[-117.00875,46.07898],[-117.00812,46.07895],[-117.00741,46.07855],[-117.0066,46.07871],[-117.00576,46.08011],[-117.00503,46.08042],[-117.00438,46.08047],[-117.00419,46.08035],[-117.00409,46.07987],[-117.00339,46.07931],[-117.0033,46.0786],[-117.00244,46.078],[-117.00209,46.07683],[-117.00205,46.0752],[-117.00188,46.0751],[-117.00071,46.0753],[-117.00002,46.07507],[-116.99885,46.07577],[-116.99857,46.07571],[-116.99664,46.07391],[-116.99635,46.07379],[-116.99614,46.07397],[-116.99593,46.07426],[-116.99596,46.0746],[-116.99632,46.07537],[-116.99638,46.07643],[-116.99583,46.07689],[-116.99582,46.07716],[-116.99625,46.07763],[-116.99624,46.07799],[-116.9952,46.07843],[-116.99462,46.07823],[-116.99406,46.07842],[-116.99389,46.07886],[-116.99496,46.07967],[-116.99548,46.08034],[-116.99648,46.08087],[-116.9973,46.08159],[-116.99739,46.0819],[-116.99691,46.08238],[-116.99537,46.08278],[-116.99534,46.08297],[-116.99625,46.08378],[-116.99607,46.08419],[-116.99632,46.08442],[-116.99721,46.08442],[-116.99848,46.08476],[-116.99912,46.08477],[-117.00076,46.08561],[-117.00101,46.08612],[-117.00083,46.08655],[-116.99878,46.08661],[-116.99816,46.08682],[-116.99715,46.08776],[-116.99757,46.0882],[-116.9989,46.08903],[-116.99984,46.08993],[-117.00072,46.09023],[-117.00111,46.09067],[-117.00077,46.09116],[-116.99999,46.09116],[-116.99936,46.09144],[-116.99899,46.09146],[-116.99784,46.09094],[-116.99736,46.09094],[-116.99653,46.09167],[-116.99595,46.0917],[-116.99485,46.09112],[-116.99415,46.09041],[-116.99333,46.09042],[-116.9903,46.09294],[-116.99014,46.09327],[-116.99054,46.0941],[-116.99014,46.0947],[-116.99097,46.09537],[-116.99153,46.09607],[-116.99051,46.0969],[-116.99027,46.0975],[-116.98907,46.09803],[-116.98865,46.0984],[-116.98598,46.09873],[-116.98541,46.09849],[-116.9832,46.10002],[-116.98246,46.10079],[-116.98078,46.10176],[-116.98023,46.1019],[-116.98017,46.10205],[-116.9803,46.10223],[-116.98159,46.10233],[-116.9835,46.10158],[-116.98527,46.10136],[-116.98662,46.10087],[-116.9878,46.10062],[-116.98906,46.10058],[-116.99138,46.09985],[-116.99308,46.09987],[-116.99351,46.09966],[-116.994,46.09979],[-116.99477,46.09936],[-116.9962,46.09902],[-116.9974,46.09901],[-116.99895,46.09948],[-117,46.09938],[-117.00041,46.09963],[-117.00023,46.09983],[-116.99857,46.10027],[-116.99835,46.10058],[-116.99802,46.10058],[-116.99736,46.10013],[-116.99643,46.1002],[-116.99519,46.10114],[-116.9943,46.10155],[-116.99452,46.10245],[-116.99354,46.10222],[-116.99279,46.10178],[-116.99236,46.10176],[-116.99011,46.10306],[-116.98899,46.10306],[-116.98782,46.10374],[-116.98856,46.10486],[-116.98839,46.10497],[-116.98683,46.10476],[-116.98589,46.10488],[-116.98508,46.1056],[-116.98512,46.10599],[-116.98591,46.10662],[-116.98605,46.10835],[-116.9855,46.10894],[-116.98554,46.10954],[-116.98532,46.10979],[-116.98461,46.10945],[-116.98434,46.10837],[-116.98392,46.10787],[-116.9833,46.10745],[-116.98235,46.10743],[-116.9815,46.10713],[-116.98033,46.10713],[-116.98018,46.10742],[-116.98031,46.10833],[-116.98002,46.11012],[-116.97975,46.1103],[-116.97941,46.11027],[-116.97782,46.10926],[-116.9774,46.10911],[-116.97712,46.10928],[-116.97681,46.10976],[-116.97598,46.11036],[-116.97644,46.11103],[-116.97686,46.11212],[-116.97701,46.11304],[-116.97786,46.11377],[-116.97807,46.11402],[-116.97802,46.11423],[-116.97645,46.11406],[-116.97545,46.11442],[-116.97513,46.1143],[-116.97415,46.11322],[-116.97371,46.11297],[-116.97302,46.11297],[-116.9711,46.11416],[-116.97111,46.11443],[-116.97141,46.11488],[-116.97143,46.1153],[-116.97049,46.11614],[-116.97101,46.11673],[-116.97079,46.11739],[-116.97192,46.11824],[-116.97241,46.11832],[-116.97245,46.11883],[-116.97309,46.1195],[-116.97323,46.11995],[-116.9714,46.11975],[-116.97075,46.11939],[-116.96893,46.1194],[-116.96829,46.11906],[-116.96774,46.11901],[-116.96705,46.11848],[-116.96588,46.11911],[-116.96521,46.11925],[-116.96431,46.11858],[-116.96412,46.11823],[-116.96398,46.11716],[-116.96372,46.1171],[-116.96276,46.11755],[-116.96255,46.11777],[-116.96258,46.11798],[-116.96353,46.11934],[-116.96356,46.12008],[-116.96332,46.12043],[-116.96234,46.12111],[-116.96225,46.12137],[-116.96265,46.12151],[-116.96444,46.12131],[-116.96541,46.12189],[-116.96548,46.12256],[-116.96741,46.12336],[-116.96822,46.12438],[-116.96868,46.12464],[-116.96855,46.1251],[-116.9692,46.12623],[-116.969,46.1263],[-116.96518,46.12564],[-116.96496,46.12596],[-116.965,46.12653],[-116.96484,46.12687],[-116.96278,46.12695],[-116.96188,46.12814],[-116.96134,46.12848],[-116.96188,46.13031],[-116.96376,46.13165],[-116.96395,46.13195],[-116.96371,46.13206],[-116.96143,46.1319],[-116.95913,46.13132],[-116.95809,46.13129],[-116.95772,46.13083],[-116.95549,46.13092],[-116.95524,46.13068],[-116.95528,46.12961],[-116.9543,46.1292],[-116.95228,46.1299],[-116.95196,46.13082],[-116.95154,46.13106],[-116.94958,46.13158],[-116.94932,46.132],[-116.94945,46.13256],[-116.94926,46.13303],[-116.94943,46.13336],[-116.94975,46.13341],[-116.95041,46.13399],[-116.95045,46.13492],[-116.95158,46.13521],[-116.95235,46.13568],[-116.95225,46.13625],[-116.95353,46.1376],[-116.9533,46.13774],[-116.95189,46.1379],[-116.95047,46.13791],[-116.94912,46.13873],[-116.9478,46.13921],[-116.94782,46.13937],[-116.94865,46.13986],[-116.94918,46.14038],[-116.94887,46.14087],[-116.94887,46.14152],[-116.94701,46.14201],[-116.94712,46.14327],[-116.94899,46.14494],[-116.94999,46.14507],[-116.94998,46.14552],[-116.95076,46.14615],[-116.95176,46.14681],[-116.95302,46.1471],[-116.95306,46.14727],[-116.9525,46.14757],[-116.95203,46.14764],[-116.95107,46.14764],[-116.94982,46.14734],[-116.94869,46.1475],[-116.94796,46.14728],[-116.94416,46.14738],[-116.94387,46.14759],[-116.94369,46.14799],[-116.94481,46.14856],[-116.94892,46.15154],[-116.94894,46.15174],[-116.94874,46.15191],[-116.94813,46.15207],[-116.94728,46.15276],[-116.94622,46.15316],[-116.94556,46.15361],[-116.94555,46.15403],[-116.94758,46.15434],[-116.94879,46.15494],[-116.94897,46.15556],[-116.94807,46.15592],[-116.94766,46.15629],[-116.94784,46.15682],[-116.94891,46.15786],[-116.94861,46.15807],[-116.94623,46.1582],[-116.94568,46.15858],[-116.94489,46.15952],[-116.94389,46.1598],[-116.94302,46.15967],[-116.94119,46.15854],[-116.94044,46.15837],[-116.94026,46.15847],[-116.94021,46.15893],[-116.93953,46.15979],[-116.93985,46.16026],[-116.93993,46.16069],[-116.9395,46.16164],[-116.93957,46.16184],[-116.94396,46.16168],[-116.94489,46.16191],[-116.94606,46.16146],[-116.9467,46.16147],[-116.94788,46.1616],[-116.94834,46.16191],[-116.94787,46.16245],[-116.94672,46.16233],[-116.94579,46.16336],[-116.94472,46.1636],[-116.94339,46.16366],[-116.9406,46.16505],[-116.94112,46.16607],[-116.94224,46.16635],[-116.94287,46.16687],[-116.94212,46.16782],[-116.94174,46.16898],[-116.94318,46.1694],[-116.94483,46.16943],[-116.94516,46.16997],[-116.94514,46.17041],[-116.94579,46.17074],[-116.94572,46.17115],[-116.94443,46.1724],[-116.94805,46.17314],[-116.9479,46.17415],[-116.94657,46.17504],[-116.94705,46.17567],[-116.94708,46.17711],[-116.94632,46.17804],[-116.94631,46.17829],[-116.94679,46.17837],[-116.94826,46.17762],[-116.95048,46.17683],[-116.95057,46.17708],[-116.95029,46.1781],[-116.95041,46.17827],[-116.95118,46.17835],[-116.95164,46.17868],[-116.9517,46.17884],[-116.95075,46.18001],[-116.94945,46.18131],[-116.94953,46.18188],[-116.95073,46.18228],[-116.95092,46.18287],[-116.95059,46.18369],[-116.95102,46.18454],[-116.9512,46.18459],[-116.95195,46.18417],[-116.9528,46.18414],[-116.95447,46.18231],[-116.95498,46.18226],[-116.95706,46.1829],[-116.95747,46.1828],[-116.95825,46.18221],[-116.95904,46.18207],[-116.95923,46.1818],[-116.95935,46.18111],[-116.96024,46.18066],[-116.96127,46.18098],[-116.9617,46.18129],[-116.96319,46.1811],[-116.96496,46.17946],[-116.9669,46.17964],[-116.96729,46.17899],[-116.9684,46.17908],[-116.96954,46.17888],[-116.96991,46.17903],[-116.96987,46.17929],[-116.96879,46.18002],[-116.969,46.18112],[-116.9676,46.18126],[-116.96731,46.18147],[-116.96718,46.18194],[-116.96751,46.18295],[-116.96752,46.18354],[-116.96572,46.1841],[-116.96584,46.18506],[-116.96431,46.18558],[-116.96418,46.18581],[-116.96462,46.18687],[-116.96457,46.18707],[-116.96165,46.18852],[-116.96104,46.18953],[-116.9613,46.18974],[-116.96209,46.18982],[-116.96334,46.18957],[-116.96568,46.19002],[-116.96602,46.1902],[-116.96608,46.1906],[-116.96587,46.1913],[-116.9659,46.19163],[-116.96612,46.1917],[-116.96885,46.1916],[-116.9691,46.19189],[-116.96902,46.19218],[-116.96923,46.19248],[-116.97046,46.19297],[-116.97033,46.19357],[-116.97056,46.19389],[-116.97055,46.19414],[-116.96923,46.19526],[-116.96928,46.19541],[-116.96989,46.19585],[-116.97023,46.19645],[-116.97156,46.19679],[-116.97233,46.19816],[-116.9734,46.19819],[-116.97447,46.19801],[-116.97475,46.1978],[-116.97501,46.19694],[-116.97529,46.1966],[-116.97648,46.19634],[-116.97686,46.19605],[-116.97809,46.19599],[-116.97957,46.19642],[-116.98007,46.19634],[-116.98013,46.19602],[-116.97978,46.19503],[-116.98006,46.19384],[-116.97999,46.19352],[-116.97957,46.193],[-116.97983,46.1927],[-116.9799,46.19203],[-116.98133,46.19209],[-116.98174,46.19245],[-116.98264,46.19282],[-116.9839,46.19252],[-116.98418,46.19272],[-116.98502,46.19416],[-116.98585,46.19433],[-116.98676,46.19257],[-116.98725,46.19246],[-116.98865,46.19285],[-116.98902,46.1925],[-116.98966,46.19228],[-116.98983,46.19201],[-116.98987,46.19142],[-116.99003,46.1913],[-116.99139,46.1911],[-116.99175,46.19088],[-116.99179,46.1902],[-116.99409,46.19003],[-116.99422,46.18985],[-116.99397,46.18684],[-116.99466,46.18685],[-116.99591,46.18739],[-116.99651,46.18723],[-116.99683,46.187],[-116.99685,46.186],[-116.99751,46.18561],[-116.99837,46.18561],[-116.99877,46.18545],[-116.99877,46.18514],[-116.99987,46.18445],[-116.99985,46.18398],[-116.99952,46.18351],[-116.99968,46.18335],[-117.00028,46.1831],[-117.00123,46.18325],[-117.00163,46.18311],[-117.00186,46.18291],[-117.00192,46.18251],[-117.00173,46.182],[-117.00185,46.18177],[-117.00277,46.18163],[-117.00322,46.18141],[-117.00342,46.18001],[-117.00294,46.17956],[-117.00298,46.1788],[-117.00166,46.17815],[-117.00237,46.17784],[-117.00258,46.17747],[-117.00243,46.17718],[-117.00123,46.17667],[-117.00191,46.17602],[-117.00192,46.17569],[-117.00151,46.17515],[-117.00142,46.17472],[-117.0007,46.17425],[-116.99969,46.17425],[-116.99962,46.17411],[-117.00032,46.17324],[-117.00037,46.17296],[-116.99996,46.17252],[-116.99997,46.17185],[-116.99937,46.17142],[-116.99976,46.17109],[-116.99979,46.17074],[-116.99894,46.17003],[-116.9993,46.16961],[-116.99933,46.16927],[-116.99843,46.16874],[-116.99892,46.16814],[-116.99831,46.16711],[-116.99822,46.16599],[-116.99759,46.16524],[-116.99746,46.16449],[-116.99723,46.16414],[-116.99633,46.16342],[-116.99544,46.16239],[-116.99652,46.16212],[-116.99745,46.16302],[-116.99873,46.16389],[-116.9996,46.16396],[-116.99948,46.1648],[-117.00116,46.1667],[-117.00124,46.16751],[-117.00192,46.16802],[-117.00348,46.17058],[-117.00406,46.1711],[-117.0046,46.17225],[-117.00524,46.17289],[-117.00528,46.17347],[-117.00607,46.17393],[-117.00685,46.17278],[-117.00803,46.17185],[-117.00817,46.17126],[-117.00924,46.17122],[-117.00999,46.17088],[-117.01134,46.16957],[-117.01144,46.1692],[-117.01267,46.16911],[-117.01343,46.16857],[-117.01398,46.16769],[-117.01486,46.1678],[-117.01658,46.16708],[-117.01821,46.16592],[-117.01908,46.16575],[-117.01913,46.16524],[-117.01993,46.16528],[-117.02053,46.1649],[-117.02132,46.16472],[-117.02195,46.16419],[-117.02283,46.16399],[-117.02423,46.1629],[-117.02517,46.16247],[-117.0268,46.16111],[-117.02696,46.16073],[-117.02842,46.15997],[-117.02884,46.15993],[-117.02724,46.16183],[-117.02482,46.16406],[-117.02421,46.16435],[-117.02391,46.16485],[-117.02311,46.1651],[-117.02265,46.16542],[-117.0224,46.16598],[-117.02099,46.16702],[-117.02097,46.16737],[-117.02149,46.16819],[-117.01949,46.16768],[-117.01916,46.16787],[-117.01879,46.16863],[-117.01795,46.16865],[-117.01746,46.16918],[-117.01803,46.17035],[-117.01609,46.17015],[-117.0152,46.17096],[-117.01519,46.17151],[-117.01543,46.17211],[-117.0143,46.172],[-117.01394,46.17212],[-117.01349,46.17268],[-117.01229,46.17324],[-117.01215,46.17359],[-117.01297,46.17413],[-117.01289,46.17442],[-117.01092,46.17473],[-117.01067,46.175],[-117.01067,46.17534],[-117.01094,46.17559],[-117.0121,46.17606],[-117.01214,46.17631],[-117.0103,46.17715],[-117.0102,46.17766],[-117.01062,46.17811],[-117.01259,46.17868],[-117.01111,46.17959],[-117.0111,46.17981],[-117.01136,46.18005],[-117.01218,46.18054],[-117.01042,46.18144],[-117.01018,46.18178],[-117.01027,46.18225],[-117.01073,46.18248],[-117.01218,46.18257],[-117.01394,46.18295],[-117.01317,46.1835],[-117.01276,46.18409],[-117.01157,46.18423],[-117.01039,46.18474],[-117.01038,46.18488],[-117.01077,46.18511],[-117.01256,46.18593],[-117.01269,46.18629],[-117.01155,46.18631],[-117.01083,46.18666],[-117.01059,46.18724],[-117.01068,46.18788],[-117.00883,46.18759],[-117.00829,46.18736],[-117.00751,46.18757],[-117.00749,46.18809],[-117.00819,46.18936],[-117.00748,46.18981],[-117.00921,46.19143],[-117.00932,46.19235],[-117.00903,46.19271],[-117.0088,46.19286],[-117.00742,46.19214],[-117.00673,46.19198],[-117.00539,46.19196],[-117.00527,46.19225],[-117.00536,46.19334],[-117.00497,46.19368],[-117.00418,46.19375],[-117.00423,46.19486],[-117.00406,46.19503],[-117.00176,46.19526],[-117.00203,46.19636],[-117.00104,46.19658],[-117.00052,46.19828],[-116.99958,46.19854],[-116.99948,46.19886],[-116.99921,46.19895],[-116.99762,46.19899],[-116.99621,46.19971],[-116.99618,46.19992],[-116.99662,46.20029],[-116.99814,46.20121],[-116.99879,46.20214],[-116.9974,46.20263],[-116.99623,46.20244],[-116.99518,46.20328],[-116.99317,46.20272],[-116.99255,46.20328],[-116.99274,46.20401],[-116.99268,46.20513],[-116.98977,46.20522],[-116.98973,46.20541],[-116.99051,46.20652],[-116.99069,46.20706],[-116.9905,46.20759],[-116.99008,46.20814],[-116.98968,46.20827],[-116.98855,46.20789],[-116.9882,46.20793],[-116.98734,46.20937],[-116.98691,46.20957],[-116.98558,46.20866],[-116.98524,46.20865],[-116.98504,46.20886],[-116.98482,46.21047],[-116.98427,46.21057],[-116.9836,46.21046],[-116.98283,46.21067],[-116.98124,46.20952],[-116.98085,46.2095],[-116.98073,46.20964],[-116.98101,46.21032],[-116.98102,46.21102],[-116.98076,46.21124],[-116.97829,46.21148],[-116.97675,46.21133],[-116.97709,46.2118],[-116.97829,46.21216],[-116.9798,46.21302],[-116.98,46.21333],[-116.97992,46.21354],[-116.97919,46.21459],[-116.97953,46.21486],[-116.98083,46.21496],[-116.98097,46.21525],[-116.98072,46.21565],[-116.98171,46.21596],[-116.9823,46.21644],[-116.98227,46.21663],[-116.98065,46.21774],[-116.98075,46.21801],[-116.98144,46.21839],[-116.98144,46.21852],[-116.98038,46.21946],[-116.98046,46.2197],[-116.98128,46.22025],[-116.98103,46.22088],[-116.98113,46.22129],[-116.98187,46.22158],[-116.98178,46.22204],[-116.98147,46.22228],[-116.9815,46.22258],[-116.98221,46.22287],[-116.98295,46.2235],[-116.98581,46.22362],[-116.98587,46.22399],[-116.98502,46.22444],[-116.9843,46.22426],[-116.98322,46.22441],[-116.98272,46.22473],[-116.98268,46.22502],[-116.98248,46.22517],[-116.98161,46.22445],[-116.98116,46.22443],[-116.98074,46.22417],[-116.97977,46.2242],[-116.97903,46.22358],[-116.97865,46.22354],[-116.97818,46.22322],[-116.97778,46.22264],[-116.97715,46.22238],[-116.97755,46.22178],[-116.9773,46.22149],[-116.9761,46.22107],[-116.97574,46.22054],[-116.97535,46.22028],[-116.97281,46.21955],[-116.97153,46.21877],[-116.97112,46.21883],[-116.9708,46.21939],[-116.97029,46.21973],[-116.97118,46.22071],[-116.97237,46.22121],[-116.9734,46.22219],[-116.97347,46.22249],[-116.97329,46.22321],[-116.97357,46.22378],[-116.97348,46.2244],[-116.9737,46.22468],[-116.97282,46.22525],[-116.97172,46.22535],[-116.9705,46.2258],[-116.97163,46.22671],[-116.97147,46.22723],[-116.97095,46.22777],[-116.96966,46.22824],[-116.96949,46.22843],[-116.96976,46.2287],[-116.97169,46.22928],[-116.97201,46.22994],[-116.97181,46.23038],[-116.97187,46.23056],[-116.97275,46.23101],[-116.97275,46.23134],[-116.97396,46.23188],[-116.97461,46.2324],[-116.97404,46.23307],[-116.97341,46.23333],[-116.97341,46.23389],[-116.97318,46.23401],[-116.97161,46.234],[-116.97138,46.23425],[-116.97392,46.23471],[-116.97518,46.23572],[-116.9752,46.23644],[-116.97581,46.23707],[-116.97518,46.2378],[-116.97569,46.23861],[-116.97542,46.23889],[-116.97549,46.23943],[-116.97508,46.23987],[-116.97458,46.23996],[-116.9723,46.2387],[-116.97143,46.23866],[-116.97125,46.2388],[-116.97224,46.24022],[-116.97233,46.24111],[-116.97173,46.24164],[-116.97038,46.24172],[-116.96986,46.24216],[-116.97112,46.24339],[-116.97111,46.24368],[-116.97049,46.24459],[-116.96926,46.24529],[-116.96924,46.246],[-116.96946,46.24611],[-116.97071,46.246],[-116.97165,46.24543],[-116.97333,46.24497],[-116.97374,46.24474],[-116.97388,46.24437],[-116.97517,46.24393],[-116.97554,46.2435],[-116.97702,46.24275],[-116.97848,46.24174],[-116.97994,46.24028],[-116.98039,46.24025],[-116.98053,46.24041],[-116.98054,46.24165],[-116.98078,46.24204],[-116.9803,46.24271],[-116.98066,46.24357],[-116.98245,46.2437],[-116.98275,46.24396],[-116.9837,46.24394],[-116.98384,46.24402],[-116.98384,46.24438],[-116.98412,46.24455],[-116.98702,46.24467],[-116.98731,46.24485],[-116.98736,46.24501],[-116.98633,46.24561],[-116.98533,46.24551],[-116.98511,46.24564],[-116.98385,46.2457],[-116.98243,46.24615],[-116.9821,46.24653],[-116.98088,46.24663],[-116.98066,46.24678],[-116.98099,46.24746],[-116.98117,46.24858],[-116.98136,46.24874],[-116.98125,46.24941],[-116.98169,46.24995],[-116.98205,46.25067],[-116.98203,46.25097],[-116.98061,46.2507],[-116.97919,46.25005],[-116.97829,46.25007],[-116.97816,46.25098],[-116.97793,46.25142],[-116.97657,46.2522],[-116.97866,46.25314],[-116.97663,46.25423],[-116.97707,46.25487],[-116.97892,46.25472],[-116.98066,46.25517],[-116.981,46.2556],[-116.98074,46.25624],[-116.98074,46.25665],[-116.98105,46.25707],[-116.9815,46.25706],[-116.98248,46.25753],[-116.98276,46.25731],[-116.98273,46.25681],[-116.98349,46.25599],[-116.98349,46.25566],[-116.98389,46.25543],[-116.98529,46.25555],[-116.98587,46.2559],[-116.98703,46.2558],[-116.98836,46.25747],[-116.98932,46.25786],[-116.99004,46.25851],[-116.99015,46.25974],[-116.99044,46.26002],[-116.9905,46.26176],[-116.9908,46.26195],[-116.99325,46.26265],[-116.99342,46.26246],[-116.99287,46.26142],[-116.99309,46.26102],[-116.99342,46.25951],[-116.99463,46.25922],[-116.99665,46.25976],[-116.9971,46.25975],[-116.99718,46.25958],[-116.99694,46.25915],[-116.9969,46.25808],[-116.99628,46.2573],[-116.99631,46.25715],[-116.99889,46.25691],[-116.99889,46.25669],[-116.99766,46.25598],[-116.99646,46.25587],[-116.99578,46.25539],[-116.99651,46.25528],[-116.99712,46.25472],[-116.99841,46.25441],[-117.00127,46.25443],[-117.00166,46.25417],[-117.00185,46.25351],[-117.0016,46.25311],[-117.00037,46.25294],[-116.9996,46.25249],[-116.9995,46.25216],[-117.00072,46.25188],[-117.00097,46.25207],[-117.00142,46.25201],[-117.00262,46.25146],[-117.00265,46.25108],[-117.00328,46.25093],[-117.00337,46.25062],[-117.00484,46.25155],[-117.00577,46.25263],[-117.006,46.25263],[-117.00822,46.25066],[-117.00824,46.25031],[-117.00787,46.24987],[-117.00777,46.24948],[-117.00832,46.24886],[-117.00988,46.2489],[-117.01102,46.24812],[-117.01148,46.24742],[-117.0127,46.24689],[-117.01269,46.24649],[-117.01248,46.2462],[-117.01104,46.24538],[-117.01149,46.24476],[-117.01151,46.24447],[-117.01107,46.24377],[-117.01093,46.24309],[-117.01046,46.24275],[-117.00965,46.24248],[-117.01063,46.24159],[-117.01069,46.24134],[-117.0101,46.24052],[-117.01034,46.23979],[-117.01032,46.23925],[-117.01057,46.23871],[-117.01057,46.2378],[-117.0107,46.2377],[-117.01121,46.2381],[-117.01185,46.2397],[-117.01262,46.24062],[-117.01268,46.24111],[-117.0147,46.24324],[-117.01511,46.24344],[-117.01563,46.24344],[-117.01633,46.24262],[-117.01719,46.24092],[-117.01866,46.23936],[-117.01803,46.23848],[-117.01823,46.23824],[-117.01916,46.23788],[-117.01984,46.23716],[-117.01996,46.2367],[-117.01912,46.23595],[-117.01929,46.23579],[-117.02102,46.23533],[-117.02119,46.23513],[-117.02113,46.23487],[-117.02203,46.23421],[-117.02218,46.23371],[-117.02315,46.2324],[-117.02278,46.2315],[-117.02299,46.23137],[-117.0241,46.23135],[-117.02478,46.23091],[-117.02471,46.23032],[-117.02512,46.22979],[-117.02518,46.22922],[-117.02682,46.22707],[-117.02735,46.22581],[-117.02703,46.2252],[-117.02804,46.22447],[-117.02888,46.22283],[-117.03003,46.2218],[-117.0299,46.22126],[-117.03057,46.22086],[-117.03102,46.22015],[-117.03106,46.21955],[-117.03214,46.21908],[-117.03656,46.21557],[-117.03871,46.21447],[-117.0388,46.2143],[-117.03835,46.21389],[-117.03824,46.21335],[-117.03933,46.21347],[-117.04172,46.20984],[-117.04287,46.20863],[-117.04342,46.20736],[-117.04378,46.20562],[-117.04402,46.20522],[-117.04422,46.20512]]]]}},{"type":"Feature","properties":{"ava_id":"naches_heights","name":"Naches Heights","aka":null,"state":"WA","county":"Yakima","within":"Columbia Valley","contains":null,"cfr_index":"9.222","valid_start":null},"geometry":{"type":"MultiPolygon","coordinates":[[[[-120.62617,46.65227],[-120.62578,46.65124],[-120.6255,46.65124],[-120.62527,46.65102],[-120.62497,46.64772],[-120.62546,46.64563],[-120.62481,46.64249],[-120.62409,46.64176],[-120.62188,46.64045],[-120.62065,46.64001],[-120.61971,46.63939],[-120.61876,46.63916],[-120.61757,46.63864],[-120.61617,46.63773],[-120.60995,46.63744],[-120.60363,46.63555],[-120.60201,46.63465],[-120.60156,46.63372],[-120.60035,46.63329],[-120.59766,46.6316],[-120.59719,46.63145],[-120.59607,46.6313],[-120.5955,46.63097],[-120.59215,46.63077],[-120.59083,46.63043],[-120.58949,46.63077],[-120.58769,46.63094],[-120.58666,46.63053],[-120.58542,46.63027],[-120.58381,46.62938],[-120.58312,46.62875],[-120.58326,46.62805],[-120.58249,46.62711],[-120.58356,46.62643],[-120.58426,46.6256],[-120.58498,46.62408],[-120.58525,46.62399],[-120.58603,46.62234],[-120.58577,46.62191],[-120.58595,46.62134],[-120.58598,46.62012],[-120.58768,46.61922],[-120.59122,46.61789],[-120.59195,46.61807],[-120.59242,46.61853],[-120.59322,46.61889],[-120.59705,46.61915],[-120.60097,46.61916],[-120.60197,46.61963],[-120.60378,46.62009],[-120.60447,46.6199],[-120.60822,46.62028],[-120.60937,46.62059],[-120.60941,46.62093],[-120.61051,46.62127],[-120.61145,46.622],[-120.61185,46.62192],[-120.61346,46.62217],[-120.61586,46.62123],[-120.61631,46.6208],[-120.61776,46.62058],[-120.61832,46.62065],[-120.61863,46.62117],[-120.61972,46.62099],[-120.62029,46.62116],[-120.62106,46.62169],[-120.6225,46.62179],[-120.62613,46.62059],[-120.62716,46.62068],[-120.62945,46.62014],[-120.63105,46.6193],[-120.63161,46.61924],[-120.63233,46.61973],[-120.63214,46.62073],[-120.63229,46.62112],[-120.63263,46.62133],[-120.63325,46.62126],[-120.63388,46.62074],[-120.63437,46.62074],[-120.63806,46.62145],[-120.64025,46.62146],[-120.64148,46.62201],[-120.64168,46.6223],[-120.64176,46.62293],[-120.64253,46.62365],[-120.64292,46.62381],[-120.64388,46.62362],[-120.64444,46.62292],[-120.64478,46.62276],[-120.64642,46.62278],[-120.6479,46.62322],[-120.6482,46.62392],[-120.64791,46.62461],[-120.64818,46.62496],[-120.64946,46.62519],[-120.65106,46.62476],[-120.65283,46.62483],[-120.65422,46.62557],[-120.65596,46.6274],[-120.65775,46.62769],[-120.66007,46.62765],[-120.6616,46.62845],[-120.66221,46.62907],[-120.66262,46.63002],[-120.66378,46.63093],[-120.66428,46.63114],[-120.66444,46.63149],[-120.66505,46.63191],[-120.66508,46.63227],[-120.66545,46.63263],[-120.66547,46.63412],[-120.66673,46.63461],[-120.66674,46.63623],[-120.66722,46.63726],[-120.66822,46.63776],[-120.66917,46.63796],[-120.66937,46.63844],[-120.67059,46.63881],[-120.67071,46.63908],[-120.6714,46.63957],[-120.67325,46.64139],[-120.6763,46.64282],[-120.67706,46.64362],[-120.67714,46.64435],[-120.67962,46.64558],[-120.68164,46.64702],[-120.68196,46.64705],[-120.6827,46.64825],[-120.68338,46.64835],[-120.68355,46.64884],[-120.68472,46.64982],[-120.68509,46.65086],[-120.68544,46.6512],[-120.68713,46.6518],[-120.68808,46.65192],[-120.68913,46.6524],[-120.69092,46.65229],[-120.69204,46.65301],[-120.69217,46.65347],[-120.6919,46.65386],[-120.69086,46.65405],[-120.69061,46.65471],[-120.69071,46.65532],[-120.69116,46.65625],[-120.69199,46.657],[-120.69213,46.65767],[-120.69316,46.65839],[-120.69454,46.66001],[-120.69487,46.66156],[-120.69662,46.66275],[-120.69664,46.66376],[-120.6964,46.66415],[-120.69592,46.66677],[-120.69649,46.66818],[-120.69607,46.66975],[-120.69648,46.6712],[-120.69673,46.67553],[-120.69717,46.67631],[-120.69928,46.67653],[-120.69961,46.67671],[-120.70001,46.67749],[-120.70031,46.67773],[-120.7034,46.67934],[-120.7061,46.68006],[-120.71768,46.68021],[-120.7195,46.68039],[-120.72047,46.68028],[-120.72101,46.68062],[-120.72198,46.68175],[-120.72388,46.68349],[-120.72517,46.68444],[-120.72639,46.68492],[-120.7266,46.68602],[-120.72729,46.68696],[-120.72724,46.68762],[-120.72751,46.68822],[-120.7284,46.68914],[-120.72852,46.68981],[-120.72886,46.69004],[-120.72945,46.69008],[-120.72996,46.69032],[-120.73158,46.69216],[-120.73157,46.6929],[-120.73203,46.69322],[-120.73181,46.69354],[-120.7319,46.69381],[-120.73244,46.69385],[-120.73302,46.69444],[-120.73383,46.69462],[-120.73423,46.69497],[-120.73469,46.69494],[-120.73574,46.69602],[-120.73648,46.69617],[-120.73691,46.69645],[-120.73728,46.69707],[-120.73731,46.69776],[-120.73822,46.69795],[-120.73843,46.69826],[-120.73928,46.69829],[-120.73969,46.69848],[-120.74003,46.69871],[-120.74017,46.69924],[-120.74103,46.69944],[-120.74186,46.69998],[-120.74188,46.70927],[-120.75239,46.70943],[-120.75261,46.71669],[-120.76218,46.71681],[-120.76218,46.72778],[-120.77248,46.72756],[-120.77262,46.7444],[-120.77019,46.74438],[-120.76785,46.74403],[-120.76347,46.7421],[-120.75716,46.7408],[-120.75603,46.74088],[-120.75515,46.74064],[-120.75255,46.73914],[-120.7514,46.73804],[-120.74926,46.73681],[-120.74811,46.73632],[-120.74691,46.73596],[-120.74575,46.73589],[-120.74194,46.73469],[-120.73687,46.73365],[-120.73269,46.73239],[-120.73034,46.73197],[-120.72805,46.73124],[-120.7268,46.73108],[-120.72349,46.73001],[-120.72113,46.72965],[-120.71634,46.72709],[-120.71375,46.72544],[-120.71146,46.7233],[-120.7111,46.72263],[-120.71102,46.72194],[-120.7105,46.72093],[-120.70716,46.71697],[-120.70701,46.7159],[-120.70737,46.71499],[-120.70727,46.71312],[-120.707,46.71276],[-120.70671,46.71276],[-120.70634,46.71236],[-120.70558,46.71201],[-120.7047,46.71117],[-120.70394,46.71016],[-120.70272,46.70801],[-120.7022,46.70793],[-120.70048,46.70672],[-120.69732,46.70583],[-120.69525,46.70447],[-120.69344,46.70434],[-120.69301,46.70417],[-120.69265,46.70393],[-120.69082,46.70138],[-120.68998,46.70055],[-120.68987,46.70003],[-120.68915,46.69972],[-120.68885,46.69931],[-120.68796,46.69879],[-120.68734,46.69797],[-120.68684,46.69775],[-120.68628,46.69722],[-120.68299,46.69554],[-120.68102,46.69396],[-120.67735,46.69218],[-120.67668,46.69148],[-120.67383,46.6904],[-120.67258,46.68968],[-120.67219,46.68908],[-120.67222,46.68845],[-120.67171,46.68786],[-120.67172,46.68747],[-120.6709,46.68589],[-120.66964,46.68475],[-120.66952,46.684],[-120.66872,46.6836],[-120.66822,46.68278],[-120.66825,46.68253],[-120.66785,46.68216],[-120.66735,46.68122],[-120.66647,46.68038],[-120.66145,46.68018],[-120.66005,46.67907],[-120.65931,46.67795],[-120.65874,46.67758],[-120.65781,46.67648],[-120.65537,46.67502],[-120.65432,46.67417],[-120.65378,46.6734],[-120.65371,46.67265],[-120.65353,46.67235],[-120.65264,46.67143],[-120.64984,46.67057],[-120.64762,46.66928],[-120.64546,46.6673],[-120.64541,46.66669],[-120.6448,46.66658],[-120.64398,46.66573],[-120.6439,46.66519],[-120.64327,46.6644],[-120.64292,46.66333],[-120.64199,46.66213],[-120.64168,46.66131],[-120.64103,46.66031],[-120.64107,46.65974],[-120.63992,46.65941],[-120.63824,46.65775],[-120.63647,46.65726],[-120.63606,46.65693],[-120.63429,46.6562],[-120.63353,46.6553],[-120.6329,46.65513],[-120.63212,46.65464],[-120.63126,46.65454],[-120.63034,46.65373],[-120.63002,46.65323],[-120.63009,46.65308],[-120.62795,46.65311],[-120.62644,46.65246],[-120.62617,46.65227]]]]}},{"type":"Feature","properties":{"ava_id":"puget_sound","name":"Puget Sound","aka":null,"state":"WA","county":"Clallam|Island|Jefferson|King|Kitsap|Mason|Pierce|San Juan|Skagit|Snohomish|Thurston|Whatcom","within":null,"contains":null,"cfr_index":"9.151","valid_start":null},"geometry":{"type":"MultiPolygon","coordinates":[[[[-122.06959,49.00197],[-122.06768,48.99939],[-122.0676,48.99729],[-122.06783,48.99456],[-122.06951,48.99054],[-122.0708,48.98826],[-122.07532,48.98348],[-122.0769,48.97989],[-122.07783,48.97608],[-122.07794,48.97362],[-122.07737,48.96968],[-122.07578,48.96321],[-122.07533,48.95607],[-122.07412,48.95297],[-122.07451,48.95172],[-122.07736,48.9483],[-122.07843,48.94373],[-122.07839,48.94248],[-122.07602,48.94004],[-122.07435,48.93737],[-122.07116,48.93542],[-122.0703,48.93448],[-122.06996,48.93322],[-122.07068,48.93195],[-122.07142,48.93123],[-122.078,48.92935],[-122.07908,48.92852],[-122.07927,48.92364],[-122.08706,48.9235],[-122.09059,48.92226],[-122.09273,48.9211],[-122.09766,48.91937],[-122.10032,48.91806],[-122.10205,48.91688],[-122.10358,48.91647],[-122.11661,48.91634],[-122.118,48.9162],[-122.12028,48.91508],[-122.12111,48.91486],[-122.12389,48.91597],[-122.13809,48.916],[-122.13812,48.90531],[-122.13923,48.904],[-122.14285,48.90369],[-122.14338,48.90069],[-122.14403,48.89932],[-122.14664,48.89725],[-122.15688,48.87978],[-122.1576,48.87732],[-122.15759,48.8729],[-122.15631,48.87029],[-122.15292,48.8662],[-122.15226,48.86492],[-122.1524,48.86352],[-122.15389,48.85886],[-122.15412,48.85508],[-122.15829,48.84871],[-122.16265,48.8446],[-122.16453,48.84107],[-122.1666,48.83636],[-122.16948,48.83242],[-122.17654,48.827],[-122.18332,48.82354],[-122.18916,48.82127],[-122.19438,48.82004],[-122.19688,48.81902],[-122.19986,48.81682],[-122.20173,48.81457],[-122.2017,48.81299],[-122.20138,48.81126],[-122.1997,48.80971],[-122.19681,48.8081],[-122.1959,48.80727],[-122.19573,48.80558],[-122.19479,48.80357],[-122.19326,48.79946],[-122.19099,48.79629],[-122.19009,48.79442],[-122.19029,48.78897],[-122.19206,48.78723],[-122.19212,48.78259],[-122.19629,48.77978],[-122.19701,48.77824],[-122.19975,48.77821],[-122.20104,48.77761],[-122.20153,48.77677],[-122.20281,48.74457],[-122.2017,48.74183],[-122.20306,48.71429],[-122.20343,48.71131],[-122.20343,48.70936],[-122.20303,48.70751],[-122.20153,48.70474],[-122.19522,48.69554],[-122.19332,48.69231],[-122.19301,48.69033],[-122.1939,48.68793],[-122.19584,48.68497],[-122.20018,48.68034],[-122.20266,48.67592],[-122.20764,48.67028],[-122.21096,48.66213],[-122.2126,48.66052],[-122.21358,48.65883],[-122.21525,48.65132],[-122.21756,48.64396],[-122.21812,48.64084],[-122.21637,48.63341],[-122.21626,48.63112],[-122.21713,48.62902],[-122.21923,48.62531],[-122.22491,48.61797],[-122.23212,48.60648],[-122.23336,48.60355],[-122.23344,48.60031],[-122.23219,48.59683],[-122.23228,48.59304],[-122.23195,48.59199],[-122.23127,48.59138],[-122.22733,48.58952],[-122.22551,48.58794],[-122.22425,48.58641],[-122.22415,48.58556],[-122.22621,48.53807],[-122.22679,48.53587],[-122.22664,48.53475],[-122.22542,48.53293],[-122.22538,48.53166],[-122.22692,48.52815],[-122.22731,48.5104],[-122.245,48.50943],[-122.24845,48.51007],[-122.24858,48.50651],[-122.25066,48.5048],[-122.24665,48.50446],[-122.24787,48.4889],[-122.24773,48.4867],[-122.24243,48.47839],[-122.2388,48.47105],[-122.23824,48.46608],[-122.23729,48.46522],[-122.23422,48.4642],[-122.23329,48.4635],[-122.23326,48.46242],[-122.23651,48.4595],[-122.23836,48.45467],[-122.24344,48.44751],[-122.24447,48.44674],[-122.2469,48.44613],[-122.25342,48.44613],[-122.25615,48.44431],[-122.26432,48.43754],[-122.26485,48.4357],[-122.26414,48.43231],[-122.26603,48.42956],[-122.2649,48.42888],[-122.26264,48.42794],[-122.26071,48.42604],[-122.25867,48.42232],[-122.25045,48.41268],[-122.24436,48.40299],[-122.24327,48.4017],[-122.24206,48.40149],[-122.23966,48.40166],[-122.23875,48.40102],[-122.23693,48.39912],[-122.23325,48.39475],[-122.23253,48.39194],[-122.23149,48.38957],[-122.22939,48.3869],[-122.21973,48.38018],[-122.2147,48.37643],[-122.21341,48.375],[-122.2118,48.37154],[-122.2102,48.36902],[-122.20659,48.3658],[-122.20672,48.36527],[-122.20866,48.36447],[-122.2089,48.36351],[-122.20866,48.3622],[-122.20549,48.35956],[-122.20443,48.35819],[-122.20436,48.35613],[-122.20482,48.34885],[-122.20545,48.34735],[-122.20742,48.34504],[-122.20743,48.34257],[-122.20779,48.34077],[-122.20948,48.33838],[-122.21146,48.3368],[-122.2143,48.33277],[-122.22631,48.32763],[-122.22972,48.32647],[-122.23222,48.32489],[-122.23422,48.32493],[-122.23512,48.32464],[-122.23577,48.3241],[-122.23569,48.32291],[-122.23615,48.32232],[-122.23802,48.32202],[-122.23853,48.32138],[-122.23822,48.31931],[-122.23724,48.31695],[-122.23567,48.31493],[-122.23147,48.31083],[-122.22861,48.30948],[-122.22268,48.30923],[-122.22128,48.30899],[-122.21899,48.30796],[-122.21152,48.30803],[-122.21015,48.30708],[-122.20384,48.29921],[-122.19629,48.29207],[-122.18371,48.28181],[-122.18003,48.27453],[-122.17561,48.27047],[-122.17262,48.26818],[-122.16817,48.26635],[-122.16655,48.26505],[-122.16653,48.2638],[-122.16748,48.26058],[-122.16762,48.25783],[-122.16754,48.25585],[-122.16571,48.25188],[-122.15993,48.24405],[-122.16208,48.24173],[-122.16084,48.23941],[-122.1577,48.23589],[-122.15476,48.2329],[-122.14578,48.22572],[-122.13891,48.21852],[-122.13722,48.2176],[-122.13545,48.21708],[-122.13354,48.21627],[-122.13254,48.21546],[-122.13237,48.21406],[-122.13302,48.21198],[-122.13337,48.20927],[-122.133,48.20743],[-122.13234,48.20573],[-122.13053,48.20239],[-122.13022,48.19973],[-122.12669,48.19954],[-122.1277,48.18796],[-122.11958,48.18783],[-122.11866,48.18756],[-122.11866,48.18375],[-122.1184,48.18262],[-122.11601,48.18034],[-122.11523,48.17862],[-122.11315,48.17731],[-122.1103,48.17409],[-122.10703,48.17104],[-122.10267,48.16959],[-122.09817,48.16531],[-122.09636,48.16412],[-122.09199,48.16253],[-122.08956,48.1614],[-122.08087,48.1526],[-122.07926,48.15182],[-122.07689,48.15133],[-122.07582,48.15073],[-122.07033,48.14368],[-122.06711,48.14148],[-122.05741,48.1368],[-122.05598,48.13535],[-122.05545,48.13435],[-122.05515,48.13235],[-122.0542,48.13125],[-122.04873,48.12675],[-122.04748,48.12468],[-122.04657,48.12391],[-122.04322,48.12355],[-122.04134,48.12284],[-122.03877,48.12109],[-122.03528,48.11791],[-122.03172,48.1138],[-122.02541,48.10406],[-122.02428,48.1027],[-122.02302,48.10176],[-122.02013,48.10147],[-122.01923,48.10075],[-122.0189,48.10013],[-122.01865,48.0994],[-122.01848,48.08845],[-122.01788,48.0874],[-122.01725,48.08713],[-122.01476,48.08701],[-122.01409,48.08652],[-122.01368,48.08594],[-122.01339,48.07084],[-122.01551,48.06951],[-122.02291,48.06086],[-122.0493,48.03839],[-122.05368,48.03427],[-122.0542,48.03274],[-122.05441,48.02919],[-122.05308,48.02262],[-122.05222,48.0195],[-122.05093,48.01668],[-122.05026,48.01579],[-122.04713,48.01319],[-122.04475,48.01075],[-122.04207,48.00711],[-122.0398,48.0031],[-122.03706,47.99974],[-122.03704,47.99774],[-122.03877,47.99109],[-122.03809,47.98857],[-122.03818,47.98624],[-122.0365,47.98613],[-122.03486,47.98636],[-122.03361,47.98859],[-122.0315,47.99022],[-122.02946,47.99133],[-122.02622,47.9921],[-122.02141,47.99431],[-122.01704,47.99442],[-122.0152,47.99495],[-122.011,47.99757],[-122.00947,47.99812],[-122.00674,47.99808],[-121.99938,47.9955],[-121.99648,47.99395],[-121.9943,47.99254],[-121.9908,47.98973],[-121.98692,47.9863],[-121.98438,47.98464],[-121.98108,47.98338],[-121.97809,47.98273],[-121.97611,47.98241],[-121.97211,47.98232],[-121.97134,47.98056],[-121.96929,47.97682],[-121.96865,47.97507],[-121.96827,47.97265],[-121.968,47.96298],[-121.96607,47.96271],[-121.96476,47.96222],[-121.95931,47.96157],[-121.95757,47.96121],[-121.95473,47.96024],[-121.94975,47.9578],[-121.94852,47.95742],[-121.94722,47.95744],[-121.94511,47.95776],[-121.94312,47.9593],[-121.94022,47.9621],[-121.93821,47.96339],[-121.93676,47.96366],[-121.93573,47.96358],[-121.93032,47.96258],[-121.928,47.96308],[-121.92515,47.96473],[-121.92381,47.9658],[-121.92275,47.96572],[-121.92005,47.96497],[-121.91583,47.96498],[-121.91474,47.96458],[-121.91107,47.96234],[-121.90566,47.96028],[-121.90133,47.95822],[-121.89556,47.95596],[-121.89255,47.95455],[-121.88927,47.95187],[-121.88864,47.95093],[-121.88878,47.95009],[-121.89332,47.94573],[-121.89546,47.94332],[-121.89643,47.94187],[-121.89703,47.9391],[-121.89841,47.92865],[-121.89946,47.91886],[-121.8999,47.91795],[-121.90353,47.9152],[-121.90424,47.91436],[-121.90502,47.91274],[-121.90583,47.91174],[-121.90777,47.91055],[-121.90846,47.90986],[-121.90845,47.90909],[-121.90652,47.90525],[-121.90635,47.90372],[-121.90824,47.90181],[-121.9116,47.8995],[-121.91229,47.89866],[-121.91267,47.89724],[-121.91412,47.89486],[-121.91596,47.89077],[-121.91625,47.88878],[-121.91632,47.88574],[-121.91506,47.87526],[-121.91495,47.87221],[-121.91582,47.87161],[-121.91887,47.87138],[-121.92604,47.86858],[-121.93231,47.86723],[-121.93524,47.86711],[-121.93696,47.86748],[-121.93859,47.86839],[-121.93901,47.86898],[-121.94141,47.86873],[-121.95436,47.86669],[-121.9592,47.86416],[-121.96465,47.86084],[-121.96573,47.85879],[-121.96903,47.85956],[-121.96983,47.8493],[-121.9702,47.83573],[-121.97093,47.83278],[-121.97072,47.8288],[-121.97207,47.8265],[-121.97903,47.82048],[-121.98185,47.81771],[-121.98184,47.81633],[-121.97994,47.81336],[-121.97975,47.80936],[-121.97813,47.80647],[-121.97538,47.79872],[-121.97221,47.79363],[-121.97185,47.79011],[-121.97088,47.7888],[-121.96037,47.77883],[-121.95638,47.7753],[-121.95394,47.77255],[-121.95281,47.77086],[-121.95248,47.76943],[-121.95268,47.76803],[-121.95318,47.76716],[-121.95495,47.7655],[-121.95972,47.76259],[-121.9694,47.75789],[-121.9828,47.7497],[-121.98354,47.74497],[-121.98407,47.74263],[-121.98643,47.73638],[-121.98725,47.73318],[-121.98714,47.7297],[-121.9861,47.7239],[-121.98525,47.72025],[-121.98415,47.71674],[-121.98232,47.7138],[-121.98212,47.71226],[-121.9822,47.71096],[-121.98285,47.70875],[-121.98273,47.70715],[-121.98225,47.70582],[-121.98106,47.70389],[-121.97904,47.70173],[-121.97686,47.69979],[-121.97374,47.69757],[-121.97199,47.69651],[-121.97021,47.69579],[-121.96386,47.69408],[-121.95193,47.69242],[-121.94542,47.69197],[-121.94212,47.69136],[-121.94059,47.69091],[-121.93492,47.68837],[-121.93032,47.68674],[-121.92483,47.68519],[-121.92195,47.68397],[-121.91847,47.68196],[-121.91644,47.68033],[-121.91484,47.67972],[-121.90867,47.67842],[-121.90797,47.67797],[-121.90788,47.6764],[-121.9086,47.67388],[-121.90892,47.67026],[-121.90867,47.66678],[-121.91255,47.65254],[-121.91253,47.65045],[-121.91459,47.64757],[-121.91539,47.64619],[-121.91589,47.64382],[-121.91551,47.64232],[-121.91657,47.6392],[-121.91679,47.63704],[-121.91642,47.63536],[-121.91548,47.63352],[-121.91242,47.6291],[-121.9098,47.62139],[-121.91026,47.61242],[-121.91068,47.61139],[-121.91279,47.60815],[-121.91304,47.60685],[-121.91299,47.605],[-121.91235,47.60251],[-121.91238,47.60131],[-121.91279,47.60047],[-121.91294,47.5987],[-121.9126,47.5976],[-121.91154,47.5962],[-121.89044,47.57501],[-121.88779,47.57222],[-121.88679,47.57086],[-121.88732,47.56817],[-121.88931,47.56356],[-121.89001,47.56248],[-121.89161,47.56112],[-121.89413,47.55942],[-121.89664,47.55707],[-121.89908,47.5543],[-121.89855,47.55112],[-121.89896,47.54936],[-121.90437,47.54171],[-121.9096,47.53885],[-121.91353,47.53591],[-121.91554,47.53365],[-121.92003,47.53075],[-121.92203,47.52903],[-121.93104,47.52051],[-121.91781,47.51556],[-121.90317,47.50867],[-121.90106,47.50841],[-121.89332,47.5083],[-121.88269,47.50872],[-121.88373,47.5068],[-121.88804,47.49062],[-121.88864,47.48339],[-121.88931,47.48106],[-121.89067,47.47844],[-121.89155,47.47757],[-121.89381,47.47587],[-121.89625,47.47455],[-121.90244,47.47323],[-121.90678,47.47278],[-121.91148,47.47166],[-121.92217,47.46675],[-121.92365,47.46635],[-121.93277,47.46651],[-121.93423,47.46627],[-121.94404,47.46325],[-121.94716,47.46142],[-121.95141,47.45521],[-121.95616,47.45211],[-121.95813,47.45052],[-121.9598,47.44884],[-121.96136,47.44654],[-121.96264,47.44228],[-121.96429,47.43983],[-121.96572,47.4385],[-121.96714,47.43793],[-121.9729,47.43729],[-121.97478,47.43682],[-121.97358,47.4355],[-121.97404,47.40888],[-121.97457,47.39206],[-121.9744,47.3859],[-121.97398,47.38452],[-121.97021,47.37831],[-121.97001,47.37737],[-121.97144,47.376],[-121.97342,47.37483],[-121.97442,47.37382],[-121.97448,47.37259],[-121.97372,47.37031],[-121.97019,47.36616],[-121.97009,47.3654],[-121.97346,47.36298],[-121.97384,47.36231],[-121.9738,47.35829],[-121.97755,47.35809],[-121.97933,47.35831],[-121.9805,47.35867],[-121.98435,47.36088],[-121.9871,47.36223],[-121.98979,47.36299],[-121.9931,47.36326],[-121.99871,47.36278],[-122.00146,47.36286],[-122.00614,47.36269],[-122.0075,47.36253],[-122.00902,47.36196],[-122.02098,47.36123],[-122.02018,47.35824],[-122.0193,47.35237],[-122.01798,47.34039],[-122.01716,47.33877],[-122.01311,47.33421],[-122.0121,47.33266],[-122.00694,47.32145],[-122.00466,47.31709],[-122.0067,47.31531],[-122.00383,47.31027],[-122.00255,47.30678],[-122.00141,47.30569],[-122.00127,47.30398],[-122.00008,47.30286],[-121.99974,47.30219],[-121.99982,47.29682],[-121.99929,47.29548],[-121.9925,47.28958],[-121.99102,47.28807],[-121.99008,47.28659],[-121.98973,47.28483],[-121.98985,47.28235],[-121.99278,47.27486],[-121.99295,47.27315],[-121.99273,47.27121],[-121.99207,47.26964],[-121.99125,47.26833],[-121.98805,47.2661],[-121.98699,47.26504],[-121.98652,47.26401],[-121.98622,47.26023],[-121.98806,47.25737],[-121.98895,47.2554],[-121.98858,47.21838],[-121.98776,47.21442],[-121.98753,47.20795],[-121.98789,47.20718],[-121.99439,47.20108],[-121.9949,47.19952],[-122.00234,47.19298],[-122.01301,47.18144],[-122.01412,47.18077],[-122.01792,47.17974],[-122.02032,47.17814],[-122.02161,47.17697],[-122.02493,47.17305],[-122.02915,47.16705],[-122.03498,47.16213],[-122.03279,47.15927],[-122.03302,47.15793],[-122.04708,47.14525],[-122.05551,47.1401],[-122.05636,47.13999],[-122.05827,47.14109],[-122.05954,47.14298],[-122.06368,47.14318],[-122.06592,47.14436],[-122.06805,47.14475],[-122.06975,47.14451],[-122.07105,47.14388],[-122.07216,47.14289],[-122.07404,47.14038],[-122.07545,47.13913],[-122.07639,47.13914],[-122.07923,47.14156],[-122.08034,47.14171],[-122.0962,47.14162],[-122.09756,47.1411],[-122.09896,47.14011],[-122.10005,47.13827],[-122.10201,47.13915],[-122.10775,47.13867],[-122.12625,47.13227],[-122.13575,47.1285],[-122.1359,47.12561],[-122.13564,47.12453],[-122.13404,47.12111],[-122.13481,47.11966],[-122.1376,47.1161],[-122.13973,47.11389],[-122.14268,47.11286],[-122.14434,47.11201],[-122.14568,47.11032],[-122.14805,47.10612],[-122.15076,47.10203],[-122.15554,47.0967],[-122.1553,47.09621],[-122.15281,47.0952],[-122.15245,47.09478],[-122.15355,47.0933],[-122.15703,47.09037],[-122.1684,47.08567],[-122.17055,47.08506],[-122.17336,47.08385],[-122.17525,47.08288],[-122.17605,47.08216],[-122.17712,47.08181],[-122.18657,47.08131],[-122.18774,47.06067],[-122.19109,47.05553],[-122.19405,47.05318],[-122.19761,47.04743],[-122.2062,47.04093],[-122.20449,47.03796],[-122.20609,47.03194],[-122.20724,47.03053],[-122.20688,47.02927],[-122.20748,47.02842],[-122.21133,47.02539],[-122.21128,47.01052],[-122.21076,47.00978],[-122.20545,47.00969],[-122.2046,47.00924],[-122.19436,46.99978],[-122.19509,46.99789],[-122.19498,46.99441],[-122.19577,46.99284],[-122.19982,46.9899],[-122.20501,46.9897],[-122.21868,46.98552],[-122.22847,46.98578],[-122.22819,46.98275],[-122.22868,46.98086],[-122.22917,46.97949],[-122.23143,46.9761],[-122.23253,46.97371],[-122.23261,46.97113],[-122.23348,46.96878],[-122.23603,46.96379],[-122.23761,46.95885],[-122.23722,46.95723],[-122.23603,46.95487],[-122.23582,46.95382],[-122.23631,46.95223],[-122.23737,46.95044],[-122.23906,46.94865],[-122.24061,46.9476],[-122.24905,46.94455],[-122.25316,46.94252],[-122.25538,46.94065],[-122.25775,46.93607],[-122.25957,46.93178],[-122.25985,46.92842],[-122.2594,46.92482],[-122.25879,46.92346],[-122.25737,46.92119],[-122.2539,46.91703],[-122.25321,46.91493],[-122.25289,46.91299],[-122.25411,46.91113],[-122.259,46.9076],[-122.26132,46.90665],[-122.2639,46.90639],[-122.2651,46.90596],[-122.269,46.90403],[-122.27227,46.90278],[-122.27366,46.90201],[-122.27422,46.90004],[-122.27377,46.89914],[-122.2662,46.89041],[-122.26516,46.8856],[-122.26243,46.87945],[-122.26098,46.87787],[-122.25887,46.87746],[-122.25529,46.87706],[-122.25424,46.87667],[-122.25328,46.87557],[-122.25355,46.87077],[-122.2531,46.86945],[-122.25207,46.86847],[-122.25081,46.86797],[-122.24747,46.86832],[-122.24624,46.86828],[-122.24499,46.86778],[-122.24361,46.86669],[-122.24306,46.86581],[-122.24315,46.86486],[-122.24415,46.86335],[-122.24741,46.8602],[-122.25212,46.85723],[-122.25723,46.85609],[-122.26116,46.85466],[-122.26459,46.85256],[-122.26743,46.85216],[-122.27152,46.85012],[-122.27185,46.84914],[-122.27091,46.84738],[-122.2693,46.84626],[-122.26629,46.84484],[-122.26312,46.84399],[-122.25997,46.84388],[-122.25325,46.8467],[-122.24987,46.84765],[-122.24857,46.84766],[-122.24786,46.8472],[-122.24744,46.84514],[-122.24743,46.84116],[-122.24765,46.84001],[-122.25053,46.83453],[-122.25092,46.83287],[-122.25118,46.82503],[-122.25152,46.82317],[-122.25252,46.82148],[-122.25331,46.8206],[-122.25448,46.82005],[-122.25638,46.82007],[-122.25838,46.81939],[-122.25941,46.8185],[-122.25996,46.81751],[-122.25958,46.81307],[-122.25827,46.80321],[-122.25794,46.80202],[-122.25682,46.80018],[-122.25533,46.79862],[-122.25365,46.79723],[-122.25133,46.79588],[-122.24948,46.79422],[-122.24903,46.79345],[-122.24903,46.79205],[-122.24929,46.79099],[-122.25293,46.78754],[-122.25244,46.78677],[-122.25145,46.78626],[-122.24883,46.7853],[-122.24083,46.78444],[-122.23618,46.78255],[-122.23218,46.78176],[-122.22745,46.77979],[-122.22295,46.77741],[-122.21709,46.7754],[-122.21257,46.77284],[-122.20174,46.77022],[-122.19977,46.76944],[-122.19638,46.76545],[-122.19245,46.76279],[-122.1979,46.76083],[-122.20163,46.76089],[-122.20318,46.76196],[-122.20447,46.76377],[-122.33315,46.76243],[-122.44692,46.76334],[-122.50453,46.76285],[-122.54483,46.76381],[-122.6134,46.76253],[-122.66233,46.76361],[-122.70327,46.76338],[-122.81945,46.76327],[-122.85905,46.76343],[-122.98946,46.76444],[-123.00818,46.79601],[-123.00767,46.7977],[-122.97273,46.85642],[-122.97054,46.86162],[-122.96104,46.89887],[-122.94791,46.92139],[-122.94319,46.93766],[-122.93071,46.97814],[-122.9144,46.99696],[-122.9131,46.99913],[-122.91613,46.99988],[-122.91026,47.01112],[-122.90922,47.01623],[-122.90894,47.0207],[-122.90927,47.02424],[-122.91312,47.0245],[-122.91542,47.02494],[-122.91874,47.02677],[-122.9298,47.02667],[-122.93149,47.02716],[-122.93668,47.03059],[-122.94101,47.03271],[-122.95185,47.03694],[-122.96169,47.03967],[-122.96912,47.04108],[-122.98254,47.04176],[-122.98723,47.04294],[-123.00224,47.0517],[-123.00847,47.05613],[-123.01347,47.05884],[-123.01446,47.05998],[-123.01634,47.06326],[-123.01938,47.06693],[-123.01959,47.07461],[-123.01981,47.07731],[-123.0215,47.07948],[-123.02672,47.08312],[-123.02977,47.08435],[-123.03175,47.08474],[-123.04249,47.0853],[-123.04651,47.08633],[-123.04954,47.08781],[-123.05392,47.0886],[-123.05834,47.09078],[-123.0612,47.09147],[-123.06367,47.09182],[-123.06631,47.09162],[-123.06943,47.09121],[-123.07525,47.08984],[-123.07738,47.08987],[-123.07919,47.09021],[-123.08139,47.09134],[-123.0831,47.09255],[-123.08487,47.09453],[-123.08618,47.09632],[-123.08886,47.10429],[-123.08964,47.10547],[-123.09143,47.10698],[-123.09205,47.10769],[-123.0917,47.10887],[-123.09051,47.11035],[-123.08328,47.11593],[-123.08326,47.11777],[-123.08421,47.12179],[-123.08521,47.12321],[-123.08617,47.12384],[-123.08923,47.1247],[-123.09112,47.12549],[-123.09804,47.13016],[-123.09847,47.13122],[-123.09853,47.13331],[-123.09556,47.13819],[-123.0962,47.17576],[-123.0966,47.17985],[-123.09707,47.18228],[-123.09925,47.18541],[-123.09968,47.18714],[-123.09829,47.18939],[-123.09876,47.19486],[-123.09309,47.1984],[-123.09353,47.19995],[-123.09449,47.20169],[-123.09685,47.20349],[-123.10121,47.20636],[-123.10175,47.20731],[-123.10198,47.20933],[-123.10127,47.21537],[-123.09344,47.21411],[-123.08971,47.21427],[-123.08694,47.21418],[-123.08383,47.2155],[-123.07115,47.22613],[-123.06561,47.22876],[-123.05459,47.23686],[-123.05229,47.23993],[-123.04997,47.24535],[-123.04524,47.24549],[-123.04471,47.2508],[-123.04375,47.25202],[-123.03604,47.25449],[-123.03008,47.25762],[-123.02505,47.25871],[-123.02358,47.25932],[-123.02156,47.26161],[-123.01962,47.26288],[-123.01782,47.26354],[-123.00893,47.26533],[-123.00337,47.26585],[-123.00014,47.26581],[-122.98563,47.27145],[-122.97917,47.27461],[-122.97052,47.2779],[-122.95952,47.28151],[-122.94884,47.28413],[-122.94585,47.28579],[-122.93903,47.2904],[-122.93682,47.29216],[-122.92283,47.30714],[-122.92057,47.30924],[-122.91195,47.31616],[-122.90631,47.32031],[-122.9039,47.32133],[-122.89868,47.32315],[-122.89354,47.32524],[-122.88896,47.328],[-122.88496,47.33091],[-122.88354,47.33152],[-122.88108,47.33227],[-122.87817,47.33276],[-122.87535,47.3337],[-122.87228,47.33539],[-122.86362,47.34162],[-122.85575,47.34687],[-122.85244,47.34939],[-122.85021,47.35217],[-122.84888,47.35438],[-122.84777,47.35632],[-122.8442,47.3636],[-122.84253,47.36655],[-122.84,47.37007],[-122.83634,47.37413],[-122.83503,47.3763],[-122.83286,47.37818],[-122.83058,47.38313],[-122.82929,47.38523],[-122.82815,47.38624],[-122.82879,47.38727],[-122.82918,47.38835],[-122.82858,47.39045],[-122.82914,47.394],[-122.83007,47.39816],[-122.83082,47.39906],[-122.8327,47.40037],[-122.83702,47.40252],[-122.83778,47.40325],[-122.83809,47.40444],[-122.83958,47.40572],[-122.83993,47.40652],[-122.84052,47.40934],[-122.84433,47.41351],[-122.84689,47.4172],[-122.84801,47.4204],[-122.84761,47.42481],[-122.84657,47.42709],[-122.84453,47.43018],[-122.83639,47.43786],[-122.83294,47.44213],[-122.82945,47.44867],[-122.82875,47.44962],[-122.82555,47.45199],[-122.821,47.45369],[-122.81857,47.45604],[-122.81474,47.4607],[-122.81323,47.46203],[-122.80097,47.47059],[-122.80073,47.52035],[-122.84525,47.52134],[-122.89831,47.52208],[-122.95349,47.52258],[-122.99814,47.52019],[-123.03756,47.51999],[-123.05371,47.5203],[-123.05157,47.52935],[-123.05077,47.53067],[-123.04952,47.53165],[-123.04752,47.53283],[-123.04546,47.53458],[-123.04138,47.54124],[-123.0441,47.55031],[-123.04353,47.55119],[-123.04245,47.55185],[-123.03628,47.55202],[-123.03433,47.55302],[-123.02934,47.5567],[-123.02665,47.55939],[-123.02171,47.56228],[-123.01876,47.56487],[-123.01527,47.57109],[-123.00955,47.57634],[-123.00748,47.57943],[-123.0065,47.58324],[-123.00451,47.58603],[-122.99625,47.59338],[-122.99394,47.59657],[-122.99161,47.59903],[-122.99081,47.60124],[-122.98988,47.60257],[-122.99002,47.60581],[-122.98927,47.607],[-122.9877,47.6088],[-122.9833,47.61541],[-122.98194,47.61625],[-122.97421,47.61945],[-122.96922,47.6196],[-122.96687,47.62076],[-122.9625,47.62468],[-122.96178,47.62495],[-122.95976,47.62517],[-122.95905,47.62543],[-122.95899,47.62612],[-122.96005,47.62794],[-122.95965,47.62869],[-122.95907,47.62904],[-122.95179,47.62891],[-122.94886,47.62978],[-122.94693,47.63073],[-122.94583,47.63173],[-122.94516,47.63281],[-122.94462,47.63474],[-122.94401,47.63609],[-122.93971,47.64106],[-122.93872,47.64242],[-122.93834,47.64317],[-122.93823,47.64646],[-122.93796,47.64711],[-122.93081,47.65287],[-122.9271,47.65426],[-122.92577,47.65496],[-122.92456,47.65598],[-122.92435,47.65683],[-122.92424,47.65992],[-122.92299,47.66134],[-122.92117,47.66264],[-122.91884,47.66377],[-122.91248,47.66593],[-122.91055,47.66682],[-122.90956,47.66792],[-122.90823,47.67123],[-122.90741,47.67198],[-122.90228,47.67457],[-122.90133,47.67552],[-122.90088,47.67629],[-122.90017,47.68003],[-122.90089,47.68492],[-122.90071,47.68643],[-122.89866,47.69195],[-122.89717,47.69747],[-122.89639,47.70249],[-122.89653,47.70387],[-122.89707,47.70541],[-122.89629,47.70645],[-122.8941,47.70807],[-122.88935,47.71092],[-122.88762,47.71243],[-122.88813,47.71497],[-122.88646,47.72288],[-122.88511,47.73099],[-122.88443,47.73232],[-122.88018,47.7389],[-122.87843,47.74132],[-122.8778,47.74254],[-122.87788,47.74342],[-122.88006,47.74505],[-122.88544,47.7482],[-122.88693,47.74926],[-122.8892,47.75167],[-122.89192,47.75325],[-122.8936,47.75448],[-122.89739,47.76315],[-122.8976,47.76525],[-122.89795,47.76618],[-122.89881,47.76785],[-122.90028,47.76988],[-122.90335,47.77168],[-122.90618,47.77277],[-122.90958,47.77332],[-122.91625,47.77339],[-122.9181,47.77368],[-122.91906,47.77456],[-122.92084,47.77773],[-122.92148,47.78056],[-122.92187,47.78128],[-122.92357,47.78249],[-122.92688,47.78415],[-122.92782,47.78529],[-122.92778,47.78642],[-122.92272,47.79582],[-122.92147,47.7985],[-122.91909,47.80211],[-122.91701,47.80486],[-122.9149,47.80699],[-122.90279,47.81746],[-122.9,47.81839],[-122.88868,47.82038],[-122.87649,47.82151],[-122.87562,47.82176],[-122.87494,47.82249],[-122.87503,47.82463],[-122.88201,47.82953],[-122.88556,47.83246],[-122.88661,47.83387],[-122.88734,47.83544],[-122.88777,47.83753],[-122.88927,47.84956],[-122.88883,47.85109],[-122.88631,47.85536],[-122.87906,47.86477],[-122.87842,47.8667],[-122.87715,47.87464],[-122.87684,47.88686],[-122.87625,47.88753],[-122.87273,47.88988],[-122.87097,47.89144],[-122.86934,47.89387],[-122.8694,47.89673],[-122.87027,47.89861],[-122.87126,47.90019],[-122.87454,47.90375],[-122.8842,47.91232],[-122.88701,47.91882],[-122.88711,47.92056],[-122.88393,47.9427],[-122.88455,47.94416],[-122.88635,47.94632],[-122.88652,47.94736],[-122.88532,47.94978],[-122.88351,47.95159],[-122.88185,47.95281],[-122.88124,47.95469],[-122.88197,47.95702],[-122.88175,47.9595],[-122.88103,47.9636],[-122.88337,47.97301],[-122.88314,47.9758],[-122.88347,47.97733],[-122.88517,47.98031],[-122.88541,47.98317],[-122.88465,47.98521],[-122.88479,47.98709],[-122.88845,47.98799],[-122.88949,47.98873],[-122.89048,47.98965],[-122.89103,47.99074],[-122.8911,47.99197],[-122.89074,47.99289],[-122.88944,47.99417],[-122.88244,47.99907],[-122.88068,47.9997],[-122.87394,48.00314],[-122.87118,48.00422],[-122.86891,48.00463],[-122.8681,48.00502],[-122.86685,48.00598],[-122.86531,48.00821],[-122.86266,48.01616],[-122.86281,48.01684],[-122.86328,48.01757],[-122.86693,48.02646],[-122.86871,48.03165],[-122.86984,48.03418],[-122.87226,48.03629],[-122.87505,48.03834],[-122.87916,48.04064],[-122.88175,48.04163],[-122.90616,48.04658],[-122.92402,48.0498],[-122.92618,48.04992],[-122.96592,48.05011],[-122.96714,48.04998],[-122.97131,48.04785],[-122.97357,48.04699],[-122.97777,48.04574],[-122.97937,48.04478],[-122.98704,48.03297],[-122.99356,48.02527],[-122.99614,48.02291],[-122.99793,48.02172],[-123.0015,48.02001],[-123.00507,48.01884],[-123.006,48.01869],[-123.00696,48.01882],[-123.00793,48.0192],[-123.00963,48.02041],[-123.0107,48.02151],[-123.01194,48.02361],[-123.0142,48.02541],[-123.02797,48.03499],[-123.03049,48.03759],[-123.0318,48.04176],[-123.03254,48.04333],[-123.03356,48.04447],[-123.03684,48.04706],[-123.04128,48.05014],[-123.04799,48.05417],[-123.04966,48.05539],[-123.05176,48.05843],[-123.05274,48.05939],[-123.0648,48.06712],[-123.07007,48.06976],[-123.07538,48.07222],[-123.09351,48.0793],[-123.11808,48.07935],[-123.1453,48.07578],[-123.14865,48.07588],[-123.22108,48.08699],[-123.23632,48.08918],[-123.24106,48.08964],[-123.25237,48.09145],[-123.27923,48.09437],[-123.30328,48.0966],[-123.30912,48.09637],[-123.31605,48.09641],[-123.32108,48.09715],[-123.33018,48.09872],[-123.3337,48.0997],[-123.33768,48.1011],[-123.34691,48.1067],[-123.34802,48.10714],[-123.34861,48.10686],[-123.35019,48.10498],[-123.35152,48.10383],[-123.35282,48.1034],[-123.35449,48.10319],[-123.35584,48.10328],[-123.35808,48.10452],[-123.35903,48.1055],[-123.35819,48.10819],[-123.35833,48.10891],[-123.35898,48.1096],[-123.3606,48.10954],[-123.36735,48.10618],[-123.37131,48.10488],[-123.37897,48.10453],[-123.38442,48.10462],[-123.38729,48.1049],[-123.40213,48.10703],[-123.43253,48.11788],[-123.44201,48.10744],[-123.45152,48.10799],[-123.51012,48.10234],[-123.53338,48.09985],[-123.53655,48.09909],[-123.54021,48.09752],[-123.54961,48.0929],[-123.55434,48.09075],[-123.55773,48.08894],[-123.55933,48.08743],[-123.55919,48.08592],[-123.55778,48.08382],[-123.55761,48.08307],[-123.55784,48.08212],[-123.55918,48.08088],[-123.56386,48.07817],[-123.56704,48.07382],[-123.5686,48.07247],[-123.57198,48.0708],[-123.57421,48.06933],[-123.57462,48.06861],[-123.57473,48.06663],[-123.57521,48.06559],[-123.57649,48.06507],[-123.5771,48.07094],[-123.57475,48.07534],[-123.57026,48.08087],[-123.56662,48.08223],[-123.56246,48.08348],[-123.56175,48.08427],[-123.56169,48.08481],[-123.56231,48.08522],[-123.56634,48.08601],[-123.56247,48.09175],[-123.56051,48.09336],[-123.55639,48.09422],[-123.55514,48.09521],[-123.55751,48.09885],[-123.55747,48.1002],[-123.55559,48.102],[-123.55276,48.10377],[-123.55174,48.10485],[-123.55109,48.10614],[-123.55079,48.10819],[-123.55089,48.11026],[-123.55237,48.11299],[-123.55288,48.11495],[-123.5521,48.11634],[-123.55207,48.11735],[-123.55409,48.11943],[-123.55462,48.12034],[-123.55388,48.12228],[-123.55481,48.12516],[-123.55487,48.12611],[-123.55402,48.12692],[-123.55122,48.12825],[-123.54999,48.1296],[-123.54998,48.13145],[-123.55153,48.13214],[-123.55439,48.13256],[-123.55627,48.1357],[-123.55875,48.13741],[-123.55898,48.13806],[-123.55906,48.1419],[-123.56084,48.1438],[-123.56087,48.14447],[-123.56056,48.14486],[-123.55896,48.14552],[-123.55847,48.14613],[-123.55933,48.14694],[-123.56117,48.14804],[-123.56118,48.2274],[-123.54815,48.22588],[-123.46556,48.24167],[-123.31074,48.27312],[-123.24957,48.28589],[-123.11611,48.42504],[-123.16176,48.45541],[-123.19479,48.51027],[-123.21888,48.54921],[-123.21986,48.5513],[-123.23694,48.60209],[-123.24659,48.63144],[-123.26787,48.69376],[-123.10834,48.73938],[-123.0309,48.76169],[-123.00982,48.76795],[-123.0095,48.8246],[-123.32115,49.00225],[-123.2298,49.00198],[-123.06916,49.00202],[-122.20077,49.00255],[-122.06959,49.00197]]]]}},{"type":"Feature","properties":{"ava_id":"rattlesnake_hills","name":"Rattlesnake Hills","aka":null,"state":"WA","county":"Yakima","within":"Yakima Valley|Columbia Valley","contains":null,"cfr_index":"9.193","valid_start":null},"geometry":{"type":"MultiPolygon","coordinates":[[[[-120.27059,46.42536],[-120.27156,46.42652],[-120.27213,46.42666],[-120.27282,46.42653],[-120.27357,46.42559],[-120.27403,46.42538],[-120.27462,46.42539],[-120.27532,46.4259],[-120.27537,46.4268],[-120.27597,46.42708],[-120.27676,46.42702],[-120.27891,46.42637],[-120.27973,46.42633],[-120.28049,46.42677],[-120.28203,46.42935],[-120.2824,46.42951],[-120.28294,46.42946],[-120.28355,46.42911],[-120.28602,46.427],[-120.28612,46.42608],[-120.28685,46.42516],[-120.28727,46.42363],[-120.28791,46.42328],[-120.28902,46.42317],[-120.28978,46.42339],[-120.29019,46.42389],[-120.29031,46.42471],[-120.29085,46.42512],[-120.29155,46.42517],[-120.29276,46.4246],[-120.29408,46.42443],[-120.29518,46.42464],[-120.2963,46.42582],[-120.29674,46.42597],[-120.2973,46.42589],[-120.29848,46.42535],[-120.29946,46.42556],[-120.29983,46.42606],[-120.29972,46.42632],[-120.29908,46.42694],[-120.29832,46.42816],[-120.29796,46.4285],[-120.29453,46.43026],[-120.29416,46.4308],[-120.29418,46.43199],[-120.29453,46.43247],[-120.29611,46.43306],[-120.29689,46.4339],[-120.29746,46.43407],[-120.2982,46.43405],[-120.30015,46.433],[-120.30108,46.43302],[-120.30213,46.4339],[-120.30405,46.43589],[-120.30422,46.43646],[-120.30337,46.43768],[-120.30353,46.43804],[-120.30388,46.43828],[-120.30725,46.43907],[-120.30807,46.43913],[-120.30892,46.43873],[-120.31051,46.43717],[-120.31103,46.43704],[-120.31186,46.43727],[-120.31209,46.43819],[-120.31252,46.4384],[-120.31406,46.43812],[-120.3151,46.43829],[-120.3153,46.43896],[-120.31381,46.44192],[-120.31368,46.44232],[-120.31379,46.4427],[-120.31422,46.44287],[-120.3161,46.44259],[-120.31702,46.44262],[-120.31729,46.44276],[-120.31752,46.44318],[-120.3172,46.44408],[-120.31747,46.44466],[-120.31831,46.44488],[-120.31994,46.44473],[-120.32125,46.44558],[-120.32203,46.44557],[-120.32266,46.44533],[-120.32369,46.44473],[-120.32468,46.44385],[-120.32522,46.44369],[-120.32638,46.44283],[-120.32742,46.44285],[-120.32782,46.44323],[-120.32811,46.44504],[-120.32807,46.44623],[-120.32708,46.44748],[-120.32717,46.44792],[-120.32748,46.44829],[-120.32817,46.44854],[-120.32887,46.44844],[-120.33046,46.4477],[-120.33101,46.44696],[-120.33175,46.44653],[-120.33289,46.44677],[-120.33323,46.44715],[-120.33332,46.44757],[-120.33439,46.4483],[-120.3342,46.44952],[-120.33439,46.44987],[-120.33468,46.45003],[-120.33532,46.45],[-120.33648,46.44963],[-120.33684,46.44965],[-120.33941,46.45104],[-120.33977,46.45181],[-120.33974,46.45215],[-120.33886,46.45319],[-120.3387,46.45359],[-120.33892,46.45406],[-120.33966,46.45428],[-120.34095,46.4538],[-120.34167,46.45372],[-120.34203,46.45388],[-120.3452,46.45589],[-120.34622,46.45671],[-120.34853,46.45767],[-120.34935,46.45849],[-120.34982,46.45971],[-120.35148,46.46021],[-120.35285,46.46138],[-120.35502,46.46195],[-120.35523,46.46261],[-120.35473,46.46315],[-120.35459,46.46366],[-120.35551,46.46473],[-120.35759,46.46631],[-120.35906,46.46688],[-120.35973,46.46746],[-120.36207,46.4687],[-120.36247,46.46926],[-120.3632,46.47106],[-120.36404,46.47227],[-120.36646,46.47384],[-120.36842,46.4737],[-120.36902,46.47392],[-120.36946,46.47436],[-120.36959,46.47528],[-120.36991,46.47558],[-120.37325,46.47664],[-120.3773,46.47583],[-120.37805,46.47585],[-120.38015,46.47635],[-120.38137,46.47682],[-120.38211,46.47731],[-120.38299,46.47842],[-120.38356,46.47953],[-120.38444,46.48002],[-120.38951,46.48048],[-120.39343,46.48208],[-120.39639,46.48203],[-120.3972,46.48237],[-120.39837,46.4832],[-120.39917,46.48343],[-120.40136,46.48327],[-120.4019,46.48337],[-120.40354,46.48421],[-120.40847,46.48571],[-120.4098,46.48654],[-120.41112,46.48711],[-120.41256,46.48805],[-120.42433,46.49374],[-120.42491,46.49386],[-120.42635,46.49379],[-120.43049,46.49449],[-120.43644,46.49639],[-120.43842,46.49664],[-120.43971,46.49774],[-120.44704,46.50162],[-120.44861,46.50292],[-120.4504,46.50586],[-120.45243,46.5115],[-120.45468,46.5149],[-120.45739,46.51825],[-120.45842,46.51901],[-120.45951,46.51951],[-120.46565,46.52036],[-120.46824,46.5213],[-120.46944,46.52221],[-120.46992,46.52276],[-120.47034,46.5237],[-120.47065,46.5252],[-120.33468,46.52209],[-120.21871,46.4894],[-120.09694,46.48078],[-120.04302,46.47427],[-120.00116,46.47427],[-120.00115,46.42602],[-120.03797,46.4013],[-120.05117,46.39266],[-120.05979,46.38674],[-120.0781,46.37554],[-120.08333,46.37067],[-120.09021,46.36596],[-120.09192,46.36619],[-120.09456,46.36604],[-120.09896,46.36722],[-120.10189,46.36678],[-120.10241,46.367],[-120.10282,46.36775],[-120.10351,46.36818],[-120.10988,46.36829],[-120.11045,46.36872],[-120.11084,46.36961],[-120.11134,46.37002],[-120.11428,46.3709],[-120.11649,46.37246],[-120.1198,46.37224],[-120.12079,46.37233],[-120.12151,46.37263],[-120.12347,46.37463],[-120.12455,46.37469],[-120.12581,46.37416],[-120.12665,46.37414],[-120.12693,46.37425],[-120.12818,46.37559],[-120.13056,46.37595],[-120.13428,46.37768],[-120.13472,46.37808],[-120.13476,46.37857],[-120.13391,46.37989],[-120.13405,46.38023],[-120.13458,46.38054],[-120.13723,46.3804],[-120.13968,46.38062],[-120.14165,46.38038],[-120.1425,46.38043],[-120.14393,46.38173],[-120.14398,46.38256],[-120.14417,46.3829],[-120.14471,46.38305],[-120.14513,46.38306],[-120.14559,46.38283],[-120.14577,46.38202],[-120.14615,46.38164],[-120.14682,46.38157],[-120.14775,46.38183],[-120.14826,46.38167],[-120.14842,46.38115],[-120.14717,46.37975],[-120.14726,46.37938],[-120.14803,46.37889],[-120.14939,46.37826],[-120.15064,46.37822],[-120.15215,46.37758],[-120.15425,46.37745],[-120.15542,46.37674],[-120.15577,46.37668],[-120.15608,46.37671],[-120.15702,46.37742],[-120.15781,46.37747],[-120.15827,46.37718],[-120.15867,46.37585],[-120.15959,46.3756],[-120.16046,46.37597],[-120.16288,46.37793],[-120.16307,46.37902],[-120.16411,46.37975],[-120.16476,46.37956],[-120.16479,46.37891],[-120.16459,46.37817],[-120.16472,46.37749],[-120.16484,46.37721],[-120.16534,46.37696],[-120.16852,46.37755],[-120.16937,46.3786],[-120.16976,46.37877],[-120.17273,46.37851],[-120.1737,46.37861],[-120.17404,46.37878],[-120.17532,46.38021],[-120.17529,46.3806],[-120.1749,46.38128],[-120.17563,46.38285],[-120.17626,46.38335],[-120.17889,46.38479],[-120.17947,46.38484],[-120.1803,46.38463],[-120.18075,46.38422],[-120.18073,46.38363],[-120.17913,46.38161],[-120.17915,46.38137],[-120.17953,46.38101],[-120.18085,46.38082],[-120.18115,46.38057],[-120.18095,46.3781],[-120.18128,46.37635],[-120.18178,46.37597],[-120.18251,46.37592],[-120.18401,46.37698],[-120.18519,46.37679],[-120.18592,46.37685],[-120.18644,46.37727],[-120.18644,46.37857],[-120.18703,46.37887],[-120.18803,46.37895],[-120.18855,46.3792],[-120.19028,46.38162],[-120.19151,46.38229],[-120.19159,46.38245],[-120.19137,46.38353],[-120.19153,46.38377],[-120.19197,46.384],[-120.19356,46.38406],[-120.19399,46.38442],[-120.19394,46.38499],[-120.19347,46.38588],[-120.19208,46.38687],[-120.19027,46.38759],[-120.19001,46.38784],[-120.19021,46.38816],[-120.19359,46.3901],[-120.19413,46.39008],[-120.19609,46.3892],[-120.19875,46.38873],[-120.19951,46.38895],[-120.20267,46.39054],[-120.20306,46.39085],[-120.20311,46.39133],[-120.20172,46.39238],[-120.2017,46.39288],[-120.20207,46.39321],[-120.20267,46.39332],[-120.20507,46.39266],[-120.20589,46.39274],[-120.20655,46.39308],[-120.20711,46.39407],[-120.20762,46.39453],[-120.20911,46.39491],[-120.20929,46.39531],[-120.20869,46.39593],[-120.20844,46.39646],[-120.20926,46.39799],[-120.20907,46.39906],[-120.2095,46.39936],[-120.21209,46.40013],[-120.21288,46.39997],[-120.21326,46.39957],[-120.21346,46.39761],[-120.21392,46.39726],[-120.21475,46.39715],[-120.2154,46.39739],[-120.21624,46.39839],[-120.21703,46.39855],[-120.21863,46.39791],[-120.21966,46.39816],[-120.22,46.39862],[-120.21989,46.40046],[-120.22025,46.40098],[-120.22093,46.40128],[-120.22206,46.40116],[-120.22599,46.39994],[-120.22662,46.39997],[-120.22793,46.40047],[-120.2281,46.4007],[-120.22812,46.40137],[-120.2272,46.40213],[-120.22679,46.40287],[-120.22584,46.40357],[-120.22562,46.40384],[-120.22566,46.40428],[-120.22612,46.40457],[-120.22681,46.40453],[-120.22876,46.40316],[-120.22948,46.40309],[-120.23017,46.40343],[-120.23154,46.40491],[-120.23117,46.4058],[-120.23144,46.40637],[-120.23415,46.40725],[-120.2349,46.40705],[-120.23728,46.40576],[-120.23872,46.40429],[-120.23949,46.40375],[-120.24105,46.40339],[-120.24255,46.40248],[-120.24498,46.40191],[-120.24577,46.40118],[-120.24799,46.401],[-120.24918,46.4013],[-120.25011,46.40117],[-120.25091,46.40137],[-120.25127,46.40183],[-120.25095,46.40227],[-120.24796,46.40353],[-120.24721,46.4043],[-120.24622,46.40498],[-120.24617,46.40545],[-120.24746,46.40612],[-120.24777,46.40659],[-120.24774,46.40687],[-120.24656,46.40801],[-120.24653,46.40833],[-120.24707,46.40873],[-120.24785,46.40873],[-120.25091,46.40739],[-120.25156,46.40696],[-120.25319,46.40698],[-120.25416,46.40671],[-120.25567,46.40663],[-120.25695,46.40594],[-120.25827,46.40605],[-120.26,46.40675],[-120.26042,46.40716],[-120.26047,46.40744],[-120.25995,46.40829],[-120.25975,46.40914],[-120.25873,46.40956],[-120.25765,46.4103],[-120.25586,46.41041],[-120.25512,46.41095],[-120.25472,46.41166],[-120.25484,46.4123],[-120.25468,46.41317],[-120.25534,46.41406],[-120.25535,46.41475],[-120.25516,46.41509],[-120.25424,46.41576],[-120.25412,46.41626],[-120.25542,46.4175],[-120.25638,46.41794],[-120.25813,46.41833],[-120.25917,46.419],[-120.26241,46.41966],[-120.2635,46.41934],[-120.26508,46.41963],[-120.26682,46.41903],[-120.26756,46.41926],[-120.26805,46.41989],[-120.26819,46.42052],[-120.26819,46.42101],[-120.26757,46.42195],[-120.26766,46.42237],[-120.26813,46.42309],[-120.26769,46.42439],[-120.26826,46.42488],[-120.2703,46.42517],[-120.27059,46.42536]]]]}},{"type":"Feature","properties":{"ava_id":"red_mountain","name":"Red Mountain","aka":null,"state":"WA","county":"Benton","within":"Yakima Valley|Columbia Valley","contains":null,"cfr_index":"9.167","valid_start":null},"geometry":{"type":"MultiPolygon","coordinates":[[[[-119.46792,46.31107],[-119.46472,46.31063],[-119.4555,46.30677],[-119.44141,46.29799],[-119.42561,46.28965],[-119.40927,46.28317],[-119.40959,46.27155],[-119.41077,46.27075],[-119.41067,46.27014],[-119.41107,46.26971],[-119.41101,46.26953],[-119.41193,46.26901],[-119.41165,46.26859],[-119.41244,46.2684],[-119.41268,46.26805],[-119.41328,46.26813],[-119.4142,46.26775],[-119.41341,46.26768],[-119.41334,46.26725],[-119.4131,46.26702],[-119.41317,46.26685],[-119.41524,46.26631],[-119.41598,46.26633],[-119.41643,46.26661],[-119.41688,46.26655],[-119.41697,46.26615],[-119.41747,46.26559],[-119.4173,46.26538],[-119.41735,46.26502],[-119.41825,46.26445],[-119.41937,46.26431],[-119.42058,46.2644],[-119.42095,46.2646],[-119.42093,46.26504],[-119.42112,46.26525],[-119.42224,46.26571],[-119.42324,46.26493],[-119.42516,46.26546],[-119.42615,46.26558],[-119.42647,46.2654],[-119.42771,46.26537],[-119.42792,46.26551],[-119.42813,46.2651],[-119.42837,46.265],[-119.42877,46.26508],[-119.42921,46.26483],[-119.43038,46.26496],[-119.4311,46.26442],[-119.43103,46.26407],[-119.43219,46.26357],[-119.43471,46.26298],[-119.43601,46.26298],[-119.43683,46.26277],[-119.43729,46.26254],[-119.43781,46.26197],[-119.43882,46.26175],[-119.43923,46.26133],[-119.44007,46.26137],[-119.44469,46.25969],[-119.44827,46.25877],[-119.45105,46.25835],[-119.45198,46.25839],[-119.45606,46.25746],[-119.45693,46.25685],[-119.45863,46.25617],[-119.45908,46.25626],[-119.46063,46.2559],[-119.46294,46.25584],[-119.46337,46.25592],[-119.46367,46.25668],[-119.46432,46.2569],[-119.46581,46.25669],[-119.46586,46.2569],[-119.46681,46.25662],[-119.46705,46.25676],[-119.46728,46.25657],[-119.46763,46.25663],[-119.46767,46.25691],[-119.46819,46.25669],[-119.46823,46.25688],[-119.46848,46.25683],[-119.46848,46.25699],[-119.46949,46.25678],[-119.46961,46.25692],[-119.46946,46.25719],[-119.46968,46.25731],[-119.4697,46.2575],[-119.46778,46.25916],[-119.46785,46.25939],[-119.46588,46.26021],[-119.46694,46.26006],[-119.46711,46.26024],[-119.46824,46.26009],[-119.46838,46.26027],[-119.46942,46.25992],[-119.46986,46.26002],[-119.4698,46.26069],[-119.46937,46.26109],[-119.46963,46.26115],[-119.46943,46.2614],[-119.46977,46.26141],[-119.46978,46.26159],[-119.47002,46.26174],[-119.47038,46.2617],[-119.47048,46.26228],[-119.47069,46.26237],[-119.47041,46.26284],[-119.47081,46.26291],[-119.47087,46.26347],[-119.47062,46.2638],[-119.4697,46.26388],[-119.47027,46.26408],[-119.47019,46.26432],[-119.47054,46.2642],[-119.47053,46.26442],[-119.47079,46.26434],[-119.47099,46.26446],[-119.47094,46.26484],[-119.47164,46.26476],[-119.47143,46.26531],[-119.47156,46.26565],[-119.47088,46.26589],[-119.4712,46.26605],[-119.47107,46.26624],[-119.47118,46.26633],[-119.47056,46.26694],[-119.47159,46.2668],[-119.47187,46.26717],[-119.47187,46.26755],[-119.47163,46.26766],[-119.47196,46.2679],[-119.47169,46.26813],[-119.47185,46.26831],[-119.4709,46.26867],[-119.47108,46.26889],[-119.47152,46.26888],[-119.47144,46.26912],[-119.47182,46.2693],[-119.47171,46.26957],[-119.4719,46.26961],[-119.47178,46.26989],[-119.4719,46.27011],[-119.47124,46.27027],[-119.47183,46.27064],[-119.47147,46.27122],[-119.47105,46.27135],[-119.47112,46.27158],[-119.47031,46.27169],[-119.47049,46.27195],[-119.47083,46.27192],[-119.47056,46.27229],[-119.4713,46.27203],[-119.47155,46.2722],[-119.47133,46.27293],[-119.47089,46.27307],[-119.47105,46.27339],[-119.47033,46.27356],[-119.47067,46.27384],[-119.47101,46.27386],[-119.47101,46.27403],[-119.47075,46.27422],[-119.47093,46.27435],[-119.47072,46.27458],[-119.47115,46.27467],[-119.47079,46.27557],[-119.46984,46.27583],[-119.47072,46.27606],[-119.47079,46.2762],[-119.47035,46.27719],[-119.47011,46.27728],[-119.47019,46.27752],[-119.46954,46.27785],[-119.47066,46.27795],[-119.47059,46.27843],[-119.47075,46.27872],[-119.47062,46.27884],[-119.47076,46.27888],[-119.47077,46.27909],[-119.47059,46.27923],[-119.47064,46.27952],[-119.47031,46.27972],[-119.47045,46.27984],[-119.47035,46.27994],[-119.47055,46.28002],[-119.47028,46.28017],[-119.47053,46.28029],[-119.47039,46.28074],[-119.47055,46.28105],[-119.47039,46.28115],[-119.47035,46.28162],[-119.47005,46.28175],[-119.47037,46.28208],[-119.4701,46.28264],[-119.47027,46.28276],[-119.47013,46.28296],[-119.47022,46.28314],[-119.47,46.28344],[-119.46993,46.28411],[-119.4697,46.2843],[-119.46978,46.28446],[-119.46963,46.28459],[-119.46978,46.28475],[-119.46954,46.28502],[-119.4696,46.28526],[-119.46935,46.28593],[-119.46916,46.28627],[-119.4688,46.28647],[-119.46822,46.28648],[-119.46566,46.28594],[-119.4646,46.28595],[-119.46343,46.28629],[-119.46195,46.28589],[-119.46227,46.28637],[-119.46267,46.28638],[-119.46312,46.28674],[-119.46412,46.28654],[-119.4654,46.28655],[-119.46633,46.28696],[-119.46639,46.28715],[-119.46682,46.28714],[-119.46817,46.2876],[-119.46853,46.28792],[-119.46854,46.28849],[-119.46789,46.28993],[-119.4679,46.29025],[-119.46739,46.29083],[-119.46802,46.29101],[-119.46776,46.2928],[-119.46649,46.29297],[-119.46544,46.29282],[-119.46479,46.29308],[-119.46412,46.2931],[-119.46463,46.29335],[-119.46528,46.2933],[-119.46552,46.29355],[-119.46341,46.29462],[-119.46368,46.29468],[-119.46527,46.29418],[-119.46598,46.29426],[-119.46651,46.29399],[-119.46723,46.29418],[-119.46762,46.29449],[-119.46767,46.29482],[-119.46679,46.29656],[-119.46675,46.29745],[-119.4671,46.29748],[-119.46702,46.29773],[-119.46628,46.29828],[-119.46791,46.29814],[-119.46808,46.29826],[-119.46814,46.29864],[-119.46715,46.2995],[-119.46656,46.29968],[-119.46689,46.29984],[-119.4677,46.29982],[-119.46774,46.30063],[-119.46803,46.30074],[-119.46773,46.30098],[-119.4681,46.3011],[-119.4676,46.30145],[-119.46747,46.30173],[-119.46792,46.30163],[-119.46804,46.3018],[-119.46794,46.30206],[-119.46855,46.30172],[-119.46848,46.30208],[-119.46923,46.30178],[-119.46989,46.30229],[-119.47044,46.30335],[-119.4704,46.30387],[-119.47063,46.30367],[-119.47077,46.30388],[-119.47074,46.30405],[-119.47044,46.30401],[-119.47041,46.30454],[-119.46948,46.30538],[-119.46946,46.30577],[-119.46888,46.30652],[-119.46669,46.3082],[-119.4667,46.30902],[-119.46747,46.30975],[-119.46792,46.31073],[-119.46792,46.31107]]]]}},{"type":"Feature","properties":{"ava_id":"rocky_reach","name":"Rocky Reach","aka":null,"state":"WA","county":"Chelan|Douglas","within":"Columbia Valley","contains":null,"cfr_index":"9.287","valid_start":null},"geometry":{"type":"MultiPolygon","coordinates":[[[[-120.2938,47.47881],[-120.32469,47.48307],[-120.32273,47.48417],[-120.32207,47.48565],[-120.32177,47.48602],[-120.32133,47.4862],[-120.32018,47.48807],[-120.32029,47.48838],[-120.31959,47.48885],[-120.31911,47.48959],[-120.31911,47.48991],[-120.31945,47.49021],[-120.31874,47.49077],[-120.31873,47.49113],[-120.31916,47.49158],[-120.31915,47.49195],[-120.31879,47.49263],[-120.31814,47.49342],[-120.31742,47.49315],[-120.31688,47.49319],[-120.31682,47.49394],[-120.31625,47.49428],[-120.31628,47.49504],[-120.3167,47.49534],[-120.31667,47.49548],[-120.31634,47.49584],[-120.31587,47.49597],[-120.31556,47.49643],[-120.316,47.49688],[-120.31579,47.49745],[-120.31536,47.49756],[-120.31547,47.49803],[-120.31519,47.49862],[-120.31501,47.49956],[-120.31605,47.50015],[-120.31872,47.50087],[-120.32063,47.50168],[-120.31864,47.50164],[-120.31946,47.50224],[-120.31855,47.50222],[-120.31746,47.50256],[-120.31363,47.50329],[-120.31337,47.50353],[-120.31319,47.50418],[-120.31323,47.50475],[-120.31387,47.50596],[-120.31212,47.50686],[-120.31228,47.50711],[-120.31361,47.50765],[-120.31593,47.50903],[-120.32025,47.51071],[-120.32084,47.51112],[-120.32362,47.51224],[-120.32486,47.51358],[-120.32297,47.51296],[-120.31891,47.51239],[-120.31568,47.51164],[-120.31094,47.51129],[-120.31035,47.51144],[-120.31024,47.51233],[-120.31341,47.51402],[-120.31587,47.51466],[-120.31683,47.51508],[-120.3181,47.51667],[-120.31559,47.51575],[-120.31533,47.51576],[-120.31464,47.51623],[-120.31328,47.51593],[-120.31193,47.51612],[-120.3112,47.51591],[-120.30959,47.51587],[-120.30928,47.51649],[-120.30938,47.51684],[-120.30925,47.51805],[-120.30954,47.51817],[-120.30992,47.51909],[-120.30973,47.52093],[-120.3112,47.52204],[-120.30945,47.52231],[-120.30928,47.52422],[-120.30849,47.52715],[-120.30777,47.52918],[-120.30794,47.53069],[-120.30812,47.53103],[-120.3093,47.53123],[-120.31083,47.5308],[-120.31092,47.53185],[-120.31223,47.53265],[-120.31471,47.53368],[-120.31232,47.53392],[-120.31092,47.53346],[-120.31124,47.53434],[-120.30813,47.53313],[-120.30629,47.53308],[-120.30483,47.53359],[-120.30327,47.53501],[-120.30102,47.5375],[-120.30094,47.53791],[-120.3005,47.53849],[-120.30049,47.5389],[-120.30074,47.53928],[-120.29887,47.54039],[-120.29854,47.54126],[-120.29784,47.54199],[-120.29777,47.54246],[-120.29747,47.5425],[-120.29703,47.54293],[-120.29626,47.54331],[-120.29594,47.5439],[-120.29611,47.54509],[-120.297,47.54544],[-120.29896,47.54569],[-120.30089,47.54627],[-120.3011,47.54658],[-120.30177,47.54666],[-120.30221,47.54711],[-120.30439,47.54789],[-120.30463,47.54816],[-120.30557,47.54833],[-120.30594,47.5487],[-120.30725,47.54939],[-120.30737,47.54975],[-120.30786,47.54984],[-120.30826,47.55013],[-120.30898,47.55091],[-120.31058,47.55175],[-120.31156,47.55254],[-120.31593,47.55459],[-120.31857,47.55614],[-120.31958,47.55696],[-120.32027,47.5573],[-120.32035,47.55753],[-120.32183,47.55813],[-120.3218,47.55833],[-120.32232,47.55878],[-120.31972,47.55835],[-120.31771,47.55783],[-120.31439,47.55634],[-120.31393,47.55626],[-120.31315,47.55646],[-120.31236,47.55613],[-120.31162,47.55554],[-120.31019,47.55508],[-120.30901,47.55523],[-120.30902,47.55502],[-120.30867,47.55472],[-120.30872,47.55414],[-120.30852,47.55389],[-120.30672,47.55281],[-120.3059,47.55305],[-120.30385,47.55315],[-120.30502,47.55226],[-120.30503,47.55209],[-120.30314,47.55191],[-120.30187,47.55199],[-120.30221,47.55098],[-120.30217,47.55064],[-120.30126,47.55023],[-120.30001,47.55035],[-120.29971,47.55025],[-120.29981,47.54981],[-120.29849,47.54947],[-120.29811,47.54949],[-120.29786,47.54985],[-120.29741,47.54983],[-120.29573,47.5491],[-120.29532,47.54925],[-120.29529,47.54948],[-120.29433,47.55011],[-120.29365,47.55018],[-120.29353,47.55001],[-120.29361,47.54947],[-120.29342,47.54934],[-120.29192,47.55025],[-120.29064,47.55052],[-120.28927,47.55123],[-120.28814,47.55233],[-120.28831,47.55287],[-120.28762,47.55291],[-120.28696,47.55328],[-120.28565,47.55347],[-120.28534,47.55413],[-120.2854,47.55509],[-120.28527,47.5552],[-120.28412,47.55478],[-120.28281,47.55647],[-120.2845,47.55722],[-120.28366,47.55782],[-120.2836,47.55802],[-120.28401,47.55868],[-120.2832,47.55881],[-120.28302,47.55933],[-120.28314,47.55985],[-120.28579,47.56098],[-120.2808,47.56067],[-120.28002,47.55918],[-120.27973,47.55895],[-120.27924,47.5589],[-120.27916,47.5609],[-120.27971,47.56192],[-120.27968,47.56219],[-120.28102,47.56405],[-120.28155,47.56419],[-120.28153,47.56431],[-120.28093,47.5644],[-120.27935,47.5639],[-120.27871,47.5635],[-120.27793,47.5634],[-120.27753,47.5629],[-120.2766,47.56225],[-120.27589,47.56233],[-120.27526,47.56306],[-120.27516,47.564],[-120.27438,47.56431],[-120.27417,47.56461],[-120.27473,47.56549],[-120.27402,47.56579],[-120.27327,47.56643],[-120.2735,47.56667],[-120.27355,47.56717],[-120.27269,47.56711],[-120.27198,47.56728],[-120.2717,47.56773],[-120.27168,47.56857],[-120.2719,47.56863],[-120.27064,47.56879],[-120.27004,47.56939],[-120.26935,47.56937],[-120.26875,47.5697],[-120.26843,47.57017],[-120.26835,47.57144],[-120.26847,47.57165],[-120.26834,47.5721],[-120.26845,47.57234],[-120.27024,47.57377],[-120.2708,47.5738],[-120.2722,47.57329],[-120.27344,47.57309],[-120.27208,47.57439],[-120.27211,47.57457],[-120.27302,47.57563],[-120.27362,47.57693],[-120.27492,47.57797],[-120.27186,47.57681],[-120.27139,47.57628],[-120.26993,47.57544],[-120.26917,47.57562],[-120.26931,47.57613],[-120.26911,47.57632],[-120.2679,47.5759],[-120.26668,47.57571],[-120.2656,47.57574],[-120.26511,47.5761],[-120.26462,47.57606],[-120.26346,47.57654],[-120.26326,47.57689],[-120.26268,47.57727],[-120.26195,47.57848],[-120.2618,47.57908],[-120.26148,47.57934],[-120.26162,47.57966],[-120.25829,47.58112],[-120.25832,47.58205],[-120.25862,47.58241],[-120.25851,47.584],[-120.25717,47.58338],[-120.25563,47.58291],[-120.25476,47.58339],[-120.25431,47.58436],[-120.25436,47.5854],[-120.25412,47.58603],[-120.25348,47.58671],[-120.2534,47.58702],[-120.25362,47.58744],[-120.25354,47.58775],[-120.25391,47.58817],[-120.255,47.58835],[-120.25514,47.58933],[-120.25603,47.58993],[-120.2557,47.59005],[-120.25428,47.58983],[-120.25355,47.5894],[-120.2524,47.5893],[-120.25202,47.58952],[-120.25275,47.59061],[-120.25291,47.59139],[-120.25271,47.59241],[-120.25035,47.59556],[-120.24949,47.59634],[-120.24965,47.59663],[-120.25001,47.59675],[-120.25001,47.59692],[-120.24977,47.59708],[-120.24977,47.59844],[-120.24959,47.59895],[-120.24891,47.59997],[-120.24867,47.601],[-120.24844,47.60118],[-120.2482,47.60184],[-120.24853,47.60321],[-120.24776,47.60332],[-120.24702,47.60399],[-120.24695,47.60456],[-120.24648,47.60526],[-120.24595,47.60687],[-120.24602,47.60713],[-120.2454,47.60775],[-120.24528,47.60847],[-120.24541,47.60861],[-120.24498,47.60912],[-120.24497,47.60938],[-120.24522,47.60956],[-120.24523,47.61013],[-120.24451,47.61138],[-120.24456,47.61162],[-120.24561,47.6122],[-120.24565,47.61239],[-120.24562,47.6127],[-120.24515,47.6132],[-120.24521,47.61376],[-120.24503,47.61403],[-120.24499,47.61489],[-120.24456,47.61562],[-120.24451,47.61621],[-120.2438,47.61707],[-120.24343,47.61859],[-120.24318,47.619],[-120.24283,47.61913],[-120.24288,47.61943],[-120.24206,47.62022],[-120.24193,47.62049],[-120.24202,47.6209],[-120.24142,47.62164],[-120.2419,47.62202],[-120.24221,47.62258],[-120.24347,47.62285],[-120.24418,47.62321],[-120.24421,47.62355],[-120.24368,47.62497],[-120.24733,47.62467],[-120.24882,47.62423],[-120.24933,47.62462],[-120.24991,47.62438],[-120.2528,47.62379],[-120.25374,47.62378],[-120.25431,47.62354],[-120.25486,47.62373],[-120.25706,47.62366],[-120.25814,47.62386],[-120.25844,47.6241],[-120.25821,47.6243],[-120.2583,47.62448],[-120.25662,47.62461],[-120.25334,47.62581],[-120.25258,47.62667],[-120.25259,47.62706],[-120.25244,47.62716],[-120.25106,47.62711],[-120.25042,47.62746],[-120.24991,47.62754],[-120.24971,47.6277],[-120.24981,47.62911],[-120.24902,47.62893],[-120.24849,47.62862],[-120.2474,47.62865],[-120.24675,47.62909],[-120.24581,47.62869],[-120.24555,47.62878],[-120.24501,47.6296],[-120.24521,47.63071],[-120.24412,47.63269],[-120.24373,47.63398],[-120.24307,47.63427],[-120.24271,47.63485],[-120.24222,47.63505],[-120.24091,47.63639],[-120.24084,47.63677],[-120.2405,47.63717],[-120.24054,47.63759],[-120.24016,47.63807],[-120.24023,47.63928],[-120.23954,47.63981],[-120.23828,47.64023],[-120.23796,47.64071],[-120.23787,47.6412],[-120.23758,47.64163],[-120.23766,47.64194],[-120.23829,47.64246],[-120.23794,47.64292],[-120.23781,47.64393],[-120.23621,47.64469],[-120.2362,47.64495],[-120.23655,47.64539],[-120.2364,47.64573],[-120.2365,47.64605],[-120.23573,47.64672],[-120.2359,47.64711],[-120.23546,47.64744],[-120.23546,47.64781],[-120.23458,47.64798],[-120.23436,47.64818],[-120.23439,47.64878],[-120.23374,47.64942],[-120.23389,47.64986],[-120.23294,47.64997],[-120.23255,47.65019],[-120.23192,47.65091],[-120.23099,47.65088],[-120.23181,47.65124],[-120.23146,47.65191],[-120.2318,47.65304],[-120.23207,47.65319],[-120.23179,47.65428],[-120.23196,47.65457],[-120.23132,47.65473],[-120.23019,47.65449],[-120.23021,47.65497],[-120.22958,47.6554],[-120.22931,47.65578],[-120.22934,47.65623],[-120.22915,47.65643],[-120.22916,47.65656],[-120.23005,47.65656],[-120.23032,47.65784],[-120.22859,47.65892],[-120.22848,47.65924],[-120.2287,47.65982],[-120.22786,47.65982],[-120.22768,47.66023],[-120.22834,47.66007],[-120.22974,47.66016],[-120.23121,47.65942],[-120.23448,47.65904],[-120.23596,47.65927],[-120.23771,47.6601],[-120.23965,47.65948],[-120.24059,47.65967],[-120.24151,47.65937],[-120.24212,47.65951],[-120.24418,47.65933],[-120.24473,47.65956],[-120.24557,47.65948],[-120.24785,47.65987],[-120.24888,47.6597],[-120.24943,47.65911],[-120.24975,47.65715],[-120.24936,47.65601],[-120.24853,47.65549],[-120.24856,47.65509],[-120.24817,47.6544],[-120.24838,47.65432],[-120.25002,47.65526],[-120.2514,47.65536],[-120.2514,47.65566],[-120.25167,47.65603],[-120.25287,47.65719],[-120.25445,47.65723],[-120.25381,47.65849],[-120.25395,47.65909],[-120.25429,47.65923],[-120.25633,47.65934],[-120.25817,47.66007],[-120.25887,47.65986],[-120.25935,47.65934],[-120.25998,47.65986],[-120.26164,47.65969],[-120.26117,47.6607],[-120.2612,47.66084],[-120.262,47.66084],[-120.26172,47.66921],[-120.26042,47.66899],[-120.25884,47.6692],[-120.25752,47.66984],[-120.25699,47.67049],[-120.25634,47.67089],[-120.25622,47.67123],[-120.25546,47.67102],[-120.25394,47.67144],[-120.25394,47.67009],[-120.25415,47.66973],[-120.25422,47.66876],[-120.25443,47.66837],[-120.25412,47.66817],[-120.25357,47.66826],[-120.25325,47.66777],[-120.25324,47.66722],[-120.25263,47.66684],[-120.25043,47.66777],[-120.2499,47.66741],[-120.24915,47.66746],[-120.24857,47.66833],[-120.24845,47.66905],[-120.24882,47.67023],[-120.24862,47.6708],[-120.24769,47.67022],[-120.2466,47.67005],[-120.24592,47.67032],[-120.24555,47.67064],[-120.24554,47.67095],[-120.24491,47.67157],[-120.24422,47.67194],[-120.24394,47.67093],[-120.24367,47.67061],[-120.24364,47.67006],[-120.24388,47.66904],[-120.24464,47.66787],[-120.24471,47.66741],[-120.24436,47.66702],[-120.24377,47.66699],[-120.24226,47.66787],[-120.24049,47.66846],[-120.2396,47.66898],[-120.23806,47.66943],[-120.23676,47.67015],[-120.23599,47.67018],[-120.23537,47.67042],[-120.23507,47.67102],[-120.23522,47.67247],[-120.23618,47.67374],[-120.23631,47.67436],[-120.23714,47.67513],[-120.23709,47.67533],[-120.23619,47.67516],[-120.23574,47.67558],[-120.23514,47.67486],[-120.23393,47.67405],[-120.23305,47.67401],[-120.23205,47.6736],[-120.23147,47.67383],[-120.23103,47.67325],[-120.23039,47.67289],[-120.22907,47.67274],[-120.22874,47.67285],[-120.22854,47.67318],[-120.2281,47.67311],[-120.22686,47.67249],[-120.22678,47.67206],[-120.22633,47.67151],[-120.22559,47.67148],[-120.22491,47.67186],[-120.2238,47.67315],[-120.22321,47.67313],[-120.22283,47.67335],[-120.22253,47.67411],[-120.22262,47.67454],[-120.22247,47.67519],[-120.22156,47.67528],[-120.22117,47.67548],[-120.22027,47.67541],[-120.22002,47.67562],[-120.22002,47.67592],[-120.2204,47.6761],[-120.22032,47.67678],[-120.22093,47.67716],[-120.2215,47.67789],[-120.22139,47.67842],[-120.22186,47.67878],[-120.22272,47.67871],[-120.22285,47.67892],[-120.22277,47.67924],[-120.22225,47.67923],[-120.22148,47.67982],[-120.22111,47.68101],[-120.22179,47.6818],[-120.22061,47.68194],[-120.22034,47.68219],[-120.21992,47.68308],[-120.21892,47.68361],[-120.21874,47.68392],[-120.21915,47.68466],[-120.21892,47.68499],[-120.21918,47.6853],[-120.21784,47.68611],[-120.21797,47.68632],[-120.2199,47.68648],[-120.21894,47.68697],[-120.21888,47.68744],[-120.21838,47.68797],[-120.21845,47.68822],[-120.2182,47.68859],[-120.21832,47.68893],[-120.21993,47.6909],[-120.21797,47.69069],[-120.21553,47.68987],[-120.21435,47.69035],[-120.21396,47.69094],[-120.21415,47.69145],[-120.21461,47.69184],[-120.21447,47.69214],[-120.21542,47.69243],[-120.21541,47.69276],[-120.21617,47.69345],[-120.21696,47.69488],[-120.21701,47.6958],[-120.21724,47.69649],[-120.21716,47.69705],[-120.21662,47.69796],[-120.21662,47.69843],[-120.21628,47.6987],[-120.21636,47.69906],[-120.21695,47.69946],[-120.21872,47.70011],[-120.21932,47.70049],[-120.21914,47.70124],[-120.21945,47.70184],[-120.21945,47.70238],[-120.21916,47.70277],[-120.21896,47.70402],[-120.21961,47.70437],[-120.2197,47.70476],[-120.21905,47.70552],[-120.21737,47.70602],[-120.21802,47.70732],[-120.21657,47.70788],[-120.21644,47.70825],[-120.217,47.70894],[-120.21744,47.7092],[-120.21831,47.70954],[-120.21932,47.70945],[-120.21961,47.70975],[-120.21957,47.7101],[-120.22054,47.71067],[-120.2206,47.71114],[-120.22106,47.71153],[-120.22201,47.71165],[-120.22219,47.71189],[-120.22294,47.71199],[-120.22429,47.71293],[-120.22431,47.71349],[-120.22486,47.71388],[-120.22488,47.71413],[-120.22559,47.71518],[-120.22592,47.71655],[-120.22582,47.7168],[-120.22623,47.71715],[-120.22657,47.71776],[-120.22764,47.71823],[-120.22889,47.71941],[-120.23204,47.72159],[-120.23207,47.72185],[-120.23241,47.72204],[-120.23448,47.72236],[-120.2324,47.72432],[-120.23235,47.72456],[-120.23261,47.7252],[-120.232,47.72604],[-120.23241,47.72633],[-120.23559,47.72682],[-120.23712,47.72735],[-120.23574,47.72765],[-120.23275,47.7288],[-120.23164,47.72941],[-120.23106,47.73006],[-120.23141,47.73063],[-120.23115,47.73084],[-120.23109,47.73117],[-120.23149,47.73172],[-120.23116,47.73207],[-120.23109,47.73253],[-120.23168,47.73371],[-120.23212,47.73407],[-120.23207,47.73466],[-120.23234,47.73512],[-120.23445,47.73531],[-120.23532,47.73558],[-120.23468,47.73596],[-120.23471,47.73631],[-120.23601,47.73709],[-120.23701,47.73801],[-120.2374,47.73814],[-120.23769,47.73901],[-120.23541,47.73798],[-120.23302,47.73735],[-120.23234,47.7376],[-120.23194,47.73812],[-120.23123,47.73866],[-120.22879,47.73648],[-120.22823,47.7357],[-120.22747,47.73523],[-120.22696,47.73517],[-120.2258,47.7359],[-120.22565,47.73625],[-120.22571,47.7375],[-120.22533,47.73781],[-120.2251,47.73888],[-120.22548,47.73911],[-120.22584,47.7399],[-120.22511,47.74202],[-120.22312,47.74215],[-120.22231,47.74265],[-120.22221,47.74302],[-120.22228,47.74437],[-120.22344,47.7449],[-120.22342,47.74561],[-120.22317,47.74577],[-120.22303,47.74613],[-120.22231,47.74641],[-120.22236,47.74692],[-120.22336,47.7474],[-120.22366,47.74787],[-120.22475,47.74817],[-120.22456,47.74854],[-120.22486,47.74901],[-120.22423,47.74927],[-120.22394,47.74962],[-120.22469,47.75081],[-120.22564,47.75116],[-120.22592,47.75145],[-120.22766,47.75238],[-120.22833,47.75256],[-120.22864,47.75292],[-120.23133,47.75388],[-120.23162,47.75423],[-120.23276,47.75471],[-120.23294,47.75515],[-120.23363,47.75574],[-120.23299,47.75575],[-120.23262,47.75547],[-120.23019,47.75463],[-120.22725,47.75454],[-120.22701,47.7548],[-120.22681,47.75561],[-120.22707,47.75725],[-120.22675,47.75716],[-120.22618,47.75624],[-120.22587,47.75606],[-120.22562,47.75528],[-120.22524,47.75492],[-120.22345,47.75418],[-120.2224,47.754],[-120.22097,47.75402],[-120.21966,47.75461],[-120.21961,47.75398],[-120.21945,47.75393],[-120.21834,47.75456],[-120.21828,47.75424],[-120.21852,47.75339],[-120.21808,47.75214],[-120.2178,47.75194],[-120.21672,47.75187],[-120.21608,47.7521],[-120.21443,47.75358],[-120.21466,47.75427],[-120.21405,47.75486],[-120.21411,47.75527],[-120.21314,47.75549],[-120.2121,47.75621],[-120.21206,47.75644],[-120.21163,47.7566],[-120.21045,47.75752],[-120.21056,47.75851],[-120.20919,47.7586],[-120.20837,47.7584],[-120.20719,47.75871],[-120.20618,47.75934],[-120.20593,47.75962],[-120.20584,47.76012],[-120.20521,47.76047],[-120.20473,47.76051],[-120.20417,47.76086],[-120.20323,47.76098],[-120.2022,47.76147],[-120.20221,47.76161],[-120.20364,47.76256],[-120.20503,47.76216],[-120.20619,47.76239],[-120.20559,47.76298],[-120.20566,47.76329],[-120.20674,47.76413],[-120.20871,47.76404],[-120.21207,47.7642],[-120.21159,47.76457],[-120.21025,47.7649],[-120.20977,47.76525],[-120.21122,47.76614],[-120.21158,47.76685],[-120.21234,47.76717],[-120.21178,47.76766],[-120.2122,47.76827],[-120.21522,47.76961],[-120.21586,47.77034],[-120.21679,47.77098],[-120.21589,47.77072],[-120.21512,47.77084],[-120.2151,47.77049],[-120.21465,47.77004],[-120.21053,47.76891],[-120.21024,47.76893],[-120.20995,47.76949],[-120.20955,47.76986],[-120.2094,47.76984],[-120.20928,47.76902],[-120.20873,47.76799],[-120.20788,47.76741],[-120.20688,47.76736],[-120.20578,47.76769],[-120.20497,47.76822],[-120.205,47.76769],[-120.20428,47.76703],[-120.20328,47.76661],[-120.20235,47.76666],[-120.20181,47.7663],[-120.20068,47.76588],[-120.19932,47.76628],[-120.19876,47.76694],[-120.19853,47.76677],[-120.19848,47.76576],[-120.19783,47.76594],[-120.19778,47.76565],[-120.19731,47.76565],[-120.19681,47.76525],[-120.19624,47.76525],[-120.19583,47.76471],[-120.19451,47.76474],[-120.19343,47.76449],[-120.19382,47.76387],[-120.19373,47.76371],[-120.19154,47.76388],[-120.18939,47.76449],[-120.18861,47.76498],[-120.18731,47.76494],[-120.18655,47.76529],[-120.18681,47.76573],[-120.18719,47.76584],[-120.1895,47.76827],[-120.19114,47.76856],[-120.19299,47.76979],[-120.19308,47.76992],[-120.19285,47.77042],[-120.19339,47.77113],[-120.19341,47.77147],[-120.19328,47.77151],[-120.19302,47.77111],[-120.19201,47.77053],[-120.19194,47.76993],[-120.19078,47.76948],[-120.18964,47.77],[-120.18862,47.77003],[-120.18831,47.77024],[-120.18835,47.77045],[-120.18746,47.77084],[-120.18708,47.77182],[-120.18619,47.77256],[-120.18645,47.77316],[-120.18757,47.77438],[-120.18731,47.77478],[-120.18679,47.7751],[-120.18727,47.77621],[-120.18661,47.77651],[-120.18619,47.77701],[-120.18723,47.77841],[-120.18664,47.77868],[-120.18611,47.77995],[-120.18644,47.78077],[-120.18627,47.78127],[-120.18709,47.78193],[-120.18665,47.7824],[-120.18686,47.78288],[-120.18686,47.78365],[-120.1872,47.78425],[-120.18882,47.78565],[-120.18868,47.78615],[-120.18879,47.78669],[-120.18994,47.78718],[-120.19016,47.78795],[-120.19069,47.78892],[-120.19066,47.78924],[-120.1909,47.78967],[-120.19036,47.78977],[-120.19012,47.79046],[-120.19045,47.79112],[-120.18998,47.79153],[-120.19014,47.79223],[-120.1926,47.79405],[-120.19523,47.79537],[-120.19545,47.79649],[-120.1969,47.79673],[-120.19726,47.79731],[-120.19697,47.79742],[-120.19673,47.79777],[-120.19603,47.7979],[-120.19592,47.79753],[-120.19568,47.79732],[-120.19453,47.79688],[-120.19285,47.79704],[-120.19263,47.79682],[-120.19143,47.7964],[-120.1913,47.79609],[-120.19061,47.79552],[-120.18997,47.79524],[-120.18989,47.79497],[-120.18927,47.79469],[-120.18871,47.79466],[-120.18832,47.7942],[-120.18903,47.79356],[-120.18907,47.7933],[-120.18892,47.79312],[-120.18803,47.7924],[-120.18724,47.79222],[-120.1871,47.79172],[-120.18557,47.79108],[-120.18528,47.79036],[-120.18465,47.7898],[-120.18436,47.78906],[-120.18282,47.78786],[-120.18302,47.78751],[-120.18301,47.78707],[-120.18255,47.7864],[-120.18212,47.78626],[-120.18236,47.78572],[-120.18229,47.78486],[-120.18197,47.78444],[-120.18045,47.78367],[-120.18115,47.78277],[-120.18093,47.78245],[-120.18004,47.78192],[-120.18102,47.78064],[-120.18066,47.78017],[-120.18074,47.77965],[-120.18063,47.77945],[-120.18114,47.77886],[-120.18167,47.77757],[-120.18046,47.77602],[-120.18099,47.77444],[-120.18062,47.77433],[-120.1785,47.77481],[-120.17764,47.77525],[-120.17771,47.77455],[-120.17854,47.77312],[-120.17879,47.77215],[-120.17835,47.77166],[-120.17769,47.77154],[-120.17708,47.77111],[-120.17603,47.77095],[-120.17584,47.77065],[-120.17547,47.77057],[-120.17589,47.76983],[-120.17469,47.7701],[-120.17348,47.77086],[-120.1715,47.77142],[-120.16941,47.77234],[-120.16793,47.7721],[-120.16761,47.77218],[-120.16443,47.7731],[-120.16375,47.77336],[-120.16299,47.77398],[-120.16015,47.77481],[-120.15966,47.77567],[-120.16065,47.7763],[-120.15877,47.77643],[-120.15822,47.77722],[-120.15739,47.77707],[-120.15683,47.77742],[-120.15465,47.77788],[-120.15418,47.77731],[-120.15454,47.77664],[-120.15409,47.77637],[-120.15267,47.77628],[-120.15224,47.7761],[-120.15169,47.77621],[-120.15169,47.77694],[-120.15128,47.77673],[-120.15095,47.77675],[-120.15049,47.7773],[-120.14987,47.77736],[-120.14979,47.7778],[-120.14955,47.77803],[-120.14887,47.77824],[-120.14735,47.77834],[-120.14745,47.7792],[-120.147,47.77923],[-120.14543,47.77999],[-120.14332,47.7816],[-120.14327,47.78206],[-120.14351,47.78257],[-120.14414,47.78305],[-120.14428,47.78369],[-120.14216,47.78415],[-120.14253,47.78481],[-120.14314,47.7853],[-120.14324,47.7858],[-120.14267,47.78624],[-120.14252,47.78663],[-120.14399,47.7877],[-120.14421,47.78808],[-120.14364,47.78841],[-120.1436,47.78882],[-120.14456,47.79023],[-120.1449,47.7905],[-120.14493,47.79087],[-120.14534,47.79115],[-120.14487,47.79124],[-120.14494,47.79167],[-120.1446,47.79152],[-120.14418,47.79167],[-120.14257,47.79103],[-120.14219,47.79056],[-120.14074,47.79044],[-120.14048,47.7899],[-120.13986,47.78992],[-120.13945,47.78968],[-120.13959,47.78924],[-120.13936,47.78885],[-120.1392,47.78886],[-120.13777,47.79048],[-120.13847,47.79152],[-120.13744,47.79171],[-120.13718,47.79194],[-120.13753,47.7934],[-120.1363,47.79336],[-120.13571,47.79388],[-120.13533,47.79448],[-120.13543,47.79504],[-120.13518,47.79516],[-120.13504,47.79567],[-120.13617,47.7965],[-120.13419,47.7971],[-120.13358,47.79784],[-120.13359,47.79852],[-120.13286,47.79867],[-120.13256,47.79896],[-120.13231,47.79876],[-120.13188,47.79892],[-120.13163,47.79876],[-120.13116,47.79883],[-120.13081,47.7986],[-120.1308,47.79799],[-120.13019,47.7974],[-120.1302,47.79686],[-120.12986,47.79662],[-120.12989,47.7956],[-120.13096,47.79439],[-120.13112,47.7938],[-120.13096,47.79361],[-120.1305,47.79362],[-120.12969,47.79392],[-120.12945,47.79356],[-120.13059,47.79237],[-120.13041,47.79172],[-120.13015,47.7915],[-120.13099,47.79124],[-120.13091,47.79098],[-120.13043,47.7907],[-120.13207,47.79044],[-120.13226,47.79004],[-120.1318,47.78955],[-120.13199,47.78916],[-120.13346,47.78824],[-120.13593,47.78592],[-120.13619,47.78436],[-120.13518,47.78432],[-120.13456,47.78406],[-120.13571,47.78263],[-120.13558,47.78227],[-120.13483,47.7818],[-120.13538,47.78144],[-120.13584,47.78081],[-120.13568,47.78052],[-120.13521,47.78056],[-120.13433,47.78098],[-120.13354,47.78077],[-120.13285,47.78111],[-120.1313,47.7806],[-120.12865,47.78092],[-120.12665,47.78139],[-120.12589,47.7819],[-120.12573,47.78182],[-120.12579,47.78142],[-120.12554,47.78126],[-120.12346,47.78147],[-120.12134,47.78107],[-120.12076,47.78123],[-120.12135,47.78209],[-120.12125,47.78283],[-120.12039,47.78276],[-120.11956,47.78294],[-120.11825,47.78373],[-120.11779,47.78447],[-120.11733,47.78426],[-120.1164,47.78421],[-120.11624,47.78394],[-120.115,47.78351],[-120.11458,47.7836],[-120.11403,47.78396],[-120.11348,47.78498],[-120.11429,47.78666],[-120.11421,47.78713],[-120.11447,47.78758],[-120.1144,47.78805],[-120.11489,47.78894],[-120.11484,47.78907],[-120.11322,47.78852],[-120.11272,47.78857],[-120.11103,47.78796],[-120.10978,47.78896],[-120.10963,47.78855],[-120.1096,47.78744],[-120.10902,47.78693],[-120.10845,47.78673],[-120.10701,47.78674],[-120.10677,47.78654],[-120.10631,47.78655],[-120.10664,47.78822],[-120.10664,47.79041],[-120.10598,47.79126],[-120.106,47.79144],[-120.10561,47.79152],[-120.10522,47.79214],[-120.10487,47.791],[-120.10503,47.79036],[-120.10487,47.78997],[-120.10398,47.7893],[-120.10397,47.78886],[-120.10313,47.78848],[-120.10273,47.78792],[-120.10228,47.78782],[-120.10163,47.78861],[-120.10112,47.78883],[-120.101,47.78878],[-120.10115,47.78818],[-120.10009,47.78695],[-120.09908,47.78692],[-120.0977,47.78759],[-120.09814,47.7868],[-120.09892,47.78609],[-120.09968,47.78574],[-120.1011,47.78557],[-120.10181,47.78531],[-120.10343,47.7839],[-120.10483,47.78339],[-120.10439,47.78309],[-120.10492,47.78169],[-120.10544,47.78088],[-120.10535,47.78067],[-120.10469,47.78094],[-120.10427,47.78074],[-120.10323,47.78107],[-120.10233,47.78165],[-120.10195,47.78216],[-120.10106,47.78265],[-120.10017,47.78261],[-120.09972,47.78307],[-120.09929,47.78254],[-120.09801,47.78275],[-120.09818,47.7822],[-120.09806,47.7821],[-120.09833,47.78178],[-120.0982,47.78145],[-120.09844,47.78091],[-120.09812,47.7806],[-120.09749,47.7805],[-120.09695,47.78015],[-120.09564,47.78061],[-120.0952,47.78104],[-120.0941,47.78122],[-120.09354,47.78094],[-120.09312,47.78109],[-120.0923,47.78202],[-120.09188,47.78297],[-120.09197,47.78332],[-120.09144,47.78303],[-120.09138,47.78258],[-120.09094,47.7823],[-120.09083,47.78064],[-120.09025,47.77986],[-120.08897,47.77923],[-120.08854,47.77927],[-120.08789,47.77972],[-120.08686,47.77887],[-120.08633,47.77875],[-120.08438,47.77881],[-120.08371,47.7791],[-120.08321,47.77903],[-120.08271,47.77931],[-120.07952,47.779],[-120.07702,47.77911],[-120.07659,47.77894],[-120.07533,47.7789],[-120.07323,47.77922],[-120.07271,47.7798],[-120.07315,47.78055],[-120.07424,47.78145],[-120.07527,47.78205],[-120.07693,47.78255],[-120.07791,47.78306],[-120.07812,47.78327],[-120.07804,47.7836],[-120.07851,47.78484],[-120.07878,47.78508],[-120.07786,47.78555],[-120.07793,47.78684],[-120.0776,47.78763],[-120.07737,47.78655],[-120.07702,47.78611],[-120.07705,47.78591],[-120.0766,47.78547],[-120.07668,47.78477],[-120.07634,47.78431],[-120.07477,47.78424],[-120.074,47.78468],[-120.07349,47.78438],[-120.07294,47.78437],[-120.07246,47.78407],[-120.071,47.78397],[-120.07014,47.78466],[-120.07023,47.78548],[-120.0707,47.78585],[-120.0708,47.78624],[-120.07073,47.78648],[-120.07053,47.78656],[-120.07041,47.78702],[-120.07078,47.78771],[-120.07057,47.78864],[-120.07004,47.78774],[-120.06935,47.78732],[-120.06905,47.78679],[-120.0687,47.78661],[-120.06815,47.78668],[-120.06779,47.7861],[-120.06714,47.78575],[-120.06739,47.78418],[-120.06729,47.78379],[-120.06769,47.78338],[-120.06799,47.78234],[-120.06788,47.78195],[-120.06714,47.78186],[-120.06673,47.78159],[-120.06548,47.78168],[-120.06559,47.78116],[-120.06538,47.78083],[-120.06408,47.78089],[-120.064,47.78033],[-120.06372,47.78009],[-120.06365,47.77962],[-120.06334,47.77918],[-120.063,47.77916],[-120.06226,47.77946],[-120.06175,47.7794],[-120.06148,47.77987],[-120.06117,47.78004],[-120.06118,47.77974],[-120.06093,47.77956],[-120.06142,47.77898],[-120.06203,47.77881],[-120.06224,47.77822],[-120.06049,47.77766],[-120.05936,47.77756],[-120.05878,47.77778],[-120.05731,47.77767],[-120.05705,47.77781],[-120.0561,47.77763],[-120.05447,47.77785],[-120.05427,47.77781],[-120.05432,47.77751],[-120.05399,47.77735],[-120.0531,47.77734],[-120.0525,47.77752],[-120.05238,47.77732],[-120.05209,47.77728],[-120.05136,47.77753],[-120.05083,47.77751],[-120.05033,47.77785],[-120.04996,47.77829],[-120.04991,47.77867],[-120.05067,47.77869],[-120.05142,47.77969],[-120.0514,47.78035],[-120.05073,47.7813],[-120.0508,47.78175],[-120.05057,47.78213],[-120.05073,47.78268],[-120.05111,47.78298],[-120.05176,47.7839],[-120.05173,47.78418],[-120.05131,47.78475],[-120.05098,47.78401],[-120.05033,47.78362],[-120.049,47.78385],[-120.04915,47.78321],[-120.04883,47.78313],[-120.04883,47.78282],[-120.04863,47.78255],[-120.04881,47.78169],[-120.04865,47.78092],[-120.04873,47.78054],[-120.04796,47.78045],[-120.04624,47.77945],[-120.04566,47.77904],[-120.0454,47.77841],[-120.04499,47.77829],[-120.04304,47.77893],[-120.04206,47.78003],[-120.04103,47.78059],[-120.042,47.78148],[-120.04186,47.78167],[-120.04201,47.78195],[-120.04193,47.78272],[-120.04077,47.78206],[-120.03771,47.78233],[-120.03729,47.78213],[-120.03733,47.78143],[-120.03631,47.78099],[-120.03493,47.78186],[-120.03439,47.78246],[-120.03417,47.78311],[-120.03335,47.78379],[-120.03283,47.78453],[-120.0321,47.78506],[-120.03194,47.78564],[-120.03157,47.78584],[-120.03122,47.78527],[-120.03126,47.78488],[-120.03163,47.78436],[-120.03108,47.78414],[-120.03077,47.78431],[-120.03049,47.7842],[-120.03031,47.7836],[-120.03046,47.78294],[-120.03009,47.78185],[-120.02988,47.78163],[-120.02938,47.78158],[-120.02756,47.7819],[-120.02671,47.78224],[-120.02551,47.7832],[-120.02517,47.78323],[-120.02381,47.78399],[-120.02369,47.7842],[-120.02327,47.78436],[-120.0231,47.78472],[-120.02194,47.78484],[-120.02135,47.78513],[-120.02064,47.78591],[-120.01966,47.78647],[-120.00711,47.76713],[-120.0077,47.76698],[-120.00821,47.76723],[-120.00836,47.76751],[-120.00909,47.76766],[-120.01131,47.76734],[-120.01339,47.76733],[-120.01504,47.76774],[-120.01511,47.76794],[-120.01623,47.76832],[-120.01961,47.76788],[-120.02018,47.76769],[-120.02099,47.76776],[-120.02137,47.76802],[-120.02275,47.76754],[-120.02441,47.76765],[-120.02561,47.76704],[-120.02544,47.76672],[-120.02558,47.76585],[-120.02495,47.76542],[-120.02432,47.76438],[-120.0239,47.76427],[-120.02333,47.76437],[-120.02309,47.76418],[-120.02216,47.76436],[-120.02235,47.76393],[-120.02237,47.76314],[-120.02191,47.76253],[-120.02142,47.7624],[-120.0216,47.76197],[-120.02136,47.76163],[-120.0216,47.76116],[-120.02121,47.76065],[-120.02138,47.76046],[-120.02125,47.76012],[-120.02153,47.75993],[-120.02138,47.75964],[-120.0228,47.75994],[-120.02319,47.76043],[-120.0232,47.76138],[-120.02405,47.76168],[-120.02486,47.76233],[-120.0257,47.7623],[-120.02719,47.76264],[-120.0285,47.7627],[-120.02964,47.76329],[-120.03022,47.76293],[-120.03025,47.76198],[-120.03038,47.76194],[-120.03094,47.76238],[-120.03132,47.76242],[-120.03192,47.76304],[-120.03265,47.76288],[-120.0327,47.76411],[-120.03252,47.76489],[-120.03278,47.76508],[-120.03614,47.7641],[-120.03676,47.76349],[-120.03681,47.76275],[-120.03863,47.76227],[-120.03879,47.76213],[-120.03873,47.76186],[-120.0401,47.7613],[-120.04033,47.76074],[-120.04192,47.76016],[-120.04272,47.75941],[-120.04402,47.75913],[-120.04438,47.75874],[-120.04546,47.75836],[-120.04661,47.7584],[-120.04661,47.75784],[-120.0461,47.7573],[-120.04456,47.75646],[-120.04396,47.75645],[-120.04328,47.75615],[-120.04138,47.75585],[-120.04042,47.755],[-120.04021,47.75447],[-120.04115,47.75472],[-120.04282,47.75479],[-120.04368,47.75438],[-120.04489,47.7544],[-120.04595,47.75408],[-120.0467,47.75422],[-120.04865,47.75346],[-120.04912,47.75409],[-120.04984,47.75398],[-120.04991,47.75464],[-120.05008,47.75482],[-120.0506,47.75482],[-120.05247,47.75567],[-120.05337,47.75536],[-120.0537,47.75575],[-120.05464,47.75563],[-120.05546,47.75587],[-120.05604,47.75586],[-120.05656,47.75575],[-120.05682,47.75552],[-120.05834,47.75553],[-120.05924,47.75508],[-120.05955,47.75507],[-120.06082,47.75429],[-120.06086,47.75255],[-120.06044,47.75214],[-120.06127,47.75139],[-120.06117,47.75093],[-120.06147,47.75063],[-120.06146,47.75022],[-120.06201,47.74954],[-120.06236,47.74973],[-120.06261,47.75027],[-120.063,47.75042],[-120.06344,47.75092],[-120.06404,47.75217],[-120.06532,47.75262],[-120.06595,47.75321],[-120.06603,47.75304],[-120.06579,47.75277],[-120.06591,47.75245],[-120.06719,47.7514],[-120.06745,47.75091],[-120.06781,47.75077],[-120.06778,47.75058],[-120.06993,47.74876],[-120.07167,47.74824],[-120.07209,47.74793],[-120.07266,47.74838],[-120.07277,47.74974],[-120.07257,47.75018],[-120.07214,47.75045],[-120.0712,47.75156],[-120.07115,47.75219],[-120.07119,47.75289],[-120.07148,47.75344],[-120.0715,47.75425],[-120.07174,47.75453],[-120.07163,47.75557],[-120.07224,47.75581],[-120.0747,47.75546],[-120.07528,47.75487],[-120.07609,47.75461],[-120.07615,47.75522],[-120.07656,47.7555],[-120.07725,47.7554],[-120.07745,47.75563],[-120.0774,47.75587],[-120.07791,47.75598],[-120.07972,47.75447],[-120.08036,47.75337],[-120.08096,47.75304],[-120.08108,47.75337],[-120.08142,47.7533],[-120.08251,47.75259],[-120.08289,47.75214],[-120.08311,47.75231],[-120.08298,47.75296],[-120.08393,47.75301],[-120.08274,47.75463],[-120.08266,47.75576],[-120.083,47.75583],[-120.08331,47.75555],[-120.08448,47.75507],[-120.08434,47.75566],[-120.08462,47.75592],[-120.08464,47.75643],[-120.08477,47.75651],[-120.08767,47.75612],[-120.08766,47.7563],[-120.08676,47.75726],[-120.08672,47.75787],[-120.0872,47.75846],[-120.0879,47.7581],[-120.08891,47.75853],[-120.08941,47.75828],[-120.09091,47.7585],[-120.09134,47.75829],[-120.09198,47.75834],[-120.09215,47.75822],[-120.09273,47.75852],[-120.09337,47.75854],[-120.09355,47.75824],[-120.09386,47.75817],[-120.09451,47.75759],[-120.09494,47.75701],[-120.09515,47.75664],[-120.0951,47.75621],[-120.09577,47.75635],[-120.09657,47.75721],[-120.09692,47.75735],[-120.09882,47.75611],[-120.09916,47.7552],[-120.09915,47.75463],[-120.09893,47.75441],[-120.09845,47.75432],[-120.09947,47.75312],[-120.09967,47.75239],[-120.09953,47.75213],[-120.0996,47.75164],[-120.10016,47.75171],[-120.10057,47.7514],[-120.10067,47.75242],[-120.10114,47.75284],[-120.10118,47.75377],[-120.10149,47.75415],[-120.10194,47.75436],[-120.10199,47.7546],[-120.10281,47.75534],[-120.10382,47.75598],[-120.10408,47.75694],[-120.10428,47.75717],[-120.10424,47.7578],[-120.10457,47.75789],[-120.10578,47.75767],[-120.10689,47.75633],[-120.10687,47.75556],[-120.10659,47.75523],[-120.10666,47.75489],[-120.10752,47.75525],[-120.10814,47.75573],[-120.1084,47.75578],[-120.10864,47.75564],[-120.10951,47.75607],[-120.10972,47.75606],[-120.10995,47.75578],[-120.10991,47.75532],[-120.11017,47.75495],[-120.11059,47.75531],[-120.11109,47.75522],[-120.11129,47.75558],[-120.11161,47.75569],[-120.11294,47.75552],[-120.11363,47.75492],[-120.11341,47.75408],[-120.11393,47.75407],[-120.11452,47.75436],[-120.11498,47.75438],[-120.11559,47.75474],[-120.11644,47.75488],[-120.11688,47.7547],[-120.1169,47.75418],[-120.11706,47.75409],[-120.11778,47.75428],[-120.11842,47.75395],[-120.12016,47.75372],[-120.12079,47.7533],[-120.1207,47.753],[-120.12094,47.75256],[-120.12162,47.75303],[-120.12237,47.75315],[-120.12452,47.75257],[-120.12504,47.75226],[-120.12659,47.75222],[-120.12938,47.7515],[-120.13007,47.75155],[-120.13085,47.75137],[-120.13122,47.75112],[-120.13129,47.75042],[-120.13149,47.75024],[-120.13174,47.75042],[-120.13256,47.75048],[-120.13235,47.74972],[-120.13343,47.74999],[-120.13376,47.7495],[-120.13406,47.74963],[-120.13487,47.74948],[-120.13641,47.74967],[-120.13675,47.74945],[-120.13722,47.74945],[-120.1379,47.74915],[-120.13783,47.7486],[-120.13847,47.74858],[-120.13897,47.74794],[-120.13959,47.74751],[-120.14052,47.74717],[-120.14165,47.74726],[-120.14202,47.74699],[-120.14202,47.74683],[-120.14298,47.74685],[-120.14453,47.74593],[-120.14566,47.74579],[-120.14583,47.74535],[-120.14554,47.74478],[-120.14469,47.74412],[-120.14371,47.74396],[-120.14264,47.74426],[-120.14353,47.74319],[-120.1435,47.743],[-120.14276,47.74255],[-120.14265,47.74177],[-120.14334,47.74184],[-120.14338,47.74146],[-120.14426,47.74189],[-120.14573,47.74166],[-120.14592,47.74144],[-120.14592,47.74104],[-120.14533,47.74063],[-120.14596,47.74018],[-120.14735,47.73967],[-120.14732,47.73924],[-120.14754,47.73899],[-120.14753,47.73792],[-120.14647,47.73723],[-120.14694,47.73711],[-120.1482,47.73632],[-120.14829,47.73597],[-120.14779,47.7354],[-120.14789,47.73503],[-120.1477,47.73477],[-120.1474,47.73454],[-120.1464,47.73426],[-120.14646,47.73373],[-120.1468,47.73331],[-120.14671,47.73291],[-120.15062,47.73397],[-120.15266,47.73507],[-120.15349,47.73481],[-120.15416,47.73536],[-120.15507,47.73546],[-120.15598,47.73529],[-120.15607,47.73554],[-120.15644,47.73573],[-120.15821,47.73562],[-120.16072,47.735],[-120.16117,47.73474],[-120.16112,47.73443],[-120.16215,47.73413],[-120.16243,47.73356],[-120.16296,47.73319],[-120.16317,47.73275],[-120.16313,47.73231],[-120.16285,47.73201],[-120.16327,47.7317],[-120.16296,47.73136],[-120.16291,47.73098],[-120.16312,47.73101],[-120.16337,47.73139],[-120.16422,47.73176],[-120.16486,47.73169],[-120.16525,47.73128],[-120.16621,47.73133],[-120.1666,47.73114],[-120.16679,47.73073],[-120.16648,47.72998],[-120.16727,47.72917],[-120.16732,47.72847],[-120.16703,47.7278],[-120.16631,47.72751],[-120.16628,47.72735],[-120.16898,47.72735],[-120.16937,47.72696],[-120.17092,47.72602],[-120.1708,47.72532],[-120.1723,47.72474],[-120.17212,47.72432],[-120.17185,47.7242],[-120.17304,47.72341],[-120.17218,47.72298],[-120.17276,47.72276],[-120.17256,47.72221],[-120.17352,47.72179],[-120.17366,47.72116],[-120.17401,47.72094],[-120.17431,47.72021],[-120.17469,47.71991],[-120.17434,47.71947],[-120.17361,47.71927],[-120.17502,47.71887],[-120.17497,47.71832],[-120.17571,47.7177],[-120.17577,47.71748],[-120.17568,47.7171],[-120.17527,47.71655],[-120.17598,47.71572],[-120.17651,47.71581],[-120.17679,47.71565],[-120.17692,47.7152],[-120.17665,47.71431],[-120.17836,47.71317],[-120.17827,47.71299],[-120.17695,47.71257],[-120.17596,47.71269],[-120.17522,47.71242],[-120.1739,47.71228],[-120.17119,47.71166],[-120.1757,47.71164],[-120.17712,47.71136],[-120.17805,47.71139],[-120.17899,47.7111],[-120.18003,47.711],[-120.18179,47.71046],[-120.18247,47.70993],[-120.18273,47.70917],[-120.18228,47.70854],[-120.18179,47.70831],[-120.18299,47.70817],[-120.18397,47.70772],[-120.18524,47.70661],[-120.18521,47.70604],[-120.18586,47.70526],[-120.18532,47.70505],[-120.18371,47.70501],[-120.18255,47.7044],[-120.18125,47.70424],[-120.1794,47.70327],[-120.17989,47.70321],[-120.18129,47.70354],[-120.18442,47.70342],[-120.18568,47.70254],[-120.1869,47.70211],[-120.18712,47.70139],[-120.18802,47.70076],[-120.18792,47.70008],[-120.18749,47.69979],[-120.18729,47.6994],[-120.18585,47.69851],[-120.18773,47.69779],[-120.18803,47.69731],[-120.18779,47.69661],[-120.18641,47.69573],[-120.18705,47.69539],[-120.18578,47.69419],[-120.18592,47.69345],[-120.18382,47.69325],[-120.18327,47.69339],[-120.18067,47.69336],[-120.17956,47.6935],[-120.17937,47.69331],[-120.1809,47.6928],[-120.18131,47.69215],[-120.18295,47.6918],[-120.184,47.69118],[-120.18451,47.69055],[-120.1857,47.68989],[-120.18606,47.68866],[-120.1864,47.68819],[-120.186,47.68802],[-120.18541,47.68722],[-120.185,47.68706],[-120.18621,47.68592],[-120.1861,47.68548],[-120.189,47.68304],[-120.19005,47.68139],[-120.19049,47.68114],[-120.19259,47.68074],[-120.19294,47.68021],[-120.19367,47.67982],[-120.1939,47.67946],[-120.1945,47.6791],[-120.19406,47.67866],[-120.19258,47.67805],[-120.19179,47.67825],[-120.19075,47.67821],[-120.18766,47.67876],[-120.18712,47.6782],[-120.18634,47.67795],[-120.18543,47.67719],[-120.1844,47.67718],[-120.18361,47.67757],[-120.18205,47.67746],[-120.18323,47.67712],[-120.18477,47.67634],[-120.18565,47.67568],[-120.18592,47.67511],[-120.18653,47.67577],[-120.18732,47.67589],[-120.18851,47.67572],[-120.19025,47.67497],[-120.1924,47.6748],[-120.19337,47.6744],[-120.1935,47.67421],[-120.19311,47.67375],[-120.19349,47.67233],[-120.19417,47.67077],[-120.1942,47.67034],[-120.19503,47.66998],[-120.19695,47.66988],[-120.19931,47.66807],[-120.19841,47.66715],[-120.19773,47.66719],[-120.19727,47.66671],[-120.19689,47.66656],[-120.19592,47.66648],[-120.19432,47.66663],[-120.19393,47.66648],[-120.19484,47.6658],[-120.19635,47.66519],[-120.19837,47.665],[-120.19867,47.6648],[-120.19857,47.66447],[-120.1983,47.66424],[-120.19752,47.66407],[-120.19948,47.66388],[-120.20001,47.66355],[-120.20013,47.66331],[-120.19973,47.66222],[-120.19988,47.66184],[-120.19915,47.66141],[-120.19818,47.66147],[-120.19798,47.6601],[-120.19778,47.65985],[-120.19809,47.65964],[-120.19826,47.65896],[-120.19801,47.65839],[-120.19882,47.65824],[-120.19908,47.65767],[-120.19905,47.65739],[-120.19868,47.65724],[-120.1991,47.6569],[-120.19904,47.65599],[-120.19865,47.65555],[-120.19774,47.65538],[-120.19683,47.65495],[-120.19675,47.65485],[-120.19709,47.65451],[-120.19663,47.65402],[-120.1963,47.65393],[-120.19672,47.65353],[-120.19661,47.65307],[-120.19567,47.6527],[-120.19694,47.65267],[-120.19759,47.65317],[-120.19794,47.65383],[-120.19857,47.65407],[-120.19941,47.65387],[-120.20122,47.65426],[-120.20275,47.65413],[-120.20333,47.65339],[-120.20382,47.65317],[-120.20407,47.65256],[-120.20441,47.65228],[-120.20431,47.6519],[-120.20391,47.65164],[-120.20459,47.65095],[-120.20428,47.65067],[-120.20314,47.65034],[-120.2036,47.65008],[-120.20348,47.64889],[-120.2037,47.64834],[-120.20337,47.64786],[-120.20247,47.64735],[-120.20308,47.64714],[-120.20427,47.64715],[-120.20539,47.64694],[-120.20577,47.64653],[-120.20498,47.64601],[-120.20353,47.64555],[-120.20296,47.64556],[-120.203,47.64519],[-120.20345,47.6444],[-120.20383,47.6442],[-120.20379,47.64395],[-120.20239,47.64312],[-120.20397,47.64283],[-120.20465,47.64247],[-120.20499,47.64152],[-120.20578,47.64115],[-120.20593,47.64069],[-120.20677,47.64031],[-120.20677,47.63991],[-120.2074,47.63948],[-120.20751,47.63929],[-120.20739,47.63831],[-120.20635,47.63755],[-120.20692,47.63728],[-120.20701,47.63709],[-120.20807,47.63698],[-120.20795,47.63674],[-120.20812,47.63628],[-120.20933,47.63621],[-120.20977,47.63584],[-120.20971,47.63565],[-120.21017,47.63481],[-120.21073,47.63436],[-120.21107,47.63376],[-120.21096,47.63325],[-120.21006,47.6328],[-120.21052,47.63255],[-120.21024,47.63212],[-120.21072,47.63147],[-120.21175,47.63073],[-120.2117,47.6304],[-120.21123,47.62978],[-120.2111,47.62913],[-120.21057,47.62868],[-120.20904,47.62847],[-120.20789,47.62854],[-120.20584,47.62928],[-120.20503,47.62971],[-120.2045,47.63025],[-120.20378,47.63028],[-120.20292,47.63067],[-120.2004,47.63116],[-120.20021,47.63141],[-120.2003,47.63186],[-120.19864,47.63178],[-120.19821,47.63203],[-120.19814,47.63243],[-120.1973,47.63223],[-120.19689,47.6324],[-120.19674,47.63273],[-120.19575,47.63252],[-120.19437,47.63266],[-120.19367,47.63248],[-120.19294,47.63255],[-120.1915,47.6319],[-120.19093,47.63142],[-120.18948,47.63108],[-120.18792,47.631],[-120.1876,47.63056],[-120.18757,47.63001],[-120.18832,47.62975],[-120.18892,47.62974],[-120.19038,47.62978],[-120.1916,47.63009],[-120.19229,47.6296],[-120.19242,47.62968],[-120.19233,47.63033],[-120.19262,47.63055],[-120.19572,47.6302],[-120.19715,47.62956],[-120.19866,47.62927],[-120.20036,47.62836],[-120.20252,47.62775],[-120.20314,47.62728],[-120.20309,47.62641],[-120.20451,47.62646],[-120.20595,47.62585],[-120.20657,47.62582],[-120.20753,47.62548],[-120.21087,47.62527],[-120.2112,47.62508],[-120.21268,47.62335],[-120.21245,47.62298],[-120.21204,47.62277],[-120.21134,47.6228],[-120.21197,47.62142],[-120.21169,47.62071],[-120.21267,47.62061],[-120.21431,47.6195],[-120.21492,47.61849],[-120.21473,47.61825],[-120.21503,47.6176],[-120.215,47.61715],[-120.21618,47.61646],[-120.21765,47.61493],[-120.21843,47.61514],[-120.2187,47.61457],[-120.21762,47.61457],[-120.21696,47.61501],[-120.21672,47.61487],[-120.21682,47.61419],[-120.21486,47.61392],[-120.21585,47.61321],[-120.21593,47.61294],[-120.21459,47.612],[-120.21558,47.61185],[-120.21728,47.6109],[-120.21835,47.61105],[-120.21869,47.61078],[-120.21916,47.60968],[-120.2191,47.60937],[-120.21808,47.60881],[-120.21638,47.60891],[-120.21597,47.60871],[-120.21583,47.60812],[-120.21632,47.60819],[-120.21666,47.60789],[-120.21726,47.60795],[-120.218,47.60773],[-120.21921,47.60679],[-120.21953,47.60585],[-120.21993,47.60532],[-120.21951,47.60478],[-120.219,47.60454],[-120.21978,47.60376],[-120.21971,47.60355],[-120.21991,47.60332],[-120.22128,47.60252],[-120.22148,47.60216],[-120.22116,47.60198],[-120.21949,47.60175],[-120.2178,47.60129],[-120.2189,47.60115],[-120.21907,47.60076],[-120.21973,47.60034],[-120.22133,47.59965],[-120.22243,47.59939],[-120.22323,47.59892],[-120.22337,47.59877],[-120.22343,47.59799],[-120.22318,47.59737],[-120.22455,47.59705],[-120.22472,47.59661],[-120.22448,47.5962],[-120.22491,47.5957],[-120.22574,47.59393],[-120.22549,47.5935],[-120.22492,47.59329],[-120.22446,47.59225],[-120.22397,47.59188],[-120.22356,47.59179],[-120.22349,47.59153],[-120.22461,47.59157],[-120.22543,47.59127],[-120.22649,47.59029],[-120.22663,47.5883],[-120.22685,47.58791],[-120.22675,47.58769],[-120.22697,47.58754],[-120.22717,47.58696],[-120.22767,47.58647],[-120.22768,47.58623],[-120.22817,47.58593],[-120.22879,47.58504],[-120.22931,47.58407],[-120.22936,47.58365],[-120.23038,47.58197],[-120.23028,47.58169],[-120.23046,47.5815],[-120.23043,47.58061],[-120.23009,47.58014],[-120.22968,47.57995],[-120.23024,47.5796],[-120.231,47.57955],[-120.23167,47.57888],[-120.23077,47.57803],[-120.23255,47.57761],[-120.2335,47.57706],[-120.23385,47.57673],[-120.23402,47.57613],[-120.23528,47.57486],[-120.23668,47.57383],[-120.23671,47.57349],[-120.23644,47.57332],[-120.23538,47.5732],[-120.23275,47.57204],[-120.23343,47.57159],[-120.23379,47.5704],[-120.23351,47.57016],[-120.23447,47.56955],[-120.2348,47.56872],[-120.23527,47.56863],[-120.23602,47.56708],[-120.23648,47.56681],[-120.23583,47.56609],[-120.23618,47.565],[-120.23826,47.56435],[-120.23823,47.56375],[-120.2372,47.56334],[-120.23733,47.56318],[-120.23727,47.56224],[-120.23779,47.56176],[-120.23788,47.56119],[-120.23847,47.56],[-120.23838,47.55975],[-120.23901,47.55964],[-120.23948,47.55921],[-120.24011,47.55854],[-120.23997,47.55821],[-120.24047,47.55811],[-120.24184,47.55711],[-120.24223,47.55706],[-120.24351,47.55588],[-120.24348,47.55546],[-120.24443,47.55519],[-120.24557,47.55516],[-120.24558,47.55495],[-120.24654,47.55439],[-120.24658,47.55407],[-120.24787,47.55307],[-120.24781,47.55226],[-120.24739,47.55226],[-120.24737,47.55214],[-120.24763,47.5518],[-120.24753,47.55088],[-120.2486,47.54925],[-120.24833,47.54829],[-120.24881,47.54823],[-120.24945,47.54842],[-120.2503,47.54786],[-120.25043,47.54719],[-120.25104,47.54619],[-120.25229,47.54499],[-120.25234,47.54462],[-120.25295,47.54431],[-120.25331,47.54326],[-120.25388,47.54303],[-120.25385,47.54283],[-120.25432,47.5427],[-120.25483,47.54198],[-120.25558,47.54163],[-120.25578,47.54135],[-120.25648,47.54124],[-120.25668,47.54073],[-120.25719,47.54073],[-120.25757,47.54054],[-120.25993,47.53899],[-120.26278,47.53815],[-120.26509,47.53719],[-120.26582,47.53653],[-120.26581,47.53631],[-120.26555,47.53603],[-120.26622,47.53581],[-120.2661,47.53531],[-120.26657,47.5352],[-120.26707,47.53482],[-120.26813,47.53472],[-120.26933,47.53405],[-120.26971,47.53366],[-120.27066,47.53191],[-120.27115,47.53163],[-120.2718,47.53086],[-120.27246,47.53062],[-120.27309,47.53008],[-120.27323,47.52955],[-120.27307,47.52944],[-120.2737,47.52868],[-120.27371,47.52844],[-120.2733,47.52801],[-120.27406,47.52778],[-120.2741,47.52724],[-120.27478,47.52681],[-120.27515,47.52613],[-120.27503,47.5256],[-120.27546,47.52519],[-120.27633,47.52509],[-120.27655,47.52453],[-120.27719,47.5239],[-120.27804,47.52343],[-120.27808,47.52292],[-120.27917,47.522],[-120.27985,47.52199],[-120.28019,47.52182],[-120.28024,47.52153],[-120.27989,47.52107],[-120.28143,47.51986],[-120.28243,47.51846],[-120.28273,47.5173],[-120.28236,47.51674],[-120.28367,47.51696],[-120.28411,47.51657],[-120.28411,47.51612],[-120.28426,47.51595],[-120.28472,47.51592],[-120.28506,47.51609],[-120.28549,47.51575],[-120.28561,47.51515],[-120.2855,47.51446],[-120.28618,47.51323],[-120.28621,47.51293],[-120.28537,47.51266],[-120.28579,47.51228],[-120.28615,47.51147],[-120.2871,47.51018],[-120.28712,47.50965],[-120.28661,47.50916],[-120.28734,47.50868],[-120.28738,47.50809],[-120.28721,47.50784],[-120.28849,47.50694],[-120.28843,47.50664],[-120.28871,47.50634],[-120.28874,47.50553],[-120.28831,47.50443],[-120.28852,47.50408],[-120.28835,47.50388],[-120.28878,47.50348],[-120.28881,47.50328],[-120.2897,47.50255],[-120.28973,47.50212],[-120.28939,47.50173],[-120.28949,47.50125],[-120.28929,47.50092],[-120.29001,47.50073],[-120.29034,47.50035],[-120.29106,47.49743],[-120.2908,47.49712],[-120.29164,47.49663],[-120.29078,47.49582],[-120.29042,47.4949],[-120.29,47.49439],[-120.29235,47.49294],[-120.29238,47.49265],[-120.29285,47.49211],[-120.2936,47.49163],[-120.2939,47.49098],[-120.29383,47.49052],[-120.2935,47.49022],[-120.29271,47.48817],[-120.29335,47.48773],[-120.29337,47.48744],[-120.29364,47.48735],[-120.29364,47.4872],[-120.29233,47.48507],[-120.292,47.48427],[-120.28993,47.48397],[-120.28894,47.48366],[-120.28783,47.48383],[-120.28674,47.48436],[-120.28651,47.48432],[-120.28713,47.48362],[-120.28783,47.48314],[-120.28837,47.48294],[-120.28939,47.48291],[-120.29057,47.48229],[-120.29127,47.48222],[-120.29136,47.4818],[-120.29264,47.48169],[-120.29364,47.48192],[-120.29433,47.48185],[-120.29499,47.48102],[-120.29514,47.48035],[-120.29461,47.48032],[-120.2947,47.47988],[-120.29455,47.47977],[-120.29406,47.4798],[-120.29449,47.47919],[-120.29364,47.47919],[-120.29377,47.47894],[-120.2938,47.47881]]]]}},{"type":"Feature","properties":{"ava_id":"royal_slope","name":"Royal Slope","aka":null,"state":"WA","county":"Grant|Adams","within":"Columbia Valley","contains":null,"cfr_index":"9.271","valid_start":null},"geometry":{"type":"MultiPolygon","coordinates":[[[[-119.97989,46.98526],[-119.96037,46.98512],[-119.8987,46.98618],[-119.83447,46.98629],[-119.83452,46.97164],[-119.75012,46.97162],[-119.74987,46.99739],[-119.73915,46.99735],[-119.73915,46.99357],[-119.72246,46.99357],[-119.72244,46.99727],[-119.71165,46.99724],[-119.71164,46.99355],[-119.6955,46.99346],[-119.69546,46.99161],[-119.68985,46.9916],[-119.68982,46.98998],[-119.68502,46.98994],[-119.68501,46.98798],[-119.68244,46.98798],[-119.68243,46.98632],[-119.67473,46.98626],[-119.67467,46.97907],[-119.66801,46.97915],[-119.66745,46.97902],[-119.6641,46.97916],[-119.66399,46.97193],[-119.64801,46.97182],[-119.64801,46.97372],[-119.64257,46.9737],[-119.64257,46.9769],[-119.62624,46.97585],[-119.6191,46.97389],[-119.61066,46.97385],[-119.61064,46.9723],[-119.60142,46.97236],[-119.60041,46.972],[-119.57903,46.97224],[-119.57902,46.96424],[-119.56529,46.96269],[-119.55711,46.96241],[-119.54237,46.96045],[-119.4833,46.96003],[-119.48328,46.96072],[-119.45121,46.96016],[-119.45126,46.95803],[-119.43802,46.96362],[-119.42943,46.96354],[-119.42929,46.97103],[-119.37093,46.97076],[-119.37071,46.9816],[-119.36546,46.98155],[-119.36572,46.97074],[-119.34389,46.97066],[-119.34388,46.96954],[-119.33351,46.96716],[-119.33385,46.96643],[-119.3338,46.96585],[-119.33339,46.96536],[-119.32759,46.9623],[-119.32287,46.96129],[-119.31442,46.95917],[-119.313,46.95867],[-119.31199,46.95812],[-119.31097,46.95728],[-119.31013,46.95628],[-119.31006,46.95592],[-119.30162,46.95587],[-119.30157,46.95361],[-119.29731,46.95353],[-119.29733,46.95125],[-119.29356,46.95121],[-119.2936,46.94846],[-119.29301,46.94844],[-119.29162,46.94494],[-119.29097,46.94486],[-119.28988,46.94044],[-119.29067,46.93994],[-119.29119,46.93985],[-119.2918,46.93925],[-119.29299,46.93893],[-119.29432,46.93773],[-119.29626,46.9377],[-119.29627,46.92673],[-119.30189,46.92673],[-119.30209,46.91952],[-119.30732,46.91948],[-119.30757,46.90964],[-119.30821,46.89718],[-119.31348,46.89709],[-119.3135,46.8907],[-119.31865,46.89016],[-119.32274,46.88681],[-119.32382,46.8868],[-119.32378,46.88251],[-119.34483,46.8826],[-119.34487,46.87555],[-119.35535,46.8755],[-119.35534,46.87131],[-119.36895,46.87124],[-119.39004,46.87071],[-119.39021,46.85361],[-119.39067,46.83935],[-119.39061,46.82917],[-119.43367,46.84724],[-119.45296,46.85562],[-119.45603,46.85623],[-119.45616,46.85609],[-119.45557,46.85561],[-119.45574,46.85557],[-119.45874,46.85613],[-119.46003,46.85611],[-119.46141,46.85636],[-119.46492,46.85616],[-119.47408,46.85697],[-119.47785,46.85764],[-119.48019,46.85787],[-119.48393,46.85877],[-119.48543,46.85882],[-119.48756,46.85984],[-119.48954,46.86037],[-119.49227,46.86076],[-119.49376,46.86113],[-119.49405,46.86101],[-119.49364,46.86053],[-119.49417,46.86041],[-119.49667,46.86164],[-119.49716,46.86175],[-119.49801,46.86166],[-119.5008,46.86261],[-119.50182,46.86321],[-119.50788,46.86534],[-119.5117,46.86612],[-119.51184,46.86633],[-119.51173,46.86655],[-119.51069,46.86695],[-119.50918,46.86726],[-119.50904,46.86776],[-119.50658,46.86786],[-119.50571,46.86762],[-119.50531,46.86791],[-119.50684,46.86846],[-119.50835,46.86844],[-119.50895,46.869],[-119.51045,46.8692],[-119.51226,46.86974],[-119.51381,46.8698],[-119.5149,46.87019],[-119.51567,46.87007],[-119.51686,46.87021],[-119.51712,46.87015],[-119.5175,46.86974],[-119.51818,46.86975],[-119.51937,46.87003],[-119.52054,46.87059],[-119.52114,46.87063],[-119.52144,46.87081],[-119.52191,46.87071],[-119.52246,46.87083],[-119.52268,46.87072],[-119.52281,46.87036],[-119.52378,46.87005],[-119.52555,46.86993],[-119.52633,46.87049],[-119.52689,46.8705],[-119.527,46.87041],[-119.5267,46.87017],[-119.52684,46.87006],[-119.52797,46.87012],[-119.52868,46.8699],[-119.52906,46.86991],[-119.53011,46.87061],[-119.53147,46.8705],[-119.53202,46.87068],[-119.53318,46.87054],[-119.53429,46.8708],[-119.53479,46.87035],[-119.53501,46.87034],[-119.5353,46.87054],[-119.53557,46.87134],[-119.53613,46.87168],[-119.53686,46.87165],[-119.53745,46.87217],[-119.53812,46.87214],[-119.53855,46.87229],[-119.53865,46.87244],[-119.53847,46.87269],[-119.53934,46.87287],[-119.5395,46.87311],[-119.53942,46.87343],[-119.53964,46.87359],[-119.5399,46.87347],[-119.54069,46.87255],[-119.54113,46.87233],[-119.54234,46.87256],[-119.5449,46.87255],[-119.54544,46.87278],[-119.54721,46.87194],[-119.54981,46.87203],[-119.5515,46.87172],[-119.55247,46.87188],[-119.55291,46.87171],[-119.55622,46.87171],[-119.55882,46.87193],[-119.55936,46.87268],[-119.55923,46.87341],[-119.55957,46.87368],[-119.55991,46.87361],[-119.56094,46.87267],[-119.56147,46.87239],[-119.5624,46.87217],[-119.56855,46.87263],[-119.57144,46.87347],[-119.575,46.875],[-119.57652,46.87543],[-119.58464,46.87751],[-119.58717,46.87786],[-119.58868,46.87824],[-119.59388,46.87831],[-119.59473,46.87815],[-119.59851,46.87676],[-119.5988,46.87685],[-119.60008,46.87793],[-119.60154,46.8795],[-119.6022,46.87922],[-119.60229,46.87877],[-119.60211,46.87763],[-119.60159,46.87665],[-119.60154,46.87616],[-119.60075,46.87549],[-119.60071,46.87481],[-119.60276,46.87193],[-119.60432,46.86868],[-119.60453,46.867],[-119.6044,46.86545],[-119.6017,46.86017],[-119.6016,46.85896],[-119.60179,46.8586],[-119.60229,46.85846],[-119.60309,46.85863],[-119.60397,46.85796],[-119.60407,46.85768],[-119.60528,46.85738],[-119.6058,46.85744],[-119.60618,46.85777],[-119.60606,46.85794],[-119.6053,46.85807],[-119.60529,46.85826],[-119.60619,46.85874],[-119.60716,46.85887],[-119.60801,46.85833],[-119.60756,46.85798],[-119.60763,46.85751],[-119.60825,46.85715],[-119.6102,46.85675],[-119.6126,46.85667],[-119.61354,46.85745],[-119.61379,46.8573],[-119.61372,46.85681],[-119.61398,46.85675],[-119.6152,46.85691],[-119.61613,46.85665],[-119.62205,46.85589],[-119.62257,46.85597],[-119.62319,46.8565],[-119.62501,46.85658],[-119.62596,46.85635],[-119.62773,46.85628],[-119.62969,46.85597],[-119.63096,46.85621],[-119.63184,46.85659],[-119.63511,46.85664],[-119.63902,46.85746],[-119.64103,46.85747],[-119.64314,46.85702],[-119.64485,46.857],[-119.64575,46.85725],[-119.64795,46.8572],[-119.64964,46.85667],[-119.65184,46.85641],[-119.65243,46.85641],[-119.65349,46.85683],[-119.65448,46.85701],[-119.65655,46.85662],[-119.66201,46.85667],[-119.66449,46.85624],[-119.67039,46.85591],[-119.67277,46.85523],[-119.67709,46.85456],[-119.6846,46.85391],[-119.68811,46.85329],[-119.69136,46.85239],[-119.7009,46.85129],[-119.71014,46.8498],[-119.71127,46.84999],[-119.7115,46.85013],[-119.71164,46.85062],[-119.71249,46.85128],[-119.71428,46.85147],[-119.71534,46.85182],[-119.71592,46.85179],[-119.71737,46.85118],[-119.71997,46.84949],[-119.72479,46.84866],[-119.72634,46.84865],[-119.72754,46.84896],[-119.73134,46.84892],[-119.73344,46.84857],[-119.73472,46.84813],[-119.73677,46.84796],[-119.73795,46.84803],[-119.73964,46.84773],[-119.74493,46.84775],[-119.74767,46.84732],[-119.74916,46.8473],[-119.75186,46.84742],[-119.75331,46.84771],[-119.75557,46.84745],[-119.75677,46.84768],[-119.75904,46.84773],[-119.75931,46.84812],[-119.76055,46.84843],[-119.7607,46.84858],[-119.76058,46.84877],[-119.76078,46.84897],[-119.76264,46.84925],[-119.76294,46.84884],[-119.76268,46.84863],[-119.76302,46.84832],[-119.76722,46.84856],[-119.7683,46.84848],[-119.76947,46.84884],[-119.7702,46.8486],[-119.77089,46.84802],[-119.77155,46.84802],[-119.7731,46.84847],[-119.77412,46.84825],[-119.77629,46.8483],[-119.77677,46.8487],[-119.77811,46.84855],[-119.78097,46.84911],[-119.78086,46.84936],[-119.77997,46.84965],[-119.77872,46.85052],[-119.77881,46.85082],[-119.77825,46.85129],[-119.77577,46.85235],[-119.77431,46.85276],[-119.77394,46.85307],[-119.77306,46.8533],[-119.7719,46.85395],[-119.76915,46.8546],[-119.76945,46.85495],[-119.7695,46.8553],[-119.76935,46.85549],[-119.76859,46.85541],[-119.76779,46.85453],[-119.76759,46.85488],[-119.76687,46.85496],[-119.7676,46.85533],[-119.76741,46.8555],[-119.76716,46.85558],[-119.76665,46.85527],[-119.76636,46.8555],[-119.76459,46.8559],[-119.763,46.85685],[-119.76259,46.85755],[-119.76092,46.85847],[-119.75875,46.8591],[-119.75754,46.85985],[-119.75563,46.86062],[-119.75251,46.86102],[-119.75084,46.86187],[-119.74932,46.86202],[-119.74839,46.86201],[-119.74653,46.86162],[-119.74409,46.86172],[-119.7441,46.86191],[-119.7468,46.86258],[-119.74655,46.86281],[-119.74664,46.86311],[-119.74652,46.86336],[-119.74603,46.86355],[-119.74535,46.86344],[-119.74434,46.86362],[-119.74172,46.86334],[-119.74064,46.86371],[-119.73883,46.86396],[-119.73746,46.8647],[-119.73664,46.86487],[-119.73635,46.86502],[-119.73716,46.86538],[-119.73769,46.86592],[-119.73766,46.86616],[-119.73742,46.86664],[-119.73633,46.8673],[-119.73419,46.86799],[-119.73463,46.86821],[-119.73555,46.86821],[-119.73712,46.86799],[-119.73757,46.86778],[-119.739,46.86679],[-119.73934,46.86638],[-119.74113,46.86571],[-119.74208,46.86516],[-119.74232,46.8653],[-119.74265,46.86609],[-119.74288,46.86622],[-119.74419,46.86544],[-119.74548,46.86557],[-119.74688,46.86545],[-119.74753,46.86569],[-119.7481,46.86552],[-119.74986,46.86566],[-119.75383,46.86423],[-119.75926,46.86286],[-119.76018,46.86275],[-119.76062,46.8629],[-119.76102,46.86331],[-119.76157,46.86345],[-119.76332,46.86253],[-119.76414,46.86236],[-119.76435,46.86257],[-119.76794,46.86072],[-119.76874,46.86059],[-119.76933,46.86031],[-119.7739,46.85987],[-119.77643,46.85932],[-119.77715,46.85905],[-119.77772,46.85868],[-119.77808,46.85821],[-119.7786,46.85797],[-119.77895,46.85791],[-119.77948,46.85813],[-119.78013,46.85791],[-119.78096,46.85697],[-119.78307,46.85604],[-119.7843,46.85576],[-119.78602,46.85575],[-119.78647,46.85599],[-119.78636,46.85679],[-119.78602,46.85713],[-119.78603,46.85727],[-119.78626,46.85727],[-119.7887,46.85622],[-119.79075,46.85555],[-119.79215,46.85474],[-119.79278,46.85497],[-119.79339,46.85459],[-119.79418,46.85472],[-119.79507,46.85428],[-119.79647,46.85399],[-119.79758,46.85401],[-119.80009,46.85354],[-119.80067,46.85372],[-119.80216,46.85358],[-119.80311,46.85382],[-119.80347,46.85362],[-119.80486,46.85355],[-119.80511,46.85319],[-119.80998,46.85118],[-119.81165,46.85067],[-119.81275,46.8505],[-119.81517,46.85089],[-119.81579,46.85133],[-119.8155,46.85179],[-119.81508,46.85421],[-119.81509,46.85462],[-119.81533,46.85477],[-119.81553,46.85475],[-119.81665,46.8538],[-119.81806,46.85315],[-119.81826,46.85287],[-119.81959,46.85243],[-119.82263,46.85072],[-119.82467,46.85026],[-119.83442,46.85015],[-119.83548,46.84999],[-119.83898,46.85018],[-119.83959,46.85045],[-119.83974,46.85067],[-119.83972,46.85125],[-119.84049,46.85188],[-119.84074,46.85234],[-119.84073,46.85269],[-119.84063,46.8531],[-119.83912,46.85446],[-119.83867,46.85555],[-119.83877,46.85602],[-119.83921,46.85592],[-119.83999,46.85537],[-119.84221,46.85459],[-119.84423,46.85411],[-119.84515,46.85343],[-119.84522,46.85297],[-119.84589,46.85224],[-119.85029,46.85096],[-119.85062,46.85056],[-119.85134,46.85035],[-119.85371,46.85081],[-119.85878,46.85068],[-119.86055,46.85166],[-119.86113,46.85167],[-119.86371,46.85347],[-119.86394,46.85332],[-119.86395,46.85289],[-119.86317,46.85209],[-119.86316,46.85167],[-119.86416,46.8509],[-119.8644,46.85051],[-119.86616,46.84983],[-119.86781,46.84943],[-119.87251,46.84927],[-119.87352,46.84896],[-119.87626,46.84902],[-119.8782,46.84874],[-119.88158,46.84869],[-119.88313,46.84885],[-119.88389,46.84947],[-119.88487,46.84937],[-119.88777,46.84975],[-119.8904,46.84981],[-119.89148,46.85058],[-119.89189,46.85042],[-119.89328,46.85085],[-119.89478,46.85106],[-119.89514,46.85131],[-119.89553,46.85116],[-119.89741,46.85117],[-119.89738,46.85413],[-119.9182,46.85441],[-119.91797,46.8691],[-119.9398,46.869],[-119.94153,46.87038],[-119.94203,46.87102],[-119.94319,46.87386],[-119.94381,46.87491],[-119.94321,46.87624],[-119.94331,46.87647],[-119.94402,46.87691],[-119.94592,46.88036],[-119.94669,46.88068],[-119.94733,46.88168],[-119.94742,46.88215],[-119.94791,46.88281],[-119.94769,46.88365],[-119.94719,46.88431],[-119.94736,46.88455],[-119.94605,46.8852],[-119.94558,46.88578],[-119.94802,46.88601],[-119.9486,46.88653],[-119.9486,46.88667],[-119.94812,46.88693],[-119.9486,46.88714],[-119.9488,46.88756],[-119.94816,46.88831],[-119.94851,46.88866],[-119.9492,46.88864],[-119.9494,46.88897],[-119.9507,46.88904],[-119.95118,46.88958],[-119.95118,46.88971],[-119.95042,46.89],[-119.94964,46.89087],[-119.94932,46.89102],[-119.94887,46.89112],[-119.94815,46.89086],[-119.94791,46.89095],[-119.94743,46.89179],[-119.94885,46.8918],[-119.94955,46.89148],[-119.95041,46.89148],[-119.95109,46.89172],[-119.95109,46.89208],[-119.95087,46.89225],[-119.94932,46.89217],[-119.94931,46.89255],[-119.94904,46.89281],[-119.94949,46.89373],[-119.94987,46.89422],[-119.95023,46.8943],[-119.95045,46.89467],[-119.95003,46.89491],[-119.94935,46.89572],[-119.94916,46.89636],[-119.94935,46.89675],[-119.9484,46.89727],[-119.94892,46.89751],[-119.94968,46.89749],[-119.95,46.8972],[-119.95104,46.89674],[-119.95134,46.89688],[-119.95104,46.89736],[-119.95028,46.89773],[-119.94991,46.89879],[-119.94932,46.89917],[-119.94949,46.8994],[-119.94982,46.8994],[-119.94997,46.89956],[-119.94991,46.89979],[-119.95028,46.90013],[-119.95028,46.90046],[-119.94961,46.90071],[-119.94892,46.90048],[-119.94847,46.90102],[-119.94862,46.90152],[-119.9491,46.90185],[-119.94905,46.90207],[-119.94945,46.90252],[-119.95005,46.90371],[-119.94996,46.90397],[-119.94947,46.90435],[-119.94905,46.90547],[-119.94926,46.90562],[-119.9503,46.90535],[-119.95085,46.90594],[-119.9509,46.90655],[-119.95056,46.90715],[-119.95077,46.90774],[-119.95003,46.90932],[-119.94998,46.90958],[-119.95024,46.91015],[-119.94997,46.91079],[-119.95003,46.91173],[-119.94925,46.91204],[-119.94949,46.91348],[-119.94883,46.91366],[-119.94884,46.91421],[-119.94817,46.91473],[-119.94795,46.91454],[-119.94751,46.91466],[-119.94681,46.9145],[-119.94627,46.915],[-119.94671,46.91534],[-119.94688,46.91582],[-119.94767,46.91593],[-119.94808,46.91637],[-119.94807,46.91669],[-119.94755,46.91732],[-119.94776,46.91817],[-119.94686,46.91891],[-119.94856,46.9203],[-119.94866,46.92084],[-119.94831,46.92149],[-119.9489,46.92239],[-119.9489,46.92297],[-119.94944,46.92372],[-119.94953,46.92424],[-119.94923,46.92476],[-119.94983,46.92576],[-119.94933,46.92747],[-119.94849,46.92857],[-119.9465,46.93004],[-119.94545,46.93048],[-119.94273,46.93042],[-119.94118,46.93015],[-119.93962,46.929],[-119.93844,46.92858],[-119.93384,46.92879],[-119.93076,46.92923],[-119.92848,46.92918],[-119.92634,46.92867],[-119.92476,46.92866],[-119.92432,46.92881],[-119.9244,46.92898],[-119.92518,46.92912],[-119.92665,46.92919],[-119.92822,46.92974],[-119.93085,46.92981],[-119.93213,46.93005],[-119.93729,46.92992],[-119.93784,46.93006],[-119.93821,46.93059],[-119.93819,46.93089],[-119.93783,46.93125],[-119.93619,46.93167],[-119.93599,46.93234],[-119.93704,46.9327],[-119.93863,46.93289],[-119.94081,46.93227],[-119.94182,46.93233],[-119.94263,46.93274],[-119.94356,46.93233],[-119.94455,46.9322],[-119.94655,46.93234],[-119.94856,46.93209],[-119.94921,46.93224],[-119.94984,46.93167],[-119.95168,46.9307],[-119.95238,46.93071],[-119.95275,46.9309],[-119.95379,46.93251],[-119.95648,46.9376],[-119.95677,46.93783],[-119.95874,46.94329],[-119.95926,46.94399],[-119.95959,46.94484],[-119.95967,46.94532],[-119.95955,46.94581],[-119.9598,46.94629],[-119.95961,46.94655],[-119.95972,46.94715],[-119.95944,46.94766],[-119.95948,46.94811],[-119.95995,46.94834],[-119.96088,46.94961],[-119.96133,46.94993],[-119.96244,46.95208],[-119.96269,46.95533],[-119.96293,46.95572],[-119.96336,46.95584],[-119.96385,46.95584],[-119.96467,46.95548],[-119.96496,46.95564],[-119.96523,46.95611],[-119.96552,46.95604],[-119.96569,46.95626],[-119.96509,46.95759],[-119.9651,46.95793],[-119.96545,46.95847],[-119.96533,46.95956],[-119.96583,46.96041],[-119.96688,46.96041],[-119.96705,46.96022],[-119.96689,46.95966],[-119.96759,46.95965],[-119.96769,46.9595],[-119.96749,46.95931],[-119.96782,46.95917],[-119.96814,46.9594],[-119.96853,46.9602],[-119.96905,46.96019],[-119.9692,46.96054],[-119.96889,46.96066],[-119.96899,46.96093],[-119.96959,46.9614],[-119.96938,46.96174],[-119.96958,46.96242],[-119.96936,46.96271],[-119.96934,46.96305],[-119.97,46.96332],[-119.97,46.96481],[-119.97023,46.96475],[-119.97063,46.96494],[-119.97116,46.96649],[-119.9711,46.96705],[-119.97211,46.9686],[-119.97215,46.96938],[-119.97277,46.97009],[-119.97243,46.97082],[-119.97167,46.97136],[-119.97169,46.97155],[-119.97266,46.9719],[-119.97389,46.97267],[-119.97405,46.97329],[-119.97297,46.97431],[-119.97307,46.9745],[-119.97425,46.97501],[-119.97428,46.97553],[-119.97503,46.97619],[-119.97522,46.97752],[-119.97515,46.97787],[-119.97488,46.97809],[-119.9759,46.9787],[-119.97577,46.97916],[-119.97526,46.97946],[-119.97378,46.97979],[-119.97302,46.9805],[-119.97419,46.98063],[-119.97484,46.98094],[-119.97661,46.98099],[-119.97724,46.98138],[-119.97774,46.9814],[-119.9785,46.98204],[-119.97989,46.98526]]]]}},{"type":"Feature","properties":{"ava_id":"snipes_mountain","name":"Snipes Mountain","aka":null,"state":"WA","county":"Yakima","within":"Yakima Valley|Columbia Valley","contains":null,"cfr_index":"9.213","valid_start":null},"geometry":{"type":"MultiPolygon","coordinates":[[[[-120.06319,46.31655],[-120.02941,46.31656],[-120.0299,46.31626],[-120.03041,46.31622],[-120.03044,46.31593],[-120.03091,46.31574],[-120.03106,46.31531],[-120.03163,46.31536],[-120.03166,46.31511],[-120.032,46.31509],[-120.03199,46.31475],[-120.0327,46.31495],[-120.03299,46.31489],[-120.0331,46.31408],[-120.03343,46.31367],[-120.03392,46.3138],[-120.0341,46.31365],[-120.03461,46.31383],[-120.03463,46.3133],[-120.03491,46.3131],[-120.03541,46.3131],[-120.03572,46.3124],[-120.03639,46.31312],[-120.03661,46.31366],[-120.03714,46.31302],[-120.03713,46.31256],[-120.03803,46.31301],[-120.03817,46.31282],[-120.03805,46.31259],[-120.03815,46.31182],[-120.03854,46.31187],[-120.03906,46.3123],[-120.03917,46.31184],[-120.03941,46.31186],[-120.03974,46.3125],[-120.03991,46.31236],[-120.04,46.31179],[-120.04056,46.31234],[-120.04065,46.31216],[-120.04099,46.31225],[-120.04084,46.31173],[-120.04112,46.31185],[-120.04114,46.30817],[-120.04051,46.30782],[-120.0401,46.3071],[-120.04049,46.30686],[-120.04119,46.3069],[-120.04112,46.30668],[-120.04129,46.30647],[-120.04074,46.30635],[-120.04057,46.30609],[-120.03981,46.30628],[-120.03953,46.30612],[-120.03874,46.3065],[-120.03826,46.30651],[-120.03843,46.30605],[-120.03891,46.30576],[-120.03891,46.30537],[-120.03825,46.3054],[-120.03755,46.30495],[-120.03728,46.30459],[-120.03697,46.30345],[-120.03767,46.30263],[-120.03817,46.30237],[-120.03814,46.30179],[-120.03784,46.30156],[-120.03788,46.30127],[-120.03807,46.30119],[-120.03909,46.30095],[-120.03958,46.30112],[-120.03999,46.301],[-120.0406,46.30163],[-120.04123,46.30166],[-120.04183,46.30155],[-120.04261,46.3017],[-120.0433,46.30147],[-120.04449,46.3015],[-120.04491,46.30168],[-120.04687,46.30152],[-120.04762,46.30136],[-120.04943,46.30034],[-120.05079,46.29994],[-120.05185,46.29913],[-120.05196,46.2989],[-120.05234,46.29884],[-120.05296,46.29895],[-120.0533,46.29936],[-120.05361,46.29936],[-120.05496,46.29997],[-120.0563,46.30002],[-120.05699,46.30033],[-120.05699,46.30054],[-120.05728,46.30066],[-120.05851,46.30067],[-120.05909,46.301],[-120.05979,46.30098],[-120.06142,46.30168],[-120.06243,46.30171],[-120.06295,46.30156],[-120.06336,46.30196],[-120.06463,46.30203],[-120.06397,46.30216],[-120.06401,46.3023],[-120.06577,46.30212],[-120.06751,46.30225],[-120.06751,46.30244],[-120.06801,46.30258],[-120.0704,46.30266],[-120.07073,46.30291],[-120.07156,46.3027],[-120.07243,46.30288],[-120.07261,46.30308],[-120.07709,46.30367],[-120.07809,46.30401],[-120.08004,46.30426],[-120.08028,46.30436],[-120.08033,46.30469],[-120.08087,46.30463],[-120.08159,46.30492],[-120.08277,46.30496],[-120.08394,46.30471],[-120.08562,46.30499],[-120.08589,46.3052],[-120.0874,46.30557],[-120.08844,46.30562],[-120.08995,46.30543],[-120.09121,46.30608],[-120.09263,46.30625],[-120.09334,46.30606],[-120.09432,46.30623],[-120.09532,46.30691],[-120.09642,46.30699],[-120.09676,46.30723],[-120.10054,46.30713],[-120.10128,46.30765],[-120.10199,46.30787],[-120.10269,46.30783],[-120.10289,46.30801],[-120.10376,46.30816],[-120.10408,46.30855],[-120.10549,46.30889],[-120.10571,46.30916],[-120.10742,46.30946],[-120.10777,46.30934],[-120.10834,46.30943],[-120.10853,46.30966],[-120.10878,46.30952],[-120.10917,46.30969],[-120.11042,46.30977],[-120.11175,46.31026],[-120.11244,46.31002],[-120.11668,46.31125],[-120.11865,46.31198],[-120.1251,46.31485],[-120.1389,46.31927],[-120.14391,46.32043],[-120.1527,46.32165],[-120.15893,46.32377],[-120.16329,46.32615],[-120.17831,46.33184],[-120.17832,46.33272],[-120.1792,46.33315],[-120.17909,46.33334],[-120.17936,46.33346],[-120.17953,46.33383],[-120.18029,46.33421],[-120.18118,46.33443],[-120.18103,46.33433],[-120.18165,46.33397],[-120.18186,46.33428],[-120.18226,46.3343],[-120.18226,46.33458],[-120.18244,46.33475],[-120.18318,46.33499],[-120.1833,46.33521],[-120.18429,46.33567],[-120.18451,46.33724],[-120.18515,46.33763],[-120.18587,46.33846],[-120.18587,46.339],[-120.18546,46.33964],[-120.1849,46.33989],[-120.18411,46.34],[-120.18388,46.33996],[-120.18372,46.33958],[-120.18297,46.34],[-120.18225,46.33976],[-120.1823,46.33921],[-120.18156,46.33957],[-120.18133,46.33952],[-120.18117,46.33927],[-120.18015,46.33958],[-120.18002,46.33934],[-120.18009,46.33887],[-120.17913,46.33935],[-120.17887,46.33922],[-120.17883,46.3387],[-120.17829,46.33874],[-120.178,46.33894],[-120.1777,46.33891],[-120.17738,46.33862],[-120.17664,46.33882],[-120.17657,46.33866],[-120.17714,46.33794],[-120.17662,46.33795],[-120.17568,46.33845],[-120.17551,46.33834],[-120.1755,46.33762],[-120.17435,46.3379],[-120.17335,46.33769],[-120.17438,46.33682],[-120.17274,46.33709],[-120.17256,46.33702],[-120.17252,46.33678],[-120.17184,46.33699],[-120.17241,46.33614],[-120.17132,46.33642],[-120.17114,46.33608],[-120.17059,46.3361],[-120.17121,46.33514],[-120.17019,46.33551],[-120.16871,46.33547],[-120.16897,46.33493],[-120.16807,46.3349],[-120.16746,46.3345],[-120.16727,46.33465],[-120.16562,46.33433],[-120.16446,46.33364],[-120.16291,46.33344],[-120.16295,46.33305],[-120.16356,46.33262],[-120.16455,46.3324],[-120.16428,46.33214],[-120.16375,46.33209],[-120.16275,46.3313],[-120.16186,46.33105],[-120.16225,46.3306],[-120.16232,46.32996],[-120.16215,46.3298],[-120.16139,46.33029],[-120.161,46.33024],[-120.16079,46.33048],[-120.16003,46.33054],[-120.15981,46.33041],[-120.15974,46.33],[-120.15901,46.33018],[-120.15887,46.32972],[-120.15835,46.32954],[-120.15805,46.3296],[-120.15781,46.32993],[-120.15738,46.32946],[-120.15719,46.32973],[-120.15682,46.32959],[-120.15661,46.32979],[-120.15634,46.32946],[-120.156,46.32972],[-120.1559,46.33024],[-120.15531,46.33006],[-120.15557,46.32971],[-120.15559,46.32906],[-120.15512,46.32937],[-120.1549,46.32928],[-120.15471,46.32959],[-120.15415,46.3295],[-120.15401,46.32922],[-120.1536,46.32944],[-120.15343,46.32909],[-120.15304,46.32922],[-120.15234,46.32905],[-120.15287,46.32954],[-120.15316,46.32956],[-120.15328,46.32982],[-120.15408,46.33046],[-120.15409,46.33062],[-120.1537,46.33076],[-120.15277,46.33078],[-120.15228,46.33057],[-120.15081,46.33046],[-120.15055,46.33027],[-120.15054,46.32994],[-120.15002,46.32985],[-120.14969,46.33009],[-120.14948,46.32998],[-120.149,46.33016],[-120.14867,46.32978],[-120.14809,46.32982],[-120.14741,46.33031],[-120.1472,46.33024],[-120.14711,46.32933],[-120.14678,46.32941],[-120.14666,46.32987],[-120.1463,46.33008],[-120.14568,46.33002],[-120.14491,46.33024],[-120.14463,46.32957],[-120.14408,46.33026],[-120.14387,46.33029],[-120.14361,46.33004],[-120.14306,46.33036],[-120.14254,46.33045],[-120.14242,46.33022],[-120.14251,46.32941],[-120.14238,46.32928],[-120.14134,46.3302],[-120.14089,46.33007],[-120.1406,46.33034],[-120.1399,46.33042],[-120.13951,46.33024],[-120.13955,46.32994],[-120.13992,46.32954],[-120.13993,46.32933],[-120.13975,46.32918],[-120.13905,46.32971],[-120.1381,46.32965],[-120.13774,46.32935],[-120.1374,46.32953],[-120.13728,46.32997],[-120.13651,46.33022],[-120.13589,46.32988],[-120.13605,46.32922],[-120.13527,46.32973],[-120.13504,46.32921],[-120.13431,46.33],[-120.13349,46.32974],[-120.13347,46.32898],[-120.13303,46.32937],[-120.13281,46.32914],[-120.13242,46.32955],[-120.13186,46.32901],[-120.13176,46.33001],[-120.13144,46.32989],[-120.13093,46.32999],[-120.13069,46.32936],[-120.12926,46.32995],[-120.12914,46.32987],[-120.1292,46.3292],[-120.12958,46.32868],[-120.12883,46.32895],[-120.12861,46.32837],[-120.12841,46.32878],[-120.12818,46.32883],[-120.12818,46.32915],[-120.12743,46.32978],[-120.12706,46.32898],[-120.12712,46.32837],[-120.12627,46.32915],[-120.12561,46.32885],[-120.12542,46.32858],[-120.12465,46.32914],[-120.12403,46.32923],[-120.1239,46.32906],[-120.12367,46.3291],[-120.12342,46.32877],[-120.12401,46.32783],[-120.12299,46.32826],[-120.12298,46.3276],[-120.12191,46.32826],[-120.12214,46.32758],[-120.1215,46.32768],[-120.12178,46.32725],[-120.12169,46.32719],[-120.1212,46.32723],[-120.12055,46.32797],[-120.12008,46.32798],[-120.11976,46.32762],[-120.11996,46.32671],[-120.11883,46.32758],[-120.11842,46.32769],[-120.11822,46.32703],[-120.11781,46.32714],[-120.11798,46.32638],[-120.11677,46.32704],[-120.11641,46.32692],[-120.11635,46.32666],[-120.1159,46.32659],[-120.11594,46.32609],[-120.11484,46.32656],[-120.11532,46.32556],[-120.11498,46.32574],[-120.11442,46.32551],[-120.11434,46.32589],[-120.11352,46.32638],[-120.11268,46.32643],[-120.1126,46.32628],[-120.11295,46.32555],[-120.11215,46.32574],[-120.11146,46.32613],[-120.11117,46.32595],[-120.11118,46.32517],[-120.11048,46.32544],[-120.11021,46.32525],[-120.11018,46.32504],[-120.10991,46.32605],[-120.1095,46.32614],[-120.1089,46.32594],[-120.10824,46.32629],[-120.10753,46.3264],[-120.10723,46.32634],[-120.1076,46.32572],[-120.10769,46.32495],[-120.10624,46.32586],[-120.10574,46.32555],[-120.1051,46.32578],[-120.1044,46.32554],[-120.10371,46.32555],[-120.10349,46.32579],[-120.10245,46.32588],[-120.10235,46.32575],[-120.10272,46.32554],[-120.10335,46.32445],[-120.1022,46.32487],[-120.10138,46.32475],[-120.10075,46.32506],[-120.10074,46.32417],[-120.0996,46.32505],[-120.09932,46.32501],[-120.09913,46.32468],[-120.09806,46.3248],[-120.09751,46.32452],[-120.0975,46.32431],[-120.09839,46.32351],[-120.09755,46.32364],[-120.09749,46.32324],[-120.09633,46.32391],[-120.09606,46.32387],[-120.09582,46.32356],[-120.09467,46.32358],[-120.09422,46.32381],[-120.09365,46.32357],[-120.09356,46.32338],[-120.09419,46.32273],[-120.0934,46.323],[-120.09309,46.32288],[-120.09248,46.32304],[-120.09231,46.32286],[-120.09225,46.32234],[-120.09135,46.32298],[-120.09067,46.32245],[-120.091,46.32179],[-120.0906,46.3219],[-120.09037,46.32174],[-120.08989,46.3221],[-120.08947,46.32218],[-120.08797,46.32185],[-120.08764,46.32124],[-120.08721,46.32171],[-120.08518,46.32148],[-120.08461,46.32121],[-120.08449,46.32088],[-120.08385,46.32098],[-120.08345,46.32074],[-120.0827,46.32068],[-120.08233,46.32044],[-120.08156,46.32045],[-120.08139,46.3202],[-120.08095,46.32012],[-120.08077,46.31994],[-120.07878,46.32016],[-120.07808,46.31964],[-120.07811,46.31917],[-120.07708,46.31943],[-120.07679,46.31904],[-120.0764,46.31893],[-120.07605,46.31861],[-120.07403,46.31795],[-120.07319,46.31809],[-120.07198,46.31769],[-120.07073,46.31756],[-120.06818,46.31794],[-120.06744,46.31762],[-120.06731,46.31736],[-120.06625,46.31673],[-120.06621,46.31655],[-120.06362,46.31655],[-120.06319,46.31655]]]]}},{"type":"Feature","properties":{"ava_id":"the_burn_of_columbia_valley","name":"The Burn of Columbia Valley","aka":null,"state":"WA","county":"Klickitat","within":"Columbia Valley","contains":null,"cfr_index":"9.276","valid_start":null},"geometry":{"type":"MultiPolygon","coordinates":[[[[-120.36359,45.70972],[-120.36429,45.70968],[-120.36555,45.71023],[-120.36596,45.71025],[-120.37454,45.71011],[-120.37806,45.7095],[-120.38073,45.70884],[-120.38293,45.70853],[-120.38322,45.70816],[-120.38359,45.70807],[-120.38383,45.70825],[-120.38486,45.70813],[-120.38564,45.70783],[-120.38654,45.70697],[-120.389,45.7063],[-120.39169,45.70709],[-120.39335,45.70712],[-120.40706,45.70553],[-120.40884,45.70516],[-120.41213,45.7054],[-120.41656,45.70535],[-120.42881,45.70458],[-120.42857,45.70431],[-120.42863,45.70413],[-120.42938,45.704],[-120.43273,45.70418],[-120.4347,45.70401],[-120.43491,45.70417],[-120.43577,45.70421],[-120.43667,45.70403],[-120.45251,45.70318],[-120.4538,45.70292],[-120.45695,45.70283],[-120.45979,45.70256],[-120.46239,45.70392],[-120.46351,45.70512],[-120.46377,45.70713],[-120.46432,45.70927],[-120.4644,45.71117],[-120.46364,45.71307],[-120.46366,45.7138],[-120.4631,45.71659],[-120.46233,45.71758],[-120.46068,45.71848],[-120.46061,45.7186],[-120.46105,45.71865],[-120.46099,45.71882],[-120.45935,45.71993],[-120.4592,45.72032],[-120.45938,45.72051],[-120.46077,45.71926],[-120.46145,45.71936],[-120.4623,45.71886],[-120.46244,45.71906],[-120.45952,45.72091],[-120.45906,45.72173],[-120.45748,45.72285],[-120.4533,45.72402],[-120.45212,45.72524],[-120.44825,45.72601],[-120.44773,45.72638],[-120.44542,45.72706],[-120.44191,45.72762],[-120.43735,45.72974],[-120.43667,45.73021],[-120.43644,45.73058],[-120.43462,45.73129],[-120.43474,45.72768],[-120.4243,45.72772],[-120.42406,45.74225],[-120.41906,45.74229],[-120.41923,45.75694],[-120.40891,45.7569],[-120.40889,45.7641],[-120.38787,45.7639],[-120.38788,45.77315],[-120.38744,45.77232],[-120.38664,45.77192],[-120.38616,45.77177],[-120.38474,45.77199],[-120.38427,45.77166],[-120.38339,45.77182],[-120.38249,45.77141],[-120.38116,45.7714],[-120.37799,45.76994],[-120.3771,45.76898],[-120.37615,45.76871],[-120.37434,45.76749],[-120.37308,45.76618],[-120.37181,45.76522],[-120.37143,45.76462],[-120.3702,45.76404],[-120.36971,45.76358],[-120.3694,45.76276],[-120.36855,45.7625],[-120.36767,45.76161],[-120.36722,45.76155],[-120.36656,45.76109],[-120.36594,45.76054],[-120.36592,45.76021],[-120.3647,45.75956],[-120.36457,45.7592],[-120.36404,45.75881],[-120.36352,45.75882],[-120.36309,45.75859],[-120.36325,45.75794],[-120.36269,45.75755],[-120.36288,45.75724],[-120.36112,45.75737],[-120.36017,45.75682],[-120.35946,45.75686],[-120.35863,45.75665],[-120.35696,45.75584],[-120.3557,45.75577],[-120.3552,45.75596],[-120.35485,45.7557],[-120.35426,45.75569],[-120.35284,45.75511],[-120.35061,45.75452],[-120.34995,45.75408],[-120.34801,45.75336],[-120.34738,45.75293],[-120.34709,45.75246],[-120.34657,45.75253],[-120.34667,45.75228],[-120.34604,45.75217],[-120.34596,45.75176],[-120.345,45.75124],[-120.34458,45.75121],[-120.34452,45.75079],[-120.34377,45.7501],[-120.34296,45.74994],[-120.34262,45.74954],[-120.34215,45.74937],[-120.34141,45.74846],[-120.34111,45.74756],[-120.33999,45.74709],[-120.3395,45.74646],[-120.33705,45.74582],[-120.33577,45.74522],[-120.33468,45.74385],[-120.33288,45.74287],[-120.3323,45.74214],[-120.33035,45.74096],[-120.33,45.74039],[-120.32966,45.74023],[-120.32948,45.73983],[-120.32791,45.73934],[-120.32751,45.73905],[-120.32706,45.73847],[-120.32705,45.73803],[-120.32671,45.73768],[-120.32665,45.73728],[-120.32614,45.73671],[-120.32532,45.73627],[-120.32468,45.73622],[-120.32374,45.73552],[-120.32372,45.73498],[-120.32327,45.73479],[-120.32217,45.73494],[-120.32164,45.73481],[-120.32148,45.73362],[-120.32028,45.73337],[-120.31958,45.73252],[-120.28678,45.73251],[-120.28625,45.73222],[-120.28667,45.73075],[-120.28617,45.73012],[-120.28612,45.72955],[-120.28476,45.72932],[-120.2843,45.72893],[-120.28411,45.72842],[-120.2842,45.72751],[-120.28319,45.72655],[-120.28256,45.72646],[-120.28202,45.72595],[-120.28387,45.72515],[-120.29111,45.72422],[-120.29187,45.72382],[-120.29477,45.7232],[-120.30981,45.71857],[-120.31154,45.71928],[-120.31231,45.72075],[-120.31237,45.72144],[-120.31324,45.72142],[-120.31352,45.72171],[-120.31387,45.72171],[-120.31393,45.72201],[-120.31426,45.72235],[-120.31408,45.72186],[-120.31417,45.72132],[-120.31493,45.72002],[-120.31493,45.71972],[-120.31449,45.71934],[-120.31449,45.71916],[-120.31461,45.71886],[-120.31576,45.71807],[-120.31155,45.7189],[-120.31138,45.71906],[-120.31069,45.71894],[-120.31049,45.71858],[-120.31059,45.71853],[-120.32027,45.71669],[-120.326,45.71531],[-120.32968,45.71471],[-120.33038,45.71438],[-120.33221,45.71395],[-120.33233,45.71395],[-120.33221,45.71422],[-120.33234,45.71424],[-120.33363,45.71376],[-120.3364,45.71356],[-120.34063,45.71271],[-120.34122,45.71271],[-120.34185,45.71291],[-120.34196,45.7132],[-120.34184,45.71357],[-120.34641,45.7131],[-120.34666,45.71286],[-120.34788,45.7127],[-120.34885,45.71237],[-120.34894,45.71259],[-120.3501,45.71278],[-120.35332,45.71195],[-120.35353,45.71176],[-120.35436,45.71164],[-120.35471,45.71175],[-120.35514,45.71144],[-120.35583,45.71156],[-120.35735,45.71132],[-120.35936,45.71077],[-120.35961,45.7105],[-120.36123,45.7104],[-120.36194,45.7101],[-120.36269,45.71006],[-120.36333,45.70975],[-120.36359,45.70972]]]]}},{"type":"Feature","properties":{"ava_id":"wahluke_slope","name":"Wahluke Slope","aka":null,"state":"WA","county":"Grant","within":"Columbia Valley","contains":null,"cfr_index":"9.192","valid_start":null},"geometry":{"type":"MultiPolygon","coordinates":[[[[-119.93266,46.78161],[-119.90282,46.78149],[-119.90293,46.78063],[-119.90282,46.78054],[-119.90238,46.78119],[-119.90082,46.78136],[-119.90041,46.78215],[-119.90011,46.7818],[-119.90001,46.78135],[-119.90021,46.78057],[-119.89873,46.78066],[-119.89812,46.78026],[-119.89796,46.78059],[-119.89816,46.78089],[-119.89788,46.78177],[-119.89735,46.78216],[-119.89656,46.78241],[-119.89585,46.78355],[-119.89592,46.78415],[-119.89407,46.78394],[-119.89437,46.78488],[-119.89407,46.78589],[-119.89357,46.78598],[-119.8933,46.78661],[-119.89335,46.78696],[-119.89275,46.78739],[-119.89265,46.78704],[-119.89328,46.78501],[-119.89232,46.78401],[-119.89123,46.78407],[-119.89161,46.78319],[-119.89032,46.78288],[-119.8901,46.78269],[-119.89119,46.7824],[-119.89216,46.78173],[-119.89242,46.78145],[-119.89244,46.78112],[-119.89311,46.78079],[-119.89298,46.78046],[-119.89334,46.77992],[-119.89327,46.77968],[-119.89183,46.78001],[-119.89146,46.7796],[-119.8907,46.77932],[-119.89069,46.77904],[-119.8905,46.77896],[-119.88988,46.7795],[-119.88967,46.78011],[-119.88912,46.77991],[-119.88848,46.78008],[-119.88829,46.77996],[-119.88839,46.77975],[-119.88824,46.7796],[-119.88706,46.78043],[-119.88636,46.78053],[-119.88596,46.78084],[-119.88589,46.78018],[-119.88663,46.7795],[-119.88655,46.7793],[-119.88627,46.77927],[-119.88615,46.77879],[-119.88575,46.77874],[-119.88518,46.77905],[-119.88502,46.77944],[-119.88369,46.77976],[-119.8833,46.77946],[-119.88335,46.77904],[-119.88282,46.77893],[-119.88248,46.77994],[-119.88181,46.78066],[-119.88196,46.78177],[-119.88174,46.78329],[-119.88086,46.78263],[-119.88026,46.7829],[-119.87988,46.7824],[-119.87991,46.78218],[-119.8796,46.78221],[-119.87943,46.78206],[-119.87879,46.78247],[-119.87842,46.7825],[-119.87819,46.78274],[-119.87774,46.78279],[-119.87743,46.78314],[-119.87657,46.78326],[-119.87604,46.78407],[-119.87547,46.78451],[-119.87528,46.78498],[-119.87545,46.78559],[-119.87525,46.78607],[-119.87513,46.78736],[-119.87483,46.7875],[-119.87458,46.78809],[-119.87472,46.78855],[-119.87457,46.7888],[-119.87455,46.78955],[-119.87413,46.79025],[-119.87387,46.79034],[-119.87417,46.78885],[-119.87354,46.78859],[-119.8739,46.78844],[-119.87414,46.78673],[-119.87339,46.78658],[-119.87402,46.78562],[-119.87392,46.78542],[-119.87304,46.78503],[-119.87272,46.78468],[-119.87382,46.78458],[-119.87393,46.78431],[-119.87383,46.78405],[-119.87427,46.78363],[-119.87363,46.78313],[-119.87363,46.78275],[-119.87427,46.78209],[-119.87475,46.78097],[-119.87485,46.78008],[-119.87449,46.7797],[-119.87502,46.77931],[-119.87473,46.77903],[-119.87518,46.77859],[-119.87416,46.77779],[-119.87271,46.77813],[-119.87188,46.77893],[-119.87145,46.77855],[-119.87021,46.77888],[-119.86954,46.77802],[-119.86899,46.77761],[-119.86804,46.7777],[-119.86727,46.77975],[-119.86672,46.78065],[-119.86675,46.77915],[-119.86661,46.77858],[-119.86517,46.77768],[-119.86418,46.77769],[-119.86385,46.7779],[-119.86378,46.77825],[-119.8633,46.77839],[-119.86263,46.77829],[-119.86223,46.77874],[-119.86159,46.77797],[-119.86114,46.77793],[-119.86083,46.77809],[-119.86016,46.77734],[-119.85903,46.77702],[-119.85878,46.77714],[-119.85831,46.778],[-119.85802,46.77905],[-119.85801,46.77977],[-119.85752,46.779],[-119.85757,46.77856],[-119.85731,46.77781],[-119.85661,46.77692],[-119.85624,46.77693],[-119.85581,46.77724],[-119.85544,46.77655],[-119.85452,46.77634],[-119.85415,46.77649],[-119.85393,46.77621],[-119.8534,46.7762],[-119.85317,46.77582],[-119.85276,46.77565],[-119.85199,46.77588],[-119.85096,46.77536],[-119.85047,46.77528],[-119.85017,46.77592],[-119.85015,46.7768],[-119.84983,46.77643],[-119.84951,46.77643],[-119.84865,46.77586],[-119.84774,46.77603],[-119.84779,46.77558],[-119.84767,46.77552],[-119.84696,46.77557],[-119.8467,46.77579],[-119.84564,46.77579],[-119.84532,46.77609],[-119.84486,46.77583],[-119.8441,46.77599],[-119.84384,46.77623],[-119.84186,46.77581],[-119.8412,46.77598],[-119.84012,46.77672],[-119.83993,46.77612],[-119.83937,46.77589],[-119.83872,46.77608],[-119.83805,46.77682],[-119.83775,46.77612],[-119.83732,46.77607],[-119.83693,46.77629],[-119.83664,46.77577],[-119.8364,46.77576],[-119.83517,46.77643],[-119.83512,46.77574],[-119.83473,46.77585],[-119.8345,46.77555],[-119.83397,46.77567],[-119.83372,46.77545],[-119.83328,46.77543],[-119.83307,46.77521],[-119.83266,46.77529],[-119.83244,46.77491],[-119.83187,46.77489],[-119.83096,46.77529],[-119.83078,46.77563],[-119.8304,46.77568],[-119.83025,46.77531],[-119.8304,46.77495],[-119.83031,46.77482],[-119.82934,46.77477],[-119.82915,46.7749],[-119.82758,46.77434],[-119.82726,46.77437],[-119.82711,46.77421],[-119.82644,46.77421],[-119.8267,46.77395],[-119.82682,46.77351],[-119.8256,46.77301],[-119.82547,46.77263],[-119.82502,46.77271],[-119.82492,46.77236],[-119.82463,46.77229],[-119.82428,46.77192],[-119.82307,46.77167],[-119.82291,46.77217],[-119.82206,46.77294],[-119.82208,46.77225],[-119.82151,46.77202],[-119.82156,46.77173],[-119.8214,46.77164],[-119.82062,46.77146],[-119.82102,46.771],[-119.82154,46.77081],[-119.82091,46.77063],[-119.81978,46.77064],[-119.81881,46.77101],[-119.81838,46.77099],[-119.817,46.77065],[-119.81702,46.77022],[-119.81595,46.76966],[-119.8158,46.76972],[-119.81575,46.7701],[-119.81634,46.77071],[-119.81595,46.77129],[-119.81607,46.77196],[-119.81666,46.77223],[-119.81705,46.77261],[-119.81803,46.77301],[-119.81833,46.77331],[-119.81364,46.77358],[-119.81324,46.77383],[-119.81316,46.77442],[-119.81265,46.7751],[-119.81176,46.7746],[-119.81107,46.77473],[-119.80959,46.77374],[-119.80878,46.77399],[-119.80804,46.77382],[-119.80694,46.77385],[-119.80653,46.77367],[-119.80509,46.77361],[-119.80406,46.77311],[-119.80261,46.7732],[-119.8017,46.77366],[-119.80135,46.77423],[-119.80179,46.77577],[-119.80061,46.77546],[-119.80013,46.77556],[-119.80025,46.77598],[-119.80085,46.77646],[-119.80101,46.7773],[-119.80034,46.77738],[-119.7998,46.77814],[-119.80017,46.7798],[-119.80129,46.78108],[-119.80166,46.78194],[-119.80165,46.78243],[-119.80139,46.78329],[-119.80033,46.78432],[-119.80024,46.78491],[-119.7997,46.78535],[-119.79887,46.78646],[-119.79857,46.786],[-119.79861,46.78574],[-119.79913,46.78455],[-119.79924,46.78386],[-119.79824,46.78377],[-119.79916,46.78333],[-119.79999,46.78265],[-119.8,46.782],[-119.79934,46.78148],[-119.79763,46.78135],[-119.79756,46.78119],[-119.79705,46.78108],[-119.79726,46.78087],[-119.79716,46.78033],[-119.79663,46.78027],[-119.79656,46.78004],[-119.79638,46.78002],[-119.79631,46.77956],[-119.79585,46.77939],[-119.79554,46.77774],[-119.79565,46.77709],[-119.79433,46.77695],[-119.79374,46.77672],[-119.79389,46.77634],[-119.79335,46.77599],[-119.79362,46.77567],[-119.79353,46.77535],[-119.79365,46.77478],[-119.79351,46.7746],[-119.793,46.77473],[-119.79233,46.77465],[-119.79126,46.77494],[-119.79086,46.7748],[-119.79103,46.77413],[-119.79072,46.77342],[-119.79101,46.77307],[-119.79079,46.77297],[-119.79005,46.77308],[-119.78939,46.77346],[-119.78934,46.774],[-119.78958,46.7744],[-119.78944,46.77455],[-119.7889,46.77449],[-119.78832,46.77468],[-119.78637,46.77434],[-119.78593,46.77456],[-119.78595,46.77494],[-119.78575,46.77531],[-119.78529,46.77524],[-119.78482,46.77548],[-119.7844,46.77549],[-119.78413,46.77529],[-119.78317,46.77517],[-119.78296,46.77535],[-119.78235,46.77537],[-119.78192,46.77567],[-119.78108,46.77549],[-119.77999,46.7756],[-119.7799,46.77593],[-119.78008,46.77623],[-119.77973,46.77693],[-119.77903,46.77619],[-119.77755,46.77598],[-119.77665,46.77632],[-119.77628,46.77676],[-119.7758,46.7764],[-119.77507,46.77645],[-119.77457,46.77689],[-119.77361,46.77704],[-119.77332,46.77752],[-119.77339,46.77779],[-119.77285,46.77776],[-119.77256,46.77801],[-119.77194,46.77734],[-119.77144,46.77718],[-119.76838,46.77768],[-119.76809,46.77798],[-119.76826,46.77835],[-119.76759,46.77837],[-119.76721,46.77867],[-119.76697,46.77827],[-119.76597,46.77813],[-119.76521,46.77856],[-119.76467,46.77854],[-119.76402,46.77892],[-119.76377,46.7789],[-119.76336,46.77928],[-119.76283,46.77931],[-119.76228,46.77988],[-119.7619,46.77886],[-119.75847,46.77907],[-119.75827,46.77918],[-119.75793,46.78007],[-119.75789,46.78151],[-119.75761,46.78198],[-119.75723,46.78099],[-119.75683,46.78073],[-119.75666,46.77985],[-119.75637,46.77953],[-119.75562,46.77936],[-119.7536,46.77946],[-119.7526,46.77966],[-119.75259,46.78016],[-119.75202,46.77989],[-119.75119,46.77981],[-119.75108,46.78023],[-119.75001,46.78043],[-119.74935,46.78081],[-119.74858,46.78096],[-119.74842,46.78135],[-119.74742,46.78114],[-119.74713,46.78143],[-119.74714,46.78191],[-119.747,46.782],[-119.7462,46.78161],[-119.7449,46.78171],[-119.74406,46.78213],[-119.74372,46.78288],[-119.74245,46.78204],[-119.74078,46.78192],[-119.74005,46.78229],[-119.73952,46.78206],[-119.73881,46.78213],[-119.73823,46.78241],[-119.73784,46.78308],[-119.73688,46.78238],[-119.73604,46.78247],[-119.73482,46.78299],[-119.73427,46.78346],[-119.73366,46.78293],[-119.73305,46.78272],[-119.73238,46.78291],[-119.73179,46.78368],[-119.73109,46.78311],[-119.73035,46.7829],[-119.72853,46.78305],[-119.72789,46.78344],[-119.72824,46.78418],[-119.72761,46.78416],[-119.72706,46.78471],[-119.72659,46.78407],[-119.72414,46.78374],[-119.72289,46.78395],[-119.72273,46.78425],[-119.72279,46.78469],[-119.72262,46.78493],[-119.72206,46.78463],[-119.72111,46.78446],[-119.72062,46.78444],[-119.72022,46.78481],[-119.71985,46.78442],[-119.71888,46.78423],[-119.71845,46.78465],[-119.71783,46.78452],[-119.71706,46.785],[-119.71646,46.78482],[-119.71556,46.7853],[-119.71445,46.78531],[-119.71422,46.78587],[-119.71407,46.78733],[-119.71389,46.78698],[-119.71349,46.78669],[-119.71267,46.78647],[-119.71183,46.78647],[-119.71131,46.78676],[-119.71099,46.78584],[-119.71037,46.78518],[-119.70923,46.78504],[-119.70882,46.78517],[-119.70873,46.78544],[-119.70769,46.78541],[-119.70563,46.78597],[-119.7036,46.78568],[-119.70328,46.78584],[-119.70325,46.78626],[-119.70357,46.78694],[-119.70445,46.78805],[-119.70444,46.78843],[-119.70344,46.78916],[-119.70347,46.79012],[-119.70242,46.78957],[-119.70242,46.78934],[-119.70171,46.78877],[-119.70144,46.7879],[-119.70008,46.78718],[-119.69946,46.78717],[-119.6991,46.78779],[-119.69913,46.78883],[-119.69904,46.7893],[-119.69888,46.78935],[-119.69902,46.78958],[-119.69892,46.78976],[-119.69851,46.78952],[-119.69743,46.78953],[-119.69551,46.78969],[-119.69521,46.78996],[-119.69467,46.78995],[-119.694,46.79034],[-119.69218,46.79013],[-119.69052,46.7908],[-119.69016,46.7913],[-119.69009,46.79181],[-119.68927,46.79157],[-119.68745,46.79161],[-119.68733,46.79127],[-119.68625,46.79109],[-119.68326,46.79124],[-119.68313,46.79172],[-119.6827,46.79145],[-119.68197,46.79168],[-119.68183,46.79166],[-119.68187,46.79133],[-119.6814,46.79111],[-119.68092,46.79156],[-119.68035,46.79116],[-119.67888,46.79074],[-119.67795,46.79091],[-119.67718,46.79143],[-119.67707,46.79162],[-119.67717,46.79223],[-119.67704,46.79244],[-119.67688,46.79223],[-119.67643,46.7923],[-119.67659,46.79188],[-119.67569,46.79069],[-119.67494,46.79082],[-119.67453,46.79121],[-119.67269,46.79139],[-119.67236,46.7916],[-119.67141,46.7914],[-119.67037,46.79072],[-119.66927,46.79056],[-119.66882,46.79084],[-119.66862,46.79126],[-119.66901,46.79209],[-119.66896,46.7925],[-119.66923,46.79285],[-119.66918,46.79299],[-119.66862,46.79263],[-119.66835,46.79215],[-119.66783,46.79177],[-119.66701,46.79183],[-119.66661,46.79087],[-119.66592,46.79049],[-119.6636,46.79094],[-119.66326,46.7911],[-119.66263,46.7919],[-119.66218,46.79141],[-119.66096,46.79157],[-119.66065,46.79175],[-119.66047,46.79212],[-119.65958,46.79276],[-119.65915,46.79286],[-119.65896,46.79267],[-119.65859,46.79263],[-119.65777,46.79315],[-119.65714,46.79327],[-119.65665,46.79324],[-119.65594,46.79276],[-119.65508,46.79255],[-119.65425,46.79186],[-119.65314,46.79156],[-119.64944,46.79156],[-119.64902,46.79175],[-119.64852,46.79266],[-119.64828,46.79231],[-119.6484,46.79162],[-119.64819,46.79142],[-119.64765,46.7914],[-119.64652,46.79185],[-119.64454,46.79133],[-119.64418,46.79139],[-119.64383,46.79125],[-119.64356,46.79142],[-119.64176,46.79114],[-119.6404,46.79126],[-119.63838,46.79182],[-119.63472,46.79133],[-119.63327,46.79141],[-119.63113,46.79187],[-119.63067,46.7922],[-119.63011,46.79226],[-119.62939,46.79279],[-119.62876,46.79235],[-119.62683,46.79167],[-119.6264,46.79177],[-119.62614,46.79137],[-119.62456,46.7911],[-119.6211,46.79156],[-119.62063,46.79192],[-119.6202,46.79183],[-119.61944,46.79203],[-119.61903,46.79246],[-119.61621,46.79159],[-119.61553,46.79174],[-119.61525,46.79157],[-119.61489,46.79167],[-119.61453,46.79155],[-119.61257,46.79198],[-119.61211,46.79174],[-119.61153,46.7919],[-119.61121,46.79172],[-119.61084,46.79173],[-119.60936,46.79236],[-119.60825,46.79261],[-119.6071,46.79193],[-119.60597,46.79152],[-119.6048,46.79146],[-119.60303,46.79163],[-119.60235,46.792],[-119.60229,46.79241],[-119.5997,46.79238],[-119.59698,46.79218],[-119.59629,46.79179],[-119.59407,46.79134],[-119.59375,46.7915],[-119.59372,46.79189],[-119.59022,46.79177],[-119.58988,46.79191],[-119.58947,46.79248],[-119.58854,46.79212],[-119.58645,46.79198],[-119.58529,46.79219],[-119.58463,46.79249],[-119.58414,46.792],[-119.58301,46.79195],[-119.58235,46.79175],[-119.58141,46.79189],[-119.58089,46.79226],[-119.58092,46.79169],[-119.58076,46.79157],[-119.57922,46.79156],[-119.57847,46.79198],[-119.57643,46.79201],[-119.57378,46.79131],[-119.57267,46.79085],[-119.57206,46.79096],[-119.57187,46.79064],[-119.56983,46.791],[-119.56843,46.79035],[-119.56797,46.79057],[-119.56744,46.7903],[-119.56629,46.79069],[-119.56479,46.79085],[-119.5635,46.79049],[-119.56294,46.79005],[-119.56207,46.79039],[-119.56198,46.79018],[-119.56211,46.7898],[-119.56191,46.78967],[-119.55963,46.79045],[-119.55722,46.7903],[-119.55662,46.79006],[-119.55604,46.78953],[-119.55408,46.78872],[-119.55365,46.78885],[-119.55323,46.78946],[-119.55309,46.78909],[-119.55282,46.78897],[-119.55243,46.78899],[-119.55169,46.7894],[-119.55082,46.78904],[-119.55024,46.78904],[-119.54996,46.78918],[-119.54994,46.78979],[-119.54943,46.78934],[-119.54853,46.78929],[-119.54389,46.78937],[-119.54353,46.78972],[-119.5433,46.78943],[-119.54229,46.78907],[-119.54043,46.78941],[-119.54022,46.78927],[-119.54034,46.78878],[-119.54009,46.7886],[-119.53893,46.78845],[-119.53864,46.78869],[-119.53853,46.78915],[-119.53777,46.78969],[-119.53774,46.78814],[-119.55883,46.78818],[-119.55859,46.78093],[-119.56927,46.78101],[-119.56941,46.77379],[-119.58009,46.77385],[-119.58019,46.76648],[-119.59069,46.76644],[-119.5908,46.75914],[-119.61161,46.75931],[-119.61162,46.75194],[-119.62188,46.75203],[-119.62167,46.74442],[-119.63222,46.74425],[-119.63206,46.73713],[-119.64238,46.7371],[-119.64242,46.72997],[-119.65294,46.73001],[-119.65304,46.72264],[-119.66365,46.72262],[-119.66364,46.71534],[-119.67431,46.71526],[-119.67442,46.70797],[-119.69519,46.70784],[-119.69524,46.70079],[-119.71616,46.70062],[-119.71633,46.69336],[-119.72683,46.69339],[-119.72692,46.68615],[-119.73742,46.68619],[-119.73757,46.67899],[-119.7478,46.67902],[-119.74798,46.67178],[-119.75857,46.6718],[-119.75869,46.6646],[-119.76909,46.6646],[-119.76908,46.65012],[-119.79038,46.65067],[-119.79026,46.63615],[-119.80092,46.63608],[-119.80086,46.63234],[-119.80237,46.63215],[-119.80326,46.6318],[-119.80645,46.63144],[-119.80804,46.63104],[-119.8105,46.63069],[-119.82103,46.62974],[-119.82118,46.62964],[-119.82069,46.62943],[-119.82165,46.62918],[-119.82438,46.62878],[-119.82467,46.62886],[-119.82707,46.62828],[-119.83542,46.62772],[-119.83685,46.62781],[-119.83925,46.62763],[-119.84122,46.62789],[-119.84825,46.62772],[-119.8554,46.62776],[-119.86524,46.62854],[-119.87181,46.62987],[-119.87222,46.63007],[-119.87287,46.63129],[-119.87268,46.63009],[-119.87704,46.63093],[-119.87902,46.63154],[-119.88259,46.6323],[-119.88766,46.63243],[-119.89166,46.6329],[-119.89442,46.63374],[-119.89819,46.63558],[-119.90097,46.63717],[-119.90263,46.63914],[-119.9051,46.64159],[-119.90514,46.64311],[-119.90569,46.64449],[-119.90619,46.64504],[-119.90635,46.64502],[-119.90704,46.64564],[-119.90995,46.64414],[-119.91026,46.64441],[-119.90733,46.646],[-119.90813,46.64672],[-119.90796,46.64683],[-119.90824,46.64711],[-119.9081,46.64718],[-119.90777,46.6469],[-119.89509,46.6537],[-119.89814,46.65569],[-119.90059,46.65758],[-119.90445,46.66095],[-119.90725,46.66393],[-119.9103,46.66654],[-119.91198,46.6677],[-119.91319,46.66883],[-119.91604,46.67097],[-119.9179,46.67202],[-119.92169,46.67463],[-119.92771,46.67951],[-119.92925,46.68107],[-119.93263,46.68385],[-119.93268,46.68409],[-119.93247,46.68393],[-119.93231,46.68405],[-119.9328,46.68458],[-119.93299,46.68453],[-119.93284,46.68412],[-119.93303,46.68421],[-119.93689,46.6894],[-119.93762,46.69103],[-119.93864,46.69269],[-119.93865,46.69324],[-119.93896,46.6939],[-119.93966,46.69408],[-119.93999,46.69485],[-119.94034,46.69512],[-119.94013,46.6958],[-119.94016,46.69643],[-119.94035,46.69674],[-119.94019,46.69748],[-119.94036,46.69775],[-119.94177,46.69876],[-119.94177,46.69925],[-119.94158,46.69942],[-119.94105,46.69944],[-119.94105,46.69967],[-119.94072,46.70003],[-119.94126,46.70079],[-119.94124,46.70152],[-119.94187,46.70276],[-119.94288,46.70322],[-119.94322,46.70241],[-119.94366,46.70233],[-119.9442,46.70287],[-119.94477,46.70255],[-119.94543,46.7026],[-119.94612,46.70321],[-119.94602,46.7027],[-119.94613,46.70242],[-119.94751,46.70199],[-119.94791,46.70255],[-119.94816,46.70237],[-119.94829,46.70244],[-119.94827,46.70324],[-119.94881,46.70248],[-119.94927,46.70276],[-119.94956,46.70337],[-119.94942,46.70378],[-119.94759,46.70502],[-119.94902,46.70443],[-119.95001,46.70477],[-119.95047,46.70543],[-119.95017,46.70598],[-119.94941,46.7068],[-119.95018,46.70615],[-119.95052,46.70609],[-119.95067,46.70626],[-119.95066,46.70714],[-119.9504,46.70763],[-119.95092,46.70709],[-119.95114,46.70709],[-119.95139,46.70803],[-119.95089,46.70933],[-119.94984,46.71053],[-119.95047,46.71032],[-119.94947,46.71177],[-119.94928,46.71232],[-119.95087,46.71032],[-119.95171,46.70892],[-119.95248,46.7062],[-119.95181,46.70542],[-119.95189,46.70492],[-119.95213,46.70479],[-119.95218,46.70423],[-119.95151,46.70174],[-119.95184,46.70186],[-119.95354,46.70389],[-119.9542,46.70446],[-119.9563,46.70722],[-119.95649,46.7078],[-119.95469,46.70884],[-119.95353,46.71042],[-119.95309,46.71217],[-119.95316,46.71451],[-119.95249,46.71655],[-119.95233,46.71725],[-119.95243,46.71758],[-119.95267,46.71738],[-119.95289,46.71652],[-119.95373,46.7148],[-119.95403,46.71193],[-119.95478,46.71068],[-119.95623,46.70989],[-119.95781,46.70951],[-119.9593,46.71119],[-119.95974,46.71282],[-119.96018,46.71357],[-119.96043,46.71499],[-119.96117,46.7164],[-119.96131,46.71904],[-119.96161,46.72002],[-119.96198,46.72054],[-119.96195,46.72127],[-119.96213,46.72133],[-119.96227,46.72104],[-119.96245,46.71955],[-119.96278,46.71894],[-119.96302,46.71893],[-119.96361,46.71975],[-119.9637,46.72076],[-119.96435,46.72273],[-119.96416,46.72502],[-119.9652,46.72598],[-119.96544,46.72598],[-119.96622,46.72496],[-119.96687,46.72545],[-119.96706,46.72748],[-119.96744,46.7289],[-119.96749,46.73057],[-119.96711,46.73122],[-119.967,46.73187],[-119.96729,46.73257],[-119.96714,46.73318],[-119.96637,46.73422],[-119.96575,46.7356],[-119.96498,46.73638],[-119.96436,46.7364],[-119.96432,46.7368],[-119.96414,46.73697],[-119.96248,46.73752],[-119.96175,46.738],[-119.96006,46.73846],[-119.95885,46.73906],[-119.95836,46.73955],[-119.95948,46.73951],[-119.9596,46.73967],[-119.95821,46.74043],[-119.95695,46.74162],[-119.95653,46.74183],[-119.95641,46.74213],[-119.95483,46.74235],[-119.95612,46.74264],[-119.95622,46.74282],[-119.95563,46.74325],[-119.95542,46.74364],[-119.95465,46.74416],[-119.95452,46.74498],[-119.95633,46.74443],[-119.95687,46.74442],[-119.95577,46.74554],[-119.95416,46.74666],[-119.95425,46.74679],[-119.95515,46.74692],[-119.95519,46.74711],[-119.95498,46.74734],[-119.95509,46.74744],[-119.95561,46.74727],[-119.95891,46.74482],[-119.96132,46.74212],[-119.96268,46.74092],[-119.96402,46.74011],[-119.96745,46.73845],[-119.96821,46.73819],[-119.9688,46.73821],[-119.96912,46.73851],[-119.96904,46.74046],[-119.968,46.74773],[-119.96773,46.74843],[-119.96771,46.74901],[-119.96751,46.74925],[-119.96768,46.74989],[-119.96723,46.7506],[-119.96716,46.75101],[-119.96608,46.75322],[-119.9651,46.75493],[-119.96453,46.75561],[-119.96424,46.75678],[-119.96155,46.75979],[-119.95919,46.76114],[-119.95674,46.7623],[-119.95453,46.76281],[-119.95264,46.76353],[-119.9524,46.76385],[-119.95147,46.76411],[-119.95069,46.76474],[-119.94985,46.7651],[-119.94787,46.76551],[-119.94546,46.76713],[-119.93981,46.77203],[-119.9372,46.77483],[-119.93676,46.77555],[-119.93436,46.77799],[-119.93345,46.77933],[-119.93312,46.78053],[-119.93323,46.78105],[-119.93271,46.78155],[-119.93266,46.78161]]]]}},{"type":"Feature","properties":{"ava_id":"walla_walla_valley","name":"Walla Walla Valley","aka":null,"state":"OR|WA","county":"Umatilla|Walla Walla","within":"Columbia Valley","contains":"The Rocks District of Milton-Freewater","cfr_index":"9.91","valid_start":"2001-04-27"},"geometry":{"type":"MultiPolygon","coordinates":[[[[-118.75366,45.9902],[-118.75433,46.06561],[-118.71665,46.13036],[-118.28983,46.20857],[-118.2119,46.20845],[-118.18645,46.20819],[-118.11879,46.16609],[-118.12028,46.16463],[-118.12249,46.16433],[-118.12281,46.16367],[-118.12516,46.16338],[-118.127,46.16188],[-118.12761,46.158],[-118.12858,46.15711],[-118.1279,46.15541],[-118.12635,46.15438],[-118.12412,46.15436],[-118.12061,46.15258],[-118.12059,46.15189],[-118.12309,46.15217],[-118.12648,46.15218],[-118.12895,46.15379],[-118.13003,46.15403],[-118.1307,46.1534],[-118.13057,46.15209],[-118.1325,46.15156],[-118.13282,46.15084],[-118.13223,46.14927],[-118.1325,46.14777],[-118.13198,46.14667],[-118.13065,46.14539],[-118.12962,46.1449],[-118.12804,46.1449],[-118.1279,46.14581],[-118.12747,46.14594],[-118.12695,46.14573],[-118.12638,46.1448],[-118.12637,46.14237],[-118.12599,46.14217],[-118.12379,46.14222],[-118.12252,46.14162],[-118.12201,46.1411],[-118.1219,46.14053],[-118.12343,46.13896],[-118.12339,46.13774],[-118.12282,46.13696],[-118.12088,46.13703],[-118.1198,46.13833],[-118.1176,46.13889],[-118.11309,46.13758],[-118.11331,46.13727],[-118.11786,46.13664],[-118.11775,46.13603],[-118.1167,46.13516],[-118.11561,46.13476],[-118.11547,46.13403],[-118.11582,46.13341],[-118.11449,46.13255],[-118.1121,46.13171],[-118.11156,46.131],[-118.10986,46.13005],[-118.10868,46.12961],[-118.10611,46.12939],[-118.10578,46.12896],[-118.10582,46.12796],[-118.10389,46.12683],[-118.10343,46.12551],[-118.10411,46.12503],[-118.10595,46.12506],[-118.11452,46.12646],[-118.12044,46.1297],[-118.12245,46.13019],[-118.12597,46.13034],[-118.1275,46.13226],[-118.13102,46.13343],[-118.13203,46.13471],[-118.13231,46.13657],[-118.13384,46.13756],[-118.13409,46.13877],[-118.13509,46.13922],[-118.13564,46.13923],[-118.13595,46.13871],[-118.13471,46.13559],[-118.13425,46.13292],[-118.13473,46.132],[-118.13671,46.13121],[-118.13738,46.13065],[-118.13714,46.13001],[-118.13657,46.12972],[-118.13414,46.1293],[-118.13287,46.13016],[-118.1324,46.13179],[-118.13202,46.13207],[-118.1314,46.13199],[-118.1309,46.13103],[-118.12854,46.12904],[-118.13134,46.12646],[-118.13178,46.12577],[-118.13197,46.12451],[-118.13164,46.1242],[-118.13024,46.1242],[-118.12933,46.12488],[-118.1287,46.12468],[-118.12796,46.12324],[-118.12741,46.12296],[-118.12634,46.12294],[-118.12554,46.12327],[-118.12471,46.12387],[-118.12424,46.12493],[-118.12344,46.12493],[-118.12314,46.12456],[-118.123,46.12297],[-118.12276,46.12245],[-118.12194,46.1219],[-118.11939,46.12152],[-118.11743,46.12202],[-118.1177,46.1193],[-118.12154,46.11943],[-118.12143,46.11884],[-118.1155,46.11466],[-118.1115,46.11362],[-118.1111,46.11253],[-118.10915,46.11087],[-118.10945,46.10904],[-118.11066,46.10873],[-118.11726,46.11069],[-118.12068,46.11247],[-118.12226,46.11266],[-118.12337,46.11429],[-118.12855,46.11673],[-118.12976,46.11662],[-118.12974,46.11312],[-118.12907,46.11172],[-118.12833,46.11141],[-118.12824,46.11051],[-118.12915,46.10942],[-118.12824,46.10793],[-118.12629,46.10682],[-118.12672,46.10573],[-118.12617,46.10499],[-118.12338,46.10299],[-118.12338,46.1025],[-118.12394,46.10231],[-118.12571,46.10298],[-118.12636,46.10255],[-118.12558,46.10085],[-118.12159,46.09604],[-118.1177,46.0935],[-118.11509,46.09245],[-118.11016,46.09209],[-118.11012,46.09153],[-118.1106,46.09088],[-118.11271,46.08963],[-118.11408,46.08902],[-118.11474,46.089],[-118.11598,46.08929],[-118.11815,46.08923],[-118.12049,46.0896],[-118.12215,46.09015],[-118.12337,46.09035],[-118.1246,46.09091],[-118.12558,46.09172],[-118.12733,46.09364],[-118.12966,46.09491],[-118.13024,46.09608],[-118.13157,46.09672],[-118.13154,46.09813],[-118.1321,46.09854],[-118.13317,46.09887],[-118.13363,46.09928],[-118.13368,46.10153],[-118.13425,46.10256],[-118.13506,46.10308],[-118.13574,46.1038],[-118.13609,46.10479],[-118.13685,46.10581],[-118.13715,46.10872],[-118.13772,46.10979],[-118.13869,46.11049],[-118.13818,46.11249],[-118.13843,46.11295],[-118.13943,46.11396],[-118.13973,46.11462],[-118.13975,46.11552],[-118.13946,46.1162],[-118.13958,46.11685],[-118.14247,46.12041],[-118.14302,46.12084],[-118.14376,46.12086],[-118.14434,46.12024],[-118.14511,46.11865],[-118.14547,46.11715],[-118.1455,46.11635],[-118.14523,46.11548],[-118.14525,46.11252],[-118.14547,46.11003],[-118.14558,46.09474],[-118.14474,46.09376],[-118.14382,46.09338],[-118.14222,46.09313],[-118.1412,46.09244],[-118.13984,46.09203],[-118.13887,46.09198],[-118.13812,46.09174],[-118.13743,46.09062],[-118.13688,46.09041],[-118.13668,46.0901],[-118.13695,46.08961],[-118.138,46.08928],[-118.13804,46.08803],[-118.13773,46.08755],[-118.13692,46.08705],[-118.13536,46.08666],[-118.13312,46.08656],[-118.13261,46.0862],[-118.13259,46.08576],[-118.13287,46.0853],[-118.1339,46.08525],[-118.1347,46.08477],[-118.13627,46.08559],[-118.13873,46.08611],[-118.1399,46.08671],[-118.14076,46.08746],[-118.14144,46.08778],[-118.14197,46.08779],[-118.1431,46.0874],[-118.14434,46.08751],[-118.14529,46.08781],[-118.1472,46.08781],[-118.14761,46.08757],[-118.1479,46.08552],[-118.14822,46.08511],[-118.14901,46.08478],[-118.14955,46.08423],[-118.14957,46.08318],[-118.14928,46.0826],[-118.1481,46.08189],[-118.14756,46.08092],[-118.14557,46.08037],[-118.14452,46.0794],[-118.14455,46.07816],[-118.14511,46.07759],[-118.14654,46.07686],[-118.14873,46.07663],[-118.14947,46.07636],[-118.15029,46.07547],[-118.15162,46.07488],[-118.15194,46.07436],[-118.1518,46.07402],[-118.15109,46.07361],[-118.14944,46.07322],[-118.14901,46.07293],[-118.14895,46.07248],[-118.1492,46.07133],[-118.14895,46.07077],[-118.14829,46.07044],[-118.14599,46.07074],[-118.14391,46.0713],[-118.14056,46.07332],[-118.14011,46.07334],[-118.1396,46.07301],[-118.1395,46.07243],[-118.14212,46.07036],[-118.14239,46.06958],[-118.14219,46.06921],[-118.1422,46.06856],[-118.14384,46.06805],[-118.14475,46.06754],[-118.14674,46.0671],[-118.1474,46.06668],[-118.14759,46.06611],[-118.14738,46.06542],[-118.14635,46.06439],[-118.14169,46.06164],[-118.14025,46.06132],[-118.13858,46.06132],[-118.13765,46.06155],[-118.13338,46.06376],[-118.13186,46.06378],[-118.13103,46.06423],[-118.13047,46.06501],[-118.12989,46.06526],[-118.12819,46.06471],[-118.12778,46.06471],[-118.12728,46.06536],[-118.12689,46.06556],[-118.12444,46.06483],[-118.11863,46.0651],[-118.11447,46.06573],[-118.11368,46.06627],[-118.11288,46.06742],[-118.11208,46.0678],[-118.11046,46.06754],[-118.10968,46.06761],[-118.10887,46.06791],[-118.10753,46.06794],[-118.1069,46.06752],[-118.10667,46.06696],[-118.10696,46.06586],[-118.10692,46.0653],[-118.10663,46.0649],[-118.10582,46.06465],[-118.10465,46.06481],[-118.10378,46.06468],[-118.10152,46.06335],[-118.09928,46.0635],[-118.09871,46.0633],[-118.09847,46.06295],[-118.09874,46.06216],[-118.09797,46.06084],[-118.09852,46.05999],[-118.09921,46.05982],[-118.09992,46.06012],[-118.10065,46.06108],[-118.1016,46.0616],[-118.10293,46.06215],[-118.10364,46.06225],[-118.12314,46.05954],[-118.12395,46.05904],[-118.12399,46.05854],[-118.12374,46.05814],[-118.12136,46.05679],[-118.12072,46.0552],[-118.12079,46.05461],[-118.12171,46.05385],[-118.12213,46.05383],[-118.12432,46.05461],[-118.12537,46.05477],[-118.12835,46.05598],[-118.12952,46.05665],[-118.13042,46.05683],[-118.13154,46.05672],[-118.13231,46.05625],[-118.13246,46.05577],[-118.1321,46.05446],[-118.13221,46.05418],[-118.13272,46.05388],[-118.13442,46.05364],[-118.13486,46.05335],[-118.1353,46.05335],[-118.13649,46.0539],[-118.1372,46.05374],[-118.13797,46.05306],[-118.13804,46.05239],[-118.13777,46.05165],[-118.13692,46.05059],[-118.13261,46.0471],[-118.13107,46.04455],[-118.13108,46.04405],[-118.13142,46.04394],[-118.13181,46.04404],[-118.13271,46.04493],[-118.13484,46.04638],[-118.13736,46.0478],[-118.1438,46.04956],[-118.14549,46.04937],[-118.14612,46.04859],[-118.14604,46.04532],[-118.14579,46.0447],[-118.14554,46.04436],[-118.14411,46.04359],[-118.14385,46.0431],[-118.14385,46.04273],[-118.14431,46.04245],[-118.14549,46.04227],[-118.14587,46.04179],[-118.1458,46.04125],[-118.14421,46.03959],[-118.14243,46.0382],[-118.14241,46.03775],[-118.14287,46.03741],[-118.14306,46.03682],[-118.14265,46.03568],[-118.14211,46.0346],[-118.14129,46.03385],[-118.14052,46.03359],[-118.14036,46.03223],[-118.13997,46.0315],[-118.13745,46.02939],[-118.13628,46.02929],[-118.13566,46.02893],[-118.13523,46.02845],[-118.13481,46.02763],[-118.13373,46.02707],[-118.13275,46.02697],[-118.13184,46.02652],[-118.13131,46.02596],[-118.1312,46.02516],[-118.12891,46.02427],[-118.12836,46.02357],[-118.1286,46.0224],[-118.12835,46.02189],[-118.12626,46.02042],[-118.12499,46.02005],[-118.12436,46.0197],[-118.12406,46.01926],[-118.1239,46.01789],[-118.1235,46.01735],[-118.12136,46.01608],[-118.12015,46.01571],[-118.11879,46.01567],[-118.11797,46.01528],[-118.11758,46.01481],[-118.11757,46.01412],[-118.11729,46.01331],[-118.11688,46.01308],[-118.11671,46.01258],[-118.11545,46.01064],[-118.11515,46.0096],[-118.11464,46.00866],[-118.11417,46.00801],[-118.11415,46.00739],[-118.11437,46.00697],[-118.11439,46.00629],[-118.11413,46.00565],[-118.11281,46.00456],[-118.11281,46.00376],[-118.1121,46.00304],[-118.11181,46.00251],[-118.11206,46.00186],[-118.11258,46.00162],[-118.11287,46.00126],[-118.11309,46],[-118.11582,46.00005],[-118.11801,46.00239],[-118.1199,46.00641],[-118.11992,46.00729],[-118.12068,46.00792],[-118.12066,46.00879],[-118.12125,46.01015],[-118.12179,46.01066],[-118.12229,46.01189],[-118.12351,46.01277],[-118.12546,46.01366],[-118.12848,46.01542],[-118.12876,46.01584],[-118.12996,46.01673],[-118.13084,46.01675],[-118.13114,46.017],[-118.13127,46.01784],[-118.13247,46.0187],[-118.13414,46.02048],[-118.1347,46.02092],[-118.13568,46.02097],[-118.13629,46.02136],[-118.1363,46.0228],[-118.13684,46.02324],[-118.13825,46.02325],[-118.13956,46.02363],[-118.14016,46.02415],[-118.14143,46.02412],[-118.14243,46.02372],[-118.14309,46.02408],[-118.14294,46.02582],[-118.14321,46.02613],[-118.14403,46.02615],[-118.14468,46.02681],[-118.14471,46.0284],[-118.14526,46.02911],[-118.14619,46.02938],[-118.14862,46.02961],[-118.15045,46.0309],[-118.15172,46.03119],[-118.15309,46.03176],[-118.1536,46.0327],[-118.15334,46.03374],[-118.15285,46.03408],[-118.15282,46.03458],[-118.15303,46.03488],[-118.15308,46.03563],[-118.15365,46.03611],[-118.15423,46.03614],[-118.1551,46.03671],[-118.15594,46.03777],[-118.1568,46.04264],[-118.15747,46.04426],[-118.15776,46.04541],[-118.15782,46.0463],[-118.15759,46.04715],[-118.15722,46.05307],[-118.15744,46.05409],[-118.15885,46.05593],[-118.15984,46.0563],[-118.16046,46.05629],[-118.16218,46.05558],[-118.16479,46.05402],[-118.16548,46.05327],[-118.16721,46.05235],[-118.16807,46.05127],[-118.1682,46.04811],[-118.16906,46.04677],[-118.17038,46.04539],[-118.17046,46.04448],[-118.17032,46.04358],[-118.17047,46.04296],[-118.17171,46.04237],[-118.17427,46.0424],[-118.17589,46.04218],[-118.17666,46.04161],[-118.17681,46.04109],[-118.17671,46.04026],[-118.1762,46.03935],[-118.17512,46.0382],[-118.17079,46.03462],[-118.16889,46.03327],[-118.16807,46.03295],[-118.16788,46.03252],[-118.16857,46.03137],[-118.16913,46.03119],[-118.16965,46.0313],[-118.17096,46.03199],[-118.1721,46.03216],[-118.17329,46.03265],[-118.17423,46.03339],[-118.17646,46.03457],[-118.17711,46.03478],[-118.17754,46.03458],[-118.17867,46.03291],[-118.17989,46.03291],[-118.18204,46.03345],[-118.18271,46.03331],[-118.18323,46.03286],[-118.18338,46.0324],[-118.18319,46.03195],[-118.18293,46.03159],[-118.18182,46.03084],[-118.1772,46.02942],[-118.17473,46.02781],[-118.17294,46.02708],[-118.17273,46.02661],[-118.17291,46.0262],[-118.17343,46.02565],[-118.17568,46.0246],[-118.17675,46.02433],[-118.17755,46.02435],[-118.17875,46.02508],[-118.17946,46.02582],[-118.18114,46.02675],[-118.18208,46.02678],[-118.18269,46.02639],[-118.18293,46.02587],[-118.18275,46.02503],[-118.18244,46.02447],[-118.18169,46.02356],[-118.17951,46.02219],[-118.17907,46.02168],[-118.17905,46.02129],[-118.17969,46.02033],[-118.1782,46.0175],[-118.17796,46.01651],[-118.17798,46.0159],[-118.17859,46.01523],[-118.1793,46.01503],[-118.17985,46.01519],[-118.18339,46.01815],[-118.18511,46.0193],[-118.18557,46.0198],[-118.18699,46.02083],[-118.1886,46.02168],[-118.19106,46.02268],[-118.19163,46.0232],[-118.19246,46.02365],[-118.19342,46.02356],[-118.19548,46.02388],[-118.19613,46.02348],[-118.19628,46.02291],[-118.19615,46.02202],[-118.19565,46.02134],[-118.19549,46.02082],[-118.19571,46.02046],[-118.19693,46.01999],[-118.1971,46.01925],[-118.19805,46.01846],[-118.19832,46.01704],[-118.19758,46.01436],[-118.1977,46.01376],[-118.19799,46.01345],[-118.19862,46.01331],[-118.19944,46.01362],[-118.20011,46.01422],[-118.20039,46.0149],[-118.20066,46.01514],[-118.20341,46.01381],[-118.20413,46.01324],[-118.20424,46.01288],[-118.20394,46.01229],[-118.20221,46.01116],[-118.20184,46.01081],[-118.20185,46.01039],[-118.20241,46.01006],[-118.20325,46.0099],[-118.20398,46.01004],[-118.20483,46.01061],[-118.20579,46.01061],[-118.20647,46.01024],[-118.20718,46.00954],[-118.20758,46.00704],[-118.2078,46.00364],[-118.2088,46.00236],[-118.20999,46.00138],[-118.21087,46.0012],[-118.21161,46.00133],[-118.21233,46.00267],[-118.21352,46.00373],[-118.21476,46.00399],[-118.21525,46.00374],[-118.21551,46.00308],[-118.21529,46.00223],[-118.21485,46.00163],[-118.21477,46.00102],[-118.21658,46.00029],[-118.21676,45.99972],[-118.2163,45.9997],[-118.21628,45.99859],[-118.21558,45.9969],[-118.21557,45.99578],[-118.21618,45.99451],[-118.21608,45.99385],[-118.21563,45.9934],[-118.21243,45.99333],[-118.21112,45.99283],[-118.20989,45.99274],[-118.20848,45.99239],[-118.20765,45.99202],[-118.20684,45.99106],[-118.20603,45.99065],[-118.2035,45.99028],[-118.20311,45.99002],[-118.20283,45.98928],[-118.20251,45.98898],[-118.20168,45.98871],[-118.20025,45.98855],[-118.19982,45.98817],[-118.19952,45.98701],[-118.19848,45.98622],[-118.1974,45.98565],[-118.19687,45.98495],[-118.19686,45.98433],[-118.19715,45.98389],[-118.19852,45.98338],[-118.19973,45.98329],[-118.20109,45.98339],[-118.20367,45.98424],[-118.2047,45.98341],[-118.20557,45.9834],[-118.2064,45.98371],[-118.20727,45.98436],[-118.20993,45.98566],[-118.21281,45.9863],[-118.21401,45.98611],[-118.21503,45.98559],[-118.21841,45.9852],[-118.21925,45.98486],[-118.21973,45.98437],[-118.21974,45.98388],[-118.21922,45.98319],[-118.21793,45.98233],[-118.21792,45.98195],[-118.21823,45.98168],[-118.21944,45.98135],[-118.22054,45.98056],[-118.22258,45.98057],[-118.22423,45.98089],[-118.2252,45.98067],[-118.22606,45.98026],[-118.22667,45.97965],[-118.22705,45.97855],[-118.22697,45.97806],[-118.22641,45.97755],[-118.22588,45.9773],[-118.22502,45.97716],[-118.22318,45.97735],[-118.221,45.97703],[-118.21915,45.97726],[-118.21852,45.97711],[-118.21828,45.9767],[-118.21842,45.97638],[-118.21938,45.97573],[-118.22103,45.97495],[-118.22461,45.97382],[-118.22537,45.97317],[-118.22578,45.97216],[-118.22569,45.97156],[-118.2249,45.97101],[-118.22416,45.97072],[-118.22277,45.96966],[-118.22178,45.96952],[-118.21892,45.97018],[-118.21588,45.97132],[-118.21511,45.9713],[-118.21457,45.97064],[-118.21456,45.9701],[-118.21482,45.96983],[-118.21757,45.96881],[-118.22002,45.96722],[-118.22085,45.96582],[-118.22087,45.96525],[-118.22059,45.96466],[-118.21994,45.9642],[-118.2187,45.96383],[-118.21613,45.9638],[-118.21574,45.96344],[-118.21577,45.96282],[-118.21653,45.96226],[-118.21709,45.96154],[-118.21709,45.96104],[-118.21476,45.95947],[-118.21308,45.95756],[-118.21222,45.957],[-118.2104,45.95701],[-118.20691,45.95863],[-118.20573,45.95883],[-118.20364,45.95865],[-118.2031,45.95844],[-118.20272,45.95799],[-118.20274,45.9575],[-118.20328,45.95711],[-118.20543,45.95638],[-118.20724,45.95535],[-118.20781,45.95473],[-118.20782,45.95421],[-118.20689,45.95296],[-118.20519,45.95169],[-118.20467,45.95088],[-118.20432,45.94968],[-118.20237,45.94746],[-118.20218,45.94661],[-118.20246,45.94579],[-118.20314,45.94551],[-118.2046,45.94552],[-118.20558,45.94628],[-118.20831,45.95043],[-118.20935,45.95158],[-118.21046,45.95233],[-118.21223,45.953],[-118.21511,45.9547],[-118.21815,45.95572],[-118.21945,45.95647],[-118.2206,45.95737],[-118.22156,45.95751],[-118.22317,45.95737],[-118.22397,45.95747],[-118.2245,45.95796],[-118.22465,45.95859],[-118.22454,45.95934],[-118.22481,45.96024],[-118.22506,45.96059],[-118.22559,45.96102],[-118.22884,45.96283],[-118.2299,45.96379],[-118.23129,45.96545],[-118.23187,45.96565],[-118.23372,45.96552],[-118.2347,45.9653],[-118.23551,45.96492],[-118.23561,45.96457],[-118.23538,45.96397],[-118.23465,45.96297],[-118.23441,45.9621],[-118.23464,45.96141],[-118.23526,45.96125],[-118.2359,45.96137],[-118.23732,45.9624],[-118.23855,45.96288],[-118.23987,45.96266],[-118.24109,45.962],[-118.24307,45.96225],[-118.24393,45.96214],[-118.24465,45.96173],[-118.24501,45.96133],[-118.24489,45.96071],[-118.24501,45.96023],[-118.24545,45.95985],[-118.24565,45.95939],[-118.2455,45.95891],[-118.24496,45.95853],[-118.24314,45.95844],[-118.24147,45.95847],[-118.24051,45.9587],[-118.23982,45.95857],[-118.23928,45.95824],[-118.23929,45.9575],[-118.23982,45.95694],[-118.22755,45.94659],[-118.22778,45.94631],[-118.22838,45.94626],[-118.22921,45.94656],[-118.22985,45.94658],[-118.23139,45.94608],[-118.23179,45.9461],[-118.23239,45.94647],[-118.23331,45.94648],[-118.23674,45.94593],[-118.23729,45.94567],[-118.23778,45.94505],[-118.2378,45.9443],[-118.23755,45.94339],[-118.23682,45.94239],[-118.23594,45.94062],[-118.23516,45.9385],[-118.23526,45.93811],[-118.236,45.93802],[-118.23662,45.93822],[-118.23793,45.94024],[-118.2408,45.94235],[-118.24251,45.94433],[-118.2439,45.94492],[-118.24724,45.94475],[-118.24771,45.94448],[-118.24819,45.9439],[-118.24817,45.94328],[-118.24779,45.94282],[-118.24738,45.94186],[-118.24366,45.93807],[-118.24348,45.93733],[-118.24393,45.93587],[-118.24393,45.93521],[-118.2435,45.93405],[-118.24349,45.93329],[-118.24407,45.93035],[-118.24443,45.93006],[-118.24512,45.92985],[-118.24608,45.93004],[-118.24673,45.93051],[-118.24725,45.93143],[-118.24751,45.93503],[-118.24802,45.9362],[-118.24859,45.93696],[-118.25006,45.93783],[-118.25168,45.93842],[-118.25399,45.94042],[-118.25509,45.94088],[-118.25618,45.94109],[-118.25916,45.94043],[-118.25972,45.94014],[-118.25988,45.93971],[-118.25972,45.9393],[-118.25922,45.93881],[-118.25766,45.93783],[-118.25762,45.93715],[-118.25842,45.93675],[-118.26005,45.93656],[-118.26057,45.93615],[-118.26077,45.93568],[-118.26076,45.93514],[-118.26001,45.93354],[-118.25844,45.93228],[-118.25549,45.92916],[-118.25449,45.9273],[-118.2545,45.92616],[-118.25514,45.92596],[-118.25606,45.92625],[-118.25832,45.92757],[-118.26107,45.92849],[-118.26328,45.92877],[-118.26411,45.92857],[-118.26646,45.92729],[-118.26721,45.92661],[-118.26753,45.92594],[-118.26744,45.92337],[-118.26655,45.92166],[-118.2664,45.9209],[-118.26657,45.92046],[-118.26791,45.92035],[-118.26881,45.92084],[-118.27087,45.92273],[-118.27253,45.9251],[-118.27548,45.92757],[-118.27758,45.92847],[-118.27815,45.92842],[-118.27904,45.92787],[-118.27919,45.92705],[-118.27822,45.92421],[-118.27822,45.92324],[-118.27873,45.92155],[-118.27852,45.92047],[-118.27826,45.92015],[-118.27632,45.91898],[-118.27528,45.91857],[-118.27286,45.91853],[-118.27205,45.91835],[-118.27152,45.91786],[-118.27151,45.91738],[-118.27201,45.91676],[-118.27198,45.9163],[-118.27124,45.9158],[-118.26988,45.91537],[-118.26856,45.91525],[-118.26743,45.91476],[-118.26637,45.91394],[-118.26581,45.91374],[-118.26376,45.91351],[-118.26213,45.91278],[-118.25874,45.91196],[-118.25828,45.91175],[-118.25745,45.91081],[-118.25711,45.90894],[-118.25719,45.90855],[-118.25772,45.90815],[-118.25956,45.90814],[-118.26586,45.90934],[-118.26901,45.91015],[-118.27156,45.91113],[-118.27407,45.91246],[-118.27471,45.91264],[-118.27619,45.91265],[-118.27672,45.91243],[-118.27725,45.91195],[-118.27727,45.91151],[-118.27674,45.91089],[-118.27649,45.91024],[-118.27681,45.9096],[-118.27731,45.90932],[-118.27731,45.90897],[-118.27703,45.90862],[-118.2765,45.90834],[-118.27558,45.90819],[-118.27408,45.90825],[-118.27311,45.90803],[-118.27244,45.90763],[-118.27216,45.90644],[-118.27194,45.90618],[-118.27008,45.90612],[-118.26968,45.90561],[-118.26853,45.90508],[-118.26793,45.90509],[-118.26709,45.90553],[-118.26619,45.90659],[-118.26564,45.90686],[-118.26441,45.90693],[-118.26253,45.90669],[-118.25983,45.90666],[-118.25772,45.9061],[-118.25694,45.9061],[-118.25578,45.90713],[-118.25465,45.90768],[-118.25388,45.90786],[-118.25317,45.90758],[-118.2528,45.90703],[-118.25283,45.90609],[-118.2533,45.90529],[-118.25332,45.90455],[-118.25236,45.90358],[-118.25221,45.90299],[-118.25235,45.90252],[-118.25314,45.90183],[-118.25315,45.90144],[-118.25268,45.90112],[-118.25171,45.90101],[-118.25058,45.90101],[-118.24985,45.90122],[-118.24737,45.90123],[-118.2462,45.9017],[-118.24382,45.90309],[-118.24272,45.90331],[-118.24041,45.90292],[-118.23917,45.90291],[-118.23483,45.90347],[-118.23188,45.90315],[-118.2313,45.90287],[-118.23101,45.90241],[-118.23103,45.9018],[-118.23133,45.90143],[-118.2319,45.90115],[-118.23447,45.90094],[-118.23919,45.90024],[-118.24265,45.89947],[-118.2455,45.89855],[-118.24583,45.89816],[-118.24583,45.89775],[-118.24435,45.89693],[-118.23986,45.89584],[-118.23866,45.89524],[-118.23648,45.8938],[-118.23327,45.89296],[-118.23009,45.89289],[-118.22912,45.89271],[-118.22848,45.89208],[-118.22848,45.89169],[-118.22874,45.8912],[-118.22871,45.89069],[-118.2282,45.89034],[-118.2232,45.88916],[-118.21334,45.88718],[-118.21136,45.88711],[-118.20914,45.88633],[-118.20823,45.88617],[-118.20498,45.88616],[-118.20101,45.88653],[-118.19951,45.88651],[-118.19785,45.88692],[-118.19497,45.88717],[-118.19347,45.88765],[-118.19035,45.88793],[-118.18775,45.88847],[-118.18599,45.88846],[-118.18556,45.88816],[-118.18542,45.88769],[-118.1855,45.88732],[-118.18938,45.88603],[-118.19203,45.8855],[-118.19596,45.88503],[-118.19861,45.88418],[-118.20318,45.88325],[-118.20462,45.88316],[-118.2084,45.8834],[-118.21102,45.88328],[-118.21264,45.88301],[-118.21695,45.88403],[-118.22026,45.88441],[-118.22214,45.88486],[-118.2269,45.88529],[-118.23029,45.88624],[-118.23327,45.88648],[-118.23725,45.88771],[-118.24213,45.88864],[-118.24486,45.88976],[-118.24986,45.891],[-118.2514,45.89167],[-118.25341,45.89215],[-118.25657,45.89349],[-118.26576,45.89514],[-118.26717,45.89507],[-118.26768,45.89468],[-118.26844,45.89346],[-118.27016,45.89306],[-118.27153,45.89341],[-118.27261,45.89416],[-118.27388,45.89547],[-118.27544,45.89624],[-118.27842,45.89718],[-118.28054,45.89758],[-118.28451,45.89787],[-118.28569,45.89769],[-118.28618,45.89742],[-118.28618,45.89717],[-118.28543,45.89654],[-118.28542,45.89617],[-118.28616,45.89558],[-118.28618,45.89525],[-118.28563,45.89482],[-118.28189,45.89376],[-118.28137,45.89336],[-118.28136,45.8928],[-118.28165,45.89253],[-118.28164,45.89208],[-118.28137,45.89174],[-118.28058,45.89122],[-118.2783,45.89105],[-118.27715,45.89034],[-118.27694,45.88987],[-118.2759,45.88885],[-118.27541,45.88853],[-118.27402,45.88811],[-118.27068,45.88758],[-118.26897,45.88754],[-118.26818,45.88769],[-118.26673,45.88843],[-118.26585,45.88843],[-118.26542,45.88818],[-118.26453,45.8863],[-118.2632,45.88557],[-118.26227,45.88544],[-118.2613,45.88557],[-118.25905,45.88718],[-118.25839,45.88729],[-118.25566,45.88673],[-118.25501,45.88632],[-118.25442,45.88531],[-118.25232,45.88368],[-118.25217,45.88317],[-118.25238,45.8828],[-118.25363,45.882],[-118.25382,45.88151],[-118.25365,45.88096],[-118.25175,45.87964],[-118.25072,45.87929],[-118.24804,45.87928],[-118.24706,45.87905],[-118.24636,45.87856],[-118.24635,45.8775],[-118.2455,45.87636],[-118.24486,45.87589],[-118.2439,45.87541],[-118.24121,45.8751],[-118.24024,45.87467],[-118.2401,45.87426],[-118.24013,45.873],[-118.23982,45.87226],[-118.2391,45.87168],[-118.23843,45.87134],[-118.23705,45.87118],[-118.23551,45.87136],[-118.23407,45.87099],[-118.23365,45.87063],[-118.23365,45.8699],[-118.23394,45.86943],[-118.23406,45.86857],[-118.23342,45.86801],[-118.2322,45.86748],[-118.23055,45.86707],[-118.22879,45.86723],[-118.2241,45.86947],[-118.22084,45.87078],[-118.21837,45.87145],[-118.21742,45.87162],[-118.2169,45.87149],[-118.21648,45.87124],[-118.21618,45.87077],[-118.21632,45.87039],[-118.21855,45.86896],[-118.21963,45.86859],[-118.22203,45.86731],[-118.22435,45.86577],[-118.22484,45.86487],[-118.22444,45.86433],[-118.22363,45.86399],[-118.22212,45.86371],[-118.22151,45.86325],[-118.22094,45.86222],[-118.21886,45.86095],[-118.21765,45.8593],[-118.21478,45.85636],[-118.21231,45.85455],[-118.21148,45.85419],[-118.20882,45.85371],[-118.20837,45.85325],[-118.20824,45.85272],[-118.20775,45.85223],[-118.20708,45.85184],[-118.20329,45.85045],[-118.20185,45.8494],[-118.1996,45.84863],[-118.19541,45.84773],[-118.19447,45.84706],[-118.19445,45.84645],[-118.19396,45.846],[-118.19312,45.84548],[-118.19139,45.84482],[-118.18941,45.84364],[-118.18873,45.84322],[-118.18775,45.84223],[-118.1866,45.84152],[-118.18013,45.83818],[-118.17939,45.83766],[-118.17819,45.83591],[-118.174,45.83403],[-118.17323,45.83336],[-118.17197,45.83163],[-118.17194,45.8313],[-118.17235,45.83088],[-118.17304,45.83068],[-118.1744,45.83103],[-118.17672,45.83237],[-118.17849,45.83279],[-118.18193,45.83441],[-118.18675,45.83605],[-118.19092,45.83866],[-118.19278,45.83955],[-118.19461,45.84095],[-118.19577,45.84158],[-118.19751,45.84242],[-118.20047,45.84331],[-118.20219,45.84455],[-118.20513,45.84572],[-118.20737,45.84682],[-118.20926,45.84761],[-118.21017,45.84782],[-118.21064,45.84769],[-118.21192,45.8477],[-118.21244,45.84788],[-118.21302,45.84833],[-118.21329,45.84905],[-118.21413,45.84977],[-118.21924,45.85283],[-118.22054,45.85339],[-118.22249,45.85489],[-118.22488,45.85598],[-118.2271,45.85805],[-118.23007,45.85921],[-118.23161,45.86019],[-118.23333,45.86089],[-118.23467,45.86116],[-118.23594,45.86172],[-118.23907,45.86395],[-118.24142,45.86513],[-118.24284,45.86534],[-118.24399,45.865],[-118.24495,45.86429],[-118.24633,45.86274],[-118.2472,45.86239],[-118.24803,45.86237],[-118.24842,45.86263],[-118.24842,45.8633],[-118.24735,45.8653],[-118.24656,45.86616],[-118.24629,45.86675],[-118.2468,45.86772],[-118.24786,45.86846],[-118.24856,45.86855],[-118.24981,45.86902],[-118.25314,45.87092],[-118.25616,45.8721],[-118.25856,45.87212],[-118.25932,45.87158],[-118.2604,45.87004],[-118.2612,45.86975],[-118.26197,45.86973],[-118.26251,45.87003],[-118.26307,45.87087],[-118.26312,45.8724],[-118.26362,45.87382],[-118.26457,45.87439],[-118.26556,45.87395],[-118.26638,45.87329],[-118.2669,45.87277],[-118.26773,45.87142],[-118.26854,45.87102],[-118.26905,45.87101],[-118.26958,45.8714],[-118.26966,45.87185],[-118.27059,45.8731],[-118.27069,45.87555],[-118.27117,45.87622],[-118.27455,45.87854],[-118.27556,45.87904],[-118.27727,45.87928],[-118.2777,45.87875],[-118.27778,45.87755],[-118.27814,45.87706],[-118.27886,45.87706],[-118.27965,45.8775],[-118.27993,45.87811],[-118.2809,45.87848],[-118.28147,45.87902],[-118.28169,45.8795],[-118.28144,45.88],[-118.28151,45.88032],[-118.28221,45.88061],[-118.28317,45.88062],[-118.28427,45.88114],[-118.28498,45.8809],[-118.2857,45.88039],[-118.28836,45.88004],[-118.28879,45.88019],[-118.28898,45.88053],[-118.28885,45.88101],[-118.28833,45.88167],[-118.28808,45.88238],[-118.28827,45.88303],[-118.28863,45.8835],[-118.29236,45.88576],[-118.29418,45.88721],[-118.29622,45.88851],[-118.29681,45.8888],[-118.29815,45.88881],[-118.29933,45.88788],[-118.29982,45.88776],[-118.30054,45.88787],[-118.30402,45.88906],[-118.30457,45.88897],[-118.30542,45.88849],[-118.30651,45.88644],[-118.30654,45.88554],[-118.30626,45.88507],[-118.30585,45.8847],[-118.30493,45.88438],[-118.30465,45.88386],[-118.30497,45.88328],[-118.30562,45.88297],[-118.3097,45.8825],[-118.31535,45.88252],[-118.31663,45.88304],[-118.31775,45.88414],[-118.31829,45.88439],[-118.31875,45.88431],[-118.31907,45.88382],[-118.31909,45.88217],[-118.31881,45.88153],[-118.31804,45.88076],[-118.31343,45.87749],[-118.31007,45.87552],[-118.30782,45.87453],[-118.30673,45.87376],[-118.30648,45.87342],[-118.30648,45.87294],[-118.30696,45.87248],[-118.30778,45.87231],[-118.30887,45.8725],[-118.31308,45.87396],[-118.31713,45.875],[-118.3188,45.87523],[-118.31933,45.87501],[-118.31949,45.87477],[-118.31922,45.87426],[-118.31722,45.87257],[-118.31696,45.87206],[-118.31707,45.87155],[-118.31784,45.87106],[-118.31848,45.87141],[-118.31903,45.87142],[-118.3195,45.87113],[-118.31936,45.86998],[-118.31979,45.8696],[-118.32099,45.86922],[-118.32309,45.86909],[-118.32389,45.86975],[-118.32466,45.87145],[-118.3261,45.87309],[-118.32777,45.87401],[-118.32955,45.87422],[-118.33149,45.87484],[-118.33255,45.87484],[-118.33355,45.87434],[-118.33453,45.87347],[-118.33585,45.8727],[-118.33643,45.87206],[-118.3364,45.87117],[-118.33587,45.87014],[-118.33459,45.86875],[-118.3343,45.86809],[-118.33428,45.86748],[-118.3351,45.86689],[-118.33679,45.86606],[-118.33732,45.86595],[-118.33898,45.86623],[-118.34026,45.86681],[-118.34081,45.86723],[-118.34206,45.86767],[-118.34315,45.86786],[-118.34368,45.86776],[-118.34417,45.86733],[-118.34478,45.86598],[-118.34579,45.86468],[-118.34584,45.8641],[-118.34507,45.8634],[-118.34487,45.86286],[-118.34529,45.86176],[-118.34662,45.86062],[-118.34665,45.85979],[-118.34632,45.8589],[-118.34506,45.8573],[-118.34372,45.8562],[-118.34092,45.85442],[-118.3397,45.85382],[-118.33765,45.85394],[-118.33677,45.85379],[-118.33638,45.85344],[-118.33631,45.85292],[-118.33533,45.85223],[-118.33539,45.85133],[-118.33508,45.85097],[-118.33089,45.84985],[-118.3295,45.84966],[-118.32647,45.84966],[-118.3243,45.85021],[-118.32327,45.85022],[-118.31953,45.85088],[-118.31841,45.85151],[-118.31772,45.85167],[-118.31645,45.85141],[-118.31514,45.85142],[-118.31196,45.85246],[-118.3097,45.8529],[-118.30649,45.85395],[-118.30406,45.85431],[-118.303,45.85432],[-118.30092,45.85397],[-118.29957,45.85303],[-118.29965,45.85266],[-118.3003,45.85236],[-118.3045,45.85186],[-118.30693,45.85133],[-118.30827,45.85072],[-118.30981,45.84948],[-118.31078,45.84908],[-118.31453,45.84892],[-118.31663,45.84834],[-118.31922,45.84722],[-118.31986,45.84662],[-118.32023,45.84583],[-118.32074,45.84532],[-118.32161,45.84532],[-118.32315,45.84604],[-118.32418,45.84611],[-118.32718,45.84594],[-118.32951,45.84558],[-118.3325,45.84589],[-118.3341,45.84575],[-118.33499,45.84545],[-118.33567,45.84462],[-118.33564,45.84361],[-118.33605,45.84303],[-118.33659,45.84302],[-118.33703,45.84344],[-118.33835,45.84403],[-118.33882,45.84498],[-118.33917,45.84652],[-118.33946,45.84689],[-118.34039,45.84738],[-118.34184,45.84782],[-118.34487,45.84975],[-118.34564,45.84992],[-118.34649,45.8496],[-118.34657,45.84878],[-118.34762,45.84803],[-118.34768,45.84721],[-118.3483,45.8467],[-118.34947,45.84639],[-118.34982,45.8461],[-118.35013,45.84487],[-118.35125,45.84381],[-118.35196,45.84381],[-118.35245,45.84425],[-118.35275,45.84482],[-118.35283,45.84573],[-118.35338,45.84661],[-118.35414,45.84705],[-118.35514,45.8472],[-118.35649,45.84699],[-118.35863,45.84636],[-118.35987,45.84621],[-118.36112,45.84634],[-118.36292,45.84776],[-118.36557,45.8483],[-118.36609,45.84885],[-118.36617,45.84938],[-118.36668,45.85027],[-118.36735,45.85071],[-118.36925,45.85078],[-118.37075,45.85147],[-118.37251,45.85188],[-118.3741,45.85193],[-118.37495,45.85214],[-118.37537,45.85252],[-118.37565,45.85366],[-118.37597,45.85417],[-118.37667,45.85485],[-118.37738,45.85514],[-118.37929,45.85534],[-118.38074,45.85589],[-118.38134,45.85576],[-118.38409,45.85456],[-118.38432,45.8539],[-118.38387,45.85273],[-118.38412,45.85201],[-118.38515,45.85137],[-118.38538,45.85102],[-118.38507,45.85037],[-118.38378,45.84929],[-118.38195,45.84819],[-118.38059,45.84762],[-118.37948,45.84748],[-118.37699,45.84776],[-118.37431,45.84872],[-118.37352,45.84829],[-118.37349,45.8479],[-118.37382,45.84754],[-118.37382,45.84701],[-118.37334,45.84624],[-118.35924,45.83775],[-118.35634,45.8368],[-118.35413,45.83676],[-118.35319,45.83692],[-118.35208,45.83762],[-118.35122,45.8378],[-118.35023,45.83743],[-118.34908,45.83625],[-118.34832,45.83573],[-118.34596,45.83495],[-118.34046,45.83265],[-118.33624,45.83039],[-118.33354,45.8293],[-118.33143,45.82879],[-118.3307,45.82841],[-118.33064,45.82806],[-118.33305,45.82845],[-118.33584,45.82926],[-118.33946,45.83112],[-118.34737,45.83398],[-118.35172,45.83412],[-118.35649,45.83452],[-118.35878,45.8345],[-118.36153,45.83471],[-118.36328,45.83508],[-118.36882,45.83702],[-118.3728,45.83967],[-118.37475,45.84067],[-118.37853,45.8422],[-118.38133,45.84317],[-118.38372,45.8438],[-118.38621,45.84475],[-118.38869,45.84596],[-118.39035,45.84689],[-118.39324,45.84888],[-118.39508,45.85042],[-118.39686,45.85223],[-118.39924,45.85385],[-118.4029,45.85466],[-118.40283,45.85551],[-118.40216,45.85705],[-118.40231,45.85801],[-118.4035,45.85863],[-118.40361,45.85936],[-118.4052,45.86149],[-118.40579,45.8633],[-118.40659,45.86486],[-118.40726,45.86769],[-118.40733,45.87022],[-118.40782,45.87156],[-118.40766,45.87674],[-118.40781,45.88467],[-118.4083,45.88485],[-118.40905,45.88473],[-118.41132,45.88386],[-118.41183,45.88381],[-118.41216,45.8843],[-118.41263,45.88448],[-118.41417,45.88386],[-118.41434,45.88407],[-118.41336,45.88485],[-118.41222,45.8852],[-118.41181,45.88548],[-118.41163,45.88612],[-118.41058,45.88743],[-118.4104,45.88802],[-118.41061,45.88862],[-118.41264,45.89069],[-118.41339,45.89083],[-118.41413,45.89064],[-118.41497,45.89005],[-118.41674,45.88932],[-118.41762,45.88914],[-118.41781,45.88935],[-118.41606,45.89077],[-118.41607,45.89116],[-118.41627,45.89136],[-118.41751,45.89133],[-118.41812,45.89151],[-118.41819,45.89186],[-118.41735,45.89198],[-118.41442,45.89352],[-118.41443,45.89392],[-118.4154,45.89514],[-118.41498,45.89636],[-118.41575,45.89724],[-118.41702,45.8977],[-118.41716,45.89795],[-118.41683,45.89889],[-118.41744,45.89957],[-118.4179,45.89991],[-118.41928,45.89993],[-118.41925,45.90043],[-118.41947,45.90096],[-118.41999,45.90142],[-118.41998,45.90264],[-118.4216,45.90305],[-118.42298,45.90271],[-118.42347,45.90338],[-118.42274,45.90492],[-118.4228,45.90522],[-118.42394,45.90582],[-118.42541,45.90526],[-118.42595,45.90577],[-118.42621,45.90582],[-118.42637,45.90659],[-118.42697,45.90659],[-118.42757,45.90701],[-118.42855,45.907],[-118.42963,45.90758],[-118.43235,45.90787],[-118.43346,45.90699],[-118.43356,45.90614],[-118.43314,45.90572],[-118.43316,45.90502],[-118.43285,45.9042],[-118.43219,45.90358],[-118.43314,45.90341],[-118.43371,45.90364],[-118.43407,45.9036],[-118.43489,45.90281],[-118.43521,45.90289],[-118.4353,45.90498],[-118.43673,45.90563],[-118.43805,45.90501],[-118.43896,45.90559],[-118.43898,45.90589],[-118.43825,45.90702],[-118.43823,45.90736],[-118.43865,45.9076],[-118.43864,45.90776],[-118.43728,45.90974],[-118.43662,45.91128],[-118.43696,45.91155],[-118.43997,45.91132],[-118.44144,45.91082],[-118.44277,45.90916],[-118.44477,45.90813],[-118.44556,45.90749],[-118.44772,45.90491],[-118.44788,45.90489],[-118.44785,45.90601],[-118.44804,45.90638],[-118.44889,45.90641],[-118.44798,45.9082],[-118.44812,45.90895],[-118.44857,45.90934],[-118.45004,45.90939],[-118.44997,45.90976],[-118.44961,45.91001],[-118.44782,45.91069],[-118.44777,45.91147],[-118.4482,45.91244],[-118.44864,45.91281],[-118.4499,45.91326],[-118.45031,45.91371],[-118.44945,45.91431],[-118.44899,45.91519],[-118.44891,45.91583],[-118.44929,45.91614],[-118.45064,45.91634],[-118.45346,45.91619],[-118.45559,45.91533],[-118.45659,45.91454],[-118.45696,45.91455],[-118.45717,45.9149],[-118.45777,45.91492],[-118.45779,45.91558],[-118.45751,45.91601],[-118.45743,45.91672],[-118.45832,45.91712],[-118.46142,45.91729],[-118.46235,45.91707],[-118.46375,45.91702],[-118.46415,45.91728],[-118.4656,45.91746],[-118.46606,45.91799],[-118.46682,45.91829],[-118.46769,45.91829],[-118.46849,45.918],[-118.46922,45.91751],[-118.46939,45.9167],[-118.47011,45.91632],[-118.47103,45.91618],[-118.47208,45.9155],[-118.47251,45.91504],[-118.47318,45.91512],[-118.47408,45.91486],[-118.47429,45.91463],[-118.47403,45.91417],[-118.4748,45.91409],[-118.47536,45.91365],[-118.4765,45.91368],[-118.47676,45.9139],[-118.47754,45.91399],[-118.47888,45.91514],[-118.47931,45.91536],[-118.48008,45.91541],[-118.47987,45.91451],[-118.47937,45.91404],[-118.47928,45.91334],[-118.47956,45.91261],[-118.47945,45.91202],[-118.47909,45.9116],[-118.47797,45.91129],[-118.47759,45.91096],[-118.47756,45.91063],[-118.47808,45.91003],[-118.47808,45.90954],[-118.47626,45.90937],[-118.47554,45.90948],[-118.47525,45.90839],[-118.47414,45.90839],[-118.47345,45.90856],[-118.47315,45.90839],[-118.47346,45.90769],[-118.47327,45.90665],[-118.47096,45.90667],[-118.46997,45.90699],[-118.47004,45.9065],[-118.47055,45.90605],[-118.47061,45.90576],[-118.47021,45.90546],[-118.46955,45.90553],[-118.46913,45.90441],[-118.46875,45.9042],[-118.4673,45.90397],[-118.46679,45.90411],[-118.46529,45.90533],[-118.46494,45.90608],[-118.46458,45.906],[-118.46404,45.90444],[-118.46315,45.90365],[-118.4632,45.90345],[-118.46466,45.90304],[-118.46496,45.90272],[-118.46479,45.90201],[-118.4633,45.90045],[-118.46334,45.90028],[-118.4645,45.9001],[-118.46448,45.89948],[-118.46225,45.89813],[-118.46175,45.89754],[-118.46165,45.89717],[-118.46096,45.89703],[-118.4607,45.89663],[-118.46096,45.89606],[-118.46027,45.89534],[-118.46023,45.89491],[-118.45939,45.8938],[-118.45861,45.89203],[-118.45755,45.8914],[-118.45749,45.89047],[-118.45881,45.89116],[-118.46034,45.89302],[-118.4605,45.89353],[-118.46128,45.89411],[-118.46139,45.8946],[-118.46183,45.89503],[-118.4624,45.8953],[-118.46242,45.89579],[-118.46331,45.89604],[-118.46352,45.89667],[-118.46477,45.8975],[-118.46578,45.89727],[-118.46593,45.89809],[-118.46675,45.8984],[-118.46735,45.89886],[-118.46807,45.89899],[-118.46797,45.89957],[-118.46746,45.90007],[-118.46749,45.90042],[-118.46854,45.90139],[-118.46917,45.9014],[-118.47009,45.90068],[-118.47064,45.90083],[-118.47072,45.90184],[-118.47198,45.90193],[-118.47271,45.90239],[-118.47288,45.90292],[-118.47343,45.90308],[-118.47466,45.90304],[-118.47773,45.90451],[-118.47771,45.90345],[-118.47818,45.9025],[-118.47765,45.90209],[-118.4773,45.90215],[-118.47676,45.90177],[-118.47668,45.90118],[-118.47639,45.90064],[-118.47643,45.90004],[-118.47574,45.89964],[-118.47667,45.8987],[-118.47695,45.89769],[-118.47783,45.8974],[-118.47804,45.89682],[-118.47853,45.89647],[-118.47868,45.89583],[-118.47841,45.89491],[-118.47883,45.89442],[-118.47851,45.89101],[-118.47821,45.89041],[-118.47755,45.88985],[-118.47758,45.88967],[-118.47647,45.88885],[-118.47619,45.88801],[-118.47567,45.88718],[-118.47565,45.88683],[-118.47483,45.88603],[-118.47437,45.88532],[-118.47356,45.88477],[-118.47348,45.88447],[-118.47419,45.8839],[-118.47438,45.88294],[-118.475,45.88264],[-118.47547,45.88219],[-118.47727,45.87949],[-118.47732,45.87895],[-118.47624,45.87809],[-118.47629,45.87788],[-118.47695,45.87763],[-118.47636,45.87526],[-118.47679,45.87491],[-118.47667,45.87393],[-118.47721,45.87301],[-118.47716,45.87256],[-118.47576,45.87129],[-118.47556,45.8705],[-118.47465,45.87004],[-118.47599,45.8696],[-118.47659,45.86905],[-118.47668,45.86867],[-118.4757,45.86739],[-118.47564,45.86658],[-118.47532,45.86628],[-118.47533,45.86559],[-118.47608,45.8651],[-118.47593,45.86423],[-118.47497,45.86294],[-118.47497,45.86239],[-118.47463,45.86165],[-118.47365,45.86064],[-118.47358,45.86003],[-118.47275,45.85927],[-118.47154,45.85843],[-118.47098,45.85784],[-118.46907,45.85674],[-118.46532,45.85542],[-118.46503,45.85516],[-118.46502,45.85482],[-118.4665,45.85492],[-118.46863,45.85585],[-118.46937,45.85587],[-118.46998,45.85609],[-118.47123,45.857],[-118.47193,45.85727],[-118.4721,45.8576],[-118.47286,45.85785],[-118.47329,45.85856],[-118.47421,45.85913],[-118.47571,45.85722],[-118.47632,45.85693],[-118.47625,45.85805],[-118.47532,45.86023],[-118.47602,45.86116],[-118.47656,45.86245],[-118.47716,45.86277],[-118.4781,45.86391],[-118.47833,45.86466],[-118.47786,45.86487],[-118.47778,45.86662],[-118.47859,45.86818],[-118.47853,45.8691],[-118.47877,45.86944],[-118.4812,45.86895],[-118.48287,45.86883],[-118.48338,45.86898],[-118.48146,45.86969],[-118.47881,45.87038],[-118.47821,45.87071],[-118.47824,45.87097],[-118.47905,45.87133],[-118.4797,45.87239],[-118.47957,45.87283],[-118.48004,45.87347],[-118.47967,45.87485],[-118.47974,45.87576],[-118.48016,45.87721],[-118.48068,45.87785],[-118.47992,45.88075],[-118.4797,45.88086],[-118.47954,45.882],[-118.47919,45.88227],[-118.47911,45.88261],[-118.47946,45.88309],[-118.48018,45.8831],[-118.48076,45.88306],[-118.48243,45.8825],[-118.48307,45.88244],[-118.48315,45.88255],[-118.48133,45.88367],[-118.48112,45.88412],[-118.48082,45.88415],[-118.48044,45.88461],[-118.47945,45.88436],[-118.47882,45.88437],[-118.47845,45.88445],[-118.47841,45.88471],[-118.47941,45.88563],[-118.48067,45.88773],[-118.48137,45.88815],[-118.48166,45.8886],[-118.48218,45.88878],[-118.4824,45.88919],[-118.48327,45.88932],[-118.48354,45.88955],[-118.48335,45.89021],[-118.48423,45.89057],[-118.48453,45.89085],[-118.48383,45.89123],[-118.48387,45.89201],[-118.48439,45.89235],[-118.48438,45.89316],[-118.48509,45.89558],[-118.48479,45.89744],[-118.48693,45.89792],[-118.48865,45.89747],[-118.48975,45.89747],[-118.48977,45.89761],[-118.48868,45.89855],[-118.48822,45.8986],[-118.48734,45.89915],[-118.48709,45.89991],[-118.48576,45.89938],[-118.48484,45.89964],[-118.4839,45.90036],[-118.48399,45.90088],[-118.48463,45.9017],[-118.48548,45.90447],[-118.48604,45.9045],[-118.48619,45.90471],[-118.48707,45.90505],[-118.48734,45.90535],[-118.48643,45.90578],[-118.48616,45.90622],[-118.48617,45.9069],[-118.48694,45.90798],[-118.4877,45.90871],[-118.48865,45.90902],[-118.48855,45.90932],[-118.48917,45.91076],[-118.48916,45.91113],[-118.48877,45.91143],[-118.48882,45.9118],[-118.48917,45.91199],[-118.48962,45.91194],[-118.49156,45.91139],[-118.4949,45.90945],[-118.49491,45.90995],[-118.49406,45.91147],[-118.49406,45.91233],[-118.49331,45.91289],[-118.49303,45.91424],[-118.49324,45.9145],[-118.49318,45.91489],[-118.49239,45.91505],[-118.49197,45.9153],[-118.49194,45.91572],[-118.49219,45.91597],[-118.49378,45.91577],[-118.49645,45.91649],[-118.49723,45.91645],[-118.49828,45.91598],[-118.4991,45.91551],[-118.49968,45.91468],[-118.49981,45.91422],[-118.49883,45.9137],[-118.49882,45.91356],[-118.49918,45.9134],[-118.49957,45.91272],[-118.49994,45.91257],[-118.50095,45.9129],[-118.50204,45.91275],[-118.50375,45.91154],[-118.50571,45.91051],[-118.50623,45.90947],[-118.5069,45.90886],[-118.50768,45.9089],[-118.50909,45.90841],[-118.50979,45.90728],[-118.50961,45.90616],[-118.51014,45.90612],[-118.51108,45.9057],[-118.51086,45.90749],[-118.51112,45.90865],[-118.51065,45.90943],[-118.51061,45.90984],[-118.51124,45.91032],[-118.51018,45.91062],[-118.5096,45.91103],[-118.50952,45.91139],[-118.50966,45.91149],[-118.50982,45.91269],[-118.50891,45.91393],[-118.50895,45.91453],[-118.5082,45.91528],[-118.50686,45.916],[-118.5068,45.91627],[-118.50742,45.91851],[-118.50702,45.9186],[-118.50579,45.91947],[-118.5057,45.91985],[-118.50601,45.92031],[-118.50774,45.92105],[-118.50957,45.92129],[-118.51122,45.92005],[-118.51323,45.92022],[-118.51504,45.91972],[-118.51603,45.91917],[-118.51642,45.91799],[-118.51624,45.91743],[-118.51569,45.91691],[-118.51509,45.9157],[-118.51506,45.91527],[-118.51647,45.91531],[-118.51656,45.91516],[-118.51879,45.91527],[-118.51929,45.91487],[-118.51957,45.91534],[-118.52002,45.91553],[-118.52092,45.91557],[-118.52219,45.91599],[-118.52247,45.91576],[-118.52285,45.91576],[-118.52324,45.91634],[-118.525,45.91698],[-118.52687,45.91665],[-118.52815,45.9168],[-118.53089,45.91674],[-118.53139,45.9164],[-118.53149,45.91567],[-118.53211,45.91396],[-118.53236,45.91374],[-118.53249,45.91313],[-118.53302,45.91248],[-118.53347,45.91264],[-118.53348,45.91421],[-118.53407,45.91488],[-118.53423,45.91566],[-118.53485,45.91652],[-118.53532,45.91695],[-118.53592,45.91694],[-118.53622,45.91737],[-118.53722,45.91795],[-118.53826,45.91784],[-118.5387,45.91796],[-118.53959,45.91766],[-118.53988,45.91815],[-118.54041,45.91817],[-118.54183,45.91754],[-118.54191,45.91782],[-118.54173,45.91834],[-118.54197,45.91865],[-118.54424,45.91918],[-118.54527,45.91886],[-118.54557,45.91945],[-118.54656,45.91929],[-118.54704,45.91976],[-118.54774,45.92007],[-118.54827,45.92015],[-118.54867,45.91999],[-118.54976,45.92031],[-118.55038,45.92025],[-118.55122,45.91965],[-118.55198,45.9188],[-118.55215,45.91766],[-118.55327,45.9179],[-118.55334,45.91833],[-118.55318,45.91904],[-118.55336,45.9201],[-118.55309,45.92071],[-118.55337,45.92169],[-118.55367,45.922],[-118.55463,45.92198],[-118.55572,45.92275],[-118.55667,45.92262],[-118.55757,45.92275],[-118.55813,45.9224],[-118.55828,45.92264],[-118.55803,45.92334],[-118.55965,45.92424],[-118.56156,45.9245],[-118.56316,45.92567],[-118.56388,45.92558],[-118.56492,45.9262],[-118.56782,45.92715],[-118.56963,45.92763],[-118.57186,45.92781],[-118.57365,45.92834],[-118.5756,45.92847],[-118.57676,45.92888],[-118.57827,45.92898],[-118.57856,45.9292],[-118.58318,45.92993],[-118.58974,45.93233],[-118.59027,45.93229],[-118.59026,45.93192],[-118.58936,45.93129],[-118.58928,45.9303],[-118.58658,45.92865],[-118.58672,45.92852],[-118.58853,45.9287],[-118.589,45.92858],[-118.58941,45.92823],[-118.58948,45.92763],[-118.58922,45.92738],[-118.58928,45.92705],[-118.58967,45.92656],[-118.58969,45.92511],[-118.58888,45.92405],[-118.58986,45.92336],[-118.59091,45.92481],[-118.59162,45.92623],[-118.59176,45.92783],[-118.59234,45.9283],[-118.59301,45.92855],[-118.59323,45.92887],[-118.59338,45.92984],[-118.59381,45.93018],[-118.59456,45.93019],[-118.59562,45.9291],[-118.59657,45.9285],[-118.5977,45.92742],[-118.59801,45.92669],[-118.59834,45.92674],[-118.59843,45.92732],[-118.59823,45.92832],[-118.59822,45.92963],[-118.59845,45.93045],[-118.59882,45.9306],[-118.60001,45.93005],[-118.60195,45.92824],[-118.60223,45.92782],[-118.60249,45.92692],[-118.60326,45.92627],[-118.60365,45.92567],[-118.60392,45.92584],[-118.60426,45.92652],[-118.60486,45.92641],[-118.6051,45.92735],[-118.60589,45.92849],[-118.60606,45.92931],[-118.60526,45.93124],[-118.6054,45.93192],[-118.60583,45.93206],[-118.60619,45.93195],[-118.60778,45.93108],[-118.60805,45.93118],[-118.60909,45.93235],[-118.6097,45.93236],[-118.61055,45.93188],[-118.6108,45.93211],[-118.61108,45.93281],[-118.61142,45.93296],[-118.61227,45.93281],[-118.61338,45.93287],[-118.61362,45.93257],[-118.6132,45.93173],[-118.61377,45.93028],[-118.61388,45.92935],[-118.61381,45.92804],[-118.61297,45.92661],[-118.61319,45.92648],[-118.61422,45.92704],[-118.61567,45.92855],[-118.61625,45.9305],[-118.61673,45.93108],[-118.61751,45.93144],[-118.61777,45.93141],[-118.61871,45.93022],[-118.61949,45.92888],[-118.62029,45.92943],[-118.61983,45.92979],[-118.61999,45.93003],[-118.62106,45.92964],[-118.62109,45.92998],[-118.62061,45.93077],[-118.62056,45.93311],[-118.62078,45.93334],[-118.62105,45.93333],[-118.62245,45.93281],[-118.62298,45.93208],[-118.62322,45.93204],[-118.62328,45.93309],[-118.62282,45.93391],[-118.62292,45.93445],[-118.6234,45.93447],[-118.62423,45.93378],[-118.62736,45.93363],[-118.62801,45.93329],[-118.62893,45.93195],[-118.62914,45.9319],[-118.62913,45.93253],[-118.62939,45.93336],[-118.63004,45.93337],[-118.63016,45.93351],[-118.63091,45.93363],[-118.63025,45.9342],[-118.63014,45.93463],[-118.63029,45.93539],[-118.63078,45.9358],[-118.63136,45.93585],[-118.63288,45.93532],[-118.63293,45.93651],[-118.63337,45.93724],[-118.63389,45.93762],[-118.63438,45.9376],[-118.63527,45.93703],[-118.63547,45.93653],[-118.63592,45.93625],[-118.63747,45.93631],[-118.63902,45.93551],[-118.6396,45.93472],[-118.64064,45.93548],[-118.64143,45.93544],[-118.64225,45.93466],[-118.64264,45.93372],[-118.64337,45.93277],[-118.64356,45.93204],[-118.64418,45.93139],[-118.64453,45.93143],[-118.64411,45.93367],[-118.64407,45.9353],[-118.64451,45.93589],[-118.64452,45.93685],[-118.64503,45.93713],[-118.64519,45.93779],[-118.64564,45.93787],[-118.64628,45.9376],[-118.64686,45.93825],[-118.64731,45.93825],[-118.64842,45.93762],[-118.64853,45.93864],[-118.6491,45.93925],[-118.64971,45.9396],[-118.65095,45.93988],[-118.65148,45.9399],[-118.65234,45.93958],[-118.65239,45.9402],[-118.65269,45.94055],[-118.656,45.94201],[-118.65651,45.94194],[-118.65742,45.9407],[-118.65775,45.941],[-118.65823,45.94295],[-118.65884,45.94349],[-118.65943,45.94377],[-118.66057,45.94339],[-118.6618,45.9427],[-118.66197,45.94278],[-118.6613,45.94412],[-118.66126,45.9449],[-118.66138,45.94569],[-118.66179,45.94617],[-118.66331,45.94558],[-118.66397,45.94555],[-118.66355,45.9466],[-118.66384,45.9473],[-118.66439,45.94809],[-118.66539,45.9483],[-118.66617,45.94827],[-118.66892,45.94709],[-118.66894,45.94857],[-118.66932,45.949],[-118.67022,45.94973],[-118.67057,45.94973],[-118.67206,45.94915],[-118.67253,45.94964],[-118.67267,45.95059],[-118.67304,45.95135],[-118.6737,45.95218],[-118.67429,45.95223],[-118.67528,45.95314],[-118.67584,45.95316],[-118.67651,45.95289],[-118.67744,45.95221],[-118.67788,45.95253],[-118.6786,45.95237],[-118.67866,45.95268],[-118.67804,45.95472],[-118.67823,45.95546],[-118.67877,45.95614],[-118.6799,45.95675],[-118.68105,45.95673],[-118.68178,45.95616],[-118.68191,45.95441],[-118.68207,45.95429],[-118.68256,45.95466],[-118.68349,45.95609],[-118.68392,45.95613],[-118.68505,45.95536],[-118.68522,45.95545],[-118.68458,45.95646],[-118.68453,45.95728],[-118.6842,45.95798],[-118.68441,45.9583],[-118.68421,45.95841],[-118.68324,45.95831],[-118.68259,45.95951],[-118.6833,45.95996],[-118.6842,45.96007],[-118.68666,45.95995],[-118.68773,45.95962],[-118.68868,45.95874],[-118.68913,45.9591],[-118.6904,45.95914],[-118.68958,45.95966],[-118.68907,45.96022],[-118.68872,45.96096],[-118.68838,45.96237],[-118.68708,45.96311],[-118.68709,45.96371],[-118.6876,45.96512],[-118.68814,45.96553],[-118.68942,45.96531],[-118.68962,45.9659],[-118.69045,45.96639],[-118.69074,45.96686],[-118.69276,45.96874],[-118.69334,45.96902],[-118.69383,45.96906],[-118.69474,45.96879],[-118.69494,45.9689],[-118.69499,45.96935],[-118.69635,45.97056],[-118.69675,45.97074],[-118.69788,45.97066],[-118.69913,45.97101],[-118.69933,45.97123],[-118.69939,45.97169],[-118.70028,45.97211],[-118.70063,45.97334],[-118.70134,45.97396],[-118.70187,45.97418],[-118.70248,45.97422],[-118.70305,45.974],[-118.7037,45.97345],[-118.70401,45.97194],[-118.7033,45.97143],[-118.70331,45.97047],[-118.7031,45.97024],[-118.70261,45.97016],[-118.70179,45.97051],[-118.7012,45.97052],[-118.7009,45.97021],[-118.70128,45.96946],[-118.70129,45.96885],[-118.70109,45.96855],[-118.7001,45.96789],[-118.69926,45.96772],[-118.69879,45.96681],[-118.69828,45.96647],[-118.69825,45.96601],[-118.69781,45.96524],[-118.69691,45.96413],[-118.69728,45.96406],[-118.69824,45.96449],[-118.69851,45.96441],[-118.69876,45.96361],[-118.69902,45.9636],[-118.69976,45.96445],[-118.70033,45.96397],[-118.70108,45.96441],[-118.70199,45.96443],[-118.70264,45.96411],[-118.70283,45.96446],[-118.70322,45.96465],[-118.70392,45.96421],[-118.70496,45.96455],[-118.70559,45.96434],[-118.70567,45.96467],[-118.70631,45.96498],[-118.70714,45.96498],[-118.70771,45.96455],[-118.70797,45.96453],[-118.70804,45.96547],[-118.7096,45.96644],[-118.70987,45.96648],[-118.71004,45.96612],[-118.71024,45.9661],[-118.71066,45.96651],[-118.71143,45.96636],[-118.71145,45.96741],[-118.71276,45.96842],[-118.71304,45.96844],[-118.71331,45.96805],[-118.71418,45.96808],[-118.71425,45.96868],[-118.7145,45.96894],[-118.71454,45.9696],[-118.71503,45.97008],[-118.71565,45.97005],[-118.71651,45.96948],[-118.71671,45.96965],[-118.71642,45.97036],[-118.71638,45.97101],[-118.71732,45.97245],[-118.71841,45.97301],[-118.71876,45.97298],[-118.72002,45.97151],[-118.72004,45.97315],[-118.72076,45.97315],[-118.72137,45.9722],[-118.72227,45.97147],[-118.7226,45.97144],[-118.72226,45.97312],[-118.72249,45.97349],[-118.7233,45.97337],[-118.72344,45.97349],[-118.72319,45.9739],[-118.72315,45.97447],[-118.72248,45.97514],[-118.72247,45.97554],[-118.72309,45.97631],[-118.72363,45.97657],[-118.72545,45.9766],[-118.72576,45.97628],[-118.726,45.97626],[-118.72688,45.97678],[-118.72851,45.97685],[-118.73039,45.97647],[-118.73039,45.97691],[-118.7308,45.97713],[-118.73187,45.97724],[-118.732,45.97767],[-118.73329,45.97869],[-118.7337,45.97868],[-118.73463,45.97816],[-118.73492,45.97823],[-118.73476,45.97914],[-118.73492,45.97957],[-118.73559,45.97979],[-118.73643,45.98046],[-118.73705,45.98051],[-118.73746,45.98022],[-118.73751,45.97977],[-118.73787,45.97951],[-118.73934,45.98011],[-118.74017,45.97977],[-118.74039,45.97982],[-118.73943,45.98208],[-118.7396,45.9826],[-118.74084,45.98352],[-118.74181,45.98398],[-118.74358,45.98556],[-118.74619,45.98723],[-118.7478,45.98782],[-118.74855,45.98874],[-118.7499,45.98906],[-118.75065,45.98997],[-118.75225,45.99054],[-118.75324,45.99047],[-118.75367,45.9902],[-118.75366,45.9902]]]]}},{"type":"Feature","properties":{"ava_id":"white_bluffs","name":"White Bluffs","aka":null,"state":"WA","county":"Franklin","within":"Columbia Valley","contains":null,"cfr_index":"9.275","valid_start":null},"geometry":{"type":"MultiPolygon","coordinates":[[[[-119.2597,46.3714],[-119.26135,46.3777],[-119.26243,46.37773],[-119.26243,46.37892],[-119.26275,46.37959],[-119.26278,46.38063],[-119.2631,46.38122],[-119.26286,46.38155],[-119.26305,46.38298],[-119.26337,46.38334],[-119.2631,46.38365],[-119.2631,46.38453],[-119.26326,46.38479],[-119.26315,46.38524],[-119.26339,46.38534],[-119.26319,46.3857],[-119.26317,46.38727],[-119.26341,46.3873],[-119.2636,46.38762],[-119.26316,46.38808],[-119.26309,46.39051],[-119.26256,46.39453],[-119.26213,46.3959],[-119.26214,46.39669],[-119.26019,46.40427],[-119.26005,46.40662],[-119.25973,46.40765],[-119.25978,46.40863],[-119.25947,46.4102],[-119.25959,46.41109],[-119.25936,46.4138],[-119.25899,46.41539],[-119.2586,46.41636],[-119.25875,46.41871],[-119.25861,46.42064],[-119.25874,46.42134],[-119.25851,46.42299],[-119.25857,46.42385],[-119.25842,46.42471],[-119.25853,46.42503],[-119.25823,46.42533],[-119.25815,46.42668],[-119.25784,46.42757],[-119.25792,46.42816],[-119.25763,46.42923],[-119.25789,46.42982],[-119.25754,46.43036],[-119.25751,46.43104],[-119.25729,46.43134],[-119.25716,46.43228],[-119.25691,46.43254],[-119.25686,46.43292],[-119.2562,46.43321],[-119.25629,46.43344],[-119.25636,46.43326],[-119.25706,46.43298],[-119.25716,46.43306],[-119.25684,46.43357],[-119.25681,46.43418],[-119.25659,46.43468],[-119.2567,46.43507],[-119.25641,46.43536],[-119.25621,46.43589],[-119.25608,46.43695],[-119.25621,46.43717],[-119.25586,46.43824],[-119.25575,46.43947],[-119.25587,46.43973],[-119.25561,46.44069],[-119.25572,46.44264],[-119.25548,46.44332],[-119.25545,46.44522],[-119.25512,46.447],[-119.25543,46.44755],[-119.25534,46.4484],[-119.25552,46.44868],[-119.25545,46.44902],[-119.25577,46.45011],[-119.2556,46.45081],[-119.25591,46.45184],[-119.25661,46.45256],[-119.25717,46.45253],[-119.2582,46.45323],[-119.25901,46.45403],[-119.25949,46.45427],[-119.25976,46.45405],[-119.25987,46.45412],[-119.25992,46.4548],[-119.25955,46.45634],[-119.25858,46.45807],[-119.25846,46.45903],[-119.25806,46.45897],[-119.25783,46.45929],[-119.25803,46.45947],[-119.25933,46.45842],[-119.25946,46.45846],[-119.25928,46.45864],[-119.25966,46.45869],[-119.25918,46.46092],[-119.25799,46.46329],[-119.25743,46.4637],[-119.25688,46.46386],[-119.25641,46.46361],[-119.25641,46.46383],[-119.25681,46.46407],[-119.25536,46.46438],[-119.25496,46.46421],[-119.25485,46.46351],[-119.25469,46.46335],[-119.25414,46.46345],[-119.25367,46.46398],[-119.25312,46.46539],[-119.25274,46.46702],[-119.25285,46.46743],[-119.25264,46.47092],[-119.25246,46.47117],[-119.25224,46.47237],[-119.25208,46.47527],[-119.25223,46.47594],[-119.25214,46.47602],[-119.25229,46.47611],[-119.25219,46.47686],[-119.2524,46.47754],[-119.2521,46.47859],[-119.2547,46.4842],[-119.2551,46.48586],[-119.25601,46.48828],[-119.25642,46.49027],[-119.25673,46.49091],[-119.25739,46.49369],[-119.25833,46.49644],[-119.25861,46.49791],[-119.25938,46.4998],[-119.25878,46.49986],[-119.25896,46.50155],[-119.2592,46.50218],[-119.26,46.50255],[-119.26048,46.50388],[-119.2607,46.50414],[-119.26073,46.50477],[-119.26062,46.50497],[-119.26017,46.50512],[-119.26121,46.50531],[-119.26065,46.50536],[-119.26095,46.50547],[-119.2578,46.50558],[-119.26095,46.50557],[-119.26104,46.50566],[-119.26081,46.50596],[-119.26129,46.50637],[-119.26136,46.50684],[-119.2618,46.5069],[-119.26187,46.50748],[-119.26153,46.50786],[-119.26207,46.50814],[-119.26238,46.5088],[-119.26208,46.50896],[-119.26246,46.5097],[-119.26242,46.51006],[-119.26222,46.51022],[-119.26252,46.51024],[-119.26281,46.51217],[-119.26313,46.51287],[-119.26339,46.5148],[-119.26394,46.51563],[-119.26425,46.51649],[-119.26419,46.51663],[-119.26345,46.51686],[-119.25947,46.51689],[-119.25958,46.52051],[-119.25909,46.52754],[-119.26445,46.52748],[-119.26442,46.53116],[-119.26955,46.53109],[-119.26967,46.53462],[-119.2749,46.53454],[-119.27506,46.54171],[-119.28028,46.5416],[-119.28031,46.54844],[-119.28118,46.56231],[-119.29317,46.5623],[-119.2932,46.56586],[-119.29854,46.56589],[-119.29864,46.57677],[-119.32507,46.57676],[-119.32531,46.61067],[-119.32416,46.61108],[-119.32432,46.61143],[-119.3239,46.61185],[-119.32353,46.61202],[-119.32299,46.61198],[-119.32233,46.61215],[-119.32208,46.61162],[-119.32268,46.61158],[-119.32247,46.61119],[-119.32267,46.61056],[-119.32186,46.60996],[-119.32152,46.61009],[-119.32131,46.61049],[-119.32067,46.61051],[-119.32036,46.61082],[-119.31958,46.61061],[-119.31927,46.61031],[-119.31933,46.61008],[-119.31978,46.61005],[-119.31995,46.60982],[-119.31985,46.60954],[-119.31919,46.60909],[-119.31842,46.60877],[-119.31719,46.60901],[-119.31656,46.60857],[-119.31562,46.60862],[-119.31516,46.60825],[-119.31496,46.60785],[-119.31476,46.60845],[-119.31458,46.60728],[-119.31441,46.60762],[-119.31448,46.6081],[-119.31428,46.60822],[-119.31455,46.60864],[-119.31441,46.60874],[-119.31362,46.60864],[-119.31364,46.60843],[-119.31395,46.60838],[-119.31394,46.60817],[-119.3127,46.60808],[-119.31216,46.60781],[-119.31261,46.60762],[-119.31179,46.60741],[-119.31133,46.60764],[-119.31149,46.60795],[-119.31069,46.6081],[-119.31088,46.60868],[-119.3099,46.60855],[-119.30947,46.60832],[-119.30963,46.60806],[-119.31051,46.60779],[-119.3099,46.60757],[-119.31017,46.60718],[-119.30951,46.60697],[-119.30934,46.60666],[-119.30856,46.60671],[-119.30866,46.60626],[-119.30773,46.60605],[-119.30779,46.60635],[-119.30829,46.60664],[-119.3083,46.60706],[-119.30807,46.60727],[-119.30902,46.60761],[-119.30858,46.60777],[-119.30723,46.60773],[-119.30715,46.60757],[-119.30738,46.60722],[-119.30729,46.60704],[-119.30662,46.60682],[-119.30625,46.6072],[-119.30505,46.60757],[-119.30466,46.6075],[-119.30467,46.60716],[-119.3043,46.60716],[-119.30395,46.6067],[-119.30337,46.6066],[-119.30299,46.60683],[-119.30292,46.60741],[-119.30389,46.60877],[-119.30401,46.60972],[-119.30389,46.60991],[-119.30296,46.6103],[-119.30284,46.6106],[-119.3029,46.61149],[-119.30223,46.61191],[-119.30185,46.6125],[-119.30142,46.61264],[-119.30048,46.6126],[-119.29973,46.61229],[-119.29913,46.61168],[-119.29886,46.61111],[-119.2992,46.61016],[-119.29973,46.60954],[-119.30155,46.60933],[-119.30158,46.60913],[-119.30003,46.609],[-119.29782,46.60849],[-119.29623,46.60851],[-119.29489,46.60807],[-119.2946,46.60817],[-119.29472,46.60832],[-119.29628,46.60936],[-119.29665,46.60988],[-119.2981,46.61101],[-119.29812,46.61224],[-119.29794,46.61261],[-119.29729,46.61247],[-119.29625,46.61257],[-119.29524,46.61235],[-119.29452,46.61192],[-119.29387,46.61187],[-119.29379,46.61199],[-119.29417,46.61322],[-119.29432,46.61331],[-119.29656,46.61367],[-119.29707,46.61394],[-119.29734,46.61446],[-119.29966,46.61484],[-119.30041,46.61526],[-119.30012,46.61541],[-119.29815,46.6154],[-119.29773,46.61553],[-119.29673,46.61636],[-119.29636,46.61646],[-119.2951,46.61624],[-119.29473,46.61639],[-119.29473,46.61673],[-119.29614,46.61735],[-119.29678,46.61744],[-119.29789,46.61671],[-119.29852,46.6165],[-119.29915,46.61659],[-119.29989,46.61641],[-119.30053,46.61647],[-119.30244,46.61833],[-119.30272,46.61844],[-119.30322,46.61825],[-119.30367,46.61846],[-119.30387,46.61839],[-119.30392,46.6181],[-119.30424,46.61809],[-119.30433,46.61823],[-119.30551,46.61803],[-119.30625,46.6182],[-119.30712,46.61773],[-119.30726,46.61784],[-119.3072,46.61841],[-119.30774,46.61865],[-119.30798,46.61906],[-119.3089,46.61912],[-119.31054,46.61997],[-119.31092,46.62033],[-119.31022,46.62114],[-119.30987,46.62129],[-119.30967,46.62116],[-119.30961,46.62049],[-119.30943,46.62051],[-119.30942,46.62085],[-119.30901,46.62103],[-119.3089,46.62194],[-119.30858,46.62241],[-119.30577,46.6226],[-119.30552,46.62276],[-119.30546,46.62301],[-119.3059,46.62365],[-119.30487,46.62376],[-119.30584,46.62385],[-119.3062,46.62411],[-119.30676,46.62406],[-119.30717,46.62465],[-119.30795,46.62497],[-119.30812,46.62513],[-119.30813,46.62574],[-119.30856,46.6263],[-119.30869,46.62686],[-119.30911,46.62725],[-119.30968,46.62729],[-119.31088,46.62653],[-119.31209,46.62616],[-119.3152,46.62568],[-119.31533,46.62586],[-119.31524,46.62601],[-119.31383,46.62652],[-119.31315,46.62717],[-119.31412,46.62696],[-119.31575,46.62627],[-119.31742,46.62594],[-119.31816,46.626],[-119.31908,46.62627],[-119.32007,46.62685],[-119.31942,46.62828],[-119.31985,46.62837],[-119.3209,46.62813],[-119.32162,46.62815],[-119.32304,46.62894],[-119.3234,46.62937],[-119.32339,46.62963],[-119.32277,46.63052],[-119.32301,46.63088],[-119.32432,46.63181],[-119.32436,46.63235],[-119.32414,46.63277],[-119.32327,46.63376],[-119.32084,46.63593],[-119.31971,46.6373],[-119.31945,46.63813],[-119.31854,46.6399],[-119.31571,46.64085],[-119.31639,46.64103],[-119.31781,46.64085],[-119.31807,46.64105],[-119.31796,46.64162],[-119.31746,46.64195],[-119.31745,46.64234],[-119.31689,46.64276],[-119.31633,46.64311],[-119.31569,46.64305],[-119.31539,46.64329],[-119.31549,46.64493],[-119.31515,46.64604],[-119.3149,46.64626],[-119.31366,46.64643],[-119.31331,46.64665],[-119.31347,46.64696],[-119.31451,46.64733],[-119.31514,46.64733],[-119.31593,46.64778],[-119.3163,46.64838],[-119.31644,46.64894],[-119.31634,46.64921],[-119.3174,46.64993],[-119.31753,46.65053],[-119.31706,46.65138],[-119.31626,46.6522],[-119.31467,46.65336],[-119.31404,46.65356],[-119.3136,46.65393],[-119.31359,46.65532],[-119.31282,46.65622],[-119.31229,46.65738],[-119.31186,46.6579],[-119.30832,46.66021],[-119.30405,46.66112],[-119.3018,46.6628],[-119.30095,46.66318],[-119.30085,46.66338],[-119.30031,46.66317],[-119.30015,46.66324],[-119.30011,46.66351],[-119.29953,46.66406],[-119.29723,46.66481],[-119.29562,46.66497],[-119.29298,46.66487],[-119.29006,46.66442],[-119.28942,46.66412],[-119.2892,46.66343],[-119.28848,46.66365],[-119.28772,46.66351],[-119.28767,46.66315],[-119.28743,46.66294],[-119.28753,46.66239],[-119.28669,46.66233],[-119.28601,46.66164],[-119.28367,46.66091],[-119.28351,46.66102],[-119.28473,46.66193],[-119.28518,46.66277],[-119.28499,46.66304],[-119.28447,46.66318],[-119.28409,46.66361],[-119.28236,46.66363],[-119.28083,46.66402],[-119.27959,46.66415],[-119.27634,46.66373],[-119.27477,46.66323],[-119.27466,46.66313],[-119.27478,46.6629],[-119.27453,46.66277],[-119.27285,46.66321],[-119.27201,46.6632],[-119.27053,46.66348],[-119.27034,46.66371],[-119.26966,46.66386],[-119.26938,46.66374],[-119.26889,46.66388],[-119.2688,46.66411],[-119.26817,46.66431],[-119.26788,46.66459],[-119.26614,46.66462],[-119.26406,46.66379],[-119.26384,46.66341],[-119.26395,46.66261],[-119.26384,46.66215],[-119.26328,46.66159],[-119.26334,46.66143],[-119.26239,46.6611],[-119.26238,46.66068],[-119.26038,46.66019],[-119.26026,46.65996],[-119.25962,46.65966],[-119.25837,46.65951],[-119.25744,46.65917],[-119.25584,46.65908],[-119.25593,46.65925],[-119.25729,46.65935],[-119.25924,46.66],[-119.26125,46.66134],[-119.26153,46.66172],[-119.26197,46.66174],[-119.26215,46.66198],[-119.26191,46.6622],[-119.26239,46.6625],[-119.26281,46.66245],[-119.26286,46.66257],[-119.26261,46.66281],[-119.26203,46.66294],[-119.26279,46.66344],[-119.26234,46.66378],[-119.26277,46.66412],[-119.26297,46.66458],[-119.26333,46.66469],[-119.26389,46.66544],[-119.26508,46.66568],[-119.26736,46.6668],[-119.26705,46.66705],[-119.26703,46.66738],[-119.26674,46.66747],[-119.26679,46.66771],[-119.26632,46.66784],[-119.26564,46.66861],[-119.26493,46.66889],[-119.26207,46.67113],[-119.26103,46.67158],[-119.25997,46.67248],[-119.25985,46.6729],[-119.25882,46.67352],[-119.25843,46.67406],[-119.25851,46.67447],[-119.2582,46.67498],[-119.25836,46.67549],[-119.25801,46.67579],[-119.25802,46.67628],[-119.25755,46.67671],[-119.25743,46.67713],[-119.25769,46.67749],[-119.25746,46.67801],[-119.25786,46.67863],[-119.25757,46.67959],[-119.25791,46.67983],[-119.2579,46.6802],[-119.25825,46.68036],[-119.25799,46.6807],[-119.25822,46.68135],[-119.25781,46.68164],[-119.25776,46.68229],[-119.25726,46.68272],[-119.25684,46.68346],[-119.25606,46.68414],[-119.25288,46.68595],[-119.25031,46.68636],[-119.24981,46.68678],[-119.24739,46.68756],[-119.24498,46.68746],[-119.24379,46.68728],[-119.24343,46.68694],[-119.24283,46.68701],[-119.24251,46.68679],[-119.2427,46.68658],[-119.24126,46.68576],[-119.24127,46.68543],[-119.23869,46.68473],[-119.23852,46.68448],[-119.2377,46.68407],[-119.2375,46.68351],[-119.237,46.68313],[-119.23567,46.68316],[-119.23389,46.68364],[-119.23324,46.68347],[-119.23327,46.68374],[-119.23299,46.68396],[-119.23112,46.68357],[-119.23087,46.68331],[-119.22999,46.6834],[-119.22976,46.68328],[-119.22861,46.68359],[-119.22728,46.68337],[-119.22285,46.68117],[-119.22078,46.68046],[-119.2195,46.68022],[-119.21981,46.67993],[-119.21961,46.67976],[-119.21778,46.67963],[-119.21659,46.67915],[-119.21602,46.67869],[-119.21602,46.67854],[-119.21651,46.67823],[-119.21647,46.67791],[-119.21484,46.6777],[-119.21272,46.67789],[-119.21262,46.67783],[-119.21277,46.67745],[-119.21368,46.67752],[-119.21372,46.67724],[-119.21346,46.67714],[-119.21222,46.67708],[-119.21165,46.67721],[-119.21121,46.67711],[-119.21112,46.677],[-119.21127,46.67681],[-119.21113,46.67674],[-119.20999,46.67669],[-119.20938,46.67638],[-119.20787,46.67665],[-119.20565,46.67627],[-119.2055,46.67618],[-119.20547,46.67587],[-119.20522,46.67573],[-119.20294,46.67537],[-119.20322,46.67516],[-119.20287,46.67494],[-119.20297,46.67484],[-119.2041,46.67476],[-119.20435,46.67449],[-119.20227,46.67464],[-119.20211,46.67454],[-119.20218,46.67413],[-119.20065,46.67355],[-119.20051,46.673],[-119.19892,46.67181],[-119.19898,46.67152],[-119.1988,46.67136],[-119.1991,46.67103],[-119.19872,46.67097],[-119.19844,46.67062],[-119.19875,46.66994],[-119.19843,46.66962],[-119.19842,46.66929],[-119.19867,46.66892],[-119.19861,46.66869],[-119.19879,46.6683],[-119.19961,46.66743],[-119.19955,46.66712],[-119.20002,46.66644],[-119.19943,46.66588],[-119.1997,46.66548],[-119.19932,46.6653],[-119.19949,46.66502],[-119.19916,46.66448],[-119.19928,46.66344],[-119.20016,46.66231],[-119.20053,46.66096],[-119.20185,46.65845],[-119.20295,46.65413],[-119.20293,46.65337],[-119.20272,46.65308],[-119.20219,46.65303],[-119.20208,46.65232],[-119.20047,46.64752],[-119.2006,46.6467],[-119.20227,46.64281],[-119.20231,46.64209],[-119.20146,46.64021],[-119.20132,46.63832],[-119.20104,46.63753],[-119.19732,46.63331],[-119.19622,46.63109],[-119.19458,46.62917],[-119.19342,46.62616],[-119.19225,46.62455],[-119.19102,46.62323],[-119.19081,46.6215],[-119.19128,46.6196],[-119.19117,46.61899],[-119.1904,46.61746],[-119.1898,46.61575],[-119.18935,46.61183],[-119.18932,46.60921],[-119.18959,46.60561],[-119.18922,46.60158],[-119.18961,46.60026],[-119.19124,46.59912],[-119.19182,46.59642],[-119.19308,46.59348],[-119.19363,46.59126],[-119.19363,46.56224],[-119.11394,46.56212],[-119.11299,46.56248],[-119.11309,46.57297],[-119.11169,46.57355],[-119.10992,46.57485],[-119.10326,46.5822],[-119.10208,46.58332],[-119.09932,46.58513],[-119.09565,46.58701],[-119.09217,46.58814],[-119.08861,46.58862],[-119.08508,46.58842],[-119.08225,46.5879],[-119.07917,46.58676],[-119.07694,46.58553],[-119.07032,46.58006],[-119.06918,46.57849],[-119.06886,46.57724],[-119.06884,46.57116],[-119.06862,46.56977],[-119.06549,46.56379],[-119.06439,46.56215],[-119.06388,46.5616],[-119.06269,46.56079],[-119.06127,46.56022],[-119.05955,46.55985],[-119.0578,46.55973],[-119.05609,46.55985],[-119.05428,46.56033],[-119.05357,46.56069],[-119.05419,46.55878],[-119.05395,46.55681],[-119.05327,46.55539],[-119.05164,46.55331],[-119.05246,46.55329],[-119.05269,46.55386],[-119.05322,46.55426],[-119.05342,46.55474],[-119.05379,46.55467],[-119.05474,46.55488],[-119.05507,46.55458],[-119.05497,46.55389],[-119.05508,46.55333],[-119.05541,46.55315],[-119.05589,46.55314],[-119.05628,46.55264],[-119.05681,46.55239],[-119.05679,46.55122],[-119.05688,46.55106],[-119.05734,46.55104],[-119.05742,46.55088],[-119.058,46.55073],[-119.05881,46.54949],[-119.05898,46.54903],[-119.05887,46.54814],[-119.05947,46.54745],[-119.05927,46.54729],[-119.0593,46.54703],[-119.05956,46.54702],[-119.05956,46.54658],[-119.06009,46.54588],[-119.06119,46.54336],[-119.06247,46.5417],[-119.06264,46.54063],[-119.06364,46.53967],[-119.06477,46.53808],[-119.06587,46.53528],[-119.06611,46.53491],[-119.06746,46.534],[-119.06858,46.53257],[-119.0691,46.53161],[-119.07077,46.52964],[-119.07159,46.52832],[-119.07163,46.52782],[-119.07207,46.52686],[-119.07254,46.52636],[-119.07543,46.52177],[-119.07677,46.52022],[-119.07861,46.51901],[-119.08057,46.51825],[-119.08069,46.51819],[-119.08063,46.51785],[-119.08099,46.51784],[-119.08131,46.51755],[-119.08163,46.51784],[-119.08194,46.51779],[-119.08184,46.51748],[-119.08199,46.51734],[-119.08412,46.51691],[-119.08498,46.51643],[-119.08548,46.5164],[-119.08639,46.51603],[-119.08719,46.51612],[-119.08776,46.51596],[-119.0893,46.51492],[-119.08944,46.5146],[-119.0893,46.51439],[-119.0897,46.51396],[-119.09175,46.51387],[-119.0923,46.51412],[-119.09481,46.51236],[-119.09506,46.512],[-119.09487,46.51165],[-119.09509,46.51158],[-119.09534,46.51119],[-119.09529,46.51081],[-119.09687,46.50987],[-119.09711,46.5095],[-119.0969,46.50932],[-119.09693,46.50914],[-119.09844,46.5079],[-119.09844,46.50767],[-119.09798,46.50744],[-119.09851,46.50692],[-119.09812,46.50675],[-119.09886,46.50621],[-119.09969,46.50528],[-119.0998,46.50507],[-119.0996,46.50455],[-119.09982,46.50449],[-119.1003,46.50361],[-119.10067,46.50349],[-119.10106,46.50295],[-119.10068,46.50265],[-119.10093,46.50239],[-119.10148,46.50236],[-119.10134,46.50225],[-119.10218,46.50166],[-119.10201,46.50132],[-119.10248,46.50069],[-119.10226,46.50014],[-119.1026,46.49991],[-119.10236,46.49985],[-119.10286,46.4985],[-119.10295,46.49791],[-119.10284,46.49775],[-119.10305,46.49724],[-119.103,46.49662],[-119.10317,46.49615],[-119.1029,46.49585],[-119.10278,46.49542],[-119.10297,46.49447],[-119.10278,46.49331],[-119.10299,46.4929],[-119.10104,46.49267],[-119.10152,46.49197],[-119.10202,46.49164],[-119.10203,46.49132],[-119.10184,46.49048],[-119.10068,46.48964],[-119.10073,46.48835],[-119.10099,46.48742],[-119.10149,46.48695],[-119.10245,46.48654],[-119.10401,46.48676],[-119.10413,46.48653],[-119.10458,46.48632],[-119.10764,46.48626],[-119.10884,46.48683],[-119.10798,46.48572],[-119.10728,46.48524],[-119.10626,46.48545],[-119.10535,46.48534],[-119.10368,46.48578],[-119.10357,46.48565],[-119.10454,46.48517],[-119.10463,46.485],[-119.10397,46.48483],[-119.10312,46.48506],[-119.10215,46.48489],[-119.1018,46.48468],[-119.10168,46.48435],[-119.10067,46.48428],[-119.10127,46.4829],[-119.10069,46.48218],[-119.10015,46.48203],[-119.10009,46.48177],[-119.10055,46.48131],[-119.10056,46.48096],[-119.10095,46.48074],[-119.10116,46.47954],[-119.10083,46.47913],[-119.10074,46.47849],[-119.10051,46.47832],[-119.10062,46.47759],[-119.10014,46.47728],[-119.09993,46.47682],[-119.10009,46.47633],[-119.10054,46.47586],[-119.10009,46.47554],[-119.10033,46.47483],[-119.10002,46.47426],[-119.09969,46.47408],[-119.09969,46.47382],[-119.10008,46.47335],[-119.09943,46.47302],[-119.09976,46.4725],[-119.0994,46.47208],[-119.09907,46.4711],[-119.09969,46.47106],[-119.09982,46.47091],[-119.09978,46.47073],[-119.09922,46.4706],[-119.09837,46.46993],[-119.09857,46.46952],[-119.09842,46.46897],[-119.09926,46.46871],[-119.09869,46.46759],[-119.0989,46.46741],[-119.09885,46.46706],[-119.0992,46.46684],[-119.10228,46.46697],[-119.10295,46.46622],[-119.10342,46.46619],[-119.10362,46.46633],[-119.10448,46.46624],[-119.105,46.46669],[-119.10549,46.46683],[-119.10539,46.46726],[-119.10551,46.46748],[-119.10662,46.46734],[-119.10731,46.46781],[-119.10741,46.46778],[-119.10727,46.46755],[-119.10679,46.46705],[-119.10603,46.46703],[-119.10578,46.46659],[-119.10475,46.46599],[-119.10283,46.46562],[-119.10175,46.466],[-119.10003,46.4658],[-119.0995,46.46487],[-119.09926,46.46375],[-119.0989,46.46342],[-119.09853,46.46276],[-119.09855,46.4625],[-119.09961,46.46153],[-119.09964,46.46083],[-119.09942,46.46032],[-119.09949,46.45982],[-119.08932,46.45982],[-119.08931,46.45953],[-119.08871,46.45954],[-119.08685,46.45803],[-119.08836,46.45894],[-119.0889,46.45894],[-119.08955,46.45749],[-119.08936,46.4572],[-119.08945,46.45495],[-119.09046,46.45463],[-119.09124,46.45405],[-119.0916,46.45357],[-119.09029,46.45256],[-119.09028,46.45234],[-119.09055,46.45208],[-119.08956,46.45147],[-119.08944,46.4512],[-119.08952,46.4508],[-119.08773,46.4503],[-119.08649,46.45031],[-119.0861,46.44989],[-119.08654,46.44949],[-119.08552,46.44911],[-119.08542,46.44862],[-119.08567,46.44838],[-119.08566,46.44813],[-119.08527,46.44773],[-119.08535,46.44731],[-119.0837,46.44624],[-119.08332,46.4457],[-119.08343,46.44524],[-119.08243,46.44438],[-119.08271,46.44395],[-119.08236,46.44342],[-119.08248,46.443],[-119.08072,46.44259],[-119.0804,46.44229],[-119.07964,46.44199],[-119.07954,46.44173],[-119.07826,46.44089],[-119.07714,46.44031],[-119.07525,46.43899],[-119.07296,46.43655],[-119.07122,46.43577],[-119.07042,46.43484],[-119.07048,46.43463],[-119.07022,46.43435],[-119.07019,46.43407],[-119.06923,46.43385],[-119.06923,46.4335],[-119.06872,46.43343],[-119.06865,46.43321],[-119.06805,46.43327],[-119.06843,46.43313],[-119.06925,46.4324],[-119.06953,46.43162],[-119.06897,46.43116],[-119.06925,46.43064],[-119.0679,46.43057],[-119.06715,46.43004],[-119.06739,46.4294],[-119.06648,46.42889],[-119.06692,46.42772],[-119.06662,46.42738],[-119.06664,46.4265],[-119.067,46.42623],[-119.06796,46.42491],[-119.06803,46.42464],[-119.0676,46.42423],[-119.06806,46.42347],[-119.06917,46.42225],[-119.06913,46.42144],[-119.0698,46.42008],[-119.06967,46.41981],[-119.06901,46.41949],[-119.06892,46.41919],[-119.06844,46.41873],[-119.06864,46.41781],[-119.06807,46.41685],[-119.06827,46.41566],[-119.06806,46.4154],[-119.06801,46.41491],[-119.06841,46.41438],[-119.06823,46.41424],[-119.0683,46.41411],[-119.06914,46.41319],[-119.06774,46.41293],[-119.06774,46.41223],[-119.06812,46.41149],[-119.06801,46.41123],[-119.06815,46.41064],[-119.06876,46.40999],[-119.06805,46.40984],[-119.06806,46.4097],[-119.06904,46.40902],[-119.06892,46.40822],[-119.06904,46.40674],[-119.06946,46.40636],[-119.06959,46.40582],[-119.06949,46.40544],[-119.07059,46.40348],[-119.07139,46.40303],[-119.07304,46.40246],[-119.07469,46.40251],[-119.07632,46.40233],[-119.07678,46.40261],[-119.07688,46.40315],[-119.07772,46.40326],[-119.07817,46.40241],[-119.07844,46.40231],[-119.07881,46.4026],[-119.07915,46.40209],[-119.08341,46.40254],[-119.0843,46.40325],[-119.08622,46.40431],[-119.08705,46.40452],[-119.0881,46.40453],[-119.08893,46.40546],[-119.08932,46.40636],[-119.09052,46.40654],[-119.09214,46.40799],[-119.09324,46.40817],[-119.09399,46.40874],[-119.09621,46.4094],[-119.09731,46.40941],[-119.09776,46.4091],[-119.09916,46.40895],[-119.09932,46.40933],[-119.09745,46.41002],[-119.09825,46.41009],[-119.09959,46.4108],[-119.10054,46.4117],[-119.10151,46.41169],[-119.10214,46.41129],[-119.1029,46.41109],[-119.10367,46.41135],[-119.10404,46.4117],[-119.10356,46.41301],[-119.1052,46.41359],[-119.10568,46.41397],[-119.10615,46.4139],[-119.10635,46.4141],[-119.10615,46.4144],[-119.10476,46.41514],[-119.10459,46.4164],[-119.12873,46.41633],[-119.13092,46.41498],[-119.13254,46.41427],[-119.13304,46.4134],[-119.13366,46.41296],[-119.13785,46.41193],[-119.13833,46.41203],[-119.13956,46.41146],[-119.14221,46.41073],[-119.14323,46.40986],[-119.14403,46.40988],[-119.14442,46.41011],[-119.14505,46.40995],[-119.1463,46.41004],[-119.14655,46.41041],[-119.14738,46.41066],[-119.14816,46.41047],[-119.14846,46.41059],[-119.15067,46.41011],[-119.15086,46.41029],[-119.15058,46.41063],[-119.1528,46.41074],[-119.1539,46.41026],[-119.15409,46.41002],[-119.15545,46.40953],[-119.15566,46.40921],[-119.15639,46.40889],[-119.1563,46.40865],[-119.15547,46.40853],[-119.15552,46.40764],[-119.15633,46.40749],[-119.15696,46.40706],[-119.1566,46.40689],[-119.15488,46.40691],[-119.15499,46.40662],[-119.1552,46.40665],[-119.15524,46.4063],[-119.1556,46.40618],[-119.157,46.4062],[-119.15883,46.40596],[-119.16005,46.40553],[-119.16302,46.40549],[-119.16385,46.40523],[-119.16687,46.4048],[-119.16767,46.40425],[-119.16881,46.40457],[-119.17022,46.40433],[-119.17097,46.4044],[-119.17127,46.40392],[-119.17213,46.40396],[-119.17257,46.40349],[-119.17206,46.40321],[-119.17229,46.40263],[-119.1731,46.40195],[-119.17315,46.40161],[-119.17334,46.40149],[-119.17415,46.40151],[-119.17423,46.40139],[-119.17412,46.40126],[-119.17348,46.40123],[-119.17354,46.40101],[-119.17333,46.40086],[-119.1725,46.40069],[-119.17223,46.40018],[-119.1718,46.40004],[-119.17174,46.39992],[-119.17195,46.39968],[-119.17499,46.39953],[-119.17559,46.39962],[-119.17571,46.39981],[-119.17782,46.39984],[-119.17929,46.39955],[-119.18093,46.39873],[-119.18144,46.39884],[-119.18336,46.39842],[-119.18368,46.39843],[-119.18423,46.39881],[-119.18471,46.39842],[-119.18611,46.39796],[-119.18716,46.39728],[-119.18778,46.39639],[-119.1883,46.39616],[-119.18856,46.39586],[-119.18882,46.39637],[-119.18918,46.39653],[-119.18971,46.39579],[-119.1903,46.39558],[-119.19111,46.39557],[-119.19181,46.3953],[-119.19225,46.39543],[-119.19324,46.39515],[-119.1939,46.39529],[-119.19529,46.39489],[-119.19589,46.39499],[-119.19687,46.39466],[-119.19724,46.39469],[-119.19752,46.39434],[-119.19772,46.39434],[-119.1983,46.38714],[-119.19775,46.37266],[-119.21848,46.37272],[-119.2187,46.3629],[-119.21996,46.36222],[-119.22141,46.3619],[-119.22294,46.36104],[-119.22465,46.36074],[-119.22491,46.36099],[-119.22471,46.36182],[-119.22425,46.36247],[-119.22386,46.36347],[-119.22396,46.36374],[-119.22676,46.36328],[-119.22734,46.36287],[-119.22805,46.3619],[-119.22958,46.36131],[-119.23037,46.36148],[-119.23114,46.36138],[-119.23178,46.36179],[-119.23184,46.36213],[-119.2317,46.3623],[-119.23096,46.36269],[-119.23071,46.36324],[-119.23086,46.36339],[-119.23154,46.36326],[-119.23186,46.36339],[-119.23283,46.36284],[-119.23282,46.3626],[-119.23313,46.36229],[-119.23521,46.36159],[-119.23555,46.36153],[-119.23616,46.36202],[-119.23689,46.36206],[-119.23726,46.36225],[-119.23819,46.36194],[-119.23853,46.362],[-119.23897,46.36236],[-119.23966,46.36258],[-119.23976,46.36288],[-119.24026,46.36294],[-119.23996,46.36311],[-119.23932,46.3629],[-119.23891,46.3631],[-119.23975,46.36337],[-119.24087,46.36328],[-119.24132,46.36364],[-119.2411,46.36394],[-119.24199,46.36416],[-119.24202,46.36429],[-119.24145,46.36473],[-119.24244,46.3651],[-119.24362,46.36636],[-119.24505,46.36715],[-119.2451,46.36738],[-119.24489,46.36769],[-119.24545,46.36927],[-119.24526,46.36947],[-119.24565,46.36965],[-119.24599,46.37007],[-119.24591,46.37046],[-119.24603,46.3708],[-119.24584,46.37116],[-119.24607,46.37154],[-119.24733,46.37056],[-119.24926,46.3702],[-119.25702,46.37019],[-119.2582,46.37038],[-119.25917,46.37085],[-119.2597,46.3714]]]]}},{"type":"Feature","properties":{"ava_id":"yakima_valley","name":"Yakima Valley","aka":null,"state":"WA","county":"Benton|Yakima","within":"Columbia Valley","contains":"Rattlesnake Hills|Red Mountain|Snipes Mountain","cfr_index":"9.69","valid_start":"2020-10-26"},"geometry":{"type":"MultiPolygon","coordinates":[[[[-120.47056,46.52455],[-120.33468,46.52209],[-120.21871,46.4894],[-120.09694,46.48078],[-119.84013,46.44733],[-119.78328,46.43237],[-119.76525,46.43198],[-119.76456,46.42029],[-119.74403,46.42002],[-119.74384,46.418],[-119.70355,46.41786],[-119.70356,46.42013],[-119.68625,46.42017],[-119.67103,46.4197],[-119.63946,46.41924],[-119.63907,46.40365],[-119.61882,46.40343],[-119.61883,46.39232],[-119.61824,46.38908],[-119.60486,46.3889],[-119.59747,46.38865],[-119.59701,46.37329],[-119.55498,46.37379],[-119.55485,46.35941],[-119.53491,46.35956],[-119.53472,46.34567],[-119.49193,46.34527],[-119.49175,46.33107],[-119.44188,46.29893],[-119.34828,46.24874],[-119.34832,46.24921],[-119.34819,46.2494],[-119.34696,46.24956],[-119.34668,46.24977],[-119.34673,46.25011],[-119.34733,46.2503],[-119.3476,46.25059],[-119.34765,46.25484],[-119.34677,46.25497],[-119.34695,46.2539],[-119.34682,46.25357],[-119.34592,46.25428],[-119.34484,46.25463],[-119.34235,46.25427],[-119.34243,46.24973],[-119.34422,46.24752],[-119.34453,46.24685],[-119.34464,46.24592],[-119.31899,46.23352],[-119.32019,46.16348],[-119.32114,46.16343],[-119.32181,46.16294],[-119.32392,46.1631],[-119.32598,46.16234],[-119.32699,46.1613],[-119.33031,46.16031],[-119.33126,46.15921],[-119.3325,46.15855],[-119.33393,46.15822],[-119.33605,46.15725],[-119.33785,46.15766],[-119.33819,46.15846],[-119.33826,46.1599],[-119.33769,46.16125],[-119.33657,46.16253],[-119.33714,46.16297],[-119.33998,46.16274],[-119.34068,46.16298],[-119.34093,46.16455],[-119.34211,46.16509],[-119.3451,46.16589],[-119.34592,46.16603],[-119.34711,46.16546],[-119.34839,46.16548],[-119.34799,46.16669],[-119.34847,46.16739],[-119.34932,46.16737],[-119.35137,46.16666],[-119.35192,46.16679],[-119.35197,46.16726],[-119.35135,46.16837],[-119.35148,46.16952],[-119.35241,46.17014],[-119.35316,46.17019],[-119.35495,46.16917],[-119.35567,46.16919],[-119.3559,46.16957],[-119.35557,46.17074],[-119.3559,46.17106],[-119.35677,46.17118],[-119.35694,46.17164],[-119.35672,46.17217],[-119.35617,46.17263],[-119.35823,46.17567],[-119.35938,46.17588],[-119.35985,46.1758],[-119.36037,46.17537],[-119.36117,46.17543],[-119.36133,46.17619],[-119.36097,46.17678],[-119.36043,46.17725],[-119.36076,46.17799],[-119.36188,46.17801],[-119.36242,46.17774],[-119.36289,46.17778],[-119.36346,46.17822],[-119.36261,46.17905],[-119.36209,46.18005],[-119.36251,46.18104],[-119.36374,46.18149],[-119.3645,46.18149],[-119.36479,46.18179],[-119.36443,46.18244],[-119.36351,46.1829],[-119.36348,46.18342],[-119.36395,46.18376],[-119.36482,46.18383],[-119.36565,46.18366],[-119.36667,46.18382],[-119.36684,46.18422],[-119.366,46.18517],[-119.36585,46.18568],[-119.36615,46.18598],[-119.36719,46.18613],[-119.36738,46.18655],[-119.36641,46.18771],[-119.3667,46.18816],[-119.36716,46.18846],[-119.36867,46.18838],[-119.36981,46.18705],[-119.37089,46.18764],[-119.3726,46.18774],[-119.37309,46.18819],[-119.3728,46.18883],[-119.37222,46.18913],[-119.37004,46.18951],[-119.36919,46.18983],[-119.36861,46.19048],[-119.36868,46.1909],[-119.36915,46.19113],[-119.36973,46.19126],[-119.37068,46.19093],[-119.37128,46.19118],[-119.37118,46.19191],[-119.37162,46.19209],[-119.37216,46.19192],[-119.37317,46.19123],[-119.37441,46.19144],[-119.37519,46.19264],[-119.37532,46.1938],[-119.37384,46.19515],[-119.37404,46.19611],[-119.37553,46.19601],[-119.37734,46.19522],[-119.3795,46.19607],[-119.38039,46.19856],[-119.38185,46.19859],[-119.38267,46.19818],[-119.38343,46.19807],[-119.38436,46.19741],[-119.38629,46.195],[-119.3873,46.19439],[-119.38796,46.19434],[-119.38854,46.19511],[-119.38836,46.19727],[-119.38801,46.1989],[-119.38677,46.19944],[-119.38603,46.20006],[-119.38587,46.20059],[-119.38236,46.20201],[-119.38206,46.20233],[-119.38207,46.20298],[-119.38304,46.20348],[-119.38328,46.20386],[-119.38297,46.20439],[-119.38303,46.20515],[-119.38434,46.20491],[-119.38524,46.20421],[-119.38657,46.20405],[-119.38764,46.20298],[-119.38905,46.20297],[-119.38979,46.2028],[-119.39083,46.20166],[-119.39139,46.2017],[-119.39218,46.20227],[-119.39377,46.20236],[-119.39411,46.20272],[-119.39384,46.20318],[-119.39337,46.2034],[-119.39215,46.20358],[-119.39101,46.20398],[-119.39003,46.2049],[-119.38898,46.20628],[-119.38788,46.20709],[-119.38487,46.20808],[-119.38442,46.20847],[-119.38446,46.20902],[-119.38597,46.20885],[-119.38645,46.20937],[-119.38817,46.20941],[-119.38872,46.2102],[-119.38935,46.21032],[-119.39058,46.20974],[-119.39138,46.20908],[-119.3923,46.208],[-119.39355,46.20779],[-119.39399,46.2081],[-119.39409,46.20866],[-119.39213,46.21135],[-119.39194,46.21178],[-119.39194,46.21237],[-119.39248,46.21285],[-119.39337,46.21317],[-119.39453,46.21272],[-119.39487,46.2121],[-119.39454,46.21118],[-119.39484,46.21084],[-119.3961,46.21091],[-119.39713,46.20978],[-119.39801,46.2097],[-119.39874,46.21006],[-119.39886,46.21078],[-119.39695,46.21351],[-119.39688,46.21422],[-119.39907,46.21517],[-119.40118,46.2152],[-119.40178,46.21474],[-119.40179,46.21213],[-119.40255,46.21132],[-119.40316,46.21128],[-119.40425,46.21202],[-119.40519,46.21162],[-119.40663,46.21155],[-119.40731,46.21223],[-119.40725,46.21298],[-119.40608,46.21428],[-119.40605,46.21519],[-119.40694,46.2158],[-119.40878,46.21567],[-119.4095,46.21596],[-119.40947,46.21711],[-119.41012,46.21743],[-119.41089,46.21748],[-119.41136,46.21698],[-119.41223,46.21661],[-119.4129,46.21678],[-119.41298,46.21761],[-119.41348,46.21797],[-119.41428,46.21782],[-119.41461,46.21739],[-119.41542,46.21755],[-119.41601,46.21842],[-119.41684,46.21877],[-119.41781,46.21835],[-119.41811,46.21748],[-119.41775,46.21619],[-119.4175,46.21383],[-119.41774,46.21309],[-119.41845,46.21273],[-119.42004,46.21353],[-119.42086,46.21489],[-119.4215,46.21656],[-119.42186,46.21698],[-119.42293,46.21695],[-119.42334,46.21506],[-119.4243,46.21413],[-119.427,46.21241],[-119.42855,46.21086],[-119.42918,46.21074],[-119.42972,46.21096],[-119.42964,46.21176],[-119.42636,46.21559],[-119.42554,46.21719],[-119.4252,46.21824],[-119.42541,46.21905],[-119.42593,46.21935],[-119.42702,46.21914],[-119.42732,46.21942],[-119.42948,46.21956],[-119.43021,46.22043],[-119.43094,46.22064],[-119.43163,46.22038],[-119.4319,46.21995],[-119.4313,46.21868],[-119.43144,46.21795],[-119.43223,46.21746],[-119.43228,46.21648],[-119.43357,46.21535],[-119.43359,46.21454],[-119.43279,46.21405],[-119.43266,46.21361],[-119.43294,46.21328],[-119.43699,46.21283],[-119.43814,46.21154],[-119.44036,46.2106],[-119.4415,46.20932],[-119.44248,46.20902],[-119.44404,46.20824],[-119.44555,46.20631],[-119.44623,46.20628],[-119.44773,46.20669],[-119.44858,46.20653],[-119.44933,46.20677],[-119.44948,46.20789],[-119.45054,46.20867],[-119.45306,46.20875],[-119.4529,46.20993],[-119.45221,46.21023],[-119.4494,46.21019],[-119.44875,46.21047],[-119.44801,46.21109],[-119.44725,46.21249],[-119.44522,46.21341],[-119.44324,46.21469],[-119.44205,46.21635],[-119.44111,46.21722],[-119.44009,46.21856],[-119.43965,46.21961],[-119.43981,46.22007],[-119.44081,46.2203],[-119.44055,46.22164],[-119.44087,46.22189],[-119.44158,46.22188],[-119.44234,46.22134],[-119.44296,46.22148],[-119.44351,46.22207],[-119.44406,46.22237],[-119.44532,46.22241],[-119.44648,46.22229],[-119.44717,46.22173],[-119.44835,46.22119],[-119.45026,46.22122],[-119.452,46.22059],[-119.45389,46.22097],[-119.4571,46.22246],[-119.4607,46.22378],[-119.46267,46.22518],[-119.46393,46.2267],[-119.46523,46.22759],[-119.46567,46.22779],[-119.46881,46.22785],[-119.46941,46.22808],[-119.46964,46.22847],[-119.46958,46.22949],[-119.4717,46.23056],[-119.47254,46.23125],[-119.47335,46.23126],[-119.47603,46.22957],[-119.47676,46.22975],[-119.48168,46.23306],[-119.48268,46.23506],[-119.48333,46.23572],[-119.48394,46.23611],[-119.48667,46.23686],[-119.48724,46.23721],[-119.48757,46.23971],[-119.48891,46.24049],[-119.49136,46.24124],[-119.49487,46.24282],[-119.4976,46.24439],[-119.50287,46.24652],[-119.50694,46.24779],[-119.51565,46.25252],[-119.53367,46.26044],[-119.5363,46.26086],[-119.53829,46.2617],[-119.54245,46.26408],[-119.54299,46.26425],[-119.54426,46.2643],[-119.54608,46.26306],[-119.54702,46.2628],[-119.54942,46.2628],[-119.55398,46.26321],[-119.55798,46.26337],[-119.56209,46.26319],[-119.56531,46.26181],[-119.5666,46.26089],[-119.56737,46.25894],[-119.56878,46.25822],[-119.57087,46.25758],[-119.57356,46.25522],[-119.57639,46.25331],[-119.58008,46.2519],[-119.5835,46.25156],[-119.58627,46.25091],[-119.59059,46.24924],[-119.59403,46.24922],[-119.59771,46.24777],[-119.60577,46.24663],[-119.60753,46.24539],[-119.61786,46.24293],[-119.61881,46.24229],[-119.6204,46.242],[-119.62402,46.24011],[-119.63158,46.23719],[-119.63638,46.23455],[-119.63821,46.23436],[-119.6412,46.23227],[-119.6425,46.23097],[-119.64418,46.23082],[-119.64422,46.23193],[-119.64477,46.2323],[-119.64791,46.23193],[-119.65025,46.2314],[-119.65102,46.23092],[-119.65066,46.22998],[-119.64993,46.22974],[-119.65015,46.22914],[-119.65189,46.2285],[-119.65316,46.22841],[-119.65339,46.22928],[-119.65585,46.22921],[-119.65695,46.22966],[-119.65789,46.22955],[-119.65806,46.22921],[-119.65795,46.22842],[-119.66013,46.22749],[-119.66021,46.2269],[-119.65948,46.22632],[-119.65823,46.22581],[-119.65821,46.22542],[-119.66148,46.22389],[-119.67747,46.21717],[-119.67955,46.21655],[-119.67991,46.21666],[-119.68018,46.21699],[-119.68152,46.21751],[-119.68154,46.21798],[-119.6809,46.21882],[-119.68186,46.21966],[-119.68289,46.21979],[-119.68367,46.2197],[-119.6844,46.21934],[-119.6849,46.21758],[-119.68935,46.21773],[-119.69939,46.21651],[-119.70421,46.21541],[-119.70673,46.21523],[-119.70742,46.21498],[-119.70893,46.21377],[-119.71032,46.21328],[-119.71226,46.21325],[-119.71339,46.21208],[-119.71357,46.21054],[-119.71426,46.20962],[-119.71634,46.20843],[-119.71768,46.20823],[-119.72295,46.20821],[-119.72573,46.20949],[-119.72753,46.20923],[-119.7283,46.20883],[-119.7286,46.20834],[-119.72808,46.20776],[-119.72567,46.20686],[-119.72449,46.20576],[-119.72462,46.2053],[-119.72787,46.20431],[-119.72954,46.20432],[-119.73007,46.20356],[-119.73225,46.20275],[-119.73659,46.20317],[-119.73695,46.20259],[-119.73791,46.20221],[-119.73953,46.2028],[-119.74035,46.20273],[-119.74048,46.2024],[-119.74222,46.20118],[-119.74228,46.2005],[-119.7412,46.19955],[-119.74123,46.1989],[-119.74261,46.19872],[-119.7429,46.19785],[-119.74353,46.19737],[-119.74444,46.19757],[-119.74636,46.19916],[-119.7475,46.19921],[-119.74845,46.19866],[-119.74863,46.19811],[-119.74854,46.19766],[-119.74789,46.19722],[-119.74861,46.19649],[-119.74964,46.1965],[-119.75056,46.19676],[-119.7509,46.19713],[-119.75145,46.19722],[-119.75236,46.1968],[-119.75294,46.19683],[-119.75346,46.19721],[-119.75372,46.19779],[-119.75414,46.19819],[-119.75521,46.1985],[-119.75588,46.19842],[-119.75653,46.19803],[-119.75644,46.1969],[-119.75874,46.1965],[-119.75951,46.19592],[-119.75958,46.19476],[-119.75849,46.19313],[-119.75882,46.19261],[-119.75953,46.19254],[-119.76101,46.1928],[-119.76288,46.19248],[-119.76538,46.19105],[-119.76744,46.18937],[-119.77108,46.18849],[-119.77368,46.18831],[-119.77539,46.18837],[-119.7758,46.18799],[-119.77644,46.18683],[-119.77716,46.18697],[-119.77815,46.18769],[-119.78034,46.1883],[-119.78133,46.18818],[-119.78156,46.18781],[-119.78143,46.18738],[-119.78088,46.18668],[-119.78183,46.18602],[-119.78193,46.18491],[-119.78412,46.18475],[-119.78509,46.18543],[-119.78613,46.18579],[-119.78662,46.18543],[-119.78679,46.18469],[-119.78733,46.18435],[-119.78786,46.18427],[-119.78926,46.18533],[-119.79081,46.18567],[-119.79251,46.18649],[-119.7936,46.18656],[-119.79395,46.18618],[-119.79381,46.18575],[-119.79225,46.18273],[-119.79355,46.18272],[-119.79424,46.1825],[-119.79451,46.18196],[-119.79606,46.18128],[-119.79684,46.18131],[-119.79729,46.18157],[-119.79744,46.18212],[-119.79673,46.18312],[-119.7967,46.18366],[-119.79714,46.18421],[-119.79886,46.18548],[-119.80065,46.18573],[-119.8012,46.18548],[-119.80112,46.1848],[-119.80056,46.1839],[-119.80209,46.18402],[-119.80245,46.18438],[-119.8032,46.18456],[-119.8045,46.18447],[-119.80541,46.18408],[-119.80556,46.18332],[-119.8037,46.18221],[-119.80385,46.1819],[-119.80472,46.18154],[-119.807,46.1817],[-119.80825,46.18096],[-119.8082,46.17995],[-119.80609,46.17914],[-119.80599,46.17854],[-119.80651,46.17807],[-119.80925,46.17896],[-119.81032,46.17856],[-119.81035,46.17722],[-119.8111,46.1771],[-119.81224,46.17766],[-119.81366,46.17744],[-119.81463,46.1784],[-119.8157,46.17793],[-119.81604,46.17681],[-119.81661,46.17658],[-119.81815,46.17711],[-119.8176,46.1798],[-119.81767,46.18107],[-119.81803,46.18152],[-119.81891,46.18159],[-119.82054,46.18049],[-119.82176,46.18021],[-119.82502,46.17986],[-119.82544,46.17912],[-119.82527,46.17844],[-119.82439,46.17773],[-119.82421,46.1771],[-119.82468,46.17679],[-119.82475,46.17525],[-119.82567,46.17527],[-119.82694,46.17642],[-119.8296,46.17635],[-119.83057,46.17664],[-119.8321,46.17824],[-119.83247,46.17845],[-119.83465,46.17852],[-119.83507,46.17825],[-119.83516,46.17777],[-119.83467,46.17687],[-119.83363,46.17609],[-119.83374,46.17563],[-119.83408,46.17545],[-119.83477,46.17546],[-119.8358,46.17621],[-119.83668,46.17544],[-119.83777,46.17529],[-119.83841,46.17581],[-119.83837,46.17634],[-119.83781,46.17699],[-119.8379,46.1774],[-119.84068,46.17942],[-119.84153,46.17996],[-119.84205,46.18007],[-119.84275,46.17967],[-119.84279,46.1787],[-119.84248,46.17803],[-119.84247,46.17738],[-119.84308,46.17689],[-119.84458,46.17717],[-119.84536,46.17659],[-119.84634,46.17637],[-119.84691,46.17588],[-119.84832,46.17586],[-119.84876,46.17634],[-119.84878,46.17772],[-119.84694,46.18007],[-119.84724,46.18074],[-119.8479,46.18081],[-119.85232,46.18012],[-119.8529,46.17976],[-119.85312,46.17938],[-119.85313,46.17871],[-119.85258,46.17799],[-119.85178,46.17764],[-119.85109,46.17761],[-119.85046,46.1772],[-119.85035,46.1768],[-119.85062,46.17631],[-119.85292,46.17544],[-119.8533,46.17509],[-119.85342,46.17474],[-119.85226,46.17343],[-119.85254,46.17309],[-119.85335,46.17308],[-119.85413,46.17378],[-119.85463,46.17399],[-119.85521,46.17253],[-119.85568,46.17214],[-119.85633,46.17207],[-119.85702,46.17275],[-119.85686,46.17499],[-119.85715,46.17568],[-119.85707,46.17624],[-119.85629,46.17722],[-119.85646,46.17792],[-119.85699,46.17816],[-119.85836,46.17808],[-119.85918,46.17721],[-119.85923,46.17557],[-119.86007,46.17466],[-119.85931,46.17365],[-119.85925,46.17307],[-119.85935,46.1726],[-119.85989,46.17236],[-119.86174,46.17308],[-119.86239,46.17266],[-119.86312,46.17146],[-119.86433,46.17118],[-119.86467,46.17171],[-119.86477,46.17248],[-119.86413,46.1736],[-119.86414,46.17411],[-119.86474,46.17452],[-119.86548,46.17435],[-119.86615,46.17365],[-119.86692,46.17365],[-119.86716,46.17396],[-119.8673,46.17492],[-119.86765,46.17507],[-119.86905,46.17398],[-119.87024,46.17397],[-119.87142,46.17343],[-119.87107,46.17233],[-119.87125,46.17173],[-119.87196,46.17156],[-119.87254,46.17177],[-119.87312,46.17123],[-119.8739,46.17119],[-119.87418,46.17161],[-119.87416,46.17298],[-119.87438,46.17371],[-119.87536,46.17429],[-119.87636,46.17531],[-119.87723,46.17527],[-119.87806,46.17469],[-119.87918,46.17478],[-119.87938,46.17406],[-119.878,46.17303],[-119.87894,46.17166],[-119.87889,46.17113],[-119.87954,46.1713],[-119.88007,46.17107],[-119.88049,46.1703],[-119.88107,46.17036],[-119.88191,46.17099],[-119.88301,46.17011],[-119.88365,46.16998],[-119.8844,46.17021],[-119.8843,46.17076],[-119.88326,46.17212],[-119.88314,46.17271],[-119.88333,46.17328],[-119.8839,46.17365],[-119.88461,46.17376],[-119.88785,46.17249],[-119.88886,46.17269],[-119.89073,46.1743],[-119.88903,46.17641],[-119.88895,46.17701],[-119.88936,46.17749],[-119.89143,46.17779],[-119.894,46.17747],[-119.89493,46.17687],[-119.89525,46.17613],[-119.89427,46.17438],[-119.89441,46.17365],[-119.89483,46.17322],[-119.89573,46.17332],[-119.89647,46.17459],[-119.8976,46.17497],[-119.89828,46.17439],[-119.89964,46.17404],[-119.9175,46.17207],[-119.92043,46.17194],[-119.92114,46.17162],[-119.92085,46.17058],[-119.92152,46.16997],[-119.92317,46.17119],[-119.92371,46.17115],[-119.92398,46.17077],[-119.92351,46.17003],[-119.92398,46.16929],[-119.92462,46.16941],[-119.92518,46.16977],[-119.92586,46.17054],[-119.92712,46.17062],[-119.92704,46.16901],[-119.92739,46.16845],[-119.92811,46.16847],[-119.92865,46.16873],[-119.92954,46.16981],[-119.93026,46.17014],[-119.93134,46.17013],[-119.93182,46.16967],[-119.93165,46.16895],[-119.93084,46.16808],[-119.93088,46.16744],[-119.93147,46.16698],[-119.93215,46.16702],[-119.93308,46.16787],[-119.934,46.16904],[-119.93509,46.16916],[-119.93556,46.16857],[-119.93496,46.16744],[-119.93491,46.16704],[-119.93514,46.16658],[-119.93592,46.1663],[-119.93722,46.16695],[-119.93873,46.16796],[-119.94017,46.1686],[-119.94108,46.16837],[-119.94132,46.16786],[-119.94119,46.16749],[-119.94016,46.1663],[-119.94126,46.16576],[-119.94223,46.16635],[-119.94274,46.16719],[-119.9434,46.16746],[-119.94385,46.16696],[-119.94303,46.16597],[-119.94362,46.16525],[-119.94413,46.16525],[-119.94562,46.16597],[-119.94628,46.16586],[-119.947,46.16598],[-119.94743,46.16628],[-119.94836,46.16627],[-119.94849,46.1653],[-119.95011,46.16467],[-119.94915,46.1636],[-119.94927,46.163],[-119.94997,46.16293],[-119.95212,46.16442],[-119.95478,46.16439],[-119.95692,46.16326],[-119.96007,46.16359],[-119.96088,46.16336],[-119.96085,46.16299],[-119.95987,46.1622],[-119.95997,46.16179],[-119.96056,46.16143],[-119.96119,46.16152],[-119.96244,46.16284],[-119.96331,46.16306],[-119.96768,46.16168],[-119.97174,46.15969],[-119.97233,46.15918],[-119.97241,46.15779],[-119.97408,46.1572],[-119.97446,46.15753],[-119.97435,46.15915],[-119.97471,46.1607],[-119.9764,46.16114],[-119.97746,46.16085],[-119.97852,46.16004],[-119.97862,46.15827],[-119.97896,46.15708],[-119.98012,46.15566],[-119.98069,46.15544],[-119.98163,46.1554],[-119.98179,46.15585],[-119.98136,46.15648],[-119.98127,46.15726],[-119.98181,46.15765],[-119.983,46.15755],[-119.98367,46.15597],[-119.98444,46.15565],[-119.98507,46.1558],[-119.98527,46.15753],[-119.98721,46.15855],[-119.98698,46.1597],[-119.98777,46.16034],[-119.9884,46.16047],[-119.98926,46.16015],[-119.98994,46.15826],[-119.99044,46.158],[-119.99058,46.15556],[-119.99217,46.15564],[-119.99293,46.15598],[-119.9937,46.15678],[-119.99543,46.15728],[-119.99783,46.15722],[-119.99806,46.15669],[-119.99869,46.1563],[-120.00046,46.15634],[-120.00054,46.15743],[-120.00141,46.15691],[-120.00272,46.1566],[-120.00361,46.15662],[-120.00537,46.15794],[-120.00644,46.15942],[-120.00941,46.15974],[-120.01098,46.15963],[-120.01117,46.1585],[-120.01207,46.15803],[-120.0122,46.15705],[-120.01391,46.15642],[-120.01503,46.15524],[-120.01578,46.15572],[-120.01599,46.15738],[-120.01699,46.15781],[-120.01858,46.15722],[-120.02035,46.15736],[-120.02051,46.15623],[-120.02096,46.15583],[-120.02275,46.15618],[-120.02415,46.15488],[-120.02501,46.15508],[-120.02509,46.15596],[-120.02312,46.15834],[-120.02347,46.15884],[-120.02406,46.1591],[-120.02496,46.15922],[-120.02556,46.1588],[-120.02614,46.15778],[-120.02679,46.1573],[-120.02759,46.15736],[-120.02892,46.15812],[-120.03116,46.15904],[-120.03326,46.15921],[-120.03665,46.15835],[-120.03777,46.15779],[-120.03864,46.15673],[-120.04,46.15578],[-120.04052,46.15594],[-120.04072,46.15649],[-120.04014,46.15736],[-120.04001,46.15842],[-120.04078,46.15925],[-120.04302,46.15993],[-120.04429,46.15955],[-120.04579,46.15951],[-120.04835,46.16175],[-120.04904,46.16193],[-120.04963,46.16148],[-120.04934,46.16081],[-120.04793,46.1593],[-120.048,46.15794],[-120.04958,46.1551],[-120.05019,46.15466],[-120.05069,46.15502],[-120.05083,46.15591],[-120.05021,46.15758],[-120.05036,46.15809],[-120.05079,46.15852],[-120.05215,46.15861],[-120.05307,46.15819],[-120.05378,46.15751],[-120.05402,46.15503],[-120.05585,46.15352],[-120.05646,46.15348],[-120.05685,46.15412],[-120.05632,46.15632],[-120.05663,46.15858],[-120.05701,46.15888],[-120.05778,46.1591],[-120.05872,46.15904],[-120.05925,46.15854],[-120.05937,46.1566],[-120.06122,46.15553],[-120.06225,46.15359],[-120.06306,46.1536],[-120.06373,46.154],[-120.06362,46.15611],[-120.06722,46.15677],[-120.06867,46.15741],[-120.06773,46.15984],[-120.06819,46.1607],[-120.06895,46.16138],[-120.07015,46.16183],[-120.07104,46.16188],[-120.0725,46.16055],[-120.07323,46.16046],[-120.07444,46.16059],[-120.07581,46.16102],[-120.07734,46.16116],[-120.07838,46.16095],[-120.07907,46.16017],[-120.079,46.15738],[-120.07953,46.15698],[-120.08048,46.15723],[-120.08184,46.15811],[-120.08454,46.16229],[-120.08529,46.16239],[-120.08588,46.16188],[-120.08513,46.15928],[-120.08548,46.15713],[-120.08521,46.15581],[-120.08467,46.15452],[-120.08337,46.15316],[-120.08382,46.15151],[-120.08543,46.14926],[-120.08623,46.14923],[-120.08662,46.14972],[-120.08673,46.1522],[-120.08728,46.15304],[-120.08829,46.15358],[-120.08965,46.15361],[-120.09067,46.15307],[-120.0915,46.15187],[-120.09264,46.15062],[-120.09367,46.14994],[-120.09447,46.14979],[-120.09516,46.15057],[-120.09364,46.15294],[-120.09348,46.15384],[-120.09411,46.15406],[-120.09552,46.15365],[-120.09633,46.15288],[-120.09694,46.15272],[-120.09752,46.15293],[-120.09733,46.15445],[-120.09926,46.15488],[-120.09961,46.1555],[-120.09842,46.15705],[-120.09847,46.15768],[-120.09908,46.15787],[-120.10045,46.1572],[-120.10131,46.1556],[-120.10312,46.15358],[-120.10386,46.15435],[-120.10507,46.15432],[-120.1057,46.15474],[-120.10561,46.15533],[-120.10433,46.15593],[-120.10308,46.15895],[-120.10307,46.16045],[-120.10358,46.16093],[-120.10438,46.16125],[-120.1053,46.16108],[-120.10605,46.1605],[-120.10719,46.15905],[-120.10778,46.15908],[-120.10818,46.16025],[-120.10894,46.16035],[-120.10991,46.16005],[-120.11061,46.15927],[-120.11151,46.157],[-120.11224,46.15633],[-120.11349,46.1561],[-120.11529,46.1546],[-120.11776,46.15296],[-120.11911,46.15282],[-120.11954,46.15327],[-120.11862,46.15434],[-120.11788,46.15649],[-120.11604,46.15836],[-120.11713,46.15898],[-120.11727,46.15938],[-120.11604,46.16013],[-120.11614,46.16062],[-120.11722,46.16096],[-120.11732,46.16143],[-120.11633,46.16174],[-120.11497,46.16305],[-120.11225,46.16649],[-120.11245,46.16704],[-120.11321,46.16715],[-120.11743,46.16439],[-120.11821,46.16413],[-120.1185,46.16456],[-120.11744,46.16619],[-120.11741,46.16719],[-120.11799,46.16756],[-120.11883,46.16761],[-120.12042,46.16668],[-120.12126,46.16544],[-120.12272,46.16527],[-120.12442,46.16445],[-120.12473,46.16532],[-120.12525,46.1656],[-120.12563,46.16507],[-120.12553,46.16423],[-120.126,46.16216],[-120.12675,46.16054],[-120.12761,46.15999],[-120.1282,46.16019],[-120.12884,46.16164],[-120.1292,46.16209],[-120.12986,46.16232],[-120.13396,46.15971],[-120.13509,46.15947],[-120.13579,46.15978],[-120.13607,46.16033],[-120.13242,46.16385],[-120.13192,46.16479],[-120.1321,46.16563],[-120.13329,46.16628],[-120.13342,46.16679],[-120.13308,46.16739],[-120.13241,46.16761],[-120.13217,46.16822],[-120.13236,46.16898],[-120.13187,46.16959],[-120.12957,46.17034],[-120.12922,46.1708],[-120.12953,46.17099],[-120.13104,46.17101],[-120.1323,46.17126],[-120.13211,46.17175],[-120.13079,46.17279],[-120.13048,46.17414],[-120.13092,46.17451],[-120.13261,46.17465],[-120.13438,46.17405],[-120.13564,46.17335],[-120.13622,46.17268],[-120.13664,46.17167],[-120.13821,46.17055],[-120.1383,46.16865],[-120.13936,46.16788],[-120.13961,46.16583],[-120.14277,46.16411],[-120.14449,46.16297],[-120.14588,46.163],[-120.14647,46.16365],[-120.14628,46.1654],[-120.14678,46.16642],[-120.14635,46.16693],[-120.14509,46.16768],[-120.14558,46.16875],[-120.14505,46.16967],[-120.14568,46.17086],[-120.14512,46.1714],[-120.1437,46.17219],[-120.14431,46.17313],[-120.14357,46.17412],[-120.14433,46.17511],[-120.14214,46.17746],[-120.14252,46.17784],[-120.1439,46.17812],[-120.14416,46.17897],[-120.14603,46.17911],[-120.14766,46.17778],[-120.14852,46.17756],[-120.14923,46.17787],[-120.15044,46.17911],[-120.1509,46.17931],[-120.15131,46.17903],[-120.15122,46.17775],[-120.14996,46.17608],[-120.15137,46.17389],[-120.15225,46.17451],[-120.15309,46.17644],[-120.1541,46.17759],[-120.155,46.17786],[-120.15561,46.1776],[-120.15563,46.17683],[-120.1554,46.17627],[-120.15631,46.17561],[-120.15726,46.1753],[-120.15751,46.17454],[-120.15739,46.17382],[-120.15656,46.17191],[-120.15685,46.17039],[-120.15758,46.17049],[-120.15833,46.17094],[-120.15849,46.17234],[-120.15915,46.17267],[-120.15985,46.17239],[-120.16084,46.17077],[-120.16265,46.17016],[-120.16351,46.1693],[-120.16416,46.1677],[-120.16543,46.16684],[-120.16692,46.16726],[-120.16758,46.16714],[-120.16845,46.1656],[-120.17085,46.16413],[-120.1735,46.16376],[-120.17661,46.16415],[-120.17675,46.16453],[-120.17629,46.16508],[-120.17054,46.16895],[-120.16925,46.17],[-120.16889,46.17067],[-120.16947,46.17164],[-120.16864,46.17218],[-120.16775,46.17246],[-120.16526,46.17292],[-120.16433,46.17419],[-120.16416,46.17478],[-120.16447,46.17584],[-120.1634,46.17651],[-120.1622,46.17665],[-120.1616,46.17726],[-120.1616,46.17781],[-120.16238,46.17873],[-120.1622,46.1793],[-120.16158,46.17991],[-120.1613,46.18068],[-120.15972,46.1808],[-120.15915,46.18133],[-120.16003,46.18267],[-120.15911,46.18347],[-120.15747,46.18445],[-120.15671,46.18517],[-120.15668,46.18603],[-120.157,46.1863],[-120.15764,46.1864],[-120.15944,46.18497],[-120.16003,46.18488],[-120.16134,46.18552],[-120.16203,46.18531],[-120.16255,46.18462],[-120.16369,46.18213],[-120.16432,46.18186],[-120.16504,46.18223],[-120.16506,46.18288],[-120.16435,46.18412],[-120.16498,46.1846],[-120.16631,46.18391],[-120.1668,46.18332],[-120.16721,46.1822],[-120.16847,46.18115],[-120.17029,46.18106],[-120.17156,46.17995],[-120.17424,46.17938],[-120.17759,46.1778],[-120.17896,46.17745],[-120.17978,46.17742],[-120.18033,46.17782],[-120.17992,46.17867],[-120.17921,46.17939],[-120.17613,46.18135],[-120.17318,46.18268],[-120.17149,46.18367],[-120.17142,46.18432],[-120.17072,46.18528],[-120.16855,46.18612],[-120.16807,46.18706],[-120.16756,46.18755],[-120.16483,46.18793],[-120.1642,46.18846],[-120.16483,46.1894],[-120.16348,46.19089],[-120.16309,46.19203],[-120.16098,46.19349],[-120.1587,46.19575],[-120.1586,46.19668],[-120.15884,46.19699],[-120.15958,46.19693],[-120.16011,46.19647],[-120.1607,46.19549],[-120.16193,46.19431],[-120.16341,46.19362],[-120.16556,46.19356],[-120.16606,46.19314],[-120.1663,46.19237],[-120.16636,46.19138],[-120.16758,46.18967],[-120.16803,46.18931],[-120.16886,46.18921],[-120.16893,46.18986],[-120.16861,46.1904],[-120.16858,46.19088],[-120.16927,46.19135],[-120.16919,46.1923],[-120.16859,46.19351],[-120.16855,46.19414],[-120.16915,46.19474],[-120.17,46.19517],[-120.17056,46.19516],[-120.17118,46.19492],[-120.17186,46.19403],[-120.17196,46.19275],[-120.17241,46.19157],[-120.1747,46.18919],[-120.1751,46.18927],[-120.17532,46.18954],[-120.17519,46.19046],[-120.17467,46.19135],[-120.17479,46.19175],[-120.17562,46.19194],[-120.17747,46.19062],[-120.17845,46.19057],[-120.17891,46.19072],[-120.17909,46.19115],[-120.17652,46.19304],[-120.17161,46.1988],[-120.17014,46.20152],[-120.17008,46.20204],[-120.17028,46.20231],[-120.17102,46.2024],[-120.17228,46.20141],[-120.17374,46.19919],[-120.17484,46.19939],[-120.17567,46.19924],[-120.17586,46.19865],[-120.1756,46.19824],[-120.17561,46.19727],[-120.17715,46.19567],[-120.17795,46.19524],[-120.17843,46.19534],[-120.17842,46.19682],[-120.17909,46.19705],[-120.17962,46.19697],[-120.18051,46.19625],[-120.18059,46.19494],[-120.18107,46.19417],[-120.18172,46.1937],[-120.18406,46.19345],[-120.18616,46.19168],[-120.18749,46.19151],[-120.18905,46.19061],[-120.1903,46.19056],[-120.19102,46.19081],[-120.19128,46.19128],[-120.19108,46.19215],[-120.19064,46.19282],[-120.18705,46.19534],[-120.18414,46.19784],[-120.18428,46.19825],[-120.1847,46.19848],[-120.18649,46.19808],[-120.18695,46.19837],[-120.18677,46.19873],[-120.18307,46.20053],[-120.18275,46.20084],[-120.1829,46.20133],[-120.18348,46.20165],[-120.18408,46.20171],[-120.18525,46.20104],[-120.18637,46.20085],[-120.18762,46.20126],[-120.18846,46.20092],[-120.18902,46.19965],[-120.19141,46.19904],[-120.19162,46.19866],[-120.19145,46.19798],[-120.19188,46.19741],[-120.19347,46.19679],[-120.19537,46.19534],[-120.19621,46.1953],[-120.19644,46.19568],[-120.19638,46.19616],[-120.19537,46.19709],[-120.19533,46.19769],[-120.19589,46.19829],[-120.19515,46.19902],[-120.194,46.19914],[-120.19295,46.1998],[-120.19265,46.20016],[-120.1925,46.2014],[-120.19171,46.20196],[-120.19145,46.2028],[-120.1917,46.20387],[-120.19075,46.20445],[-120.19047,46.20512],[-120.19127,46.2063],[-120.19141,46.20821],[-120.19294,46.20837],[-120.19504,46.20751],[-120.19601,46.20624],[-120.19616,46.20545],[-120.19615,46.20236],[-120.1966,46.20211],[-120.19726,46.20227],[-120.19754,46.20271],[-120.19773,46.20344],[-120.19827,46.20357],[-120.19878,46.20282],[-120.20006,46.20283],[-120.20117,46.20169],[-120.20176,46.2014],[-120.20249,46.20193],[-120.2016,46.204],[-120.20105,46.20466],[-120.19962,46.20569],[-120.19961,46.20626],[-120.20006,46.20642],[-120.20094,46.20638],[-120.20337,46.20474],[-120.20534,46.20304],[-120.20626,46.20099],[-120.2077,46.20094],[-120.2082,46.2007],[-120.20899,46.19915],[-120.20934,46.19881],[-120.21186,46.19836],[-120.21291,46.19733],[-120.21577,46.19329],[-120.21645,46.193],[-120.21734,46.19298],[-120.2177,46.1935],[-120.21758,46.19522],[-120.21839,46.1959],[-120.21848,46.19635],[-120.2182,46.19683],[-120.21426,46.19965],[-120.21426,46.2002],[-120.21576,46.20059],[-120.21606,46.20075],[-120.21607,46.20104],[-120.2155,46.20149],[-120.21327,46.2022],[-120.21123,46.20347],[-120.20585,46.20794],[-120.20603,46.20839],[-120.20659,46.20846],[-120.20932,46.20758],[-120.21,46.20784],[-120.20957,46.20839],[-120.20645,46.20994],[-120.20647,46.21031],[-120.20707,46.2104],[-120.20874,46.20987],[-120.20973,46.20996],[-120.20977,46.21042],[-120.20852,46.21181],[-120.20993,46.21185],[-120.21302,46.2098],[-120.21445,46.20905],[-120.21622,46.20862],[-120.21667,46.20858],[-120.21699,46.20873],[-120.21721,46.20928],[-120.21643,46.21006],[-120.21211,46.2132],[-120.21206,46.21366],[-120.21259,46.21411],[-120.21417,46.214],[-120.21858,46.21215],[-120.21985,46.21204],[-120.22083,46.21213],[-120.21722,46.21461],[-120.21678,46.21537],[-120.2178,46.2165],[-120.21889,46.21678],[-120.21971,46.21758],[-120.22018,46.21729],[-120.22346,46.21615],[-120.22417,46.21646],[-120.22386,46.21734],[-120.21946,46.2202],[-120.22809,46.23013],[-120.22827,46.23076],[-120.22918,46.23093],[-120.23002,46.23041],[-120.23231,46.23082],[-120.23331,46.2306],[-120.23319,46.22694],[-120.23356,46.22346],[-120.23442,46.22282],[-120.23554,46.22307],[-120.23612,46.22365],[-120.23693,46.22684],[-120.23738,46.22702],[-120.23797,46.22701],[-120.23825,46.22629],[-120.2389,46.22575],[-120.2394,46.22586],[-120.23944,46.22651],[-120.23746,46.22822],[-120.23743,46.23],[-120.23683,46.23105],[-120.23572,46.23213],[-120.23557,46.23332],[-120.23612,46.23352],[-120.23895,46.23105],[-120.23973,46.23111],[-120.23994,46.23158],[-120.23854,46.23296],[-120.23842,46.23399],[-120.23892,46.23426],[-120.24036,46.23436],[-120.2414,46.234],[-120.24206,46.23325],[-120.24299,46.23175],[-120.24304,46.23024],[-120.24414,46.22968],[-120.246,46.22801],[-120.24667,46.22764],[-120.24721,46.22782],[-120.24739,46.22846],[-120.24502,46.2309],[-120.24494,46.23171],[-120.24632,46.23195],[-120.24656,46.23292],[-120.24727,46.23296],[-120.24948,46.23225],[-120.25041,46.23241],[-120.25032,46.23295],[-120.24882,46.23408],[-120.25008,46.23557],[-120.2496,46.23625],[-120.24719,46.23568],[-120.2435,46.23659],[-120.24272,46.23731],[-120.24343,46.23852],[-120.24303,46.23896],[-120.24126,46.23939],[-120.2406,46.23988],[-120.24157,46.24049],[-120.24183,46.24097],[-120.24155,46.2415],[-120.24106,46.24181],[-120.24101,46.24214],[-120.24125,46.24233],[-120.24211,46.24248],[-120.24248,46.24241],[-120.24274,46.24215],[-120.24394,46.24226],[-120.24448,46.2428],[-120.24435,46.24539],[-120.24504,46.24573],[-120.24685,46.24588],[-120.24814,46.24526],[-120.24862,46.24445],[-120.24874,46.24363],[-120.25002,46.2426],[-120.25043,46.24164],[-120.25231,46.24048],[-120.25282,46.23938],[-120.25378,46.23856],[-120.25527,46.23844],[-120.25618,46.23798],[-120.25665,46.237],[-120.25726,46.23677],[-120.25851,46.23662],[-120.26214,46.23728],[-120.26344,46.23716],[-120.26378,46.23674],[-120.26398,46.23527],[-120.26439,46.23483],[-120.26511,46.23482],[-120.26629,46.23576],[-120.26711,46.23606],[-120.26912,46.23601],[-120.26978,46.23587],[-120.27247,46.23384],[-120.27366,46.23394],[-120.27412,46.23439],[-120.27403,46.23647],[-120.27425,46.23671],[-120.27463,46.23689],[-120.27531,46.23681],[-120.27621,46.23629],[-120.27751,46.23416],[-120.2778,46.23289],[-120.27889,46.23136],[-120.279,46.22998],[-120.27871,46.22878],[-120.27832,46.228],[-120.27687,46.2271],[-120.27664,46.22362],[-120.27572,46.21987],[-120.27499,46.21887],[-120.27548,46.21835],[-120.27598,46.21709],[-120.27614,46.2161],[-120.27601,46.21517],[-120.27569,46.21454],[-120.27438,46.21311],[-120.27735,46.21108],[-120.27823,46.21021],[-120.27948,46.20852],[-120.27992,46.20836],[-120.28034,46.20844],[-120.28061,46.20879],[-120.28058,46.2097],[-120.28089,46.21096],[-120.27945,46.21243],[-120.27853,46.21428],[-120.279,46.21561],[-120.27975,46.21631],[-120.28125,46.21662],[-120.28191,46.21701],[-120.28191,46.2174],[-120.28102,46.2182],[-120.28058,46.21894],[-120.28075,46.22035],[-120.28111,46.221],[-120.28173,46.22151],[-120.2831,46.22162],[-120.28314,46.22247],[-120.28189,46.2237],[-120.28165,46.22416],[-120.2817,46.22492],[-120.28314,46.22562],[-120.28332,46.2265],[-120.28393,46.22696],[-120.28516,46.22699],[-120.28939,46.22496],[-120.29129,46.22481],[-120.29222,46.2243],[-120.293,46.22423],[-120.29592,46.22146],[-120.29736,46.22115],[-120.29779,46.22124],[-120.298,46.22169],[-120.29814,46.22327],[-120.29795,46.22424],[-120.29702,46.2253],[-120.29595,46.22594],[-120.2938,46.22599],[-120.29163,46.22711],[-120.29081,46.22789],[-120.28967,46.22849],[-120.28793,46.22872],[-120.28584,46.22954],[-120.28488,46.23038],[-120.2849,46.23106],[-120.28557,46.23176],[-120.28552,46.23239],[-120.28416,46.23253],[-120.28355,46.23276],[-120.2811,46.23586],[-120.27988,46.2386],[-120.27988,46.23896],[-120.28022,46.23922],[-120.28214,46.23928],[-120.2826,46.23974],[-120.2825,46.24007],[-120.28194,46.24048],[-120.28019,46.24131],[-120.27959,46.24127],[-120.27872,46.2408],[-120.27798,46.24072],[-120.27594,46.24151],[-120.27524,46.24148],[-120.27254,46.24069],[-120.27068,46.24046],[-120.26873,46.24071],[-120.26814,46.24143],[-120.26865,46.24221],[-120.26976,46.24267],[-120.27031,46.24326],[-120.27027,46.24388],[-120.26903,46.24409],[-120.26599,46.24331],[-120.26458,46.24326],[-120.2637,46.24341],[-120.26285,46.24385],[-120.2619,46.24536],[-120.2587,46.24748],[-120.25796,46.24832],[-120.25774,46.2493],[-120.25846,46.24955],[-120.2594,46.24936],[-120.26095,46.2481],[-120.26196,46.24765],[-120.26325,46.24801],[-120.26469,46.24788],[-120.2648,46.24847],[-120.264,46.24942],[-120.26418,46.24988],[-120.26721,46.25004],[-120.26791,46.25022],[-120.26802,46.25079],[-120.26639,46.25168],[-120.26657,46.25216],[-120.26793,46.25264],[-120.26893,46.2535],[-120.26968,46.2536],[-120.26995,46.25493],[-120.27111,46.25542],[-120.27227,46.25552],[-120.27432,46.25508],[-120.27531,46.2541],[-120.27827,46.25226],[-120.27897,46.25256],[-120.279,46.25354],[-120.2785,46.25428],[-120.27431,46.25763],[-120.27379,46.25823],[-120.27383,46.25881],[-120.27477,46.25896],[-120.27739,46.25792],[-120.27813,46.258],[-120.27853,46.2585],[-120.27806,46.25973],[-120.27824,46.26004],[-120.27931,46.26012],[-120.2806,46.25942],[-120.28155,46.25788],[-120.2827,46.25762],[-120.28358,46.25704],[-120.28615,46.25401],[-120.28685,46.25356],[-120.28759,46.25368],[-120.28805,46.2557],[-120.28566,46.25849],[-120.28413,46.25985],[-120.28431,46.26022],[-120.28527,46.26031],[-120.28696,46.25963],[-120.289,46.26028],[-120.29013,46.26038],[-120.29154,46.26156],[-120.29234,46.26126],[-120.29243,46.26091],[-120.29213,46.26031],[-120.29244,46.25992],[-120.29435,46.25876],[-120.29486,46.25816],[-120.29517,46.25759],[-120.29505,46.25509],[-120.29518,46.25462],[-120.296,46.25456],[-120.29648,46.25489],[-120.29772,46.25675],[-120.29702,46.25799],[-120.29781,46.25935],[-120.29693,46.26053],[-120.2967,46.26114],[-120.29738,46.26166],[-120.29933,46.26162],[-120.30083,46.26136],[-120.30126,46.26074],[-120.30161,46.25887],[-120.30231,46.25872],[-120.30279,46.25914],[-120.30361,46.26092],[-120.30536,46.2609],[-120.30579,46.26075],[-120.3062,46.2604],[-120.30606,46.25947],[-120.30569,46.2586],[-120.30653,46.25703],[-120.30648,46.25652],[-120.30595,46.25605],[-120.30611,46.25467],[-120.30499,46.25392],[-120.30531,46.25344],[-120.30653,46.25265],[-120.30702,46.2519],[-120.30652,46.24869],[-120.30568,46.24732],[-120.30491,46.2466],[-120.30491,46.24601],[-120.30534,46.2458],[-120.30598,46.24591],[-120.30763,46.24709],[-120.30828,46.24714],[-120.30864,46.24673],[-120.30932,46.24455],[-120.30983,46.24387],[-120.31108,46.244],[-120.31139,46.24641],[-120.31202,46.24732],[-120.3119,46.24801],[-120.31097,46.24901],[-120.3109,46.25167],[-120.31173,46.25325],[-120.31186,46.25391],[-120.31093,46.2553],[-120.31147,46.25589],[-120.31137,46.25704],[-120.31176,46.25815],[-120.31276,46.25834],[-120.31319,46.25792],[-120.31326,46.25595],[-120.31431,46.25543],[-120.31536,46.25381],[-120.31637,46.25384],[-120.31685,46.25445],[-120.317,46.25692],[-120.31735,46.25821],[-120.31783,46.25864],[-120.31867,46.2587],[-120.31911,46.25841],[-120.31939,46.25757],[-120.3202,46.25712],[-120.32028,46.25568],[-120.32061,46.2549],[-120.32193,46.25355],[-120.32187,46.25196],[-120.32148,46.2514],[-120.32137,46.24944],[-120.32181,46.24883],[-120.32251,46.24849],[-120.32316,46.2486],[-120.32358,46.24897],[-120.32364,46.25063],[-120.32443,46.25234],[-120.32457,46.25357],[-120.32503,46.25444],[-120.32549,46.25459],[-120.32675,46.25461],[-120.32726,46.25518],[-120.32701,46.25576],[-120.3259,46.25681],[-120.32571,46.25735],[-120.32631,46.25789],[-120.33215,46.25756],[-120.33318,46.25701],[-120.33428,46.25668],[-120.33618,46.25748],[-120.33813,46.25725],[-120.3383,46.25642],[-120.3378,46.25483],[-120.33827,46.25412],[-120.33885,46.25389],[-120.34004,46.2547],[-120.34039,46.25532],[-120.34103,46.25572],[-120.34149,46.25575],[-120.34186,46.25535],[-120.34114,46.25402],[-120.34196,46.25273],[-120.34156,46.252],[-120.34159,46.25136],[-120.34229,46.25054],[-120.3429,46.24925],[-120.34289,46.24818],[-120.34411,46.24705],[-120.34464,46.24572],[-120.34478,46.2445],[-120.34453,46.24323],[-120.34497,46.24265],[-120.34657,46.24164],[-120.34812,46.24133],[-120.34826,46.24314],[-120.34807,46.24491],[-120.34835,46.24643],[-120.34807,46.24733],[-120.34648,46.24962],[-120.34666,46.2506],[-120.34537,46.2526],[-120.34568,46.2531],[-120.34623,46.2535],[-120.34678,46.25363],[-120.34955,46.25348],[-120.35154,46.25399],[-120.35259,46.25502],[-120.35335,46.25496],[-120.35485,46.25342],[-120.35563,46.25335],[-120.35601,46.25362],[-120.356,46.25399],[-120.35465,46.25568],[-120.35459,46.25724],[-120.35515,46.25776],[-120.35667,46.25785],[-120.36008,46.25656],[-120.36331,46.25501],[-120.365,46.25354],[-120.36543,46.25247],[-120.36539,46.25178],[-120.36597,46.25143],[-120.36658,46.25147],[-120.36769,46.25202],[-120.36856,46.25213],[-120.36919,46.25184],[-120.37074,46.25159],[-120.37276,46.25074],[-120.37302,46.24998],[-120.37264,46.24832],[-120.37222,46.24769],[-120.37293,46.24683],[-120.37333,46.24487],[-120.37371,46.24468],[-120.37428,46.24467],[-120.37477,46.24493],[-120.3749,46.24534],[-120.37491,46.24675],[-120.37529,46.2484],[-120.375,46.24976],[-120.37563,46.25006],[-120.37704,46.24943],[-120.37964,46.24935],[-120.38042,46.24873],[-120.38082,46.24812],[-120.38192,46.24814],[-120.38243,46.24848],[-120.38265,46.24894],[-120.38325,46.24931],[-120.38608,46.24993],[-120.3874,46.25131],[-120.38796,46.25367],[-120.3885,46.25383],[-120.38938,46.25374],[-120.39059,46.25332],[-120.39182,46.25315],[-120.39213,46.25209],[-120.39222,46.25097],[-120.39252,46.25054],[-120.39328,46.2506],[-120.39405,46.25127],[-120.39423,46.25231],[-120.39484,46.25272],[-120.39583,46.25264],[-120.3966,46.25199],[-120.39709,46.2506],[-120.40091,46.24775],[-120.4013,46.24669],[-120.40199,46.24622],[-120.40406,46.24609],[-120.40513,46.24565],[-120.40603,46.24468],[-120.40597,46.24311],[-120.4067,46.24277],[-120.40835,46.24253],[-120.40962,46.24169],[-120.41075,46.23904],[-120.41063,46.23867],[-120.41014,46.2382],[-120.41029,46.23773],[-120.41205,46.23691],[-120.41655,46.23331],[-120.41763,46.23318],[-120.41885,46.23363],[-120.42031,46.2339],[-120.42097,46.23385],[-120.42203,46.23296],[-120.42369,46.23231],[-120.42442,46.23212],[-120.42501,46.23277],[-120.42534,46.23359],[-120.42455,46.23494],[-120.42174,46.23722],[-120.42131,46.23888],[-120.42014,46.2408],[-120.4174,46.24065],[-120.4167,46.24021],[-120.41618,46.24018],[-120.41547,46.24056],[-120.41478,46.24121],[-120.41442,46.24221],[-120.41425,46.24428],[-120.4136,46.24471],[-120.41212,46.24531],[-120.4106,46.2453],[-120.4095,46.24566],[-120.40404,46.24929],[-120.402,46.25038],[-120.40123,46.25117],[-120.40091,46.25201],[-120.40118,46.2527],[-120.40171,46.25337],[-120.40252,46.25366],[-120.40616,46.25317],[-120.40834,46.25248],[-120.40968,46.25234],[-120.41269,46.25126],[-120.41577,46.25256],[-120.41602,46.25363],[-120.41749,46.25465],[-120.42058,46.25459],[-120.4216,46.2549],[-120.42215,46.25554],[-120.42178,46.25613],[-120.41957,46.25693],[-120.41761,46.25736],[-120.41543,46.25731],[-120.41331,46.25692],[-120.4118,46.25716],[-120.41069,46.25792],[-120.40949,46.25804],[-120.40902,46.25829],[-120.40882,46.2586],[-120.40879,46.26017],[-120.40805,46.26059],[-120.40478,46.2608],[-120.40453,46.26048],[-120.40447,46.25974],[-120.40382,46.25892],[-120.40219,46.25801],[-120.39812,46.25784],[-120.39274,46.25822],[-120.39021,46.25865],[-120.38787,46.25827],[-120.3863,46.25907],[-120.38474,46.2592],[-120.38349,46.25784],[-120.38215,46.25745],[-120.38145,46.25702],[-120.38137,46.25625],[-120.38075,46.25549],[-120.38004,46.25511],[-120.37837,46.25601],[-120.37756,46.25607],[-120.37701,46.25559],[-120.3763,46.25533],[-120.37202,46.25583],[-120.36922,46.25674],[-120.36609,46.259],[-120.36274,46.25978],[-120.36206,46.26028],[-120.3621,46.26081],[-120.36233,46.2612],[-120.36289,46.26168],[-120.36442,46.26201],[-120.36464,46.26243],[-120.3634,46.26396],[-120.36261,46.26392],[-120.36205,46.26293],[-120.36169,46.26267],[-120.36035,46.26246],[-120.35748,46.26378],[-120.3562,46.26399],[-120.35401,46.26359],[-120.35099,46.26261],[-120.35019,46.26279],[-120.34895,46.26364],[-120.34737,46.26383],[-120.34662,46.26361],[-120.34626,46.26339],[-120.34624,46.26298],[-120.34582,46.26205],[-120.34539,46.26162],[-120.34563,46.26117],[-120.34734,46.25986],[-120.34761,46.25912],[-120.34744,46.25838],[-120.34689,46.25793],[-120.34631,46.25778],[-120.34556,46.25789],[-120.34442,46.25892],[-120.34345,46.2601],[-120.34201,46.26085],[-120.33843,46.26144],[-120.33818,46.26216],[-120.33872,46.26324],[-120.33888,46.2641],[-120.33879,46.26461],[-120.33811,46.26481],[-120.33748,46.26468],[-120.33604,46.26365],[-120.33534,46.26377],[-120.33455,46.26475],[-120.33391,46.26513],[-120.333,46.26464],[-120.33302,46.26339],[-120.33267,46.2627],[-120.33208,46.26251],[-120.33097,46.26288],[-120.33062,46.26327],[-120.33052,46.26527],[-120.33014,46.26592],[-120.32921,46.26606],[-120.32893,46.26532],[-120.32792,46.26433],[-120.32655,46.26398],[-120.32416,46.2638],[-120.32341,46.26403],[-120.32327,46.26525],[-120.32247,46.26545],[-120.32144,46.2654],[-120.321,46.26559],[-120.32096,46.26654],[-120.31958,46.2676],[-120.31929,46.26809],[-120.31923,46.26904],[-120.32029,46.27044],[-120.32002,46.2709],[-120.31842,46.27073],[-120.31576,46.26988],[-120.31399,46.26977],[-120.31334,46.27033],[-120.31379,46.27201],[-120.3137,46.27281],[-120.31301,46.2729],[-120.31073,46.2711],[-120.30968,46.2711],[-120.3082,46.27137],[-120.3074,46.27237],[-120.30749,46.27437],[-120.30711,46.27458],[-120.30488,46.2741],[-120.30367,46.27419],[-120.30251,46.27474],[-120.30162,46.27556],[-120.30101,46.27677],[-120.29803,46.27753],[-120.29738,46.278],[-120.29713,46.27846],[-120.29742,46.27895],[-120.29819,46.27952],[-120.2991,46.27977],[-120.30062,46.27974],[-120.30114,46.28002],[-120.3015,46.28046],[-120.30131,46.28161],[-120.3008,46.28223],[-120.29915,46.28226],[-120.29654,46.28373],[-120.29659,46.28577],[-120.29622,46.28624],[-120.29545,46.28627],[-120.29502,46.28713],[-120.294,46.28704],[-120.29376,46.28662],[-120.29371,46.2855],[-120.2934,46.28504],[-120.29287,46.28479],[-120.2921,46.28497],[-120.29133,46.2856],[-120.28963,46.28451],[-120.28849,46.28455],[-120.28812,46.28484],[-120.28771,46.28528],[-120.28763,46.28698],[-120.28689,46.28737],[-120.28637,46.28722],[-120.28607,46.28677],[-120.28599,46.28629],[-120.28563,46.28595],[-120.28515,46.28579],[-120.28364,46.28578],[-120.28289,46.28674],[-120.28211,46.28587],[-120.28097,46.28586],[-120.2804,46.28616],[-120.28027,46.28678],[-120.2806,46.28734],[-120.28043,46.28771],[-120.27899,46.28785],[-120.2778,46.28757],[-120.27653,46.28754],[-120.27549,46.28858],[-120.27491,46.28875],[-120.2744,46.2886],[-120.27391,46.28781],[-120.2734,46.28745],[-120.27246,46.28752],[-120.27181,46.28829],[-120.27178,46.28905],[-120.27133,46.28934],[-120.27025,46.2896],[-120.27019,46.28997],[-120.27121,46.29087],[-120.27117,46.29129],[-120.2702,46.29166],[-120.26924,46.29176],[-120.26862,46.29243],[-120.26426,46.29237],[-120.26325,46.29393],[-120.26158,46.29416],[-120.26117,46.29443],[-120.2612,46.29481],[-120.26355,46.2958],[-120.26348,46.29633],[-120.26256,46.29647],[-120.26028,46.29605],[-120.25809,46.29653],[-120.25784,46.29686],[-120.25861,46.2975],[-120.25894,46.29806],[-120.25847,46.29827],[-120.25786,46.29821],[-120.25548,46.29715],[-120.25442,46.29711],[-120.25247,46.29752],[-120.2518,46.29818],[-120.2518,46.29891],[-120.24965,46.29832],[-120.24924,46.29709],[-120.24895,46.29671],[-120.24837,46.29655],[-120.24723,46.29699],[-120.24717,46.29794],[-120.2476,46.29856],[-120.24731,46.29915],[-120.24546,46.29969],[-120.24527,46.30013],[-120.24582,46.30028],[-120.24739,46.3001],[-120.24778,46.30026],[-120.24801,46.30068],[-120.24684,46.30218],[-120.24416,46.30236],[-120.24418,46.30288],[-120.24388,46.30333],[-120.24024,46.30272],[-120.23942,46.30293],[-120.23804,46.30411],[-120.23735,46.30423],[-120.23507,46.30361],[-120.23375,46.30363],[-120.23318,46.30337],[-120.233,46.30284],[-120.23248,46.30258],[-120.23129,46.30263],[-120.23115,46.30372],[-120.23039,46.30411],[-120.22437,46.30429],[-120.22382,46.30476],[-120.22369,46.30543],[-120.22373,46.30601],[-120.2243,46.30639],[-120.22493,46.30645],[-120.22624,46.30603],[-120.22774,46.30642],[-120.23138,46.30649],[-120.2321,46.30607],[-120.23312,46.3067],[-120.23262,46.30724],[-120.23243,46.30792],[-120.23278,46.30817],[-120.23523,46.3082],[-120.23576,46.30845],[-120.236,46.30932],[-120.23683,46.30945],[-120.23759,46.30941],[-120.23839,46.3089],[-120.23877,46.30917],[-120.23924,46.30995],[-120.23988,46.31033],[-120.24244,46.30974],[-120.24831,46.31029],[-120.24936,46.30975],[-120.25073,46.30948],[-120.25618,46.30883],[-120.25905,46.3081],[-120.26154,46.30805],[-120.26249,46.30772],[-120.26344,46.30682],[-120.264,46.30665],[-120.26543,46.30703],[-120.26725,46.30695],[-120.26852,46.30749],[-120.27003,46.30702],[-120.2717,46.30702],[-120.27627,46.3081],[-120.27676,46.30785],[-120.27691,46.30743],[-120.27644,46.30561],[-120.2767,46.30512],[-120.27779,46.30514],[-120.27874,46.30553],[-120.27914,46.30659],[-120.27976,46.30715],[-120.28147,46.30697],[-120.28276,46.30563],[-120.28402,46.30562],[-120.28446,46.30605],[-120.28444,46.30719],[-120.28486,46.30744],[-120.28561,46.30757],[-120.28634,46.30693],[-120.2869,46.30686],[-120.28764,46.30718],[-120.28877,46.30726],[-120.29173,46.30699],[-120.29408,46.30753],[-120.29905,46.30759],[-120.30052,46.30712],[-120.30198,46.3071],[-120.30316,46.30741],[-120.30618,46.30737],[-120.30907,46.30639],[-120.31001,46.30562],[-120.31083,46.30548],[-120.32721,46.30371],[-120.32909,46.30262],[-120.33096,46.30284],[-120.3326,46.30267],[-120.3336,46.30193],[-120.33496,46.30171],[-120.33728,46.30069],[-120.3423,46.30034],[-120.34283,46.29982],[-120.34332,46.29899],[-120.34378,46.29889],[-120.34525,46.29973],[-120.34653,46.29953],[-120.35009,46.29834],[-120.35076,46.29769],[-120.35149,46.29742],[-120.35336,46.29742],[-120.35402,46.29818],[-120.35481,46.2986],[-120.35727,46.29751],[-120.35871,46.29589],[-120.3589,46.29474],[-120.41927,46.28867],[-120.53669,46.29492],[-120.66677,46.27227],[-120.83613,46.34097],[-120.86185,46.50814],[-120.72327,46.49181],[-120.6287,46.50964],[-120.55027,46.53044],[-120.47056,46.52455]]]]}}]}
