{"type":"FeatureCollection","_provenance":{"source":"UC Davis Library, American Viticultural Areas Digitizing Project (github.com/UCDavisLibrary/ava)","commit":"355f7da3cd6c4020fff736b7517a4a669fed7730","raw_file":"avas_by_state/NY_avas.geojson","raw_bytes":1525079,"raw_sha256":"8BE8F4D385229441461D67FA33A24B169C227DA5C44BC67B717368FC3BAA8E66","licence":"CC0-1.0 (American Viticultural Areas Digitizing Project)","method":"current boundaries only (valid_end empty); properties trimmed to ava_id, name, aka, state, county, within, contains, cfr_index, valid_start; Douglas-Peucker 0.0001° per ring (under the 12.2 m accuracy of the USGS 1:24,000 base); coordinates rounded to 5 decimals. A generalized digitization of 27 CFR Part 9, not TTB's legal boundary.","crs":{"crs_in":"EPSG:4269","crs_out":"EPSG:4326","transform":"identity"},"generated_at":"2026-09-29"},"features":[{"type":"Feature","properties":{"ava_id":"cayuga_lake","name":"Cayuga Lake","aka":null,"state":"NY","county":"Cayuga|Seneca|Tompkins","within":"Finger Lakes","contains":null,"cfr_index":"9.127","valid_start":null},"geometry":{"type":"MultiPolygon","coordinates":[[[[-76.73333,42.96036],[-76.73321,42.95898],[-76.73097,42.95197],[-76.73028,42.94573],[-76.72952,42.94177],[-76.72805,42.93815],[-76.72534,42.93333],[-76.72496,42.93195],[-76.72484,42.93047],[-76.72531,42.92676],[-76.72611,42.92261],[-76.72566,42.92128],[-76.72495,42.92009],[-76.72329,42.91513],[-76.72098,42.90922],[-76.72015,42.90745],[-76.71879,42.90531],[-76.7157,42.90168],[-76.71364,42.89986],[-76.71009,42.89728],[-76.70886,42.89618],[-76.70783,42.89499],[-76.70429,42.88979],[-76.70294,42.8875],[-76.70179,42.88402],[-76.70001,42.87754],[-76.6993,42.87634],[-76.6964,42.8731],[-76.69494,42.86709],[-76.69488,42.86604],[-76.69412,42.86218],[-76.68976,42.85441],[-76.68945,42.85098],[-76.68947,42.84764],[-76.68989,42.84231],[-76.69081,42.83864],[-76.69232,42.83426],[-76.69396,42.83041],[-76.69565,42.8277],[-76.69611,42.82632],[-76.69691,42.82218],[-76.69692,42.8198],[-76.69661,42.81813],[-76.69715,42.81394],[-76.70218,42.80218],[-76.70342,42.80004],[-76.70778,42.79524],[-76.70928,42.79263],[-76.70987,42.79134],[-76.71046,42.78806],[-76.71034,42.78682],[-76.70874,42.78229],[-76.70585,42.77804],[-76.70541,42.77661],[-76.70497,42.77337],[-76.70486,42.7689],[-76.7043,42.76604],[-76.70372,42.7647],[-76.70134,42.76112],[-76.69891,42.75592],[-76.69802,42.75373],[-76.69707,42.75035],[-76.69617,42.74801],[-76.69579,42.74639],[-76.69561,42.74443],[-76.69614,42.74139],[-76.69693,42.73915],[-76.69771,42.73739],[-76.69992,42.7344],[-76.7009,42.73349],[-76.70103,42.73311],[-76.70071,42.73244],[-76.69878,42.73001],[-76.69646,42.72786],[-76.68623,42.71969],[-76.68475,42.71811],[-76.6836,42.71654],[-76.68233,42.71229],[-76.6815,42.71072],[-76.67957,42.70785],[-76.67514,42.70289],[-76.67463,42.70155],[-76.67335,42.69998],[-76.66732,42.6932],[-76.66295,42.68899],[-76.65448,42.67977],[-76.65293,42.67839],[-76.65197,42.67724],[-76.64747,42.67389],[-76.6458,42.67236],[-76.64426,42.67069],[-76.63741,42.66162],[-76.63574,42.6589],[-76.63491,42.64732],[-76.63475,42.64184],[-76.63456,42.64084],[-76.63053,42.63506],[-76.61724,42.61798],[-76.61263,42.60871],[-76.61263,42.60804],[-76.61231,42.60742],[-76.61027,42.60484],[-76.60668,42.60111],[-76.60065,42.59557],[-76.59577,42.59231],[-76.59372,42.59059],[-76.5918,42.58925],[-76.58898,42.58652],[-76.57452,42.56937],[-76.56921,42.56444],[-76.56735,42.56334],[-76.55622,42.56006],[-76.55339,42.55895],[-76.54665,42.55597],[-76.54454,42.55439],[-76.54377,42.55372],[-76.54341,42.55048],[-76.5424,42.54748],[-76.54093,42.54461],[-76.54004,42.54365],[-76.53856,42.54284],[-76.53651,42.54221],[-76.53451,42.54187],[-76.532,42.54195],[-76.52375,42.54278],[-76.51925,42.54076],[-76.51604,42.5397],[-76.50614,42.53718],[-76.50251,42.53249],[-76.50117,42.53068],[-76.50079,42.52958],[-76.49987,42.52396],[-76.49976,42.52181],[-76.4999,42.52062],[-76.50061,42.51967],[-76.50572,42.51703],[-76.50676,42.51598],[-76.50728,42.51465],[-76.509,42.50075],[-76.50908,42.49908],[-76.50976,42.49437],[-76.50979,42.49065],[-76.50929,42.48874],[-76.50639,42.48092],[-76.50264,42.47523],[-76.4987,42.46836],[-76.49711,42.46625],[-76.49667,42.46497],[-76.49676,42.46182],[-76.49979,42.4534],[-76.50227,42.44841],[-76.50326,42.44594],[-76.50543,42.43914],[-76.51391,42.44003],[-76.51662,42.43909],[-76.51783,42.44091],[-76.51859,42.44272],[-76.51858,42.44415],[-76.51799,42.44553],[-76.51779,42.44676],[-76.51874,42.44891],[-76.52045,42.45159],[-76.52243,42.45402],[-76.52428,42.45589],[-76.53234,42.46145],[-76.54189,42.46725],[-76.5463,42.47056],[-76.54829,42.47166],[-76.55047,42.47243],[-76.55233,42.47334],[-76.56373,42.48153],[-76.56591,42.48278],[-76.56995,42.48451],[-76.58068,42.48755],[-76.58524,42.48904],[-76.58819,42.49025],[-76.59511,42.49518],[-76.59877,42.497],[-76.60223,42.49901],[-76.60954,42.50456],[-76.61248,42.5071],[-76.62235,42.5149],[-76.62517,42.51738],[-76.62888,42.52082],[-76.63362,42.52675],[-76.63553,42.52961],[-76.63707,42.53119],[-76.63809,42.53186],[-76.65113,42.53828],[-76.65711,42.54035],[-76.66071,42.54141],[-76.66554,42.54256],[-76.66831,42.54343],[-76.67043,42.54458],[-76.67216,42.54611],[-76.67555,42.55026],[-76.68054,42.55766],[-76.68162,42.55971],[-76.68203,42.56733],[-76.68193,42.57496],[-76.68257,42.57634],[-76.69218,42.58856],[-76.69564,42.59324],[-76.69711,42.59434],[-76.69879,42.59515],[-76.70516,42.59746],[-76.71321,42.59962],[-76.71578,42.60048],[-76.71861,42.60168],[-76.72067,42.60283],[-76.72234,42.60436],[-76.72311,42.60598],[-76.72455,42.63023],[-76.72487,42.63142],[-76.73134,42.64054],[-76.73199,42.6412],[-76.73688,42.64441],[-76.75161,42.6553],[-76.75611,42.6596],[-76.76029,42.66466],[-76.76826,42.67206],[-76.77489,42.67793],[-76.77927,42.68113],[-76.81304,42.68028],[-76.81924,42.68029],[-76.81904,42.68153],[-76.81903,42.68406],[-76.81943,42.70406],[-76.82068,42.74096],[-76.82054,42.74401],[-76.82028,42.74477],[-76.81918,42.74605],[-76.81219,42.79134],[-76.80909,42.8103],[-76.80379,42.85044],[-76.80166,42.86844],[-76.799,42.88906],[-76.79833,42.89559],[-76.79643,42.9043],[-76.79466,42.91097],[-76.791,42.91884],[-76.78937,42.92132],[-76.78443,42.92645],[-76.7757,42.93663],[-76.77369,42.93858],[-76.77096,42.93957],[-76.76999,42.94053],[-76.76979,42.94129],[-76.76977,42.94505],[-76.76945,42.94605],[-76.76853,42.94729],[-76.76613,42.94914],[-76.75898,42.95355],[-76.75235,42.95687],[-76.73637,42.96322],[-76.73341,42.96296],[-76.73333,42.96036]]]]}},{"type":"Feature","properties":{"ava_id":"champlain_valley_of_new_york","name":"Champlain Valley of New York","aka":null,"state":"NY","county":"Clinton|Essex","within":null,"contains":null,"cfr_index":"9.258","valid_start":null},"geometry":{"type":"MultiPolygon","coordinates":[[[[-73.35285,45.00018],[-73.35356,44.9986],[-73.35749,44.99744],[-73.35837,44.99524],[-73.36085,44.99384],[-73.36179,44.99269],[-73.36204,44.98973],[-73.36169,44.98438],[-73.36105,44.98076],[-73.3615,44.97735],[-73.362,44.9758],[-73.36147,44.97453],[-73.35669,44.97224],[-73.35555,44.97094],[-73.35576,44.96933],[-73.35818,44.96474],[-73.35926,44.96204],[-73.35964,44.95974],[-73.35889,44.95718],[-73.35752,44.95555],[-73.35613,44.95524],[-73.3555,44.95572],[-73.35544,44.95771],[-73.35439,44.9576],[-73.35382,44.95624],[-73.35417,44.95456],[-73.3552,44.95277],[-73.35518,44.95092],[-73.35384,44.94892],[-73.35077,44.94623],[-73.35029,44.94516],[-73.35033,44.94403],[-73.35185,44.94167],[-73.35252,44.93911],[-73.35416,44.93653],[-73.35603,44.93513],[-73.35869,44.93381],[-73.36052,44.93374],[-73.36155,44.93444],[-73.36231,44.93572],[-73.36249,44.93745],[-73.36317,44.93897],[-73.36273,44.94599],[-73.36382,44.94812],[-73.36531,44.94908],[-73.36787,44.94852],[-73.36877,44.94883],[-73.36994,44.95026],[-73.37151,44.95067],[-73.37387,44.95019],[-73.37667,44.94846],[-73.37772,44.94713],[-73.38013,44.9425],[-73.383,44.93978],[-73.38439,44.93871],[-73.38518,44.9374],[-73.38544,44.93617],[-73.38429,44.9336],[-73.38433,44.93265],[-73.38581,44.93268],[-73.38882,44.93401],[-73.3919,44.93477],[-73.39511,44.93606],[-73.39972,44.93739],[-73.40246,44.9389],[-73.406,44.94006],[-73.40882,44.94262],[-73.41453,44.95159],[-73.4161,44.95303],[-73.41934,44.95496],[-73.42013,44.95597],[-73.42121,44.95967],[-73.42318,44.96202],[-73.42397,44.96413],[-73.42235,44.96729],[-73.42215,44.96896],[-73.42283,44.97001],[-73.42342,44.96944],[-73.42515,44.96455],[-73.42419,44.96225],[-73.42287,44.96],[-73.42176,44.95643],[-73.42042,44.95498],[-73.4172,44.95269],[-73.41475,44.94937],[-73.41299,44.94619],[-73.41034,44.94253],[-73.40792,44.94021],[-73.40569,44.9389],[-73.40158,44.9372],[-73.39406,44.93497],[-73.38866,44.93281],[-73.38587,44.93138],[-73.38479,44.93019],[-73.38427,44.92865],[-73.38368,44.92476],[-73.38121,44.92126],[-73.38025,44.92063],[-73.3783,44.91973],[-73.37526,44.91637],[-73.37485,44.91517],[-73.37459,44.91249],[-73.3737,44.91127],[-73.37369,44.90918],[-73.37426,44.90732],[-73.37488,44.90672],[-73.37565,44.90482],[-73.37825,44.90455],[-73.37891,44.90334],[-73.37838,44.90203],[-73.37741,44.90118],[-73.37712,44.90011],[-73.37871,44.89861],[-73.37709,44.89703],[-73.37707,44.8937],[-73.3762,44.89239],[-73.37671,44.88913],[-73.37627,44.88764],[-73.37534,44.88662],[-73.37549,44.886],[-73.3764,44.88523],[-73.37575,44.88354],[-73.37805,44.8809],[-73.37813,44.87973],[-73.37696,44.87846],[-73.37691,44.87658],[-73.37813,44.87546],[-73.38098,44.87475],[-73.38149,44.87418],[-73.38208,44.87233],[-73.38341,44.87116],[-73.38504,44.87061],[-73.38781,44.87081],[-73.38936,44.8704],[-73.39165,44.86898],[-73.39329,44.86721],[-73.39383,44.86567],[-73.39347,44.86486],[-73.39185,44.86399],[-73.39189,44.86311],[-73.3928,44.86216],[-73.39292,44.86146],[-73.39047,44.85744],[-73.38931,44.85648],[-73.3877,44.85605],[-73.38574,44.8569],[-73.38537,44.85648],[-73.38537,44.85469],[-73.38458,44.85311],[-73.38459,44.85184],[-73.38542,44.85073],[-73.38671,44.84978],[-73.39152,44.84726],[-73.39284,44.84582],[-73.39333,44.84452],[-73.3919,44.84341],[-73.39232,44.84277],[-73.395,44.84126],[-73.40103,44.84113],[-73.40422,44.84018],[-73.40594,44.83925],[-73.40774,44.83739],[-73.40812,44.83593],[-73.40764,44.83406],[-73.40654,44.83321],[-73.40457,44.83297],[-73.40367,44.83175],[-73.40369,44.82975],[-73.40124,44.82786],[-73.40023,44.82635],[-73.398,44.82027],[-73.39662,44.81732],[-73.39476,44.81514],[-73.39327,44.81413],[-73.39011,44.81322],[-73.38727,44.81297],[-73.38462,44.81305],[-73.38169,44.81383],[-73.37947,44.81488],[-73.3779,44.81634],[-73.37709,44.81775],[-73.37631,44.81968],[-73.37497,44.82052],[-73.37337,44.82084],[-73.37132,44.82052],[-73.37019,44.82005],[-73.36986,44.81843],[-73.36913,44.81757],[-73.36908,44.81527],[-73.36803,44.81435],[-73.36811,44.81167],[-73.36767,44.81035],[-73.36656,44.80915],[-73.36503,44.80839],[-73.36309,44.80825],[-73.36258,44.80769],[-73.36262,44.80655],[-73.36326,44.80492],[-73.36314,44.80403],[-73.3621,44.80312],[-73.36,44.80277],[-73.35828,44.80057],[-73.35791,44.79866],[-73.35826,44.79665],[-73.35929,44.79466],[-73.3625,44.79107],[-73.36245,44.78899],[-73.36374,44.78759],[-73.36564,44.78657],[-73.36638,44.78566],[-73.36599,44.78495],[-73.36458,44.78428],[-73.36499,44.78316],[-73.367,44.78249],[-73.36882,44.78228],[-73.37013,44.78133],[-73.37388,44.77721],[-73.37428,44.77578],[-73.3736,44.77397],[-73.37501,44.77227],[-73.37568,44.76969],[-73.3773,44.76778],[-73.37843,44.76536],[-73.38066,44.76431],[-73.38134,44.76361],[-73.3821,44.76372],[-73.38231,44.76568],[-73.3827,44.76682],[-73.38294,44.76833],[-73.38242,44.7705],[-73.38086,44.77283],[-73.37737,44.77609],[-73.37736,44.77672],[-73.37808,44.7769],[-73.38265,44.77321],[-73.38407,44.77007],[-73.3852,44.76879],[-73.38608,44.76895],[-73.38615,44.77015],[-73.38426,44.77201],[-73.3847,44.77252],[-73.38567,44.772],[-73.38764,44.77031],[-73.3888,44.77032],[-73.38887,44.77328],[-73.39025,44.77366],[-73.39357,44.77364],[-73.39597,44.77269],[-73.40241,44.77127],[-73.40462,44.77026],[-73.40596,44.76867],[-73.407,44.76625],[-73.40782,44.76252],[-73.40808,44.75801],[-73.4093,44.75287],[-73.40934,44.74988],[-73.41195,44.74592],[-73.41224,44.74237],[-73.41186,44.7411],[-73.41101,44.74024],[-73.40934,44.74],[-73.4082,44.74049],[-73.40697,44.74193],[-73.40571,44.74191],[-73.40495,44.73987],[-73.40441,44.73718],[-73.40351,44.73551],[-73.40067,44.73281],[-73.39844,44.73219],[-73.39744,44.73055],[-73.39614,44.72994],[-73.39379,44.72999],[-73.38984,44.73043],[-73.38859,44.72975],[-73.38731,44.72775],[-73.38583,44.72268],[-73.38453,44.7213],[-73.38216,44.71998],[-73.38004,44.71924],[-73.37933,44.71848],[-73.37764,44.71776],[-73.37697,44.71646],[-73.37697,44.71441],[-73.37804,44.70876],[-73.37962,44.70614],[-73.37982,44.7037],[-73.37846,44.69828],[-73.37897,44.69574],[-73.38058,44.69318],[-73.3843,44.68915],[-73.38592,44.68868],[-73.38811,44.68922],[-73.39195,44.69121],[-73.39417,44.69293],[-73.39683,44.69547],[-73.40157,44.70071],[-73.40328,44.70223],[-73.40716,44.70804],[-73.41031,44.7119],[-73.41044,44.71524],[-73.41422,44.71759],[-73.41587,44.71981],[-73.4178,44.72095],[-73.41937,44.72093],[-73.42181,44.72035],[-73.42621,44.71896],[-73.43532,44.71557],[-73.43764,44.71501],[-73.44167,44.71502],[-73.4419,44.71319],[-73.44245,44.71223],[-73.44365,44.71162],[-73.44592,44.70946],[-73.44591,44.70828],[-73.44502,44.70705],[-73.44402,44.70683],[-73.44277,44.70754],[-73.44194,44.70711],[-73.44241,44.7057],[-73.44192,44.7056],[-73.44047,44.70604],[-73.44045,44.70525],[-73.44229,44.70385],[-73.44339,44.7023],[-73.44427,44.70009],[-73.44604,44.69838],[-73.44417,44.69841],[-73.44357,44.69708],[-73.44264,44.69665],[-73.44079,44.69678],[-73.44006,44.69618],[-73.44139,44.69511],[-73.44035,44.69433],[-73.44129,44.69305],[-73.44198,44.68994],[-73.44215,44.68435],[-73.43949,44.68048],[-73.43916,44.67899],[-73.43954,44.67098],[-73.44045,44.66336],[-73.43831,44.65837],[-73.43784,44.65588],[-73.43794,44.65357],[-73.43596,44.65262],[-73.43554,44.65138],[-73.43523,44.64707],[-73.43278,44.64496],[-73.43282,44.64303],[-73.43571,44.63963],[-73.4371,44.63693],[-73.43933,44.6351],[-73.44226,44.63402],[-73.44397,44.63255],[-73.4431,44.62881],[-73.4436,44.62742],[-73.44447,44.62616],[-73.44489,44.62409],[-73.44437,44.62086],[-73.44313,44.61907],[-73.43931,44.61759],[-73.43744,44.61568],[-73.43636,44.61352],[-73.43581,44.6102],[-73.43638,44.60834],[-73.43789,44.60661],[-73.43784,44.60562],[-73.43564,44.60584],[-73.43575,44.60454],[-73.43647,44.60371],[-73.43692,44.59734],[-73.43783,44.59439],[-73.43801,44.59188],[-73.43742,44.58873],[-73.43727,44.58665],[-73.43774,44.58137],[-73.43723,44.57971],[-73.43635,44.5785],[-73.43577,44.57617],[-73.43352,44.57445],[-73.43227,44.57264],[-73.43108,44.57226],[-73.42918,44.5727],[-73.42687,44.57188],[-73.42255,44.5718],[-73.42254,44.57242],[-73.42408,44.57374],[-73.42386,44.57451],[-73.42251,44.57464],[-73.42141,44.57347],[-73.42082,44.56797],[-73.42137,44.56727],[-73.42358,44.56692],[-73.42178,44.56542],[-73.42205,44.56433],[-73.4236,44.56289],[-73.42439,44.56123],[-73.4237,44.55968],[-73.42108,44.55753],[-73.42106,44.55699],[-73.42304,44.55587],[-73.42266,44.5548],[-73.42497,44.55191],[-73.42493,44.55018],[-73.42359,44.54854],[-73.4201,44.5455],[-73.41867,44.5439],[-73.41686,44.54099],[-73.41418,44.53852],[-73.40859,44.53485],[-73.4072,44.53333],[-73.40347,44.52796],[-73.4018,44.52431],[-73.40071,44.52338],[-73.39913,44.52273],[-73.39599,44.52234],[-73.39024,44.52282],[-73.38827,44.52242],[-73.38664,44.5212],[-73.38515,44.51947],[-73.38396,44.51701],[-73.38344,44.51382],[-73.38391,44.50972],[-73.38508,44.50714],[-73.38713,44.50543],[-73.39269,44.50267],[-73.39584,44.5009],[-73.39735,44.49937],[-73.39853,44.49775],[-73.40126,44.4966],[-73.40284,44.495],[-73.40465,44.49416],[-73.40589,44.49271],[-73.408,44.49128],[-73.4107,44.49016],[-73.41278,44.48901],[-73.41391,44.48793],[-73.41442,44.48599],[-73.41545,44.48467],[-73.41533,44.48361],[-73.41394,44.48113],[-73.4112,44.47755],[-73.40863,44.47332],[-73.40707,44.47216],[-73.40508,44.47126],[-73.40364,44.46958],[-73.40199,44.4692],[-73.39967,44.46934],[-73.398,44.46847],[-73.39692,44.4671],[-73.39482,44.46282],[-73.39524,44.46],[-73.395,44.45887],[-73.39616,44.45635],[-73.39496,44.45364],[-73.39501,44.452],[-73.39838,44.44714],[-73.3984,44.44295],[-73.39985,44.43846],[-73.40126,44.43623],[-73.40318,44.43481],[-73.40489,44.43395],[-73.40671,44.43196],[-73.40817,44.42968],[-73.40929,44.42729],[-73.41035,44.42443],[-73.41284,44.41952],[-73.41368,44.41696],[-73.41368,44.41568],[-73.41297,44.41389],[-73.41361,44.41259],[-73.41554,44.41164],[-73.41599,44.41036],[-73.41581,44.40874],[-73.41505,44.40725],[-73.4134,44.40564],[-73.41245,44.40352],[-73.41244,44.40008],[-73.41127,44.39799],[-73.40965,44.39692],[-73.40588,44.39667],[-73.40413,44.39488],[-73.40417,44.39274],[-73.4029,44.39273],[-73.40179,44.39352],[-73.40022,44.39626],[-73.39907,44.39694],[-73.39789,44.39695],[-73.39412,44.39517],[-73.39213,44.39575],[-73.39027,44.39792],[-73.38767,44.39938],[-73.38809,44.39989],[-73.39024,44.39991],[-73.39161,44.40074],[-73.39288,44.40297],[-73.39487,44.40501],[-73.39767,44.40596],[-73.3982,44.40673],[-73.39808,44.40808],[-73.39662,44.41082],[-73.39552,44.41147],[-73.39235,44.4125],[-73.39059,44.41351],[-73.39009,44.4146],[-73.39057,44.41679],[-73.39074,44.41938],[-73.39235,44.42623],[-73.39297,44.42788],[-73.39287,44.42987],[-73.38916,44.43093],[-73.38837,44.43359],[-73.38575,44.43747],[-73.38341,44.44012],[-73.38283,44.4423],[-73.38249,44.44483],[-73.38124,44.44568],[-73.37904,44.4463],[-73.37825,44.44715],[-73.37742,44.44877],[-73.37629,44.44929],[-73.37506,44.44886],[-73.3746,44.44779],[-73.37458,44.445],[-73.37408,44.44246],[-73.37579,44.44093],[-73.37567,44.43964],[-73.37409,44.43673],[-73.3719,44.43476],[-73.3712,44.43061],[-73.37097,44.42612],[-73.37138,44.42075],[-73.37043,44.41845],[-73.36895,44.41713],[-73.3658,44.4165],[-73.36384,44.4159],[-73.36353,44.41513],[-73.36405,44.4145],[-73.36612,44.41349],[-73.37107,44.41014],[-73.3736,44.40798],[-73.3743,44.40667],[-73.37395,44.40439],[-73.37461,44.40332],[-73.37588,44.40289],[-73.37789,44.40319],[-73.37954,44.40249],[-73.38057,44.40094],[-73.38053,44.39961],[-73.37889,44.39872],[-73.37718,44.39828],[-73.37571,44.39693],[-73.37459,44.39494],[-73.37428,44.39265],[-73.37523,44.39112],[-73.37604,44.38781],[-73.37543,44.38549],[-73.37211,44.38409],[-73.37163,44.3831],[-73.37193,44.38063],[-73.37136,44.37907],[-73.36968,44.37822],[-73.3682,44.37812],[-73.36536,44.37874],[-73.36333,44.37841],[-73.36233,44.37739],[-73.36227,44.37476],[-73.36044,44.37276],[-73.35987,44.37118],[-73.36046,44.36844],[-73.36031,44.36715],[-73.35937,44.36609],[-73.35751,44.36507],[-73.35435,44.36073],[-73.35484,44.3601],[-73.35699,44.35933],[-73.3577,44.35863],[-73.35807,44.35713],[-73.35865,44.35632],[-73.35778,44.35577],[-73.3553,44.35532],[-73.35527,44.35457],[-73.35765,44.35245],[-73.35806,44.35091],[-73.3571,44.34541],[-73.35595,44.34247],[-73.35332,44.33809],[-73.3514,44.33641],[-73.34855,44.33441],[-73.34721,44.3328],[-73.34698,44.32771],[-73.34609,44.32064],[-73.3461,44.31814],[-73.34744,44.31581],[-73.34974,44.31301],[-73.35031,44.31187],[-73.35012,44.31047],[-73.34851,44.30917],[-73.3493,44.30732],[-73.34846,44.30648],[-73.34706,44.30578],[-73.34706,44.30502],[-73.34858,44.30226],[-73.34943,44.29995],[-73.34889,44.29667],[-73.34715,44.29276],[-73.3462,44.2915],[-73.34453,44.29027],[-73.34421,44.28844],[-73.34455,44.28699],[-73.34558,44.28516],[-73.34632,44.28299],[-73.34796,44.27396],[-73.34722,44.27277],[-73.3449,44.2713],[-73.34147,44.26982],[-73.33796,44.26862],[-73.33551,44.26833],[-73.33338,44.26866],[-73.33148,44.26938],[-73.32791,44.26908],[-73.32302,44.27021],[-73.32186,44.27192],[-73.32102,44.27191],[-73.32108,44.27061],[-73.32013,44.27],[-73.32197,44.2652],[-73.32303,44.26406],[-73.32264,44.26176],[-73.32403,44.2603],[-73.32576,44.25945],[-73.32671,44.2571],[-73.32876,44.25602],[-73.33009,44.25304],[-73.33128,44.25208],[-73.33434,44.25163],[-73.33524,44.25095],[-73.33611,44.24984],[-73.34064,44.24814],[-73.34161,44.24694],[-73.34248,44.2451],[-73.344,44.24349],[-73.34857,44.24118],[-73.35255,44.24108],[-73.35294,44.23987],[-73.35268,44.23764],[-73.35343,44.23692],[-73.35593,44.23656],[-73.35699,44.23588],[-73.35727,44.23422],[-73.35684,44.23148],[-73.35758,44.22989],[-73.35874,44.22948],[-73.36153,44.22913],[-73.3625,44.22855],[-73.36277,44.22769],[-73.362,44.22646],[-73.35933,44.22473],[-73.3586,44.22353],[-73.35875,44.22151],[-73.36096,44.21964],[-73.36287,44.21843],[-73.36439,44.216],[-73.36824,44.21398],[-73.37027,44.2116],[-73.37157,44.211],[-73.37325,44.21194],[-73.37376,44.21142],[-73.37486,44.20773],[-73.37662,44.20637],[-73.37822,44.20579],[-73.38152,44.20623],[-73.38354,44.20575],[-73.38435,44.20501],[-73.38341,44.20409],[-73.38377,44.20332],[-73.38564,44.20201],[-73.38812,44.20105],[-73.38922,44.20102],[-73.39068,44.20183],[-73.39132,44.20134],[-73.39085,44.20049],[-73.3923,44.19954],[-73.39379,44.19895],[-73.39419,44.20057],[-73.39913,44.20096],[-73.40005,44.20026],[-73.40099,44.19831],[-73.4024,44.19758],[-73.40418,44.19726],[-73.40558,44.19759],[-73.40747,44.19829],[-73.41013,44.19846],[-73.42138,44.1963],[-73.42273,44.19557],[-73.42278,44.19366],[-73.42511,44.19233],[-73.42621,44.19235],[-73.4279,44.19291],[-73.42945,44.19285],[-73.43164,44.192],[-73.43296,44.19086],[-73.43318,44.18901],[-73.43209,44.18692],[-73.43184,44.18492],[-73.43056,44.18334],[-73.42765,44.1811],[-73.42617,44.17892],[-73.42194,44.17649],[-73.42065,44.17508],[-73.4196,44.17214],[-73.41802,44.17105],[-73.41542,44.1699],[-73.4124,44.16777],[-73.41007,44.1687],[-73.40845,44.16864],[-73.4066,44.16761],[-73.4042,44.1655],[-73.40282,44.16379],[-73.40287,44.16243],[-73.40351,44.16069],[-73.40533,44.16056],[-73.40625,44.15882],[-73.40303,44.15734],[-73.40246,44.15641],[-73.40278,44.15409],[-73.40367,44.15292],[-73.40505,44.15282],[-73.40749,44.15349],[-73.40851,44.15282],[-73.40985,44.14957],[-73.4112,44.14533],[-73.41201,44.14432],[-73.41456,44.14489],[-73.41603,44.14439],[-73.41745,44.14276],[-73.4186,44.14278],[-73.41993,44.14376],[-73.42125,44.14399],[-73.42382,44.14207],[-73.42552,44.14178],[-73.42571,44.14041],[-73.4245,44.13815],[-73.4257,44.13649],[-73.42584,44.13396],[-73.42514,44.13052],[-73.42538,44.12395],[-73.42463,44.12173],[-73.42475,44.12033],[-73.42604,44.11824],[-73.42659,44.1162],[-73.42775,44.11428],[-73.42779,44.11145],[-73.42863,44.1111],[-73.43075,44.11231],[-73.43218,44.11253],[-73.43297,44.11219],[-73.43314,44.10923],[-73.435,44.10566],[-73.43586,44.10486],[-73.43855,44.10426],[-73.44111,44.10202],[-73.4439,44.1011],[-73.44492,44.10033],[-73.44514,44.09871],[-73.44311,44.09477],[-73.44333,44.09305],[-73.44408,44.09126],[-73.44396,44.08933],[-73.44325,44.08604],[-73.44433,44.08285],[-73.44496,44.0795],[-73.44919,44.06967],[-73.44927,44.06595],[-73.44876,44.06185],[-73.44892,44.06058],[-73.44988,44.05863],[-73.45012,44.05634],[-73.45179,44.05435],[-73.45189,44.05323],[-73.45021,44.05134],[-73.45041,44.05067],[-73.45327,44.05081],[-73.45431,44.04983],[-73.45465,44.04431],[-73.45569,44.04212],[-73.45733,44.04072],[-73.45774,44.03951],[-73.45719,44.0388],[-73.4556,44.03823],[-73.45426,44.03704],[-73.45424,44.03529],[-73.4561,44.03441],[-73.45927,44.03417],[-73.45952,44.03296],[-73.45891,44.03055],[-73.45574,44.02493],[-73.45522,44.02313],[-73.45603,44.01872],[-73.45533,44.01555],[-73.45449,44.01456],[-73.45258,44.01429],[-73.45118,44.01345],[-73.45034,44.0117],[-73.45038,44.01064],[-73.45133,44.00866],[-73.45022,44.00744],[-73.45152,44.0054],[-73.45135,44.00301],[-73.4504,44.00218],[-73.44938,44.00191],[-73.44841,44.00232],[-73.44891,44.00397],[-73.44804,44.005],[-73.4465,44.0052],[-73.44421,44.00491],[-73.44048,44.00526],[-73.43715,44.00617],[-73.43561,44.00718],[-73.43477,44.00909],[-73.43479,44.01129],[-73.43396,44.01319],[-73.43427,44.01544],[-73.43587,44.01825],[-73.43586,44.01982],[-73.43435,44.02256],[-73.43436,44.02448],[-73.43575,44.02613],[-73.43826,44.02718],[-73.44022,44.02776],[-73.44128,44.02898],[-73.44318,44.02974],[-73.4426,44.0305],[-73.43615,44.02974],[-73.43504,44.03179],[-73.43348,44.03257],[-73.43176,44.03255],[-73.42991,44.03184],[-73.42495,44.03147],[-73.42323,44.03011],[-73.42079,44.03045],[-73.42018,44.02988],[-73.42059,44.02898],[-73.41789,44.02711],[-73.41579,44.02667],[-73.41652,44.02517],[-73.4154,44.02346],[-73.41582,44.02216],[-73.41717,44.0209],[-73.4174,44.01943],[-73.41596,44.01307],[-73.41582,44.00952],[-73.41513,44.00874],[-73.41334,44.008],[-73.41292,44.00692],[-73.41336,44.00625],[-73.41575,44.00461],[-73.41637,44.00328],[-73.41542,44.00185],[-73.41309,44.00048],[-73.41324,43.99744],[-73.41596,43.99561],[-73.41705,43.99442],[-73.4189,43.99367],[-73.42037,43.98946],[-73.41898,43.98699],[-73.42032,43.98524],[-73.42041,43.98392],[-73.41806,43.9826],[-73.41862,43.98122],[-73.41977,43.98069],[-73.41963,43.97881],[-73.42079,43.97634],[-73.42056,43.9741],[-73.41839,43.97149],[-73.41579,43.9699],[-73.41516,43.96653],[-73.41279,43.9641],[-73.41133,43.96089],[-73.41145,43.95908],[-73.41067,43.95715],[-73.41185,43.95584],[-73.41303,43.95365],[-73.4116,43.95144],[-73.41021,43.951],[-73.41025,43.94927],[-73.41319,43.94732],[-73.4124,43.94603],[-73.41352,43.94522],[-73.41328,43.94349],[-73.41584,43.94293],[-73.41627,43.94161],[-73.41588,43.93993],[-73.41511,43.93828],[-73.415,43.9356],[-73.41398,43.93383],[-73.41467,43.93246],[-73.41626,43.9314],[-73.41774,43.92938],[-73.41735,43.92653],[-73.41398,43.92357],[-73.41319,43.9221],[-73.41227,43.9168],[-73.4116,43.91439],[-73.41412,43.91138],[-73.41467,43.90933],[-73.41452,43.90611],[-73.41524,43.9054],[-73.41234,43.90358],[-73.40669,43.90284],[-73.40147,43.90245],[-73.40093,43.90078],[-73.3982,43.89898],[-73.3981,43.89682],[-73.39673,43.89384],[-73.39511,43.89188],[-73.39238,43.89068],[-73.39035,43.89012],[-73.39038,43.88832],[-73.391,43.88731],[-73.38932,43.88602],[-73.38902,43.88493],[-73.39148,43.88159],[-73.39182,43.87879],[-73.39077,43.87783],[-73.39103,43.87641],[-73.38984,43.87568],[-73.38758,43.87627],[-73.38638,43.87514],[-73.38533,43.87469],[-73.38701,43.87301],[-73.38726,43.87161],[-73.3865,43.8699],[-73.387,43.86781],[-73.38811,43.86543],[-73.38816,43.86373],[-73.38737,43.86235],[-73.3858,43.86115],[-73.38589,43.85939],[-73.38858,43.85661],[-73.38732,43.85531],[-73.38706,43.85315],[-73.39015,43.85278],[-73.40178,43.84837],[-73.40366,43.8483],[-73.40961,43.84948],[-73.41207,43.84945],[-73.41492,43.85316],[-73.41826,43.856],[-73.42006,43.85683],[-73.42483,43.85836],[-73.42895,43.85802],[-73.43602,43.8642],[-73.44385,43.87166],[-73.44805,43.87672],[-73.44966,43.87931],[-73.44981,43.88171],[-73.4478,43.8853],[-73.44605,43.88737],[-73.43795,43.8941],[-73.43454,43.8963],[-73.4311,43.89789],[-73.4279,43.89973],[-73.42639,43.90095],[-73.42637,43.90561],[-73.42545,43.90691],[-73.42421,43.90796],[-73.42402,43.91065],[-73.42144,43.91517],[-73.42133,43.92084],[-73.42092,43.92343],[-73.42046,43.92899],[-73.41964,43.93101],[-73.42002,43.9349],[-73.41982,43.93799],[-73.42041,43.94376],[-73.41975,43.94596],[-73.41882,43.94776],[-73.41923,43.95005],[-73.42469,43.94984],[-73.43096,43.95107],[-73.43256,43.9517],[-73.43267,43.95392],[-73.43099,43.9631],[-73.43216,43.96551],[-73.43443,43.96795],[-73.43969,43.97228],[-73.4448,43.97598],[-73.44748,43.97821],[-73.44821,43.97954],[-73.45044,43.98738],[-73.45234,43.98996],[-73.45368,43.9925],[-73.45504,43.99713],[-73.45586,43.99933],[-73.45585,44.00071],[-73.45681,44.00246],[-73.45824,44.00953],[-73.45792,44.01262],[-73.45875,44.01507],[-73.46068,44.01892],[-73.4607,44.02083],[-73.4601,44.02298],[-73.46041,44.02481],[-73.46419,44.03236],[-73.4642,44.03596],[-73.46293,44.04008],[-73.46,44.04595],[-73.45902,44.05189],[-73.45717,44.05508],[-73.45479,44.05711],[-73.45395,44.05896],[-73.45374,44.06182],[-73.45561,44.06816],[-73.45631,44.07325],[-73.45613,44.07934],[-73.45779,44.08297],[-73.45764,44.08598],[-73.4563,44.08812],[-73.45029,44.09445],[-73.44944,44.09667],[-73.44959,44.09826],[-73.45096,44.10164],[-73.44687,44.10632],[-73.44495,44.10745],[-73.4463,44.10969],[-73.44819,44.11417],[-73.44925,44.11996],[-73.44921,44.12472],[-73.44963,44.12872],[-73.45036,44.13194],[-73.4509,44.13549],[-73.45119,44.13956],[-73.45082,44.14386],[-73.44971,44.14721],[-73.44835,44.15006],[-73.44828,44.15197],[-73.45144,44.15656],[-73.4525,44.15904],[-73.45306,44.16171],[-73.45257,44.16487],[-73.4513,44.16812],[-73.45456,44.17319],[-73.45657,44.17773],[-73.4574,44.18111],[-73.45613,44.18352],[-73.45147,44.18842],[-73.46071,44.19289],[-73.47972,44.19943],[-73.49079,44.20271],[-73.50044,44.20809],[-73.5034,44.20938],[-73.5064,44.20991],[-73.50255,44.23999],[-73.50101,44.2453],[-73.50103,44.2498],[-73.50247,44.2549],[-73.50373,44.2572],[-73.50532,44.25864],[-73.51158,44.26203],[-73.51419,44.26405],[-73.51591,44.26588],[-73.5181,44.26992],[-73.51993,44.27201],[-73.52689,44.27715],[-73.52875,44.27935],[-73.53053,44.28205],[-73.53284,44.28845],[-73.53316,44.29428],[-73.53224,44.30095],[-73.52962,44.31119],[-73.52846,44.31776],[-73.52838,44.32357],[-73.52951,44.3279],[-73.53201,44.33253],[-73.53275,44.33602],[-73.53245,44.34156],[-73.53306,44.34927],[-73.53147,44.36034],[-73.52899,44.36861],[-73.52736,44.37127],[-73.52421,44.37442],[-73.52112,44.37655],[-73.51348,44.38058],[-73.50911,44.38269],[-73.50602,44.38488],[-73.50383,44.38773],[-73.50234,44.3915],[-73.50067,44.39681],[-73.49939,44.40486],[-73.49725,44.40871],[-73.49688,44.41149],[-73.49752,44.41495],[-73.49741,44.41804],[-73.49427,44.42217],[-73.49112,44.42664],[-73.48973,44.4304],[-73.4896,44.43331],[-73.49007,44.43627],[-73.4916,44.44091],[-73.48907,44.44628],[-73.48859,44.45394],[-73.48753,44.45668],[-73.48587,44.46029],[-73.48542,44.4644],[-73.48873,44.47803],[-73.48951,44.48579],[-73.49153,44.48953],[-73.4934,44.49114],[-73.49454,44.4879],[-73.49611,44.48715],[-73.49926,44.48805],[-73.50086,44.48819],[-73.50633,44.48684],[-73.51445,44.48713],[-73.51718,44.48775],[-73.51949,44.48917],[-73.52354,44.49197],[-73.5244,44.49205],[-73.52502,44.49119],[-73.52416,44.48946],[-73.52488,44.48839],[-73.52673,44.48767],[-73.53143,44.48753],[-73.54032,44.48648],[-73.54376,44.48546],[-73.54795,44.48209],[-73.54987,44.48166],[-73.55188,44.48225],[-73.55353,44.48218],[-73.55697,44.48026],[-73.55909,44.47868],[-73.55985,44.47727],[-73.56012,44.47345],[-73.56169,44.47078],[-73.56476,44.46827],[-73.56915,44.46599],[-73.57506,44.46405],[-73.57543,44.46694],[-73.58248,44.46583],[-73.58773,44.46535],[-73.59168,44.46952],[-73.59482,44.47427],[-73.59671,44.47881],[-73.59741,44.48119],[-73.59763,44.48464],[-73.59745,44.48641],[-73.59641,44.48931],[-73.59356,44.49335],[-73.59344,44.49533],[-73.59123,44.49878],[-73.58799,44.5028],[-73.58751,44.50446],[-73.58783,44.50714],[-73.58533,44.51038],[-73.58399,44.513],[-73.58332,44.5139],[-73.58334,44.51467],[-73.58421,44.51605],[-73.5834,44.51692],[-73.58205,44.51797],[-73.58137,44.51969],[-73.58161,44.52129],[-73.58081,44.52243],[-73.57887,44.5231],[-73.57663,44.52338],[-73.57487,44.52401],[-73.57364,44.52494],[-73.57226,44.52671],[-73.57126,44.52746],[-73.57021,44.52767],[-73.57121,44.52865],[-73.57242,44.52935],[-73.57219,44.5313],[-73.57277,44.53423],[-73.57255,44.53641],[-73.57113,44.53904],[-73.56927,44.54124],[-73.56335,44.5465],[-73.56326,44.54823],[-73.56593,44.55911],[-73.56779,44.56495],[-73.56936,44.56792],[-73.56999,44.5716],[-73.56884,44.57637],[-73.56895,44.57851],[-73.57374,44.60419],[-73.57624,44.60414],[-73.57748,44.60866],[-73.58049,44.62149],[-73.5809,44.62426],[-73.58027,44.62664],[-73.57875,44.62985],[-73.58361,44.62849],[-73.58718,44.62697],[-73.59101,44.62557],[-73.60027,44.62371],[-73.60236,44.6331],[-73.60348,44.63954],[-73.60694,44.65694],[-73.59939,44.65805],[-73.60022,44.66068],[-73.60512,44.68957],[-73.60924,44.69042],[-73.6117,44.69131],[-73.61304,44.69389],[-73.61479,44.69509],[-73.61684,44.70414],[-73.61218,44.70594],[-73.60812,44.70694],[-73.60886,44.70928],[-73.60053,44.70947],[-73.59426,44.71023],[-73.58893,44.71131],[-73.57936,44.71431],[-73.5764,44.71484],[-73.56966,44.71535],[-73.55671,44.71577],[-73.54589,44.71633],[-73.53949,44.71642],[-73.53932,44.72392],[-73.53979,44.72736],[-73.54121,44.73106],[-73.54313,44.73392],[-73.54523,44.73623],[-73.54671,44.73814],[-73.5477,44.74014],[-73.54853,44.74302],[-73.54922,44.74824],[-73.55031,44.75256],[-73.55301,44.76001],[-73.55376,44.76364],[-73.55441,44.77147],[-73.5553,44.7783],[-73.55652,44.78098],[-73.55867,44.78499],[-73.56336,44.79212],[-73.56589,44.79467],[-73.57305,44.80048],[-73.57601,44.80264],[-73.58186,44.80618],[-73.59107,44.81104],[-73.59499,44.81335],[-73.59912,44.81605],[-73.60805,44.82074],[-73.61168,44.82239],[-73.6172,44.8245],[-73.62109,44.82582],[-73.62486,44.82736],[-73.62938,44.82971],[-73.63493,44.83292],[-73.63995,44.83618],[-73.64288,44.83854],[-73.64752,44.84296],[-73.65001,44.84491],[-73.65736,44.84988],[-73.66481,44.85565],[-73.6683,44.858],[-73.67265,44.86014],[-73.67791,44.86242],[-73.68336,44.86565],[-73.68992,44.86985],[-73.70148,44.87654],[-73.70598,44.87873],[-73.70939,44.88006],[-73.71285,44.8811],[-73.71149,44.88333],[-73.70884,44.88605],[-73.70656,44.88875],[-73.70563,44.89102],[-73.70486,44.89433],[-73.70463,44.89718],[-73.7039,44.89897],[-73.70356,44.92227],[-73.71004,44.92244],[-73.7137,44.9222],[-73.71886,44.92145],[-73.72798,44.91939],[-73.73074,44.91893],[-73.73677,44.91837],[-73.73663,44.96246],[-73.73698,44.96615],[-73.73871,44.96892],[-73.74063,44.97056],[-73.74311,44.97221],[-73.74493,44.9748],[-73.74604,44.97722],[-73.74648,44.9832],[-73.74748,44.98564],[-73.74957,44.98933],[-73.75025,44.99179],[-73.75046,44.99704],[-73.75106,44.99849],[-73.75235,45.00001],[-73.75448,45],[-73.75487,45.00037],[-73.75577,45.00157],[-73.75639,45.00321],[-73.71699,45.00316],[-73.67651,45.0029],[-73.63962,45.00346],[-73.44578,45.00898],[-73.35263,45.01072],[-73.35237,45.01057],[-73.35207,45.00997],[-73.35237,45.00903],[-73.35235,45.00817],[-73.35289,45.00785],[-73.35287,45.00761],[-73.35221,45.0081],[-73.35212,45.00909],[-73.35176,45.00966],[-73.35133,45.00999],[-73.35126,45.00978],[-73.35153,45.0094],[-73.35228,45.00643],[-73.35281,45.00557],[-73.35317,45.00441],[-73.35381,45.00335],[-73.35434,45.00111],[-73.35415,45.0004],[-73.35285,45.00018]]]]}},{"type":"Feature","properties":{"ava_id":"finger_lakes","name":"Finger Lakes","aka":null,"state":"NY","county":"Cayuga|Cortland|Livingston|Monroe|Onondaga|Ontario|Schuyler|Seneca|Steuben|Tompkins|Wayne|Yates","within":null,"contains":"Cayuga Lake|Seneca Lake","cfr_index":"9.34","valid_start":null},"geometry":{"type":"MultiPolygon","coordinates":[[[[-77.63418,43.11801],[-77.62723,43.11454],[-77.62131,43.1133],[-77.61607,43.1111],[-77.60687,43.10805],[-77.60422,43.1077],[-77.60054,43.10653],[-77.59449,43.10524],[-77.5902,43.10369],[-77.58667,43.10268],[-77.57801,43.09971],[-77.57448,43.09889],[-77.56962,43.09736],[-77.5668,43.09599],[-77.54642,43.09212],[-77.54236,43.09223],[-77.53851,43.09154],[-77.5322,43.09131],[-77.52661,43.09174],[-77.51997,43.09467],[-77.5156,43.09413],[-77.51346,43.09256],[-77.50935,43.08833],[-77.50508,43.08311],[-77.5032,43.08172],[-77.4982,43.08012],[-77.49206,43.07387],[-77.48993,43.07129],[-77.48677,43.0662],[-77.48414,43.06429],[-77.48176,43.06351],[-77.47753,43.06361],[-77.47174,43.06503],[-77.4691,43.06751],[-77.46556,43.07227],[-77.46257,43.07691],[-77.45953,43.08059],[-77.4587,43.0831],[-77.45849,43.08513],[-77.45536,43.08927],[-77.45506,43.09277],[-77.45514,43.09698],[-77.4556,43.09996],[-77.45481,43.10196],[-77.45317,43.1029],[-77.44695,43.1039],[-77.44516,43.10325],[-77.44212,43.10118],[-77.43933,43.10011],[-77.43687,43.09874],[-77.42707,43.09271],[-77.42165,43.09052],[-77.41664,43.08949],[-77.41281,43.08944],[-77.40865,43.08856],[-77.4,43.08588],[-77.3694,43.07556],[-77.35984,43.07568],[-77.33052,43.078],[-77.32337,43.07666],[-77.29454,43.0718],[-77.28934,43.07213],[-77.28562,43.07204],[-77.27891,43.07129],[-77.27654,43.07071],[-77.27485,43.06944],[-77.27067,43.06578],[-77.26725,43.06352],[-77.26535,43.06292],[-77.26139,43.06368],[-77.2579,43.065],[-77.25354,43.06558],[-77.24968,43.06553],[-77.23409,43.06742],[-77.23094,43.06766],[-77.22744,43.06727],[-77.22298,43.06636],[-77.21368,43.06333],[-77.20405,43.06315],[-77.19554,43.06325],[-77.19048,43.06409],[-77.1835,43.06637],[-77.17945,43.06692],[-77.17606,43.06504],[-77.17465,43.06301],[-77.16505,43.04507],[-77.16136,43.04182],[-77.15655,43.04016],[-77.14815,43.04166],[-77.14147,43.04418],[-77.1357,43.04783],[-77.13058,43.0519],[-77.12776,43.05277],[-77.12116,43.05191],[-77.11817,43.0506],[-77.11284,43.05033],[-77.10657,43.0489],[-77.09344,43.04805],[-77.08845,43.04812],[-77.08262,43.04706],[-77.07862,43.04704],[-77.07654,43.0477],[-77.0746,43.05059],[-77.07236,43.05189],[-77.07033,43.05246],[-77.06297,43.05553],[-77.05974,43.05744],[-77.0547,43.06163],[-77.04061,43.06715],[-77.03466,43.0698],[-77.03253,43.07025],[-77.0271,43.06815],[-77.01687,43.0634],[-77.01222,43.06273],[-77.00898,43.06271],[-77.00238,43.06433],[-77.0003,43.06413],[-76.99359,43.0623],[-76.98264,43.06097],[-76.98055,43.06044],[-76.97383,43.05084],[-76.96624,43.04572],[-76.96214,43.04334],[-76.95778,43.03771],[-76.95636,43.03475],[-76.95396,43.03233],[-76.95109,43.03102],[-76.94846,43.03103],[-76.94576,43.03293],[-76.94167,43.03483],[-76.93807,43.03719],[-76.93503,43.03961],[-76.93127,43.04989],[-76.92996,43.05286],[-76.92398,43.06988],[-76.92204,43.07154],[-76.9109,43.07875],[-76.90082,43.08446],[-76.89783,43.08563],[-76.89411,43.08645],[-76.89147,43.08661],[-76.88836,43.08603],[-76.87768,43.0828],[-76.87158,43.08053],[-76.86817,43.07953],[-76.86463,43.07805],[-76.85901,43.07246],[-76.85254,43.06765],[-76.84988,43.0662],[-76.84657,43.0655],[-76.84104,43.0648],[-76.83959,43.06369],[-76.8387,43.0615],[-76.83287,43.04967],[-76.8165,43.03508],[-76.80914,43.02909],[-76.80409,43.02626],[-76.79931,43.02189],[-76.79677,43.02005],[-76.79573,43.01834],[-76.79321,43.01649],[-76.78065,43.00947],[-76.77866,43.00749],[-76.77286,43.00305],[-76.77053,43.00028],[-76.76857,42.99931],[-76.76139,42.99883],[-76.76734,42.99093],[-76.77177,42.98668],[-76.76951,42.98282],[-76.77243,42.9801],[-76.77242,42.97894],[-76.77112,42.97617],[-76.77053,42.97353],[-76.77309,42.96643],[-76.77282,42.96215],[-76.77087,42.95553],[-76.7693,42.95199],[-76.76718,42.9492],[-76.75739,42.95489],[-76.75016,42.9582],[-76.73716,42.96344],[-76.7337,42.96339],[-76.72776,42.96103],[-76.718,42.95482],[-76.71404,42.95252],[-76.71131,42.94887],[-76.71011,42.94613],[-76.70941,42.9434],[-76.70816,42.94177],[-76.70537,42.93995],[-76.69668,42.939],[-76.68564,42.93816],[-76.66236,42.93529],[-76.65705,42.9345],[-76.65431,42.9337],[-76.65082,42.92904],[-76.64826,42.92758],[-76.64052,42.92575],[-76.63474,42.9249],[-76.62859,42.92454],[-76.62473,42.92492],[-76.61991,42.9268],[-76.58878,42.92756],[-76.57615,42.92915],[-76.5704,42.93069],[-76.5647,42.93262],[-76.54863,42.93327],[-76.52206,42.93635],[-76.50558,42.93782],[-76.49827,42.93878],[-76.47604,42.94208],[-76.43858,42.9444],[-76.42975,42.94529],[-76.42071,42.94546],[-76.41692,42.94498],[-76.41481,42.94391],[-76.39432,42.94546],[-76.38331,42.94127],[-76.37521,42.93888],[-76.3677,42.93626],[-76.36104,42.93442],[-76.35219,42.93246],[-76.3492,42.93221],[-76.34394,42.93302],[-76.34118,42.93251],[-76.33481,42.93043],[-76.32911,42.9308],[-76.32317,42.93201],[-76.31603,42.93274],[-76.30846,42.93309],[-76.29594,42.93316],[-76.28501,42.93154],[-76.28034,42.93002],[-76.24529,42.91702],[-76.2358,42.91442],[-76.22384,42.91048],[-76.21744,42.90878],[-76.21398,42.90855],[-76.20232,42.90924],[-76.19679,42.90913],[-76.19214,42.90858],[-76.18616,42.90652],[-76.16574,42.89828],[-76.14795,42.89136],[-76.14463,42.89094],[-76.13197,42.89258],[-76.12583,42.89255],[-76.11394,42.89177],[-76.10914,42.89176],[-76.10908,42.88292],[-76.11105,42.87189],[-76.1179,42.85805],[-76.12064,42.85027],[-76.12245,42.83908],[-76.12344,42.8221],[-76.12042,42.80865],[-76.1204,42.80074],[-76.12158,42.79363],[-76.12454,42.78455],[-76.12767,42.77322],[-76.13671,42.74701],[-76.1451,42.74236],[-76.14608,42.73982],[-76.14707,42.73598],[-76.14809,42.7336],[-76.14652,42.72363],[-76.14714,42.72122],[-76.15369,42.71508],[-76.1676,42.68898],[-76.16958,42.68333],[-76.1742,42.66845],[-76.17846,42.66303],[-76.17979,42.66019],[-76.18406,42.64961],[-76.1871,42.64445],[-76.19023,42.63333],[-76.19216,42.62417],[-76.19478,42.61286],[-76.19842,42.60736],[-76.20271,42.59979],[-76.20812,42.58938],[-76.2127,42.57962],[-76.21623,42.57265],[-76.22195,42.56386],[-76.22715,42.55888],[-76.23528,42.55361],[-76.24084,42.55091],[-76.24409,42.55008],[-76.24766,42.54969],[-76.25117,42.54782],[-76.25826,42.54273],[-76.26709,42.53512],[-76.27148,42.53083],[-76.27702,42.52445],[-76.27924,42.5209],[-76.28123,42.51612],[-76.28275,42.51452],[-76.28782,42.51131],[-76.29791,42.50382],[-76.29713,42.4909],[-76.3162,42.48947],[-76.32902,42.48944],[-76.3342,42.48865],[-76.33911,42.48706],[-76.34524,42.48627],[-76.35148,42.48481],[-76.35467,42.48434],[-76.36773,42.48186],[-76.37987,42.47861],[-76.39174,42.47459],[-76.40929,42.46784],[-76.41264,42.46865],[-76.42194,42.47254],[-76.43527,42.48123],[-76.43834,42.48257],[-76.44123,42.48316],[-76.44663,42.48322],[-76.45224,42.48287],[-76.46644,42.48124],[-76.48805,42.48025],[-76.49871,42.47883],[-76.50016,42.47769],[-76.49367,42.46524],[-76.49473,42.46276],[-76.49755,42.46067],[-76.50083,42.45157],[-76.50367,42.44628],[-76.50718,42.43539],[-76.50731,42.42863],[-76.51336,42.42365],[-76.52721,42.41346],[-76.53334,42.41325],[-76.53873,42.41104],[-76.54031,42.41001],[-76.54642,42.40419],[-76.54724,42.40309],[-76.54595,42.39891],[-76.54604,42.39639],[-76.55209,42.3947],[-76.55622,42.39172],[-76.55887,42.39104],[-76.56428,42.39074],[-76.56561,42.38941],[-76.56694,42.38633],[-76.57112,42.38152],[-76.57901,42.36862],[-76.58207,42.36605],[-76.58581,42.36335],[-76.58877,42.36155],[-76.59654,42.35928],[-76.60075,42.35839],[-76.60107,42.35617],[-76.60346,42.35425],[-76.60754,42.35292],[-76.61131,42.35075],[-76.62,42.34414],[-76.62436,42.34177],[-76.62611,42.33979],[-76.62908,42.33548],[-76.63091,42.33365],[-76.63402,42.33148],[-76.63693,42.32876],[-76.64323,42.32829],[-76.65475,42.32435],[-76.65996,42.32132],[-76.66328,42.31797],[-76.66889,42.31165],[-76.67887,42.302],[-76.68277,42.29964],[-76.69971,42.29064],[-76.70282,42.29075],[-76.7138,42.29272],[-76.73574,42.29308],[-76.82705,42.29255],[-76.8328,42.29271],[-76.96335,42.28637],[-76.96341,42.27728],[-77.00216,42.27693],[-77.01828,42.2763],[-77.05686,42.27579],[-77.07459,42.27457],[-77.08201,42.27254],[-77.08719,42.27183],[-77.09136,42.27185],[-77.09467,42.27221],[-77.09944,42.2722],[-77.10222,42.32658],[-77.11499,42.32668],[-77.16347,42.32622],[-77.19097,42.32829],[-77.22496,42.32326],[-77.28232,42.31557],[-77.29319,42.32038],[-77.30244,42.32225],[-77.32992,42.33365],[-77.33224,42.33647],[-77.33612,42.33974],[-77.34467,42.35321],[-77.34851,42.36327],[-77.35668,42.37497],[-77.36021,42.37794],[-77.36696,42.38143],[-77.38327,42.38875],[-77.3874,42.39094],[-77.39544,42.39425],[-77.39889,42.39638],[-77.40204,42.39949],[-77.40753,42.40354],[-77.40848,42.40506],[-77.40915,42.41028],[-77.41113,42.41349],[-77.41325,42.41485],[-77.41848,42.41643],[-77.42146,42.41805],[-77.42829,42.4236],[-77.43412,42.42752],[-77.44428,42.43193],[-77.45401,42.43575],[-77.46041,42.43879],[-77.47128,42.4434],[-77.47424,42.44598],[-77.48489,42.46023],[-77.49139,42.47091],[-77.49407,42.47357],[-77.50537,42.47997],[-77.5127,42.48588],[-77.51347,42.49448],[-77.51516,42.49903],[-77.51567,42.50415],[-77.51786,42.50839],[-77.52227,42.51162],[-77.52491,42.51272],[-77.53519,42.51408],[-77.54039,42.51561],[-77.54362,42.51747],[-77.54699,42.52052],[-77.55563,42.52574],[-77.56193,42.53283],[-77.56859,42.5387],[-77.57196,42.54059],[-77.57623,42.54173],[-77.58927,42.54232],[-77.61647,42.53956],[-77.62923,42.53718],[-77.64274,42.53348],[-77.65676,42.53064],[-77.6635,42.53151],[-77.67153,42.53356],[-77.68118,42.53669],[-77.69455,42.54506],[-77.69776,42.54847],[-77.69993,42.55338],[-77.69899,42.55472],[-77.69308,42.55945],[-77.69602,42.56235],[-77.70142,42.56721],[-77.70721,42.5735],[-77.71033,42.57723],[-77.71132,42.58235],[-77.71747,42.59428],[-77.71774,42.59976],[-77.71989,42.60364],[-77.72114,42.6067],[-77.72392,42.61057],[-77.73041,42.61734],[-77.73678,42.62296],[-77.7389,42.62636],[-77.74502,42.6384],[-77.74791,42.64226],[-77.75114,42.64568],[-77.75262,42.64956],[-77.75479,42.65368],[-77.75621,42.65472],[-77.76728,42.66065],[-77.76525,42.664],[-77.76808,42.66596],[-77.76993,42.66629],[-77.77536,42.67027],[-77.77973,42.67703],[-77.78111,42.68059],[-77.78363,42.68831],[-77.78745,42.694],[-77.79747,42.70606],[-77.79942,42.70924],[-77.802,42.71442],[-77.8043,42.71617],[-77.80684,42.71748],[-77.8134,42.71896],[-77.81544,42.71997],[-77.81941,42.72696],[-77.82188,42.72994],[-77.82488,42.73274],[-77.83124,42.7371],[-77.8336,42.73951],[-77.83475,42.74154],[-77.83524,42.74533],[-77.83514,42.75164],[-77.83364,42.75553],[-77.83008,42.76223],[-77.82842,42.77054],[-77.82643,42.77647],[-77.82444,42.78345],[-77.81931,42.79162],[-77.81614,42.79341],[-77.81498,42.79964],[-77.81009,42.80329],[-77.8078,42.80533],[-77.80101,42.81572],[-77.79785,42.82177],[-77.79286,42.82491],[-77.79066,42.82705],[-77.78505,42.83538],[-77.78046,42.84489],[-77.77515,42.85103],[-77.77133,42.85647],[-77.77072,42.85949],[-77.76972,42.87116],[-77.76823,42.87733],[-77.76664,42.88199],[-77.76707,42.89133],[-77.76629,42.89376],[-77.76068,42.9023],[-77.75792,42.90493],[-77.74852,42.91206],[-77.74708,42.91741],[-77.74485,42.92265],[-77.73426,42.94054],[-77.71439,42.96704],[-77.71443,42.97046],[-77.72023,42.98839],[-77.72078,42.99284],[-77.71996,42.99993],[-77.72087,43.00024],[-77.71755,43.02078],[-77.71623,43.02206],[-77.67521,43.04848],[-77.66996,43.05255],[-77.65822,43.07556],[-77.64824,43.09446],[-77.63418,43.11801]]]]}},{"type":"Feature","properties":{"ava_id":"hudson_river_region","name":"Hudson River Region","aka":null,"state":"NY","county":"Columbia|Dutchess|Orange|Putnam|Rockland|Sullivan|Ulster|Westchester","within":null,"contains":null,"cfr_index":"9.47","valid_start":null},"geometry":{"type":"MultiPolygon","coordinates":[[[[-73.36272,42.48306],[-73.37697,42.44607],[-73.38224,42.43087],[-73.39135,42.40547],[-73.41601,42.33792],[-73.41825,42.33124],[-73.42837,42.3073],[-73.47357,42.18444],[-73.48125,42.16318],[-73.49122,42.13437],[-73.50317,42.09853],[-73.5077,42.08629],[-73.49721,42.04975],[-73.48848,42.04966],[-73.48732,42.04953],[-73.48961,42.00009],[-73.49299,41.95831],[-73.4966,41.9218],[-73.49705,41.91103],[-73.4983,41.89251],[-73.50198,41.85872],[-73.50531,41.82394],[-73.50524,41.82182],[-73.51096,41.75875],[-73.51192,41.74094],[-73.51429,41.71366],[-73.51678,41.68758],[-73.51777,41.67101],[-73.52002,41.64115],[-73.52104,41.61983],[-73.52599,41.57212],[-73.5261,41.56854],[-73.52769,41.54995],[-73.52931,41.53563],[-73.5325,41.50006],[-73.53404,41.47795],[-73.53557,41.46052],[-73.53633,41.44663],[-73.53789,41.43189],[-73.54147,41.40439],[-73.54247,41.39259],[-73.54342,41.37662],[-73.54512,41.36329],[-73.54709,41.34312],[-73.54909,41.32513],[-73.54948,41.31675],[-73.5496,41.30711],[-73.54988,41.30152],[-73.55096,41.29542],[-73.51295,41.2501],[-73.4827,41.21277],[-73.48684,41.21092],[-73.48841,41.21001],[-73.51399,41.19885],[-73.52334,41.19429],[-73.536,41.18844],[-73.59183,41.163],[-73.597,41.16089],[-73.60019,41.15915],[-73.62435,41.14826],[-73.62457,41.14831],[-73.6288,41.14643],[-73.6337,41.14408],[-73.63735,41.14263],[-73.63776,41.14231],[-73.65167,41.1361],[-73.65547,41.1342],[-73.66497,41.13],[-73.67642,41.12467],[-73.69605,41.11526],[-73.7007,41.11338],[-73.70354,41.11183],[-73.70553,41.11106],[-73.72777,41.1007],[-73.72338,41.09444],[-73.71867,41.09],[-73.70507,41.0725],[-73.69468,41.05979],[-73.69235,41.05714],[-73.68885,41.05254],[-73.68717,41.0507],[-73.68247,41.0447],[-73.67927,41.04138],[-73.6756,41.03684],[-73.68033,41.03044],[-73.68393,41.02791],[-73.6877,41.02616],[-73.69782,41.02461],[-73.70347,41.0247],[-73.70693,41.02434],[-73.71382,41.02126],[-73.71864,41.01523],[-73.72152,41.01597],[-73.72487,41.01918],[-73.72776,41.02343],[-73.73561,41.02884],[-73.74141,41.03068],[-73.7487,41.03173],[-73.75459,41.03446],[-73.75973,41.04062],[-73.76281,41.04529],[-73.76694,41.04321],[-73.77086,41.04168],[-73.7745,41.0418],[-73.7809,41.04352],[-73.78624,41.0441],[-73.79547,41.04585],[-73.79845,41.04676],[-73.80613,41.05165],[-73.81032,41.05633],[-73.81247,41.05785],[-73.82361,41.062],[-73.82624,41.0626],[-73.82926,41.06241],[-73.83773,41.0595],[-73.83959,41.06043],[-73.84894,41.06101],[-73.85833,41.06209],[-73.86207,41.0645],[-73.86811,41.06962],[-73.87164,41.07073],[-73.91378,41.07134],[-73.91668,41.07278],[-73.91831,41.07552],[-73.91802,41.07923],[-73.92145,41.08287],[-73.92703,41.09069],[-73.93051,41.09429],[-73.9361,41.09682],[-73.94346,41.09897],[-73.95396,41.10076],[-73.96027,41.10078],[-73.97165,41.10152],[-73.98781,41.1021],[-74.00865,41.10413],[-74.01728,41.10476],[-74.02267,41.10431],[-74.02943,41.10215],[-74.03691,41.09927],[-74.04354,41.0973],[-74.04853,41.09761],[-74.05948,41.10013],[-74.07448,41.10397],[-74.08014,41.10698],[-74.08693,41.11161],[-74.09376,41.11334],[-74.12912,41.12114],[-74.14339,41.12122],[-74.15547,41.11942],[-74.16452,41.12063],[-74.1633,41.1173],[-74.16454,41.11393],[-74.22297,41.1383],[-74.23963,41.14539],[-74.29663,41.17043],[-74.3113,41.1766],[-74.34685,41.19335],[-74.3625,41.20113],[-74.37953,41.20982],[-74.39065,41.21589],[-74.43255,41.2366],[-74.45446,41.24704],[-74.49249,41.26364],[-74.52897,41.2801],[-74.56469,41.29704],[-74.59515,41.31074],[-74.60136,41.31383],[-74.67539,41.348],[-74.69631,41.35751],[-74.69315,41.35929],[-74.68951,41.36236],[-74.69099,41.3651],[-74.6949,41.37011],[-74.69709,41.37186],[-74.68949,41.37779],[-74.68842,41.37717],[-74.68643,41.37515],[-74.67909,41.38085],[-74.67633,41.38198],[-74.67037,41.3832],[-74.66596,41.38579],[-74.65488,41.39597],[-74.64111,41.40576],[-74.63623,41.40821],[-74.63436,41.40978],[-74.63212,41.41328],[-74.62995,41.41963],[-74.62914,41.42309],[-74.62338,41.43151],[-74.61977,41.43546],[-74.61684,41.43901],[-74.61462,41.44341],[-74.61246,41.44674],[-74.60972,41.44935],[-74.60557,41.45254],[-74.59597,41.45879],[-74.59399,41.46115],[-74.59321,41.46515],[-74.59242,41.46805],[-74.58946,41.47188],[-74.58713,41.47597],[-74.58433,41.47839],[-74.58194,41.48136],[-74.57675,41.48397],[-74.57326,41.48792],[-74.56414,41.4971],[-74.56147,41.49862],[-74.55952,41.50083],[-74.55876,41.50429],[-74.55831,41.51048],[-74.55572,41.5145],[-74.55348,41.52017],[-74.54899,41.52392],[-74.54371,41.52769],[-74.54111,41.53039],[-74.53744,41.53306],[-74.5334,41.53711],[-74.52605,41.53939],[-74.52264,41.5414],[-74.51648,41.54466],[-74.50888,41.55226],[-74.50812,41.55585],[-74.50706,41.55743],[-74.50387,41.55968],[-74.50048,41.563],[-74.49739,41.56666],[-74.49407,41.5724],[-74.49182,41.57472],[-74.48645,41.57899],[-74.4785,41.58406],[-74.47377,41.5876],[-74.47152,41.58992],[-74.46954,41.5945],[-74.45993,41.60028],[-74.45782,41.60185],[-74.45673,41.60513],[-74.45617,41.61276],[-74.45384,41.61493],[-74.45187,41.61767],[-74.4531,41.629],[-74.45112,41.63562],[-74.44629,41.64119],[-74.4424,41.64493],[-74.44104,41.64977],[-74.43902,41.65175],[-74.43703,41.65496],[-74.43525,41.65669],[-74.42861,41.65906],[-74.42682,41.66089],[-74.42682,41.66359],[-74.42832,41.66566],[-74.42882,41.66743],[-74.42733,41.67284],[-74.42123,41.68515],[-74.41844,41.68607],[-74.41579,41.68744],[-74.41295,41.68979],[-74.41028,41.69133],[-74.40851,41.69338],[-74.40909,41.70025],[-74.40905,41.70526],[-74.40852,41.70722],[-74.40652,41.70928],[-74.39851,41.71302],[-74.39425,41.71784],[-74.39072,41.72258],[-74.38862,41.72443],[-74.38393,41.73001],[-74.38021,41.73536],[-74.3783,41.73704],[-74.37394,41.73872],[-74.37157,41.74035],[-74.36697,41.74529],[-74.3612,41.75267],[-74.35836,41.75718],[-74.35639,41.75846],[-74.34489,41.76304],[-74.34154,41.7649],[-74.3388,41.7681],[-74.33697,41.76922],[-74.33349,41.76966],[-74.32712,41.77161],[-74.32175,41.7721],[-74.31849,41.77152],[-74.31499,41.77152],[-74.3064,41.77426],[-74.29881,41.77504],[-74.29635,41.77658],[-74.29325,41.78071],[-74.29065,41.78176],[-74.29201,41.78501],[-74.29593,41.78708],[-74.29792,41.78939],[-74.30581,41.79273],[-74.30716,41.79419],[-74.30783,41.79602],[-74.30735,41.79779],[-74.30517,41.80035],[-74.30315,41.80417],[-74.30324,41.80707],[-74.30489,41.80934],[-74.30799,41.81071],[-74.30852,41.81264],[-74.30978,41.81411],[-74.31053,41.81788],[-74.3112,41.81962],[-74.31093,41.82114],[-74.30362,41.82951],[-74.29626,41.83512],[-74.29559,41.83757],[-74.29734,41.84073],[-74.2975,41.84271],[-74.29666,41.84536],[-74.29681,41.84669],[-74.30006,41.84934],[-74.30022,41.85132],[-74.29882,41.85505],[-74.30113,41.85841],[-74.30229,41.86372],[-74.305,41.87046],[-74.30725,41.87345],[-74.30755,41.87561],[-74.30666,41.87787],[-74.30442,41.87965],[-74.30045,41.88148],[-74.29875,41.88323],[-74.29634,41.88486],[-74.29547,41.88618],[-74.2897,41.89148],[-74.28715,41.89337],[-74.28351,41.89507],[-74.28083,41.89835],[-74.27814,41.90065],[-74.27469,41.90314],[-74.27389,41.90579],[-74.27068,41.90824],[-74.26658,41.91479],[-74.26386,41.91668],[-74.25994,41.91668],[-74.25758,41.91739],[-74.25365,41.91676],[-74.25091,41.91841],[-74.24732,41.92219],[-74.24192,41.92345],[-74.2384,41.92694],[-74.23927,41.92823],[-74.23901,41.93021],[-74.24208,41.93113],[-74.24441,41.93253],[-74.24235,41.93834],[-74.2411,41.94469],[-74.24125,41.9485],[-74.24357,41.95025],[-74.24818,41.95143],[-74.25282,41.95034],[-74.25628,41.95091],[-74.2595,41.95212],[-74.26086,41.95558],[-74.26454,41.95742],[-74.26874,41.95999],[-74.27115,41.96259],[-74.27438,41.96501],[-74.27563,41.96726],[-74.27707,41.97348],[-74.27557,41.98162],[-74.27409,41.98495],[-74.275,41.98686],[-74.27434,41.98845],[-74.27423,41.9896],[-74.27714,41.99292],[-74.27735,41.99794],[-74.27644,41.99998],[-74.27412,41.99992],[-74.27125,42.00257],[-74.26701,42.00307],[-74.26496,42.00454],[-74.26718,42.00793],[-74.26795,42.01117],[-74.26855,42.01917],[-74.26785,42.0208],[-74.2677,42.02281],[-74.27097,42.02596],[-74.27296,42.03063],[-74.2765,42.03648],[-74.27731,42.03945],[-74.27679,42.04123],[-74.27408,42.04531],[-74.27685,42.04818],[-74.28039,42.05079],[-74.28639,42.05398],[-74.2923,42.05682],[-74.29766,42.05998],[-74.30046,42.06232],[-74.30179,42.06494],[-74.30153,42.06753],[-74.29866,42.07125],[-74.2979,42.07444],[-74.30405,42.08311],[-74.3074,42.08477],[-74.31063,42.08432],[-74.31305,42.08508],[-74.31511,42.08647],[-74.31752,42.08981],[-74.31737,42.0924],[-74.31603,42.09615],[-74.31199,42.09842],[-74.31205,42.10271],[-74.31054,42.10283],[-74.30752,42.10174],[-74.30471,42.10173],[-74.3029,42.10228],[-74.29876,42.10264],[-74.29188,42.10601],[-74.28712,42.10727],[-74.28426,42.10848],[-74.28067,42.1122],[-74.24435,42.1093],[-74.22635,42.10813],[-74.20626,42.10634],[-74.19846,42.10588],[-74.16427,42.10317],[-74.13642,42.10116],[-74.07408,42.09606],[-74.06322,42.11976],[-74.04936,42.15295],[-74.04194,42.16977],[-74.02336,42.16128],[-74.01455,42.16154],[-74.00283,42.1628],[-74.00182,42.17781],[-73.99935,42.17676],[-73.99911,42.17492],[-73.97975,42.16361],[-73.94889,42.14616],[-73.94293,42.14247],[-73.93239,42.13669],[-73.92167,42.13044],[-73.91646,42.12823],[-73.91248,42.12764],[-73.90789,42.13419],[-73.90339,42.13992],[-73.90026,42.14513],[-73.89866,42.14868],[-73.89724,42.1537],[-73.89472,42.15738],[-73.89389,42.16718],[-73.89206,42.16996],[-73.89059,42.17098],[-73.88382,42.17156],[-73.88136,42.17276],[-73.8784,42.17516],[-73.87307,42.17864],[-73.86869,42.1823],[-73.86444,42.18507],[-73.86054,42.18664],[-73.85841,42.18822],[-73.85576,42.19397],[-73.85333,42.19874],[-73.8506,42.2078],[-73.84998,42.20938],[-73.84958,42.21585],[-73.85035,42.22422],[-73.8502,42.22638],[-73.84891,42.22903],[-73.84617,42.23159],[-73.84406,42.23302],[-73.841,42.23608],[-73.83733,42.23881],[-73.83407,42.2407],[-73.82999,42.24398],[-73.82558,42.24663],[-73.82224,42.24744],[-73.81739,42.24984],[-73.81094,42.25253],[-73.80717,42.25457],[-73.8045,42.25681],[-73.79941,42.26429],[-73.79583,42.26888],[-73.79103,42.27394],[-73.78923,42.27646],[-73.78455,42.2837],[-73.78156,42.29057],[-73.7788,42.29823],[-73.77797,42.31002],[-73.78061,42.31947],[-73.78111,42.32356],[-73.78118,42.32784],[-73.77991,42.33068],[-73.77948,42.3329],[-73.78024,42.33588],[-73.78198,42.33887],[-73.78498,42.34123],[-73.78718,42.34495],[-73.78774,42.34995],[-73.78942,42.35189],[-73.79113,42.35448],[-73.79197,42.35771],[-73.79197,42.36115],[-73.79097,42.36373],[-73.79091,42.36725],[-73.79147,42.36945],[-73.79187,42.37528],[-73.79168,42.3807],[-73.79053,42.3843],[-73.78871,42.38694],[-73.78598,42.3927],[-73.78281,42.40311],[-73.78269,42.40511],[-73.78078,42.40801],[-73.77977,42.41187],[-73.77772,42.41604],[-73.77678,42.41968],[-73.77622,42.42302],[-73.77539,42.43804],[-73.77418,42.44149],[-73.77455,42.44417],[-73.77597,42.4511],[-73.77833,42.45447],[-73.7784,42.45698],[-73.77573,42.46117],[-73.77597,42.4622],[-73.77985,42.46517],[-73.7493,42.46844],[-73.69688,42.47279],[-73.6173,42.48108],[-73.55635,42.48803],[-73.48869,42.4954],[-73.35301,42.50988],[-73.36272,42.48306]]]]}},{"type":"Feature","properties":{"ava_id":"lake_erie","name":"Lake Erie","aka":null,"state":"NY|OH|PA","county":"Cattaraugus|Chautauqua|Erie|Ashtabula|Cuyahoga|Erie|Geauga|Huron|Lake|Lorain|Lucas|Ottawa|Sandusky|Summit|Wood|Erie","within":null,"contains":"Grand River Valley|Isle St. George","cfr_index":"9.83","valid_start":null},"geometry":{"type":"MultiPolygon","coordinates":[[[[-78.88338,42.8751],[-78.88008,42.87105],[-78.87445,42.86912],[-78.8726,42.86651],[-78.87152,42.86244],[-78.87001,42.86093],[-78.86342,42.86229],[-78.86258,42.86157],[-78.86433,42.85839],[-78.86408,42.85606],[-78.8626,42.8548],[-78.8596,42.85412],[-78.85686,42.85434],[-78.8542,42.85614],[-78.85645,42.85952],[-78.85582,42.86119],[-78.85357,42.86119],[-78.85135,42.86025],[-78.84965,42.85632],[-78.84698,42.85514],[-78.8439,42.85607],[-78.84494,42.85908],[-78.84484,42.861],[-78.84193,42.86205],[-78.83366,42.85867],[-78.83169,42.85931],[-78.82797,42.85914],[-78.82088,42.857],[-78.81213,42.85157],[-78.80968,42.84905],[-78.80725,42.84471],[-78.80444,42.84333],[-78.80181,42.84272],[-78.79776,42.84042],[-78.79063,42.83994],[-78.7877,42.83934],[-78.7862,42.83769],[-78.7854,42.83529],[-78.78239,42.83338],[-78.77973,42.83348],[-78.7779,42.83587],[-78.77658,42.8352],[-78.77664,42.83103],[-78.77524,42.82766],[-78.77127,42.82323],[-78.76819,42.82152],[-78.76522,42.82218],[-78.76404,42.82219],[-78.76264,42.82378],[-78.76126,42.82407],[-78.75839,42.82343],[-78.75422,42.82428],[-78.75067,42.82568],[-78.74597,42.82688],[-78.74363,42.82797],[-78.74153,42.82812],[-78.73966,42.82757],[-78.73712,42.82813],[-78.73107,42.82633],[-78.72793,42.82617],[-78.72484,42.82679],[-78.72286,42.82781],[-78.7199,42.82996],[-78.71698,42.8313],[-78.71237,42.83139],[-78.71046,42.83064],[-78.70591,42.8264],[-78.70354,42.82456],[-78.70346,42.82117],[-78.70257,42.81881],[-78.70062,42.81662],[-78.69803,42.81508],[-78.69606,42.81549],[-78.69488,42.8173],[-78.69236,42.81719],[-78.69109,42.8189],[-78.6865,42.81844],[-78.68145,42.81767],[-78.68024,42.81688],[-78.68067,42.81621],[-78.68415,42.81561],[-78.68561,42.81454],[-78.68591,42.8106],[-78.68739,42.80907],[-78.69022,42.80813],[-78.69078,42.80672],[-78.68993,42.80528],[-78.69005,42.80318],[-78.68666,42.80092],[-78.68593,42.79943],[-78.68665,42.79757],[-78.68388,42.79435],[-78.68338,42.7927],[-78.6841,42.7915],[-78.68627,42.79029],[-78.68766,42.78815],[-78.68775,42.7864],[-78.68607,42.78498],[-78.68339,42.78486],[-78.67933,42.78271],[-78.67849,42.78175],[-78.68275,42.77873],[-78.68523,42.77757],[-78.68657,42.77601],[-78.6862,42.77461],[-78.68401,42.77272],[-78.68104,42.77309],[-78.67855,42.774],[-78.67604,42.77433],[-78.6735,42.77397],[-78.672,42.77302],[-78.67028,42.76884],[-78.66878,42.76772],[-78.65728,42.76376],[-78.64703,42.76283],[-78.64604,42.76179],[-78.64601,42.76019],[-78.64693,42.7597],[-78.64958,42.75947],[-78.65122,42.75779],[-78.65171,42.75544],[-78.6517,42.75345],[-78.64971,42.75033],[-78.65029,42.74894],[-78.65309,42.74841],[-78.65356,42.74761],[-78.65307,42.74526],[-78.65426,42.74486],[-78.65672,42.7446],[-78.65695,42.74209],[-78.65942,42.73922],[-78.65942,42.7307],[-78.66061,42.72874],[-78.66178,42.72831],[-78.66619,42.72834],[-78.66849,42.72553],[-78.67092,42.7243],[-78.67066,42.72166],[-78.67331,42.72098],[-78.67337,42.71958],[-78.67215,42.7178],[-78.67514,42.71728],[-78.67584,42.71642],[-78.6755,42.71408],[-78.67814,42.71286],[-78.67986,42.71127],[-78.6799,42.71014],[-78.67857,42.70948],[-78.67864,42.70824],[-78.6813,42.70497],[-78.68227,42.70183],[-78.68494,42.69712],[-78.68724,42.69426],[-78.68834,42.69364],[-78.69063,42.69276],[-78.69195,42.69007],[-78.69188,42.68747],[-78.6896,42.68529],[-78.68808,42.68248],[-78.68813,42.68132],[-78.68918,42.67983],[-78.68895,42.67846],[-78.68771,42.67591],[-78.68658,42.67243],[-78.68661,42.67076],[-78.68761,42.66876],[-78.68613,42.66344],[-78.68603,42.6618],[-78.70699,42.64713],[-78.70557,42.64607],[-78.70803,42.64426],[-78.71725,42.63994],[-78.74107,42.62192],[-78.74667,42.61825],[-78.76039,42.61141],[-78.7877,42.59279],[-78.828,42.57915],[-78.83403,42.57549],[-78.85043,42.56641],[-78.85388,42.56466],[-78.85932,42.56237],[-78.89016,42.5287],[-78.89271,42.5266],[-78.91523,42.51386],[-78.92603,42.4927],[-78.9271,42.49099],[-78.93371,42.48273],[-78.93344,42.48262],[-78.93531,42.47993],[-78.94631,42.46695],[-78.95064,42.46154],[-78.95707,42.45425],[-78.96019,42.4512],[-78.97783,42.43749],[-78.97854,42.43949],[-78.98019,42.4405],[-78.98089,42.4416],[-78.98405,42.44433],[-78.98849,42.44231],[-78.98911,42.44372],[-78.99014,42.44449],[-78.98593,42.44648],[-78.98691,42.44816],[-78.98836,42.44918],[-78.9902,42.45138],[-78.99366,42.44979],[-78.99464,42.45036],[-78.99617,42.45039],[-78.99746,42.4526],[-78.99854,42.45355],[-79.00026,42.45411],[-79.00042,42.45763],[-79.00151,42.4582],[-79.00373,42.45789],[-79.00459,42.45825],[-79.0068,42.46018],[-79.00961,42.46158],[-79.01175,42.46191],[-79.01318,42.46311],[-79.01527,42.46341],[-79.01679,42.46457],[-79.02054,42.466],[-79.02181,42.46602],[-79.02276,42.46479],[-79.02412,42.4663],[-79.02618,42.46641],[-79.02722,42.46574],[-79.02686,42.46431],[-79.02985,42.46427],[-79.03129,42.46237],[-79.03289,42.46251],[-79.0346,42.46125],[-79.03577,42.46151],[-79.0369,42.46086],[-79.03861,42.4606],[-79.03863,42.45822],[-79.04096,42.4582],[-79.04113,42.45522],[-79.04054,42.45445],[-79.04195,42.45433],[-79.04269,42.45347],[-79.04359,42.45338],[-79.04343,42.45034],[-79.04599,42.45002],[-79.04615,42.44829],[-79.04688,42.4477],[-79.04826,42.44947],[-79.04912,42.44915],[-79.05018,42.44953],[-79.05053,42.44815],[-79.05121,42.44809],[-79.05204,42.449],[-79.05335,42.44829],[-79.05431,42.44965],[-79.05518,42.44931],[-79.0559,42.44832],[-79.05631,42.4489],[-79.05635,42.45028],[-79.05735,42.45106],[-79.05901,42.45152],[-79.05881,42.45297],[-79.05994,42.45374],[-79.0617,42.45427],[-79.06305,42.45517],[-79.06593,42.4556],[-79.06787,42.45647],[-79.06975,42.45588],[-79.07072,42.45605],[-79.07222,42.4556],[-79.07257,42.45857],[-79.0831,42.45893],[-79.08307,42.45661],[-79.08601,42.45643],[-79.08812,42.45545],[-79.08927,42.45432],[-79.09071,42.4536],[-79.09237,42.45369],[-79.09219,42.4519],[-79.09341,42.45165],[-79.09405,42.451],[-79.09705,42.45071],[-79.09702,42.44969],[-79.09384,42.44945],[-79.0943,42.44884],[-79.09717,42.44862],[-79.09743,42.44754],[-79.09632,42.44503],[-79.09661,42.44365],[-79.09754,42.44422],[-79.09856,42.44589],[-79.1001,42.44671],[-79.10017,42.44833],[-79.10082,42.44962],[-79.10176,42.44983],[-79.10284,42.4492],[-79.10472,42.4489],[-79.10579,42.44763],[-79.1065,42.44747],[-79.10692,42.44813],[-79.10596,42.44925],[-79.10396,42.44993],[-79.10483,42.451],[-79.10406,42.4518],[-79.10522,42.45287],[-79.10606,42.45283],[-79.10733,42.4522],[-79.10832,42.45202],[-79.10868,42.45247],[-79.10734,42.45332],[-79.107,42.45445],[-79.10764,42.4555],[-79.10652,42.45671],[-79.10658,42.45825],[-79.10883,42.46257],[-79.11042,42.46342],[-79.11462,42.46348],[-79.1168,42.46448],[-79.11818,42.46469],[-79.11989,42.4639],[-79.12164,42.46425],[-79.12362,42.46389],[-79.12458,42.46291],[-79.12448,42.46185],[-79.12317,42.45984],[-79.12518,42.45944],[-79.1261,42.45874],[-79.12718,42.45964],[-79.12857,42.45931],[-79.13011,42.46016],[-79.13518,42.46035],[-79.13864,42.45886],[-79.14193,42.45933],[-79.14256,42.45895],[-79.14287,42.45699],[-79.14486,42.45543],[-79.14768,42.45409],[-79.14756,42.45286],[-79.14544,42.45113],[-79.14411,42.44979],[-79.14249,42.44863],[-79.14227,42.44791],[-79.14311,42.44769],[-79.14479,42.4485],[-79.14657,42.44989],[-79.14741,42.45013],[-79.14856,42.44817],[-79.14924,42.44845],[-79.14929,42.45036],[-79.15022,42.4513],[-79.15139,42.45127],[-79.15246,42.45204],[-79.15379,42.45203],[-79.15529,42.45103],[-79.15754,42.44992],[-79.15885,42.45061],[-79.15914,42.45015],[-79.15744,42.4489],[-79.15636,42.4476],[-79.15704,42.44743],[-79.15836,42.44798],[-79.1602,42.44816],[-79.16106,42.44882],[-79.16213,42.44869],[-79.16238,42.44798],[-79.16197,42.44693],[-79.16249,42.44664],[-79.16363,42.44826],[-79.16437,42.44806],[-79.16493,42.44715],[-79.16605,42.44765],[-79.16756,42.44684],[-79.16835,42.44607],[-79.16587,42.44388],[-79.1663,42.44298],[-79.16716,42.44311],[-79.16804,42.44419],[-79.1697,42.44482],[-79.17066,42.4446],[-79.1718,42.44335],[-79.17317,42.44431],[-79.17419,42.4436],[-79.17451,42.44251],[-79.17359,42.44114],[-79.17359,42.43989],[-79.17438,42.43964],[-79.17507,42.44163],[-79.17605,42.44187],[-79.17784,42.4413],[-79.17898,42.44012],[-79.17803,42.43891],[-79.17918,42.43803],[-79.17865,42.43748],[-79.17675,42.43703],[-79.17631,42.43636],[-79.17681,42.4359],[-79.17679,42.43487],[-79.1781,42.43458],[-79.17919,42.43411],[-79.17933,42.43334],[-79.18011,42.4328],[-79.18013,42.43209],[-79.17946,42.43138],[-79.1801,42.43086],[-79.18034,42.43024],[-79.18172,42.43059],[-79.18295,42.43012],[-79.18344,42.43044],[-79.18347,42.43157],[-79.18416,42.43182],[-79.18616,42.43043],[-79.18794,42.43008],[-79.18803,42.42766],[-79.18898,42.42618],[-79.18841,42.42515],[-79.18915,42.42392],[-79.18856,42.42322],[-79.18715,42.42249],[-79.1879,42.42091],[-79.18723,42.41997],[-79.18735,42.4191],[-79.189,42.41957],[-79.19,42.41924],[-79.19085,42.41944],[-79.19162,42.41896],[-79.19194,42.41718],[-79.19168,42.41654],[-79.19083,42.41551],[-79.19066,42.41472],[-79.19192,42.41372],[-79.19134,42.41245],[-79.1914,42.41173],[-79.19216,42.41171],[-79.19538,42.41482],[-79.1963,42.41473],[-79.19526,42.41212],[-79.19392,42.41175],[-79.19397,42.41095],[-79.19451,42.40958],[-79.19674,42.40995],[-79.19726,42.40947],[-79.19681,42.40908],[-79.1954,42.40868],[-79.19538,42.40824],[-79.19882,42.40772],[-79.19957,42.40683],[-79.20001,42.40703],[-79.20052,42.40814],[-79.20126,42.40871],[-79.20135,42.41067],[-79.20204,42.41075],[-79.20256,42.40942],[-79.20317,42.40972],[-79.20258,42.41136],[-79.20316,42.41181],[-79.20399,42.41129],[-79.20471,42.40837],[-79.20535,42.40804],[-79.20596,42.40822],[-79.20627,42.40927],[-79.20725,42.41001],[-79.20903,42.41071],[-79.20628,42.41428],[-79.20592,42.41541],[-79.20627,42.41632],[-79.20708,42.41655],[-79.20787,42.41597],[-79.2083,42.41338],[-79.20903,42.41325],[-79.2094,42.41383],[-79.20907,42.41501],[-79.20984,42.41559],[-79.20969,42.41634],[-79.21033,42.4166],[-79.21166,42.41567],[-79.21219,42.41591],[-79.21315,42.41699],[-79.21294,42.41809],[-79.21414,42.41884],[-79.21344,42.42029],[-79.21444,42.42119],[-79.21557,42.42127],[-79.21537,42.42241],[-79.21668,42.42308],[-79.21501,42.42353],[-79.21558,42.42558],[-79.21749,42.42638],[-79.21634,42.42791],[-79.2165,42.4288],[-79.21756,42.42962],[-79.21548,42.43031],[-79.21523,42.43139],[-79.21578,42.43197],[-79.21788,42.43175],[-79.21894,42.4333],[-79.21712,42.43299],[-79.2162,42.43343],[-79.21657,42.43384],[-79.21778,42.43408],[-79.21782,42.43602],[-79.2154,42.43622],[-79.21417,42.43696],[-79.2134,42.43818],[-79.21148,42.43933],[-79.21121,42.44007],[-79.21218,42.44058],[-79.21484,42.43952],[-79.21588,42.43961],[-79.21585,42.44014],[-79.21361,42.44103],[-79.21358,42.44163],[-79.21523,42.4421],[-79.2159,42.44294],[-79.21848,42.44294],[-79.22048,42.44393],[-79.22275,42.4441],[-79.22481,42.44389],[-79.22935,42.44247],[-79.23002,42.44172],[-79.23018,42.43963],[-79.23106,42.43977],[-79.23247,42.44145],[-79.23667,42.44169],[-79.23835,42.44113],[-79.23799,42.43903],[-79.24136,42.43892],[-79.24683,42.43756],[-79.24877,42.43763],[-79.25043,42.43702],[-79.2524,42.43689],[-79.25564,42.4363],[-79.25778,42.43465],[-79.25953,42.43423],[-79.25959,42.43353],[-79.25887,42.43218],[-79.26168,42.43149],[-79.2631,42.43066],[-79.26424,42.42918],[-79.2663,42.4271],[-79.26968,42.42204],[-79.27188,42.41993],[-79.27245,42.41778],[-79.2719,42.41558],[-79.27036,42.41422],[-79.27186,42.41283],[-79.27166,42.4117],[-79.27063,42.41103],[-79.26854,42.41116],[-79.26809,42.41068],[-79.26913,42.41006],[-79.27228,42.41011],[-79.27314,42.40956],[-79.27309,42.4079],[-79.27386,42.40714],[-79.27393,42.40648],[-79.27563,42.40472],[-79.27698,42.40388],[-79.27721,42.40199],[-79.27791,42.40113],[-79.27788,42.39945],[-79.27914,42.3971],[-79.27855,42.3964],[-79.2768,42.39819],[-79.27472,42.39895],[-79.27379,42.39851],[-79.27272,42.39721],[-79.27151,42.3971],[-79.26958,42.39829],[-79.26823,42.39777],[-79.26744,42.39626],[-79.26729,42.39516],[-79.26637,42.39453],[-79.26625,42.39139],[-79.2654,42.39032],[-79.2666,42.38829],[-79.26638,42.38669],[-79.2638,42.38604],[-79.26532,42.38509],[-79.26528,42.38438],[-79.26397,42.38328],[-79.26434,42.38287],[-79.26591,42.38347],[-79.26842,42.38144],[-79.26758,42.38032],[-79.26585,42.37937],[-79.26306,42.37867],[-79.26163,42.37861],[-79.26032,42.37788],[-79.25883,42.37782],[-79.25794,42.37545],[-79.26033,42.37615],[-79.26179,42.37616],[-79.26349,42.37729],[-79.26527,42.37759],[-79.26863,42.37698],[-79.26927,42.37773],[-79.27058,42.37793],[-79.27082,42.37975],[-79.27199,42.38021],[-79.27202,42.38162],[-79.27098,42.38287],[-79.26943,42.38411],[-79.26915,42.38543],[-79.27003,42.38705],[-79.26997,42.38914],[-79.26859,42.39005],[-79.27005,42.39103],[-79.27032,42.393],[-79.27143,42.39353],[-79.27229,42.39327],[-79.27328,42.39223],[-79.27456,42.39296],[-79.27705,42.39254],[-79.2785,42.39288],[-79.28005,42.39279],[-79.28005,42.39215],[-79.2794,42.39128],[-79.28053,42.3913],[-79.28597,42.38084],[-79.28815,42.37975],[-79.28885,42.37833],[-79.29032,42.37831],[-79.29089,42.37764],[-79.29285,42.37749],[-79.29309,42.37606],[-79.2941,42.37557],[-79.29436,42.37343],[-79.29718,42.37334],[-79.29767,42.37186],[-79.29896,42.37168],[-79.29915,42.37061],[-79.30035,42.37041],[-79.30058,42.36947],[-79.30179,42.36938],[-79.30334,42.37053],[-79.30426,42.3701],[-79.30313,42.3688],[-79.30358,42.36852],[-79.30468,42.36899],[-79.3053,42.36844],[-79.30399,42.36719],[-79.30448,42.36674],[-79.30551,42.36671],[-79.30663,42.36946],[-79.30744,42.36925],[-79.30819,42.36773],[-79.30791,42.36687],[-79.30639,42.3669],[-79.30737,42.36476],[-79.31008,42.3654],[-79.31023,42.36693],[-79.30941,42.36816],[-79.30984,42.36892],[-79.31097,42.36814],[-79.31206,42.37025],[-79.31316,42.37034],[-79.31479,42.36976],[-79.31418,42.36741],[-79.31475,42.36742],[-79.31605,42.3687],[-79.31797,42.36778],[-79.31794,42.36902],[-79.31887,42.36895],[-79.31956,42.36836],[-79.32058,42.36823],[-79.32132,42.36755],[-79.3217,42.36885],[-79.32338,42.36828],[-79.32402,42.36753],[-79.32482,42.36794],[-79.32633,42.36754],[-79.32809,42.36566],[-79.33225,42.36568],[-79.33372,42.36638],[-79.3318,42.36772],[-79.33365,42.3698],[-79.33157,42.36958],[-79.33003,42.37227],[-79.32684,42.37568],[-79.32797,42.37677],[-79.3281,42.37822],[-79.32896,42.379],[-79.32832,42.38024],[-79.32866,42.38117],[-79.32984,42.38163],[-79.32948,42.38242],[-79.33122,42.38283],[-79.32951,42.38422],[-79.32954,42.38542],[-79.33048,42.38603],[-79.33237,42.38607],[-79.33235,42.38774],[-79.33455,42.3886],[-79.33664,42.38804],[-79.33754,42.3882],[-79.33762,42.38931],[-79.33853,42.38975],[-79.34077,42.38869],[-79.34149,42.38979],[-79.34468,42.39011],[-79.3455,42.3896],[-79.34423,42.38856],[-79.34495,42.38821],[-79.34628,42.38857],[-79.34791,42.3874],[-79.34917,42.38844],[-79.35024,42.38844],[-79.35141,42.38679],[-79.35318,42.38677],[-79.35436,42.38631],[-79.35665,42.38617],[-79.35779,42.38545],[-79.35981,42.38588],[-79.36196,42.38432],[-79.36315,42.38495],[-79.36419,42.38479],[-79.36561,42.38371],[-79.36641,42.38369],[-79.36692,42.38443],[-79.36806,42.38445],[-79.36908,42.38404],[-79.37026,42.38407],[-79.37088,42.38511],[-79.37277,42.38457],[-79.37388,42.38369],[-79.3751,42.3838],[-79.37756,42.38216],[-79.37885,42.38192],[-79.37992,42.38287],[-79.38119,42.38312],[-79.38431,42.38172],[-79.38601,42.3805],[-79.3887,42.38003],[-79.38973,42.37905],[-79.39126,42.37866],[-79.39216,42.37743],[-79.39389,42.37726],[-79.39488,42.3763],[-79.39534,42.37513],[-79.3966,42.37432],[-79.39679,42.37247],[-79.4004,42.3715],[-79.40149,42.3693],[-79.40274,42.36905],[-79.40471,42.36775],[-79.40503,42.36648],[-79.40661,42.36541],[-79.4068,42.36271],[-79.40774,42.36171],[-79.40936,42.36069],[-79.40699,42.3599],[-79.40655,42.35904],[-79.4067,42.35711],[-79.4075,42.3566],[-79.40765,42.3553],[-79.40865,42.35534],[-79.41033,42.35583],[-79.41114,42.3542],[-79.4122,42.35358],[-79.41241,42.35243],[-79.41408,42.35329],[-79.41518,42.353],[-79.41535,42.35125],[-79.41745,42.35125],[-79.41818,42.34975],[-79.42161,42.34958],[-79.4229,42.34884],[-79.42429,42.34992],[-79.42703,42.34803],[-79.42911,42.34916],[-79.43047,42.34833],[-79.43193,42.35038],[-79.43495,42.3509],[-79.43634,42.35006],[-79.4376,42.35074],[-79.43856,42.34975],[-79.44011,42.35126],[-79.44279,42.35082],[-79.44368,42.34927],[-79.4448,42.34924],[-79.446,42.35059],[-79.44709,42.35051],[-79.44784,42.34949],[-79.45114,42.34909],[-79.45053,42.3469],[-79.4515,42.34588],[-79.45274,42.34552],[-79.45294,42.3471],[-79.45428,42.34787],[-79.45575,42.34657],[-79.45823,42.34678],[-79.4619,42.34615],[-79.46487,42.34644],[-79.46634,42.34611],[-79.46733,42.34508],[-79.47011,42.34482],[-79.47268,42.34386],[-79.47763,42.34032],[-79.4774,42.3398],[-79.47552,42.33943],[-79.47519,42.33863],[-79.47673,42.33704],[-79.47953,42.33659],[-79.47975,42.33793],[-79.48131,42.33783],[-79.48475,42.3366],[-79.48635,42.33568],[-79.4885,42.33515],[-79.4885,42.33312],[-79.49149,42.33212],[-79.49252,42.3314],[-79.49476,42.33084],[-79.49592,42.3292],[-79.49962,42.32821],[-79.49971,42.32659],[-79.50203,42.32527],[-79.50416,42.3247],[-79.50498,42.32331],[-79.50728,42.32276],[-79.5122,42.3204],[-79.51251,42.31918],[-79.51188,42.31884],[-79.50686,42.32063],[-79.5057,42.3219],[-79.50316,42.32318],[-79.50102,42.32359],[-79.50242,42.3202],[-79.50196,42.31936],[-79.49897,42.31837],[-79.49935,42.31663],[-79.49781,42.31649],[-79.4979,42.31478],[-79.49679,42.31372],[-79.49746,42.31234],[-79.49664,42.31163],[-79.49468,42.31228],[-79.49701,42.31002],[-79.49691,42.3083],[-79.49733,42.30696],[-79.49662,42.30548],[-79.49735,42.3035],[-79.49645,42.30137],[-79.497,42.2998],[-79.49928,42.29925],[-79.49978,42.30155],[-79.50095,42.30365],[-79.50005,42.30507],[-79.50164,42.30571],[-79.50139,42.30755],[-79.50021,42.30867],[-79.50033,42.31047],[-79.50224,42.31097],[-79.50287,42.30978],[-79.50428,42.30857],[-79.50448,42.30739],[-79.50324,42.30484],[-79.50337,42.30381],[-79.50576,42.3028],[-79.50611,42.30184],[-79.50546,42.3011],[-79.50616,42.29968],[-79.50424,42.29701],[-79.50646,42.29602],[-79.50776,42.29677],[-79.51011,42.29727],[-79.51055,42.29527],[-79.51177,42.29458],[-79.51236,42.2935],[-79.51374,42.29236],[-79.5138,42.29077],[-79.5159,42.29075],[-79.51761,42.28981],[-79.51894,42.29032],[-79.52017,42.29039],[-79.52101,42.29101],[-79.522,42.28983],[-79.52371,42.29087],[-79.52181,42.29268],[-79.5212,42.29448],[-79.52161,42.29543],[-79.52348,42.29531],[-79.52447,42.29466],[-79.52581,42.29447],[-79.52604,42.29235],[-79.52701,42.29225],[-79.52808,42.29354],[-79.52922,42.29349],[-79.53043,42.29294],[-79.53137,42.29393],[-79.53203,42.2934],[-79.5324,42.2925],[-79.53345,42.29191],[-79.53344,42.29039],[-79.53576,42.29061],[-79.53557,42.2912],[-79.53445,42.29219],[-79.53443,42.29398],[-79.53503,42.29459],[-79.53857,42.29477],[-79.54253,42.29431],[-79.54385,42.29386],[-79.54489,42.29436],[-79.5484,42.29429],[-79.5493,42.29369],[-79.54956,42.29265],[-79.55145,42.29203],[-79.55149,42.29128],[-79.55052,42.29088],[-79.54848,42.29125],[-79.54694,42.29011],[-79.5452,42.29085],[-79.54309,42.29035],[-79.54283,42.28951],[-79.54512,42.28745],[-79.5451,42.2859],[-79.54313,42.28636],[-79.54258,42.28588],[-79.54409,42.28437],[-79.54392,42.28373],[-79.54304,42.28348],[-79.54311,42.28142],[-79.54241,42.28089],[-79.54078,42.28066],[-79.54073,42.28007],[-79.54128,42.27932],[-79.54122,42.27778],[-79.53946,42.27694],[-79.53998,42.27612],[-79.53989,42.27491],[-79.5391,42.27333],[-79.53911,42.27215],[-79.53989,42.27208],[-79.54068,42.27279],[-79.54207,42.27265],[-79.54235,42.27317],[-79.54144,42.27427],[-79.54116,42.27552],[-79.54264,42.27607],[-79.54219,42.27792],[-79.54286,42.27843],[-79.54388,42.27793],[-79.54395,42.27571],[-79.54472,42.27541],[-79.54621,42.27671],[-79.54678,42.27649],[-79.54601,42.275],[-79.54769,42.27532],[-79.54836,42.27467],[-79.54919,42.27513],[-79.54918,42.27701],[-79.54991,42.27721],[-79.55153,42.27605],[-79.55497,42.27543],[-79.55926,42.27529],[-79.56068,42.274],[-79.56177,42.27468],[-79.56228,42.27428],[-79.56231,42.27152],[-79.56375,42.27004],[-79.5642,42.26753],[-79.56475,42.26672],[-79.56627,42.26555],[-79.56562,42.26439],[-79.56548,42.26225],[-79.56601,42.26151],[-79.56739,42.2625],[-79.56911,42.26247],[-79.56936,42.26054],[-79.57009,42.26003],[-79.57025,42.25858],[-79.57192,42.25728],[-79.57213,42.25337],[-79.57113,42.25089],[-79.57199,42.24992],[-79.57209,42.24902],[-79.57413,42.24744],[-79.57526,42.24511],[-79.57658,42.24481],[-79.57799,42.24339],[-79.57909,42.2428],[-79.58062,42.2428],[-79.58174,42.24253],[-79.58355,42.24323],[-79.5846,42.24303],[-79.58639,42.24196],[-79.58726,42.24095],[-79.58769,42.239],[-79.58894,42.23918],[-79.58979,42.24137],[-79.5884,42.24319],[-79.58842,42.24463],[-79.58657,42.24475],[-79.585,42.24545],[-79.58144,42.24554],[-79.57977,42.24644],[-79.57811,42.24687],[-79.57699,42.24879],[-79.57861,42.24901],[-79.57662,42.25025],[-79.57595,42.25139],[-79.5769,42.25491],[-79.57611,42.25652],[-79.57621,42.25851],[-79.57493,42.26003],[-79.57607,42.2632],[-79.57907,42.26255],[-79.57888,42.25865],[-79.58017,42.25774],[-79.58065,42.25806],[-79.57997,42.26001],[-79.58111,42.26123],[-79.58058,42.26177],[-79.58088,42.26249],[-79.58079,42.26339],[-79.58174,42.26398],[-79.58038,42.26449],[-79.58079,42.26525],[-79.58246,42.26679],[-79.58221,42.2676],[-79.57925,42.26539],[-79.57743,42.2655],[-79.57609,42.26637],[-79.576,42.26782],[-79.57501,42.26797],[-79.5746,42.26912],[-79.57401,42.26992],[-79.57401,42.27097],[-79.57612,42.27138],[-79.57722,42.27018],[-79.5777,42.27198],[-79.57869,42.27243],[-79.5784,42.27454],[-79.57794,42.27519],[-79.57744,42.27473],[-79.57729,42.27343],[-79.57622,42.27297],[-79.57551,42.27226],[-79.57401,42.27275],[-79.5726,42.2728],[-79.5729,42.27457],[-79.57203,42.27523],[-79.57065,42.27483],[-79.57069,42.27553],[-79.57203,42.27652],[-79.57183,42.2773],[-79.57064,42.27683],[-79.56967,42.27805],[-79.56759,42.27883],[-79.56643,42.27877],[-79.56555,42.2797],[-79.56444,42.28001],[-79.56306,42.27942],[-79.56196,42.28012],[-79.55864,42.28094],[-79.55765,42.28236],[-79.55569,42.28283],[-79.55607,42.28334],[-79.55808,42.28303],[-79.5592,42.28343],[-79.5615,42.28188],[-79.56415,42.28166],[-79.5659,42.28097],[-79.56567,42.28184],[-79.56389,42.28308],[-79.56333,42.28383],[-79.56166,42.28457],[-79.5621,42.28577],[-79.56073,42.28722],[-79.56143,42.28784],[-79.56223,42.2869],[-79.5659,42.2865],[-79.56619,42.28506],[-79.56769,42.28391],[-79.56816,42.28287],[-79.5729,42.28325],[-79.5748,42.28315],[-79.57722,42.2825],[-79.57757,42.28292],[-79.57604,42.28381],[-79.57604,42.28447],[-79.58071,42.28437],[-79.58452,42.28456],[-79.58803,42.28503],[-79.59019,42.28501],[-79.59158,42.28426],[-79.59297,42.28475],[-79.59427,42.28438],[-79.59551,42.28488],[-79.59686,42.28441],[-79.59878,42.28488],[-79.60061,42.28409],[-79.6022,42.28463],[-79.60309,42.28433],[-79.60385,42.28342],[-79.60536,42.28343],[-79.60698,42.28381],[-79.60884,42.28372],[-79.61129,42.28278],[-79.61275,42.28276],[-79.61403,42.28303],[-79.61508,42.28257],[-79.61644,42.28237],[-79.61654,42.28166],[-79.61514,42.28136],[-79.60976,42.28239],[-79.60631,42.28229],[-79.60491,42.28161],[-79.60286,42.2815],[-79.60272,42.28093],[-79.60491,42.28067],[-79.6067,42.28121],[-79.60757,42.28075],[-79.60757,42.27902],[-79.60705,42.27833],[-79.60766,42.2776],[-79.60911,42.27844],[-79.61103,42.27901],[-79.61213,42.27859],[-79.61345,42.27873],[-79.61434,42.27796],[-79.61495,42.27669],[-79.61671,42.27621],[-79.61711,42.27763],[-79.61862,42.27733],[-79.61917,42.27832],[-79.62097,42.27775],[-79.6226,42.27842],[-79.62104,42.27952],[-79.62109,42.28031],[-79.6218,42.28025],[-79.6236,42.27885],[-79.62632,42.2787],[-79.63211,42.27654],[-79.63365,42.27535],[-79.63515,42.27587],[-79.63599,42.27463],[-79.63894,42.27456],[-79.63996,42.2736],[-79.64119,42.27463],[-79.64269,42.27452],[-79.64354,42.27276],[-79.6477,42.27221],[-79.6479,42.27174],[-79.64693,42.27096],[-79.64748,42.27023],[-79.65279,42.26883],[-79.65538,42.26836],[-79.65586,42.26774],[-79.65517,42.26648],[-79.6556,42.26442],[-79.65986,42.26466],[-79.66116,42.26407],[-79.66123,42.26301],[-79.66314,42.26245],[-79.66298,42.26056],[-79.66456,42.26016],[-79.66704,42.25841],[-79.66778,42.25664],[-79.66944,42.25648],[-79.67006,42.25522],[-79.66979,42.25299],[-79.66871,42.25251],[-79.6667,42.25309],[-79.66403,42.25469],[-79.66263,42.25512],[-79.6609,42.25696],[-79.65992,42.25667],[-79.66003,42.25527],[-79.66099,42.2533],[-79.66329,42.25298],[-79.66459,42.25147],[-79.66641,42.25085],[-79.67455,42.25085],[-79.67509,42.24954],[-79.67744,42.24928],[-79.6784,42.24883],[-79.67845,42.24752],[-79.68036,42.24743],[-79.68113,42.24679],[-79.67974,42.24601],[-79.67909,42.24392],[-79.68176,42.24308],[-79.68241,42.24489],[-79.68415,42.24521],[-79.68499,42.24497],[-79.68558,42.24394],[-79.68709,42.24339],[-79.68681,42.24137],[-79.68761,42.24068],[-79.68859,42.24199],[-79.68992,42.24191],[-79.69188,42.24],[-79.69288,42.23959],[-79.69298,42.23884],[-79.69379,42.23824],[-79.69391,42.237],[-79.69598,42.23719],[-79.69681,42.2345],[-79.69825,42.23489],[-79.69887,42.2344],[-79.69802,42.233],[-79.69844,42.23235],[-79.70022,42.23194],[-79.70034,42.23068],[-79.70222,42.23074],[-79.70168,42.22928],[-79.70327,42.22974],[-79.70388,42.22931],[-79.70203,42.22694],[-79.70359,42.22556],[-79.70458,42.22525],[-79.70457,42.22236],[-79.70389,42.22238],[-79.70303,42.22353],[-79.70107,42.22469],[-79.70008,42.22409],[-79.69866,42.22417],[-79.69806,42.22319],[-79.70021,42.22268],[-79.70147,42.2217],[-79.70192,42.22018],[-79.70139,42.21897],[-79.70358,42.21882],[-79.70321,42.21802],[-79.70168,42.21673],[-79.70327,42.21494],[-79.70348,42.21344],[-79.70085,42.21221],[-79.7001,42.20844],[-79.69877,42.20545],[-79.69631,42.20483],[-79.69406,42.20376],[-79.6918,42.20423],[-79.69084,42.20381],[-79.68913,42.20374],[-79.68785,42.20315],[-79.68739,42.20244],[-79.68799,42.2014],[-79.68691,42.20073],[-79.6868,42.19917],[-79.68602,42.19918],[-79.68514,42.20008],[-79.68394,42.20009],[-79.68262,42.19943],[-79.68103,42.20011],[-79.67968,42.19944],[-79.67886,42.19861],[-79.67691,42.19861],[-79.67583,42.19727],[-79.6746,42.19689],[-79.67404,42.19581],[-79.67478,42.19489],[-79.67609,42.19487],[-79.67763,42.19688],[-79.67952,42.19685],[-79.68121,42.19808],[-79.68261,42.19717],[-79.68488,42.19817],[-79.68769,42.19666],[-79.68927,42.19709],[-79.69021,42.19825],[-79.69176,42.1976],[-79.69201,42.19804],[-79.69092,42.19908],[-79.69264,42.20122],[-79.69395,42.20066],[-79.69518,42.20089],[-79.69684,42.20071],[-79.6986,42.2017],[-79.70086,42.19929],[-79.70255,42.19915],[-79.70352,42.19991],[-79.70472,42.19874],[-79.70562,42.19971],[-79.70612,42.2018],[-79.70728,42.20226],[-79.70816,42.2033],[-79.70814,42.2045],[-79.71256,42.20711],[-79.71271,42.20571],[-79.71432,42.20637],[-79.71523,42.20526],[-79.71576,42.20559],[-79.71584,42.20679],[-79.71785,42.20696],[-79.7183,42.20624],[-79.7179,42.20517],[-79.71854,42.20484],[-79.71894,42.20522],[-79.71919,42.20584],[-79.72005,42.20628],[-79.71953,42.20743],[-79.72073,42.20923],[-79.7233,42.20886],[-79.72168,42.2105],[-79.72376,42.21117],[-79.72318,42.21175],[-79.72135,42.2125],[-79.71958,42.21286],[-79.71993,42.21349],[-79.72195,42.21396],[-79.72183,42.21449],[-79.71932,42.21466],[-79.71772,42.21335],[-79.71668,42.21347],[-79.71676,42.21422],[-79.71808,42.21477],[-79.71807,42.21536],[-79.71745,42.21659],[-79.71843,42.2174],[-79.71926,42.21724],[-79.71994,42.2155],[-79.72098,42.21547],[-79.72119,42.21732],[-79.72558,42.21773],[-79.7255,42.21516],[-79.7273,42.21548],[-79.72759,42.21716],[-79.72871,42.21733],[-79.72941,42.21804],[-79.73008,42.21765],[-79.73005,42.21558],[-79.73163,42.21571],[-79.7318,42.2173],[-79.73272,42.21771],[-79.73315,42.21719],[-79.73313,42.21564],[-79.73412,42.21577],[-79.73455,42.21741],[-79.73529,42.21806],[-79.73641,42.21799],[-79.73701,42.21735],[-79.73704,42.21556],[-79.73825,42.21554],[-79.73913,42.21605],[-79.73987,42.21737],[-79.74224,42.21734],[-79.74363,42.21773],[-79.74636,42.21774],[-79.74704,42.21719],[-79.74704,42.21543],[-79.7488,42.21509],[-79.75027,42.21543],[-79.75187,42.21546],[-79.75379,42.2158],[-79.75574,42.21543],[-79.75741,42.21553],[-79.75764,42.21491],[-79.75711,42.21425],[-79.75591,42.21428],[-79.75416,42.21483],[-79.75254,42.21445],[-79.75141,42.21376],[-79.74785,42.21416],[-79.74651,42.21357],[-79.74592,42.2125],[-79.74942,42.21246],[-79.75179,42.21111],[-79.7537,42.21234],[-79.75664,42.21172],[-79.75907,42.21173],[-79.76077,42.21211],[-79.76421,42.21],[-79.76433,42.20931],[-79.76329,42.20795],[-79.76377,42.20749],[-79.76663,42.20773],[-79.76828,42.20724],[-79.76789,42.20557],[-79.76914,42.20454],[-79.77063,42.20446],[-79.77193,42.20342],[-79.77737,42.20015],[-79.77769,42.19901],[-79.77677,42.19786],[-79.77919,42.19673],[-79.77941,42.19529],[-79.77882,42.19425],[-79.7772,42.19346],[-79.779,42.19236],[-79.77924,42.19045],[-79.77873,42.18938],[-79.77641,42.18814],[-79.77803,42.18694],[-79.77793,42.18617],[-79.77688,42.18525],[-79.77711,42.18453],[-79.77828,42.1847],[-79.78112,42.18606],[-79.78187,42.18578],[-79.7815,42.18443],[-79.77883,42.18169],[-79.7812,42.18185],[-79.78178,42.18111],[-79.78075,42.17961],[-79.78012,42.17748],[-79.77677,42.17404],[-79.77738,42.17359],[-79.78177,42.17603],[-79.78232,42.17827],[-79.78318,42.17864],[-79.78411,42.17774],[-79.78574,42.17763],[-79.7872,42.17628],[-79.78752,42.17655],[-79.78761,42.18024],[-79.78853,42.18074],[-79.78942,42.1801],[-79.79007,42.17769],[-79.79093,42.17787],[-79.79188,42.17999],[-79.79337,42.18044],[-79.79443,42.17995],[-79.79533,42.17864],[-79.79674,42.17819],[-79.79913,42.17811],[-79.79989,42.17748],[-79.79939,42.1754],[-79.80183,42.17566],[-79.80293,42.17513],[-79.80471,42.1777],[-79.80758,42.17896],[-79.80887,42.18117],[-79.81017,42.18151],[-79.81096,42.18086],[-79.81114,42.17806],[-79.81478,42.17812],[-79.81587,42.1769],[-79.81547,42.17559],[-79.81423,42.17443],[-79.81065,42.17331],[-79.80608,42.17316],[-79.80651,42.17154],[-79.80557,42.17043],[-79.80744,42.16904],[-79.80708,42.16676],[-79.80811,42.16712],[-79.81025,42.1698],[-79.81137,42.17022],[-79.81365,42.17024],[-79.81505,42.17096],[-79.81687,42.17328],[-79.81809,42.17384],[-79.81943,42.17339],[-79.8196,42.17134],[-79.82037,42.17153],[-79.82067,42.17339],[-79.82343,42.17346],[-79.8242,42.17488],[-79.82515,42.17453],[-79.82632,42.17243],[-79.8274,42.17197],[-79.82994,42.17376],[-79.83161,42.17383],[-79.83333,42.17288],[-79.83794,42.17233],[-79.8395,42.17161],[-79.84054,42.17016],[-79.84007,42.16888],[-79.83839,42.16709],[-79.83886,42.16646],[-79.84111,42.16689],[-79.84312,42.16792],[-79.84437,42.16788],[-79.8451,42.16714],[-79.84397,42.1656],[-79.84522,42.16298],[-79.84422,42.1603],[-79.84282,42.1582],[-79.84341,42.15531],[-79.84298,42.15367],[-79.83993,42.15368],[-79.83964,42.15324],[-79.84175,42.15201],[-79.84377,42.1504],[-79.8441,42.15075],[-79.84461,42.15658],[-79.84602,42.15772],[-79.84698,42.15974],[-79.8485,42.15998],[-79.84953,42.15936],[-79.85086,42.1605],[-79.85219,42.16039],[-79.85256,42.15776],[-79.85338,42.15806],[-79.85556,42.16083],[-79.85733,42.16154],[-79.85866,42.16129],[-79.8599,42.1606],[-79.86083,42.15901],[-79.86105,42.15768],[-79.86188,42.15779],[-79.86343,42.15957],[-79.86464,42.15995],[-79.86686,42.15882],[-79.86708,42.15785],[-79.86908,42.15702],[-79.86925,42.15356],[-79.87007,42.15272],[-79.87132,42.15415],[-79.87132,42.15651],[-79.87369,42.15779],[-79.87492,42.15799],[-79.87607,42.15643],[-79.87866,42.15662],[-79.87896,42.15451],[-79.87992,42.15401],[-79.88385,42.15416],[-79.88506,42.15342],[-79.88525,42.15242],[-79.88738,42.15279],[-79.88804,42.15209],[-79.88785,42.14949],[-79.89908,42.14173],[-79.90149,42.13931],[-79.90285,42.13647],[-79.90184,42.13515],[-79.90507,42.13376],[-79.90684,42.13208],[-79.9086,42.12878],[-79.90831,42.12739],[-79.90722,42.12682],[-79.90245,42.12871],[-79.90135,42.12805],[-79.90469,42.12505],[-79.90577,42.123],[-79.90635,42.12084],[-79.9056,42.11988],[-79.90358,42.12029],[-79.9032,42.11847],[-79.90349,42.11717],[-79.90451,42.11582],[-79.90385,42.11501],[-79.9021,42.1142],[-79.90426,42.11286],[-79.90511,42.11131],[-79.90464,42.11026],[-79.90342,42.10891],[-79.90366,42.10513],[-79.90216,42.10351],[-79.90361,42.10053],[-79.90314,42.09959],[-79.90178,42.09974],[-79.89874,42.10115],[-79.8982,42.10082],[-79.89855,42.1003],[-79.90072,42.0993],[-79.90362,42.09846],[-79.90353,42.0978],[-79.90255,42.09737],[-79.90172,42.09533],[-79.90174,42.0945],[-79.90428,42.09342],[-79.90665,42.09285],[-79.90793,42.09057],[-79.90703,42.08973],[-79.90455,42.0894],[-79.90214,42.09005],[-79.90097,42.09118],[-79.9,42.09087],[-79.90093,42.08933],[-79.90053,42.08843],[-79.90175,42.08803],[-79.90853,42.08797],[-79.9097,42.08719],[-79.91005,42.08613],[-79.90888,42.08363],[-79.90979,42.08184],[-79.90927,42.07814],[-79.91129,42.0773],[-79.913,42.07577],[-79.91423,42.07558],[-79.91444,42.07643],[-79.91288,42.07901],[-79.9124,42.08136],[-79.91146,42.08295],[-79.91226,42.08605],[-79.91542,42.08609],[-79.91704,42.08699],[-79.91749,42.08838],[-79.91653,42.08841],[-79.91511,42.08733],[-79.91265,42.08733],[-79.91217,42.08877],[-79.91258,42.09068],[-79.9141,42.09166],[-79.91468,42.09305],[-79.91433,42.09551],[-79.91695,42.09749],[-79.91802,42.09924],[-79.9179,42.1002],[-79.91485,42.09934],[-79.91342,42.10013],[-79.9138,42.10188],[-79.91723,42.10299],[-79.91686,42.10399],[-79.91596,42.10501],[-79.91706,42.10623],[-79.92946,42.11413],[-79.93147,42.11483],[-79.93371,42.11489],[-79.93497,42.11444],[-79.93609,42.11302],[-79.93727,42.11233],[-79.9377,42.11141],[-79.93596,42.10984],[-79.93599,42.10917],[-79.93841,42.10885],[-79.94031,42.10812],[-79.94139,42.10855],[-79.94279,42.10967],[-79.94572,42.10975],[-79.94794,42.11147],[-79.95019,42.11204],[-79.95163,42.11179],[-79.9521,42.11118],[-79.95114,42.10859],[-79.95123,42.10756],[-79.9521,42.10762],[-79.95386,42.1096],[-79.95573,42.11104],[-79.95707,42.11163],[-79.95913,42.11162],[-79.96061,42.11056],[-79.96155,42.10745],[-79.9625,42.10611],[-79.96248,42.10337],[-79.96568,42.10304],[-79.96614,42.10214],[-79.96551,42.1002],[-79.9631,42.09984],[-79.96213,42.09825],[-79.96267,42.0979],[-79.96468,42.09843],[-79.96818,42.09859],[-79.97113,42.09832],[-79.97264,42.09683],[-79.97256,42.09585],[-79.97019,42.09403],[-79.97022,42.09329],[-79.97276,42.09269],[-79.97396,42.09158],[-79.97273,42.0897],[-79.97282,42.08742],[-79.97184,42.08677],[-79.96839,42.08728],[-79.96842,42.08655],[-79.96991,42.08525],[-79.97016,42.08415],[-79.96966,42.08315],[-79.96802,42.08227],[-79.96976,42.08074],[-79.96925,42.08005],[-79.9682,42.07964],[-79.96648,42.07957],[-79.96581,42.07887],[-79.96636,42.07799],[-79.9657,42.07705],[-79.96345,42.07703],[-79.96288,42.07651],[-79.96172,42.07603],[-79.96247,42.07464],[-79.96152,42.07364],[-79.9596,42.07283],[-79.95619,42.07296],[-79.95446,42.07042],[-79.95555,42.07022],[-79.95788,42.07044],[-79.95926,42.07037],[-79.96264,42.07271],[-79.96419,42.07262],[-79.96418,42.06962],[-79.96697,42.06956],[-79.96571,42.06793],[-79.96543,42.06355],[-79.96647,42.06345],[-79.96832,42.06433],[-79.9702,42.06487],[-79.97085,42.06583],[-79.97061,42.0674],[-79.97143,42.06964],[-79.97302,42.07039],[-79.97467,42.06911],[-79.97631,42.07096],[-79.97867,42.06924],[-79.97858,42.07153],[-79.97939,42.07257],[-79.98121,42.07295],[-79.9809,42.07517],[-79.98382,42.07709],[-79.98624,42.07581],[-79.99009,42.0765],[-79.98998,42.07758],[-79.98889,42.079],[-79.98637,42.08039],[-79.98866,42.08239],[-79.99138,42.08056],[-79.99751,42.08444],[-79.9988,42.08425],[-79.99824,42.08337],[-79.99601,42.08168],[-79.99685,42.08112],[-80.00027,42.08288],[-80.00106,42.08215],[-80.00219,42.08189],[-80.00154,42.08068],[-80.00223,42.07983],[-80.00174,42.07941],[-80.00002,42.07913],[-79.99711,42.07758],[-79.99602,42.07669],[-79.9964,42.07637],[-79.99844,42.07659],[-79.99995,42.07618],[-80.00075,42.07669],[-80.00185,42.07704],[-80.00278,42.07788],[-80.00324,42.07748],[-80.00304,42.07628],[-80.00388,42.07606],[-80.00506,42.07785],[-80.00662,42.07691],[-80.00726,42.078],[-80.00899,42.07741],[-80.01111,42.07758],[-80.01254,42.07714],[-80.01326,42.07578],[-80.01323,42.07458],[-80.01246,42.07344],[-80.01389,42.07359],[-80.01429,42.07323],[-80.01486,42.07045],[-80.01291,42.07054],[-80.01237,42.06989],[-80.01294,42.06956],[-80.01418,42.06962],[-80.01481,42.06867],[-80.0166,42.06903],[-80.01729,42.06841],[-80.0173,42.06741],[-80.01634,42.06737],[-80.01478,42.06793],[-80.01472,42.06751],[-80.01628,42.06698],[-80.01722,42.06572],[-80.01704,42.06431],[-80.85587,41.78879],[-80.85609,41.77282],[-80.85657,41.76967],[-80.85557,41.72713],[-80.85612,41.71748],[-80.85306,41.71418],[-80.8522,41.71233],[-80.85387,41.70381],[-80.85518,41.69603],[-80.85629,41.68703],[-80.8557,41.67502],[-80.85636,41.67182],[-80.85755,41.66807],[-80.8724,41.6657],[-80.8789,41.66487],[-80.88871,41.6632],[-80.90662,41.66205],[-80.91338,41.6596],[-80.92057,41.65739],[-80.92101,41.6582],[-80.92888,41.65493],[-80.94407,41.64916],[-80.94845,41.64763],[-80.95322,41.64634],[-80.96117,41.64322],[-80.98627,41.63489],[-80.99699,41.63191],[-81.00291,41.62949],[-81.01553,41.62531],[-81.02518,41.62141],[-81.0295,41.61926],[-81.05303,41.60904],[-81.05708,41.60748],[-81.06751,41.60186],[-81.0712,41.60011],[-81.08424,41.59574],[-81.09006,41.59294],[-81.08978,41.59257],[-81.09825,41.58899],[-81.11231,41.58359],[-81.12124,41.58042],[-81.12132,41.58055],[-81.13017,41.57715],[-81.13382,41.57594],[-81.1377,41.57514],[-81.18839,41.55606],[-81.20242,41.54683],[-81.20452,41.54589],[-81.24124,41.53395],[-81.24783,41.53006],[-81.25095,41.52666],[-81.25558,41.52208],[-81.27305,41.50652],[-81.28872,41.49351],[-81.31935,41.4723],[-81.32319,41.47002],[-81.33656,41.46251],[-81.35236,41.45448],[-81.35981,41.45104],[-81.35991,41.45116],[-81.3673,41.44791],[-81.36714,41.4477],[-81.37237,41.44534],[-81.37293,41.44491],[-81.37276,41.44479],[-81.37718,41.44094],[-81.37769,41.44127],[-81.38093,41.43878],[-81.38033,41.43834],[-81.38571,41.43426],[-81.38628,41.43469],[-81.3952,41.42785],[-81.39865,41.42568],[-81.39903,41.42601],[-81.42647,41.40386],[-81.43008,41.40171],[-81.44377,41.39466],[-81.45412,41.38847],[-81.45831,41.38627],[-81.48572,41.37043],[-81.48867,41.36907],[-81.48959,41.37019],[-81.50295,41.36206],[-81.50591,41.36085],[-81.50844,41.36019],[-81.51557,41.35525],[-81.5289,41.35038],[-81.53813,41.34549],[-81.53988,41.34508],[-81.54248,41.34372],[-81.54956,41.33867],[-81.55086,41.33824],[-81.55156,41.33769],[-81.56111,41.33354],[-81.57136,41.32662],[-81.57834,41.3239],[-81.5807,41.32258],[-81.58468,41.32143],[-81.60575,41.31321],[-81.60506,41.31221],[-81.60891,41.3107],[-81.61766,41.30856],[-81.63163,41.30311],[-81.63645,41.30178],[-81.63653,41.30195],[-81.65618,41.29435],[-81.73125,41.2835],[-81.73622,41.28333],[-81.76837,41.28789],[-81.78378,41.2835],[-81.81479,41.28322],[-81.83383,41.28118],[-81.85359,41.27985],[-81.888,41.27959],[-81.89215,41.27976],[-81.9166,41.28244],[-81.91668,41.28196],[-81.92067,41.28235],[-81.94961,41.28598],[-81.96912,41.28909],[-81.97542,41.29028],[-82.00485,41.29488],[-82.00527,41.29357],[-82.0094,41.29431],[-82.02238,41.29762],[-82.02612,41.2982],[-82.03414,41.29603],[-82.0532,41.28934],[-82.062,41.28693],[-82.06394,41.28595],[-82.06418,41.28622],[-82.06686,41.28485],[-82.07245,41.28084],[-82.07716,41.27843],[-82.08556,41.27493],[-82.08713,41.27409],[-82.09545,41.27042],[-82.09572,41.27028],[-82.09562,41.27014],[-82.09801,41.26911],[-82.10461,41.26575],[-82.10732,41.26459],[-82.10765,41.26504],[-82.12793,41.25609],[-82.13491,41.25366],[-82.13466,41.2533],[-82.1399,41.25123],[-82.14562,41.24921],[-82.14579,41.24949],[-82.19402,41.23523],[-82.20355,41.23327],[-82.24546,41.22731],[-82.25262,41.22673],[-82.27479,41.22561],[-82.27484,41.22667],[-82.28848,41.22655],[-82.29895,41.22227],[-82.29856,41.22177],[-82.30164,41.22042],[-82.31691,41.21485],[-82.32201,41.2122],[-82.32792,41.20963],[-82.35533,41.19924],[-82.36485,41.19613],[-82.39651,41.18832],[-82.3963,41.1878],[-82.39899,41.18717],[-82.40197,41.18697],[-82.41239,41.1844],[-82.41683,41.18364],[-82.41752,41.18594],[-82.43796,41.18458],[-82.48267,41.17702],[-82.48776,41.17697],[-82.52974,41.17904],[-82.54384,41.18057],[-82.56526,41.18446],[-82.56987,41.18507],[-82.57302,41.18587],[-82.59223,41.18935],[-82.60056,41.19149],[-82.60002,41.19269],[-82.63625,41.20183],[-82.64677,41.20569],[-82.6682,41.21449],[-82.67478,41.21749],[-82.69182,41.22333],[-82.69619,41.22527],[-82.70542,41.23043],[-82.71165,41.23281],[-82.7208,41.23552],[-82.72701,41.23836],[-82.72682,41.23859],[-82.74115,41.24404],[-82.74552,41.24621],[-82.76695,41.25806],[-82.77249,41.26145],[-82.78911,41.2725],[-82.79436,41.27629],[-82.80315,41.28322],[-82.83245,41.30347],[-82.84832,41.31559],[-82.85229,41.3189],[-82.85687,41.31827],[-82.85744,41.32067],[-82.8658,41.31905],[-82.86509,41.31644],[-82.8703,41.31564],[-82.89663,41.31311],[-82.898,41.31284],[-82.90005,41.31278],[-82.91071,41.3118],[-82.9942,41.3157],[-83.03854,41.32879],[-83.06259,41.33361],[-83.06532,41.33441],[-83.09943,41.34579],[-83.10242,41.34696],[-83.11517,41.35376],[-83.13089,41.35995],[-83.13941,41.36393],[-83.15654,41.37265],[-83.17315,41.3816],[-83.18898,41.39052],[-83.19562,41.39456],[-83.22373,41.4143],[-83.23407,41.4222],[-83.23666,41.42462],[-83.24944,41.42804],[-83.26733,41.4337],[-83.27061,41.43448],[-83.27677,41.43637],[-83.31949,41.44681],[-83.32282,41.44719],[-83.32641,41.44851],[-83.35902,41.45652],[-83.38018,41.46825],[-83.39609,41.47409],[-83.4078,41.48038],[-83.41357,41.4844],[-83.42061,41.48447],[-83.43102,41.48677],[-83.44654,41.48742],[-83.49031,41.49323],[-83.5076,41.49394],[-83.51654,41.49507],[-83.58163,41.5091],[-83.64006,41.53485],[-83.69905,41.58086],[-83.7354,41.63653],[-83.73649,41.63915],[-83.74861,41.69267],[-83.74875,41.69556],[-83.74385,41.72496],[-83.73499,41.72512],[-83.66179,41.72757],[-83.59696,41.7293],[-83.46007,41.73259],[-83.45138,41.73293],[-83.45158,41.7322],[-83.45331,41.73132],[-83.45402,41.72815],[-83.45594,41.72632],[-83.46007,41.726],[-83.46547,41.72349],[-83.4685,41.72126],[-83.47,41.71948],[-83.47082,41.71555],[-83.47223,41.7144],[-83.47333,41.70915],[-83.47492,41.70582],[-83.475,41.70294],[-83.47727,41.70285],[-83.47827,41.70217],[-83.47815,41.69927],[-83.47707,41.69665],[-83.47508,41.6955],[-83.47085,41.6956],[-83.46962,41.69487],[-83.46098,41.69373],[-83.45537,41.69535],[-83.45312,41.69558],[-83.45191,41.69694],[-83.4488,41.6971],[-83.44554,41.69933],[-83.44446,41.69867],[-83.44301,41.6963],[-83.43806,41.69335],[-83.43575,41.69174],[-83.43414,41.69118],[-83.42973,41.6905],[-83.42759,41.68976],[-83.41955,41.68934],[-83.4147,41.6893],[-83.41024,41.69037],[-83.40392,41.691],[-83.40111,41.6902],[-83.39759,41.69086],[-83.39524,41.69077],[-83.39082,41.68862],[-83.38019,41.68503],[-83.3732,41.68567],[-83.36195,41.68586],[-83.35247,41.68667],[-83.35089,41.68913],[-83.34783,41.68999],[-83.34417,41.69066],[-83.34234,41.69244],[-83.33835,41.69979],[-83.33809,41.70144],[-83.33918,41.70245],[-83.3406,41.70297],[-83.34286,41.70319],[-83.34304,41.70433],[-83.34209,41.7047],[-83.33994,41.70479],[-83.33798,41.70551],[-83.33566,41.70545],[-83.33244,41.70406],[-83.3253,41.69842],[-83.32388,41.69766],[-83.31944,41.69631],[-83.31433,41.69287],[-83.30772,41.68895],[-83.30554,41.68816],[-83.30457,41.68685],[-83.30449,41.68542],[-83.30547,41.6843],[-83.30847,41.68215],[-83.3102,41.68225],[-83.31279,41.68326],[-83.31545,41.68365],[-83.31744,41.68343],[-83.31914,41.68236],[-83.31944,41.68083],[-83.31888,41.67927],[-83.31738,41.67817],[-83.31577,41.67812],[-83.31105,41.68041],[-83.30939,41.68051],[-83.30789,41.6796],[-83.30736,41.67722],[-83.30583,41.67626],[-83.30252,41.67653],[-83.29963,41.67521],[-83.2947,41.67569],[-83.28934,41.67552],[-83.28773,41.67484],[-83.28628,41.67303],[-83.28518,41.67286],[-83.28297,41.67422],[-83.28147,41.67271],[-83.27768,41.67041],[-83.26662,41.6644],[-83.26298,41.66364],[-83.25943,41.66211],[-83.25464,41.65934],[-83.2506,41.65607],[-83.24641,41.6544],[-83.24326,41.6522],[-83.23774,41.64926],[-83.23708,41.64802],[-83.2334,41.64533],[-83.22959,41.64178],[-83.22953,41.64086],[-83.23136,41.64013],[-83.23471,41.64465],[-83.23657,41.64615],[-83.24054,41.64739],[-83.24382,41.64664],[-83.24578,41.64567],[-83.24691,41.64419],[-83.24604,41.64283],[-83.24508,41.64228],[-83.24331,41.6421],[-83.24222,41.64079],[-83.24118,41.64079],[-83.23927,41.64168],[-83.23803,41.64143],[-83.23748,41.6402],[-83.23605,41.64014],[-83.23552,41.63924],[-83.23583,41.63816],[-83.23528,41.63682],[-83.23217,41.63645],[-83.22438,41.63693],[-83.22019,41.63699],[-83.21726,41.63673],[-83.21607,41.63832],[-83.21214,41.6364],[-83.19808,41.63135],[-83.19567,41.63024],[-83.18897,41.62784],[-83.17841,41.6255],[-83.17501,41.62431],[-83.17147,41.62369],[-83.1668,41.62246],[-83.16285,41.62076],[-83.15665,41.61854],[-83.14529,41.61541],[-83.13586,41.61404],[-83.13163,41.61365],[-83.13024,41.61392],[-83.12939,41.61514],[-83.1275,41.61496],[-83.12594,41.61403],[-83.11838,41.61243],[-83.11153,41.61211],[-83.10839,41.61236],[-83.10697,41.6117],[-83.10208,41.61096],[-83.10017,41.61021],[-83.09786,41.60854],[-83.09221,41.60721],[-83.08966,41.60697],[-83.08528,41.60452],[-83.0825,41.60371],[-83.07985,41.6033],[-83.07777,41.60198],[-83.07672,41.60025],[-83.07731,41.59903],[-83.08005,41.5968],[-83.08359,41.59539],[-83.08489,41.59412],[-83.08463,41.59327],[-83.08349,41.59285],[-83.08003,41.59467],[-83.07716,41.5968],[-83.07501,41.59892],[-83.0735,41.59938],[-83.0717,41.59857],[-83.06977,41.59693],[-83.06803,41.59615],[-83.06584,41.59346],[-83.06447,41.59115],[-83.06311,41.58966],[-83.06153,41.58682],[-83.0616,41.58575],[-83.05982,41.58371],[-83.05795,41.58203],[-83.0564,41.58019],[-83.05451,41.57874],[-83.05141,41.57524],[-83.04951,41.57358],[-83.04842,41.57162],[-83.04418,41.56783],[-83.04021,41.5633],[-83.03527,41.55946],[-83.03175,41.55698],[-83.02594,41.55227],[-83.0193,41.54822],[-82.99702,41.53621],[-82.98848,41.53222],[-82.98421,41.53083],[-82.98056,41.52884],[-82.97768,41.52682],[-82.97469,41.52564],[-82.97051,41.52455],[-82.96803,41.52361],[-82.96529,41.52281],[-82.95613,41.52175],[-82.94732,41.51968],[-82.9438,41.51808],[-82.94008,41.51723],[-82.94045,41.80017],[-82.90483,41.78297],[-82.90068,41.78155],[-82.77359,41.72055],[-82.74453,41.70641],[-82.68146,41.67637],[-82.67374,41.67635],[-82.67393,41.4748],[-82.67088,41.47194],[-82.66265,41.46359],[-82.65712,41.45853],[-82.63555,41.44201],[-82.6313,41.43841],[-82.62794,41.43651],[-82.62037,41.43335],[-82.61703,41.43102],[-82.61284,41.42692],[-82.60799,41.42273],[-82.60273,41.41893],[-82.59718,41.41553],[-82.5928,41.41334],[-82.58749,41.41187],[-82.58127,41.40903],[-82.57412,41.40791],[-82.56789,41.4051],[-82.56564,41.40373],[-82.56377,41.403],[-82.55958,41.40009],[-82.5552,41.39814],[-82.55152,41.39722],[-82.54893,41.39795],[-82.54735,41.39702],[-82.54542,41.39532],[-82.53956,41.39296],[-82.52893,41.3881],[-82.51839,41.38423],[-82.51379,41.38355],[-82.50544,41.38141],[-82.4913,41.37987],[-82.48619,41.37992],[-82.4824,41.38122],[-82.48041,41.38124],[-82.47903,41.3809],[-82.47633,41.38153],[-82.47188,41.38229],[-82.46234,41.38541],[-82.45642,41.38799],[-82.45395,41.38952],[-82.44574,41.39254],[-82.44298,41.39397],[-82.43748,41.39559],[-82.4344,41.39695],[-82.43016,41.39837],[-82.42714,41.40058],[-82.42221,41.40233],[-82.41877,41.40394],[-82.41682,41.40508],[-82.41258,41.40645],[-82.40899,41.40901],[-82.40656,41.41028],[-82.40234,41.41137],[-82.40016,41.41269],[-82.39609,41.41429],[-82.39295,41.41617],[-82.38686,41.41805],[-82.38204,41.41856],[-82.37658,41.42002],[-82.37243,41.42139],[-82.37023,41.42382],[-82.36818,41.42456],[-82.36562,41.4239],[-82.36319,41.4259],[-82.35662,41.42681],[-82.35177,41.42709],[-82.34591,41.42976],[-82.34269,41.42955],[-82.33687,41.42989],[-82.33446,41.43038],[-82.32774,41.42962],[-82.32504,41.42915],[-82.31827,41.42976],[-82.31294,41.4294],[-82.31047,41.42944],[-82.30922,41.42906],[-82.29319,41.42835],[-82.29054,41.4284],[-82.28874,41.42797],[-82.28456,41.4284],[-82.28326,41.42886],[-82.28148,41.42848],[-82.2743,41.42906],[-82.26474,41.43103],[-82.26175,41.43239],[-82.25949,41.4331],[-82.25722,41.43428],[-82.25553,41.43449],[-82.25507,41.43624],[-82.25388,41.43671],[-82.25405,41.43808],[-82.25181,41.43711],[-82.24962,41.4372],[-82.2431,41.43952],[-82.24,41.44118],[-82.23729,41.44234],[-82.23451,41.44401],[-82.23213,41.44507],[-82.22861,41.44624],[-82.22389,41.44866],[-82.22273,41.44982],[-82.2188,41.45148],[-82.21361,41.45468],[-82.21129,41.45584],[-82.20973,41.45721],[-82.20125,41.46095],[-82.19986,41.46127],[-82.19902,41.46225],[-82.19558,41.46365],[-82.19358,41.46488],[-82.19214,41.46551],[-82.18999,41.46691],[-82.18828,41.46756],[-82.18522,41.47035],[-82.18387,41.47018],[-82.17872,41.47121],[-82.16966,41.47367],[-82.16415,41.47485],[-82.16178,41.47572],[-82.15494,41.47726],[-82.15148,41.47829],[-82.14672,41.48024],[-82.14376,41.48099],[-82.13985,41.48263],[-82.13827,41.4831],[-82.13716,41.48383],[-82.12676,41.48636],[-82.12208,41.48799],[-82.12004,41.48845],[-82.11712,41.48966],[-82.11182,41.491],[-82.10787,41.49155],[-82.1066,41.49207],[-82.10437,41.4924],[-82.10065,41.49365],[-82.09551,41.49484],[-82.0909,41.49554],[-82.08781,41.49639],[-82.08358,41.49806],[-82.08034,41.49842],[-82.07763,41.49916],[-82.0727,41.49979],[-82.07046,41.50072],[-82.06765,41.5009],[-82.06397,41.50196],[-82.05852,41.50291],[-82.0574,41.50353],[-82.05538,41.5037],[-82.0535,41.50454],[-82.04717,41.50576],[-82.04041,41.50817],[-82.03699,41.50823],[-82.03458,41.50942],[-82.03163,41.51047],[-82.02707,41.51129],[-82.02479,41.512],[-82.02162,41.51227],[-82.01497,41.51384],[-82.01318,41.51353],[-82.01011,41.51383],[-82.00691,41.51299],[-82.00511,41.51335],[-82.00347,41.51276],[-81.99485,41.51286],[-81.99249,41.51157],[-81.98937,41.51162],[-81.98514,41.51088],[-81.9824,41.50852],[-81.97515,41.50634],[-81.97122,41.50403],[-81.96836,41.50341],[-81.96298,41.50004],[-81.95581,41.49608],[-81.9538,41.49459],[-81.95013,41.49279],[-81.94689,41.49171],[-81.94274,41.49097],[-81.93595,41.48908],[-81.91935,41.48855],[-81.91335,41.48777],[-81.9037,41.48595],[-81.88624,41.48362],[-81.88223,41.48323],[-81.87763,41.4824],[-81.87347,41.48223],[-81.8677,41.48255],[-81.86219,41.48299],[-81.85456,41.48389],[-81.84712,41.48539],[-81.84364,41.48685],[-81.84127,41.48873],[-81.8401,41.48856],[-81.83787,41.48742],[-81.83616,41.48388],[-81.83385,41.4829],[-81.83253,41.48412],[-81.83327,41.48583],[-81.83513,41.48748],[-81.83555,41.48914],[-81.83385,41.49007],[-81.82909,41.4908],[-81.82488,41.49251],[-81.82142,41.49308],[-81.81861,41.4941],[-81.81629,41.49469],[-81.80976,41.49464],[-81.80581,41.49499],[-81.80467,41.49558],[-81.80298,41.49535],[-81.80122,41.49696],[-81.79849,41.49687],[-81.79765,41.49538],[-81.79426,41.49468],[-81.78825,41.49472],[-81.78445,41.49434],[-81.77918,41.49197],[-81.77213,41.49149],[-81.76846,41.49061],[-81.76674,41.49046],[-81.76503,41.48931],[-81.7593,41.48864],[-81.75416,41.48778],[-81.74896,41.48604],[-81.74398,41.48622],[-81.74111,41.48775],[-81.74056,41.48983],[-81.7358,41.49182],[-81.73489,41.49177],[-81.73327,41.49075],[-81.7294,41.49226],[-81.72892,41.49401],[-81.72776,41.49385],[-81.72673,41.49312],[-81.72457,41.4936],[-81.72177,41.49604],[-81.71857,41.497],[-81.71781,41.4987],[-81.71529,41.49953],[-81.71083,41.50031],[-81.7102,41.50115],[-81.71109,41.5029],[-81.70924,41.5034],[-81.70761,41.50475],[-81.70588,41.50545],[-81.70357,41.50491],[-81.70383,41.50696],[-81.70277,41.5081],[-81.70055,41.5082],[-81.69863,41.50777],[-81.69803,41.50838],[-81.69903,41.50954],[-81.69881,41.51056],[-81.69691,41.50979],[-81.69559,41.50976],[-81.69401,41.5088],[-81.69304,41.50916],[-81.6934,41.51074],[-81.69587,41.51364],[-81.69528,41.51457],[-81.69262,41.51519],[-81.6888,41.5167],[-81.68015,41.5208],[-81.67943,41.52227],[-81.67795,41.52307],[-81.67752,41.52464],[-81.67615,41.52558],[-81.67275,41.52715],[-81.67114,41.527],[-81.67041,41.52641],[-81.66914,41.52337],[-81.66712,41.52366],[-81.66616,41.52495],[-81.66519,41.5253],[-81.66328,41.52506],[-81.6625,41.52544],[-81.6618,41.527],[-81.65951,41.52774],[-81.65743,41.52749],[-81.65683,41.52897],[-81.65578,41.52983],[-81.65565,41.53129],[-81.65284,41.53312],[-81.65078,41.53416],[-81.64833,41.53333],[-81.64694,41.5345],[-81.64667,41.53589],[-81.64537,41.53626],[-81.64372,41.53575],[-81.64226,41.5368],[-81.64132,41.53826],[-81.63755,41.54011],[-81.63501,41.53903],[-81.63204,41.54025],[-81.63027,41.5418],[-81.62732,41.54317],[-81.62242,41.54666],[-81.61836,41.54851],[-81.61484,41.55157],[-81.61112,41.55376],[-81.60885,41.55473],[-81.60427,41.55783],[-81.59783,41.56068],[-81.59422,41.56284],[-81.59182,41.56548],[-81.59099,41.56689],[-81.59046,41.56917],[-81.58858,41.57017],[-81.58721,41.57147],[-81.58649,41.5726],[-81.58358,41.57166],[-81.58269,41.57214],[-81.5819,41.57324],[-81.57748,41.5771],[-81.5721,41.58119],[-81.56864,41.58337],[-81.55992,41.59178],[-81.54739,41.60207],[-81.53418,41.61097],[-81.52822,41.61424],[-81.52439,41.61561],[-81.51694,41.61722],[-81.51291,41.61864],[-81.50653,41.62153],[-81.50351,41.62267],[-81.49613,41.62626],[-81.48673,41.63159],[-81.48157,41.63577],[-81.4764,41.64032],[-81.47089,41.64477],[-81.46627,41.64935],[-81.46142,41.65524],[-81.45891,41.65778],[-81.45596,41.65989],[-81.45175,41.66396],[-81.44859,41.6664],[-81.44242,41.67202],[-81.43867,41.67594],[-81.43547,41.67737],[-81.43215,41.67962],[-81.42228,41.6847],[-81.41848,41.68727],[-81.40889,41.69439],[-81.40403,41.69687],[-81.40081,41.69944],[-81.39799,41.70212],[-81.38951,41.70826],[-81.37893,41.71408],[-81.37251,41.71794],[-81.36785,41.72001],[-81.35985,41.72261],[-81.35702,41.72321],[-81.35277,41.72588],[-81.35193,41.72483],[-81.3508,41.72442],[-81.34851,41.72178],[-81.34599,41.72031],[-81.34266,41.72037],[-81.34055,41.72131],[-81.339,41.72279],[-81.33849,41.72463],[-81.33948,41.72599],[-81.34166,41.72685],[-81.3437,41.72702],[-81.34779,41.72634],[-81.35016,41.72556],[-81.35114,41.72601],[-81.35075,41.72713],[-81.34211,41.73154],[-81.33673,41.73361],[-81.33568,41.73449],[-81.33329,41.73548],[-81.33071,41.7376],[-81.32642,41.7392],[-81.32386,41.7408],[-81.31855,41.74372],[-81.3116,41.74688],[-81.30781,41.74746],[-81.30543,41.74841],[-81.29657,41.75358],[-81.2914,41.7574],[-81.28758,41.7609],[-81.28559,41.76185],[-81.28438,41.76143],[-81.28277,41.75925],[-81.28346,41.75714],[-81.28283,41.75211],[-81.28305,41.7495],[-81.28577,41.74556],[-81.28376,41.74448],[-81.28223,41.74858],[-81.28114,41.75029],[-81.28118,41.75287],[-81.28155,41.75594],[-81.28118,41.75832],[-81.27092,41.75798],[-81.26576,41.75681],[-81.26221,41.75789],[-81.25676,41.75825],[-81.24965,41.76055],[-81.24626,41.76135],[-81.2429,41.76167],[-81.23924,41.76288],[-81.23715,41.7638],[-81.22821,41.76698],[-81.22612,41.7679],[-81.22449,41.76895],[-81.22202,41.76948],[-81.22003,41.77065],[-81.21627,41.77145],[-81.21257,41.77321],[-81.21017,41.77467],[-81.20709,41.77601],[-81.20405,41.77782],[-81.1878,41.78584],[-81.18135,41.78779],[-81.17688,41.78951],[-81.17316,41.79132],[-81.16767,41.79495],[-81.16346,41.79657],[-81.15943,41.79768],[-81.14339,41.80411],[-81.13941,41.8061],[-81.134,41.80788],[-81.12977,41.80952],[-81.11763,41.81333],[-81.11323,41.81541],[-81.10687,41.81746],[-81.10501,41.81843],[-81.09793,41.82064],[-81.09125,41.82208],[-81.08328,41.82437],[-81.07782,41.82644],[-81.07012,41.8301],[-81.06332,41.83143],[-81.05893,41.83297],[-81.05105,41.83628],[-81.04818,41.83837],[-81.04514,41.83928],[-81.04063,41.84014],[-81.03536,41.84168],[-81.02711,41.84349],[-81.0235,41.84512],[-81.0163,41.84733],[-81.00981,41.85006],[-81.00531,41.85245],[-81.00098,41.85387],[-80.99721,41.85444],[-80.99258,41.85462],[-80.98838,41.85599],[-80.98345,41.85641],[-80.97564,41.85839],[-80.97109,41.85885],[-80.9627,41.85912],[-80.95885,41.86008],[-80.95608,41.86144],[-80.95317,41.86191],[-80.94518,41.86168],[-80.94009,41.86249],[-80.93395,41.86374],[-80.93193,41.86445],[-80.926,41.86472],[-80.91799,41.86574],[-80.9085,41.86757],[-80.90033,41.8699],[-80.89714,41.87138],[-80.89128,41.87288],[-80.88795,41.87441],[-80.88356,41.8754],[-80.88128,41.87644],[-80.87823,41.87748],[-80.86122,41.8821],[-80.85828,41.88333],[-80.85361,41.88445],[-80.85174,41.88534],[-80.84941,41.88737],[-80.84719,41.88846],[-80.83964,41.89058],[-80.83518,41.89091],[-80.82861,41.89288],[-80.82533,41.89301],[-80.81899,41.89612],[-80.8106,41.89926],[-80.80858,41.9016],[-80.80535,41.90593],[-80.8041,41.90565],[-80.80372,41.90488],[-80.80492,41.90262],[-80.80419,41.9023],[-80.80317,41.90328],[-80.80115,41.90777],[-80.79995,41.90822],[-80.7992,41.90731],[-80.79771,41.90738],[-80.79666,41.90924],[-80.79526,41.90941],[-80.79502,41.90633],[-80.79416,41.90561],[-80.79377,41.90765],[-80.79223,41.90884],[-80.79061,41.9083],[-80.78996,41.90527],[-80.78822,41.90569],[-80.78755,41.90974],[-80.78599,41.9103],[-80.7846,41.90998],[-80.78305,41.90599],[-80.77732,41.90702],[-80.77268,41.90847],[-80.76664,41.90923],[-80.76173,41.91017],[-80.75734,41.9124],[-80.75497,41.91405],[-80.75209,41.91515],[-80.74894,41.9157],[-80.73733,41.9162],[-80.73066,41.91702],[-80.72299,41.91862],[-80.71465,41.92125],[-80.71165,41.92161],[-80.70743,41.92312],[-80.70367,41.92418],[-80.7011,41.92509],[-80.69855,41.92511],[-80.69283,41.92615],[-80.68726,41.92853],[-80.6793,41.9311],[-80.6728,41.93245],[-80.66563,41.93525],[-80.65956,41.93719],[-80.65343,41.94002],[-80.64973,41.94063],[-80.64588,41.94186],[-80.63562,41.9426],[-80.62973,41.94337],[-80.61994,41.94636],[-80.61695,41.9471],[-80.61371,41.94824],[-80.60409,41.95064],[-80.5943,41.95431],[-80.58717,41.95578],[-80.58351,41.9563],[-80.57267,41.9595],[-80.56496,41.96378],[-80.563,41.96465],[-80.55938,41.96424],[-80.55746,41.96499],[-80.55816,41.96655],[-80.55698,41.96746],[-80.5555,41.96733],[-80.5552,41.97051],[-80.5536,41.96909],[-80.55295,41.97168],[-80.55162,41.97145],[-80.55058,41.9682],[-80.54269,41.97035],[-80.54035,41.97112],[-80.53227,41.97279],[-80.52933,41.9738],[-80.52653,41.97445],[-80.52345,41.97588],[-80.51618,41.97788],[-80.51157,41.98032],[-80.50919,41.9811],[-80.5056,41.98202],[-80.50184,41.98374],[-80.49942,41.98432],[-80.49255,41.98755],[-80.48171,41.98904],[-80.47943,41.98997],[-80.47648,41.99159],[-80.46923,41.99275],[-80.46371,41.99456],[-80.45853,41.99545],[-80.45473,41.99694],[-80.45173,41.9986],[-80.45012,42.00048],[-80.448,42.00152],[-80.44108,42.00383],[-80.4377,42.0055],[-80.43546,42.00567],[-80.43114,42.00723],[-80.42702,42.00811],[-80.42498,42.00907],[-80.41909,42.01085],[-80.41476,42.01148],[-80.40912,42.01266],[-80.40452,42.01313],[-80.40052,42.01442],[-80.39887,42.01513],[-80.3969,42.01554],[-80.39238,42.0172],[-80.37968,42.02132],[-80.3734,42.024],[-80.37153,42.02399],[-80.36966,42.02524],[-80.36396,42.02757],[-80.35951,42.02864],[-80.35738,42.02862],[-80.35562,42.02931],[-80.35143,42.02968],[-80.34927,42.0304],[-80.34743,42.03075],[-80.34544,42.03171],[-80.34035,42.03303],[-80.33553,42.03496],[-80.33134,42.03559],[-80.32568,42.03821],[-80.32342,42.03888],[-80.32048,42.04061],[-80.31755,42.04129],[-80.31363,42.0434],[-80.30736,42.04592],[-80.30402,42.04667],[-80.29995,42.04844],[-80.29786,42.04908],[-80.29458,42.05099],[-80.27449,42.0585],[-80.26817,42.06031],[-80.26281,42.06377],[-80.25256,42.06928],[-80.2482,42.07046],[-80.24259,42.07375],[-80.23658,42.07794],[-80.23285,42.07729],[-80.22976,42.07789],[-80.22709,42.07946],[-80.22402,42.07994],[-80.22145,42.08104],[-80.21728,42.08211],[-80.21359,42.08355],[-80.21009,42.0854],[-80.20778,42.08698],[-80.20488,42.08837],[-80.19933,42.08963],[-80.19714,42.08994],[-80.1945,42.09182],[-80.18777,42.0944],[-80.18233,42.09707],[-80.18083,42.09836],[-80.17904,42.0992],[-80.17588,42.10115],[-80.17106,42.10358],[-80.16684,42.10543],[-80.16312,42.10773],[-80.16123,42.10927],[-80.15879,42.11],[-80.15715,42.11195],[-80.15493,42.11677],[-80.15319,42.12009],[-80.15003,42.12767],[-80.14743,42.13264],[-80.14543,42.13531],[-80.14078,42.14234],[-80.13826,42.14398],[-80.13743,42.14783],[-80.13311,42.15303],[-80.13125,42.15583],[-80.12823,42.1573],[-80.12481,42.15952],[-80.12128,42.16234],[-80.11885,42.16472],[-80.11793,42.16662],[-80.11366,42.16657],[-80.11279,42.16749],[-80.1104,42.16746],[-80.10941,42.16814],[-80.10663,42.16887],[-80.10458,42.16875],[-80.09923,42.17063],[-80.09518,42.17169],[-80.09226,42.17273],[-80.08794,42.17388],[-80.08174,42.17438],[-80.07632,42.17358],[-80.07431,42.1726],[-80.07217,42.171],[-80.07217,42.17026],[-80.07501,42.17072],[-80.07402,42.16656],[-80.07384,42.16231],[-80.07464,42.16157],[-80.07694,42.16213],[-80.07541,42.16301],[-80.07531,42.1642],[-80.07653,42.16661],[-80.07987,42.16439],[-80.07813,42.16677],[-80.07889,42.16736],[-80.07726,42.16959],[-80.07793,42.1707],[-80.07881,42.17057],[-80.07982,42.16761],[-80.08085,42.16951],[-80.08483,42.17064],[-80.08557,42.16969],[-80.08214,42.16553],[-80.08201,42.16404],[-80.08012,42.16233],[-80.07799,42.15908],[-80.07337,42.15607],[-80.07272,42.15512],[-80.08025,42.15217],[-80.0831,42.15564],[-80.0828,42.15651],[-80.07979,42.15383],[-80.07857,42.15407],[-80.07859,42.15563],[-80.08023,42.15877],[-80.08157,42.15906],[-80.08408,42.15689],[-80.08543,42.15725],[-80.08483,42.15836],[-80.0865,42.15878],[-80.08796,42.16027],[-80.08941,42.16051],[-80.09107,42.15993],[-80.0931,42.15718],[-80.09151,42.15426],[-80.08932,42.15432],[-80.08941,42.15333],[-80.09381,42.15321],[-80.09779,42.15235],[-80.10071,42.1526],[-80.10603,42.1517],[-80.10995,42.15188],[-80.11269,42.15328],[-80.11502,42.15397],[-80.1182,42.15578],[-80.11944,42.15704],[-80.12289,42.15687],[-80.12529,42.15582],[-80.12695,42.15415],[-80.12653,42.1534],[-80.12309,42.15396],[-80.12018,42.15386],[-80.11824,42.15425],[-80.11384,42.15276],[-80.11307,42.15206],[-80.11743,42.15137],[-80.12055,42.15166],[-80.12757,42.15047],[-80.13007,42.14876],[-80.13183,42.14503],[-80.13447,42.14202],[-80.13636,42.14082],[-80.14228,42.13363],[-80.14349,42.13072],[-80.14189,42.12896],[-80.14184,42.12778],[-80.14633,42.12574],[-80.14906,42.11974],[-80.15043,42.11452],[-80.15215,42.11267],[-80.15158,42.11214],[-80.14518,42.11427],[-80.14339,42.11456],[-80.14015,42.1161],[-80.1384,42.11639],[-80.13653,42.11722],[-80.13296,42.11838],[-80.13039,42.11988],[-80.12486,42.12206],[-80.12132,42.12305],[-80.11857,42.12432],[-80.11427,42.12575],[-80.11336,42.12663],[-80.1127,42.12806],[-80.11333,42.12923],[-80.1125,42.12951],[-80.1106,42.12743],[-80.11032,42.12808],[-80.11065,42.13003],[-80.10964,42.13029],[-80.10895,42.12783],[-80.1075,42.12851],[-80.10864,42.13086],[-80.1073,42.1311],[-80.10606,42.12945],[-80.09846,42.1312],[-80.0984,42.1334],[-80.09764,42.13371],[-80.09547,42.13371],[-80.09601,42.13538],[-80.09491,42.13598],[-80.09485,42.13685],[-80.0938,42.13705],[-80.09217,42.13526],[-80.09025,42.13543],[-80.08758,42.13742],[-80.088,42.13887],[-80.08718,42.13973],[-80.08556,42.13742],[-80.085,42.13791],[-80.08611,42.14001],[-80.08527,42.14025],[-80.08379,42.13808],[-80.08217,42.13874],[-80.084,42.1419],[-80.08326,42.14263],[-80.08126,42.14282],[-80.08038,42.14156],[-80.07908,42.13825],[-80.07748,42.13863],[-80.07858,42.14037],[-80.07956,42.14352],[-80.08238,42.14478],[-80.08661,42.14542],[-80.08512,42.14755],[-80.07938,42.15103],[-80.07577,42.14646],[-80.07342,42.1463],[-80.07193,42.14512],[-80.06375,42.14432],[-80.06016,42.14504],[-80.05257,42.14865],[-80.04849,42.15006],[-80.04656,42.15112],[-80.04504,42.1526],[-80.04182,42.15306],[-80.04013,42.15392],[-80.03788,42.15453],[-80.03208,42.15789],[-80.03041,42.1596],[-80.02754,42.15973],[-80.02294,42.16212],[-80.02126,42.16322],[-80.01929,42.16396],[-80.01769,42.16549],[-80.01545,42.1659],[-80.01326,42.16555],[-80.00807,42.16899],[-80.00032,42.17172],[-79.99969,42.17293],[-79.98939,42.17795],[-79.98626,42.18091],[-79.98055,42.18353],[-79.97629,42.18529],[-79.9728,42.18697],[-79.968,42.18857],[-79.96493,42.19015],[-79.96352,42.19171],[-79.95946,42.19262],[-79.95633,42.19397],[-79.95253,42.19623],[-79.95052,42.19776],[-79.9454,42.20116],[-79.93723,42.20383],[-79.93358,42.20579],[-79.93001,42.20833],[-79.92484,42.20833],[-79.92266,42.2091],[-79.91909,42.21144],[-79.91642,42.2116],[-79.91494,42.2124],[-79.91286,42.21249],[-79.90963,42.2147],[-79.90612,42.21643],[-79.90228,42.21656],[-79.89726,42.2193],[-79.89479,42.22027],[-79.88992,42.22328],[-79.87701,42.23031],[-79.8742,42.23198],[-79.872,42.23234],[-79.86968,42.23213],[-79.86838,42.23162],[-79.86465,42.23292],[-79.86057,42.2337],[-79.85848,42.23352],[-79.85453,42.23503],[-79.85049,42.23584],[-79.84499,42.23623],[-79.83856,42.23916],[-79.83558,42.24082],[-79.83183,42.24329],[-79.82558,42.24406],[-79.82403,42.24468],[-79.82116,42.24519],[-79.81552,42.24745],[-79.81239,42.24997],[-79.80825,42.25127],[-79.80446,42.25331],[-79.80064,42.25584],[-79.79656,42.25645],[-79.78034,42.26536],[-79.77777,42.2659],[-79.77439,42.26504],[-79.76581,42.26825],[-79.76097,42.27044],[-79.75439,42.27229],[-79.74711,42.27469],[-79.74416,42.27602],[-79.74249,42.27637],[-79.74101,42.27615],[-79.73649,42.27785],[-79.73273,42.27954],[-79.72063,42.28332],[-79.71067,42.28776],[-79.70807,42.28837],[-79.70622,42.28948],[-79.70413,42.29004],[-79.70163,42.29164],[-79.69812,42.29192],[-79.69093,42.29528],[-79.68934,42.29548],[-79.68679,42.29715],[-79.68466,42.29746],[-79.68353,42.2986],[-79.68062,42.29887],[-79.67826,42.30112],[-79.67294,42.30249],[-79.67083,42.30501],[-79.66942,42.30578],[-79.66761,42.30619],[-79.66656,42.30705],[-79.66377,42.30714],[-79.65977,42.30982],[-79.65708,42.31018],[-79.65488,42.31174],[-79.65312,42.31355],[-79.64976,42.31371],[-79.64708,42.31514],[-79.64445,42.31631],[-79.64077,42.31839],[-79.63816,42.3187],[-79.63344,42.32138],[-79.63169,42.32335],[-79.629,42.32347],[-79.62264,42.32874],[-79.61983,42.32931],[-79.61753,42.33095],[-79.61447,42.33173],[-79.60832,42.33657],[-79.6072,42.33792],[-79.60651,42.33937],[-79.6053,42.34008],[-79.60215,42.3405],[-79.59839,42.34321],[-79.59592,42.34417],[-79.59477,42.34258],[-79.58877,42.34402],[-79.58589,42.34551],[-79.58431,42.34592],[-79.57708,42.34917],[-79.57467,42.34987],[-79.57201,42.35132],[-79.56848,42.35213],[-79.56635,42.3531],[-79.56131,42.35736],[-79.55634,42.36],[-79.55368,42.36198],[-79.5511,42.36313],[-79.54574,42.36394],[-79.5411,42.36677],[-79.53862,42.36931],[-79.53446,42.37034],[-79.53084,42.37189],[-79.52633,42.37438],[-79.52153,42.37667],[-79.51673,42.38008],[-79.51066,42.38289],[-79.50633,42.38562],[-79.50364,42.38692],[-79.49586,42.39224],[-79.49355,42.39474],[-79.48839,42.39684],[-79.4863,42.39795],[-79.48157,42.40152],[-79.47649,42.40482],[-79.47341,42.40597],[-79.47015,42.40641],[-79.46751,42.40738],[-79.46135,42.40845],[-79.45476,42.41115],[-79.45181,42.41278],[-79.45018,42.41487],[-79.44484,42.41895],[-79.44223,42.42116],[-79.43972,42.42305],[-79.4373,42.42404],[-79.43636,42.42484],[-79.43546,42.42664],[-79.433,42.4273],[-79.43018,42.42921],[-79.42766,42.43174],[-79.42533,42.43535],[-79.42263,42.44387],[-79.42153,42.44647],[-79.41949,42.45319],[-79.41738,42.45514],[-79.41591,42.45517],[-79.41435,42.45326],[-79.41306,42.45268],[-79.40784,42.45349],[-79.4038,42.45524],[-79.39934,42.45885],[-79.39398,42.46195],[-79.39256,42.46368],[-79.39076,42.46443],[-79.38682,42.46472],[-79.37688,42.47123],[-79.37461,42.47379],[-79.37224,42.47471],[-79.36924,42.47754],[-79.36407,42.47968],[-79.36196,42.4812],[-79.36105,42.48263],[-79.36027,42.48595],[-79.35811,42.49006],[-79.35512,42.49459],[-79.35385,42.49496],[-79.35196,42.49248],[-79.34931,42.49157],[-79.3469,42.4923],[-79.345,42.49137],[-79.34547,42.48912],[-79.34446,42.48838],[-79.34043,42.48932],[-79.33805,42.48863],[-79.3364,42.48927],[-79.33284,42.48936],[-79.32863,42.49152],[-79.3243,42.49465],[-79.32269,42.49662],[-79.32114,42.49713],[-79.32011,42.4983],[-79.32037,42.49945],[-79.32142,42.50049],[-79.32116,42.50215],[-79.31904,42.50329],[-79.31413,42.50427],[-79.31277,42.50509],[-79.3108,42.50451],[-79.3086,42.50543],[-79.30737,42.50515],[-79.30567,42.50622],[-79.30271,42.5068],[-79.30011,42.507],[-79.29826,42.50888],[-79.29599,42.50978],[-79.29151,42.51044],[-79.28976,42.51145],[-79.28774,42.51175],[-79.28403,42.51127],[-79.28109,42.51191],[-79.27759,42.514],[-79.27428,42.51855],[-79.26656,42.52355],[-79.26437,42.52424],[-79.26114,42.52471],[-79.25904,42.52654],[-79.2556,42.52792],[-79.25364,42.52965],[-79.25253,42.53146],[-79.24717,42.53336],[-79.24554,42.53339],[-79.24372,42.5321],[-79.24138,42.53183],[-79.23876,42.53284],[-79.23552,42.5373],[-79.23339,42.53843],[-79.2307,42.53852],[-79.22896,42.53647],[-79.22727,42.53609],[-79.22524,42.53649],[-79.22308,42.53764],[-79.22018,42.53874],[-79.21766,42.53991],[-79.21422,42.54097],[-79.21191,42.54134],[-79.21052,42.54102],[-79.20826,42.54237],[-79.20645,42.54213],[-79.20455,42.54275],[-79.20162,42.54481],[-79.19851,42.54596],[-79.19328,42.54596],[-79.19165,42.54553],[-79.1901,42.54646],[-79.18725,42.54695],[-79.18458,42.54947],[-79.18095,42.55154],[-79.17823,42.55201],[-79.17738,42.55169],[-79.17676,42.5501],[-79.17257,42.54988],[-79.17115,42.55049],[-79.16841,42.55102],[-79.1654,42.55313],[-79.1621,42.55395],[-79.15919,42.55391],[-79.15438,42.55316],[-79.15154,42.55359],[-79.14775,42.55593],[-79.14464,42.55899],[-79.14278,42.56169],[-79.14034,42.56417],[-79.13927,42.56587],[-79.13853,42.56776],[-79.13796,42.57296],[-79.13701,42.57393],[-79.13584,42.57809],[-79.13429,42.5814],[-79.13342,42.58421],[-79.13212,42.58568],[-79.13175,42.59043],[-79.13064,42.59151],[-79.12752,42.59163],[-79.1249,42.59333],[-79.12372,42.59447],[-79.12103,42.6016],[-79.12,42.60299],[-79.11693,42.6043],[-79.11456,42.60645],[-79.11328,42.60865],[-79.11146,42.61369],[-79.11003,42.61538],[-79.1074,42.61675],[-79.10373,42.62001],[-79.09923,42.62192],[-79.09803,42.62295],[-79.09689,42.62565],[-79.09575,42.62729],[-79.09471,42.62957],[-79.09351,42.63092],[-79.0907,42.63039],[-79.08868,42.63089],[-79.08548,42.63264],[-79.0813,42.6395],[-79.07952,42.6407],[-79.07781,42.64114],[-79.07474,42.64071],[-79.07142,42.64132],[-79.06791,42.64263],[-79.06537,42.64474],[-79.06479,42.64703],[-79.0641,42.65569],[-79.06516,42.66485],[-79.06381,42.66568],[-79.06408,42.66802],[-79.06194,42.67102],[-79.05839,42.67347],[-79.0549,42.67651],[-79.05372,42.67854],[-79.05346,42.68165],[-79.0494,42.69089],[-79.04835,42.69171],[-79.04508,42.69172],[-79.04068,42.69409],[-79.0364,42.69605],[-79.02693,42.69697],[-79.02437,42.6981],[-79.01983,42.70153],[-79.01835,42.70178],[-79.0166,42.70085],[-79.01552,42.70101],[-79.01238,42.70245],[-79.00805,42.70404],[-79.00459,42.70468],[-78.999,42.70461],[-78.99381,42.70574],[-78.98692,42.70811],[-78.98347,42.70985],[-78.97357,42.71586],[-78.97101,42.71816],[-78.97059,42.72057],[-78.96923,42.72131],[-78.96666,42.72174],[-78.96521,42.72256],[-78.96362,42.72196],[-78.96133,42.72272],[-78.95828,42.72491],[-78.95249,42.72789],[-78.9482,42.73125],[-78.94628,42.73207],[-78.94132,42.7319],[-78.92647,42.73576],[-78.91839,42.73743],[-78.91366,42.74187],[-78.90826,42.74664],[-78.90636,42.74778],[-78.90307,42.74829],[-78.89747,42.75196],[-78.8916,42.75715],[-78.88852,42.7594],[-78.8836,42.76181],[-78.87955,42.76535],[-78.87732,42.76651],[-78.87466,42.76722],[-78.87219,42.76904],[-78.86912,42.77063],[-78.86573,42.77385],[-78.86305,42.77832],[-78.86013,42.78023],[-78.8579,42.78111],[-78.85595,42.78298],[-78.85509,42.78469],[-78.85439,42.78779],[-78.8541,42.79165],[-78.85446,42.79414],[-78.85604,42.79694],[-78.85802,42.79845],[-78.86083,42.7996],[-78.86242,42.80226],[-78.86345,42.80719],[-78.86525,42.81194],[-78.86776,42.81568],[-78.86853,42.82053],[-78.86985,42.82341],[-78.86961,42.82551],[-78.86685,42.83074],[-78.86564,42.83022],[-78.86257,42.83071],[-78.85952,42.83307],[-78.86061,42.83363],[-78.86357,42.83361],[-78.86381,42.83646],[-78.86172,42.83725],[-78.86232,42.83828],[-78.86472,42.83756],[-78.86595,42.83789],[-78.86592,42.83859],[-78.86364,42.8393],[-78.86518,42.84367],[-78.86755,42.84735],[-78.8699,42.84999],[-78.87213,42.85027],[-78.87382,42.85009],[-78.8749,42.85126],[-78.87305,42.85228],[-78.87345,42.85293],[-78.87597,42.85277],[-78.87675,42.85397],[-78.8752,42.8551],[-78.88024,42.86057],[-78.88337,42.86544],[-78.88484,42.86485],[-78.88538,42.86588],[-78.88337,42.86698],[-78.88349,42.86798],[-78.8857,42.86733],[-78.88642,42.86766],[-78.884,42.86934],[-78.88595,42.86961],[-78.88462,42.87164],[-78.88677,42.87555],[-78.88835,42.875],[-78.88928,42.87526],[-78.89154,42.87478],[-78.89209,42.87714],[-78.89078,42.87779],[-78.88657,42.87717],[-78.88338,42.8751]]]]}},{"type":"Feature","properties":{"ava_id":"long_island","name":"Long Island","aka":null,"state":"NY","county":"Nassau|Suffolk","within":null,"contains":"North Fork of Long Island|The Hamptons, Long Island","cfr_index":"9.170","valid_start":null},"geometry":{"type":"MultiPolygon","coordinates":[[[[-73.75374,40.58509],[-73.75374,40.58674],[-73.75158,40.58897],[-73.74769,40.5915],[-73.7454,40.59105],[-73.74358,40.59263],[-73.73887,40.59374],[-73.73458,40.59306],[-73.7265,40.59077],[-73.72154,40.59066],[-73.71989,40.59004],[-73.71533,40.59016],[-73.71275,40.58936],[-73.71052,40.59016],[-73.6973,40.58938],[-73.68949,40.58957],[-73.68729,40.58925],[-73.68528,40.58935],[-73.68061,40.59243],[-73.67246,40.59346],[-73.6557,40.59523],[-73.63923,40.59593],[-73.62686,40.59601],[-73.62416,40.59547],[-73.61941,40.59574],[-73.6171,40.59607],[-73.61614,40.59732],[-73.61489,40.5978],[-73.61344,40.59764],[-73.61308,40.59666],[-73.61084,40.59664],[-73.60941,40.5957],[-73.60429,40.59576],[-73.60083,40.59539],[-73.59592,40.59563],[-73.59399,40.59428],[-73.59239,40.59381],[-73.59025,40.59424],[-73.58616,40.59427],[-73.58402,40.59381],[-73.58224,40.5947],[-73.57912,40.59474],[-73.57691,40.59515],[-73.57489,40.59523],[-73.57419,40.59306],[-73.57544,40.59088],[-73.57575,40.58811],[-73.57688,40.58689],[-73.57901,40.58669],[-73.58273,40.58734],[-73.58397,40.58614],[-73.58541,40.58645],[-73.58935,40.5861],[-73.60002,40.58811],[-73.60562,40.58853],[-73.61703,40.58746],[-73.62258,40.58632],[-73.64024,40.58383],[-73.64697,40.58342],[-73.65676,40.58323],[-73.66784,40.58374],[-73.67635,40.58374],[-73.68124,40.58409],[-73.68728,40.58345],[-73.694,40.58423],[-73.69951,40.58382],[-73.70496,40.5842],[-73.7129,40.58527],[-73.71575,40.58598],[-73.72095,40.58619],[-73.73222,40.58723],[-73.7375,40.58753],[-73.74104,40.58733],[-73.7487,40.58628],[-73.75199,40.58526],[-73.75374,40.58509]]],[[[-73.73867,40.5953],[-73.73951,40.60172],[-73.74376,40.60588],[-73.7453,40.60934],[-73.74697,40.61068],[-73.74882,40.61067],[-73.75175,40.61007],[-73.75493,40.61017],[-73.75626,40.61043],[-73.75474,40.61193],[-73.75509,40.61275],[-73.75742,40.61371],[-73.75886,40.61345],[-73.7608,40.61411],[-73.76241,40.61509],[-73.76266,40.6159],[-73.7666,40.61602],[-73.76693,40.61833],[-73.76693,40.62037],[-73.76511,40.62009],[-73.76345,40.62076],[-73.76281,40.62328],[-73.76041,40.62279],[-73.75901,40.62423],[-73.75746,40.62464],[-73.75583,40.6262],[-73.75223,40.62709],[-73.75027,40.62875],[-73.74875,40.62926],[-73.74767,40.63004],[-73.74634,40.62915],[-73.74509,40.62929],[-73.74516,40.63006],[-73.74632,40.63085],[-73.74611,40.63218],[-73.74517,40.63254],[-73.74386,40.63211],[-73.74381,40.63402],[-73.74536,40.63562],[-73.74138,40.6468],[-73.73978,40.64852],[-73.73518,40.65],[-73.7293,40.65113],[-73.72455,40.65261],[-73.72371,40.65365],[-73.72482,40.65525],[-73.72553,40.65697],[-73.72655,40.66181],[-73.72666,40.6668],[-73.72596,40.66996],[-73.72412,40.68336],[-73.71918,40.72474],[-73.7124,40.72567],[-73.70818,40.72656],[-73.70689,40.72771],[-73.69965,40.73898],[-73.70012,40.74561],[-73.70103,40.75077],[-73.70202,40.75195],[-73.73083,40.76995],[-73.74383,40.77846],[-73.74333,40.77924],[-73.74578,40.78088],[-73.74603,40.78187],[-73.7454,40.78361],[-73.74576,40.78419],[-73.74691,40.7842],[-73.74869,40.78536],[-73.75084,40.78594],[-73.75239,40.78795],[-73.75311,40.79029],[-73.75335,40.79226],[-73.75419,40.79473],[-73.75385,40.79669],[-73.75313,40.79708],[-73.75126,40.79715],[-73.74777,40.79891],[-73.74642,40.7989],[-73.74533,40.7986],[-73.74512,40.79912],[-73.74605,40.79988],[-73.7477,40.80013],[-73.74898,40.79979],[-73.75071,40.79839],[-73.7517,40.79848],[-73.75316,40.80006],[-73.75511,40.80131],[-73.75778,40.80206],[-73.75896,40.80294],[-73.76058,40.80569],[-73.76276,40.80607],[-73.76294,40.80859],[-73.76381,40.80974],[-73.76361,40.81312],[-73.76167,40.81646],[-73.75995,40.81698],[-73.75674,40.8173],[-73.75387,40.81903],[-73.75265,40.82089],[-73.75241,40.82186],[-73.75253,40.82526],[-73.75439,40.82896],[-73.75612,40.83088],[-73.75659,40.83286],[-73.75602,40.83402],[-73.75363,40.83539],[-73.75295,40.83758],[-73.75196,40.83775],[-73.7504,40.83649],[-73.74989,40.83445],[-73.74863,40.83396],[-73.74515,40.83365],[-73.74305,40.83225],[-73.7414,40.832],[-73.74019,40.83033],[-73.7401,40.82892],[-73.74259,40.82724],[-73.74122,40.82626],[-73.74072,40.82438],[-73.7398,40.82409],[-73.73926,40.82464],[-73.73957,40.82612],[-73.73857,40.82785],[-73.73459,40.82868],[-73.73348,40.8285],[-73.73205,40.82746],[-73.7302,40.82521],[-73.72472,40.82395],[-73.7217,40.82289],[-73.71923,40.82128],[-73.71781,40.81866],[-73.71733,40.81609],[-73.71541,40.81016],[-73.71523,40.80903],[-73.7157,40.80723],[-73.71451,40.80423],[-73.71135,40.7976],[-73.71034,40.79718],[-73.7108,40.80042],[-73.71026,40.80251],[-73.71045,40.80788],[-73.70889,40.8132],[-73.70743,40.8157],[-73.70613,40.81585],[-73.7042,40.81484],[-73.70275,40.81365],[-73.70065,40.81269],[-73.69912,40.81281],[-73.69865,40.8138],[-73.70254,40.81588],[-73.70399,40.81734],[-73.70529,40.81947],[-73.70605,40.82673],[-73.70432,40.82868],[-73.70267,40.82916],[-73.70078,40.83243],[-73.69944,40.83352],[-73.69945,40.83512],[-73.69992,40.83596],[-73.7014,40.83596],[-73.70397,40.83899],[-73.7052,40.83868],[-73.70561,40.83676],[-73.70717,40.83626],[-73.70801,40.83476],[-73.7088,40.83422],[-73.7105,40.83553],[-73.7109,40.8367],[-73.71196,40.83814],[-73.71208,40.83967],[-73.70955,40.84063],[-73.70897,40.84138],[-73.70996,40.84184],[-73.71186,40.84178],[-73.71326,40.84095],[-73.7138,40.83906],[-73.71462,40.8385],[-73.71822,40.83788],[-73.72264,40.83787],[-73.72519,40.83909],[-73.72641,40.83901],[-73.72722,40.83787],[-73.72699,40.83445],[-73.72789,40.834],[-73.7294,40.83492],[-73.7305,40.83712],[-73.7305,40.83998],[-73.72986,40.84198],[-73.73165,40.84408],[-73.73464,40.84601],[-73.73729,40.8486],[-73.73779,40.84963],[-73.73713,40.8504],[-73.73275,40.85182],[-73.72719,40.85439],[-73.72659,40.85594],[-73.72726,40.85861],[-73.72905,40.86184],[-73.72886,40.86343],[-73.73003,40.86612],[-73.72978,40.86731],[-73.72703,40.86703],[-73.72344,40.86595],[-73.72001,40.86595],[-73.71868,40.86654],[-73.7186,40.86888],[-73.71574,40.87058],[-73.71344,40.87081],[-73.71109,40.87019],[-73.70732,40.86841],[-73.70107,40.86594],[-73.68433,40.8607],[-73.68052,40.8601],[-73.67802,40.85951],[-73.67647,40.85868],[-73.67553,40.85738],[-73.67471,40.8545],[-73.67296,40.85125],[-73.67091,40.84899],[-73.66805,40.84439],[-73.66509,40.84089],[-73.66282,40.8393],[-73.6595,40.83553],[-73.65842,40.83276],[-73.6573,40.83108],[-73.65495,40.82977],[-73.65182,40.8291],[-73.65157,40.82827],[-73.65601,40.82707],[-73.65528,40.82498],[-73.65527,40.82356],[-73.65439,40.82146],[-73.65407,40.8197],[-73.65335,40.81727],[-73.65377,40.81537],[-73.65306,40.81249],[-73.65365,40.81043],[-73.65287,40.80861],[-73.6533,40.80631],[-73.65124,40.80305],[-73.65037,40.80268],[-73.64993,40.8036],[-73.65043,40.80582],[-73.64914,40.80675],[-73.64744,40.80894],[-73.647,40.81032],[-73.64771,40.81283],[-73.64771,40.81433],[-73.64685,40.81765],[-73.64675,40.82152],[-73.64481,40.82202],[-73.64441,40.82259],[-73.64498,40.82347],[-73.64658,40.82356],[-73.64756,40.82414],[-73.64868,40.82937],[-73.65017,40.83273],[-73.6518,40.83449],[-73.65283,40.83674],[-73.65297,40.83925],[-73.65207,40.84196],[-73.65258,40.84485],[-73.65268,40.847],[-73.65229,40.84915],[-73.65063,40.85187],[-73.64716,40.85378],[-73.64579,40.85639],[-73.64203,40.85813],[-73.64284,40.85861],[-73.64533,40.85765],[-73.64669,40.85761],[-73.64802,40.85654],[-73.65065,40.85742],[-73.6525,40.85915],[-73.65314,40.8609],[-73.65329,40.86368],[-73.65404,40.86469],[-73.65583,40.86493],[-73.65615,40.86573],[-73.65483,40.86956],[-73.65565,40.87328],[-73.65418,40.87525],[-73.65326,40.87881],[-73.64879,40.88043],[-73.64704,40.88203],[-73.64607,40.88504],[-73.64204,40.88944],[-73.63959,40.8904],[-73.64046,40.89187],[-73.63916,40.89412],[-73.63836,40.89503],[-73.63671,40.89503],[-73.63527,40.89391],[-73.63465,40.89184],[-73.63396,40.89124],[-73.63237,40.89123],[-73.62742,40.89424],[-73.62462,40.89508],[-73.62107,40.89552],[-73.62146,40.89789],[-73.62207,40.89838],[-73.6236,40.89796],[-73.62665,40.89787],[-73.62832,40.89743],[-73.63016,40.8954],[-73.63137,40.89512],[-73.63346,40.89401],[-73.63432,40.89507],[-73.63452,40.89644],[-73.63307,40.89922],[-73.63228,40.90252],[-73.62973,40.90213],[-73.62179,40.89892],[-73.61889,40.89861],[-73.61652,40.89895],[-73.61445,40.89994],[-73.61247,40.90239],[-73.61074,40.90296],[-73.60879,40.90229],[-73.60724,40.90228],[-73.60516,40.90299],[-73.60013,40.90402],[-73.59841,40.90492],[-73.59601,40.90742],[-73.59378,40.90918],[-73.59063,40.9096],[-73.58771,40.91034],[-73.58327,40.91015],[-73.57878,40.91079],[-73.57517,40.91166],[-73.5722,40.91476],[-73.5691,40.91508],[-73.56723,40.91585],[-73.56518,40.91607],[-73.5584,40.91261],[-73.55503,40.91162],[-73.54887,40.90917],[-73.54582,40.90919],[-73.53996,40.91118],[-73.53538,40.91313],[-73.52913,40.915],[-73.52621,40.91732],[-73.52393,40.91769],[-73.52127,40.91863],[-73.51945,40.91525],[-73.51548,40.91392],[-73.51228,40.91243],[-73.51083,40.91134],[-73.51019,40.9092],[-73.50892,40.90869],[-73.50778,40.90712],[-73.50638,40.90205],[-73.50739,40.90166],[-73.50993,40.90277],[-73.51257,40.90241],[-73.51535,40.90095],[-73.51864,40.89555],[-73.52027,40.89158],[-73.52065,40.8902],[-73.5196,40.88931],[-73.51977,40.88728],[-73.5218,40.8861],[-73.52361,40.88598],[-73.52571,40.88681],[-73.52776,40.88679],[-73.53176,40.8853],[-73.53249,40.88652],[-73.53092,40.88717],[-73.53112,40.88819],[-73.53226,40.88819],[-73.5327,40.88876],[-73.53224,40.88989],[-73.52869,40.89173],[-73.52473,40.8948],[-73.52206,40.89854],[-73.52137,40.90123],[-73.52134,40.90352],[-73.52238,40.90809],[-73.52328,40.90971],[-73.52528,40.91012],[-73.52569,40.91075],[-73.52428,40.91145],[-73.52653,40.91331],[-73.52865,40.91262],[-73.5306,40.90969],[-73.53289,40.90855],[-73.53449,40.91078],[-73.53553,40.91022],[-73.53421,40.90805],[-73.53973,40.90563],[-73.53931,40.90441],[-73.54186,40.90377],[-73.54374,40.90481],[-73.54482,40.90367],[-73.54907,40.90321],[-73.55072,40.90489],[-73.55501,40.9065],[-73.55669,40.90606],[-73.55873,40.90236],[-73.56192,40.89953],[-73.56454,40.89904],[-73.56758,40.89922],[-73.5705,40.90088],[-73.57299,40.90337],[-73.57589,40.9032],[-73.57857,40.90416],[-73.57939,40.90302],[-73.57473,40.9005],[-73.57301,40.89999],[-73.57032,40.89384],[-73.56828,40.89299],[-73.56657,40.89014],[-73.56655,40.88473],[-73.56377,40.8831],[-73.56178,40.88404],[-73.56104,40.88588],[-73.56253,40.88777],[-73.5632,40.88958],[-73.56606,40.89452],[-73.56605,40.89657],[-73.56213,40.89835],[-73.55111,40.90207],[-73.54773,40.90236],[-73.54575,40.90188],[-73.5467,40.89791],[-73.54608,40.89428],[-73.54524,40.89204],[-73.54561,40.88827],[-73.54523,40.88562],[-73.54236,40.88257],[-73.53968,40.87757],[-73.53776,40.87764],[-73.53627,40.87715],[-73.53463,40.87789],[-73.52916,40.8782],[-73.52463,40.87692],[-73.52418,40.87631],[-73.52449,40.875],[-73.52392,40.87448],[-73.52124,40.87449],[-73.51779,40.87382],[-73.51584,40.87397],[-73.51381,40.87478],[-73.51006,40.87525],[-73.50866,40.87492],[-73.50759,40.87351],[-73.50605,40.87293],[-73.50389,40.87276],[-73.50353,40.87382],[-73.50508,40.87505],[-73.5056,40.87646],[-73.50567,40.88134],[-73.50863,40.88699],[-73.50871,40.88963],[-73.50783,40.89096],[-73.50735,40.89317],[-73.50604,40.8939],[-73.49431,40.89557],[-73.49288,40.89479],[-73.49212,40.89404],[-73.49123,40.89191],[-73.48984,40.89027],[-73.48914,40.88853],[-73.48873,40.8811],[-73.48784,40.87814],[-73.48483,40.87501],[-73.48347,40.87418],[-73.481,40.87382],[-73.47951,40.87298],[-73.4763,40.87279],[-73.47416,40.87178],[-73.47356,40.87061],[-73.47217,40.86973],[-73.47016,40.86764],[-73.46837,40.867],[-73.46497,40.86791],[-73.46282,40.868],[-73.46266,40.86681],[-73.46451,40.86681],[-73.46626,40.86592],[-73.46789,40.86582],[-73.46586,40.85948],[-73.46129,40.85927],[-73.46197,40.86566],[-73.46115,40.86883],[-73.46369,40.87105],[-73.46532,40.87131],[-73.46852,40.87372],[-73.46961,40.87667],[-73.47187,40.88176],[-73.47141,40.8836],[-73.47158,40.88862],[-73.47128,40.89056],[-73.47157,40.89249],[-73.47278,40.89378],[-73.47345,40.89579],[-73.47501,40.89838],[-73.47922,40.9018],[-73.48257,40.90498],[-73.48523,40.91056],[-73.48596,40.91532],[-73.48718,40.91623],[-73.48898,40.91822],[-73.49048,40.92049],[-73.49503,40.92306],[-73.49552,40.92492],[-73.49507,40.92891],[-73.4944,40.93089],[-73.4926,40.93307],[-73.49213,40.93739],[-73.49108,40.9373],[-73.49076,40.93508],[-73.49036,40.93386],[-73.48955,40.93433],[-73.48843,40.93628],[-73.4861,40.93869],[-73.48509,40.94192],[-73.48528,40.94309],[-73.48639,40.94328],[-73.48781,40.94183],[-73.49018,40.94063],[-73.48993,40.93981],[-73.48862,40.93847],[-73.48889,40.93777],[-73.48994,40.9382],[-73.49052,40.93905],[-73.49214,40.93952],[-73.49237,40.94034],[-73.49063,40.94252],[-73.48824,40.94399],[-73.48664,40.9464],[-73.48479,40.94689],[-73.48308,40.94659],[-73.47625,40.94238],[-73.47476,40.94212],[-73.46569,40.93827],[-73.46286,40.93764],[-73.46013,40.93749],[-73.45758,40.93801],[-73.45195,40.93678],[-73.44988,40.93591],[-73.4458,40.93581],[-73.44311,40.93627],[-73.4398,40.93647],[-73.43736,40.93616],[-73.43431,40.93446],[-73.4323,40.93308],[-73.43111,40.93176],[-73.42979,40.93092],[-73.42818,40.92875],[-73.42805,40.92589],[-73.4285,40.92461],[-73.42769,40.92168],[-73.42766,40.92003],[-73.42831,40.91883],[-73.42972,40.91969],[-73.43236,40.91739],[-73.43284,40.91494],[-73.43382,40.914],[-73.43508,40.91454],[-73.43438,40.9153],[-73.43349,40.91859],[-73.43035,40.92209],[-73.42954,40.92403],[-73.42995,40.92471],[-73.43155,40.92276],[-73.4338,40.92154],[-73.43652,40.92155],[-73.43902,40.9208],[-73.44135,40.92057],[-73.4459,40.91858],[-73.44772,40.91574],[-73.45101,40.91458],[-73.45393,40.91385],[-73.46292,40.91453],[-73.46835,40.91356],[-73.47652,40.9135],[-73.48115,40.91212],[-73.48135,40.91132],[-73.47989,40.90889],[-73.47697,40.91099],[-73.47126,40.91195],[-73.46785,40.91201],[-73.46416,40.91288],[-73.46249,40.91262],[-73.46081,40.91188],[-73.45776,40.9111],[-73.45482,40.91107],[-73.45195,40.91149],[-73.44921,40.91254],[-73.44616,40.91273],[-73.44399,40.91033],[-73.44146,40.909],[-73.44028,40.90803],[-73.43866,40.9076],[-73.43662,40.90804],[-73.432,40.90864],[-73.43175,40.90784],[-73.4337,40.90617],[-73.43418,40.90428],[-73.43509,40.90262],[-73.43628,40.90146],[-73.43833,40.90045],[-73.44139,40.90046],[-73.44363,40.90195],[-73.44539,40.90158],[-73.44564,40.90049],[-73.4462,40.89931],[-73.44559,40.89901],[-73.44362,40.89975],[-73.44046,40.89932],[-73.43828,40.89845],[-73.43659,40.8984],[-73.43119,40.89738],[-73.42786,40.89697],[-73.42658,40.89607],[-73.42506,40.89599],[-73.42383,40.89504],[-73.42325,40.89301],[-73.42234,40.8913],[-73.42103,40.88746],[-73.41958,40.88653],[-73.41765,40.8863],[-73.41652,40.88889],[-73.41641,40.89079],[-73.41883,40.89521],[-73.42002,40.89598],[-73.42032,40.89815],[-73.42168,40.89902],[-73.42461,40.89836],[-73.42623,40.90022],[-73.42796,40.90101],[-73.42988,40.89951],[-73.43166,40.90011],[-73.43187,40.90184],[-73.43003,40.9038],[-73.43019,40.90499],[-73.43177,40.90511],[-73.43197,40.9057],[-73.43137,40.90613],[-73.42878,40.90594],[-73.4243,40.90639],[-73.41753,40.90422],[-73.41439,40.90386],[-73.41016,40.90389],[-73.40723,40.90425],[-73.40415,40.90507],[-73.39675,40.90868],[-73.39466,40.90888],[-73.39293,40.90784],[-73.38776,40.90597],[-73.38432,40.90331],[-73.38355,40.90164],[-73.38214,40.90028],[-73.38025,40.89982],[-73.37827,40.89818],[-73.37566,40.89676],[-73.3744,40.89474],[-73.37324,40.89326],[-73.3703,40.88808],[-73.36873,40.88757],[-73.36743,40.88807],[-73.3671,40.88891],[-73.36877,40.88948],[-73.36902,40.89123],[-73.37042,40.89272],[-73.37102,40.89559],[-73.37397,40.89823],[-73.3742,40.90029],[-73.37645,40.90302],[-73.3788,40.90285],[-73.37806,40.90434],[-73.37672,40.90517],[-73.37624,40.90711],[-73.37622,40.90877],[-73.37585,40.91161],[-73.37536,40.91275],[-73.37418,40.91299],[-73.37269,40.91254],[-73.37048,40.91128],[-73.36993,40.90965],[-73.36821,40.90787],[-73.36477,40.90541],[-73.3611,40.90355],[-73.35937,40.90217],[-73.358,40.90033],[-73.35785,40.89906],[-73.3594,40.90017],[-73.35959,40.89861],[-73.36023,40.8972],[-73.36163,40.89519],[-73.36308,40.8921],[-73.36316,40.88977],[-73.36243,40.8884],[-73.36116,40.88849],[-73.35873,40.89093],[-73.35491,40.89146],[-73.354,40.89203],[-73.35616,40.89244],[-73.35613,40.89344],[-73.354,40.89469],[-73.3525,40.89662],[-73.35218,40.89832],[-73.35265,40.90067],[-73.35382,40.90385],[-73.35618,40.90574],[-73.3578,40.90943],[-73.35802,40.91125],[-73.35622,40.91248],[-73.35351,40.91387],[-73.35224,40.91565],[-73.35066,40.91953],[-73.35052,40.92122],[-73.35156,40.92345],[-73.35357,40.92464],[-73.35784,40.92557],[-73.35951,40.92617],[-73.36636,40.93013],[-73.36866,40.93073],[-73.37072,40.93078],[-73.37289,40.9301],[-73.37473,40.92904],[-73.37591,40.92809],[-73.37588,40.92553],[-73.37704,40.92532],[-73.37842,40.92584],[-73.37918,40.92727],[-73.37896,40.92834],[-73.37502,40.93012],[-73.37378,40.9328],[-73.3726,40.93281],[-73.37172,40.93206],[-73.37067,40.93179],[-73.36989,40.93238],[-73.37231,40.93418],[-73.3727,40.93515],[-73.37427,40.93689],[-73.37752,40.9403],[-73.37904,40.94136],[-73.37971,40.94103],[-73.37903,40.94007],[-73.37905,40.93806],[-73.37689,40.93684],[-73.37643,40.93425],[-73.37773,40.93348],[-73.37966,40.93423],[-73.38254,40.93627],[-73.38336,40.93576],[-73.38249,40.93381],[-73.38332,40.93028],[-73.3831,40.92917],[-73.38212,40.9285],[-73.3814,40.92701],[-73.38741,40.92519],[-73.38694,40.9233],[-73.38764,40.92298],[-73.39119,40.9247],[-73.39332,40.92647],[-73.39633,40.9284],[-73.39792,40.9299],[-73.39968,40.92966],[-73.40051,40.92873],[-73.39918,40.92764],[-73.40056,40.92661],[-73.40032,40.9241],[-73.40097,40.92258],[-73.40217,40.92266],[-73.4033,40.92144],[-73.40406,40.91979],[-73.40363,40.91663],[-73.40479,40.91669],[-73.40557,40.91957],[-73.40472,40.92191],[-73.40232,40.92482],[-73.40195,40.92721],[-73.40211,40.9305],[-73.40326,40.9339],[-73.40172,40.93818],[-73.40153,40.94118],[-73.40203,40.94351],[-73.40122,40.94733],[-73.39896,40.94826],[-73.39801,40.94972],[-73.39771,40.95343],[-73.3984,40.95432],[-73.39935,40.95381],[-73.40026,40.95021],[-73.40119,40.94961],[-73.40205,40.95018],[-73.40178,40.95224],[-73.40079,40.95422],[-73.39868,40.95568],[-73.39672,40.95568],[-73.39298,40.95604],[-73.39108,40.95581],[-73.3894,40.95495],[-73.38087,40.94696],[-73.37511,40.94189],[-73.36919,40.93696],[-73.36716,40.93562],[-73.36469,40.9336],[-73.35433,40.92902],[-73.34573,40.92626],[-73.34455,40.92461],[-73.34449,40.92218],[-73.34354,40.92138],[-73.34236,40.9218],[-73.34197,40.92439],[-73.34308,40.92528],[-73.34328,40.92662],[-73.34252,40.92775],[-73.33921,40.92736],[-73.33583,40.92918],[-73.33285,40.92936],[-73.33036,40.93045],[-73.32686,40.92973],[-73.32232,40.92967],[-73.31853,40.928],[-73.31308,40.92713],[-73.30907,40.92745],[-73.30607,40.92653],[-73.30266,40.92625],[-73.29981,40.92571],[-73.29496,40.92517],[-73.28749,40.92272],[-73.28236,40.92062],[-73.2787,40.91887],[-73.27208,40.91633],[-73.26869,40.91546],[-73.26588,40.9143],[-73.25496,40.91213],[-73.24786,40.91026],[-73.24246,40.91003],[-73.24013,40.90913],[-73.23718,40.90837],[-73.23539,40.90831],[-73.23424,40.90793],[-73.2364,40.90754],[-73.23977,40.908],[-73.24139,40.90753],[-73.2427,40.90838],[-73.24422,40.90829],[-73.24624,40.90894],[-73.25044,40.90945],[-73.25248,40.91019],[-73.25454,40.91024],[-73.25692,40.90908],[-73.25962,40.90991],[-73.26214,40.90984],[-73.26422,40.90903],[-73.26428,40.9072],[-73.26135,40.90711],[-73.26013,40.90765],[-73.25664,40.90774],[-73.25454,40.90914],[-73.25266,40.90913],[-73.24948,40.90836],[-73.24646,40.90821],[-73.24446,40.90746],[-73.24139,40.9069],[-73.23942,40.90729],[-73.23221,40.90557],[-73.23014,40.90455],[-73.23,40.9034],[-73.22684,40.90211],[-73.22677,40.89996],[-73.22927,40.89904],[-73.22912,40.8984],[-73.22693,40.8986],[-73.22549,40.89807],[-73.22573,40.89555],[-73.22364,40.8952],[-73.22195,40.8973],[-73.21905,40.89771],[-73.21676,40.89758],[-73.21456,40.89684],[-73.21282,40.89652],[-73.21026,40.89501],[-73.20981,40.89344],[-73.20785,40.8934],[-73.20697,40.89259],[-73.20554,40.89254],[-73.20431,40.8917],[-73.20262,40.88824],[-73.20029,40.88677],[-73.19672,40.88676],[-73.19389,40.88404],[-73.19317,40.88201],[-73.19306,40.87796],[-73.19238,40.87694],[-73.19161,40.87748],[-73.19152,40.88179],[-73.19207,40.88365],[-73.19355,40.88647],[-73.19609,40.88917],[-73.19727,40.89115],[-73.19822,40.89355],[-73.19924,40.89498],[-73.20086,40.89547],[-73.20295,40.89762],[-73.20408,40.89739],[-73.20595,40.89844],[-73.20738,40.90038],[-73.20834,40.8992],[-73.20936,40.89906],[-73.21095,40.89952],[-73.21225,40.90122],[-73.21496,40.90259],[-73.21677,40.90252],[-73.2172,40.90362],[-73.21915,40.90371],[-73.21903,40.90564],[-73.21958,40.90594],[-73.22108,40.90459],[-73.22286,40.90463],[-73.22483,40.90412],[-73.22688,40.9042],[-73.22714,40.90502],[-73.22915,40.90592],[-73.23062,40.90695],[-73.23133,40.90807],[-73.23067,40.90841],[-73.22598,40.90674],[-73.22324,40.90636],[-73.22131,40.90634],[-73.21478,40.90839],[-73.2123,40.90878],[-73.20827,40.91124],[-73.20056,40.91394],[-73.19412,40.91536],[-73.18637,40.91845],[-73.17845,40.92027],[-73.17562,40.92134],[-73.16878,40.92352],[-73.1618,40.92544],[-73.15764,40.92701],[-73.15538,40.92755],[-73.15164,40.9291],[-73.1495,40.92967],[-73.14775,40.92919],[-73.14912,40.9275],[-73.15098,40.92447],[-73.15298,40.92438],[-73.15371,40.92359],[-73.15545,40.92348],[-73.15579,40.92234],[-73.15755,40.92101],[-73.15978,40.92148],[-73.16217,40.92172],[-73.16247,40.92123],[-73.16129,40.92061],[-73.16063,40.9196],[-73.16421,40.9191],[-73.16389,40.92041],[-73.16646,40.9209],[-73.16819,40.9205],[-73.16716,40.91928],[-73.16547,40.91854],[-73.1658,40.9179],[-73.16802,40.91781],[-73.16841,40.91622],[-73.16937,40.91584],[-73.17196,40.91645],[-73.17207,40.91542],[-73.17269,40.91505],[-73.17364,40.91554],[-73.1746,40.91711],[-73.17102,40.91868],[-73.17123,40.91925],[-73.17457,40.91814],[-73.17742,40.91681],[-73.17743,40.91595],[-73.17971,40.91418],[-73.1805,40.91268],[-73.17989,40.91007],[-73.179,40.90801],[-73.17873,40.90619],[-73.17929,40.9045],[-73.17916,40.90304],[-73.17763,40.90125],[-73.17577,40.90026],[-73.17437,40.8991],[-73.17407,40.89728],[-73.1735,40.89628],[-73.17129,40.8953],[-73.16958,40.89396],[-73.16844,40.89371],[-73.16747,40.89444],[-73.16723,40.89728],[-73.16758,40.89858],[-73.16753,40.89996],[-73.16866,40.90324],[-73.16806,40.905],[-73.16675,40.90629],[-73.16532,40.9072],[-73.16388,40.90904],[-73.16313,40.91079],[-73.16178,40.91274],[-73.16012,40.91397],[-73.15781,40.91449],[-73.15378,40.9145],[-73.15165,40.91476],[-73.14928,40.91762],[-73.14719,40.91815],[-73.14953,40.91985],[-73.14864,40.92129],[-73.14569,40.92375],[-73.14547,40.92549],[-73.14635,40.92825],[-73.14544,40.93068],[-73.14501,40.93616],[-73.14446,40.94064],[-73.14355,40.94412],[-73.14318,40.94892],[-73.14255,40.95218],[-73.14301,40.95642],[-73.14356,40.95815],[-73.14477,40.9591],[-73.14696,40.95982],[-73.14953,40.96107],[-73.15143,40.9613],[-73.15306,40.96219],[-73.15512,40.96523],[-73.15738,40.96739],[-73.15753,40.96845],[-73.1563,40.96888],[-73.15337,40.96822],[-73.14958,40.96693],[-73.13996,40.96652],[-73.13711,40.96709],[-73.13241,40.96727],[-73.12956,40.96869],[-73.12018,40.97509],[-73.11768,40.97724],[-73.11661,40.97787],[-73.11503,40.97771],[-73.11318,40.97656],[-73.11102,40.97433],[-73.1072,40.9723],[-73.10301,40.9707],[-73.09892,40.96977],[-73.0954,40.96976],[-73.09352,40.97032],[-73.09246,40.97033],[-73.092,40.969],[-73.09009,40.96819],[-73.08921,40.9673],[-73.08988,40.96631],[-73.09146,40.96608],[-73.09256,40.96752],[-73.09794,40.96796],[-73.1004,40.96801],[-73.10135,40.96846],[-73.1034,40.96852],[-73.10499,40.96986],[-73.10639,40.97015],[-73.108,40.97098],[-73.11164,40.9719],[-73.11198,40.97339],[-73.11284,40.97413],[-73.11277,40.97256],[-73.11367,40.97177],[-73.11491,40.96884],[-73.11619,40.96728],[-73.11941,40.96461],[-73.12315,40.9626],[-73.12549,40.9603],[-73.12515,40.95859],[-73.12391,40.95613],[-73.12361,40.95417],[-73.12301,40.95409],[-73.12162,40.95537],[-73.12022,40.95464],[-73.11858,40.95477],[-73.1166,40.95006],[-73.11565,40.95026],[-73.11601,40.95281],[-73.1159,40.95416],[-73.11366,40.95788],[-73.1137,40.95896],[-73.11623,40.96274],[-73.11644,40.96445],[-73.11597,40.96565],[-73.11362,40.9661],[-73.11316,40.96813],[-73.11137,40.97001],[-73.11022,40.97067],[-73.1095,40.96991],[-73.10762,40.96907],[-73.10757,40.96687],[-73.1059,40.96526],[-73.10455,40.96254],[-73.10291,40.9622],[-73.10077,40.96253],[-73.09879,40.96175],[-73.09833,40.95969],[-73.09959,40.95784],[-73.0991,40.95488],[-73.09976,40.95353],[-73.10122,40.9524],[-73.10582,40.95109],[-73.1073,40.95412],[-73.10919,40.95568],[-73.11116,40.95554],[-73.11133,40.95345],[-73.11025,40.9505],[-73.10913,40.94967],[-73.10666,40.94997],[-73.10485,40.94956],[-73.10391,40.94719],[-73.10182,40.94662],[-73.1008,40.94513],[-73.09946,40.94513],[-73.09923,40.94593],[-73.10006,40.94767],[-73.09941,40.95021],[-73.09716,40.95164],[-73.09568,40.9521],[-73.0936,40.95133],[-73.09293,40.95201],[-73.09495,40.9533],[-73.09522,40.95538],[-73.09627,40.95723],[-73.0954,40.95824],[-73.09336,40.95855],[-73.09123,40.95732],[-73.08747,40.95727],[-73.08426,40.95546],[-73.08145,40.95498],[-73.07456,40.95088],[-73.0711,40.94783],[-73.0691,40.94786],[-73.06678,40.94989],[-73.06612,40.95155],[-73.06703,40.95313],[-73.06941,40.95498],[-73.07194,40.9593],[-73.07416,40.96202],[-73.07443,40.96326],[-73.07782,40.96726],[-73.07678,40.96829],[-73.07267,40.96946],[-73.0721,40.97082],[-73.07272,40.97174],[-73.0744,40.97241],[-73.07689,40.972],[-73.07872,40.96957],[-73.08058,40.97036],[-73.0819,40.97141],[-73.08401,40.97036],[-73.08709,40.97053],[-73.08891,40.97123],[-73.08981,40.97219],[-73.0896,40.97292],[-73.08561,40.97283],[-73.08287,40.97364],[-73.08076,40.97333],[-73.07755,40.97434],[-73.07431,40.97381],[-73.07106,40.97242],[-73.06426,40.97011],[-73.06152,40.96891],[-73.05171,40.96662],[-73.04934,40.96647],[-73.04789,40.96509],[-73.04498,40.96447],[-73.04388,40.96322],[-73.0414,40.96273],[-73.03963,40.95956],[-73.04046,40.95875],[-73.04351,40.95816],[-73.04457,40.95617],[-73.04378,40.95504],[-73.04263,40.95454],[-73.03831,40.95605],[-73.03215,40.95265],[-73.03036,40.95259],[-73.02713,40.95516],[-73.02383,40.95566],[-73.02291,40.95623],[-73.02216,40.95961],[-73.01958,40.96174],[-73.01948,40.96339],[-73.02422,40.96441],[-73.03092,40.96447],[-73.0417,40.96401],[-73.04203,40.9661],[-73.03799,40.9657],[-73.03287,40.96596],[-73.02823,40.96664],[-73.02082,40.96662],[-73.01826,40.96615],[-73.01337,40.96603],[-73.00748,40.96655],[-73.00355,40.96744],[-73.00078,40.96771],[-72.99551,40.9675],[-72.98648,40.96685],[-72.98008,40.96718],[-72.9758,40.96776],[-72.9719,40.9673],[-72.96997,40.96769],[-72.9598,40.96752],[-72.95527,40.96732],[-72.9519,40.96696],[-72.9459,40.96686],[-72.93494,40.96523],[-72.9279,40.96445],[-72.91854,40.96368],[-72.90959,40.96361],[-72.89898,40.96394],[-72.89298,40.96381],[-72.87856,40.96475],[-72.87326,40.96492],[-72.86783,40.96612],[-72.86419,40.96657],[-72.86421,40.9653],[-72.86263,40.96542],[-72.86134,40.96577],[-72.86054,40.96575],[-72.85557,40.96656],[-72.85408,40.9669],[-72.85366,40.96715],[-72.85266,40.9671],[-72.84886,40.96797],[-72.84619,40.96817],[-72.84233,40.96882],[-72.83835,40.96969],[-72.83448,40.97017],[-72.83069,40.97033],[-72.82417,40.9696],[-72.82064,40.96882],[-72.81695,40.96824],[-72.8136,40.96782],[-72.80635,40.96731],[-72.80254,40.96683],[-72.79794,40.96654],[-72.79534,40.96667],[-72.79402,40.96636],[-72.789,40.96676],[-72.78365,40.96617],[-72.78077,40.9653],[-72.77838,40.96518],[-72.77392,40.96539],[-72.76201,40.96677],[-72.75951,40.9673],[-72.75053,40.96852],[-72.74886,40.96843],[-72.74394,40.96938],[-72.74118,40.96971],[-72.73272,40.97163],[-72.72987,40.97197],[-72.72599,40.97303],[-72.72456,40.97377],[-72.72376,40.97345],[-72.72266,40.97391],[-72.72204,40.97442],[-72.72182,40.9744],[-72.72164,40.97402],[-72.72128,40.97374],[-72.71919,40.97405],[-72.71333,40.97576],[-72.70833,40.97762],[-72.70695,40.97779],[-72.70476,40.97837],[-72.70323,40.97855],[-72.69987,40.97933],[-72.69075,40.98032],[-72.68451,40.98045],[-72.68234,40.97992],[-72.67922,40.97961],[-72.67583,40.97905],[-72.6734,40.97889],[-72.66989,40.97891],[-72.64925,40.98124],[-72.6453,40.98086],[-72.64169,40.98091],[-72.63569,40.98173],[-72.63049,40.9828],[-72.62464,40.98476],[-72.62451,40.98536],[-72.61925,40.98698],[-72.61215,40.99029],[-72.60832,40.99074],[-72.59954,40.99274],[-72.58854,40.99652],[-72.58426,40.99837],[-72.58134,41.0001],[-72.57956,41.00009],[-72.57778,41.00226],[-72.57652,41.00301],[-72.57228,41.00465],[-72.56821,41.00654],[-72.56468,41.00918],[-72.56243,41.01144],[-72.56078,41.01421],[-72.55977,41.01432],[-72.5588,41.01234],[-72.55755,41.01162],[-72.5558,41.01164],[-72.5538,41.01292],[-72.55139,41.01269],[-72.54979,41.01171],[-72.54972,41.00936],[-72.54762,41.00567],[-72.54744,41.00206],[-72.54664,41.00101],[-72.54619,40.99976],[-72.5469,40.99886],[-72.55115,40.99763],[-72.55487,40.99735],[-72.55521,40.99687],[-72.554,40.9964],[-72.55204,40.99636],[-72.54904,40.99679],[-72.5462,40.99802],[-72.5449,40.9973],[-72.54481,40.99614],[-72.54746,40.99343],[-72.54671,40.99323],[-72.54425,40.99423],[-72.54203,40.99423],[-72.54013,40.99355],[-72.53957,40.99157],[-72.53852,40.99132],[-72.53825,40.99236],[-72.53871,40.99377],[-72.53803,40.99479],[-72.53889,40.9956],[-72.53894,40.99762],[-72.5409,40.9969],[-72.54237,40.99726],[-72.54339,40.9985],[-72.54388,41.00002],[-72.54452,41.00005],[-72.54456,41.00143],[-72.5462,41.00502],[-72.5465,41.00685],[-72.54842,41.0091],[-72.54857,41.01217],[-72.54928,41.01287],[-72.5515,41.01371],[-72.55428,41.01391],[-72.55606,41.01274],[-72.55711,41.0128],[-72.55748,41.01344],[-72.55469,41.01553],[-72.54771,41.02003],[-72.54471,41.02244],[-72.54239,41.02384],[-72.5398,41.02582],[-72.53391,41.02957],[-72.53132,41.03153],[-72.52735,41.03414],[-72.5245,41.0353],[-72.52187,41.03676],[-72.51946,41.0387],[-72.51789,41.03946],[-72.51379,41.03974],[-72.50477,41.04248],[-72.49948,41.04441],[-72.49733,41.04544],[-72.49104,41.04789],[-72.47857,41.05091],[-72.47461,41.05302],[-72.47296,41.05492],[-72.46903,41.0579],[-72.4677,41.05867],[-72.45696,41.06991],[-72.45094,41.07739],[-72.44731,41.08341],[-72.44572,41.08491],[-72.44402,41.08579],[-72.44114,41.08644],[-72.43713,41.08602],[-72.43415,41.08601],[-72.42846,41.08679],[-72.4248,41.08651],[-72.42267,41.08689],[-72.41716,41.08846],[-72.41229,41.09021],[-72.40988,41.09175],[-72.40548,41.09253],[-72.40217,41.0944],[-72.39597,41.09705],[-72.39221,41.09938],[-72.38921,41.10272],[-72.38603,41.10735],[-72.38209,41.11427],[-72.37956,41.11599],[-72.37799,41.11639],[-72.37547,41.11856],[-72.3718,41.11887],[-72.36706,41.12175],[-72.36403,41.12414],[-72.36164,41.12661],[-72.35818,41.13115],[-72.35637,41.13404],[-72.35521,41.13691],[-72.35365,41.13917],[-72.35055,41.14023],[-72.34713,41.1402],[-72.34362,41.1397],[-72.34053,41.14063],[-72.33865,41.14025],[-72.33631,41.13875],[-72.33416,41.13807],[-72.3311,41.13764],[-72.3275,41.13786],[-72.32407,41.13847],[-72.32227,41.13915],[-72.31778,41.14264],[-72.31252,41.14796],[-72.31088,41.14801],[-72.30978,41.14708],[-72.3087,41.14674],[-72.30697,41.1473],[-72.3032,41.14976],[-72.3,41.15227],[-72.29632,41.15374],[-72.2937,41.15426],[-72.28826,41.15654],[-72.28602,41.1572],[-72.2826,41.15734],[-72.27998,41.15807],[-72.2782,41.15803],[-72.27688,41.15753],[-72.27246,41.15445],[-72.26982,41.15371],[-72.26652,41.15398],[-72.26088,41.15571],[-72.25197,41.15974],[-72.24635,41.16061],[-72.2447,41.1606],[-72.24236,41.15954],[-72.2406,41.15905],[-72.23807,41.15914],[-72.23172,41.16072],[-72.23105,41.15991],[-72.23657,41.15698],[-72.24195,41.15264],[-72.24375,41.14857],[-72.24592,41.1453],[-72.25161,41.13973],[-72.25323,41.134],[-72.25508,41.13184],[-72.26043,41.12941],[-72.26419,41.12855],[-72.26793,41.12848],[-72.26971,41.12787],[-72.2729,41.12619],[-72.27588,41.1238],[-72.27896,41.12232],[-72.28283,41.11958],[-72.28962,41.11718],[-72.29277,41.11409],[-72.29844,41.11217],[-72.30258,41.1113],[-72.30405,41.11187],[-72.30279,41.11271],[-72.29791,41.11454],[-72.2924,41.11777],[-72.28898,41.12047],[-72.28607,41.12333],[-72.28405,41.12452],[-72.28298,41.12407],[-72.27687,41.12588],[-72.2739,41.12735],[-72.26909,41.12922],[-72.2647,41.13225],[-72.26157,41.13383],[-72.25884,41.13594],[-72.25727,41.13566],[-72.25628,41.13605],[-72.25598,41.13838],[-72.25444,41.14138],[-72.25114,41.14515],[-72.2526,41.14522],[-72.25396,41.14444],[-72.25598,41.1416],[-72.25704,41.13844],[-72.26033,41.13639],[-72.26207,41.13727],[-72.26299,41.13907],[-72.26419,41.14021],[-72.27044,41.14046],[-72.27237,41.14002],[-72.27406,41.13901],[-72.27543,41.13962],[-72.27712,41.138],[-72.27874,41.13825],[-72.28037,41.1398],[-72.28039,41.14277],[-72.28106,41.14294],[-72.28206,41.14],[-72.28125,41.13627],[-72.27982,41.13369],[-72.27895,41.13118],[-72.27815,41.12973],[-72.27952,41.12919],[-72.2814,41.13087],[-72.28203,41.13205],[-72.28307,41.13311],[-72.28405,41.13261],[-72.28283,41.13085],[-72.28416,41.13034],[-72.28627,41.13118],[-72.28727,41.13076],[-72.28643,41.12966],[-72.28597,41.12852],[-72.28308,41.12852],[-72.28205,41.12784],[-72.28202,41.12669],[-72.28301,41.1262],[-72.28539,41.12704],[-72.28801,41.12726],[-72.29091,41.12864],[-72.29435,41.12996],[-72.29763,41.13067],[-72.30165,41.13242],[-72.30367,41.13439],[-72.30606,41.13833],[-72.30707,41.14102],[-72.30997,41.14248],[-72.31332,41.14246],[-72.31487,41.14148],[-72.31483,41.14077],[-72.313,41.14136],[-72.31116,41.14127],[-72.30828,41.14043],[-72.30774,41.13987],[-72.30851,41.13943],[-72.31233,41.13983],[-72.31507,41.13928],[-72.31728,41.13844],[-72.31907,41.13566],[-72.32269,41.13361],[-72.32645,41.13076],[-72.32927,41.1258],[-72.3315,41.12282],[-72.33399,41.12055],[-72.33499,41.1185],[-72.33609,41.11804],[-72.33935,41.11875],[-72.3399,41.11819],[-72.33883,41.11741],[-72.33733,41.11685],[-72.3371,41.11615],[-72.33812,41.11451],[-72.3418,41.11219],[-72.345,41.11263],[-72.34703,41.1121],[-72.34796,41.11147],[-72.35031,41.1062],[-72.35121,41.1058],[-72.35245,41.10632],[-72.35513,41.10657],[-72.3552,41.10713],[-72.35256,41.1073],[-72.35269,41.10785],[-72.35473,41.10841],[-72.35832,41.10985],[-72.35958,41.11204],[-72.36128,41.11207],[-72.36009,41.10963],[-72.36115,41.10938],[-72.36118,41.10874],[-72.35919,41.10849],[-72.35692,41.10694],[-72.35597,41.10555],[-72.35728,41.1018],[-72.35914,41.10107],[-72.36133,41.09933],[-72.3619,41.09742],[-72.36286,41.09592],[-72.36242,41.09443],[-72.36333,41.09345],[-72.36386,41.09207],[-72.36479,41.09152],[-72.36693,41.09281],[-72.37013,41.09367],[-72.37399,41.09389],[-72.37548,41.09345],[-72.37734,41.09213],[-72.38014,41.08863],[-72.38158,41.08817],[-72.38226,41.08982],[-72.3838,41.08878],[-72.3835,41.0878],[-72.38205,41.08603],[-72.37771,41.08414],[-72.37611,41.083],[-72.37404,41.0806],[-72.37289,41.07853],[-72.37303,41.07692],[-72.37431,41.07587],[-72.37631,41.07572],[-72.37981,41.07677],[-72.38285,41.07836],[-72.3857,41.07891],[-72.38724,41.07998],[-72.38701,41.081],[-72.38814,41.08157],[-72.38983,41.08159],[-72.38987,41.08074],[-72.38824,41.07917],[-72.3881,41.07838],[-72.3902,41.07717],[-72.39389,41.07653],[-72.3956,41.07551],[-72.39993,41.07563],[-72.40303,41.07389],[-72.40309,41.07143],[-72.40457,41.06906],[-72.40596,41.06731],[-72.40686,41.06702],[-72.40776,41.06811],[-72.40873,41.06838],[-72.40922,41.0677],[-72.40771,41.06617],[-72.41137,41.06228],[-72.41227,41.05946],[-72.41342,41.05912],[-72.41618,41.06039],[-72.41865,41.06213],[-72.41903,41.06366],[-72.41997,41.06387],[-72.42146,41.06216],[-72.42342,41.06238],[-72.42434,41.06201],[-72.42314,41.06074],[-72.42052,41.06039],[-72.41813,41.05949],[-72.41704,41.05491],[-72.41624,41.05511],[-72.41569,41.05695],[-72.41465,41.05754],[-72.41421,41.05693],[-72.41514,41.05273],[-72.41415,41.05158],[-72.41267,41.05184],[-72.40932,41.05157],[-72.40778,41.0507],[-72.40277,41.05076],[-72.3974,41.04865],[-72.39281,41.04785],[-72.38986,41.04771],[-72.38744,41.04802],[-72.38415,41.04958],[-72.38323,41.04894],[-72.38497,41.04577],[-72.38876,41.04012],[-72.38882,41.03816],[-72.38812,41.03601],[-72.38631,41.03388],[-72.38631,41.03231],[-72.38701,41.03105],[-72.38868,41.03054],[-72.39136,41.02916],[-72.39931,41.02881],[-72.40498,41.02917],[-72.41139,41.02997],[-72.41702,41.03109],[-72.42013,41.03137],[-72.42295,41.03214],[-72.42481,41.03319],[-72.42379,41.03354],[-72.42128,41.03274],[-72.41988,41.03273],[-72.4172,41.03326],[-72.41489,41.03426],[-72.41484,41.03514],[-72.41697,41.03548],[-72.41756,41.03721],[-72.41901,41.03725],[-72.41997,41.03656],[-72.42145,41.03653],[-72.42201,41.03522],[-72.42311,41.03568],[-72.42301,41.03674],[-72.42197,41.03746],[-72.42256,41.03829],[-72.42446,41.0379],[-72.42662,41.03877],[-72.42789,41.03856],[-72.4276,41.03746],[-72.4264,41.03696],[-72.42589,41.03479],[-72.42693,41.03455],[-72.42702,41.034],[-72.42583,41.03386],[-72.42539,41.03328],[-72.42793,41.03248],[-72.43041,41.03309],[-72.43234,41.03484],[-72.43398,41.03524],[-72.43545,41.03499],[-72.43551,41.03417],[-72.43657,41.03298],[-72.43727,41.03098],[-72.43948,41.02895],[-72.44294,41.02696],[-72.44491,41.02537],[-72.44677,41.02223],[-72.44715,41.02042],[-72.44687,41.01804],[-72.44493,41.01336],[-72.44307,41.00788],[-72.44165,41.00482],[-72.44071,41.00331],[-72.43912,40.9999],[-72.43856,40.99987],[-72.43745,40.99814],[-72.43626,40.99438],[-72.43378,40.98974],[-72.43341,40.98808],[-72.43252,40.98665],[-72.43271,40.98583],[-72.43421,40.98755],[-72.43639,40.98928],[-72.43931,40.99092],[-72.44535,40.99514],[-72.45145,40.99813],[-72.45163,40.99895],[-72.45299,40.99992],[-72.45424,40.99992],[-72.45502,41.00063],[-72.45538,41.00195],[-72.45445,41.00242],[-72.45337,41.00159],[-72.45282,41.00166],[-72.45251,41.00249],[-72.45297,41.00377],[-72.45478,41.0057],[-72.45705,41.00651],[-72.45824,41.0076],[-72.45772,41.00819],[-72.45519,41.00732],[-72.45412,41.00772],[-72.45223,41.01126],[-72.44832,41.0112],[-72.44782,41.01237],[-72.44891,41.01447],[-72.45103,41.01397],[-72.45071,41.01263],[-72.45313,41.01198],[-72.45446,41.01115],[-72.45665,41.01031],[-72.45817,41.01055],[-72.46041,41.00896],[-72.46132,41.01027],[-72.46298,41.01041],[-72.46432,41.01119],[-72.46576,41.01249],[-72.46697,41.01525],[-72.46797,41.0168],[-72.46992,41.01876],[-72.47093,41.02043],[-72.47203,41.02087],[-72.47321,41.02064],[-72.47103,41.01811],[-72.47009,41.01562],[-72.46951,41.01518],[-72.47069,41.01364],[-72.46935,41.01293],[-72.46872,41.01207],[-72.46735,41.0112],[-72.4671,41.00945],[-72.46267,41.00941],[-72.46137,41.00786],[-72.46044,41.00807],[-72.46,41.00761],[-72.46231,41.00615],[-72.46606,41.0043],[-72.46805,41.00262],[-72.46824,40.99992],[-72.46865,40.9999],[-72.47036,40.99726],[-72.47092,40.995],[-72.47227,40.99526],[-72.4732,40.99522],[-72.47385,40.99434],[-72.47335,40.99403],[-72.47146,40.99418],[-72.47009,40.99395],[-72.4696,40.99212],[-72.4684,40.99146],[-72.46945,40.99056],[-72.46866,40.98995],[-72.46894,40.98942],[-72.47309,40.98923],[-72.47712,40.98851],[-72.48081,40.98879],[-72.48178,40.9894],[-72.48048,40.99046],[-72.48262,40.99063],[-72.48469,40.99007],[-72.4868,40.99038],[-72.48979,40.99042],[-72.49266,40.98981],[-72.495,40.98961],[-72.49661,40.98883],[-72.49813,40.98873],[-72.5004,40.98793],[-72.50276,40.98662],[-72.50356,40.98538],[-72.50506,40.98442],[-72.50955,40.98367],[-72.51427,40.98266],[-72.51703,40.98178],[-72.52197,40.98101],[-72.5259,40.97969],[-72.5291,40.97789],[-72.53326,40.97509],[-72.53484,40.97315],[-72.53787,40.9709],[-72.54144,40.966],[-72.54535,40.95758],[-72.54775,40.9551],[-72.5503,40.95469],[-72.55224,40.95308],[-72.5543,40.95027],[-72.55524,40.94993],[-72.55675,40.94791],[-72.55902,40.94769],[-72.56024,40.94686],[-72.56333,40.94565],[-72.56651,40.94313],[-72.5678,40.94175],[-72.56728,40.93978],[-72.56779,40.93913],[-72.56922,40.93936],[-72.56942,40.94043],[-72.56893,40.94261],[-72.56901,40.94352],[-72.56997,40.94346],[-72.57092,40.93956],[-72.56837,40.93805],[-72.57152,40.93681],[-72.57334,40.93569],[-72.57434,40.93368],[-72.57522,40.9334],[-72.57651,40.93477],[-72.57948,40.93544],[-72.58294,40.93495],[-72.58394,40.93405],[-72.58568,40.93358],[-72.58683,40.932],[-72.58826,40.93144],[-72.58921,40.92999],[-72.59023,40.92941],[-72.59312,40.93171],[-72.59596,40.93326],[-72.60011,40.9347],[-72.60183,40.93437],[-72.60566,40.93224],[-72.60626,40.9332],[-72.60747,40.93359],[-72.60789,40.93714],[-72.60868,40.93779],[-72.6092,40.93734],[-72.6089,40.93587],[-72.60954,40.93306],[-72.61068,40.93255],[-72.61066,40.93091],[-72.61176,40.93044],[-72.61316,40.9295],[-72.61424,40.92961],[-72.61497,40.93248],[-72.6145,40.93411],[-72.61672,40.93534],[-72.61738,40.93742],[-72.61848,40.9368],[-72.61772,40.93437],[-72.61625,40.93319],[-72.61588,40.93179],[-72.61617,40.9303],[-72.61716,40.93028],[-72.61724,40.93265],[-72.6188,40.9333],[-72.6191,40.93214],[-72.62009,40.9319],[-72.62022,40.93109],[-72.62097,40.93074],[-72.622,40.93119],[-72.62412,40.93084],[-72.62893,40.93229],[-72.6293,40.93177],[-72.62616,40.93059],[-72.62222,40.93017],[-72.61906,40.92893],[-72.61825,40.92799],[-72.61938,40.92679],[-72.61853,40.92658],[-72.61734,40.92721],[-72.61696,40.92877],[-72.61621,40.92906],[-72.61444,40.9288],[-72.6133,40.92806],[-72.61302,40.92639],[-72.61365,40.92584],[-72.61605,40.92659],[-72.61707,40.92634],[-72.61747,40.9249],[-72.61831,40.92439],[-72.61877,40.92359],[-72.62015,40.92263],[-72.62452,40.92195],[-72.62501,40.92222],[-72.62559,40.92213],[-72.62607,40.92287],[-72.62554,40.92377],[-72.62566,40.92402],[-72.62584,40.92397],[-72.62569,40.92383],[-72.62622,40.92283],[-72.62684,40.92268],[-72.6285,40.92356],[-72.62839,40.92384],[-72.62766,40.92387],[-72.62673,40.92418],[-72.62597,40.92404],[-72.62621,40.92484],[-72.62628,40.9242],[-72.6269,40.92425],[-72.62847,40.924],[-72.62866,40.9237],[-72.62934,40.92383],[-72.62971,40.92408],[-72.63036,40.92402],[-72.63142,40.92427],[-72.63346,40.92422],[-72.63456,40.92383],[-72.63558,40.92368],[-72.6406,40.92443],[-72.64282,40.92415],[-72.64411,40.92438],[-72.64529,40.92422],[-72.6457,40.92432],[-72.64588,40.92426],[-72.64543,40.92405],[-72.64426,40.92421],[-72.64276,40.92402],[-72.64063,40.92426],[-72.63815,40.92391],[-72.63745,40.92367],[-72.63753,40.92359],[-72.63854,40.92389],[-72.63857,40.92366],[-72.63647,40.92316],[-72.63423,40.92326],[-72.63254,40.92358],[-72.63018,40.92345],[-72.62928,40.92323],[-72.62752,40.92245],[-72.62637,40.92218],[-72.62576,40.92178],[-72.62581,40.92147],[-72.6254,40.92159],[-72.62514,40.92129],[-72.62609,40.92134],[-72.62612,40.9212],[-72.62687,40.92095],[-72.62709,40.9211],[-72.62756,40.92107],[-72.6281,40.92031],[-72.62899,40.91997],[-72.62915,40.91964],[-72.62971,40.91962],[-72.63042,40.91906],[-72.63141,40.9187],[-72.63181,40.91826],[-72.63191,40.91869],[-72.63165,40.91962],[-72.6301,40.92001],[-72.63047,40.92011],[-72.63181,40.9198],[-72.63222,40.91926],[-72.63776,40.91812],[-72.63916,40.91826],[-72.63923,40.91803],[-72.63956,40.91812],[-72.63948,40.91795],[-72.64059,40.91787],[-72.64108,40.91827],[-72.64202,40.91819],[-72.64298,40.91841],[-72.6448,40.91797],[-72.64592,40.91821],[-72.64649,40.91778],[-72.6468,40.91728],[-72.64776,40.91693],[-72.64875,40.91707],[-72.64978,40.91695],[-72.65043,40.9173],[-72.65074,40.91718],[-72.65195,40.91802],[-72.65312,40.91839],[-72.65413,40.91908],[-72.65425,40.91902],[-72.65397,40.91852],[-72.65445,40.9187],[-72.65463,40.91862],[-72.65445,40.91831],[-72.65532,40.91829],[-72.65556,40.91814],[-72.65539,40.91732],[-72.65589,40.91719],[-72.65609,40.91747],[-72.65626,40.91742],[-72.65608,40.91712],[-72.65632,40.91702],[-72.65673,40.91717],[-72.65712,40.91694],[-72.65726,40.9171],[-72.65742,40.91704],[-72.65734,40.91687],[-72.65868,40.91623],[-72.6604,40.91615],[-72.66147,40.91554],[-72.6621,40.91555],[-72.66247,40.9158],[-72.66255,40.91541],[-72.66171,40.91522],[-72.66079,40.9154],[-72.66054,40.9157],[-72.66019,40.91578],[-72.65962,40.9154],[-72.65948,40.9158],[-72.65844,40.91578],[-72.65752,40.91634],[-72.65723,40.91608],[-72.65683,40.91625],[-72.65688,40.91643],[-72.65671,40.9165],[-72.65614,40.91618],[-72.65568,40.91638],[-72.65483,40.91646],[-72.65465,40.91655],[-72.65464,40.91695],[-72.65443,40.91697],[-72.65437,40.91676],[-72.65373,40.9163],[-72.65301,40.91594],[-72.6529,40.91557],[-72.65269,40.91574],[-72.65183,40.9158],[-72.65183,40.91598],[-72.65225,40.91631],[-72.65197,40.91661],[-72.65015,40.91636],[-72.65011,40.91622],[-72.64989,40.91637],[-72.64877,40.91624],[-72.6472,40.91634],[-72.64559,40.91698],[-72.64284,40.91736],[-72.64259,40.91718],[-72.64293,40.91679],[-72.64432,40.91661],[-72.64486,40.91626],[-72.64499,40.91555],[-72.64457,40.915],[-72.64508,40.91435],[-72.64427,40.91365],[-72.64419,40.91334],[-72.64465,40.91271],[-72.64548,40.91224],[-72.6449,40.91217],[-72.64451,40.91259],[-72.64388,40.9125],[-72.64366,40.91225],[-72.64366,40.9125],[-72.64433,40.91286],[-72.64302,40.91391],[-72.64258,40.91366],[-72.64257,40.91335],[-72.64199,40.91263],[-72.6418,40.91207],[-72.64135,40.91199],[-72.64124,40.91171],[-72.64083,40.91143],[-72.64116,40.91124],[-72.64087,40.91121],[-72.6411,40.91089],[-72.64137,40.91091],[-72.64085,40.91069],[-72.64075,40.91074],[-72.6409,40.91085],[-72.64058,40.911],[-72.64047,40.91127],[-72.64114,40.91211],[-72.64176,40.91238],[-72.64172,40.91266],[-72.64227,40.91332],[-72.6422,40.91379],[-72.64303,40.91429],[-72.64323,40.91428],[-72.64361,40.91388],[-72.64451,40.91427],[-72.64406,40.915],[-72.64446,40.91574],[-72.64431,40.91611],[-72.64394,40.91629],[-72.64168,40.91669],[-72.64112,40.91656],[-72.64008,40.91663],[-72.63995,40.91651],[-72.63925,40.91654],[-72.63951,40.91604],[-72.63879,40.91595],[-72.63711,40.91606],[-72.63652,40.91577],[-72.63493,40.91615],[-72.63454,40.91607],[-72.63373,40.91544],[-72.63212,40.9158],[-72.6314,40.91656],[-72.62986,40.91706],[-72.6292,40.91791],[-72.62828,40.91841],[-72.62733,40.9187],[-72.62664,40.91858],[-72.62496,40.91888],[-72.62452,40.91882],[-72.6245,40.91939],[-72.62185,40.91958],[-72.6203,40.91942],[-72.61672,40.92011],[-72.61359,40.91982],[-72.61257,40.92058],[-72.61182,40.92057],[-72.61174,40.91978],[-72.61399,40.91803],[-72.61634,40.91888],[-72.61779,40.91865],[-72.61905,40.91641],[-72.61773,40.91614],[-72.6173,40.91563],[-72.6176,40.91456],[-72.62038,40.91428],[-72.62033,40.91297],[-72.62256,40.91271],[-72.62397,40.91181],[-72.62623,40.91143],[-72.63007,40.90881],[-72.63059,40.90796],[-72.62994,40.90774],[-72.62871,40.90818],[-72.62772,40.90897],[-72.62619,40.90958],[-72.62512,40.91047],[-72.62407,40.9106],[-72.62301,40.91129],[-72.62142,40.91136],[-72.62106,40.91023],[-72.62011,40.90972],[-72.61864,40.91036],[-72.61713,40.90988],[-72.61681,40.90773],[-72.61811,40.90575],[-72.61776,40.90481],[-72.61673,40.90532],[-72.61534,40.90499],[-72.61475,40.90581],[-72.61353,40.90617],[-72.61088,40.9075],[-72.61072,40.90844],[-72.61137,40.90928],[-72.61023,40.90966],[-72.61013,40.91121],[-72.60973,40.91219],[-72.60758,40.91381],[-72.60102,40.91581],[-72.60018,40.91559],[-72.60054,40.91428],[-72.60163,40.91366],[-72.60181,40.91302],[-72.60087,40.91273],[-72.59977,40.91163],[-72.59971,40.91033],[-72.5991,40.90975],[-72.59889,40.9084],[-72.59808,40.90914],[-72.5977,40.91144],[-72.59809,40.91342],[-72.59912,40.91521],[-72.5986,40.91585],[-72.59714,40.91426],[-72.5967,40.91244],[-72.59565,40.91135],[-72.59544,40.90992],[-72.59455,40.90957],[-72.59355,40.90833],[-72.59228,40.90799],[-72.59281,40.90674],[-72.59149,40.90601],[-72.59122,40.90487],[-72.59027,40.90462],[-72.58926,40.90345],[-72.58855,40.90409],[-72.58848,40.90706],[-72.5898,40.90872],[-72.58971,40.90998],[-72.58818,40.9102],[-72.58613,40.90967],[-72.58455,40.91054],[-72.58236,40.91022],[-72.58174,40.90949],[-72.58271,40.90829],[-72.5828,40.9073],[-72.58143,40.90715],[-72.58097,40.90648],[-72.58191,40.90532],[-72.58176,40.90442],[-72.58268,40.90298],[-72.58165,40.901],[-72.5808,40.90009],[-72.57937,40.90058],[-72.57914,40.90112],[-72.5804,40.90126],[-72.58091,40.90282],[-72.57952,40.90518],[-72.57773,40.90621],[-72.5775,40.9078],[-72.57653,40.90783],[-72.57447,40.90743],[-72.57289,40.90629],[-72.57139,40.9063],[-72.57072,40.90499],[-72.56829,40.90485],[-72.56745,40.90227],[-72.56621,40.90022],[-72.56519,40.89703],[-72.56386,40.89655],[-72.56302,40.89861],[-72.56394,40.89981],[-72.56554,40.90306],[-72.56717,40.90428],[-72.56618,40.90568],[-72.5678,40.90646],[-72.57013,40.90571],[-72.57014,40.90651],[-72.56818,40.90732],[-72.56636,40.90923],[-72.56316,40.91413],[-72.56406,40.91547],[-72.56535,40.91656],[-72.56512,40.91709],[-72.56408,40.91692],[-72.56256,40.91574],[-72.5595,40.91442],[-72.55573,40.91402],[-72.55361,40.91404],[-72.55296,40.91326],[-72.55326,40.91194],[-72.55478,40.91215],[-72.55664,40.91142],[-72.55624,40.91094],[-72.5555,40.91121],[-72.55441,40.91063],[-72.55307,40.91042],[-72.5514,40.90904],[-72.55029,40.909],[-72.54947,40.91002],[-72.54977,40.91154],[-72.55127,40.91233],[-72.55174,40.91322],[-72.55133,40.91425],[-72.54936,40.9141],[-72.54678,40.91276],[-72.54203,40.91109],[-72.53923,40.91047],[-72.53715,40.90973],[-72.52761,40.905],[-72.52518,40.90359],[-72.52341,40.90202],[-72.52112,40.90075],[-72.51738,40.89938],[-72.5147,40.8989],[-72.51189,40.89774],[-72.51005,40.89726],[-72.50868,40.89668],[-72.50636,40.89613],[-72.5038,40.89611],[-72.50261,40.89575],[-72.50261,40.89371],[-72.50208,40.89204],[-72.50118,40.88794],[-72.50226,40.88304],[-72.50107,40.88216],[-72.50066,40.87776],[-72.49979,40.87629],[-72.49858,40.87509],[-72.49681,40.87396],[-72.49446,40.87338],[-72.49306,40.87228],[-72.49085,40.87203],[-72.49067,40.87325],[-72.48974,40.87317],[-72.48976,40.86923],[-72.49088,40.86654],[-72.49228,40.86432],[-72.49553,40.86195],[-72.49735,40.86028],[-72.49972,40.85669],[-72.50029,40.85457],[-72.50093,40.85359],[-72.50179,40.85156],[-72.50119,40.85006],[-72.50189,40.84886],[-72.49988,40.8449],[-72.50246,40.84462],[-72.50482,40.8478],[-72.50672,40.84944],[-72.50876,40.84948],[-72.51106,40.85049],[-72.51049,40.85201],[-72.50869,40.85341],[-72.50885,40.85463],[-72.50969,40.8548],[-72.5105,40.85338],[-72.51184,40.85188],[-72.51246,40.85061],[-72.5133,40.85034],[-72.51475,40.85101],[-72.51479,40.85264],[-72.51573,40.8535],[-72.51655,40.85265],[-72.51633,40.85121],[-72.51889,40.85083],[-72.5203,40.85155],[-72.52054,40.85279],[-72.52179,40.85293],[-72.52267,40.85378],[-72.52355,40.85671],[-72.52441,40.8585],[-72.52505,40.85885],[-72.52531,40.85788],[-72.52464,40.8555],[-72.52425,40.85303],[-72.52462,40.85085],[-72.52363,40.85117],[-72.52351,40.84983],[-72.52236,40.84705],[-72.52028,40.8473],[-72.51886,40.84684],[-72.51835,40.84524],[-72.51999,40.84548],[-72.52498,40.847],[-72.52794,40.84728],[-72.53332,40.8491],[-72.53538,40.85062],[-72.53279,40.85156],[-72.53197,40.85291],[-72.52944,40.85393],[-72.52843,40.85481],[-72.52817,40.85586],[-72.52883,40.85828],[-72.52976,40.85953],[-72.53178,40.86117],[-72.53369,40.86175],[-72.53527,40.863],[-72.53622,40.86491],[-72.53787,40.86578],[-72.53958,40.86786],[-72.54119,40.86786],[-72.54256,40.86748],[-72.54108,40.86583],[-72.54047,40.86393],[-72.54084,40.86223],[-72.54082,40.8593],[-72.54172,40.85689],[-72.54314,40.85535],[-72.54548,40.85356],[-72.5497,40.84833],[-72.55206,40.84884],[-72.554,40.85019],[-72.55424,40.84956],[-72.55334,40.84862],[-72.5515,40.84801],[-72.5499,40.84722],[-72.54957,40.8386],[-72.5501,40.83791],[-72.55206,40.83854],[-72.55617,40.83858],[-72.55819,40.83842],[-72.56121,40.83864],[-72.56701,40.84064],[-72.5681,40.84146],[-72.56775,40.84283],[-72.56925,40.84515],[-72.57119,40.84566],[-72.57149,40.84655],[-72.57203,40.84694],[-72.57259,40.84593],[-72.57467,40.84666],[-72.57571,40.84659],[-72.57574,40.84595],[-72.57188,40.8446],[-72.57155,40.84346],[-72.5708,40.84257],[-72.57081,40.84052],[-72.57001,40.83957],[-72.57109,40.83843],[-72.57161,40.83724],[-72.57357,40.83554],[-72.57506,40.83661],[-72.57692,40.83614],[-72.57668,40.83545],[-72.57541,40.83521],[-72.57293,40.83408],[-72.57269,40.83249],[-72.57313,40.8297],[-72.57795,40.83104],[-72.57937,40.83248],[-72.58137,40.83277],[-72.58397,40.83416],[-72.58929,40.83759],[-72.59032,40.83747],[-72.58731,40.83483],[-72.58633,40.83443],[-72.58369,40.83271],[-72.58203,40.83139],[-72.58214,40.83054],[-72.58638,40.83029],[-72.58752,40.82991],[-72.58717,40.82926],[-72.58307,40.82933],[-72.57917,40.82828],[-72.57917,40.8256],[-72.5802,40.82485],[-72.58213,40.82491],[-72.58315,40.824],[-72.58291,40.82349],[-72.58145,40.8239],[-72.58053,40.82308],[-72.5791,40.82288],[-72.57867,40.82141],[-72.57954,40.82075],[-72.57968,40.81979],[-72.58109,40.8194],[-72.58284,40.82041],[-72.58486,40.81993],[-72.58708,40.82054],[-72.58969,40.82064],[-72.59103,40.82042],[-72.59078,40.81989],[-72.59003,40.8197],[-72.58876,40.81853],[-72.58669,40.81775],[-72.58619,40.81713],[-72.58393,40.816],[-72.58364,40.81488],[-72.58512,40.81315],[-72.58881,40.81358],[-72.58924,40.81292],[-72.59169,40.8118],[-72.59598,40.80907],[-72.59829,40.80912],[-72.5988,40.81053],[-72.60007,40.81155],[-72.60055,40.81133],[-72.60026,40.80904],[-72.60081,40.8082],[-72.60546,40.8069],[-72.60787,40.80689],[-72.60925,40.80815],[-72.61027,40.80837],[-72.61244,40.80995],[-72.61348,40.80968],[-72.61375,40.80789],[-72.61485,40.80761],[-72.61538,40.80874],[-72.61499,40.81119],[-72.6161,40.81166],[-72.61777,40.81097],[-72.61871,40.81122],[-72.61857,40.8121],[-72.61892,40.81289],[-72.61809,40.81392],[-72.61949,40.81586],[-72.61916,40.81708],[-72.61759,40.81923],[-72.6163,40.82038],[-72.61666,40.82191],[-72.61552,40.82386],[-72.61588,40.82525],[-72.6155,40.8272],[-72.6161,40.82854],[-72.61575,40.83],[-72.61597,40.83083],[-72.6168,40.83028],[-72.61744,40.82907],[-72.61705,40.82826],[-72.61738,40.82744],[-72.61781,40.82176],[-72.61903,40.82048],[-72.6217,40.81985],[-72.62253,40.8168],[-72.62453,40.81678],[-72.62501,40.81661],[-72.62511,40.81645],[-72.62504,40.81535],[-72.62573,40.81393],[-72.62558,40.81342],[-72.62593,40.81341],[-72.62555,40.8133],[-72.62485,40.81221],[-72.62478,40.81152],[-72.62548,40.81064],[-72.62726,40.8104],[-72.62859,40.81002],[-72.63015,40.81004],[-72.63114,40.81043],[-72.63201,40.8112],[-72.63299,40.81177],[-72.63337,40.81238],[-72.63375,40.81226],[-72.63385,40.81243],[-72.63337,40.81269],[-72.63335,40.8129],[-72.6343,40.81415],[-72.6353,40.81618],[-72.63602,40.81695],[-72.63628,40.81775],[-72.63639,40.81786],[-72.63678,40.81772],[-72.63671,40.81707],[-72.63591,40.81606],[-72.63583,40.81575],[-72.63595,40.81464],[-72.63634,40.81428],[-72.63687,40.81432],[-72.63604,40.81396],[-72.63544,40.81394],[-72.63527,40.81262],[-72.635,40.81229],[-72.6348,40.81219],[-72.6341,40.81243],[-72.63398,40.81214],[-72.63455,40.81176],[-72.63428,40.81081],[-72.6338,40.81047],[-72.63229,40.8087],[-72.6316,40.80839],[-72.63034,40.80831],[-72.62874,40.80788],[-72.62839,40.80758],[-72.62771,40.80638],[-72.62714,40.80625],[-72.62611,40.80647],[-72.62555,40.80639],[-72.62587,40.8059],[-72.62594,40.8054],[-72.62548,40.80462],[-72.62607,40.80429],[-72.62698,40.80414],[-72.62745,40.80338],[-72.6272,40.80327],[-72.62705,40.80292],[-72.62669,40.80296],[-72.62615,40.80225],[-72.62812,40.80077],[-72.62936,40.80039],[-72.63127,40.80017],[-72.63212,40.8005],[-72.63249,40.80011],[-72.63156,40.80012],[-72.63177,40.79986],[-72.63445,40.79895],[-72.63457,40.79957],[-72.63553,40.79987],[-72.63569,40.80038],[-72.63597,40.80069],[-72.63603,40.80131],[-72.6356,40.80191],[-72.6358,40.80261],[-72.63667,40.80242],[-72.63715,40.80287],[-72.63776,40.80316],[-72.63809,40.80303],[-72.63863,40.80318],[-72.63964,40.80301],[-72.63983,40.80347],[-72.64008,40.8034],[-72.64051,40.80501],[-72.63953,40.80572],[-72.63987,40.80603],[-72.6409,40.80547],[-72.64119,40.80588],[-72.64151,40.80598],[-72.64169,40.8064],[-72.64123,40.80657],[-72.64098,40.80649],[-72.64067,40.80678],[-72.64113,40.80685],[-72.64181,40.8065],[-72.64224,40.80694],[-72.64202,40.80718],[-72.64237,40.80711],[-72.64258,40.80735],[-72.64216,40.80777],[-72.64259,40.8078],[-72.64301,40.80897],[-72.6431,40.80854],[-72.64289,40.80753],[-72.64319,40.80742],[-72.64314,40.8073],[-72.64281,40.80741],[-72.64264,40.80688],[-72.6425,40.80691],[-72.64247,40.8067],[-72.64182,40.8062],[-72.64092,40.80491],[-72.64052,40.80335],[-72.64102,40.80341],[-72.64103,40.80329],[-72.64074,40.80325],[-72.64097,40.80205],[-72.6415,40.80208],[-72.64096,40.80196],[-72.64101,40.80175],[-72.64177,40.80107],[-72.64189,40.80078],[-72.64286,40.80095],[-72.64289,40.80068],[-72.6419,40.80064],[-72.64208,40.80013],[-72.64183,40.79937],[-72.64253,40.79946],[-72.64254,40.79936],[-72.64185,40.79926],[-72.64186,40.79915],[-72.6425,40.79826],[-72.64335,40.79759],[-72.64454,40.7973],[-72.64513,40.79691],[-72.64631,40.79692],[-72.64692,40.79735],[-72.6472,40.80036],[-72.64749,40.80036],[-72.64745,40.79767],[-72.64867,40.79808],[-72.65038,40.79748],[-72.65346,40.79757],[-72.65486,40.79824],[-72.65619,40.79914],[-72.65658,40.79967],[-72.6573,40.80023],[-72.66204,40.80303],[-72.66208,40.80335],[-72.66163,40.80374],[-72.66122,40.80483],[-72.66041,40.80536],[-72.66033,40.80573],[-72.65867,40.80759],[-72.65834,40.80807],[-72.6581,40.80894],[-72.65843,40.80897],[-72.65906,40.80751],[-72.66125,40.80513],[-72.66174,40.80498],[-72.66268,40.80516],[-72.66396,40.80507],[-72.66426,40.80521],[-72.66409,40.80597],[-72.6644,40.80659],[-72.66424,40.80755],[-72.66472,40.80778],[-72.66418,40.80942],[-72.66352,40.80989],[-72.66403,40.8097],[-72.66418,40.81006],[-72.66435,40.81005],[-72.66441,40.80931],[-72.66461,40.80922],[-72.66441,40.80916],[-72.66486,40.80803],[-72.66591,40.80809],[-72.66615,40.80855],[-72.66633,40.80855],[-72.66642,40.80903],[-72.66598,40.80985],[-72.66585,40.81073],[-72.66396,40.81108],[-72.66416,40.81128],[-72.66563,40.81097],[-72.66556,40.81179],[-72.66516,40.81263],[-72.66472,40.81306],[-72.66413,40.8131],[-72.66401,40.81289],[-72.66374,40.81322],[-72.66473,40.81329],[-72.66472,40.81346],[-72.66395,40.81359],[-72.66464,40.81359],[-72.66471,40.81381],[-72.66414,40.81394],[-72.66374,40.8137],[-72.66349,40.81404],[-72.66364,40.81407],[-72.66363,40.81434],[-72.66403,40.8141],[-72.66473,40.81408],[-72.66485,40.81431],[-72.66423,40.81499],[-72.6636,40.81503],[-72.66326,40.81484],[-72.66315,40.81548],[-72.66355,40.81517],[-72.66404,40.81528],[-72.6636,40.81599],[-72.66254,40.81676],[-72.66211,40.81772],[-72.66204,40.81861],[-72.66164,40.81941],[-72.66146,40.82062],[-72.66115,40.82125],[-72.66152,40.8215],[-72.6611,40.82214],[-72.6612,40.82262],[-72.66222,40.82175],[-72.66222,40.82115],[-72.66247,40.82069],[-72.66242,40.82013],[-72.66288,40.81946],[-72.6629,40.81881],[-72.66326,40.81761],[-72.66296,40.81735],[-72.66244,40.81771],[-72.66269,40.81693],[-72.66355,40.8164],[-72.66369,40.81639],[-72.66368,40.8166],[-72.66352,40.81703],[-72.66386,40.81687],[-72.66417,40.81604],[-72.66384,40.81618],[-72.66386,40.81605],[-72.6649,40.81468],[-72.66504,40.81399],[-72.66492,40.81334],[-72.66549,40.81268],[-72.66617,40.81066],[-72.66618,40.81015],[-72.66652,40.80939],[-72.66694,40.80914],[-72.66671,40.80898],[-72.66653,40.80827],[-72.66664,40.80708],[-72.66692,40.80683],[-72.66684,40.80664],[-72.66739,40.80634],[-72.66743,40.80591],[-72.66804,40.80525],[-72.66852,40.80322],[-72.66932,40.80251],[-72.67049,40.80306],[-72.67158,40.80331],[-72.67318,40.80315],[-72.67416,40.80248],[-72.67482,40.80148],[-72.6755,40.80091],[-72.67603,40.80068],[-72.67905,40.80122],[-72.68199,40.80231],[-72.68233,40.80224],[-72.68319,40.80251],[-72.68504,40.80366],[-72.68568,40.80379],[-72.68603,40.80365],[-72.68665,40.80452],[-72.68672,40.8048],[-72.68652,40.80545],[-72.68681,40.80514],[-72.6869,40.80525],[-72.68661,40.80631],[-72.68675,40.80744],[-72.68657,40.80732],[-72.68634,40.80585],[-72.68614,40.80627],[-72.68629,40.80733],[-72.68672,40.80784],[-72.68695,40.80782],[-72.68677,40.80605],[-72.68705,40.80516],[-72.68677,40.8044],[-72.68614,40.80349],[-72.68735,40.80299],[-72.68991,40.80324],[-72.6901,40.80337],[-72.6905,40.80405],[-72.69045,40.80421],[-72.69023,40.80409],[-72.69026,40.80443],[-72.69,40.80466],[-72.69012,40.80611],[-72.68983,40.80754],[-72.69009,40.80807],[-72.69081,40.80818],[-72.69078,40.80841],[-72.68994,40.80844],[-72.68969,40.80862],[-72.68979,40.80963],[-72.69014,40.80991],[-72.68985,40.81001],[-72.68988,40.81012],[-72.69024,40.81023],[-72.69053,40.81154],[-72.69053,40.81205],[-72.69031,40.81212],[-72.69041,40.81253],[-72.6902,40.81325],[-72.69061,40.81377],[-72.69081,40.81482],[-72.69082,40.81534],[-72.69058,40.8154],[-72.69062,40.81712],[-72.69084,40.81774],[-72.6907,40.81558],[-72.69082,40.81548],[-72.69081,40.81715],[-72.69096,40.81772],[-72.69125,40.8176],[-72.69147,40.81697],[-72.69132,40.81628],[-72.69143,40.81531],[-72.69091,40.81268],[-72.69111,40.81173],[-72.69147,40.81151],[-72.69095,40.81142],[-72.69074,40.81104],[-72.69065,40.81007],[-72.69084,40.80943],[-72.69104,40.80927],[-72.69017,40.8087],[-72.69117,40.80858],[-72.69142,40.80877],[-72.6915,40.80863],[-72.69203,40.80861],[-72.69204,40.80849],[-72.69111,40.8085],[-72.69104,40.80819],[-72.69271,40.80825],[-72.6918,40.80799],[-72.69198,40.80769],[-72.69175,40.80749],[-72.69176,40.80715],[-72.69195,40.80656],[-72.69189,40.80626],[-72.69227,40.806],[-72.69206,40.80587],[-72.69212,40.80534],[-72.69251,40.80469],[-72.69206,40.80436],[-72.69287,40.80408],[-72.69212,40.80414],[-72.69183,40.80431],[-72.69133,40.80425],[-72.69064,40.80462],[-72.69054,40.80435],[-72.69178,40.80394],[-72.69241,40.80351],[-72.69278,40.80277],[-72.69342,40.8029],[-72.69283,40.80247],[-72.69315,40.80217],[-72.69387,40.80071],[-72.69434,40.79881],[-72.69416,40.79819],[-72.69386,40.79787],[-72.69303,40.79751],[-72.69325,40.79684],[-72.69356,40.79664],[-72.69339,40.79708],[-72.69477,40.79725],[-72.69649,40.79702],[-72.69661,40.79714],[-72.69674,40.79895],[-72.69688,40.79894],[-72.69674,40.79687],[-72.69717,40.7966],[-72.69762,40.79707],[-72.69826,40.79731],[-72.70005,40.79738],[-72.70008,40.79827],[-72.69995,40.79833],[-72.69806,40.79818],[-72.69806,40.79829],[-72.69905,40.79847],[-72.70018,40.79841],[-72.70025,40.79674],[-72.70052,40.79668],[-72.70186,40.79745],[-72.703,40.79753],[-72.70367,40.7979],[-72.70465,40.79792],[-72.70581,40.79819],[-72.7066,40.79863],[-72.70745,40.79883],[-72.70825,40.79876],[-72.70972,40.79915],[-72.70943,40.79961],[-72.70793,40.79916],[-72.70767,40.79932],[-72.7076,40.79948],[-72.70772,40.79958],[-72.70805,40.7997],[-72.70822,40.79951],[-72.7093,40.79997],[-72.70918,40.80033],[-72.70874,40.80053],[-72.70897,40.80065],[-72.70803,40.80203],[-72.70795,40.8022],[-72.70812,40.80239],[-72.70871,40.80126],[-72.70895,40.80112],[-72.7092,40.8012],[-72.70909,40.80103],[-72.70942,40.80035],[-72.70991,40.80041],[-72.70968,40.8002],[-72.70971,40.79967],[-72.71003,40.79903],[-72.71005,40.79926],[-72.71335,40.80103],[-72.71276,40.80182],[-72.71229,40.80193],[-72.71227,40.80239],[-72.71269,40.80227],[-72.71289,40.80204],[-72.71381,40.80082],[-72.71367,40.80056],[-72.71379,40.80051],[-72.71397,40.80079],[-72.71388,40.80088],[-72.71461,40.80152],[-72.71915,40.80421],[-72.71933,40.80456],[-72.7207,40.80557],[-72.72082,40.80592],[-72.71958,40.80664],[-72.7194,40.8065],[-72.71902,40.80658],[-72.71882,40.80689],[-72.71843,40.80708],[-72.71776,40.80805],[-72.71545,40.81046],[-72.71516,40.81095],[-72.71511,40.81149],[-72.71369,40.81314],[-72.71443,40.81253],[-72.71513,40.81168],[-72.71584,40.8112],[-72.71685,40.81008],[-72.71714,40.80999],[-72.71708,40.80986],[-72.71762,40.80917],[-72.71975,40.8072],[-72.7197,40.80676],[-72.7208,40.80609],[-72.72104,40.80608],[-72.7213,40.80664],[-72.7227,40.80761],[-72.72397,40.80889],[-72.72422,40.80968],[-72.72393,40.81014],[-72.72427,40.81087],[-72.72437,40.81154],[-72.72469,40.81205],[-72.72465,40.81234],[-72.72444,40.81247],[-72.72422,40.81237],[-72.72449,40.8122],[-72.72452,40.81199],[-72.72423,40.8118],[-72.72349,40.81209],[-72.72301,40.81335],[-72.7232,40.81362],[-72.7232,40.81531],[-72.72383,40.81604],[-72.72304,40.81599],[-72.72257,40.81625],[-72.72209,40.81703],[-72.72078,40.81833],[-72.72058,40.81881],[-72.72034,40.81898],[-72.72008,40.82009],[-72.71986,40.82044],[-72.71871,40.82146],[-72.71819,40.82217],[-72.71919,40.82145],[-72.72018,40.82047],[-72.72055,40.8197],[-72.72195,40.81891],[-72.72368,40.81728],[-72.72399,40.81683],[-72.72387,40.81665],[-72.72429,40.81623],[-72.72383,40.81565],[-72.7239,40.81543],[-72.72461,40.81531],[-72.72465,40.81496],[-72.72575,40.81465],[-72.72597,40.81436],[-72.72801,40.81458],[-72.72869,40.81514],[-72.72836,40.81767],[-72.72778,40.81943],[-72.72805,40.82061],[-72.72875,40.81865],[-72.72906,40.81601],[-72.72967,40.81495],[-72.73105,40.81448],[-72.73283,40.81549],[-72.73386,40.81692],[-72.73706,40.8202],[-72.73971,40.82178],[-72.73981,40.82099],[-72.73882,40.81949],[-72.73559,40.81683],[-72.73326,40.81421],[-72.73026,40.81248],[-72.72909,40.81233],[-72.72835,40.8139],[-72.72763,40.81382],[-72.72728,40.81187],[-72.72974,40.80958],[-72.73093,40.80651],[-72.73075,40.79953],[-72.73133,40.79852],[-72.73938,40.79909],[-72.74206,40.79994],[-72.74294,40.80178],[-72.74448,40.80288],[-72.74692,40.80302],[-72.75009,40.80207],[-72.75144,40.80237],[-72.75242,40.80415],[-72.75491,40.80468],[-72.75529,40.80417],[-72.75398,40.80296],[-72.75368,40.80181],[-72.75195,40.80132],[-72.75221,40.79897],[-72.75083,40.79475],[-72.74897,40.79468],[-72.74796,40.79337],[-72.74566,40.79359],[-72.74434,40.79428],[-72.7422,40.79],[-72.74211,40.78838],[-72.74318,40.78701],[-72.74492,40.78636],[-72.74955,40.78615],[-72.74989,40.78925],[-72.75306,40.79012],[-72.75364,40.79181],[-72.75479,40.79282],[-72.75658,40.79291],[-72.75763,40.79236],[-72.75911,40.79333],[-72.75848,40.79449],[-72.75855,40.79579],[-72.75973,40.79592],[-72.76047,40.79415],[-72.76131,40.79474],[-72.76086,40.79575],[-72.76149,40.79617],[-72.76206,40.7952],[-72.76139,40.79224],[-72.76323,40.79128],[-72.76323,40.79008],[-72.75991,40.78982],[-72.75835,40.78921],[-72.75733,40.7875],[-72.7562,40.78661],[-72.75481,40.78495],[-72.75225,40.78463],[-72.75115,40.78316],[-72.75202,40.78283],[-72.75678,40.78387],[-72.75879,40.78388],[-72.76002,40.78347],[-72.76149,40.78193],[-72.76296,40.7814],[-72.76413,40.78156],[-72.7645,40.78235],[-72.76574,40.78242],[-72.76812,40.78224],[-72.77006,40.78266],[-72.77053,40.78356],[-72.77005,40.78491],[-72.77031,40.78592],[-72.77024,40.7875],[-72.77097,40.78877],[-72.77204,40.79189],[-72.77182,40.79737],[-72.77232,40.79784],[-72.7738,40.7937],[-72.77401,40.79115],[-72.77323,40.78995],[-72.77316,40.78529],[-72.77383,40.7841],[-72.77313,40.78255],[-72.77419,40.78209],[-72.77544,40.78284],[-72.77682,40.78283],[-72.77836,40.78326],[-72.78246,40.78269],[-72.78412,40.78325],[-72.78711,40.78356],[-72.78837,40.78413],[-72.78882,40.78518],[-72.78617,40.78763],[-72.78608,40.78988],[-72.78542,40.79114],[-72.78678,40.79255],[-72.78857,40.78938],[-72.7904,40.78479],[-72.79374,40.78482],[-72.79452,40.78567],[-72.79271,40.78903],[-72.79374,40.78916],[-72.7958,40.78751],[-72.79607,40.78553],[-72.7966,40.78467],[-72.79924,40.7839],[-72.80032,40.78445],[-72.80037,40.78734],[-72.79937,40.78973],[-72.79662,40.79237],[-72.79653,40.79448],[-72.79773,40.79386],[-72.80165,40.78907],[-72.80336,40.7854],[-72.80462,40.78445],[-72.80561,40.78499],[-72.80574,40.78689],[-72.80674,40.78981],[-72.80467,40.79485],[-72.8035,40.79676],[-72.80396,40.79734],[-72.80489,40.79699],[-72.80786,40.79102],[-72.80804,40.78637],[-72.80704,40.78521],[-72.80666,40.78366],[-72.8056,40.78254],[-72.80478,40.78238],[-72.80327,40.78403],[-72.80171,40.78442],[-72.80153,40.7834],[-72.80317,40.78289],[-72.80353,40.78137],[-72.8045,40.78051],[-72.80485,40.77857],[-72.80561,40.77684],[-72.80753,40.77684],[-72.80883,40.77757],[-72.80879,40.77878],[-72.80925,40.77925],[-72.81062,40.77989],[-72.81221,40.78277],[-72.81491,40.78444],[-72.81563,40.7851],[-72.81478,40.78614],[-72.81449,40.78985],[-72.81329,40.79148],[-72.81438,40.79308],[-72.81442,40.79576],[-72.8138,40.79795],[-72.81515,40.79717],[-72.81639,40.79539],[-72.81559,40.79225],[-72.81654,40.7873],[-72.81733,40.78611],[-72.81842,40.78575],[-72.81902,40.7863],[-72.81813,40.78852],[-72.81863,40.79003],[-72.81977,40.79125],[-72.8212,40.79121],[-72.82209,40.79198],[-72.82422,40.79158],[-72.82486,40.79251],[-72.8247,40.79379],[-72.82353,40.79502],[-72.82337,40.79648],[-72.82379,40.79754],[-72.82603,40.79574],[-72.82722,40.79601],[-72.82696,40.79825],[-72.82794,40.7994],[-72.82833,40.80135],[-72.83014,40.80221],[-72.83065,40.80467],[-72.83145,40.80481],[-72.8324,40.80314],[-72.83123,40.80145],[-72.83017,40.80098],[-72.82942,40.80013],[-72.82939,40.79932],[-72.83072,40.79816],[-72.83021,40.7968],[-72.83038,40.79603],[-72.83213,40.79486],[-72.83006,40.79433],[-72.82858,40.79173],[-72.82632,40.78981],[-72.82693,40.78847],[-72.83253,40.78805],[-72.83548,40.78703],[-72.8355,40.78663],[-72.83333,40.7869],[-72.83145,40.7863],[-72.82561,40.78648],[-72.82127,40.78387],[-72.81994,40.78275],[-72.81902,40.78258],[-72.81888,40.78206],[-72.81949,40.78112],[-72.81928,40.78006],[-72.81801,40.77904],[-72.81482,40.7787],[-72.81507,40.77781],[-72.81706,40.77818],[-72.81888,40.77811],[-72.82023,40.77761],[-72.82045,40.77663],[-72.81942,40.77652],[-72.81719,40.77698],[-72.81277,40.77714],[-72.81215,40.77646],[-72.81251,40.77449],[-72.81232,40.77225],[-72.81318,40.77214],[-72.81495,40.77261],[-72.81708,40.7724],[-72.81914,40.77163],[-72.8193,40.77112],[-72.81462,40.77132],[-72.81171,40.7697],[-72.811,40.77075],[-72.80989,40.77022],[-72.81017,40.76533],[-72.81123,40.76261],[-72.81421,40.76251],[-72.81399,40.76099],[-72.8149,40.75941],[-72.81608,40.75877],[-72.81706,40.75964],[-72.819,40.75943],[-72.81973,40.75771],[-72.82115,40.75905],[-72.82275,40.75932],[-72.82418,40.75842],[-72.82636,40.75789],[-72.82765,40.75713],[-72.82995,40.75713],[-72.83197,40.75798],[-72.83552,40.75324],[-72.83787,40.75279],[-72.83847,40.75208],[-72.83953,40.75187],[-72.84328,40.75301],[-72.84301,40.75413],[-72.84495,40.75449],[-72.84594,40.75617],[-72.84756,40.75712],[-72.84794,40.75679],[-72.84678,40.75571],[-72.84652,40.75423],[-72.84552,40.75231],[-72.84372,40.75039],[-72.84309,40.74801],[-72.8439,40.74721],[-72.84401,40.7462],[-72.84501,40.74614],[-72.84633,40.74549],[-72.84782,40.74567],[-72.8491,40.74694],[-72.85195,40.74447],[-72.85455,40.74404],[-72.85636,40.74294],[-72.85987,40.74251],[-72.86053,40.74306],[-72.85831,40.74419],[-72.85814,40.74513],[-72.85962,40.74566],[-72.86063,40.74502],[-72.86163,40.74593],[-72.86337,40.74495],[-72.86498,40.74594],[-72.86579,40.74559],[-72.86521,40.74233],[-72.86838,40.73979],[-72.87312,40.74017],[-72.87396,40.73966],[-72.87422,40.73839],[-72.87277,40.7375],[-72.87367,40.73718],[-72.87927,40.73992],[-72.88134,40.74325],[-72.88181,40.74614],[-72.88145,40.74786],[-72.88195,40.74967],[-72.88232,40.75422],[-72.88188,40.75685],[-72.88259,40.75895],[-72.88651,40.76204],[-72.88697,40.76263],[-72.88567,40.7631],[-72.88568,40.76398],[-72.88454,40.76512],[-72.88509,40.76666],[-72.88741,40.76661],[-72.88843,40.76755],[-72.88844,40.76866],[-72.89195,40.76932],[-72.89174,40.77113],[-72.89301,40.77314],[-72.89246,40.77399],[-72.89203,40.7767],[-72.89044,40.77821],[-72.88998,40.77927],[-72.89116,40.78007],[-72.89297,40.78061],[-72.89211,40.77935],[-72.89327,40.77772],[-72.89345,40.77586],[-72.89439,40.77485],[-72.89462,40.77305],[-72.89416,40.76992],[-72.89151,40.76684],[-72.89226,40.76589],[-72.89252,40.76408],[-72.89381,40.7626],[-72.89257,40.76034],[-72.89986,40.7587],[-72.90224,40.759],[-72.90553,40.75732],[-72.91067,40.75767],[-72.91409,40.75938],[-72.91624,40.75994],[-72.91841,40.75954],[-72.92155,40.75984],[-72.92342,40.75927],[-72.92886,40.75631],[-72.93136,40.75417],[-72.93071,40.75254],[-72.9339,40.75158],[-72.93755,40.74821],[-72.94207,40.74544],[-72.94306,40.74458],[-72.94346,40.74071],[-72.9459,40.74121],[-72.9522,40.74114],[-72.9557,40.74273],[-72.95737,40.74314],[-72.96178,40.74296],[-72.9654,40.74354],[-72.96711,40.74445],[-72.96905,40.74478],[-72.97044,40.74569],[-72.97327,40.74636],[-72.97485,40.74755],[-72.97973,40.74937],[-72.98256,40.74987],[-72.98375,40.74941],[-72.98775,40.74926],[-72.98944,40.74869],[-72.99385,40.7481],[-72.99932,40.74703],[-73.00279,40.74752],[-73.00465,40.74832],[-73.00654,40.74755],[-73.00986,40.74751],[-73.01136,40.74788],[-73.01335,40.74797],[-73.01633,40.74899],[-73.01995,40.74848],[-73.02177,40.74768],[-73.02367,40.74654],[-73.02669,40.74371],[-73.03125,40.73785],[-73.03246,40.73434],[-73.03171,40.73171],[-73.03225,40.73058],[-73.03431,40.72975],[-73.03684,40.73019],[-73.04101,40.72944],[-73.04684,40.72932],[-73.04878,40.72853],[-73.05244,40.72762],[-73.062,40.72746],[-73.06473,40.72597],[-73.06795,40.72305],[-73.06952,40.72246],[-73.071,40.72274],[-73.07283,40.72272],[-73.0785,40.72154],[-73.08478,40.72119],[-73.08861,40.72039],[-73.09348,40.72045],[-73.10227,40.71786],[-73.10587,40.71815],[-73.10895,40.71908],[-73.11119,40.72025],[-73.11637,40.72443],[-73.12079,40.72651],[-73.12289,40.72673],[-73.12329,40.72499],[-73.12467,40.72438],[-73.12715,40.72533],[-73.1307,40.7255],[-73.13175,40.72634],[-73.13366,40.72706],[-73.13614,40.72682],[-73.13767,40.72713],[-73.14095,40.72635],[-73.1424,40.72706],[-73.14473,40.72725],[-73.14963,40.72684],[-73.15292,40.72804],[-73.15403,40.72901],[-73.1556,40.73428],[-73.15559,40.73551],[-73.15486,40.73746],[-73.15362,40.73908],[-73.1512,40.7407],[-73.14758,40.74237],[-73.14532,40.74381],[-73.14488,40.74483],[-73.14673,40.74481],[-73.1485,40.74387],[-73.15075,40.74199],[-73.15378,40.74151],[-73.15592,40.74028],[-73.15789,40.73832],[-73.1591,40.73582],[-73.15738,40.72873],[-73.15642,40.7274],[-73.15014,40.72369],[-73.14789,40.72288],[-73.14094,40.72192],[-73.13868,40.72144],[-73.13786,40.72068],[-73.1392,40.71952],[-73.1371,40.7184],[-73.13496,40.7188],[-73.13366,40.71803],[-73.13425,40.71716],[-73.13685,40.71581],[-73.14181,40.71128],[-73.14395,40.70798],[-73.14549,40.69977],[-73.14656,40.69865],[-73.14981,40.69765],[-73.15498,40.69787],[-73.15638,40.6983],[-73.16808,40.69838],[-73.17574,40.70093],[-73.17766,40.70204],[-73.17957,40.70274],[-73.18147,40.70373],[-73.18384,40.70417],[-73.1854,40.70532],[-73.1856,40.70626],[-73.18471,40.70849],[-73.1853,40.70945],[-73.18788,40.71061],[-73.18821,40.71014],[-73.18694,40.70827],[-73.18703,40.70729],[-73.19028,40.70548],[-73.19251,40.7054],[-73.19623,40.70694],[-73.20038,40.70767],[-73.20183,40.70848],[-73.20266,40.71005],[-73.20284,40.71255],[-73.20194,40.71427],[-73.20053,40.7154],[-73.20115,40.71722],[-73.20122,40.71935],[-73.20021,40.72128],[-73.20112,40.72236],[-73.20114,40.72371],[-73.20215,40.7242],[-73.20298,40.72345],[-73.20265,40.7225],[-73.20265,40.71996],[-73.20346,40.71488],[-73.20444,40.71254],[-73.20596,40.7096],[-73.20786,40.70774],[-73.21141,40.70618],[-73.21393,40.70675],[-73.21958,40.70669],[-73.22134,40.70734],[-73.2227,40.70831],[-73.22354,40.7104],[-73.22323,40.71573],[-73.22188,40.72044],[-73.22115,40.7217],[-73.22119,40.72411],[-73.2218,40.72516],[-73.22271,40.72488],[-73.2237,40.72291],[-73.2237,40.72103],[-73.2244,40.71879],[-73.22692,40.71645],[-73.22853,40.71642],[-73.2302,40.71774],[-73.23059,40.71887],[-73.23011,40.72024],[-73.23048,40.72118],[-73.23062,40.72299],[-73.23158,40.72289],[-73.23204,40.72115],[-73.23204,40.71867],[-73.2327,40.71525],[-73.23368,40.71352],[-73.23538,40.71328],[-73.23654,40.71472],[-73.23678,40.71598],[-73.23909,40.71964],[-73.24053,40.72083],[-73.24074,40.72028],[-73.23824,40.7168],[-73.23816,40.71574],[-73.239,40.71459],[-73.23845,40.71366],[-73.23842,40.71283],[-73.24028,40.71163],[-73.2407,40.71092],[-73.23966,40.71088],[-73.23584,40.71229],[-73.23533,40.71171],[-73.23631,40.71074],[-73.23896,40.70978],[-73.24367,40.70937],[-73.24699,40.70712],[-73.24767,40.70351],[-73.25207,40.70118],[-73.25494,40.70044],[-73.25616,40.69941],[-73.25703,40.69697],[-73.25842,40.69581],[-73.26173,40.69573],[-73.2633,40.69543],[-73.26656,40.69267],[-73.26961,40.6917],[-73.27191,40.69042],[-73.27368,40.68811],[-73.27471,40.68507],[-73.27602,40.68207],[-73.27864,40.68194],[-73.28054,40.68466],[-73.28673,40.68438],[-73.28955,40.68495],[-73.29462,40.68485],[-73.29706,40.68544],[-73.30021,40.68812],[-73.30404,40.68724],[-73.30755,40.68742],[-73.30883,40.68804],[-73.3103,40.68823],[-73.31351,40.68655],[-73.31323,40.68561],[-73.31429,40.68397],[-73.3125,40.68059],[-73.31268,40.6796],[-73.31423,40.6795],[-73.31583,40.681],[-73.31744,40.68123],[-73.32205,40.68058],[-73.32448,40.6806],[-73.32556,40.68161],[-73.3253,40.68384],[-73.32545,40.68563],[-73.32496,40.68822],[-73.3261,40.68936],[-73.3268,40.68922],[-73.32652,40.68703],[-73.32677,40.68555],[-73.3286,40.68421],[-73.32906,40.68291],[-73.32824,40.68031],[-73.32845,40.67914],[-73.33352,40.67566],[-73.33621,40.67498],[-73.3381,40.67348],[-73.33899,40.67151],[-73.34024,40.6709],[-73.34315,40.67131],[-73.34485,40.67329],[-73.34576,40.67493],[-73.3467,40.67531],[-73.34705,40.67437],[-73.34572,40.67145],[-73.3456,40.66991],[-73.34672,40.66916],[-73.34952,40.66884],[-73.35232,40.66976],[-73.354,40.66998],[-73.35584,40.66972],[-73.35688,40.66764],[-73.36122,40.66658],[-73.36559,40.66647],[-73.36578,40.66559],[-73.36518,40.66455],[-73.36508,40.66316],[-73.36742,40.66214],[-73.37241,40.66173],[-73.37401,40.66056],[-73.37633,40.66018],[-73.38032,40.6582],[-73.38354,40.65842],[-73.38636,40.6577],[-73.38771,40.65759],[-73.38968,40.65905],[-73.39128,40.65792],[-73.39167,40.65672],[-73.39673,40.65535],[-73.39821,40.6553],[-73.40009,40.65643],[-73.40166,40.65683],[-73.40295,40.65819],[-73.4039,40.65823],[-73.40411,40.65588],[-73.40559,40.65524],[-73.40747,40.6554],[-73.40884,40.65648],[-73.41119,40.65967],[-73.41196,40.65958],[-73.41336,40.65663],[-73.41569,40.65512],[-73.41764,40.65511],[-73.41931,40.65471],[-73.42175,40.65652],[-73.42306,40.65559],[-73.42529,40.65595],[-73.42823,40.65775],[-73.4299,40.65816],[-73.43067,40.65752],[-73.43052,40.65612],[-73.42731,40.65106],[-73.42997,40.65035],[-73.43231,40.65098],[-73.43641,40.65151],[-73.44086,40.65304],[-73.44518,40.65322],[-73.44599,40.65377],[-73.44675,40.65571],[-73.44774,40.65544],[-73.45153,40.65279],[-73.45366,40.65259],[-73.45451,40.65096],[-73.45825,40.6481],[-73.46216,40.6479],[-73.46423,40.64865],[-73.46547,40.64972],[-73.46649,40.65273],[-73.46655,40.65517],[-73.46624,40.65646],[-73.46718,40.65824],[-73.46879,40.65723],[-73.47038,40.65685],[-73.47053,40.65571],[-73.47173,40.65433],[-73.47173,40.65156],[-73.47279,40.65029],[-73.47447,40.64984],[-73.47575,40.65098],[-73.47719,40.65006],[-73.47945,40.6516],[-73.48118,40.65163],[-73.48313,40.65072],[-73.48423,40.65107],[-73.48412,40.65426],[-73.48504,40.65502],[-73.4863,40.65452],[-73.48711,40.65259],[-73.48631,40.65047],[-73.48449,40.64944],[-73.4845,40.64822],[-73.4869,40.64566],[-73.48816,40.64331],[-73.48893,40.64066],[-73.49018,40.6399],[-73.49203,40.64061],[-73.49499,40.63938],[-73.49916,40.6383],[-73.49943,40.63698],[-73.49866,40.6364],[-73.49492,40.63728],[-73.49382,40.6365],[-73.49404,40.63462],[-73.49612,40.63202],[-73.49904,40.63062],[-73.4992,40.62894],[-73.49855,40.62836],[-73.49859,40.62489],[-73.50055,40.62436],[-73.50234,40.62496],[-73.50249,40.62905],[-73.50368,40.62937],[-73.5052,40.62882],[-73.50631,40.62886],[-73.50709,40.62975],[-73.50682,40.63177],[-73.50791,40.63283],[-73.50766,40.63378],[-73.50669,40.63472],[-73.50596,40.63588],[-73.50686,40.63733],[-73.50621,40.63874],[-73.50814,40.64073],[-73.50998,40.64105],[-73.51269,40.64225],[-73.51262,40.64342],[-73.51043,40.64551],[-73.51065,40.64646],[-73.51209,40.64714],[-73.51276,40.64491],[-73.51338,40.64387],[-73.51505,40.64381],[-73.51562,40.64448],[-73.5144,40.64612],[-73.51452,40.64715],[-73.51525,40.6485],[-73.51528,40.65094],[-73.51622,40.65192],[-73.51651,40.65356],[-73.51779,40.65355],[-73.51722,40.6494],[-73.51595,40.64779],[-73.51566,40.64633],[-73.51655,40.64514],[-73.51706,40.6438],[-73.51605,40.64187],[-73.51782,40.6387],[-73.52022,40.6402],[-73.52066,40.64192],[-73.52237,40.64245],[-73.5228,40.6466],[-73.52411,40.64763],[-73.5251,40.64757],[-73.52484,40.64631],[-73.524,40.64528],[-73.52399,40.64355],[-73.52561,40.64333],[-73.52725,40.64393],[-73.52751,40.64542],[-73.52855,40.64642],[-73.53072,40.64711],[-73.53098,40.64891],[-73.532,40.64946],[-73.53262,40.64858],[-73.53181,40.64781],[-73.53166,40.64622],[-73.53095,40.64548],[-73.53037,40.64439],[-73.52772,40.64288],[-73.52738,40.64175],[-73.52836,40.63959],[-73.52957,40.63914],[-73.53166,40.63968],[-73.53283,40.64037],[-73.53244,40.64238],[-73.53393,40.64362],[-73.53622,40.64424],[-73.53855,40.64344],[-73.53977,40.64504],[-73.53931,40.64599],[-73.53947,40.64681],[-73.54081,40.64734],[-73.54302,40.64731],[-73.54365,40.64648],[-73.54314,40.64515],[-73.54327,40.64131],[-73.54276,40.64005],[-73.54286,40.63905],[-73.54435,40.63863],[-73.54644,40.63899],[-73.54919,40.64061],[-73.55153,40.64169],[-73.55217,40.64275],[-73.55334,40.64373],[-73.55502,40.64416],[-73.55472,40.64288],[-73.555,40.64169],[-73.55751,40.64019],[-73.55731,40.63808],[-73.55609,40.63655],[-73.55408,40.63588],[-73.55579,40.63323],[-73.55835,40.63057],[-73.55977,40.63061],[-73.56231,40.63188],[-73.56217,40.6347],[-73.56265,40.64027],[-73.56444,40.64294],[-73.56534,40.64553],[-73.56617,40.64402],[-73.57055,40.64468],[-73.57133,40.64542],[-73.57237,40.64935],[-73.57261,40.65139],[-73.57352,40.6521],[-73.57408,40.65121],[-73.57387,40.64863],[-73.5731,40.64819],[-73.57277,40.64669],[-73.57197,40.64484],[-73.57081,40.64375],[-73.56787,40.64336],[-73.56634,40.64257],[-73.56615,40.64047],[-73.56487,40.6386],[-73.56527,40.63673],[-73.56573,40.6355],[-73.5641,40.63371],[-73.56386,40.63208],[-73.56512,40.63095],[-73.56764,40.63035],[-73.56952,40.62951],[-73.57118,40.62603],[-73.57228,40.625],[-73.57512,40.62439],[-73.57631,40.62493],[-73.57727,40.62752],[-73.57834,40.62825],[-73.57996,40.62833],[-73.58147,40.62773],[-73.58237,40.62783],[-73.58345,40.6316],[-73.58392,40.63514],[-73.58474,40.63576],[-73.58539,40.63725],[-73.5856,40.63971],[-73.58658,40.64008],[-73.58685,40.63938],[-73.586,40.63541],[-73.58521,40.63456],[-73.58466,40.63226],[-73.58548,40.63203],[-73.59025,40.63435],[-73.59201,40.63429],[-73.59293,40.63471],[-73.59472,40.63463],[-73.59495,40.63193],[-73.59249,40.63065],[-73.59165,40.6297],[-73.59112,40.62695],[-73.59251,40.62589],[-73.59302,40.62498],[-73.59416,40.62407],[-73.59319,40.62253],[-73.59379,40.62199],[-73.59537,40.62187],[-73.59733,40.62127],[-73.59795,40.62159],[-73.59756,40.62247],[-73.59791,40.62324],[-73.59903,40.62396],[-73.60142,40.62303],[-73.60218,40.62354],[-73.60208,40.62578],[-73.6029,40.62604],[-73.60762,40.62368],[-73.60951,40.6251],[-73.61151,40.62741],[-73.61329,40.63208],[-73.61418,40.63198],[-73.61545,40.63008],[-73.61535,40.62793],[-73.61676,40.62659],[-73.6159,40.62448],[-73.6148,40.62425],[-73.61429,40.6234],[-73.61589,40.62097],[-73.61727,40.61971],[-73.62173,40.618],[-73.62291,40.61709],[-73.62303,40.61501],[-73.62351,40.61438],[-73.62721,40.61394],[-73.62849,40.61303],[-73.62953,40.61267],[-73.63174,40.61365],[-73.63649,40.61481],[-73.63771,40.6154],[-73.63887,40.61697],[-73.64067,40.61787],[-73.64456,40.61827],[-73.64828,40.61782],[-73.65025,40.61778],[-73.65189,40.62202],[-73.65448,40.62484],[-73.65567,40.62506],[-73.65696,40.62423],[-73.6579,40.62418],[-73.65846,40.6255],[-73.65876,40.62784],[-73.65815,40.62853],[-73.65625,40.63001],[-73.65717,40.6311],[-73.65695,40.63213],[-73.6558,40.63344],[-73.65551,40.63473],[-73.65667,40.63493],[-73.65802,40.63327],[-73.66099,40.62376],[-73.66159,40.62291],[-73.66413,40.6228],[-73.66561,40.62341],[-73.66591,40.6249],[-73.66727,40.62587],[-73.66637,40.62846],[-73.66825,40.62853],[-73.67069,40.62896],[-73.67182,40.62869],[-73.67345,40.62887],[-73.67529,40.62954],[-73.67539,40.63053],[-73.67607,40.63076],[-73.67749,40.62981],[-73.67951,40.6272],[-73.68084,40.62642],[-73.6815,40.62669],[-73.68113,40.6293],[-73.68195,40.62985],[-73.68311,40.62917],[-73.68358,40.62744],[-73.68449,40.62633],[-73.68645,40.62551],[-73.68652,40.62389],[-73.68784,40.62322],[-73.68696,40.6225],[-73.68685,40.62119],[-73.68611,40.62061],[-73.68462,40.62078],[-73.6841,40.62238],[-73.68327,40.62239],[-73.68165,40.61977],[-73.68164,40.61801],[-73.68348,40.61687],[-73.68439,40.61573],[-73.68375,40.61528],[-73.68276,40.61632],[-73.68098,40.61629],[-73.68015,40.6149],[-73.67918,40.61472],[-73.67882,40.61527],[-73.68048,40.61784],[-73.6801,40.61826],[-73.67907,40.61782],[-73.67726,40.61804],[-73.67603,40.61797],[-73.67582,40.61533],[-73.67651,40.61405],[-73.67655,40.61248],[-73.67726,40.61116],[-73.67723,40.6099],[-73.67839,40.60817],[-73.67942,40.60874],[-73.68415,40.60511],[-73.68765,40.60521],[-73.68904,40.60583],[-73.69003,40.6077],[-73.69036,40.60919],[-73.68925,40.61116],[-73.69056,40.61288],[-73.69201,40.61392],[-73.69229,40.6152],[-73.69358,40.61664],[-73.69402,40.61757],[-73.69406,40.6215],[-73.69304,40.62209],[-73.69242,40.62426],[-73.69639,40.62272],[-73.69691,40.62119],[-73.6985,40.62047],[-73.69871,40.61921],[-73.69988,40.61855],[-73.69995,40.61736],[-73.70122,40.61621],[-73.70307,40.61539],[-73.70434,40.6157],[-73.70438,40.61907],[-73.70566,40.6196],[-73.70738,40.62103],[-73.70878,40.62128],[-73.71046,40.62216],[-73.71173,40.62147],[-73.7116,40.62063],[-73.70903,40.62033],[-73.70711,40.61922],[-73.7059,40.61747],[-73.70581,40.61511],[-73.70526,40.61404],[-73.70696,40.61304],[-73.70677,40.61121],[-73.70451,40.61198],[-73.70362,40.61202],[-73.70357,40.61124],[-73.70544,40.61041],[-73.70725,40.61058],[-73.70907,40.60868],[-73.709,40.6059],[-73.70949,40.6048],[-73.70929,40.60413],[-73.70726,40.6042],[-73.70614,40.60364],[-73.70466,40.60381],[-73.70386,40.6028],[-73.70093,40.60285],[-73.69995,40.60241],[-73.69853,40.6001],[-73.6983,40.59843],[-73.69735,40.59879],[-73.69773,40.60166],[-73.6987,40.60253],[-73.6993,40.6034],[-73.69895,40.60428],[-73.69711,40.60455],[-73.69494,40.60539],[-73.69329,40.60518],[-73.69224,40.60436],[-73.69063,40.6015],[-73.68928,40.60122],[-73.68811,40.60166],[-73.68724,40.60135],[-73.68552,40.60174],[-73.68494,40.60141],[-73.68543,40.6006],[-73.68512,40.59543],[-73.68613,40.59434],[-73.68807,40.59373],[-73.69278,40.59343],[-73.69761,40.59283],[-73.70176,40.59265],[-73.70843,40.59327],[-73.71161,40.59403],[-73.715,40.59423],[-73.71932,40.5951],[-73.7208,40.59489],[-73.72414,40.59489],[-73.72544,40.59551],[-73.72717,40.59503],[-73.72982,40.595],[-73.73408,40.59597],[-73.73557,40.59533],[-73.73867,40.5953]]],[[[-73.57143,40.62374],[-73.5696,40.62436],[-73.56801,40.62811],[-73.56584,40.62985],[-73.56358,40.6305],[-73.5592,40.62992],[-73.55849,40.62436],[-73.55727,40.62183],[-73.55485,40.62025],[-73.55289,40.61714],[-73.55506,40.61577],[-73.55695,40.61615],[-73.57172,40.62318],[-73.57143,40.62374]]],[[[-73.70738,40.60538],[-73.7074,40.60663],[-73.70828,40.60825],[-73.70523,40.60946],[-73.70378,40.60936],[-73.70409,40.60801],[-73.70278,40.60703],[-73.70319,40.6061],[-73.70482,40.60471],[-73.70738,40.60538]]],[[[-73.7026,40.60417],[-73.70275,40.60519],[-73.70036,40.60698],[-73.69844,40.60729],[-73.69774,40.60779],[-73.69807,40.60944],[-73.69606,40.6096],[-73.6947,40.61099],[-73.69349,40.61119],[-73.69175,40.61025],[-73.6915,40.6092],[-73.6924,40.60681],[-73.69422,40.60674],[-73.6969,40.60634],[-73.69786,40.60559],[-73.69927,40.60528],[-73.70145,40.60381],[-73.7026,40.60417]]],[[[-73.69799,40.61734],[-73.69817,40.61831],[-73.69706,40.6191],[-73.69579,40.61911],[-73.69528,40.61844],[-73.69633,40.61736],[-73.69799,40.61734]]],[[[-73.69534,40.6123],[-73.69641,40.6142],[-73.69567,40.61518],[-73.69586,40.61643],[-73.69453,40.61627],[-73.6936,40.61321],[-73.69272,40.61263],[-73.69264,40.61198],[-73.69534,40.6123]]],[[[-73.68261,40.62348],[-73.68257,40.62451],[-73.68069,40.62424],[-73.67916,40.62477],[-73.67884,40.62362],[-73.68098,40.62251],[-73.68261,40.62348]]],[[[-73.6805,40.59664],[-73.68173,40.59855],[-73.68066,40.59875],[-73.67756,40.59798],[-73.67806,40.59713],[-73.6805,40.59664]]],[[[-73.67831,40.60126],[-73.67754,40.60262],[-73.67716,40.60464],[-73.67664,40.60513],[-73.67514,40.6045],[-73.67449,40.60634],[-73.67261,40.60777],[-73.67174,40.61023],[-73.67066,40.60966],[-73.66949,40.60813],[-73.66754,40.60772],[-73.66756,40.60709],[-73.67084,40.60533],[-73.67128,40.60315],[-73.67176,40.60232],[-73.67125,40.60072],[-73.67149,40.59971],[-73.67047,40.5989],[-73.67038,40.59759],[-73.67339,40.59703],[-73.67671,40.59822],[-73.67817,40.59925],[-73.67831,40.60126]]],[[[-73.66637,40.59624],[-73.66831,40.59797],[-73.6698,40.60043],[-73.66857,40.60095],[-73.66813,40.59978],[-73.66719,40.59856],[-73.66468,40.59658],[-73.66637,40.59624]]],[[[-73.66867,40.60338],[-73.66873,40.60557],[-73.6651,40.60709],[-73.66072,40.60677],[-73.65814,40.60703],[-73.65672,40.60783],[-73.65505,40.6081],[-73.65388,40.61022],[-73.65217,40.61149],[-73.6518,40.61268],[-73.65206,40.61366],[-73.65124,40.61621],[-73.65045,40.6167],[-73.64586,40.61714],[-73.64114,40.61694],[-73.63877,40.61518],[-73.63861,40.6136],[-73.63997,40.61265],[-73.64076,40.61134],[-73.63975,40.6091],[-73.64069,40.60791],[-73.64093,40.6066],[-73.64197,40.60516],[-73.64382,40.60505],[-73.64368,40.60074],[-73.6456,40.59894],[-73.64903,40.59842],[-73.65144,40.5964],[-73.66127,40.59741],[-73.66337,40.59734],[-73.66489,40.59809],[-73.66867,40.60338]]],[[[-73.66414,40.60937],[-73.66332,40.61259],[-73.6632,40.6145],[-73.66195,40.61569],[-73.6604,40.61597],[-73.65946,40.61505],[-73.66067,40.61209],[-73.65854,40.60978],[-73.65906,40.60911],[-73.66101,40.60942],[-73.6632,40.60879],[-73.66414,40.60937]]],[[[-73.65831,40.61189],[-73.65836,40.6137],[-73.65721,40.61446],[-73.65717,40.6165],[-73.65792,40.61837],[-73.65783,40.62057],[-73.65798,40.6229],[-73.65569,40.62295],[-73.65422,40.62229],[-73.65204,40.61889],[-73.65183,40.61735],[-73.65301,40.61526],[-73.65316,40.61177],[-73.65486,40.61062],[-73.65662,40.61057],[-73.65831,40.61189]]],[[[-73.6424,40.60051],[-73.64257,40.60114],[-73.64165,40.60201],[-73.64199,40.60387],[-73.63974,40.60563],[-73.6397,40.60768],[-73.63823,40.60843],[-73.63823,40.60935],[-73.63949,40.61074],[-73.6394,40.61186],[-73.63787,40.61243],[-73.63618,40.61219],[-73.63455,40.6128],[-73.63353,40.61246],[-73.63281,40.60893],[-73.63302,40.60774],[-73.63249,40.60639],[-73.63269,40.60533],[-73.63552,40.60374],[-73.63645,40.60098],[-73.63904,40.59977],[-73.6424,40.60051]]],[[[-73.63235,40.59835],[-73.63309,40.59876],[-73.63389,40.60091],[-73.63268,40.60273],[-73.6301,40.60412],[-73.62991,40.60792],[-73.62904,40.60924],[-73.6272,40.61008],[-73.625,40.61013],[-73.62458,40.61051],[-73.62555,40.61158],[-73.6243,40.61224],[-73.6225,40.61212],[-73.62078,40.61536],[-73.61954,40.61669],[-73.61141,40.6155],[-73.60948,40.6159],[-73.60901,40.61542],[-73.61026,40.61371],[-73.6142,40.61109],[-73.61512,40.60926],[-73.61435,40.609],[-73.61265,40.6109],[-73.61204,40.61025],[-73.61302,40.60812],[-73.61526,40.60653],[-73.62017,40.60585],[-73.6217,40.6066],[-73.6233,40.60535],[-73.62506,40.60476],[-73.62575,40.60355],[-73.62712,40.60226],[-73.62718,40.60115],[-73.62814,40.60036],[-73.62844,40.59836],[-73.6309,40.5987],[-73.63235,40.59835]]],[[[-73.62295,40.59908],[-73.62292,40.60193],[-73.62231,40.60251],[-73.62094,40.60245],[-73.61946,40.60092],[-73.61701,40.60083],[-73.61497,40.5992],[-73.61531,40.59855],[-73.61879,40.59855],[-73.61905,40.59745],[-73.62253,40.59841],[-73.62295,40.59908]]],[[[-73.61183,40.59882],[-73.61275,40.59968],[-73.6133,40.60155],[-73.61579,40.60312],[-73.61529,40.60366],[-73.61282,40.60293],[-73.61195,40.60303],[-73.61221,40.6037],[-73.61324,40.60421],[-73.61352,40.60531],[-73.61151,40.60785],[-73.61082,40.61059],[-73.60957,40.61198],[-73.60914,40.61311],[-73.60827,40.6131],[-73.60751,40.61174],[-73.60746,40.60988],[-73.60679,40.60897],[-73.60724,40.60799],[-73.60723,40.60655],[-73.60683,40.60557],[-73.60351,40.6035],[-73.60809,40.60201],[-73.61014,40.59901],[-73.61183,40.59882]]],[[[-73.60264,40.59867],[-73.60562,40.59958],[-73.60648,40.6001],[-73.60621,40.60099],[-73.60243,40.60067],[-73.60121,40.5999],[-73.59665,40.59945],[-73.59513,40.59803],[-73.59509,40.59682],[-73.5962,40.59682],[-73.59759,40.59764],[-73.60124,40.59743],[-73.60264,40.59867]]],[[[-73.59283,40.59718],[-73.59392,40.59962],[-73.59505,40.60058],[-73.59876,40.60163],[-73.60035,40.60294],[-73.60099,40.60422],[-73.59972,40.60422],[-73.59385,40.60162],[-73.59173,40.59959],[-73.59035,40.59881],[-73.59117,40.59731],[-73.59283,40.59718]]],[[[-73.59365,40.60489],[-73.59293,40.60635],[-73.59521,40.60775],[-73.59519,40.60874],[-73.59418,40.61035],[-73.59393,40.61373],[-73.59318,40.61357],[-73.59125,40.61215],[-73.58753,40.61144],[-73.58781,40.60851],[-73.58618,40.60453],[-73.58738,40.60308],[-73.58937,40.60295],[-73.59296,40.60411],[-73.59365,40.60489]]],[[[-73.58445,40.60513],[-73.58654,40.60835],[-73.58617,40.6104],[-73.58656,40.61177],[-73.591,40.61376],[-73.59258,40.6152],[-73.593,40.61669],[-73.59415,40.61799],[-73.59439,40.61912],[-73.59313,40.6195],[-73.59105,40.61734],[-73.58959,40.61666],[-73.58717,40.61644],[-73.58589,40.61587],[-73.5851,40.61477],[-73.58429,40.61117],[-73.58175,40.61037],[-73.57944,40.6103],[-73.57756,40.61078],[-73.57407,40.61026],[-73.57146,40.60892],[-73.57201,40.60822],[-73.57849,40.60689],[-73.58168,40.60692],[-73.58445,40.60513]]],[[[-73.58982,40.62661],[-73.58982,40.62743],[-73.58911,40.62792],[-73.58703,40.62765],[-73.58702,40.62951],[-73.58592,40.62983],[-73.58535,40.62857],[-73.58581,40.62662],[-73.58982,40.62661]]],[[[-73.58946,40.6181],[-73.58945,40.61884],[-73.58666,40.62016],[-73.58506,40.62144],[-73.58552,40.6241],[-73.58617,40.6252],[-73.58581,40.62611],[-73.58454,40.62631],[-73.58223,40.62609],[-73.57972,40.62657],[-73.57852,40.62537],[-73.57778,40.62078],[-73.57831,40.61977],[-73.57811,40.61645],[-73.57706,40.61472],[-73.57382,40.61213],[-73.57496,40.61187],[-73.57729,40.61209],[-73.57989,40.61182],[-73.58176,40.61195],[-73.58277,40.61385],[-73.58326,40.61641],[-73.58462,40.61757],[-73.58635,40.61797],[-73.58946,40.6181]]],[[[-73.58815,40.59617],[-73.5891,40.59708],[-73.58774,40.59839],[-73.58881,40.60022],[-73.58593,40.60156],[-73.58489,40.60369],[-73.5815,40.60504],[-73.57406,40.6065],[-73.57141,40.60666],[-73.56972,40.6059],[-73.56868,40.6037],[-73.56845,40.60094],[-73.56938,40.59948],[-73.57091,40.5991],[-73.57378,40.60169],[-73.57521,40.60186],[-73.57746,40.6007],[-73.5783,40.59987],[-73.57764,40.5996],[-73.57543,40.60093],[-73.57392,40.60074],[-73.57359,40.59937],[-73.57457,40.59784],[-73.58488,40.59582],[-73.58815,40.59617]]],[[[-73.57605,40.61706],[-73.5764,40.61797],[-73.57587,40.61904],[-73.57528,40.62167],[-73.57413,40.62284],[-73.56025,40.61626],[-73.56049,40.61514],[-73.56343,40.61435],[-73.5662,40.6131],[-73.5691,40.61284],[-73.57398,40.61537],[-73.57605,40.61706]]],[[[-73.56459,40.61157],[-73.56359,40.61223],[-73.56257,40.61177],[-73.5619,40.61094],[-73.56291,40.6096],[-73.56434,40.60978],[-73.56459,40.61157]]],[[[-73.55656,40.59987],[-73.55832,40.60018],[-73.55943,40.60085],[-73.56141,40.60033],[-73.56417,40.60106],[-73.56586,40.60326],[-73.56767,40.60705],[-73.56712,40.60863],[-73.56358,40.60797],[-73.56033,40.60928],[-73.55643,40.61017],[-73.554,40.60998],[-73.55262,40.6091],[-73.55285,40.60614],[-73.55081,40.60251],[-73.55053,40.60044],[-73.55195,40.5997],[-73.55656,40.59987]]],[[[-73.55697,40.62385],[-73.55721,40.6292],[-73.55525,40.63248],[-73.55415,40.63362],[-73.55358,40.63286],[-73.55102,40.63397],[-73.55091,40.63257],[-73.55047,40.63234],[-73.54876,40.63378],[-73.5482,40.63548],[-73.54716,40.63621],[-73.54636,40.63565],[-73.54866,40.6309],[-73.5486,40.62674],[-73.55135,40.62539],[-73.55456,40.62234],[-73.55697,40.62385]]],[[[-73.54753,40.62803],[-73.54662,40.63222],[-73.54541,40.63386],[-73.54454,40.63419],[-73.54332,40.6312],[-73.54244,40.6299],[-73.54405,40.62914],[-73.54541,40.62753],[-73.54682,40.62718],[-73.54753,40.62803]]],[[[-73.55129,40.61958],[-73.55153,40.62154],[-73.55123,40.62303],[-73.54931,40.62404],[-73.54715,40.62462],[-73.54508,40.62606],[-73.54351,40.62845],[-73.5417,40.62821],[-73.53893,40.627],[-73.53772,40.62812],[-73.53641,40.62813],[-73.53457,40.62631],[-73.53413,40.62484],[-73.53259,40.62338],[-73.53168,40.62125],[-73.53186,40.61928],[-73.53265,40.61634],[-73.53556,40.61721],[-73.53968,40.61763],[-73.54203,40.61708],[-73.54446,40.61705],[-73.54635,40.6185],[-73.54967,40.61901],[-73.55129,40.61958]]],[[[-73.54252,40.60134],[-73.54515,40.60136],[-73.54661,40.60276],[-73.54774,40.60567],[-73.5497,40.6069],[-73.55125,40.61097],[-73.55303,40.61176],[-73.55346,40.6126],[-73.55199,40.61587],[-73.55057,40.61742],[-73.54775,40.61734],[-73.54582,40.61682],[-73.54433,40.61502],[-73.54353,40.61286],[-73.54237,40.61185],[-73.54138,40.61014],[-73.53762,40.60893],[-73.53684,40.61038],[-73.53577,40.61036],[-73.53376,40.60888],[-73.53142,40.60643],[-73.53086,40.60458],[-73.53264,40.60307],[-73.53644,40.60197],[-73.53992,40.60176],[-73.54252,40.60134]]],[[[-73.53908,40.61073],[-73.54242,40.61424],[-73.54208,40.61541],[-73.54011,40.61624],[-73.53731,40.6167],[-73.53471,40.61626],[-73.53332,40.61539],[-73.53357,40.61341],[-73.53586,40.61173],[-73.53908,40.61073]]],[[[-73.53025,40.6069],[-73.53197,40.60956],[-73.53404,40.61086],[-73.53397,40.61208],[-73.53274,40.6126],[-73.53219,40.61086],[-73.52825,40.60943],[-73.52698,40.60846],[-73.53025,40.6069]]],[[[-73.52977,40.61104],[-73.53101,40.61283],[-73.53103,40.61698],[-73.53045,40.61841],[-73.5278,40.61825],[-73.52518,40.61744],[-73.52355,40.61646],[-73.52292,40.61445],[-73.52356,40.61181],[-73.52522,40.60937],[-73.52643,40.60948],[-73.52977,40.61104]]],[[[-73.52853,40.62056],[-73.52957,40.62142],[-73.53106,40.62509],[-73.53159,40.63188],[-73.53021,40.63226],[-73.52889,40.63088],[-73.52781,40.63073],[-73.52718,40.63154],[-73.52602,40.63142],[-73.52603,40.63054],[-73.52699,40.62896],[-73.52595,40.62776],[-73.52352,40.62793],[-73.52235,40.62764],[-73.52035,40.62803],[-73.51762,40.62581],[-73.51644,40.62582],[-73.51543,40.62679],[-73.51459,40.62617],[-73.51353,40.62387],[-73.5136,40.62236],[-73.51568,40.6202],[-73.5171,40.61922],[-73.51922,40.61689],[-73.52063,40.61751],[-73.52131,40.61834],[-73.52138,40.61957],[-73.52318,40.61955],[-73.52488,40.62052],[-73.52853,40.62056]]],[[[-73.51724,40.62837],[-73.51722,40.62905],[-73.51658,40.62934],[-73.51418,40.62842],[-73.51205,40.62832],[-73.51073,40.62709],[-73.51079,40.62546],[-73.5122,40.62529],[-73.51313,40.62677],[-73.51724,40.62837]]],[[[-73.51159,40.62058],[-73.51255,40.62072],[-73.51285,40.62172],[-73.51228,40.62326],[-73.51052,40.62212],[-73.51039,40.62121],[-73.51159,40.62058]]],[[[-73.52336,40.60406],[-73.52338,40.60489],[-73.52008,40.60801],[-73.51771,40.61527],[-73.51306,40.61407],[-73.51111,40.61429],[-73.50683,40.61689],[-73.50523,40.61706],[-73.50423,40.61648],[-73.50398,40.61318],[-73.50489,40.61241],[-73.51053,40.61112],[-73.51464,40.60759],[-73.51761,40.60432],[-73.52336,40.60406]]],[[[-73.57203,40.5776],[-73.57227,40.57943],[-73.57144,40.58236],[-73.56999,40.58361],[-73.5663,40.58545],[-73.56513,40.58663],[-73.56395,40.58914],[-73.56221,40.59003],[-73.55584,40.59227],[-73.5529,40.59035],[-73.54613,40.59119],[-73.54696,40.59276],[-73.54616,40.59417],[-73.54177,40.59618],[-73.54069,40.59695],[-73.53926,40.59706],[-73.5382,40.59634],[-73.53446,40.5989],[-73.53274,40.59907],[-73.53044,40.6001],[-73.52733,40.60037],[-73.52455,40.59986],[-73.51917,40.60037],[-73.51586,40.60129],[-73.51263,40.6036],[-73.51132,40.60333],[-73.50915,40.60724],[-73.50777,40.60805],[-73.50525,40.60834],[-73.50042,40.6125],[-73.49868,40.61363],[-73.49675,40.61323],[-73.49572,40.61212],[-73.49525,40.61051],[-73.49293,40.61066],[-73.48987,40.60924],[-73.48686,40.60918],[-73.48673,40.60836],[-73.48858,40.60742],[-73.48935,40.60519],[-73.49082,40.60376],[-73.49758,40.60152],[-73.50101,40.60149],[-73.50088,40.60022],[-73.50016,40.59937],[-73.49796,40.59955],[-73.49683,40.59907],[-73.49544,40.60022],[-73.49386,40.59965],[-73.48992,40.60008],[-73.48602,40.6012],[-73.48127,40.6014],[-73.4803,40.60231],[-73.48115,40.60501],[-73.4807,40.60581],[-73.47444,40.60835],[-73.46723,40.61054],[-73.46226,40.61246],[-73.45872,40.61318],[-73.4397,40.61547],[-73.43714,40.61547],[-73.43504,40.61435],[-73.43408,40.61323],[-73.43378,40.61145],[-73.43144,40.61141],[-73.42806,40.61233],[-73.42696,40.61374],[-73.4268,40.61517],[-73.42799,40.61615],[-73.42717,40.61755],[-73.42543,40.61803],[-73.42439,40.61757],[-73.4254,40.61618],[-73.42439,40.6156],[-73.42192,40.61718],[-73.41757,40.61869],[-73.41509,40.61869],[-73.41436,40.61796],[-73.41369,40.61619],[-73.41238,40.61564],[-73.41133,40.6163],[-73.41161,40.61722],[-73.41266,40.61836],[-73.41171,40.6191],[-73.41114,40.62005],[-73.40586,40.62246],[-73.40385,40.62276],[-73.40193,40.62137],[-73.39988,40.62095],[-73.39843,40.62012],[-73.39482,40.6204],[-73.39344,40.62087],[-73.39502,40.62191],[-73.39548,40.62318],[-73.3947,40.62435],[-73.39245,40.62466],[-73.39079,40.62529],[-73.38968,40.62435],[-73.38658,40.6243],[-73.38411,40.62325],[-73.38245,40.6235],[-73.38201,40.62478],[-73.38329,40.62551],[-73.38599,40.6249],[-73.38777,40.62496],[-73.3891,40.62602],[-73.38828,40.62655],[-73.38341,40.62741],[-73.38099,40.6283],[-73.37751,40.62848],[-73.37571,40.62959],[-73.37451,40.62957],[-73.37387,40.62886],[-73.3749,40.62662],[-73.3737,40.62627],[-73.36985,40.62732],[-73.36796,40.62819],[-73.36153,40.6299],[-73.36169,40.63137],[-73.36387,40.63055],[-73.36519,40.63061],[-73.36615,40.63137],[-73.36448,40.63226],[-73.35882,40.63334],[-73.35503,40.63486],[-73.35113,40.6357],[-73.34695,40.6369],[-73.34525,40.63672],[-73.34552,40.63601],[-73.34713,40.63514],[-73.34788,40.63423],[-73.34704,40.6341],[-73.34228,40.63536],[-73.34153,40.63595],[-73.34328,40.63634],[-73.34386,40.63741],[-73.33865,40.63928],[-73.333,40.64176],[-73.33226,40.64004],[-73.33102,40.63937],[-73.33002,40.63966],[-73.32984,40.64082],[-73.32763,40.64192],[-73.32608,40.64191],[-73.32594,40.6447],[-73.32144,40.64731],[-73.32045,40.64559],[-73.31691,40.64556],[-73.31617,40.64485],[-73.31733,40.64381],[-73.31709,40.64332],[-73.31351,40.64365],[-73.31309,40.64521],[-73.31229,40.64577],[-73.31129,40.64541],[-73.31224,40.64462],[-73.31209,40.64385],[-73.31095,40.64337],[-73.30942,40.6439],[-73.30785,40.64332],[-73.30523,40.6428],[-73.30199,40.64136],[-73.29737,40.6407],[-73.29324,40.64088],[-73.28069,40.64243],[-73.27612,40.64336],[-73.27275,40.64339],[-73.26959,40.64239],[-73.25514,40.64297],[-73.25271,40.64209],[-73.25138,40.64305],[-73.24901,40.64338],[-73.24769,40.64315],[-73.24766,40.6419],[-73.25047,40.63912],[-73.25545,40.63665],[-73.25911,40.63648],[-73.26258,40.63669],[-73.2716,40.63647],[-73.28166,40.63923],[-73.28692,40.63886],[-73.29291,40.6373],[-73.29697,40.63818],[-73.3111,40.63842],[-73.3106,40.63679],[-73.30702,40.63377],[-73.3084,40.63321],[-73.31085,40.63501],[-73.3124,40.63538],[-73.32173,40.63523],[-73.32555,40.63428],[-73.33029,40.63353],[-73.33819,40.63027],[-73.34149,40.62968],[-73.35203,40.62969],[-73.35498,40.62885],[-73.35856,40.62721],[-73.36632,40.62538],[-73.36832,40.62477],[-73.37714,40.62083],[-73.38242,40.61979],[-73.38655,40.61846],[-73.39139,40.61741],[-73.408,40.61276],[-73.41693,40.61092],[-73.43809,40.60588],[-73.44222,40.60545],[-73.45602,40.60251],[-73.46447,40.60049],[-73.47347,40.59919],[-73.47853,40.5983],[-73.48561,40.59635],[-73.49096,40.5955],[-73.49712,40.59524],[-73.50502,40.59387],[-73.52015,40.59055],[-73.5278,40.58937],[-73.5373,40.5873],[-73.54903,40.5844],[-73.56085,40.58069],[-73.57203,40.5776]]],[[[-73.55257,40.59241],[-73.55244,40.59328],[-73.54993,40.59432],[-73.54795,40.59361],[-73.54827,40.59244],[-73.55145,40.59207],[-73.55257,40.59241]]],[[[-73.58407,40.57387],[-73.58507,40.57529],[-73.58318,40.57828],[-73.58064,40.58001],[-73.57986,40.57972],[-73.58221,40.57653],[-73.58259,40.57341],[-73.58407,40.57387]]],[[[-73.56388,40.63915],[-73.56568,40.64218],[-73.56469,40.64218],[-73.56299,40.63956],[-73.56388,40.63915]]],[[[-73.50141,40.61502],[-73.50275,40.61606],[-73.50349,40.61853],[-73.50146,40.62229],[-73.49836,40.62327],[-73.49683,40.62426],[-73.4958,40.62428],[-73.4973,40.62183],[-73.49866,40.61767],[-73.49975,40.61539],[-73.50141,40.61502]]],[[[-73.49525,40.61529],[-73.4966,40.61625],[-73.49687,40.61817],[-73.49555,40.62171],[-73.49371,40.62352],[-73.49039,40.62332],[-73.48382,40.62148],[-73.48105,40.62132],[-73.47735,40.62224],[-73.47587,40.62329],[-73.47279,40.62444],[-73.47082,40.62616],[-73.46915,40.62606],[-73.4687,40.62501],[-73.47098,40.62313],[-73.47304,40.62032],[-73.47419,40.61928],[-73.47476,40.61811],[-73.47735,40.61679],[-73.47837,40.61578],[-73.48046,40.61476],[-73.48411,40.61445],[-73.48623,40.61473],[-73.48869,40.6156],[-73.49079,40.61599],[-73.49525,40.61529]]],[[[-73.48651,40.60484],[-73.48789,40.60521],[-73.48799,40.60588],[-73.48555,40.60718],[-73.48271,40.60625],[-73.48267,40.60523],[-73.48651,40.60484]]],[[[-73.48897,40.61089],[-73.48937,40.61182],[-73.48722,40.61389],[-73.48641,40.61333],[-73.4863,40.61182],[-73.4876,40.61102],[-73.48897,40.61089]]],[[[-73.48542,40.61233],[-73.48546,40.61317],[-73.48414,40.61331],[-73.484,40.61254],[-73.48542,40.61233]]],[[[-73.48255,40.60769],[-73.48339,40.6089],[-73.4812,40.61102],[-73.4749,40.61385],[-73.47234,40.61539],[-73.47116,40.61512],[-73.47159,40.61312],[-73.47303,40.61216],[-73.47654,40.61108],[-73.47679,40.60854],[-73.47946,40.60775],[-73.48255,40.60769]]],[[[-73.48777,40.6251],[-73.49078,40.62453],[-73.49271,40.62482],[-73.49267,40.6258],[-73.49026,40.62736],[-73.4847,40.62757],[-73.48283,40.62678],[-73.47934,40.62695],[-73.4779,40.62609],[-73.4777,40.62371],[-73.47881,40.62287],[-73.48198,40.62231],[-73.48343,40.62268],[-73.48508,40.62355],[-73.48604,40.62508],[-73.48777,40.6251]]],[[[-73.48668,40.62912],[-73.48779,40.63003],[-73.48822,40.63235],[-73.4881,40.63556],[-73.48659,40.63768],[-73.48485,40.63842],[-73.48306,40.63829],[-73.48191,40.63709],[-73.48054,40.63635],[-73.48033,40.63544],[-73.48071,40.63378],[-73.47955,40.63283],[-73.47812,40.63288],[-73.47615,40.6342],[-73.47297,40.63406],[-73.47245,40.63309],[-73.47038,40.63291],[-73.47025,40.63181],[-73.47124,40.63115],[-73.47614,40.63016],[-73.47849,40.62901],[-73.48311,40.62863],[-73.4847,40.62911],[-73.48668,40.62912]]],[[[-73.48516,40.64128],[-73.48577,40.64231],[-73.4856,40.64419],[-73.48446,40.64524],[-73.48055,40.64602],[-73.47874,40.64552],[-73.47844,40.64368],[-73.47614,40.6423],[-73.47592,40.64116],[-73.47666,40.64005],[-73.47835,40.63926],[-73.48056,40.64106],[-73.48516,40.64128]]],[[[-73.48382,40.64726],[-73.48253,40.64994],[-73.48155,40.64994],[-73.48123,40.64813],[-73.47885,40.64732],[-73.47952,40.64671],[-73.48331,40.64657],[-73.48382,40.64726]]],[[[-73.4776,40.64616],[-73.47726,40.64692],[-73.47455,40.64676],[-73.47376,40.64593],[-73.47455,40.64522],[-73.47555,40.64511],[-73.4776,40.64616]]],[[[-73.46206,40.61429],[-73.46104,40.6147],[-73.45997,40.61425],[-73.46096,40.61355],[-73.46183,40.61369],[-73.46206,40.61429]]],[[[-73.46231,40.61525],[-73.463,40.61611],[-73.45966,40.61701],[-73.45912,40.61662],[-73.45964,40.61559],[-73.46231,40.61525]]],[[[-73.46329,40.61698],[-73.46298,40.6184],[-73.46164,40.61913],[-73.4598,40.61909],[-73.45977,40.61814],[-73.46207,40.61696],[-73.46329,40.61698]]],[[[-73.457,40.61425],[-73.45765,40.61558],[-73.45772,40.61719],[-73.45679,40.6181],[-73.4547,40.61885],[-73.45324,40.62049],[-73.45208,40.61924],[-73.4507,40.61913],[-73.44862,40.61952],[-73.45019,40.61775],[-73.45028,40.61595],[-73.45105,40.61529],[-73.45379,40.61507],[-73.45542,40.61428],[-73.457,40.61425]]],[[[-73.44537,40.61579],[-73.4454,40.61683],[-73.44454,40.61779],[-73.44446,40.61975],[-73.44277,40.62024],[-73.44369,40.62162],[-73.44267,40.6228],[-73.44422,40.62374],[-73.44472,40.62522],[-73.44421,40.6258],[-73.4425,40.62584],[-73.44118,40.62639],[-73.43976,40.62612],[-73.4383,40.62722],[-73.43657,40.62719],[-73.43573,40.62556],[-73.43377,40.62369],[-73.43504,40.62097],[-73.43493,40.62005],[-73.43259,40.61922],[-73.43263,40.61789],[-73.43992,40.61704],[-73.44537,40.61579]]],[[[-73.43216,40.61332],[-73.43436,40.61571],[-73.43262,40.61624],[-73.43042,40.61612],[-73.42948,40.61536],[-73.43121,40.61339],[-73.43216,40.61332]]],[[[-73.44559,40.63252],[-73.4455,40.63327],[-73.44404,40.63325],[-73.44267,40.63253],[-73.44387,40.63191],[-73.44559,40.63252]]],[[[-73.4442,40.63422],[-73.44286,40.63511],[-73.44107,40.63827],[-73.43862,40.63835],[-73.43769,40.63734],[-73.4401,40.63383],[-73.44184,40.63304],[-73.4442,40.63422]]],[[[-73.43685,40.63232],[-73.43715,40.63325],[-73.43572,40.63408],[-73.43499,40.63541],[-73.43408,40.63526],[-73.4336,40.63439],[-73.43244,40.63356],[-73.43276,40.63252],[-73.4341,40.63252],[-73.43558,40.63283],[-73.43685,40.63232]]],[[[-73.43037,40.63121],[-73.43065,40.63173],[-73.4301,40.63221],[-73.42886,40.63227],[-73.42896,40.63161],[-73.43037,40.63121]]],[[[-73.43011,40.61809],[-73.43045,40.62016],[-73.43282,40.62169],[-73.43304,40.62274],[-73.43151,40.62471],[-73.43213,40.62571],[-73.43373,40.62616],[-73.4357,40.62817],[-73.43617,40.62955],[-73.43552,40.63046],[-73.43378,40.63119],[-73.43244,40.63123],[-73.43135,40.63039],[-73.43011,40.63038],[-73.42806,40.62966],[-73.42551,40.63128],[-73.4217,40.63161],[-73.41943,40.63104],[-73.41518,40.63136],[-73.41444,40.63098],[-73.41576,40.62957],[-73.41599,40.62723],[-73.41721,40.62594],[-73.41726,40.62508],[-73.41565,40.62508],[-73.41471,40.6242],[-73.41452,40.6222],[-73.41636,40.62102],[-73.4214,40.62018],[-73.42314,40.61942],[-73.42796,40.6181],[-73.43011,40.61809]]],[[[-73.41993,40.6338],[-73.42211,40.63407],[-73.42202,40.63535],[-73.42064,40.63594],[-73.41933,40.63721],[-73.41753,40.63719],[-73.41646,40.63671],[-73.41599,40.63466],[-73.41631,40.63303],[-73.41754,40.63261],[-73.41993,40.6338]]],[[[-73.4198,40.63855],[-73.4191,40.63912],[-73.41818,40.63905],[-73.4179,40.63848],[-73.41873,40.63805],[-73.4198,40.63855]]],[[[-73.43188,40.63464],[-73.43088,40.63582],[-73.42506,40.63581],[-73.4248,40.63461],[-73.42566,40.63409],[-73.42864,40.63463],[-73.43188,40.63464]]],[[[-73.43302,40.63808],[-73.43324,40.63895],[-73.42907,40.64008],[-73.42861,40.64146],[-73.42712,40.64169],[-73.42523,40.64004],[-73.4233,40.63984],[-73.42266,40.63908],[-73.4259,40.63751],[-73.42794,40.63754],[-73.43058,40.63803],[-73.43302,40.63808]]],[[[-73.41286,40.63601],[-73.41214,40.63675],[-73.41093,40.6363],[-73.41189,40.63534],[-73.41286,40.63601]]],[[[-73.41232,40.63766],[-73.41168,40.64064],[-73.412,40.64291],[-73.41144,40.64389],[-73.40978,40.64422],[-73.40509,40.64258],[-73.40519,40.64175],[-73.40739,40.6405],[-73.40933,40.64017],[-73.41009,40.63752],[-73.41232,40.63766]]],[[[-73.40268,40.64191],[-73.40347,40.64287],[-73.40289,40.64375],[-73.40138,40.64405],[-73.4001,40.64356],[-73.4001,40.64257],[-73.40172,40.64194],[-73.40268,40.64191]]],[[[-73.39884,40.64364],[-73.39815,40.64431],[-73.39741,40.64401],[-73.39728,40.64307],[-73.39832,40.64284],[-73.39884,40.64364]]],[[[-73.39664,40.64428],[-73.39654,40.64506],[-73.39571,40.64513],[-73.39528,40.64457],[-73.39592,40.64416],[-73.39664,40.64428]]],[[[-73.4116,40.62948],[-73.41209,40.63333],[-73.41132,40.63479],[-73.40996,40.63487],[-73.40728,40.63416],[-73.40442,40.63384],[-73.40296,40.63435],[-73.39901,40.6344],[-73.39699,40.63421],[-73.39618,40.63331],[-73.39787,40.63185],[-73.39749,40.63026],[-73.39804,40.62954],[-73.40147,40.6286],[-73.40284,40.62737],[-73.40436,40.62667],[-73.40498,40.62486],[-73.40651,40.62446],[-73.40792,40.62482],[-73.40969,40.62613],[-73.4116,40.62948]]],[[[-73.39507,40.63383],[-73.39982,40.63707],[-73.40012,40.63797],[-73.39574,40.63952],[-73.39421,40.63951],[-73.39291,40.63906],[-73.39402,40.63692],[-73.39413,40.63477],[-73.39507,40.63383]]],[[[-73.39435,40.6431],[-73.39363,40.6444],[-73.39216,40.64516],[-73.39036,40.64643],[-73.3871,40.64576],[-73.38541,40.64583],[-73.38381,40.64482],[-73.38192,40.64466],[-73.3808,40.64381],[-73.38088,40.64285],[-73.38234,40.642],[-73.38542,40.6419],[-73.38713,40.64011],[-73.38915,40.63955],[-73.39144,40.64031],[-73.39435,40.6431]]],[[[-73.38834,40.63641],[-73.38813,40.63879],[-73.38373,40.63962],[-73.37854,40.63901],[-73.37887,40.63746],[-73.37777,40.63426],[-73.37822,40.63283],[-73.37913,40.63215],[-73.38103,40.63223],[-73.38199,40.63315],[-73.38316,40.63356],[-73.38463,40.63555],[-73.38707,40.6359],[-73.38834,40.63641]]],[[[-73.38567,40.62796],[-73.3902,40.6273],[-73.39036,40.62801],[-73.38651,40.62955],[-73.38505,40.63091],[-73.38026,40.6304],[-73.38032,40.62976],[-73.38179,40.629],[-73.38567,40.62796]]],[[[-73.37355,40.63198],[-73.37438,40.63349],[-73.37392,40.63482],[-73.37277,40.63511],[-73.37204,40.63485],[-73.37195,40.63406],[-73.37262,40.63353],[-73.37225,40.6321],[-73.37355,40.63198]]],[[[-73.37092,40.63384],[-73.36988,40.63496],[-73.3696,40.6372],[-73.36768,40.63723],[-73.36616,40.63459],[-73.36308,40.63364],[-73.36761,40.63171],[-73.36938,40.63196],[-73.37092,40.63384]]],[[[-73.36585,40.64134],[-73.36614,40.64209],[-73.36498,40.6423],[-73.36419,40.64195],[-73.3645,40.64133],[-73.36585,40.64134]]],[[[-73.37462,40.64448],[-73.37515,40.64485],[-73.37518,40.64583],[-73.37325,40.64647],[-73.37283,40.64561],[-73.3735,40.64476],[-73.37462,40.64448]]],[[[-73.36547,40.63595],[-73.36615,40.6365],[-73.3665,40.63787],[-73.36767,40.63996],[-73.36689,40.6408],[-73.36572,40.6405],[-73.36428,40.63917],[-73.36223,40.63861],[-73.35982,40.63918],[-73.35848,40.64028],[-73.3569,40.64053],[-73.35518,40.63977],[-73.35499,40.63679],[-73.35297,40.63682],[-73.35276,40.63593],[-73.35649,40.63605],[-73.35812,40.63487],[-73.36079,40.63438],[-73.36116,40.63507],[-73.36084,40.63614],[-73.36144,40.63679],[-73.3627,40.63688],[-73.36547,40.63595]]],[[[-73.35672,40.64137],[-73.36088,40.64111],[-73.36235,40.6407],[-73.36345,40.64208],[-73.36312,40.64321],[-73.36058,40.64373],[-73.3589,40.64509],[-73.35462,40.64675],[-73.35204,40.64558],[-73.34977,40.64522],[-73.34715,40.6457],[-73.34588,40.64736],[-73.34373,40.64873],[-73.34117,40.64824],[-73.33636,40.64841],[-73.33589,40.6474],[-73.33826,40.64553],[-73.33804,40.64433],[-73.33952,40.6431],[-73.33933,40.64015],[-73.34013,40.63985],[-73.3424,40.64045],[-73.34548,40.63981],[-73.34963,40.64056],[-73.35082,40.64011],[-73.35178,40.63729],[-73.35376,40.63772],[-73.35403,40.63975],[-73.35529,40.641],[-73.35672,40.64137]]],[[[-73.35512,40.64789],[-73.3547,40.64859],[-73.35107,40.64814],[-73.3488,40.64997],[-73.34765,40.64954],[-73.34647,40.64987],[-73.34594,40.64924],[-73.34913,40.64724],[-73.35082,40.64677],[-73.35512,40.64789]]],[[[-73.34215,40.64987],[-73.34238,40.65062],[-73.34138,40.65121],[-73.33937,40.65113],[-73.33814,40.65055],[-73.33876,40.64949],[-73.34215,40.64987]]],[[[-73.33542,40.6488],[-73.33563,40.64981],[-73.33447,40.64984],[-73.33288,40.64932],[-73.33068,40.64936],[-73.32939,40.64913],[-73.32947,40.64822],[-73.33124,40.64703],[-73.33265,40.64691],[-73.33542,40.6488]]],[[[-73.33681,40.64437],[-73.337,40.64562],[-73.335,40.64662],[-73.33434,40.64649],[-73.33443,40.64575],[-73.33325,40.6456],[-73.33265,40.6448],[-73.33421,40.64387],[-73.33681,40.64437]]],[[[-73.33808,40.6411],[-73.33778,40.64255],[-73.33649,40.64334],[-73.33512,40.64292],[-73.33538,40.642],[-73.33698,40.64094],[-73.33808,40.6411]]],[[[-73.34467,40.6383],[-73.34468,40.63902],[-73.3429,40.63958],[-73.34164,40.63959],[-73.34153,40.63905],[-73.34467,40.6383]]],[[[-73.35111,40.63678],[-73.34999,40.63927],[-73.34633,40.63781],[-73.35111,40.63678]]],[[[-73.3048,40.6438],[-73.30491,40.64525],[-73.30344,40.64586],[-73.30037,40.64521],[-73.29866,40.64517],[-73.29798,40.64441],[-73.29705,40.64464],[-73.29682,40.64755],[-73.2932,40.64903],[-73.29195,40.64902],[-73.28755,40.64399],[-73.29299,40.64204],[-73.29472,40.64231],[-73.29842,40.64166],[-73.30077,40.64258],[-73.30298,40.64313],[-73.3048,40.6438]]],[[[-73.29656,40.64993],[-73.29806,40.65139],[-73.2996,40.65137],[-73.29943,40.65285],[-73.29716,40.6535],[-73.29636,40.65506],[-73.29379,40.65351],[-73.29311,40.65164],[-73.2937,40.65049],[-73.29656,40.64993]]],[[[-73.29049,40.65527],[-73.29086,40.65642],[-73.28955,40.65787],[-73.28818,40.65673],[-73.28703,40.65646],[-73.2871,40.65546],[-73.28866,40.65475],[-73.29049,40.65527]]],[[[-73.28753,40.64665],[-73.28783,40.64744],[-73.28612,40.64745],[-73.2831,40.64655],[-73.28265,40.64567],[-73.28529,40.64527],[-73.28753,40.64665]]],[[[-73.28824,40.64976],[-73.28629,40.65166],[-73.28366,40.6519],[-73.28313,40.65023],[-73.28154,40.65079],[-73.2815,40.65336],[-73.28079,40.65437],[-73.27862,40.65518],[-73.27697,40.65473],[-73.27662,40.65372],[-73.2789,40.65287],[-73.27964,40.65073],[-73.2781,40.64962],[-73.27953,40.64699],[-73.28117,40.64691],[-73.28202,40.64788],[-73.28368,40.64762],[-73.28675,40.64843],[-73.28824,40.64976]]],[[[-73.2781,40.64733],[-73.27619,40.64861],[-73.27753,40.65055],[-73.27723,40.65224],[-73.27548,40.65263],[-73.27549,40.65541],[-73.2699,40.65748],[-73.26615,40.65826],[-73.26365,40.65956],[-73.26088,40.65889],[-73.2565,40.65531],[-73.25246,40.65576],[-73.25096,40.65679],[-73.25046,40.66028],[-73.2487,40.66075],[-73.24748,40.66005],[-73.24577,40.65695],[-73.2437,40.65583],[-73.2415,40.65516],[-73.24149,40.65405],[-73.24201,40.65257],[-73.24544,40.65063],[-73.24623,40.64869],[-73.24776,40.64787],[-73.24859,40.64669],[-73.24792,40.6454],[-73.24886,40.64481],[-73.25017,40.64535],[-73.25195,40.64535],[-73.2572,40.64414],[-73.26104,40.64419],[-73.26579,40.64398],[-73.26873,40.64424],[-73.27035,40.64471],[-73.27212,40.6449],[-73.27464,40.64635],[-73.27789,40.64651],[-73.2781,40.64733]]],[[[-73.24592,40.64419],[-73.24599,40.64566],[-73.24658,40.64703],[-73.2445,40.64834],[-73.24299,40.64836],[-73.24264,40.64742],[-73.24451,40.64422],[-73.24592,40.64419]]],[[[-73.24128,40.65938],[-73.2406,40.66038],[-73.23874,40.66029],[-73.23673,40.65829],[-73.23833,40.65714],[-73.23995,40.65749],[-73.24128,40.65938]]],[[[-73.22707,40.64897],[-73.23513,40.65069],[-73.23599,40.65122],[-73.23525,40.65236],[-73.23279,40.65373],[-73.23205,40.65531],[-73.22999,40.65533],[-73.23108,40.65238],[-73.2306,40.65154],[-73.22501,40.65159],[-73.22375,40.65073],[-73.22374,40.64981],[-73.22504,40.64896],[-73.22707,40.64897]]],[[[-73.31098,40.62696],[-73.31294,40.62865],[-73.31293,40.62951],[-73.30932,40.62898],[-73.31098,40.62696]]],[[[-73.51556,40.64054],[-73.51509,40.64151],[-73.51426,40.64154],[-73.51358,40.64124],[-73.51556,40.64054]]],[[[-73.51501,40.6371],[-73.51522,40.63885],[-73.51401,40.64017],[-73.51271,40.6407],[-73.51067,40.64],[-73.50904,40.63974],[-73.50892,40.63885],[-73.51035,40.63815],[-73.51255,40.63819],[-73.51371,40.63672],[-73.51501,40.6371]]],[[[-73.30541,40.62126],[-73.30526,40.623],[-73.30454,40.62438],[-73.30419,40.62654],[-73.29977,40.62881],[-73.29442,40.63],[-73.28584,40.62763],[-73.28426,40.62489],[-73.28352,40.62525],[-73.28303,40.62717],[-73.2789,40.62609],[-73.27319,40.62581],[-73.27174,40.62621],[-73.26889,40.62645],[-73.26189,40.6253],[-73.25702,40.6253],[-73.25023,40.62751],[-73.24448,40.63013],[-73.24183,40.63111],[-73.23638,40.63164],[-73.23167,40.63257],[-73.22562,40.63245],[-73.22065,40.63341],[-73.21394,40.63583],[-73.20983,40.63603],[-73.20329,40.63833],[-73.19534,40.64293],[-73.19318,40.64371],[-73.18933,40.6431],[-73.18872,40.6415],[-73.18758,40.64058],[-73.18641,40.64073],[-73.18398,40.64236],[-73.1822,40.64284],[-73.17533,40.64235],[-73.17139,40.64239],[-73.16844,40.64313],[-73.16743,40.6441],[-73.16489,40.64522],[-73.16316,40.64653],[-73.16164,40.64826],[-73.15913,40.64963],[-73.15613,40.65019],[-73.14521,40.6492],[-73.14231,40.6495],[-73.13944,40.65042],[-73.13629,40.65212],[-73.13287,40.65363],[-73.1302,40.65429],[-73.1243,40.65437],[-73.1161,40.6567],[-73.11296,40.65731],[-73.10305,40.65767],[-73.09938,40.65849],[-73.09236,40.6595],[-73.08172,40.66302],[-73.07343,40.66653],[-73.07029,40.66655],[-73.06033,40.66786],[-73.0531,40.66934],[-73.04936,40.67053],[-73.04524,40.67128],[-73.03823,40.67344],[-73.03525,40.6738],[-73.0313,40.67506],[-73.02794,40.67699],[-73.01994,40.67973],[-73.01375,40.68165],[-73.0108,40.68303],[-73.00784,40.68387],[-73.00466,40.68545],[-73.00038,40.68641],[-72.99669,40.6889],[-72.99223,40.69134],[-72.99076,40.69325],[-72.9879,40.69509],[-72.98668,40.69465],[-72.98458,40.69561],[-72.98265,40.69499],[-72.98019,40.69685],[-72.97761,40.6974],[-72.97401,40.69711],[-72.9713,40.69833],[-72.97284,40.69966],[-72.9742,40.70013],[-72.97361,40.70097],[-72.97363,40.70181],[-72.97203,40.70232],[-72.97163,40.7003],[-72.96978,40.69994],[-72.97029,40.7018],[-72.96643,40.70056],[-72.96555,40.70143],[-72.96427,40.70121],[-72.96087,40.70343],[-72.95971,40.70313],[-72.95893,40.70361],[-72.95759,40.70389],[-72.9559,40.70496],[-72.95448,40.70548],[-72.95358,40.70623],[-72.95131,40.70747],[-72.94875,40.7075],[-72.94701,40.70858],[-72.94927,40.70873],[-72.94882,40.7095],[-72.94709,40.71023],[-72.94504,40.71028],[-72.94454,40.7111],[-72.94625,40.71166],[-72.94595,40.71223],[-72.94392,40.71238],[-72.93997,40.71197],[-72.93858,40.71138],[-72.93781,40.71166],[-72.93849,40.71274],[-72.93772,40.71361],[-72.93494,40.71366],[-72.93306,40.71507],[-72.92826,40.71434],[-72.92734,40.71762],[-72.9243,40.71614],[-72.92311,40.71698],[-72.92166,40.71712],[-72.92163,40.71827],[-72.92063,40.71943],[-72.92002,40.72101],[-72.9169,40.72103],[-72.91813,40.72207],[-72.91692,40.72365],[-72.91591,40.72371],[-72.91494,40.72273],[-72.9134,40.72275],[-72.91098,40.72407],[-72.90812,40.72469],[-72.90762,40.72396],[-72.90962,40.72165],[-72.90903,40.72089],[-72.90616,40.72224],[-72.90302,40.72236],[-72.9015,40.7229],[-72.89727,40.72302],[-72.89546,40.72384],[-72.89357,40.72656],[-72.89319,40.73011],[-72.8912,40.73182],[-72.89116,40.73293],[-72.89008,40.73293],[-72.88928,40.73236],[-72.88915,40.73088],[-72.88795,40.73061],[-72.88556,40.73151],[-72.88205,40.73169],[-72.87892,40.73277],[-72.87779,40.73278],[-72.87787,40.73224],[-72.88105,40.73122],[-72.88104,40.73041],[-72.87961,40.73022],[-72.87754,40.73091],[-72.87505,40.73094],[-72.87125,40.73203],[-72.86886,40.73345],[-72.86715,40.73502],[-72.86644,40.73723],[-72.8652,40.73754],[-72.86301,40.73674],[-72.85989,40.73777],[-72.85868,40.73781],[-72.85715,40.7368],[-72.85196,40.73767],[-72.85002,40.73882],[-72.8475,40.73971],[-72.84404,40.73998],[-72.83853,40.74303],[-72.83374,40.74313],[-72.82703,40.74565],[-72.82611,40.74655],[-72.82406,40.74695],[-72.82162,40.74872],[-72.81991,40.74899],[-72.81701,40.74864],[-72.815,40.74923],[-72.81309,40.74951],[-72.81188,40.74989],[-72.81017,40.7499],[-72.8097,40.75119],[-72.80469,40.75168],[-72.80474,40.75214],[-72.80635,40.75271],[-72.80469,40.75315],[-72.80168,40.75549],[-72.79937,40.7556],[-72.80024,40.7579],[-72.79899,40.75921],[-72.79754,40.75965],[-72.79558,40.75911],[-72.79471,40.76027],[-72.79266,40.76082],[-72.7907,40.7605],[-72.78838,40.75964],[-72.78799,40.76032],[-72.78979,40.76138],[-72.79282,40.76164],[-72.79286,40.76249],[-72.79011,40.76271],[-72.78866,40.76352],[-72.78596,40.7632],[-72.78225,40.7637],[-72.78074,40.76431],[-72.77984,40.76418],[-72.78027,40.76344],[-72.77965,40.76323],[-72.77826,40.76338],[-72.77745,40.76282],[-72.7774,40.76121],[-72.7805,40.76021],[-72.78209,40.75937],[-72.78408,40.75987],[-72.78505,40.75932],[-72.7847,40.7584],[-72.78354,40.75786],[-72.78163,40.75822],[-72.77821,40.76028],[-72.77543,40.76086],[-72.77518,40.76227],[-72.77226,40.76264],[-72.77101,40.76324],[-72.7687,40.76336],[-72.76688,40.76505],[-72.7661,40.76653],[-72.76472,40.76666],[-72.76447,40.76529],[-72.76259,40.76563],[-72.76194,40.76672],[-72.76,40.76675],[-72.75842,40.76792],[-72.75731,40.76831],[-72.75633,40.76946],[-72.75481,40.7694],[-72.75374,40.7687],[-72.75375,40.76709],[-72.75443,40.76617],[-72.75481,40.76403],[-72.76005,40.76256],[-72.76352,40.76193],[-72.76682,40.76071],[-72.77374,40.75929],[-72.7787,40.75728],[-72.78539,40.75559],[-72.78959,40.75405],[-72.80471,40.74973],[-72.81168,40.74719],[-72.81798,40.74565],[-72.82098,40.7444],[-72.82417,40.74362],[-72.82798,40.74215],[-72.83311,40.74091],[-72.83611,40.73947],[-72.84369,40.73769],[-72.85176,40.73473],[-72.85536,40.73383],[-72.86097,40.73189],[-72.86525,40.73064],[-72.86741,40.72977],[-72.87268,40.72858],[-72.88305,40.72539],[-72.8937,40.72167],[-72.8991,40.72001],[-72.90456,40.71799],[-72.91716,40.71476],[-72.92183,40.713],[-72.92755,40.7112],[-72.93403,40.70878],[-72.94006,40.70616],[-72.94416,40.70466],[-72.95038,40.70265],[-72.95742,40.69991],[-72.9621,40.69856],[-72.96607,40.69689],[-72.96921,40.69591],[-72.97328,40.69363],[-72.98134,40.69056],[-72.99188,40.68695],[-72.9964,40.68466],[-72.99901,40.68353],[-73.01197,40.67904],[-73.01785,40.67646],[-73.02066,40.67552],[-73.02643,40.67424],[-73.04438,40.66934],[-73.0478,40.66826],[-73.05451,40.66664],[-73.06213,40.66453],[-73.07658,40.66101],[-73.08096,40.66019],[-73.08776,40.65795],[-73.091,40.65715],[-73.10631,40.65494],[-73.10984,40.65374],[-73.11601,40.65222],[-73.12091,40.65123],[-73.13142,40.64852],[-73.13685,40.64757],[-73.14695,40.64534],[-73.15257,40.64432],[-73.16593,40.64107],[-73.16871,40.64067],[-73.17166,40.63978],[-73.17898,40.6382],[-73.1861,40.63699],[-73.20599,40.63181],[-73.21309,40.62968],[-73.22263,40.6282],[-73.22578,40.62748],[-73.23443,40.62648],[-73.24451,40.62471],[-73.24931,40.62268],[-73.26368,40.62161],[-73.27281,40.62153],[-73.28266,40.6209],[-73.2897,40.62098],[-73.29228,40.62005],[-73.29459,40.62],[-73.29781,40.62127],[-73.30009,40.62135],[-73.30381,40.62024],[-73.30541,40.62126]]],[[[-72.7564,40.75853],[-72.75619,40.75977],[-72.75436,40.75931],[-72.75286,40.75991],[-72.75136,40.76102],[-72.75036,40.76078],[-72.75134,40.75931],[-72.75351,40.75853],[-72.75578,40.75818],[-72.7564,40.75853]]],[[[-72.75525,40.77398],[-72.75666,40.77514],[-72.75537,40.77629],[-72.75367,40.77595],[-72.75109,40.7764],[-72.74673,40.77612],[-72.74452,40.7754],[-72.74392,40.77448],[-72.7447,40.7735],[-72.74813,40.77358],[-72.7505,40.77411],[-72.75525,40.77398]]],[[[-72.73876,40.77584],[-72.74051,40.77752],[-72.74092,40.77895],[-72.73998,40.77967],[-72.73873,40.77969],[-72.73611,40.77847],[-72.73597,40.77702],[-72.73757,40.77649],[-72.73784,40.77562],[-72.73876,40.77584]]],[[[-72.7444,40.76803],[-72.74185,40.76977],[-72.73815,40.77351],[-72.73796,40.77221],[-72.73705,40.77163],[-72.7359,40.77357],[-72.73339,40.77327],[-72.73239,40.77221],[-72.73117,40.77245],[-72.73009,40.77357],[-72.73147,40.77459],[-72.73089,40.7762],[-72.7289,40.7778],[-72.72818,40.77781],[-72.72812,40.77471],[-72.72761,40.77531],[-72.72706,40.77544],[-72.72721,40.77593],[-72.72709,40.77642],[-72.7264,40.77658],[-72.72556,40.7759],[-72.72614,40.7759],[-72.72587,40.77564],[-72.72436,40.77565],[-72.72276,40.77495],[-72.72169,40.77493],[-72.72037,40.77581],[-72.72013,40.77567],[-72.72009,40.77587],[-72.71796,40.77723],[-72.7175,40.77701],[-72.7174,40.77739],[-72.71632,40.77781],[-72.71449,40.77803],[-72.71417,40.77829],[-72.71379,40.77803],[-72.71377,40.77826],[-72.71396,40.77831],[-72.71361,40.7785],[-72.71332,40.7783],[-72.71225,40.77813],[-72.71156,40.77757],[-72.71037,40.77755],[-72.70927,40.77805],[-72.70804,40.77821],[-72.70737,40.77922],[-72.70641,40.77955],[-72.70471,40.77944],[-72.70318,40.77977],[-72.70226,40.78039],[-72.70168,40.78053],[-72.70035,40.78031],[-72.6996,40.78049],[-72.69839,40.78115],[-72.69745,40.78122],[-72.69665,40.78196],[-72.69425,40.78215],[-72.69379,40.78258],[-72.69263,40.78268],[-72.69145,40.78314],[-72.68994,40.78316],[-72.6889,40.7845],[-72.68723,40.78499],[-72.68721,40.78517],[-72.68687,40.78538],[-72.68685,40.78564],[-72.68637,40.78584],[-72.68633,40.78598],[-72.68661,40.78613],[-72.68652,40.78655],[-72.68672,40.78692],[-72.68657,40.7872],[-72.68586,40.78747],[-72.68526,40.78813],[-72.68451,40.78805],[-72.68333,40.78852],[-72.6828,40.78751],[-72.68142,40.78644],[-72.68098,40.78588],[-72.68002,40.78587],[-72.67829,40.78629],[-72.67783,40.78677],[-72.67724,40.78705],[-72.67697,40.7867],[-72.67657,40.7867],[-72.6757,40.78732],[-72.67533,40.78732],[-72.67453,40.78769],[-72.67455,40.7878],[-72.67396,40.78789],[-72.67548,40.78819],[-72.67623,40.78798],[-72.67647,40.78825],[-72.67607,40.78868],[-72.67469,40.78935],[-72.67339,40.79024],[-72.67342,40.78989],[-72.67279,40.78993],[-72.67289,40.78941],[-72.67222,40.78886],[-72.67157,40.78893],[-72.67005,40.78861],[-72.6698,40.78969],[-72.67035,40.79013],[-72.67143,40.79033],[-72.67257,40.79013],[-72.67249,40.79048],[-72.67188,40.79089],[-72.67038,40.79094],[-72.66943,40.79078],[-72.66873,40.7904],[-72.66823,40.78984],[-72.66772,40.78956],[-72.66717,40.78958],[-72.66629,40.78992],[-72.66523,40.78997],[-72.66469,40.7905],[-72.6645,40.79135],[-72.66487,40.79181],[-72.665,40.79292],[-72.6647,40.79342],[-72.66437,40.79328],[-72.66302,40.79155],[-72.66253,40.79127],[-72.66254,40.79096],[-72.66173,40.79153],[-72.66122,40.7917],[-72.66021,40.79283],[-72.65948,40.7932],[-72.65918,40.79287],[-72.65892,40.79309],[-72.65864,40.7931],[-72.65792,40.79266],[-72.65744,40.79264],[-72.6574,40.79241],[-72.6569,40.79257],[-72.65601,40.79238],[-72.65274,40.79349],[-72.65097,40.7937],[-72.65061,40.79433],[-72.65032,40.79441],[-72.65025,40.79466],[-72.64978,40.79447],[-72.64912,40.79455],[-72.64854,40.79472],[-72.64799,40.79514],[-72.64663,40.79518],[-72.64509,40.79604],[-72.64391,40.79623],[-72.64283,40.79584],[-72.64287,40.79642],[-72.6423,40.79629],[-72.6421,40.79666],[-72.64149,40.79686],[-72.63749,40.79721],[-72.63723,40.79745],[-72.6368,40.79739],[-72.63596,40.79776],[-72.63527,40.79771],[-72.63461,40.798],[-72.63315,40.79823],[-72.63305,40.79843],[-72.63165,40.79925],[-72.63015,40.79973],[-72.6296,40.79975],[-72.62943,40.7996],[-72.6247,40.80226],[-72.62454,40.80228],[-72.62453,40.80062],[-72.62339,40.8012],[-72.62232,40.8013],[-72.61652,40.80289],[-72.61331,40.80477],[-72.6114,40.80557],[-72.60563,40.80564],[-72.60044,40.80664],[-72.59171,40.80946],[-72.58642,40.8119],[-72.58481,40.81213],[-72.58251,40.81425],[-72.58006,40.81582],[-72.57862,40.81827],[-72.57665,40.81805],[-72.57537,40.8188],[-72.57221,40.81843],[-72.57106,40.82114],[-72.56922,40.82164],[-72.5669,40.82042],[-72.56447,40.82184],[-72.56351,40.8216],[-72.56235,40.81941],[-72.56113,40.81965],[-72.55981,40.81911],[-72.55919,40.81983],[-72.56146,40.82213],[-72.56021,40.82448],[-72.55933,40.82388],[-72.55842,40.82244],[-72.55709,40.82171],[-72.55652,40.81988],[-72.55527,40.81999],[-72.55521,40.82114],[-72.55419,40.8218],[-72.55592,40.82288],[-72.55562,40.82333],[-72.55427,40.82331],[-72.55325,40.82385],[-72.55232,40.82323],[-72.55144,40.82347],[-72.55081,40.82512],[-72.55011,40.82472],[-72.54992,40.82277],[-72.54921,40.82237],[-72.54797,40.82435],[-72.54658,40.82448],[-72.54549,40.82345],[-72.54175,40.82405],[-72.54086,40.82491],[-72.5395,40.82497],[-72.53886,40.82559],[-72.53719,40.82592],[-72.53607,40.8255],[-72.53361,40.8259],[-72.53178,40.82671],[-72.53134,40.82806],[-72.52809,40.829],[-72.52648,40.82817],[-72.52566,40.82876],[-72.52595,40.8304],[-72.52523,40.8316],[-72.52337,40.83235],[-72.52171,40.83194],[-72.52063,40.83087],[-72.52195,40.82965],[-72.52126,40.82923],[-72.51546,40.83252],[-72.51416,40.8329],[-72.51047,40.83279],[-72.50774,40.83545],[-72.50653,40.83598],[-72.50444,40.8359],[-72.50064,40.83646],[-72.49885,40.83736],[-72.49869,40.84011],[-72.49786,40.84067],[-72.4967,40.84062],[-72.49486,40.83944],[-72.49375,40.83974],[-72.49228,40.84062],[-72.4903,40.84064],[-72.48861,40.84003],[-72.48629,40.84077],[-72.48428,40.84077],[-72.48149,40.84193],[-72.47961,40.84249],[-72.47766,40.84229],[-72.47687,40.84079],[-72.47717,40.83916],[-72.48004,40.83891],[-72.48125,40.83815],[-72.48547,40.83672],[-72.48957,40.83625],[-72.49751,40.83435],[-72.50234,40.83229],[-72.51722,40.82797],[-72.5197,40.82699],[-72.52561,40.82545],[-72.53655,40.82211],[-72.54158,40.82095],[-72.54528,40.8203],[-72.55334,40.81762],[-72.55806,40.8163],[-72.56274,40.8146],[-72.57108,40.81261],[-72.57367,40.8118],[-72.57757,40.81098],[-72.57996,40.81011],[-72.59426,40.80612],[-72.59844,40.80481],[-72.60345,40.80401],[-72.61465,40.80065],[-72.61757,40.7996],[-72.62452,40.7981],[-72.62453,40.79912],[-72.62767,40.7985],[-72.6309,40.79742],[-72.63907,40.79517],[-72.64245,40.79446],[-72.64549,40.79351],[-72.65057,40.79241],[-72.66259,40.78878],[-72.67262,40.78646],[-72.67524,40.7854],[-72.67908,40.78425],[-72.6844,40.78316],[-72.69551,40.77978],[-72.70504,40.77758],[-72.70723,40.77683],[-72.71041,40.77603],[-72.71116,40.77569],[-72.71765,40.77412],[-72.72484,40.77196],[-72.7281,40.77134],[-72.72807,40.77021],[-72.73472,40.76842],[-72.73913,40.76699],[-72.74334,40.7662],[-72.74545,40.76537],[-72.7493,40.76479],[-72.7517,40.76346],[-72.75182,40.76427],[-72.75068,40.76558],[-72.7444,40.76803]]],[[[-72.72624,40.77893],[-72.72526,40.77948],[-72.72309,40.77939],[-72.72141,40.77833],[-72.72162,40.77714],[-72.72274,40.77669],[-72.72612,40.77822],[-72.72624,40.77893]]],[[[-72.52374,40.83329],[-72.52366,40.83449],[-72.52299,40.83555],[-72.52118,40.83578],[-72.51917,40.83653],[-72.5155,40.83625],[-72.51541,40.83557],[-72.51733,40.83291],[-72.51927,40.83152],[-72.52118,40.83262],[-72.52374,40.83329]]],[[[-72.50708,40.83889],[-72.50637,40.83986],[-72.5053,40.83988],[-72.50429,40.83888],[-72.505,40.83803],[-72.50656,40.83815],[-72.50708,40.83889]]],[[[-72.49501,40.84193],[-72.49506,40.84265],[-72.49343,40.84332],[-72.49206,40.84287],[-72.49002,40.8417],[-72.49015,40.84127],[-72.49243,40.84198],[-72.49501,40.84193]]],[[[-72.49183,40.84469],[-72.491,40.84599],[-72.49122,40.84777],[-72.48974,40.84784],[-72.48866,40.84729],[-72.48954,40.84448],[-72.49111,40.84378],[-72.49183,40.84469]]],[[[-72.48337,40.84389],[-72.48346,40.84465],[-72.48071,40.84564],[-72.47993,40.84673],[-72.47937,40.84938],[-72.47832,40.85007],[-72.4771,40.85005],[-72.47688,40.84887],[-72.47786,40.84758],[-72.47802,40.84566],[-72.47912,40.84479],[-72.48129,40.84412],[-72.48337,40.84389]]],[[[-72.46375,40.84836],[-72.46413,40.84937],[-72.463,40.84993],[-72.46228,40.85099],[-72.46114,40.85005],[-72.46229,40.8486],[-72.46375,40.84836]]],[[[-72.49997,40.88393],[-72.49996,40.8877],[-72.49868,40.88784],[-72.49965,40.88878],[-72.50022,40.89157],[-72.49899,40.89277],[-72.50058,40.89353],[-72.50042,40.89468],[-72.4947,40.89465],[-72.48805,40.89553],[-72.47896,40.89783],[-72.4775,40.89802],[-72.47623,40.89845],[-72.47405,40.89887],[-72.47109,40.90035],[-72.46887,40.90198],[-72.46761,40.90254],[-72.46358,40.9056],[-72.4519,40.91656],[-72.45064,40.91697],[-72.44945,40.91663],[-72.44841,40.91547],[-72.4468,40.91547],[-72.4459,40.91401],[-72.44657,40.9123],[-72.44613,40.91004],[-72.44472,40.90877],[-72.44312,40.90524],[-72.44219,40.90472],[-72.44168,40.90519],[-72.44239,40.90654],[-72.44225,40.90783],[-72.44069,40.90964],[-72.44101,40.91096],[-72.43946,40.91166],[-72.43861,40.9133],[-72.43729,40.91445],[-72.43391,40.91464],[-72.43268,40.91541],[-72.43425,40.91599],[-72.43738,40.916],[-72.43985,40.9169],[-72.44025,40.9182],[-72.44199,40.91891],[-72.44426,40.92076],[-72.44474,40.92206],[-72.44371,40.92228],[-72.4408,40.92193],[-72.43994,40.92231],[-72.43883,40.92383],[-72.43709,40.92441],[-72.43495,40.92404],[-72.43322,40.92166],[-72.43128,40.92152],[-72.43241,40.92388],[-72.4321,40.92554],[-72.43259,40.92638],[-72.43253,40.92743],[-72.43374,40.92751],[-72.43424,40.92622],[-72.4354,40.92608],[-72.43621,40.92682],[-72.43595,40.92729],[-72.43422,40.92801],[-72.43253,40.92901],[-72.43061,40.92969],[-72.42919,40.92937],[-72.42869,40.93067],[-72.4281,40.93132],[-72.42854,40.93237],[-72.42919,40.93239],[-72.42972,40.93131],[-72.43097,40.93139],[-72.43131,40.93047],[-72.43463,40.92865],[-72.43631,40.92804],[-72.43857,40.92647],[-72.43993,40.92511],[-72.44103,40.92516],[-72.44274,40.92639],[-72.44338,40.9262],[-72.44375,40.92546],[-72.4466,40.9245],[-72.44679,40.92353],[-72.44783,40.92357],[-72.44816,40.92462],[-72.44741,40.92636],[-72.44703,40.92836],[-72.4461,40.93033],[-72.44473,40.93712],[-72.44328,40.94148],[-72.44244,40.94473],[-72.44153,40.94604],[-72.43885,40.94724],[-72.4339,40.94809],[-72.43033,40.94812],[-72.42704,40.94757],[-72.41585,40.9481],[-72.4158,40.94591],[-72.41749,40.94582],[-72.41759,40.94517],[-72.41698,40.94458],[-72.4177,40.94287],[-72.41602,40.94244],[-72.41611,40.94184],[-72.41839,40.94132],[-72.41851,40.93904],[-72.41765,40.93746],[-72.41615,40.93764],[-72.41499,40.93591],[-72.41344,40.93514],[-72.41122,40.93536],[-72.41062,40.9363],[-72.41175,40.93739],[-72.41083,40.93811],[-72.40891,40.93818],[-72.40783,40.94017],[-72.40783,40.94167],[-72.40884,40.94216],[-72.41116,40.94219],[-72.413,40.94297],[-72.41458,40.94423],[-72.41425,40.94592],[-72.4146,40.9473],[-72.41316,40.94775],[-72.40887,40.94804],[-72.40378,40.95128],[-72.40097,40.95327],[-72.40059,40.95455],[-72.40063,40.95716],[-72.39937,40.95713],[-72.39828,40.95648],[-72.39916,40.95407],[-72.39895,40.95299],[-72.39763,40.95297],[-72.39638,40.95339],[-72.39432,40.95341],[-72.394,40.95478],[-72.39509,40.95497],[-72.39623,40.95554],[-72.39744,40.95568],[-72.39736,40.95718],[-72.39931,40.95847],[-72.39608,40.96066],[-72.39214,40.9651],[-72.38898,40.96788],[-72.38076,40.97899],[-72.37882,40.98226],[-72.37445,40.9877],[-72.37055,40.99533],[-72.36987,40.99818],[-72.37074,41.00023],[-72.37102,41.00419],[-72.37223,41.0095],[-72.37414,41.01274],[-72.37698,41.01836],[-72.37659,41.01942],[-72.37531,41.01866],[-72.37172,41.01252],[-72.37007,41.0095],[-72.36735,41.00322],[-72.36661,41.00019],[-72.36587,40.99977],[-72.36595,40.99651],[-72.36758,40.99622],[-72.36741,40.99977],[-72.36895,41.00248],[-72.36942,41.00119],[-72.36872,40.99926],[-72.36964,40.99398],[-72.36755,40.99318],[-72.36602,40.98949],[-72.36371,40.99086],[-72.36215,40.99041],[-72.36154,40.99132],[-72.3617,40.99331],[-72.36046,40.99332],[-72.35871,40.99284],[-72.35888,40.99349],[-72.36,40.99403],[-72.35983,40.99561],[-72.36038,40.99573],[-72.36195,40.99394],[-72.36356,40.99371],[-72.36687,40.99418],[-72.367,40.99491],[-72.36496,40.99518],[-72.36312,40.99642],[-72.36069,40.99656],[-72.35912,40.99701],[-72.35759,40.99678],[-72.35405,40.99704],[-72.35157,40.99773],[-72.3493,40.99766],[-72.34971,40.99633],[-72.34858,40.99416],[-72.3449,40.99512],[-72.34503,40.99995],[-72.3464,41.00023],[-72.34695,41.00014],[-72.3474,40.99704],[-72.34682,40.99581],[-72.34811,40.99575],[-72.34845,41.0001],[-72.34763,41.00131],[-72.34602,41.00175],[-72.34364,41.00098],[-72.34225,41.00022],[-72.341,41.00003],[-72.33652,40.99808],[-72.33538,40.99653],[-72.333,40.9953],[-72.33124,40.99506],[-72.32872,40.9957],[-72.32472,40.99738],[-72.32196,40.99943],[-72.32112,41.00158],[-72.31904,41.00347],[-72.31768,41.0054],[-72.31683,41.00815],[-72.31716,41.01025],[-72.32154,41.01487],[-72.32303,41.01712],[-72.32383,41.019],[-72.32642,41.0219],[-72.32931,41.02396],[-72.33076,41.0262],[-72.33142,41.0283],[-72.33294,41.03052],[-72.3327,41.03302],[-72.33115,41.03434],[-72.32595,41.03646],[-72.32243,41.03714],[-72.31943,41.03734],[-72.31614,41.03857],[-72.31317,41.04026],[-72.31071,41.03973],[-72.30865,41.03835],[-72.30686,41.03602],[-72.30595,41.03435],[-72.30528,41.03013],[-72.30381,41.02554],[-72.30215,41.02284],[-72.29962,41.02005],[-72.29729,41.01832],[-72.29719,41.01285],[-72.29788,41.01145],[-72.29997,41.00945],[-72.29864,41.00437],[-72.29961,41.00268],[-72.30108,41.00252],[-72.30246,41.00522],[-72.30679,41.00634],[-72.31372,41.0069],[-72.31467,41.0063],[-72.31414,41.00549],[-72.31225,41.00437],[-72.31061,41.00517],[-72.30926,41.00433],[-72.30964,41.00351],[-72.31159,41.00325],[-72.31137,41.00248],[-72.30979,41.00146],[-72.3099,41.00066],[-72.31487,41.00002],[-72.31616,41.00113],[-72.31868,40.99981],[-72.32029,40.99744],[-72.32408,40.99504],[-72.32827,40.99388],[-72.32786,40.99244],[-72.32608,40.99042],[-72.32503,40.99034],[-72.32535,40.99342],[-72.31991,40.9951],[-72.31915,40.994],[-72.31748,40.99421],[-72.3158,40.99317],[-72.31396,40.99245],[-72.31144,40.99085],[-72.30833,40.98982],[-72.30954,40.99079],[-72.31057,40.9925],[-72.30964,40.99271],[-72.30831,40.99135],[-72.30703,40.99124],[-72.30526,40.99203],[-72.30561,40.99269],[-72.30757,40.99306],[-72.30762,40.99398],[-72.30492,40.99417],[-72.3029,40.99289],[-72.30105,40.99301],[-72.30015,40.99415],[-72.30077,40.99544],[-72.30301,40.99721],[-72.30467,40.99792],[-72.30562,40.99758],[-72.30685,40.99608],[-72.31028,40.99574],[-72.3114,40.99515],[-72.3109,40.99409],[-72.31152,40.99365],[-72.31315,40.994],[-72.31344,40.9952],[-72.31253,40.99692],[-72.31347,40.99902],[-72.31283,40.99967],[-72.30808,40.9984],[-72.30568,40.99863],[-72.30526,40.99935],[-72.30595,41.00004],[-72.30414,41.00085],[-72.30252,41.00102],[-72.30017,41.00012],[-72.2989,41.00062],[-72.29628,41.00255],[-72.29337,41.00251],[-72.29202,41.00181],[-72.28777,41.00178],[-72.28483,41.0008],[-72.27602,41.00065],[-72.27136,41.00166],[-72.26892,41.00303],[-72.26616,41.00641],[-72.26424,41.01124],[-72.26263,41.01254],[-72.26055,41.01308],[-72.25104,41.01231],[-72.24865,41.01168],[-72.24874,41.01089],[-72.24989,41.01057],[-72.25256,41.01127],[-72.25364,41.01036],[-72.255,41.00766],[-72.25502,41.00525],[-72.25599,41.00362],[-72.25591,41.00119],[-72.25491,40.9998],[-72.25505,40.99822],[-72.25404,40.99754],[-72.25417,40.99692],[-72.2556,40.99705],[-72.2565,40.99663],[-72.25615,40.99547],[-72.25677,40.99451],[-72.25562,40.99358],[-72.25477,40.99381],[-72.2547,40.99523],[-72.25339,40.99603],[-72.2517,40.9964],[-72.25152,40.99783],[-72.25273,40.99898],[-72.25188,40.9997],[-72.25364,41.00054],[-72.2532,41.00204],[-72.25191,41.00253],[-72.25037,41.00267],[-72.25031,41.0036],[-72.25088,41.00519],[-72.24949,41.00696],[-72.24924,41.00868],[-72.24719,41.0102],[-72.24631,41.01388],[-72.24459,41.01626],[-72.24277,41.01821],[-72.2418,41.01998],[-72.24212,41.02253],[-72.24294,41.02576],[-72.24219,41.02841],[-72.23993,41.03199],[-72.23939,41.03466],[-72.24097,41.038],[-72.24176,41.04103],[-72.2435,41.04239],[-72.24624,41.04241],[-72.24861,41.04163],[-72.25169,41.04004],[-72.25815,41.03908],[-72.25998,41.03931],[-72.26145,41.03996],[-72.26098,41.04084],[-72.25888,41.04156],[-72.25337,41.04173],[-72.25082,41.04225],[-72.2484,41.04315],[-72.24522,41.04388],[-72.241,41.04429],[-72.23007,41.04416],[-72.22623,41.04293],[-72.22162,41.04114],[-72.2153,41.03921],[-72.21101,41.03626],[-72.20761,41.03462],[-72.20262,41.03317],[-72.19306,41.03199],[-72.1903,41.03236],[-72.18762,41.0331],[-72.18393,41.03055],[-72.18283,41.02934],[-72.18249,41.02784],[-72.18324,41.02655],[-72.18477,41.02574],[-72.18625,41.02605],[-72.18842,41.02785],[-72.19142,41.02883],[-72.19619,41.02958],[-72.19929,41.02931],[-72.20083,41.02999],[-72.20308,41.02992],[-72.20367,41.02895],[-72.20361,41.02612],[-72.20241,41.02301],[-72.20094,41.02092],[-72.20126,41.01716],[-72.19564,41.01499],[-72.19485,41.01405],[-72.19448,41.01172],[-72.19319,41.00998],[-72.19089,41.00811],[-72.19093,41.00555],[-72.18884,41.00462],[-72.18627,41.00448],[-72.18473,41.00359],[-72.18461,41.00256],[-72.18627,41.00016],[-72.18521,40.99809],[-72.18393,40.99832],[-72.18296,40.99773],[-72.18257,40.9985],[-72.18338,41.00049],[-72.18147,41.00313],[-72.1817,41.00498],[-72.1848,41.00738],[-72.18273,41.00923],[-72.18047,41.01507],[-72.18007,41.0194],[-72.18064,41.02247],[-72.18039,41.02428],[-72.17971,41.02551],[-72.18009,41.02745],[-72.17907,41.02913],[-72.18003,41.03083],[-72.18007,41.03264],[-72.18104,41.03338],[-72.18225,41.03303],[-72.1829,41.03214],[-72.184,41.03219],[-72.18587,41.03333],[-72.18112,41.03617],[-72.17804,41.03949],[-72.17662,41.04222],[-72.17504,41.04419],[-72.17434,41.04568],[-72.16886,41.04914],[-72.16208,41.05269],[-72.15935,41.05319],[-72.15754,41.05283],[-72.15304,41.05115],[-72.14841,41.04741],[-72.14343,41.04423],[-72.13964,41.0427],[-72.1363,41.04057],[-72.13391,41.03739],[-72.13338,41.03383],[-72.13371,41.03072],[-72.13472,41.02824],[-72.13494,41.02512],[-72.1345,41.02158],[-72.13544,41.02097],[-72.136,41.02144],[-72.13665,41.02346],[-72.13874,41.02598],[-72.13887,41.02827],[-72.1383,41.03198],[-72.13651,41.03421],[-72.13683,41.03597],[-72.13901,41.03791],[-72.14024,41.04031],[-72.14145,41.0411],[-72.14206,41.04079],[-72.14211,41.03828],[-72.14251,41.03659],[-72.14032,41.03529],[-72.13994,41.03313],[-72.14089,41.03166],[-72.14093,41.03089],[-72.14202,41.02967],[-72.14295,41.02797],[-72.14403,41.0272],[-72.14708,41.02656],[-72.1469,41.02573],[-72.14353,41.02586],[-72.14254,41.02525],[-72.1425,41.02383],[-72.14328,41.02256],[-72.14455,41.02189],[-72.14653,41.02287],[-72.14872,41.02283],[-72.15011,41.02213],[-72.15236,41.02225],[-72.15344,41.02163],[-72.15311,41.02096],[-72.15211,41.02076],[-72.14932,41.02133],[-72.145,41.02011],[-72.14566,41.01838],[-72.14405,41.01838],[-72.1416,41.02032],[-72.13992,41.0184],[-72.13752,41.01822],[-72.13717,41.01701],[-72.13514,41.0169],[-72.13607,41.01501],[-72.13517,41.01404],[-72.13416,41.01445],[-72.13329,41.01581],[-72.13383,41.0174],[-72.13639,41.01852],[-72.13605,41.01929],[-72.13337,41.01992],[-72.13066,41.01922],[-72.12797,41.01714],[-72.1258,41.01418],[-72.12352,41.01023],[-72.12149,41.00768],[-72.1187,41.00253],[-72.11681,41.00012],[-72.11576,40.99984],[-72.11002,40.99596],[-72.10925,40.99482],[-72.10582,40.99279],[-72.10288,40.99155],[-72.09735,40.99042],[-72.09286,40.9914],[-72.08871,40.99291],[-72.08267,40.99662],[-72.08267,40.99887],[-72.08034,40.99917],[-72.08081,41.00015],[-72.08016,41.00217],[-72.0801,41.00502],[-72.07854,41.00741],[-72.0763,41.00875],[-72.07152,41.00992],[-72.06333,41.01073],[-72.06266,41.01166],[-72.06178,41.0163],[-72.05902,41.01911],[-72.05726,41.01785],[-72.05532,41.01834],[-72.05389,41.01812],[-72.05448,41.01711],[-72.05758,41.01685],[-72.05885,41.01591],[-72.0611,41.01192],[-72.06033,41.01115],[-72.05919,41.01161],[-72.0578,41.01282],[-72.05656,41.01317],[-72.05559,41.01279],[-72.05561,41.01185],[-72.05722,41.01053],[-72.05771,41.0077],[-72.05731,41.00505],[-72.05821,41.00332],[-72.06063,41.00178],[-72.06107,41.00095],[-72.06108,40.99991],[-72.06063,40.99984],[-72.06051,40.99898],[-72.05904,40.99855],[-72.05777,40.99747],[-72.05588,40.99762],[-72.05128,40.99919],[-72.04715,40.99923],[-72.04702,41.00013],[-72.03798,41.00291],[-72.03633,41.0044],[-72.03576,41.00639],[-72.03678,41.0092],[-72.04075,41.0134],[-72.04424,41.01604],[-72.04903,41.01865],[-72.05125,41.02045],[-72.05305,41.02039],[-72.05432,41.01916],[-72.0556,41.01932],[-72.05575,41.02054],[-72.05494,41.02148],[-72.04945,41.02327],[-72.04736,41.02336],[-72.04359,41.02154],[-72.04178,41.02137],[-72.03991,41.02086],[-72.03527,41.02038],[-72.02813,41.02045],[-72.02308,41.0211],[-72.01881,41.02298],[-72.01663,41.02474],[-72.01277,41.02943],[-72.00943,41.03178],[-72.00544,41.03563],[-72.00268,41.03753],[-71.99977,41.0391],[-71.99961,41.0406],[-71.99738,41.04218],[-71.99242,41.04756],[-71.99058,41.04816],[-71.98426,41.04885],[-71.98232,41.04848],[-71.98108,41.04737],[-71.98048,41.04505],[-71.97877,41.04316],[-71.97601,41.04191],[-71.9708,41.04123],[-71.96704,41.04146],[-71.96405,41.04239],[-71.95991,41.04445],[-71.95754,41.04679],[-71.95662,41.0497],[-71.95775,41.0568],[-71.95881,41.06],[-71.9607,41.06308],[-71.96096,41.06416],[-71.95998,41.06931],[-71.95927,41.07071],[-71.95583,41.07279],[-71.95075,41.07347],[-71.94566,41.07448],[-71.94174,41.0758],[-71.93928,41.07632],[-71.93838,41.07526],[-71.93863,41.07418],[-71.94047,41.07297],[-71.94049,41.07202],[-71.93915,41.07071],[-71.93806,41.0677],[-71.93592,41.06647],[-71.93308,41.06026],[-71.93194,41.05843],[-71.93033,41.05812],[-71.92834,41.05705],[-71.92756,41.05558],[-71.92777,41.05299],[-71.92649,41.05199],[-71.92159,41.05169],[-71.91717,41.04928],[-71.9146,41.04821],[-71.91214,41.04827],[-71.90963,41.04986],[-71.90774,41.05233],[-71.90796,41.05881],[-71.90874,41.06024],[-71.91202,41.06149],[-71.91387,41.06287],[-71.91543,41.06622],[-71.91771,41.06896],[-71.9197,41.07049],[-71.92558,41.07139],[-71.93468,41.07476],[-71.93679,41.07581],[-71.93722,41.07701],[-71.93561,41.07782],[-71.92333,41.07927],[-71.91877,41.08002],[-71.91195,41.08251],[-71.90449,41.08492],[-71.90225,41.08492],[-71.90045,41.08371],[-71.89815,41.07982],[-71.89411,41.07654],[-71.89062,41.07546],[-71.88697,41.07536],[-71.88036,41.0763],[-71.87792,41.07595],[-71.87605,41.07524],[-71.87231,41.07473],[-71.86864,41.0748],[-71.86665,41.0756],[-71.86385,41.07577],[-71.85957,41.07414],[-71.85603,41.07188],[-71.85569,41.07054],[-71.85859,41.06825],[-71.86006,41.06586],[-71.86218,41.06424],[-71.86356,41.06285],[-71.86679,41.06055],[-71.8673,41.0587],[-71.8713,41.05674],[-71.87315,41.05465],[-71.87369,41.0523],[-71.87556,41.05107],[-71.88864,41.0474],[-71.89119,41.04622],[-71.89811,41.04369],[-71.90029,41.04263],[-71.90328,41.04047],[-71.90745,41.03979],[-71.91537,41.03925],[-71.91892,41.03865],[-71.93466,41.03454],[-71.9459,41.03113],[-71.94749,41.03041],[-71.95612,41.02773],[-71.96846,41.02346],[-71.97199,41.02216],[-71.98023,41.01847],[-71.98544,41.01663],[-71.99077,41.0145],[-71.99668,41.01286],[-71.99936,41.01171],[-71.99959,41.01087],[-72.01028,41.0073],[-72.02019,41.00348],[-72.02812,41.00016],[-72.02825,40.99923],[-72.03865,40.99614],[-72.04255,40.99464],[-72.04457,40.9936],[-72.04969,40.99174],[-72.05389,40.99118],[-72.05832,40.98944],[-72.06162,40.98856],[-72.06507,40.98694],[-72.06874,40.98602],[-72.07101,40.98457],[-72.08857,40.97934],[-72.09193,40.97879],[-72.09401,40.97776],[-72.11763,40.97015],[-72.12,40.96874],[-72.12441,40.9678],[-72.12943,40.96548],[-72.13222,40.96457],[-72.14263,40.96045],[-72.14675,40.95935],[-72.14968,40.95804],[-72.1536,40.95674],[-72.15883,40.95472],[-72.16414,40.95318],[-72.16839,40.95136],[-72.17274,40.95024],[-72.17988,40.94697],[-72.18967,40.94319],[-72.19338,40.94132],[-72.19623,40.94019],[-72.20133,40.93886],[-72.20572,40.93733],[-72.22049,40.93201],[-72.22579,40.92964],[-72.22723,40.92961],[-72.22776,40.9304],[-72.22616,40.93113],[-72.22305,40.93366],[-72.22012,40.93466],[-72.21895,40.93594],[-72.2163,40.94151],[-72.21595,40.9433],[-72.21669,40.94317],[-72.21901,40.93949],[-72.21986,40.93708],[-72.22077,40.93608],[-72.2212,40.93471],[-72.2224,40.93441],[-72.22384,40.93489],[-72.2239,40.93613],[-72.22457,40.93687],[-72.22481,40.9385],[-72.22578,40.93946],[-72.2263,40.94102],[-72.22806,40.94393],[-72.22717,40.94522],[-72.22732,40.94607],[-72.22877,40.94613],[-72.23017,40.94798],[-72.23273,40.94663],[-72.23426,40.9471],[-72.23682,40.94934],[-72.23717,40.94886],[-72.23629,40.94769],[-72.23601,40.94643],[-72.23248,40.94334],[-72.23214,40.9413],[-72.23309,40.93984],[-72.23756,40.93967],[-72.23806,40.93937],[-72.23445,40.93885],[-72.23219,40.93727],[-72.23182,40.93639],[-72.23298,40.936],[-72.23299,40.93533],[-72.23083,40.93494],[-72.23089,40.93164],[-72.23017,40.93046],[-72.22866,40.92957],[-72.22836,40.9286],[-72.2297,40.9279],[-72.23186,40.92779],[-72.23382,40.92723],[-72.24017,40.92447],[-72.24527,40.92275],[-72.24856,40.92214],[-72.2616,40.91612],[-72.26451,40.91503],[-72.26901,40.91277],[-72.27157,40.91201],[-72.27579,40.91032],[-72.27949,40.90831],[-72.2827,40.90717],[-72.28945,40.9043],[-72.30854,40.89799],[-72.31359,40.89576],[-72.31673,40.89459],[-72.32695,40.88918],[-72.33063,40.88755],[-72.3311,40.88825],[-72.3273,40.89024],[-72.32748,40.89177],[-72.32649,40.89261],[-72.32662,40.89413],[-72.32605,40.89478],[-72.32339,40.89469],[-72.31854,40.89605],[-72.3178,40.89683],[-72.31306,40.89834],[-72.31282,40.90029],[-72.31355,40.90167],[-72.31472,40.90013],[-72.31412,40.89921],[-72.31444,40.89858],[-72.31629,40.89953],[-72.31807,40.90111],[-72.31954,40.90178],[-72.32072,40.90286],[-72.32095,40.9042],[-72.32235,40.90438],[-72.32355,40.90527],[-72.32373,40.90647],[-72.32527,40.90634],[-72.32676,40.90723],[-72.32797,40.9072],[-72.33107,40.90827],[-72.32985,40.90923],[-72.32796,40.91139],[-72.32739,40.91314],[-72.32515,40.91497],[-72.32453,40.91632],[-72.32599,40.91602],[-72.32829,40.91412],[-72.32969,40.91198],[-72.33077,40.91141],[-72.33217,40.91141],[-72.33272,40.9122],[-72.33182,40.91328],[-72.33319,40.91492],[-72.33431,40.91826],[-72.33461,40.92066],[-72.33533,40.92092],[-72.33629,40.91956],[-72.33843,40.91936],[-72.33873,40.91783],[-72.33609,40.91534],[-72.33676,40.91339],[-72.3354,40.91166],[-72.33602,40.90998],[-72.33586,40.90776],[-72.33498,40.90709],[-72.33378,40.9077],[-72.33256,40.90769],[-72.33263,40.90704],[-72.3356,40.90538],[-72.3389,40.90413],[-72.34152,40.90404],[-72.34359,40.9032],[-72.34745,40.90491],[-72.34924,40.90617],[-72.35038,40.90636],[-72.35248,40.90729],[-72.35318,40.90697],[-72.35291,40.90486],[-72.35138,40.90407],[-72.34935,40.90213],[-72.34841,40.90163],[-72.34841,40.90109],[-72.35082,40.90004],[-72.35051,40.89921],[-72.3473,40.89935],[-72.34646,40.89989],[-72.3475,40.9012],[-72.34709,40.90235],[-72.34597,40.90284],[-72.34495,40.90227],[-72.34561,40.90149],[-72.34562,40.90067],[-72.34384,40.899],[-72.34408,40.89774],[-72.34546,40.89643],[-72.34295,40.89399],[-72.34028,40.89107],[-72.33872,40.89018],[-72.33666,40.88996],[-72.33318,40.89055],[-72.33036,40.8916],[-72.33106,40.89216],[-72.33214,40.89203],[-72.33261,40.89271],[-72.33128,40.89312],[-72.32922,40.89254],[-72.32831,40.89079],[-72.33114,40.88916],[-72.33343,40.88827],[-72.33504,40.88683],[-72.33812,40.88643],[-72.34644,40.8833],[-72.35322,40.88105],[-72.35764,40.88008],[-72.36163,40.87848],[-72.3649,40.87769],[-72.36955,40.87618],[-72.37397,40.87356],[-72.37992,40.87133],[-72.38478,40.86909],[-72.38978,40.86754],[-72.3926,40.86639],[-72.39621,40.86539],[-72.40064,40.86376],[-72.40515,40.86259],[-72.40919,40.86098],[-72.41427,40.8594],[-72.41691,40.85821],[-72.42385,40.85604],[-72.42835,40.85507],[-72.4298,40.85444],[-72.43259,40.85361],[-72.44146,40.85051],[-72.44618,40.84956],[-72.45286,40.84765],[-72.46125,40.8445],[-72.46494,40.84215],[-72.46808,40.83969],[-72.46909,40.83952],[-72.4697,40.84044],[-72.47054,40.84054],[-72.47247,40.83959],[-72.47317,40.83749],[-72.47393,40.83846],[-72.47391,40.84165],[-72.47179,40.84281],[-72.46988,40.84473],[-72.46802,40.8455],[-72.46622,40.84734],[-72.46374,40.84692],[-72.46085,40.84789],[-72.45985,40.84954],[-72.45885,40.84991],[-72.45639,40.84988],[-72.45267,40.85025],[-72.45002,40.85114],[-72.44789,40.85346],[-72.4468,40.853],[-72.44204,40.85501],[-72.43848,40.85535],[-72.43463,40.85614],[-72.4333,40.85716],[-72.43066,40.85691],[-72.43037,40.85846],[-72.42918,40.85919],[-72.4279,40.85928],[-72.42613,40.85834],[-72.4248,40.85936],[-72.42236,40.8595],[-72.41978,40.86097],[-72.41831,40.86123],[-72.41694,40.86194],[-72.41574,40.86202],[-72.41494,40.86247],[-72.41302,40.86278],[-72.41181,40.86329],[-72.41205,40.87023],[-72.41295,40.87011],[-72.41366,40.86904],[-72.41374,40.86728],[-72.41424,40.8661],[-72.41426,40.86463],[-72.41535,40.86419],[-72.41622,40.8651],[-72.41704,40.86457],[-72.41808,40.86499],[-72.41806,40.86639],[-72.41922,40.86719],[-72.41945,40.87071],[-72.41796,40.87222],[-72.41669,40.87269],[-72.41618,40.87337],[-72.41741,40.87378],[-72.41748,40.87475],[-72.41867,40.87541],[-72.41901,40.87625],[-72.41982,40.87726],[-72.41861,40.87852],[-72.41868,40.88038],[-72.42015,40.87928],[-72.42143,40.88004],[-72.42197,40.87884],[-72.42142,40.87721],[-72.42035,40.87517],[-72.42113,40.8731],[-72.42126,40.87153],[-72.42191,40.87068],[-72.42244,40.86897],[-72.42388,40.86829],[-72.42255,40.86484],[-72.42398,40.86383],[-72.42456,40.86076],[-72.42553,40.86042],[-72.42705,40.86085],[-72.42866,40.86307],[-72.42965,40.86308],[-72.42992,40.86103],[-72.43094,40.86082],[-72.43584,40.86514],[-72.43753,40.86763],[-72.43852,40.87072],[-72.44069,40.87401],[-72.44048,40.87501],[-72.43793,40.87568],[-72.43797,40.87675],[-72.43915,40.87672],[-72.43938,40.87724],[-72.43838,40.87876],[-72.43712,40.87889],[-72.43644,40.88083],[-72.43732,40.88155],[-72.43633,40.88346],[-72.43753,40.88403],[-72.43885,40.88339],[-72.43941,40.88341],[-72.43984,40.88415],[-72.44046,40.88445],[-72.44141,40.88222],[-72.44044,40.87828],[-72.44166,40.87558],[-72.44289,40.87487],[-72.44481,40.87562],[-72.44559,40.87681],[-72.44451,40.87812],[-72.44558,40.87937],[-72.44521,40.88064],[-72.44664,40.88158],[-72.44758,40.87985],[-72.4484,40.87888],[-72.44746,40.87882],[-72.44696,40.87707],[-72.44876,40.87756],[-72.45147,40.87709],[-72.45267,40.87744],[-72.45269,40.87813],[-72.45051,40.8785],[-72.45094,40.8793],[-72.45009,40.88046],[-72.45104,40.88107],[-72.4534,40.87962],[-72.45465,40.88007],[-72.45526,40.87964],[-72.45391,40.87789],[-72.45548,40.87769],[-72.45805,40.87842],[-72.4619,40.87984],[-72.46831,40.88093],[-72.47196,40.88109],[-72.47553,40.8819],[-72.48236,40.88238],[-72.4849,40.88286],[-72.48812,40.88246],[-72.49112,40.88265],[-72.49689,40.88187],[-72.49884,40.88284],[-72.49997,40.88393]]],[[[-72.44923,40.91783],[-72.44982,40.91837],[-72.4481,40.92039],[-72.44771,40.92199],[-72.44644,40.92199],[-72.4445,40.91887],[-72.44222,40.91759],[-72.44532,40.9174],[-72.44762,40.91848],[-72.44923,40.91783]]],[[[-72.44434,40.9137],[-72.44516,40.91602],[-72.44346,40.91621],[-72.44175,40.91528],[-72.44131,40.91385],[-72.44229,40.91305],[-72.44434,40.9137]]],[[[-72.18776,41.00548],[-72.18763,41.00636],[-72.18635,41.00699],[-72.18596,41.00641],[-72.18676,41.00563],[-72.18776,41.00548]]],[[[-72.37298,41.05201],[-72.37229,41.05627],[-72.3734,41.05988],[-72.38397,41.06827],[-72.38422,41.06964],[-72.3836,41.07085],[-72.38247,41.07163],[-72.3801,41.07166],[-72.37588,41.07065],[-72.37173,41.07147],[-72.36774,41.07311],[-72.36534,41.07531],[-72.36447,41.07701],[-72.36342,41.08117],[-72.36195,41.08311],[-72.35775,41.08679],[-72.35361,41.08789],[-72.35161,41.08713],[-72.35185,41.08639],[-72.35305,41.08592],[-72.35184,41.08363],[-72.34818,41.08384],[-72.34667,41.08424],[-72.34307,41.08436],[-72.34496,41.09004],[-72.34699,41.09215],[-72.34786,41.0939],[-72.34747,41.09477],[-72.34535,41.0957],[-72.34108,41.09706],[-72.33949,41.09822],[-72.33855,41.10154],[-72.33658,41.1034],[-72.33569,41.10531],[-72.33476,41.10642],[-72.33385,41.10671],[-72.33198,41.10641],[-72.32823,41.10422],[-72.32488,41.10157],[-72.32161,41.10008],[-72.32154,41.09656],[-72.3212,41.09395],[-72.3205,41.09192],[-72.31765,41.08922],[-72.31378,41.08797],[-72.3121,41.08787],[-72.30934,41.08721],[-72.30453,41.08521],[-72.29843,41.08201],[-72.29405,41.0816],[-72.28969,41.07999],[-72.28468,41.07966],[-72.28048,41.07999],[-72.27849,41.07926],[-72.27694,41.07804],[-72.27628,41.07563],[-72.27652,41.0737],[-72.27862,41.07013],[-72.27974,41.06956],[-72.28051,41.07],[-72.27915,41.07228],[-72.28007,41.07366],[-72.28214,41.07381],[-72.28528,41.07309],[-72.28723,41.07224],[-72.28823,41.07223],[-72.29019,41.07315],[-72.29444,41.07625],[-72.29522,41.07798],[-72.29633,41.07872],[-72.29891,41.07894],[-72.30117,41.07977],[-72.3029,41.08003],[-72.30351,41.07925],[-72.30276,41.07665],[-72.30403,41.075],[-72.30437,41.07336],[-72.30555,41.07361],[-72.30758,41.07755],[-72.3075,41.08077],[-72.30877,41.0828],[-72.31157,41.08489],[-72.31816,41.08571],[-72.32057,41.08738],[-72.32144,41.08741],[-72.32249,41.08378],[-72.32112,41.08164],[-72.32026,41.07873],[-72.31915,41.07601],[-72.3152,41.07276],[-72.30927,41.06903],[-72.30965,41.06759],[-72.3109,41.06835],[-72.31233,41.06864],[-72.31464,41.07016],[-72.3163,41.06989],[-72.31811,41.06901],[-72.31733,41.06781],[-72.31941,41.06786],[-72.32,41.0671],[-72.31875,41.06605],[-72.31685,41.06649],[-72.31409,41.06608],[-72.31355,41.06519],[-72.3141,41.06353],[-72.3138,41.06278],[-72.3125,41.06319],[-72.31184,41.06467],[-72.31093,41.06527],[-72.30405,41.0658],[-72.30161,41.06706],[-72.29945,41.06965],[-72.29782,41.06965],[-72.29751,41.06876],[-72.29938,41.06785],[-72.29963,41.06677],[-72.29908,41.06565],[-72.29763,41.06448],[-72.29598,41.06445],[-72.29458,41.06291],[-72.29246,41.0629],[-72.28411,41.06768],[-72.28289,41.06792],[-72.28189,41.06713],[-72.28015,41.06403],[-72.27889,41.06038],[-72.27658,41.05712],[-72.27508,41.05376],[-72.27288,41.05142],[-72.27404,41.05023],[-72.27751,41.04922],[-72.28003,41.04717],[-72.28053,41.04603],[-72.28,41.04438],[-72.27624,41.03946],[-72.27252,41.03162],[-72.27006,41.02808],[-72.26998,41.02631],[-72.271,41.02584],[-72.27461,41.0261],[-72.27659,41.02496],[-72.27908,41.02602],[-72.2816,41.02799],[-72.28162,41.02962],[-72.28036,41.03307],[-72.27942,41.0346],[-72.27891,41.03633],[-72.27981,41.03772],[-72.28183,41.03908],[-72.28309,41.03923],[-72.28383,41.0377],[-72.28523,41.03764],[-72.28748,41.0398],[-72.28892,41.04093],[-72.29215,41.04156],[-72.2985,41.04392],[-72.30148,41.046],[-72.30416,41.04987],[-72.30832,41.05257],[-72.3102,41.05343],[-72.31312,41.05329],[-72.31687,41.05124],[-72.31789,41.04918],[-72.31644,41.04631],[-72.31644,41.04416],[-72.3185,41.04265],[-72.32038,41.04245],[-72.32413,41.04308],[-72.32772,41.04305],[-72.32883,41.04348],[-72.33009,41.04633],[-72.33207,41.0478],[-72.33552,41.04849],[-72.33794,41.04969],[-72.33747,41.05031],[-72.33505,41.04947],[-72.33391,41.04932],[-72.33485,41.05018],[-72.33528,41.05115],[-72.33677,41.05174],[-72.33724,41.05326],[-72.33796,41.05382],[-72.33909,41.05328],[-72.33908,41.05128],[-72.33802,41.05073],[-72.33789,41.04993],[-72.33936,41.04986],[-72.3431,41.0509],[-72.34338,41.05181],[-72.34079,41.05319],[-72.33978,41.05471],[-72.33975,41.05752],[-72.342,41.06027],[-72.34332,41.0609],[-72.34495,41.06104],[-72.34628,41.0604],[-72.34616,41.05971],[-72.34448,41.05943],[-72.34455,41.05795],[-72.34352,41.057],[-72.34131,41.05603],[-72.34125,41.05451],[-72.34276,41.05313],[-72.34327,41.05207],[-72.34479,41.05135],[-72.34571,41.0496],[-72.34948,41.04721],[-72.35014,41.04767],[-72.34987,41.04979],[-72.35061,41.05083],[-72.35273,41.05167],[-72.35296,41.05254],[-72.35392,41.05347],[-72.35431,41.06183],[-72.35489,41.0639],[-72.35599,41.06489],[-72.35778,41.06423],[-72.35906,41.06498],[-72.36361,41.06544],[-72.36461,41.06446],[-72.36492,41.06295],[-72.36605,41.06192],[-72.36641,41.06123],[-72.36593,41.06061],[-72.36501,41.06141],[-72.36393,41.061],[-72.36301,41.05942],[-72.36205,41.05927],[-72.3609,41.06002],[-72.35903,41.06059],[-72.3574,41.0626],[-72.35635,41.06274],[-72.35583,41.06179],[-72.35625,41.05876],[-72.35613,41.0571],[-72.35672,41.05562],[-72.35584,41.05217],[-72.3537,41.04912],[-72.35294,41.04752],[-72.35103,41.0446],[-72.34864,41.04181],[-72.34621,41.04131],[-72.34372,41.04265],[-72.34216,41.04475],[-72.33981,41.04683],[-72.33846,41.04684],[-72.33829,41.04572],[-72.33997,41.0432],[-72.34261,41.04151],[-72.34643,41.04048],[-72.35288,41.0409],[-72.35769,41.04234],[-72.36371,41.04615],[-72.3717,41.05047],[-72.37298,41.05201]]],[[[-72.10461,41.02443],[-72.10489,41.02528],[-72.1027,41.02733],[-72.10189,41.02897],[-72.10044,41.02968],[-72.09997,41.02914],[-72.10088,41.02633],[-72.10339,41.02478],[-72.10461,41.02443]]],[[[-72.10023,41.03132],[-72.10067,41.03219],[-72.09981,41.03277],[-72.09906,41.03219],[-72.09911,41.0313],[-72.10023,41.03132]]],[[[-72.0999,41.03481],[-72.09905,41.03562],[-72.09823,41.03504],[-72.09857,41.03392],[-72.09939,41.03375],[-72.0999,41.03481]]],[[[-72.0991,41.03794],[-72.0993,41.0392],[-72.09848,41.04025],[-72.09779,41.03959],[-72.09724,41.03708],[-72.09814,41.03692],[-72.0991,41.03794]]],[[[-72.09927,41.04197],[-72.09883,41.04247],[-72.09818,41.04208],[-72.09855,41.04158],[-72.09927,41.04197]]],[[[-72.09945,41.04436],[-72.09981,41.04557],[-72.09924,41.04618],[-72.09836,41.04576],[-72.09857,41.04444],[-72.09945,41.04436]]],[[[-72.09893,41.04752],[-72.09897,41.04823],[-72.09841,41.04895],[-72.09779,41.04862],[-72.09812,41.04766],[-72.09893,41.04752]]],[[[-72.09734,41.05099],[-72.0977,41.0519],[-72.09626,41.05516],[-72.0966,41.05678],[-72.09636,41.05916],[-72.09617,41.06771],[-72.09628,41.07358],[-72.09769,41.07695],[-72.09919,41.07904],[-72.09989,41.08094],[-72.10106,41.08232],[-72.10246,41.08516],[-72.10485,41.08741],[-72.10703,41.08865],[-72.10999,41.0901],[-72.11238,41.09059],[-72.11401,41.09125],[-72.11771,41.09204],[-72.1208,41.09234],[-72.12526,41.09224],[-72.1309,41.09283],[-72.13455,41.0925],[-72.13787,41.09184],[-72.13934,41.09255],[-72.1414,41.09446],[-72.14216,41.09594],[-72.1419,41.09788],[-72.14099,41.09931],[-72.13842,41.1017],[-72.13611,41.10281],[-72.13261,41.10335],[-72.12915,41.10637],[-72.12744,41.10862],[-72.1257,41.11244],[-72.12589,41.115],[-72.12715,41.11918],[-72.12896,41.12152],[-72.1298,41.1233],[-72.1293,41.12368],[-72.12394,41.1193],[-72.12082,41.11595],[-72.11816,41.11397],[-72.1114,41.1098],[-72.10753,41.10812],[-72.10327,41.10763],[-72.10027,41.10685],[-72.09813,41.10551],[-72.09409,41.10404],[-72.08982,41.1022],[-72.08757,41.10084],[-72.08463,41.10072],[-72.08177,41.1012],[-72.07705,41.09991],[-72.07661,41.09725],[-72.07686,41.09598],[-72.07889,41.09401],[-72.08131,41.09287],[-72.08427,41.09032],[-72.08551,41.0885],[-72.08607,41.08552],[-72.0848,41.07912],[-72.08392,41.07625],[-72.08201,41.07277],[-72.08163,41.07086],[-72.08366,41.06981],[-72.08525,41.06806],[-72.08591,41.06567],[-72.08561,41.06231],[-72.08514,41.06098],[-72.08492,41.05868],[-72.08583,41.05764],[-72.09078,41.05541],[-72.09497,41.05311],[-72.09631,41.05151],[-72.09734,41.05099]]],[[[-72.225,41.16195],[-72.22501,41.16254],[-72.22408,41.16269],[-72.22396,41.16213],[-72.225,41.16195]]],[[[-72.19092,41.16088],[-72.19144,41.1612],[-72.19138,41.16259],[-72.19037,41.16257],[-72.1901,41.16118],[-72.19092,41.16088]]],[[[-72.21147,41.17214],[-72.21175,41.17344],[-72.21053,41.17709],[-72.20854,41.17837],[-72.20582,41.17934],[-72.20395,41.18041],[-72.20062,41.18101],[-72.19614,41.18423],[-72.18935,41.18764],[-72.18641,41.18859],[-72.18311,41.18882],[-72.17972,41.18788],[-72.17546,41.18745],[-72.17143,41.18757],[-72.16685,41.18928],[-72.16272,41.19048],[-72.16065,41.19038],[-72.16012,41.18894],[-72.16126,41.1872],[-72.16319,41.18631],[-72.16937,41.18474],[-72.17314,41.18466],[-72.17612,41.18358],[-72.17851,41.18338],[-72.18287,41.18381],[-72.18535,41.18227],[-72.18851,41.17869],[-72.19046,41.17507],[-72.19174,41.17199],[-72.19512,41.16598],[-72.19652,41.16424],[-72.19803,41.1641],[-72.19942,41.16455],[-72.20066,41.16589],[-72.20181,41.16825],[-72.20489,41.17164],[-72.20691,41.17112],[-72.2083,41.1717],[-72.21147,41.17214]]],[[[-72.10621,41.20559],[-72.10685,41.20667],[-72.10571,41.2074],[-72.10328,41.20723],[-72.10297,41.20666],[-72.10482,41.20545],[-72.10621,41.20559]]],[[[-72.12226,41.20013],[-72.12237,41.20077],[-72.11971,41.2024],[-72.11873,41.20267],[-72.11768,41.20358],[-72.11609,41.20412],[-72.11503,41.20409],[-72.11421,41.20302],[-72.11671,41.20249],[-72.1178,41.20139],[-72.11982,41.201],[-72.1208,41.20024],[-72.12226,41.20013]]],[[[-72.14478,41.13893],[-72.14531,41.13959],[-72.14438,41.1403],[-72.14327,41.14026],[-72.14282,41.13989],[-72.14305,41.13892],[-72.14478,41.13893]]],[[[-71.93587,41.07203],[-71.93487,41.07295],[-71.93362,41.07244],[-71.93255,41.07066],[-71.932,41.06786],[-71.93136,41.06617],[-71.93277,41.06593],[-71.93436,41.06727],[-71.93581,41.07023],[-71.93587,41.07203]]],[[[-72.63801,40.79974],[-72.63792,40.79999],[-72.63747,40.80021],[-72.63661,40.80018],[-72.63619,40.79937],[-72.6355,40.79874],[-72.63706,40.79896],[-72.63756,40.79885],[-72.63805,40.79912],[-72.63801,40.7995],[-72.63801,40.79974]]],[[[-72.62626,40.80317],[-72.62603,40.80363],[-72.62545,40.80382],[-72.62502,40.80305],[-72.62553,40.80301],[-72.62577,40.8026],[-72.62549,40.80241],[-72.62577,40.80219],[-72.62591,40.80219],[-72.62618,40.8029],[-72.62626,40.80317]]],[[[-72.46924,40.97215],[-72.47088,40.97531],[-72.47137,40.9775],[-72.47113,40.97923],[-72.46958,40.98199],[-72.46876,40.98171],[-72.46986,40.97876],[-72.46966,40.97709],[-72.46749,40.97639],[-72.46358,40.97716],[-72.46131,40.97688],[-72.45878,40.97591],[-72.45727,40.97445],[-72.45656,40.97283],[-72.45582,40.96959],[-72.45533,40.96598],[-72.45271,40.95822],[-72.45494,40.95862],[-72.45764,40.96007],[-72.46005,40.96111],[-72.46352,40.96306],[-72.46737,40.96775],[-72.46924,40.97215]]],[[[-73.22415,40.89851],[-73.22548,40.90076],[-73.22548,40.90195],[-73.22433,40.90282],[-73.22102,40.90263],[-73.21853,40.902],[-73.21812,40.90111],[-73.2211,40.90045],[-73.22161,40.89971],[-73.22337,40.89933],[-73.22415,40.89851]]],[[[-73.21527,40.90017],[-73.21516,40.90147],[-73.21244,40.89994],[-73.21113,40.89795],[-73.2087,40.89743],[-73.2088,40.89651],[-73.2105,40.89653],[-73.21396,40.89804],[-73.214,40.89953],[-73.21527,40.90017]]],[[[-73.20912,40.89455],[-73.20858,40.89493],[-73.20777,40.8946],[-73.20788,40.8941],[-73.20875,40.89409],[-73.20912,40.89455]]],[[[-73.20697,40.89557],[-73.2065,40.89676],[-73.20413,40.89636],[-73.20411,40.89584],[-73.20501,40.8955],[-73.20341,40.89416],[-73.20222,40.89375],[-73.20149,40.89258],[-73.20177,40.89215],[-73.20254,40.8922],[-73.20311,40.8929],[-73.20434,40.89321],[-73.20697,40.89557]]],[[[-73.20239,40.88985],[-73.20225,40.89072],[-73.20095,40.89096],[-73.19909,40.89016],[-73.19982,40.88978],[-73.20079,40.88968],[-73.20113,40.88894],[-73.20176,40.88901],[-73.20239,40.88985]]],[[[-73.17718,40.91189],[-73.17662,40.91293],[-73.17513,40.91375],[-73.17547,40.91497],[-73.17466,40.91513],[-73.17308,40.91293],[-73.17606,40.91146],[-73.17718,40.91189]]],[[[-73.17235,40.90918],[-73.1724,40.91024],[-73.16931,40.91284],[-73.16764,40.91371],[-73.16375,40.91345],[-73.16383,40.91229],[-73.16539,40.9089],[-73.16817,40.90602],[-73.16909,40.9058],[-73.16735,40.90904],[-73.16735,40.91005],[-73.1659,40.91179],[-73.16692,40.9123],[-73.1687,40.91183],[-73.16954,40.91014],[-73.17131,40.90916],[-73.17235,40.90918]]],[[[-73.16511,40.91497],[-73.1647,40.91591],[-73.16111,40.91665],[-73.15893,40.91832],[-73.1528,40.92169],[-73.1502,40.92348],[-73.14846,40.92493],[-73.14777,40.92471],[-73.14797,40.92312],[-73.14997,40.92162],[-73.15148,40.91981],[-73.15365,40.91842],[-73.15534,40.91697],[-73.15766,40.91566],[-73.16132,40.91498],[-73.16511,40.91497]]],[[[-73.15393,40.91566],[-73.15436,40.91608],[-73.15268,40.91721],[-73.15148,40.91863],[-73.15027,40.91859],[-73.15024,40.91797],[-73.15128,40.91737],[-73.15267,40.91596],[-73.15393,40.91566]]],[[[-73.03761,40.95772],[-73.03784,40.95915],[-73.03714,40.95949],[-73.03568,40.95878],[-73.03485,40.95615],[-73.03603,40.95582],[-73.03761,40.95772]]],[[[-73.03345,40.95697],[-73.03418,40.95821],[-73.03315,40.95863],[-73.0307,40.95813],[-73.03031,40.95758],[-73.03177,40.95675],[-73.03345,40.95697]]],[[[-73.03574,40.95982],[-73.03584,40.96065],[-73.03378,40.96115],[-73.03077,40.96319],[-73.02573,40.96323],[-73.02428,40.96241],[-73.02432,40.9615],[-73.02487,40.96045],[-73.02487,40.95908],[-73.02633,40.95895],[-73.02692,40.95779],[-73.02767,40.95779],[-73.02891,40.95878],[-73.03274,40.95986],[-73.03574,40.95982]]],[[[-71.97693,41.26869],[-71.97826,41.26775],[-71.98144,41.26743],[-71.98346,41.26554],[-71.98725,41.26391],[-71.98983,41.26193],[-71.99186,41.26092],[-71.99357,41.25953],[-71.99594,41.25566],[-71.99898,41.25319],[-71.9997,41.25369],[-72.00328,41.25229],[-72.00588,41.25291],[-72.01078,41.25505],[-72.01622,41.25495],[-72.02074,41.2533],[-72.02335,41.25141],[-72.02799,41.24997],[-72.0323,41.24952],[-72.03592,41.24953],[-72.03704,41.25015],[-72.03704,41.25134],[-72.03507,41.25398],[-72.0342,41.25604],[-72.03273,41.25716],[-72.03123,41.25738],[-72.02939,41.25667],[-72.02872,41.25721],[-72.0306,41.25904],[-72.02956,41.26191],[-72.0286,41.26296],[-72.02703,41.26332],[-72.02615,41.26411],[-72.02587,41.26596],[-72.02505,41.26629],[-72.0239,41.26557],[-72.02416,41.26361],[-72.02631,41.26194],[-72.0265,41.26088],[-72.02529,41.2601],[-72.02442,41.26039],[-72.02319,41.25949],[-72.02278,41.25976],[-72.02268,41.26098],[-72.02065,41.26106],[-72.0207,41.26247],[-72.02211,41.265],[-72.02079,41.26946],[-72.02121,41.26992],[-72.02288,41.2699],[-72.02436,41.27296],[-72.02402,41.27387],[-72.01924,41.27491],[-72.01722,41.27336],[-72.01205,41.27174],[-72.00901,41.27137],[-72.0072,41.27019],[-72.00693,41.26912],[-72.00848,41.26787],[-72.00857,41.26614],[-72.00958,41.26527],[-72.01171,41.26558],[-72.01262,41.26487],[-72.01255,41.26307],[-72.01013,41.26302],[-72.00897,41.26042],[-72.00761,41.25925],[-72.00776,41.25846],[-72.00538,41.25885],[-72.00491,41.25954],[-72.0056,41.26032],[-72.00779,41.26129],[-72.00685,41.26252],[-72.0064,41.26416],[-72.00487,41.26416],[-72.00408,41.26359],[-72.00408,41.26241],[-72.00468,41.2616],[-72.0042,41.2608],[-72.00329,41.26103],[-72.00228,41.26203],[-72.00227,41.265],[-72.00133,41.26625],[-71.99975,41.26677],[-71.9964,41.26883],[-71.99419,41.27104],[-71.99352,41.27473],[-71.99347,41.27775],[-71.99266,41.28063],[-71.99114,41.28119],[-71.98385,41.28129],[-71.98216,41.28076],[-71.9807,41.28056],[-71.97804,41.27926],[-71.97619,41.27947],[-71.97467,41.28006],[-71.97267,41.28046],[-71.9704,41.28156],[-71.96941,41.28233],[-71.96908,41.28354],[-71.96816,41.28391],[-71.96812,41.28468],[-71.96625,41.28467],[-71.96249,41.28316],[-71.9589,41.28301],[-71.95785,41.2834],[-71.95741,41.28437],[-71.95446,41.2844],[-71.95289,41.28382],[-71.95117,41.28257],[-71.94983,41.28273],[-71.94822,41.28249],[-71.94754,41.28296],[-71.94809,41.28399],[-71.94733,41.28423],[-71.94548,41.28356],[-71.94418,41.28353],[-71.94299,41.28274],[-71.94149,41.28281],[-71.9403,41.28365],[-71.94004,41.28432],[-71.94073,41.28511],[-71.9393,41.28547],[-71.93902,41.28615],[-71.9403,41.28661],[-71.94172,41.28622],[-71.94317,41.28629],[-71.94381,41.28715],[-71.94199,41.28863],[-71.93949,41.29103],[-71.9379,41.29101],[-71.93666,41.29045],[-71.93268,41.29053],[-71.92415,41.29233],[-71.92278,41.29149],[-71.92349,41.29075],[-71.92643,41.28976],[-71.92806,41.28876],[-71.92854,41.28761],[-71.92848,41.28493],[-71.92951,41.28395],[-71.93123,41.28353],[-71.93211,41.28258],[-71.93431,41.28171],[-71.93509,41.28066],[-71.93743,41.27996],[-71.93996,41.2797],[-71.94426,41.28016],[-71.9461,41.27931],[-71.94668,41.27804],[-71.94822,41.27795],[-71.94974,41.27895],[-71.95146,41.27859],[-71.9523,41.27763],[-71.95424,41.27736],[-71.95439,41.27675],[-71.95371,41.276],[-71.95472,41.27547],[-71.95819,41.27541],[-71.96138,41.27615],[-71.96321,41.27632],[-71.96537,41.27572],[-71.96689,41.27412],[-71.96817,41.27352],[-71.96918,41.27274],[-71.97193,41.27169],[-71.97536,41.26889],[-71.97693,41.26869]]],[[[-72.01663,41.2814],[-72.01648,41.28259],[-72.01459,41.28348],[-72.01422,41.28255],[-72.01546,41.2811],[-72.01663,41.2814]]],[[[-72.0108,41.28262],[-72.00974,41.2835],[-72.00866,41.28157],[-72.00908,41.28076],[-72.01006,41.28117],[-72.0108,41.28262]]],[[[-73.20336,40.65661],[-73.20456,40.65732],[-73.20475,40.6581],[-73.20306,40.65946],[-73.20096,40.65953],[-73.19653,40.65817],[-73.19372,40.65671],[-73.19185,40.65619],[-73.19248,40.6556],[-73.1941,40.65513],[-73.19662,40.65387],[-73.1981,40.65416],[-73.20114,40.65603],[-73.20336,40.65661]]],[[[-73.18928,40.6561],[-73.19135,40.65704],[-73.19187,40.65841],[-73.19097,40.65987],[-73.18931,40.65997],[-73.1875,40.65929],[-73.18528,40.65935],[-73.18395,40.65909],[-73.18179,40.65958],[-73.18,40.65934],[-73.1782,40.66001],[-73.17677,40.6594],[-73.17536,40.65609],[-73.17654,40.65446],[-73.17866,40.65287],[-73.18035,40.6532],[-73.18313,40.65454],[-73.18491,40.65452],[-73.18754,40.65593],[-73.18928,40.6561]]],[[[-73.1744,40.65792],[-73.17466,40.65913],[-73.17401,40.65967],[-73.17331,40.65872],[-73.1738,40.65763],[-73.1744,40.65792]]],[[[-73.17211,40.6577],[-73.17224,40.65938],[-73.17162,40.65964],[-73.17094,40.65903],[-73.171,40.65779],[-73.17211,40.6577]]],[[[-73.16868,40.65905],[-73.1677,40.66006],[-73.16721,40.66144],[-73.16578,40.66041],[-73.16791,40.65889],[-73.16868,40.65905]]]]}},{"type":"Feature","properties":{"ava_id":"niagara_escarpment","name":"Niagara Escarpment","aka":null,"state":"NY","county":"Niagara","within":null,"contains":null,"cfr_index":"9.186","valid_start":null},"geometry":{"type":"MultiPolygon","coordinates":[[[[-78.83599,43.18868],[-78.83614,43.18895],[-78.83611,43.18971],[-78.83601,43.18999],[-78.8357,43.19016],[-78.83572,43.1907],[-78.83531,43.19112],[-78.83584,43.19139],[-78.83588,43.19175],[-78.83567,43.19208],[-78.83604,43.19224],[-78.83634,43.19267],[-78.83674,43.19422],[-78.83734,43.19504],[-78.83709,43.19511],[-78.83562,43.19468],[-78.83507,43.19481],[-78.83461,43.1947],[-78.83443,43.19512],[-78.83393,43.19525],[-78.8335,43.195],[-78.83343,43.19432],[-78.83298,43.1946],[-78.83227,43.19442],[-78.83279,43.19515],[-78.83279,43.19536],[-78.83233,43.19567],[-78.83192,43.19574],[-78.83083,43.19532],[-78.83106,43.19571],[-78.83101,43.19609],[-78.83069,43.19648],[-78.8303,43.19656],[-78.82985,43.19649],[-78.82958,43.1958],[-78.82903,43.19635],[-78.82743,43.19624],[-78.82711,43.19602],[-78.82683,43.19538],[-78.82633,43.19604],[-78.82602,43.19611],[-78.82588,43.19469],[-78.82552,43.19413],[-78.82513,43.19445],[-78.82467,43.19419],[-78.82456,43.19383],[-78.82466,43.19345],[-78.82449,43.19329],[-78.82459,43.1931],[-78.82432,43.19308],[-78.82404,43.19277],[-78.82444,43.19478],[-78.82521,43.19508],[-78.8252,43.19562],[-78.82466,43.19588],[-78.82475,43.19649],[-78.82442,43.19652],[-78.8243,43.19602],[-78.82373,43.19637],[-78.8225,43.19603],[-78.82191,43.19603],[-78.82098,43.19683],[-78.82063,43.19691],[-78.8205,43.19655],[-78.82092,43.19543],[-78.82045,43.19441],[-78.8203,43.1956],[-78.81966,43.19602],[-78.81881,43.19592],[-78.81836,43.19508],[-78.81826,43.19559],[-78.81793,43.19579],[-78.81765,43.19574],[-78.81741,43.19551],[-78.81731,43.19499],[-78.8171,43.19554],[-78.81659,43.19604],[-78.8163,43.19599],[-78.81587,43.19553],[-78.81548,43.19587],[-78.81487,43.19582],[-78.81404,43.19513],[-78.8135,43.19593],[-78.81279,43.19581],[-78.81277,43.19517],[-78.81191,43.19564],[-78.81111,43.1957],[-78.8109,43.19535],[-78.81113,43.19469],[-78.8119,43.19363],[-78.81028,43.19422],[-78.81037,43.19352],[-78.81081,43.19306],[-78.80957,43.19366],[-78.80935,43.19452],[-78.80864,43.19495],[-78.80815,43.19484],[-78.80762,43.19424],[-78.8074,43.19342],[-78.80722,43.19392],[-78.80733,43.19456],[-78.80712,43.19461],[-78.80667,43.19439],[-78.80672,43.19591],[-78.80651,43.19646],[-78.80614,43.19679],[-78.80468,43.19695],[-78.80381,43.19687],[-78.80347,43.19635],[-78.80359,43.19541],[-78.80304,43.19438],[-78.80273,43.19494],[-78.80218,43.19449],[-78.80211,43.195],[-78.80131,43.19551],[-78.80107,43.19537],[-78.80091,43.19441],[-78.80015,43.19436],[-78.80005,43.19449],[-78.80059,43.19463],[-78.80047,43.19559],[-78.79997,43.19554],[-78.79908,43.19512],[-78.79917,43.19564],[-78.79888,43.19629],[-78.79796,43.19636],[-78.79666,43.19577],[-78.79653,43.19643],[-78.79637,43.19656],[-78.79538,43.19596],[-78.79563,43.1966],[-78.7956,43.19696],[-78.79535,43.19721],[-78.79462,43.19716],[-78.79488,43.19759],[-78.7947,43.19772],[-78.79415,43.19764],[-78.79353,43.19722],[-78.79344,43.19807],[-78.79225,43.19852],[-78.79125,43.19831],[-78.7914,43.19871],[-78.79108,43.19889],[-78.78926,43.19873],[-78.78829,43.19784],[-78.78802,43.1973],[-78.7881,43.19582],[-78.78831,43.19554],[-78.78874,43.19534],[-78.78832,43.1952],[-78.78839,43.1945],[-78.78805,43.19489],[-78.78779,43.1949],[-78.78794,43.19514],[-78.78745,43.19604],[-78.7874,43.19733],[-78.78689,43.19746],[-78.78772,43.19828],[-78.78834,43.19951],[-78.78784,43.19967],[-78.78726,43.19962],[-78.78653,43.19917],[-78.78594,43.19853],[-78.78564,43.19904],[-78.78515,43.19903],[-78.7859,43.19959],[-78.78584,43.19998],[-78.78526,43.20011],[-78.78404,43.19998],[-78.78345,43.19961],[-78.78319,43.20006],[-78.7828,43.20017],[-78.78082,43.19979],[-78.78031,43.19925],[-78.78029,43.19845],[-78.78058,43.19804],[-78.78058,43.19754],[-78.78132,43.19701],[-78.78081,43.19712],[-78.78061,43.19697],[-78.78029,43.19726],[-78.78003,43.19713],[-78.78,43.19613],[-78.78016,43.19582],[-78.77986,43.19562],[-78.77976,43.1948],[-78.7799,43.19459],[-78.78026,43.19457],[-78.78073,43.19428],[-78.78091,43.19404],[-78.78083,43.19388],[-78.77971,43.19438],[-78.77914,43.19526],[-78.77942,43.1955],[-78.77952,43.19598],[-78.77934,43.19766],[-78.77897,43.19816],[-78.77933,43.19836],[-78.77939,43.19857],[-78.77904,43.1989],[-78.77933,43.1992],[-78.77926,43.19981],[-78.77963,43.2],[-78.78023,43.20075],[-78.78035,43.20127],[-78.78026,43.20164],[-78.78002,43.2019],[-78.7795,43.20206],[-78.77945,43.20233],[-78.77913,43.20232],[-78.77815,43.20173],[-78.77787,43.2012],[-78.7773,43.20158],[-78.77682,43.20139],[-78.77694,43.2018],[-78.77631,43.20188],[-78.77631,43.20244],[-78.77571,43.20301],[-78.77506,43.20336],[-78.77444,43.20349],[-78.77408,43.20315],[-78.77354,43.20347],[-78.7724,43.20346],[-78.77182,43.20255],[-78.77108,43.20184],[-78.77089,43.20133],[-78.77053,43.20178],[-78.76993,43.202],[-78.76961,43.20197],[-78.76919,43.20157],[-78.76899,43.20201],[-78.76861,43.20211],[-78.76807,43.20185],[-78.76794,43.20265],[-78.76729,43.20313],[-78.76677,43.20326],[-78.76585,43.20312],[-78.76522,43.20337],[-78.7639,43.20333],[-78.76368,43.2029],[-78.76436,43.20246],[-78.76404,43.20215],[-78.76414,43.20105],[-78.76319,43.20092],[-78.76304,43.2006],[-78.76321,43.20027],[-78.76418,43.19956],[-78.76419,43.19939],[-78.76357,43.19975],[-78.7634,43.19958],[-78.76343,43.19888],[-78.76409,43.19787],[-78.76277,43.19786],[-78.76279,43.19831],[-78.76252,43.1987],[-78.76257,43.19919],[-78.7621,43.19982],[-78.76121,43.19999],[-78.7602,43.19974],[-78.76023,43.20005],[-78.76072,43.20059],[-78.76047,43.20089],[-78.75939,43.20071],[-78.75655,43.19966],[-78.7564,43.19914],[-78.75706,43.19834],[-78.75706,43.19775],[-78.75665,43.19775],[-78.75659,43.19828],[-78.75632,43.19858],[-78.75613,43.1987],[-78.75568,43.19863],[-78.75565,43.19915],[-78.75528,43.1995],[-78.75491,43.19965],[-78.75437,43.19954],[-78.75409,43.20005],[-78.75348,43.20011],[-78.753,43.19994],[-78.75281,43.19938],[-78.75245,43.1997],[-78.75186,43.19951],[-78.75199,43.20004],[-78.75163,43.20034],[-78.75091,43.20016],[-78.75053,43.19952],[-78.7505,43.20033],[-78.75028,43.20052],[-78.74966,43.20049],[-78.74967,43.20037],[-78.74878,43.20017],[-78.74851,43.19991],[-78.74844,43.19957],[-78.74879,43.19907],[-78.74838,43.19758],[-78.74778,43.19757],[-78.74775,43.19735],[-78.74716,43.19687],[-78.74651,43.19716],[-78.74506,43.19718],[-78.74457,43.19695],[-78.74435,43.19651],[-78.74458,43.19597],[-78.74589,43.19544],[-78.74672,43.19483],[-78.74804,43.19464],[-78.74838,43.19444],[-78.74855,43.19415],[-78.74828,43.19415],[-78.7482,43.19386],[-78.74772,43.19425],[-78.7464,43.19416],[-78.74586,43.19446],[-78.74512,43.19447],[-78.74457,43.19489],[-78.74348,43.19521],[-78.74139,43.19525],[-78.74046,43.19549],[-78.74039,43.19569],[-78.74151,43.19587],[-78.74179,43.19617],[-78.74343,43.19665],[-78.74378,43.19723],[-78.7436,43.19731],[-78.74362,43.19759],[-78.74341,43.19782],[-78.74296,43.198],[-78.74237,43.19807],[-78.74168,43.19793],[-78.74166,43.1984],[-78.74052,43.19913],[-78.73956,43.1992],[-78.73887,43.19905],[-78.7381,43.19929],[-78.73636,43.19931],[-78.73536,43.19882],[-78.73285,43.19835],[-78.73028,43.20207],[-78.72762,43.20433],[-78.71834,43.19706],[-78.71705,43.19626],[-78.71508,43.19538],[-78.71056,43.19395],[-78.70206,43.19362],[-78.70036,43.19293],[-78.70077,43.19354],[-78.70058,43.19384],[-78.69996,43.1938],[-78.69928,43.19336],[-78.6988,43.19351],[-78.69767,43.19343],[-78.69707,43.19362],[-78.69597,43.19419],[-78.69487,43.19451],[-78.69423,43.19506],[-78.69363,43.19513],[-78.69348,43.19559],[-78.6937,43.19588],[-78.69342,43.19616],[-78.69314,43.19618],[-78.69242,43.19557],[-78.69266,43.19488],[-78.6923,43.19502],[-78.69189,43.1949],[-78.69148,43.1952],[-78.69145,43.19541],[-78.6922,43.19606],[-78.69248,43.19664],[-78.6923,43.19697],[-78.69172,43.19727],[-78.68785,43.19867],[-78.68764,43.19865],[-78.68748,43.19824],[-78.68717,43.19829],[-78.68558,43.19925],[-78.68396,43.19958],[-78.68282,43.20029],[-78.68085,43.20031],[-78.68035,43.20129],[-78.67965,43.20154],[-78.67829,43.2016],[-78.67712,43.20185],[-78.676,43.20246],[-78.67569,43.2028],[-78.6736,43.20333],[-78.6716,43.20442],[-78.67133,43.20437],[-78.67106,43.20366],[-78.67087,43.20462],[-78.67059,43.20472],[-78.66943,43.20498],[-78.66846,43.20441],[-78.6651,43.20375],[-78.65376,43.20705],[-78.65239,43.20738],[-78.64988,43.20748],[-78.65014,43.21042],[-78.65003,43.21046],[-78.6499,43.21144],[-78.64863,43.21388],[-78.64855,43.2144],[-78.64739,43.21521],[-78.64707,43.21515],[-78.64715,43.2145],[-78.64786,43.21373],[-78.64787,43.2134],[-78.64775,43.21336],[-78.64698,43.21409],[-78.6462,43.21388],[-78.64612,43.21402],[-78.64649,43.21424],[-78.64656,43.21445],[-78.64623,43.21513],[-78.6455,43.21581],[-78.64398,43.21603],[-78.64281,43.21548],[-78.64261,43.21552],[-78.64294,43.21585],[-78.64435,43.21651],[-78.64441,43.2169],[-78.6436,43.2176],[-78.64236,43.218],[-78.64236,43.21829],[-78.64138,43.21848],[-78.64153,43.21822],[-78.64209,43.21788],[-78.64214,43.21752],[-78.641,43.21807],[-78.6404,43.21818],[-78.64004,43.2186],[-78.63926,43.21896],[-78.63643,43.21867],[-78.63533,43.21891],[-78.63395,43.21854],[-78.63365,43.21825],[-78.63366,43.21764],[-78.6339,43.21733],[-78.63317,43.21738],[-78.63259,43.21668],[-78.63274,43.21586],[-78.6332,43.21546],[-78.63396,43.21514],[-78.63403,43.21489],[-78.63339,43.21518],[-78.63283,43.21477],[-78.63282,43.21509],[-78.63248,43.21521],[-78.63135,43.21483],[-78.63136,43.21502],[-78.63235,43.21555],[-78.63238,43.2158],[-78.63212,43.21594],[-78.63233,43.21615],[-78.63222,43.21677],[-78.63295,43.21785],[-78.63293,43.21808],[-78.63209,43.2188],[-78.63164,43.21881],[-78.63112,43.21849],[-78.63045,43.21912],[-78.62917,43.21911],[-78.62739,43.2198],[-78.62685,43.21964],[-78.62654,43.21931],[-78.62608,43.21925],[-78.62613,43.21868],[-78.62599,43.21864],[-78.62587,43.21985],[-78.62555,43.21992],[-78.62514,43.21975],[-78.62562,43.22041],[-78.62476,43.22049],[-78.62316,43.22093],[-78.62214,43.22098],[-78.62192,43.22086],[-78.62211,43.22037],[-78.62201,43.2203],[-78.62133,43.22044],[-78.62038,43.21958],[-78.62057,43.22012],[-78.62037,43.22019],[-78.61976,43.21988],[-78.61983,43.2196],[-78.61951,43.21897],[-78.61884,43.21871],[-78.6186,43.21818],[-78.61914,43.21752],[-78.61848,43.21728],[-78.61857,43.21768],[-78.61832,43.21811],[-78.61831,43.21858],[-78.61881,43.2192],[-78.6183,43.21953],[-78.61886,43.21976],[-78.61955,43.2207],[-78.62041,43.2212],[-78.62039,43.22138],[-78.61718,43.22221],[-78.6171,43.22245],[-78.61672,43.22266],[-78.61499,43.22249],[-78.61535,43.22271],[-78.61521,43.22326],[-78.61371,43.22444],[-78.61265,43.22423],[-78.61302,43.2248],[-78.61192,43.22577],[-78.6075,43.22756],[-78.60391,43.2283],[-78.60352,43.22841],[-78.60326,43.22871],[-78.60183,43.22891],[-78.59709,43.23005],[-78.5968,43.22999],[-78.59688,43.22939],[-78.59657,43.22899],[-78.59657,43.22953],[-78.59622,43.23055],[-78.59464,43.23073],[-78.59426,43.23063],[-78.59367,43.23095],[-78.59165,43.23152],[-78.58897,43.23146],[-78.58844,43.23128],[-78.58745,43.23145],[-78.58706,43.23126],[-78.58645,43.23065],[-78.58646,43.2304],[-78.58579,43.22985],[-78.58679,43.22893],[-78.58918,43.22791],[-78.58955,43.2275],[-78.59008,43.22739],[-78.5901,43.22717],[-78.59104,43.22651],[-78.5897,43.22696],[-78.58932,43.22685],[-78.58828,43.22781],[-78.58769,43.22797],[-78.58738,43.22777],[-78.58746,43.22655],[-78.58685,43.22793],[-78.58589,43.22796],[-78.58548,43.2273],[-78.58535,43.22735],[-78.58537,43.22807],[-78.58615,43.22862],[-78.58498,43.23007],[-78.58504,43.23048],[-78.5856,43.23068],[-78.58572,43.231],[-78.58492,43.23123],[-78.58584,43.23123],[-78.5861,43.23136],[-78.58598,43.23165],[-78.58048,43.2323],[-78.57664,43.23238],[-78.57649,43.2323],[-78.57648,43.23166],[-78.57695,43.23105],[-78.57633,43.23099],[-78.57626,43.23202],[-78.57589,43.23202],[-78.5758,43.23067],[-78.57504,43.22933],[-78.57484,43.23018],[-78.57528,43.23107],[-78.57437,43.23172],[-78.57379,43.23153],[-78.57308,43.23155],[-78.572,43.23113],[-78.57078,43.23123],[-78.57216,43.23163],[-78.57364,43.23178],[-78.57379,43.23184],[-78.57369,43.23202],[-78.57167,43.23211],[-78.56901,43.2325],[-78.56525,43.23259],[-78.56379,43.2329],[-78.56246,43.23293],[-78.56155,43.23348],[-78.56055,43.23482],[-78.55947,43.2352],[-78.5565,43.23533],[-78.55616,43.23513],[-78.55659,43.23467],[-78.55653,43.23457],[-78.55495,43.23546],[-78.55404,43.23564],[-78.55206,43.23556],[-78.55111,43.23511],[-78.55102,43.23493],[-78.55162,43.23445],[-78.55159,43.23431],[-78.55028,43.23458],[-78.54917,43.23415],[-78.54916,43.23695],[-78.54969,43.2382],[-78.54981,43.23942],[-78.54618,43.23941],[-78.53934,43.24118],[-78.52925,43.24317],[-78.52703,43.24355],[-78.52278,43.24361],[-78.52072,43.24417],[-78.51993,43.24376],[-78.51914,43.24376],[-78.51847,43.24328],[-78.51738,43.24359],[-78.5168,43.24333],[-78.51668,43.24224],[-78.51645,43.24195],[-78.51668,43.24166],[-78.51652,43.24118],[-78.51691,43.24078],[-78.51742,43.24078],[-78.51746,43.24031],[-78.51866,43.23944],[-78.5196,43.2396],[-78.51974,43.23935],[-78.52023,43.23938],[-78.5205,43.23915],[-78.52071,43.23925],[-78.52084,43.2389],[-78.52135,43.23888],[-78.52256,43.23832],[-78.52333,43.23771],[-78.52366,43.23648],[-78.52397,43.23634],[-78.52402,43.2361],[-78.52437,43.23607],[-78.52433,43.23565],[-78.52449,43.23545],[-78.52444,43.23395],[-78.52414,43.23334],[-78.52302,43.23201],[-78.52306,43.23141],[-78.52254,43.23129],[-78.52245,43.23075],[-78.52138,43.22999],[-78.52134,43.22954],[-78.52099,43.22933],[-78.52038,43.22811],[-78.51984,43.2276],[-78.5197,43.22715],[-78.51993,43.22676],[-78.51973,43.22657],[-78.51965,43.22542],[-78.51936,43.22523],[-78.5192,43.22484],[-78.5192,43.22426],[-78.51875,43.22342],[-78.51846,43.2235],[-78.5181,43.22326],[-78.51843,43.22297],[-78.51842,43.22267],[-78.51785,43.22268],[-78.51777,43.22228],[-78.51709,43.222],[-78.51746,43.22191],[-78.51714,43.22159],[-78.51756,43.22128],[-78.51623,43.22078],[-78.51444,43.21962],[-78.51427,43.2194],[-78.51427,43.21902],[-78.51401,43.21882],[-78.5143,43.21863],[-78.514,43.21844],[-78.5141,43.21818],[-78.51339,43.21775],[-78.51333,43.21684],[-78.51278,43.2166],[-78.51243,43.21674],[-78.51197,43.21604],[-78.51139,43.21585],[-78.5109,43.2153],[-78.51081,43.21491],[-78.51044,43.21482],[-78.50954,43.21509],[-78.50903,43.21478],[-78.50879,43.21433],[-78.509,43.21383],[-78.50892,43.21348],[-78.50856,43.21306],[-78.5081,43.21293],[-78.50811,43.21267],[-78.50787,43.21253],[-78.50777,43.21157],[-78.5074,43.21119],[-78.50755,43.2109],[-78.50743,43.2107],[-78.50802,43.21028],[-78.50858,43.21011],[-78.50935,43.21031],[-78.51047,43.20933],[-78.51141,43.20915],[-78.51149,43.20857],[-78.51336,43.20835],[-78.51362,43.20646],[-78.51413,43.2063],[-78.51435,43.20593],[-78.51523,43.20573],[-78.51551,43.2052],[-78.51612,43.20459],[-78.51597,43.20294],[-78.51683,43.20276],[-78.51811,43.20208],[-78.5196,43.20165],[-78.52004,43.20159],[-78.52067,43.20175],[-78.52322,43.201],[-78.52662,43.1995],[-78.5292,43.19857],[-78.5294,43.19827],[-78.52841,43.1974],[-78.52963,43.19627],[-78.52987,43.19561],[-78.53076,43.19544],[-78.53101,43.19512],[-78.54962,43.19549],[-78.56109,43.19554],[-78.56456,43.19402],[-78.56489,43.19367],[-78.56523,43.19282],[-78.56578,43.19255],[-78.56979,43.19118],[-78.5711,43.19101],[-78.57205,43.19069],[-78.57526,43.18872],[-78.57496,43.18243],[-78.58133,43.18212],[-78.58912,43.17904],[-78.58935,43.1839],[-78.58985,43.18869],[-78.5919,43.1882],[-78.59227,43.18828],[-78.59258,43.18806],[-78.59682,43.18809],[-78.59834,43.18783],[-78.59874,43.18752],[-78.5994,43.18768],[-78.6013,43.18724],[-78.60308,43.18708],[-78.60515,43.18708],[-78.60626,43.18759],[-78.60636,43.1879],[-78.60668,43.18812],[-78.60831,43.18826],[-78.61055,43.1879],[-78.61255,43.1873],[-78.61291,43.1868],[-78.61281,43.18595],[-78.61297,43.18572],[-78.61338,43.18648],[-78.61328,43.18688],[-78.61343,43.18718],[-78.6139,43.18736],[-78.61545,43.18743],[-78.61722,43.18699],[-78.61935,43.18685],[-78.62139,43.18642],[-78.62997,43.18517],[-78.63536,43.18373],[-78.64066,43.1818],[-78.64309,43.18113],[-78.64464,43.18101],[-78.65169,43.18185],[-78.65511,43.18173],[-78.65829,43.18126],[-78.66084,43.18038],[-78.67476,43.17486],[-78.68856,43.17074],[-78.70181,43.16761],[-78.70371,43.16759],[-78.7204,43.16569],[-78.72156,43.16533],[-78.72245,43.16483],[-78.725,43.16291],[-78.72648,43.16477],[-78.728,43.16767],[-78.73196,43.17118],[-78.73186,43.17268],[-78.73144,43.17439],[-78.73291,43.17431],[-78.7334,43.17392],[-78.73418,43.17377],[-78.73315,43.17501],[-78.73302,43.17544],[-78.73325,43.17587],[-78.73498,43.17679],[-78.73631,43.17658],[-78.73718,43.17682],[-78.73792,43.1768],[-78.73757,43.17789],[-78.73784,43.17815],[-78.73856,43.17792],[-78.7428,43.17821],[-78.743,43.17849],[-78.74276,43.1793],[-78.74333,43.17957],[-78.74337,43.18019],[-78.7438,43.18067],[-78.74477,43.18144],[-78.74641,43.18155],[-78.74738,43.18131],[-78.74939,43.18045],[-78.75077,43.18015],[-78.75124,43.17979],[-78.75229,43.17944],[-78.75286,43.17893],[-78.75346,43.1789],[-78.75439,43.17859],[-78.75877,43.17634],[-78.75889,43.17611],[-78.75991,43.17578],[-78.75985,43.17553],[-78.76058,43.17542],[-78.76194,43.17471],[-78.76259,43.17454],[-78.76305,43.17426],[-78.76315,43.17396],[-78.76384,43.17397],[-78.76453,43.17367],[-78.76452,43.17337],[-78.76486,43.17334],[-78.76586,43.17283],[-78.76584,43.17248],[-78.76658,43.17242],[-78.7666,43.17208],[-78.7672,43.17207],[-78.76744,43.1717],[-78.76805,43.17172],[-78.76811,43.1714],[-78.76868,43.17144],[-78.7693,43.17117],[-78.76936,43.1709],[-78.77035,43.17075],[-78.77072,43.17057],[-78.77069,43.17038],[-78.77157,43.17017],[-78.77205,43.16935],[-78.77241,43.16951],[-78.77346,43.16928],[-78.77451,43.16867],[-78.77484,43.16832],[-78.77478,43.16818],[-78.77523,43.1681],[-78.7754,43.16768],[-78.77649,43.16778],[-78.77632,43.16826],[-78.77655,43.16847],[-78.77713,43.16854],[-78.7773,43.16877],[-78.78052,43.16967],[-78.78086,43.16959],[-78.782,43.17074],[-78.78223,43.17087],[-78.78249,43.1708],[-78.78258,43.171],[-78.78317,43.17119],[-78.78362,43.171],[-78.78381,43.17113],[-78.78408,43.171],[-78.78512,43.17113],[-78.78621,43.17102],[-78.78694,43.17086],[-78.78763,43.17048],[-78.78774,43.17083],[-78.78856,43.1709],[-78.78813,43.17139],[-78.78827,43.17169],[-78.78802,43.1726],[-78.78813,43.17313],[-78.78855,43.17354],[-78.78925,43.1738],[-78.7908,43.17346],[-78.79213,43.17372],[-78.79387,43.17372],[-78.7953,43.17403],[-78.79576,43.17393],[-78.79624,43.17421],[-78.7974,43.17425],[-78.79803,43.17392],[-78.79826,43.1733],[-78.79881,43.17347],[-78.79961,43.1731],[-78.8001,43.17167],[-78.8006,43.1712],[-78.80075,43.17127],[-78.80043,43.17164],[-78.80032,43.17217],[-78.80058,43.17311],[-78.80055,43.17418],[-78.80073,43.17438],[-78.80106,43.17443],[-78.80113,43.17497],[-78.80155,43.17532],[-78.80291,43.17564],[-78.80357,43.17557],[-78.80379,43.17587],[-78.80441,43.17604],[-78.80748,43.17626],[-78.8082,43.17613],[-78.80913,43.17568],[-78.80926,43.17556],[-78.80917,43.1751],[-78.8093,43.17508],[-78.81005,43.17529],[-78.81031,43.1759],[-78.81078,43.17627],[-78.8124,43.17639],[-78.81396,43.17606],[-78.81425,43.17583],[-78.81431,43.17542],[-78.815,43.17556],[-78.81616,43.17499],[-78.81633,43.17472],[-78.81691,43.17463],[-78.81764,43.1741],[-78.81816,43.17394],[-78.81865,43.17354],[-78.81916,43.17346],[-78.8193,43.17315],[-78.82104,43.1729],[-78.82125,43.1727],[-78.82125,43.17234],[-78.82193,43.17247],[-78.82275,43.17234],[-78.82578,43.17121],[-78.82671,43.17064],[-78.82921,43.16961],[-78.83285,43.16839],[-78.83451,43.16736],[-78.83447,43.167],[-78.83402,43.16692],[-78.83416,43.16672],[-78.83405,43.16655],[-78.83433,43.16655],[-78.8344,43.16624],[-78.83495,43.16681],[-78.83593,43.16717],[-78.83805,43.16644],[-78.83863,43.16609],[-78.83948,43.16601],[-78.83962,43.16576],[-78.84031,43.16582],[-78.84116,43.16539],[-78.84154,43.16499],[-78.84198,43.16487],[-78.84338,43.16471],[-78.84381,43.16447],[-78.84427,43.16481],[-78.8448,43.16479],[-78.84507,43.16423],[-78.84713,43.16495],[-78.85017,43.16566],[-78.85337,43.16565],[-78.85446,43.16583],[-78.85685,43.16565],[-78.85811,43.16576],[-78.85932,43.16644],[-78.85952,43.16631],[-78.86014,43.16634],[-78.86032,43.16664],[-78.86108,43.16696],[-78.86152,43.16692],[-78.86191,43.16668],[-78.8623,43.16687],[-78.86322,43.16683],[-78.86309,43.16722],[-78.86341,43.16741],[-78.86255,43.16816],[-78.86254,43.16885],[-78.86317,43.16958],[-78.86444,43.17048],[-78.86476,43.17063],[-78.86523,43.1706],[-78.86515,43.17078],[-78.86541,43.17098],[-78.86501,43.17106],[-78.86475,43.17134],[-78.86484,43.1728],[-78.86661,43.17295],[-78.86668,43.17322],[-78.8671,43.17352],[-78.86675,43.17414],[-78.86924,43.17333],[-78.87029,43.17333],[-78.87084,43.17313],[-78.8721,43.17333],[-78.8741,43.17286],[-78.8748,43.17302],[-78.8756,43.17283],[-78.87676,43.17282],[-78.87877,43.17201],[-78.88264,43.16979],[-78.88386,43.16952],[-78.88397,43.16922],[-78.88519,43.16915],[-78.88732,43.1686],[-78.88893,43.16865],[-78.89163,43.16789],[-78.89286,43.16802],[-78.89395,43.16775],[-78.8947,43.16795],[-78.89708,43.16778],[-78.89832,43.16858],[-78.89938,43.16888],[-78.90019,43.16885],[-78.90083,43.16952],[-78.9035,43.16993],[-78.90431,43.16972],[-78.9051,43.16978],[-78.9051,43.17058],[-78.9055,43.17106],[-78.90601,43.17117],[-78.90589,43.1714],[-78.90609,43.17176],[-78.90658,43.17197],[-78.90777,43.17178],[-78.90747,43.17274],[-78.90765,43.17318],[-78.90835,43.17366],[-78.90942,43.17391],[-78.90994,43.1744],[-78.91062,43.17461],[-78.91066,43.1751],[-78.91188,43.17569],[-78.91164,43.17616],[-78.91204,43.17637],[-78.91312,43.17619],[-78.91443,43.17682],[-78.91567,43.17695],[-78.91982,43.17668],[-78.9213,43.17692],[-78.92309,43.17644],[-78.92489,43.17678],[-78.92587,43.17647],[-78.92686,43.17515],[-78.92735,43.17552],[-78.92795,43.17572],[-78.9291,43.17565],[-78.92976,43.17529],[-78.93027,43.17547],[-78.93034,43.17573],[-78.93134,43.17553],[-78.93264,43.17614],[-78.93354,43.17593],[-78.93423,43.17616],[-78.93545,43.17594],[-78.93558,43.1763],[-78.93639,43.17662],[-78.93898,43.17664],[-78.93929,43.1771],[-78.93976,43.17728],[-78.94051,43.17742],[-78.94166,43.17737],[-78.94307,43.17803],[-78.94399,43.17821],[-78.94576,43.17821],[-78.94821,43.17746],[-78.94968,43.17673],[-78.95166,43.17609],[-78.95397,43.17589],[-78.95522,43.17553],[-78.95778,43.17563],[-78.96431,43.17439],[-78.96524,43.17399],[-78.96558,43.17423],[-78.96654,43.17413],[-78.96859,43.17366],[-78.96995,43.17284],[-78.9713,43.17303],[-78.97269,43.17296],[-78.97457,43.17205],[-78.97488,43.17222],[-78.9754,43.17218],[-78.97597,43.17187],[-78.97643,43.1719],[-78.97767,43.17147],[-78.9781,43.17119],[-78.97872,43.17145],[-78.97979,43.17146],[-78.98022,43.17125],[-78.981,43.17149],[-78.98101,43.17107],[-78.98223,43.17091],[-78.98266,43.17054],[-78.98357,43.17025],[-78.98407,43.17026],[-78.98401,43.17042],[-78.98234,43.17116],[-78.98233,43.17142],[-78.9817,43.17154],[-78.98161,43.17189],[-78.98196,43.17211],[-78.98359,43.17226],[-78.98475,43.17198],[-78.98524,43.17212],[-78.98546,43.17203],[-78.98554,43.17256],[-78.98677,43.17264],[-78.98719,43.17299],[-78.98761,43.17296],[-78.98791,43.17267],[-78.9883,43.17289],[-78.98859,43.1728],[-78.98873,43.173],[-78.98865,43.17319],[-78.98887,43.17332],[-78.9897,43.17317],[-78.99013,43.1733],[-78.9908,43.1731],[-78.99081,43.17357],[-78.9911,43.17376],[-78.99196,43.17384],[-78.9926,43.17409],[-78.99342,43.17395],[-78.99406,43.17405],[-78.99516,43.17359],[-78.99742,43.1734],[-78.99957,43.17274],[-79.00617,43.1695],[-79.01203,43.16914],[-79.01415,43.16875],[-79.01475,43.16833],[-79.01709,43.16782],[-79.01741,43.16804],[-79.01854,43.16821],[-79.01901,43.16861],[-79.02046,43.16853],[-79.02115,43.1682],[-79.02289,43.16792],[-79.02352,43.16756],[-79.02372,43.16679],[-79.02475,43.16674],[-79.02919,43.16552],[-79.03035,43.16457],[-79.03266,43.16413],[-79.03424,43.16338],[-79.03531,43.16267],[-79.03795,43.16209],[-79.0381,43.15825],[-79.03951,43.15825],[-79.03965,43.15791],[-79.04063,43.15772],[-79.04096,43.15796],[-79.04142,43.15872],[-79.04305,43.15913],[-79.04461,43.15906],[-79.04467,43.15977],[-79.0451,43.16105],[-79.04514,43.16156],[-79.04497,43.16176],[-79.04522,43.16198],[-79.04551,43.16291],[-79.04655,43.16431],[-79.04758,43.16645],[-79.04847,43.16743],[-79.04822,43.16756],[-79.04776,43.16708],[-79.04718,43.1674],[-79.04779,43.16823],[-79.04715,43.16794],[-79.04618,43.16787],[-79.04521,43.16821],[-79.03771,43.16781],[-79.03761,43.169],[-79.03071,43.16944],[-79.02961,43.17084],[-79.02879,43.17281],[-79.02588,43.17297],[-79.02607,43.17338],[-79.02592,43.1735],[-79.02527,43.17318],[-79.02356,43.17326],[-79.02346,43.17303],[-79.02298,43.17292],[-79.02253,43.1731],[-79.02256,43.17333],[-79.02295,43.17358],[-79.02273,43.17374],[-79.01811,43.17376],[-79.01783,43.1736],[-79.01781,43.17293],[-79.01746,43.17294],[-79.01742,43.17376],[-79.01297,43.17394],[-79.01272,43.1741],[-79.01183,43.17412],[-79.0111,43.17449],[-79.0104,43.17442],[-79.0102,43.17471],[-79.0083,43.17504],[-79.00772,43.175],[-79.00753,43.17467],[-79.00654,43.17517],[-79.00593,43.17507],[-79.00327,43.17535],[-79.00076,43.17532],[-78.99243,43.17625],[-78.99033,43.17683],[-78.98812,43.17771],[-78.9869,43.17832],[-78.9864,43.17878],[-78.98558,43.17903],[-78.98546,43.17932],[-78.98494,43.17971],[-78.98405,43.18006],[-78.98327,43.17999],[-78.98303,43.18037],[-78.98217,43.18055],[-78.98132,43.18028],[-78.98167,43.18107],[-78.98033,43.18161],[-78.97948,43.18136],[-78.97958,43.18198],[-78.97933,43.18216],[-78.97802,43.18237],[-78.9776,43.18224],[-78.97736,43.18188],[-78.97726,43.18113],[-78.97748,43.18064],[-78.97692,43.18103],[-78.97681,43.18212],[-78.97625,43.18241],[-78.9755,43.18245],[-78.97511,43.18216],[-78.9753,43.18153],[-78.9746,43.18103],[-78.97447,43.18108],[-78.97486,43.1816],[-78.97443,43.18199],[-78.97368,43.18234],[-78.97168,43.18272],[-78.97103,43.1826],[-78.96802,43.18286],[-78.96754,43.18265],[-78.96534,43.183],[-78.96491,43.18274],[-78.96443,43.18304],[-78.96388,43.18314],[-78.9635,43.183],[-78.96077,43.1838],[-78.95957,43.18395],[-78.95883,43.18444],[-78.95805,43.18466],[-78.95632,43.18473],[-78.95583,43.18493],[-78.95378,43.18492],[-78.95175,43.18527],[-78.95116,43.18521],[-78.95003,43.18554],[-78.94933,43.18545],[-78.94849,43.18604],[-78.94807,43.18595],[-78.94667,43.18659],[-78.94616,43.18651],[-78.94532,43.18678],[-78.94465,43.18722],[-78.94371,43.18744],[-78.94335,43.1877],[-78.94275,43.18758],[-78.94241,43.18794],[-78.94178,43.18794],[-78.94135,43.18835],[-78.9406,43.18843],[-78.94,43.18878],[-78.93869,43.18898],[-78.93848,43.1889],[-78.93833,43.18851],[-78.93784,43.18909],[-78.93743,43.18926],[-78.93705,43.18915],[-78.93683,43.1887],[-78.93605,43.18924],[-78.93433,43.18923],[-78.93213,43.18974],[-78.93198,43.18954],[-78.93107,43.18946],[-78.93017,43.18915],[-78.92916,43.18939],[-78.92808,43.18888],[-78.92706,43.18902],[-78.92542,43.18868],[-78.92436,43.18886],[-78.92345,43.18847],[-78.92084,43.18841],[-78.92033,43.1883],[-78.91999,43.18792],[-78.91973,43.18792],[-78.9193,43.18828],[-78.91855,43.18793],[-78.91753,43.18821],[-78.91653,43.18786],[-78.91481,43.18819],[-78.91349,43.18786],[-78.91054,43.18784],[-78.91011,43.18761],[-78.90948,43.18783],[-78.90897,43.18759],[-78.90829,43.18767],[-78.90772,43.18749],[-78.90738,43.1876],[-78.9071,43.1873],[-78.90677,43.18777],[-78.9054,43.18742],[-78.90347,43.18771],[-78.90312,43.18734],[-78.90283,43.18765],[-78.90213,43.18757],[-78.90144,43.18788],[-78.90055,43.18785],[-78.89871,43.18858],[-78.89795,43.18827],[-78.89711,43.18855],[-78.89704,43.18826],[-78.89747,43.18776],[-78.89741,43.18761],[-78.89568,43.18871],[-78.89542,43.18871],[-78.89495,43.18829],[-78.89486,43.18846],[-78.89507,43.1893],[-78.89479,43.18963],[-78.89446,43.18959],[-78.89394,43.18909],[-78.8928,43.18851],[-78.89301,43.18897],[-78.89288,43.18929],[-78.89179,43.18927],[-78.8919,43.18985],[-78.89267,43.19017],[-78.89285,43.19052],[-78.89094,43.19064],[-78.89038,43.19093],[-78.89008,43.19142],[-78.88965,43.19163],[-78.88895,43.19167],[-78.88798,43.19132],[-78.88757,43.19187],[-78.88712,43.19211],[-78.88654,43.19203],[-78.88574,43.19141],[-78.88548,43.19016],[-78.88521,43.19019],[-78.88467,43.19061],[-78.88381,43.19048],[-78.88282,43.18975],[-78.88085,43.19014],[-78.88035,43.19013],[-78.87978,43.1899],[-78.87943,43.18944],[-78.87943,43.1888],[-78.87996,43.18809],[-78.88067,43.18779],[-78.88073,43.18687],[-78.88003,43.18726],[-78.87918,43.18738],[-78.87908,43.18791],[-78.87941,43.18818],[-78.87832,43.18915],[-78.87827,43.18941],[-78.87756,43.18972],[-78.8778,43.1903],[-78.87734,43.19049],[-78.87523,43.18897],[-78.8756,43.18837],[-78.87654,43.188],[-78.87657,43.18787],[-78.87617,43.18766],[-78.87567,43.18786],[-78.87431,43.18773],[-78.873,43.18813],[-78.87256,43.18812],[-78.87229,43.18796],[-78.8721,43.18752],[-78.87216,43.18686],[-78.87202,43.18638],[-78.87183,43.18652],[-78.8718,43.18742],[-78.87127,43.18713],[-78.87132,43.18743],[-78.87161,43.18768],[-78.87161,43.18834],[-78.87137,43.18853],[-78.87102,43.18844],[-78.87038,43.18776],[-78.87005,43.18766],[-78.87027,43.1883],[-78.87015,43.18849],[-78.86876,43.18851],[-78.8682,43.18831],[-78.86849,43.18876],[-78.86909,43.18923],[-78.86897,43.18953],[-78.86855,43.18963],[-78.86865,43.19087],[-78.8682,43.19083],[-78.86802,43.19065],[-78.86793,43.18987],[-78.86738,43.1895],[-78.86661,43.18927],[-78.8672,43.18998],[-78.86717,43.19024],[-78.86692,43.1904],[-78.86627,43.19041],[-78.8662,43.19078],[-78.86592,43.19108],[-78.86545,43.19115],[-78.86512,43.19097],[-78.86442,43.19021],[-78.86434,43.18956],[-78.86383,43.18982],[-78.8638,43.19029],[-78.86405,43.19063],[-78.86397,43.19084],[-78.86308,43.19121],[-78.86229,43.19127],[-78.86033,43.19089],[-78.86013,43.19057],[-78.86024,43.18985],[-78.8596,43.19024],[-78.8589,43.19017],[-78.85813,43.18925],[-78.85812,43.1906],[-78.8588,43.19108],[-78.85867,43.19119],[-78.8567,43.19016],[-78.85735,43.18987],[-78.85745,43.18966],[-78.85735,43.18854],[-78.85675,43.18795],[-78.85663,43.18801],[-78.85692,43.18942],[-78.85636,43.18962],[-78.85576,43.1893],[-78.85586,43.18996],[-78.85564,43.1902],[-78.85597,43.19057],[-78.85708,43.19116],[-78.85669,43.19127],[-78.85806,43.19187],[-78.85816,43.19224],[-78.85795,43.19239],[-78.85725,43.19227],[-78.85706,43.19256],[-78.8565,43.19279],[-78.85569,43.19239],[-78.85564,43.19271],[-78.8553,43.19273],[-78.85522,43.19237],[-78.85471,43.19241],[-78.85393,43.19208],[-78.854,43.19234],[-78.85387,43.19248],[-78.85323,43.19247],[-78.85316,43.19224],[-78.85297,43.19221],[-78.85278,43.19247],[-78.85233,43.19247],[-78.8522,43.19231],[-78.85222,43.19174],[-78.85288,43.19169],[-78.85319,43.19192],[-78.85301,43.19117],[-78.85302,43.19051],[-78.85317,43.19031],[-78.85301,43.19019],[-78.853,43.18963],[-78.85284,43.18947],[-78.8528,43.18999],[-78.85258,43.19039],[-78.85272,43.19056],[-78.85269,43.19111],[-78.8521,43.19107],[-78.85188,43.19083],[-78.85173,43.19109],[-78.85113,43.1912],[-78.85087,43.1916],[-78.85074,43.19241],[-78.85037,43.19243],[-78.84987,43.19198],[-78.84923,43.19219],[-78.8474,43.19195],[-78.84681,43.19155],[-78.84659,43.19204],[-78.84471,43.1933],[-78.84422,43.19316],[-78.8435,43.19266],[-78.84372,43.19381],[-78.84339,43.1942],[-78.84273,43.19453],[-78.84243,43.19451],[-78.8421,43.19407],[-78.84136,43.19369],[-78.84029,43.19422],[-78.83968,43.19358],[-78.83955,43.19368],[-78.83967,43.19441],[-78.83931,43.19458],[-78.83819,43.19391],[-78.838,43.1935],[-78.83815,43.19308],[-78.83745,43.19293],[-78.83701,43.19227],[-78.83674,43.19157],[-78.83708,43.19116],[-78.83658,43.19103],[-78.83645,43.1903],[-78.83652,43.18983],[-78.83678,43.18967],[-78.83656,43.18947],[-78.83656,43.18876],[-78.83686,43.18853],[-78.83657,43.18843],[-78.83638,43.18769],[-78.8361,43.18742],[-78.8361,43.18807],[-78.8359,43.18826],[-78.83602,43.18864],[-78.83599,43.18868]]]]}},{"type":"Feature","properties":{"ava_id":"north_fork_of_long_island","name":"North Fork of Long Island","aka":null,"state":"NY","county":"Suffolk","within":"Long Island","contains":null,"cfr_index":"9.113","valid_start":null},"geometry":{"type":"MultiPolygon","coordinates":[[[[-72.61605,40.92659],[-72.61707,40.92634],[-72.61747,40.9249],[-72.61831,40.92439],[-72.61877,40.92359],[-72.62015,40.92263],[-72.62452,40.92195],[-72.62501,40.92222],[-72.62559,40.92213],[-72.62605,40.92279],[-72.62554,40.92377],[-72.62579,40.92407],[-72.62569,40.92383],[-72.62622,40.92283],[-72.6264,40.92276],[-72.62703,40.92269],[-72.6285,40.92356],[-72.62839,40.92384],[-72.62766,40.92387],[-72.62673,40.92418],[-72.62597,40.92404],[-72.62621,40.92484],[-72.62628,40.9242],[-72.6269,40.92425],[-72.62847,40.924],[-72.62866,40.9237],[-72.62934,40.92383],[-72.62971,40.92408],[-72.63036,40.92402],[-72.63142,40.92427],[-72.63346,40.92422],[-72.63456,40.92383],[-72.63558,40.92368],[-72.6406,40.92443],[-72.64282,40.92415],[-72.64411,40.92438],[-72.64588,40.92426],[-72.64543,40.92405],[-72.64426,40.92421],[-72.64276,40.92402],[-72.64063,40.92426],[-72.63815,40.92391],[-72.63745,40.92367],[-72.63753,40.92359],[-72.63854,40.92389],[-72.63857,40.92366],[-72.63647,40.92316],[-72.63423,40.92326],[-72.63254,40.92358],[-72.63073,40.92353],[-72.62951,40.92331],[-72.62752,40.92245],[-72.62637,40.92218],[-72.62576,40.92178],[-72.62581,40.92147],[-72.6254,40.92159],[-72.62514,40.92129],[-72.62609,40.92134],[-72.62612,40.9212],[-72.62687,40.92095],[-72.62709,40.9211],[-72.62756,40.92107],[-72.6281,40.92031],[-72.62899,40.91997],[-72.62915,40.91964],[-72.62971,40.91962],[-72.63042,40.91906],[-72.63141,40.9187],[-72.63181,40.91826],[-72.63191,40.91869],[-72.63165,40.91962],[-72.6301,40.92001],[-72.63047,40.92011],[-72.63181,40.9198],[-72.63222,40.91926],[-72.63736,40.91818],[-72.63828,40.91811],[-72.63916,40.91826],[-72.63923,40.91803],[-72.63956,40.91812],[-72.63948,40.91795],[-72.64059,40.91787],[-72.64108,40.91827],[-72.64202,40.91819],[-72.64298,40.91841],[-72.6448,40.91797],[-72.64592,40.91821],[-72.64649,40.91778],[-72.6468,40.91728],[-72.64776,40.91693],[-72.64875,40.91707],[-72.64978,40.91695],[-72.65018,40.91726],[-72.65074,40.91718],[-72.65103,40.91731],[-72.65195,40.91802],[-72.65312,40.91839],[-72.65413,40.91908],[-72.65425,40.91902],[-72.65397,40.91852],[-72.65445,40.9187],[-72.65463,40.91862],[-72.65445,40.91831],[-72.65532,40.91829],[-72.65556,40.91814],[-72.65539,40.91732],[-72.65589,40.91719],[-72.65609,40.91747],[-72.65626,40.91742],[-72.65608,40.91712],[-72.65632,40.91702],[-72.65673,40.91717],[-72.65712,40.91694],[-72.65726,40.9171],[-72.65742,40.91704],[-72.65734,40.91687],[-72.65868,40.91623],[-72.6604,40.91615],[-72.66147,40.91554],[-72.6621,40.91555],[-72.66247,40.9158],[-72.66251,40.91562],[-72.66302,40.91574],[-72.66395,40.91543],[-72.66465,40.91551],[-72.66567,40.916],[-72.66708,40.91618],[-72.66886,40.91726],[-72.66958,40.91747],[-72.67094,40.91734],[-72.67166,40.9175],[-72.67242,40.91743],[-72.67348,40.91673],[-72.67394,40.9166],[-72.67484,40.91673],[-72.67618,40.91729],[-72.67672,40.91735],[-72.67767,40.91662],[-72.68059,40.91664],[-72.68248,40.91487],[-72.68313,40.91486],[-72.68412,40.91442],[-72.68437,40.91423],[-72.68435,40.91367],[-72.68458,40.91364],[-72.68599,40.91391],[-72.68732,40.91361],[-72.68895,40.9141],[-72.69208,40.91537],[-72.69358,40.91564],[-72.69592,40.91542],[-72.69709,40.91591],[-72.69765,40.91598],[-72.69889,40.91515],[-72.69935,40.91508],[-72.69971,40.91474],[-72.70103,40.91431],[-72.7018,40.91372],[-72.70323,40.91403],[-72.70473,40.9138],[-72.70499,40.91352],[-72.70493,40.91318],[-72.70612,40.91307],[-72.70674,40.91237],[-72.70758,40.91261],[-72.70973,40.91266],[-72.71108,40.91298],[-72.71233,40.91252],[-72.71315,40.91256],[-72.71558,40.91336],[-72.71821,40.91399],[-72.7205,40.91408],[-72.72505,40.91385],[-72.72721,40.91258],[-72.72909,40.91179],[-72.73075,40.91026],[-72.73165,40.9085],[-72.73177,40.90793],[-72.73205,40.90768],[-72.73251,40.90756],[-72.73297,40.90694],[-72.7333,40.90674],[-72.73518,40.906],[-72.73548,40.906],[-72.73584,40.90646],[-72.73674,40.90664],[-72.73738,40.90726],[-72.73739,40.90767],[-72.73755,40.90775],[-72.73809,40.90742],[-72.73868,40.90758],[-72.73927,40.90714],[-72.73943,40.90714],[-72.73944,40.90752],[-72.74012,40.90735],[-72.74,40.90709],[-72.74148,40.90684],[-72.74237,40.90557],[-72.74356,40.90533],[-72.74539,40.90524],[-72.74595,40.90502],[-72.74749,40.90374],[-72.74956,40.90259],[-72.74975,40.90267],[-72.75115,40.90214],[-72.75542,40.90113],[-72.75662,40.90122],[-72.75714,40.90191],[-72.75755,40.90215],[-72.75873,40.90196],[-72.76013,40.90313],[-72.76119,40.90318],[-72.76275,40.90368],[-72.76464,40.90361],[-72.76563,40.90332],[-72.76892,40.90322],[-72.7696,40.90274],[-72.77082,40.90249],[-72.77136,40.90216],[-72.77162,40.90163],[-72.77205,40.90131],[-72.77407,40.90053],[-72.775,40.90042],[-72.77797,40.89884],[-72.78146,40.89635],[-72.78242,40.89519],[-72.78243,40.89493],[-72.78194,40.89383],[-72.78211,40.89365],[-72.7821,40.8934],[-72.78305,40.8927],[-72.7829,40.89232],[-72.78321,40.89172],[-72.7839,40.8913],[-72.78388,40.89088],[-72.7844,40.89015],[-72.78468,40.88938],[-72.78538,40.88877],[-72.78624,40.88687],[-72.78619,40.88656],[-72.78711,40.88573],[-72.78966,40.88527],[-72.78987,40.88496],[-72.79165,40.88398],[-72.7918,40.88377],[-72.79238,40.88383],[-72.79273,40.88403],[-72.79303,40.88395],[-72.79483,40.88423],[-72.79584,40.88422],[-72.79612,40.88397],[-72.79657,40.8839],[-72.79827,40.88431],[-72.79869,40.88459],[-72.7998,40.88463],[-72.80073,40.88496],[-72.80156,40.88473],[-72.80239,40.885],[-72.80274,40.88538],[-72.80356,40.88552],[-72.8038,40.88581],[-72.80474,40.88589],[-72.8066,40.88483],[-72.80735,40.88329],[-72.80819,40.88242],[-72.80934,40.8816],[-72.81122,40.88067],[-72.81172,40.87999],[-72.81266,40.87959],[-72.81489,40.87761],[-72.81611,40.8769],[-72.81775,40.87661],[-72.81838,40.87664],[-72.82095,40.87739],[-72.82176,40.8772],[-72.82414,40.87726],[-72.82645,40.87702],[-72.8272,40.87737],[-72.82873,40.87742],[-72.82905,40.87739],[-72.82992,40.87644],[-72.83084,40.87598],[-72.83128,40.87593],[-72.83349,40.87721],[-72.8344,40.87736],[-72.83507,40.87848],[-72.83733,40.87837],[-72.83778,40.87854],[-72.84914,40.95457],[-72.85149,40.95474],[-72.85568,40.95584],[-72.85593,40.95625],[-72.85627,40.95629],[-72.85608,40.95658],[-72.85633,40.95675],[-72.8562,40.95706],[-72.8563,40.95718],[-72.85676,40.95703],[-72.85662,40.9576],[-72.85608,40.95783],[-72.85653,40.95819],[-72.85714,40.95806],[-72.85752,40.95848],[-72.85724,40.95908],[-72.85809,40.95935],[-72.85846,40.95936],[-72.85883,40.95916],[-72.85933,40.95923],[-72.85937,40.95956],[-72.86021,40.95983],[-72.86021,40.96001],[-72.85985,40.9604],[-72.86093,40.96081],[-72.86133,40.96181],[-72.86173,40.96196],[-72.863,40.96189],[-72.86364,40.9623],[-72.86375,40.96282],[-72.86355,40.96421],[-72.86421,40.9653],[-72.86216,40.96548],[-72.86134,40.96577],[-72.86054,40.96575],[-72.85557,40.96656],[-72.85408,40.9669],[-72.85366,40.96715],[-72.85266,40.9671],[-72.84886,40.96797],[-72.84619,40.96817],[-72.83835,40.96969],[-72.83448,40.97017],[-72.83069,40.97033],[-72.82417,40.9696],[-72.82064,40.96882],[-72.81695,40.96824],[-72.8136,40.96782],[-72.80635,40.96731],[-72.80254,40.96683],[-72.79794,40.96654],[-72.79534,40.96667],[-72.79402,40.96636],[-72.789,40.96676],[-72.78365,40.96617],[-72.78077,40.9653],[-72.77838,40.96518],[-72.77392,40.96539],[-72.76201,40.96677],[-72.75951,40.9673],[-72.75053,40.96852],[-72.74886,40.96843],[-72.74394,40.96938],[-72.74118,40.96971],[-72.73272,40.97163],[-72.72987,40.97197],[-72.72599,40.97303],[-72.72456,40.97377],[-72.72376,40.97345],[-72.72266,40.97391],[-72.72204,40.97442],[-72.72182,40.9744],[-72.72164,40.97402],[-72.72128,40.97374],[-72.71919,40.97405],[-72.71333,40.97576],[-72.70833,40.97762],[-72.70695,40.97779],[-72.70476,40.97837],[-72.70323,40.97855],[-72.69987,40.97933],[-72.69075,40.98032],[-72.68451,40.98045],[-72.68234,40.97992],[-72.67922,40.97961],[-72.67583,40.97905],[-72.6734,40.97889],[-72.66989,40.97891],[-72.65787,40.98018],[-72.65145,40.98108],[-72.64864,40.98124],[-72.6439,40.98081],[-72.64169,40.98091],[-72.6377,40.9814],[-72.63049,40.9828],[-72.62581,40.98433],[-72.62452,40.98479],[-72.62451,40.98536],[-72.61925,40.98698],[-72.61215,40.99029],[-72.60832,40.99074],[-72.59954,40.99274],[-72.58854,40.99652],[-72.58426,40.99837],[-72.58134,41.0001],[-72.57956,41.00009],[-72.57778,41.00226],[-72.57652,41.00301],[-72.57228,41.00465],[-72.56821,41.00654],[-72.56468,41.00918],[-72.56243,41.01144],[-72.56078,41.01421],[-72.55977,41.01432],[-72.5588,41.01234],[-72.55755,41.01162],[-72.5558,41.01164],[-72.5538,41.01292],[-72.55139,41.01269],[-72.54979,41.01171],[-72.54972,41.00936],[-72.54762,41.00567],[-72.54744,41.00206],[-72.54664,41.00101],[-72.54619,40.99976],[-72.5469,40.99886],[-72.55115,40.99763],[-72.55487,40.99735],[-72.55521,40.99687],[-72.554,40.9964],[-72.55204,40.99636],[-72.54904,40.99679],[-72.5462,40.99802],[-72.5449,40.9973],[-72.54481,40.99614],[-72.54746,40.99343],[-72.54671,40.99323],[-72.54425,40.99423],[-72.54203,40.99423],[-72.54013,40.99355],[-72.53957,40.99157],[-72.53852,40.99132],[-72.53825,40.99236],[-72.53871,40.99377],[-72.53803,40.99479],[-72.53889,40.9956],[-72.53894,40.99762],[-72.5409,40.9969],[-72.54237,40.99726],[-72.54339,40.9985],[-72.54388,41.00002],[-72.54452,41.00005],[-72.54456,41.00143],[-72.5462,41.00502],[-72.5465,41.00685],[-72.54842,41.0091],[-72.54857,41.01217],[-72.54928,41.01287],[-72.5515,41.01371],[-72.55428,41.01391],[-72.55606,41.01274],[-72.55711,41.0128],[-72.55748,41.01344],[-72.55469,41.01553],[-72.54771,41.02003],[-72.54471,41.02244],[-72.54239,41.02384],[-72.5398,41.02582],[-72.53391,41.02957],[-72.53132,41.03153],[-72.52735,41.03414],[-72.5245,41.0353],[-72.52187,41.03676],[-72.51946,41.0387],[-72.51789,41.03946],[-72.51379,41.03974],[-72.50477,41.04248],[-72.49948,41.04441],[-72.49733,41.04544],[-72.49104,41.04789],[-72.47857,41.05091],[-72.47461,41.05302],[-72.47296,41.05492],[-72.46903,41.0579],[-72.4677,41.05867],[-72.45696,41.06991],[-72.45094,41.07739],[-72.44731,41.08341],[-72.44572,41.08491],[-72.44402,41.08579],[-72.44114,41.08644],[-72.43713,41.08602],[-72.43415,41.08601],[-72.42846,41.08679],[-72.4248,41.08651],[-72.42267,41.08689],[-72.41716,41.08846],[-72.41229,41.09021],[-72.40988,41.09175],[-72.40548,41.09253],[-72.40217,41.0944],[-72.39597,41.09705],[-72.39221,41.09938],[-72.38921,41.10272],[-72.38603,41.10735],[-72.38209,41.11427],[-72.37956,41.11599],[-72.37799,41.11639],[-72.37547,41.11856],[-72.3718,41.11887],[-72.36706,41.12175],[-72.36403,41.12414],[-72.36164,41.12661],[-72.35818,41.13115],[-72.35637,41.13404],[-72.35521,41.13691],[-72.35365,41.13917],[-72.35055,41.14023],[-72.34713,41.1402],[-72.34362,41.1397],[-72.34053,41.14063],[-72.33865,41.14025],[-72.33631,41.13875],[-72.33416,41.13807],[-72.3311,41.13764],[-72.3275,41.13786],[-72.32407,41.13847],[-72.32227,41.13915],[-72.31778,41.14264],[-72.31252,41.14796],[-72.31088,41.14801],[-72.30978,41.14708],[-72.3087,41.14674],[-72.30697,41.1473],[-72.3032,41.14976],[-72.3,41.15227],[-72.29632,41.15374],[-72.2937,41.15426],[-72.28826,41.15654],[-72.28602,41.1572],[-72.2826,41.15734],[-72.27998,41.15807],[-72.2782,41.15803],[-72.27688,41.15753],[-72.27246,41.15445],[-72.26982,41.15371],[-72.26652,41.15398],[-72.26088,41.15571],[-72.25197,41.15974],[-72.24635,41.16061],[-72.2447,41.1606],[-72.24236,41.15954],[-72.2406,41.15905],[-72.23807,41.15914],[-72.23172,41.16072],[-72.23105,41.15991],[-72.23657,41.15698],[-72.24195,41.15264],[-72.24375,41.14857],[-72.24592,41.1453],[-72.25161,41.13973],[-72.25323,41.134],[-72.25508,41.13184],[-72.26043,41.12941],[-72.26419,41.12855],[-72.26793,41.12848],[-72.26971,41.12787],[-72.2729,41.12619],[-72.27588,41.1238],[-72.27896,41.12232],[-72.28283,41.11958],[-72.28962,41.11718],[-72.29277,41.11409],[-72.29844,41.11217],[-72.30258,41.1113],[-72.30405,41.11187],[-72.30279,41.11271],[-72.29791,41.11454],[-72.2924,41.11777],[-72.28898,41.12047],[-72.28607,41.12333],[-72.28405,41.12452],[-72.28298,41.12407],[-72.27687,41.12588],[-72.2739,41.12735],[-72.26909,41.12922],[-72.2647,41.13225],[-72.26157,41.13383],[-72.25884,41.13594],[-72.25727,41.13566],[-72.25628,41.13605],[-72.25598,41.13838],[-72.25444,41.14138],[-72.25114,41.14515],[-72.2526,41.14522],[-72.25396,41.14444],[-72.25598,41.1416],[-72.25704,41.13844],[-72.26033,41.13639],[-72.26207,41.13727],[-72.26299,41.13907],[-72.26419,41.14021],[-72.27044,41.14046],[-72.27237,41.14002],[-72.27406,41.13901],[-72.27543,41.13962],[-72.27712,41.138],[-72.27874,41.13825],[-72.28037,41.1398],[-72.28039,41.14277],[-72.28106,41.14294],[-72.28206,41.14],[-72.28125,41.13627],[-72.27982,41.13369],[-72.27895,41.13118],[-72.27815,41.12973],[-72.27952,41.12919],[-72.2814,41.13087],[-72.28203,41.13205],[-72.28307,41.13311],[-72.28405,41.13261],[-72.28283,41.13085],[-72.28416,41.13034],[-72.28627,41.13118],[-72.28727,41.13076],[-72.28643,41.12966],[-72.28597,41.12852],[-72.28308,41.12852],[-72.28205,41.12784],[-72.28202,41.12669],[-72.28301,41.1262],[-72.28539,41.12704],[-72.28801,41.12726],[-72.29091,41.12864],[-72.29435,41.12996],[-72.29763,41.13067],[-72.30165,41.13242],[-72.30367,41.13439],[-72.30606,41.13833],[-72.30707,41.14102],[-72.30997,41.14248],[-72.31332,41.14246],[-72.31487,41.14148],[-72.31483,41.14077],[-72.313,41.14136],[-72.31116,41.14127],[-72.30828,41.14043],[-72.30774,41.13987],[-72.30851,41.13943],[-72.31233,41.13983],[-72.31507,41.13928],[-72.31728,41.13844],[-72.31907,41.13566],[-72.32269,41.13361],[-72.32645,41.13076],[-72.32927,41.1258],[-72.3315,41.12282],[-72.33399,41.12055],[-72.33499,41.1185],[-72.33609,41.11804],[-72.33935,41.11875],[-72.3399,41.11819],[-72.33883,41.11741],[-72.33733,41.11685],[-72.3371,41.11615],[-72.33812,41.11451],[-72.3418,41.11219],[-72.345,41.11263],[-72.34703,41.1121],[-72.34796,41.11147],[-72.35031,41.1062],[-72.35121,41.1058],[-72.35245,41.10632],[-72.35513,41.10657],[-72.3552,41.10713],[-72.35256,41.1073],[-72.35269,41.10785],[-72.35473,41.10841],[-72.35832,41.10985],[-72.35958,41.11204],[-72.36128,41.11207],[-72.36009,41.10963],[-72.36115,41.10938],[-72.36118,41.10874],[-72.35919,41.10849],[-72.35692,41.10694],[-72.35597,41.10555],[-72.35728,41.1018],[-72.35914,41.10107],[-72.36133,41.09933],[-72.3619,41.09742],[-72.36286,41.09592],[-72.36242,41.09443],[-72.36333,41.09345],[-72.36386,41.09207],[-72.36479,41.09152],[-72.36693,41.09281],[-72.37013,41.09367],[-72.37399,41.09389],[-72.37548,41.09345],[-72.37734,41.09213],[-72.38014,41.08863],[-72.38158,41.08817],[-72.38226,41.08982],[-72.3838,41.08878],[-72.3835,41.0878],[-72.38205,41.08603],[-72.37771,41.08414],[-72.37611,41.083],[-72.37404,41.0806],[-72.37289,41.07853],[-72.37303,41.07692],[-72.37431,41.07587],[-72.37631,41.07572],[-72.37981,41.07677],[-72.38285,41.07836],[-72.3857,41.07891],[-72.38724,41.07998],[-72.38701,41.081],[-72.38814,41.08157],[-72.38983,41.08159],[-72.38987,41.08074],[-72.38824,41.07917],[-72.3881,41.07838],[-72.3902,41.07717],[-72.39389,41.07653],[-72.3956,41.07551],[-72.39993,41.07563],[-72.40303,41.07389],[-72.40309,41.07143],[-72.40457,41.06906],[-72.40596,41.06731],[-72.40686,41.06702],[-72.40776,41.06811],[-72.40873,41.06838],[-72.40922,41.0677],[-72.40771,41.06617],[-72.41137,41.06228],[-72.41227,41.05946],[-72.41342,41.05912],[-72.41618,41.06039],[-72.41865,41.06213],[-72.41903,41.06366],[-72.41997,41.06387],[-72.42146,41.06216],[-72.42342,41.06238],[-72.42434,41.06201],[-72.42314,41.06074],[-72.42052,41.06039],[-72.41813,41.05949],[-72.41704,41.05491],[-72.41624,41.05511],[-72.41569,41.05695],[-72.41465,41.05754],[-72.41421,41.05693],[-72.41514,41.05273],[-72.41415,41.05158],[-72.41267,41.05184],[-72.40932,41.05157],[-72.40778,41.0507],[-72.40277,41.05076],[-72.3974,41.04865],[-72.39281,41.04785],[-72.38986,41.04771],[-72.38744,41.04802],[-72.38415,41.04958],[-72.38323,41.04894],[-72.38497,41.04577],[-72.38876,41.04012],[-72.38882,41.03816],[-72.38812,41.03601],[-72.38631,41.03388],[-72.38631,41.03231],[-72.38701,41.03105],[-72.38868,41.03054],[-72.39136,41.02916],[-72.39931,41.02881],[-72.40498,41.02917],[-72.41139,41.02997],[-72.41702,41.03109],[-72.42013,41.03137],[-72.42295,41.03214],[-72.42481,41.03319],[-72.42379,41.03354],[-72.42128,41.03274],[-72.41988,41.03273],[-72.4172,41.03326],[-72.41489,41.03426],[-72.41484,41.03514],[-72.41697,41.03548],[-72.41756,41.03721],[-72.41901,41.03725],[-72.41997,41.03656],[-72.42145,41.03653],[-72.42201,41.03522],[-72.42311,41.03568],[-72.42301,41.03674],[-72.42197,41.03746],[-72.42256,41.03829],[-72.42446,41.0379],[-72.42662,41.03877],[-72.42789,41.03856],[-72.4276,41.03746],[-72.4264,41.03696],[-72.42589,41.03479],[-72.42693,41.03455],[-72.42702,41.034],[-72.42583,41.03386],[-72.42539,41.03328],[-72.42793,41.03248],[-72.43041,41.03309],[-72.43234,41.03484],[-72.43398,41.03524],[-72.43545,41.03499],[-72.43551,41.03417],[-72.43657,41.03298],[-72.43727,41.03098],[-72.43948,41.02895],[-72.44294,41.02696],[-72.44491,41.02537],[-72.44677,41.02223],[-72.44715,41.02042],[-72.44687,41.01804],[-72.44493,41.01336],[-72.44307,41.00788],[-72.44165,41.00482],[-72.44071,41.00331],[-72.43912,40.9999],[-72.43856,40.99987],[-72.43745,40.99814],[-72.43626,40.99438],[-72.43378,40.98974],[-72.43341,40.98808],[-72.43252,40.98665],[-72.43271,40.98583],[-72.43421,40.98755],[-72.43639,40.98928],[-72.43931,40.99092],[-72.44535,40.99514],[-72.45145,40.99813],[-72.45163,40.99895],[-72.45299,40.99992],[-72.45424,40.99992],[-72.45502,41.00063],[-72.45538,41.00195],[-72.45445,41.00242],[-72.45337,41.00159],[-72.45282,41.00166],[-72.45251,41.00249],[-72.45297,41.00377],[-72.45478,41.0057],[-72.45705,41.00651],[-72.45824,41.0076],[-72.45772,41.00819],[-72.45519,41.00732],[-72.45412,41.00772],[-72.45223,41.01126],[-72.44832,41.0112],[-72.44782,41.01237],[-72.44891,41.01447],[-72.45103,41.01397],[-72.45071,41.01263],[-72.45313,41.01198],[-72.45446,41.01115],[-72.45665,41.01031],[-72.45817,41.01055],[-72.46041,41.00896],[-72.46132,41.01027],[-72.46298,41.01041],[-72.46432,41.01119],[-72.46576,41.01249],[-72.46697,41.01525],[-72.46797,41.0168],[-72.46992,41.01876],[-72.47093,41.02043],[-72.47203,41.02087],[-72.47321,41.02064],[-72.47103,41.01811],[-72.47009,41.01562],[-72.46951,41.01518],[-72.47069,41.01364],[-72.46935,41.01293],[-72.46872,41.01207],[-72.46735,41.0112],[-72.4671,41.00945],[-72.46267,41.00941],[-72.46137,41.00786],[-72.46044,41.00807],[-72.46,41.00761],[-72.46231,41.00615],[-72.46606,41.0043],[-72.46805,41.00262],[-72.46824,40.99992],[-72.46865,40.9999],[-72.47036,40.99726],[-72.47092,40.995],[-72.47227,40.99526],[-72.4732,40.99522],[-72.47385,40.99434],[-72.47335,40.99403],[-72.47146,40.99418],[-72.47009,40.99395],[-72.4696,40.99212],[-72.4684,40.99146],[-72.46945,40.99056],[-72.46866,40.98995],[-72.46894,40.98942],[-72.47309,40.98923],[-72.47712,40.98851],[-72.48081,40.98879],[-72.48178,40.9894],[-72.48048,40.99046],[-72.48262,40.99063],[-72.48469,40.99007],[-72.4868,40.99038],[-72.48979,40.99042],[-72.49266,40.98981],[-72.495,40.98961],[-72.49661,40.98883],[-72.49813,40.98873],[-72.5004,40.98793],[-72.50276,40.98662],[-72.50356,40.98538],[-72.50506,40.98442],[-72.50955,40.98367],[-72.51427,40.98266],[-72.51703,40.98178],[-72.52197,40.98101],[-72.5259,40.97969],[-72.5291,40.97789],[-72.53326,40.97509],[-72.53484,40.97315],[-72.53787,40.9709],[-72.54144,40.966],[-72.54535,40.95758],[-72.54775,40.9551],[-72.5503,40.95469],[-72.55224,40.95308],[-72.5543,40.95027],[-72.55524,40.94993],[-72.55675,40.94791],[-72.55902,40.94769],[-72.56024,40.94686],[-72.56333,40.94565],[-72.56651,40.94313],[-72.5678,40.94175],[-72.56728,40.93978],[-72.56779,40.93913],[-72.56922,40.93936],[-72.56942,40.94043],[-72.56893,40.94261],[-72.56901,40.94352],[-72.56997,40.94346],[-72.57092,40.93956],[-72.56837,40.93805],[-72.57152,40.93681],[-72.57334,40.93569],[-72.57434,40.93368],[-72.57522,40.9334],[-72.57651,40.93477],[-72.57948,40.93544],[-72.58294,40.93495],[-72.58394,40.93405],[-72.58568,40.93358],[-72.58683,40.932],[-72.58826,40.93144],[-72.58921,40.92999],[-72.59023,40.92941],[-72.59312,40.93171],[-72.59596,40.93326],[-72.60011,40.9347],[-72.60183,40.93437],[-72.60566,40.93224],[-72.60626,40.9332],[-72.60747,40.93359],[-72.60789,40.93714],[-72.60868,40.93779],[-72.6092,40.93734],[-72.6089,40.93587],[-72.60954,40.93306],[-72.61068,40.93255],[-72.61066,40.93091],[-72.61176,40.93044],[-72.61316,40.9295],[-72.61424,40.92961],[-72.61497,40.93248],[-72.6145,40.93411],[-72.61672,40.93534],[-72.61738,40.93742],[-72.61848,40.9368],[-72.61772,40.93437],[-72.61625,40.93319],[-72.61588,40.93179],[-72.61617,40.9303],[-72.61716,40.93028],[-72.61724,40.93265],[-72.6188,40.9333],[-72.6191,40.93214],[-72.62009,40.9319],[-72.62022,40.93109],[-72.62097,40.93074],[-72.622,40.93119],[-72.62412,40.93084],[-72.62893,40.93229],[-72.6293,40.93177],[-72.62616,40.93059],[-72.62222,40.93017],[-72.61906,40.92893],[-72.61825,40.92799],[-72.61938,40.92679],[-72.61853,40.92658],[-72.61734,40.92721],[-72.61696,40.92877],[-72.61621,40.92906],[-72.61444,40.9288],[-72.6133,40.92806],[-72.61302,40.92639],[-72.61365,40.92584],[-72.61605,40.92659]]],[[[-72.3734,41.05988],[-72.38397,41.06827],[-72.38422,41.06964],[-72.3836,41.07085],[-72.38247,41.07163],[-72.3801,41.07166],[-72.37588,41.07065],[-72.37173,41.07147],[-72.36774,41.07311],[-72.36534,41.07531],[-72.36447,41.07701],[-72.36342,41.08117],[-72.36195,41.08311],[-72.35775,41.08679],[-72.35361,41.08789],[-72.35161,41.08713],[-72.35185,41.08639],[-72.35305,41.08592],[-72.35184,41.08363],[-72.34818,41.08384],[-72.34667,41.08424],[-72.34307,41.08436],[-72.34496,41.09004],[-72.34699,41.09215],[-72.34786,41.0939],[-72.34747,41.09477],[-72.34535,41.0957],[-72.34108,41.09706],[-72.33949,41.09822],[-72.33855,41.10154],[-72.33658,41.1034],[-72.33569,41.10531],[-72.33476,41.10642],[-72.33385,41.10671],[-72.33198,41.10641],[-72.32823,41.10422],[-72.32488,41.10157],[-72.32161,41.10008],[-72.32154,41.09656],[-72.3212,41.09395],[-72.3205,41.09192],[-72.31765,41.08922],[-72.31378,41.08797],[-72.3121,41.08787],[-72.30934,41.08721],[-72.30453,41.08521],[-72.29843,41.08201],[-72.29405,41.0816],[-72.28969,41.07999],[-72.28468,41.07966],[-72.28048,41.07999],[-72.27849,41.07926],[-72.27694,41.07804],[-72.27628,41.07563],[-72.27652,41.0737],[-72.27862,41.07013],[-72.27974,41.06956],[-72.28051,41.07],[-72.27915,41.07228],[-72.28007,41.07366],[-72.28214,41.07381],[-72.28528,41.07309],[-72.28723,41.07224],[-72.28823,41.07223],[-72.29019,41.07315],[-72.29444,41.07625],[-72.29522,41.07798],[-72.29633,41.07872],[-72.29891,41.07894],[-72.30117,41.07977],[-72.3029,41.08003],[-72.30351,41.07925],[-72.30276,41.07665],[-72.30403,41.075],[-72.30437,41.07336],[-72.30555,41.07361],[-72.30758,41.07755],[-72.3075,41.08077],[-72.30877,41.0828],[-72.31157,41.08489],[-72.31816,41.08571],[-72.32057,41.08738],[-72.32144,41.08741],[-72.32249,41.08378],[-72.32112,41.08164],[-72.32026,41.07873],[-72.31915,41.07601],[-72.3152,41.07276],[-72.30927,41.06903],[-72.30965,41.06759],[-72.3109,41.06835],[-72.31233,41.06864],[-72.31464,41.07016],[-72.3163,41.06989],[-72.31811,41.06901],[-72.31733,41.06781],[-72.31941,41.06786],[-72.32,41.0671],[-72.31875,41.06605],[-72.31685,41.06649],[-72.31409,41.06608],[-72.31355,41.06519],[-72.3141,41.06353],[-72.3138,41.06278],[-72.3125,41.06319],[-72.31184,41.06467],[-72.31093,41.06527],[-72.30405,41.0658],[-72.30161,41.06706],[-72.29945,41.06965],[-72.29782,41.06965],[-72.29751,41.06876],[-72.29938,41.06785],[-72.29963,41.06677],[-72.29908,41.06565],[-72.29763,41.06448],[-72.29598,41.06445],[-72.29458,41.06291],[-72.29246,41.0629],[-72.28411,41.06768],[-72.28289,41.06792],[-72.28189,41.06713],[-72.28015,41.06403],[-72.27889,41.06038],[-72.27658,41.05712],[-72.27508,41.05376],[-72.27288,41.05142],[-72.27404,41.05023],[-72.27751,41.04922],[-72.28003,41.04717],[-72.28053,41.04603],[-72.28,41.04438],[-72.27624,41.03946],[-72.27252,41.03162],[-72.27006,41.02808],[-72.26998,41.02631],[-72.271,41.02584],[-72.27461,41.0261],[-72.27659,41.02496],[-72.27908,41.02602],[-72.2816,41.02799],[-72.28162,41.02962],[-72.28036,41.03307],[-72.27942,41.0346],[-72.27891,41.03633],[-72.27981,41.03772],[-72.28183,41.03908],[-72.28309,41.03923],[-72.28383,41.0377],[-72.28523,41.03764],[-72.28748,41.0398],[-72.28892,41.04093],[-72.29215,41.04156],[-72.2985,41.04392],[-72.30148,41.046],[-72.30416,41.04987],[-72.30832,41.05257],[-72.3102,41.05343],[-72.31312,41.05329],[-72.31687,41.05124],[-72.31789,41.04918],[-72.31644,41.04631],[-72.31644,41.04416],[-72.3185,41.04265],[-72.32038,41.04245],[-72.32413,41.04308],[-72.32772,41.04305],[-72.32883,41.04348],[-72.33009,41.04633],[-72.33207,41.0478],[-72.33552,41.04849],[-72.33794,41.04969],[-72.33747,41.05031],[-72.33505,41.04947],[-72.33391,41.04932],[-72.33485,41.05018],[-72.33528,41.05115],[-72.33677,41.05174],[-72.33724,41.05326],[-72.33796,41.05382],[-72.33909,41.05328],[-72.33908,41.05128],[-72.33802,41.05073],[-72.33789,41.04993],[-72.33936,41.04986],[-72.3431,41.0509],[-72.34338,41.05181],[-72.34079,41.05319],[-72.33978,41.05471],[-72.33975,41.05752],[-72.342,41.06027],[-72.34332,41.0609],[-72.34495,41.06104],[-72.34628,41.0604],[-72.34616,41.05971],[-72.34448,41.05943],[-72.34455,41.05795],[-72.34352,41.057],[-72.34131,41.05603],[-72.34125,41.05451],[-72.34276,41.05313],[-72.34327,41.05207],[-72.34479,41.05135],[-72.34571,41.0496],[-72.34948,41.04721],[-72.35014,41.04767],[-72.34987,41.04979],[-72.35061,41.05083],[-72.35273,41.05167],[-72.35296,41.05254],[-72.35392,41.05347],[-72.35431,41.06183],[-72.35489,41.0639],[-72.35599,41.06489],[-72.35778,41.06423],[-72.35906,41.06498],[-72.36361,41.06544],[-72.36461,41.06446],[-72.36492,41.06295],[-72.36605,41.06192],[-72.36641,41.06123],[-72.36593,41.06061],[-72.36501,41.06141],[-72.36393,41.061],[-72.36301,41.05942],[-72.36205,41.05927],[-72.3609,41.06002],[-72.35903,41.06059],[-72.3574,41.0626],[-72.35635,41.06274],[-72.35583,41.06179],[-72.35625,41.05876],[-72.35613,41.0571],[-72.35672,41.05562],[-72.35584,41.05217],[-72.3537,41.04912],[-72.35294,41.04752],[-72.35103,41.0446],[-72.34864,41.04181],[-72.34621,41.04131],[-72.34372,41.04265],[-72.34216,41.04475],[-72.33981,41.04683],[-72.33846,41.04684],[-72.33829,41.04572],[-72.33997,41.0432],[-72.34261,41.04151],[-72.34643,41.04048],[-72.35288,41.0409],[-72.35769,41.04234],[-72.36371,41.04615],[-72.3717,41.05047],[-72.37298,41.05201],[-72.37229,41.05627],[-72.3734,41.05988]]],[[[-72.46924,40.97215],[-72.47088,40.97531],[-72.47137,40.9775],[-72.47113,40.97923],[-72.46958,40.98199],[-72.46876,40.98171],[-72.46986,40.97876],[-72.46966,40.97709],[-72.46749,40.97639],[-72.46358,40.97716],[-72.46131,40.97688],[-72.45878,40.97591],[-72.45727,40.97445],[-72.45656,40.97283],[-72.45582,40.96959],[-72.45533,40.96598],[-72.45271,40.95822],[-72.45494,40.95862],[-72.45764,40.96007],[-72.46005,40.96111],[-72.46352,40.96306],[-72.46737,40.96775],[-72.46924,40.97215]]],[[[-72.18287,41.18381],[-72.18535,41.18227],[-72.18851,41.17869],[-72.19046,41.17507],[-72.19174,41.17199],[-72.19512,41.16598],[-72.19652,41.16424],[-72.19803,41.1641],[-72.19942,41.16455],[-72.20066,41.16589],[-72.20181,41.16825],[-72.20489,41.17164],[-72.20691,41.17112],[-72.2083,41.1717],[-72.21147,41.17214],[-72.21175,41.17344],[-72.21053,41.17709],[-72.20854,41.17837],[-72.20582,41.17934],[-72.20395,41.18041],[-72.20062,41.18101],[-72.19614,41.18423],[-72.18935,41.18764],[-72.18641,41.18859],[-72.18311,41.18882],[-72.17972,41.18788],[-72.17546,41.18745],[-72.17143,41.18757],[-72.16685,41.18928],[-72.16272,41.19048],[-72.16065,41.19038],[-72.16012,41.18894],[-72.16126,41.1872],[-72.16319,41.18631],[-72.16937,41.18474],[-72.17314,41.18466],[-72.17612,41.18358],[-72.17851,41.18338],[-72.18287,41.18381]]],[[[-72.12226,41.20013],[-72.12237,41.20077],[-72.11971,41.2024],[-72.11873,41.20267],[-72.11768,41.20358],[-72.11609,41.20412],[-72.11503,41.20409],[-72.11421,41.20302],[-72.11671,41.20249],[-72.1178,41.20139],[-72.11982,41.201],[-72.1208,41.20024],[-72.12226,41.20013]]],[[[-72.03704,41.25015],[-72.03704,41.25134],[-72.03507,41.25398],[-72.0342,41.25604],[-72.03273,41.25716],[-72.03123,41.25738],[-72.02939,41.25667],[-72.02872,41.25721],[-72.0306,41.25904],[-72.02956,41.26191],[-72.0286,41.26296],[-72.02703,41.26332],[-72.02615,41.26411],[-72.02587,41.26596],[-72.02505,41.26629],[-72.0239,41.26557],[-72.02416,41.26361],[-72.02631,41.26194],[-72.0265,41.26088],[-72.02529,41.2601],[-72.02442,41.26039],[-72.02319,41.25949],[-72.02278,41.25976],[-72.02268,41.26098],[-72.02065,41.26106],[-72.0207,41.26247],[-72.02211,41.265],[-72.02079,41.26946],[-72.02121,41.26992],[-72.02288,41.2699],[-72.02436,41.27296],[-72.02402,41.27387],[-72.01924,41.27491],[-72.01722,41.27336],[-72.01205,41.27174],[-72.00901,41.27137],[-72.0072,41.27019],[-72.00693,41.26912],[-72.00848,41.26787],[-72.00857,41.26614],[-72.00958,41.26527],[-72.01171,41.26558],[-72.01262,41.26487],[-72.01255,41.26307],[-72.01013,41.26302],[-72.00897,41.26042],[-72.00761,41.25925],[-72.00776,41.25846],[-72.00538,41.25885],[-72.00491,41.25954],[-72.0056,41.26032],[-72.00779,41.26129],[-72.00685,41.26252],[-72.0064,41.26416],[-72.00487,41.26416],[-72.00408,41.26359],[-72.00408,41.26241],[-72.00468,41.2616],[-72.0042,41.2608],[-72.00329,41.26103],[-72.00228,41.26203],[-72.00227,41.265],[-72.00133,41.26625],[-71.99975,41.26677],[-71.9964,41.26883],[-71.99419,41.27104],[-71.99352,41.27473],[-71.99347,41.27775],[-71.99266,41.28063],[-71.99114,41.28119],[-71.98385,41.28129],[-71.98216,41.28076],[-71.9807,41.28056],[-71.97804,41.27926],[-71.97619,41.27947],[-71.97467,41.28006],[-71.97267,41.28046],[-71.9704,41.28156],[-71.96941,41.28233],[-71.96908,41.28354],[-71.96816,41.28391],[-71.96812,41.28468],[-71.96625,41.28467],[-71.96249,41.28316],[-71.9589,41.28301],[-71.95785,41.2834],[-71.95741,41.28437],[-71.95446,41.2844],[-71.95289,41.28382],[-71.95117,41.28257],[-71.94983,41.28273],[-71.94822,41.28249],[-71.94754,41.28296],[-71.94809,41.28399],[-71.94733,41.28423],[-71.94548,41.28356],[-71.94418,41.28353],[-71.94299,41.28274],[-71.94149,41.28281],[-71.9403,41.28365],[-71.94004,41.28432],[-71.94073,41.28511],[-71.9393,41.28547],[-71.93902,41.28615],[-71.9403,41.28661],[-71.94172,41.28622],[-71.94317,41.28629],[-71.94381,41.28715],[-71.94199,41.28863],[-71.93949,41.29103],[-71.9379,41.29101],[-71.93666,41.29045],[-71.93268,41.29053],[-71.92415,41.29233],[-71.92278,41.29149],[-71.92349,41.29075],[-71.92643,41.28976],[-71.92806,41.28876],[-71.92854,41.28761],[-71.92848,41.28493],[-71.92951,41.28395],[-71.93123,41.28353],[-71.93211,41.28258],[-71.93431,41.28171],[-71.93509,41.28066],[-71.93743,41.27996],[-71.93996,41.2797],[-71.94426,41.28016],[-71.9461,41.27931],[-71.94668,41.27804],[-71.94822,41.27795],[-71.94974,41.27895],[-71.95146,41.27859],[-71.9523,41.27763],[-71.95424,41.27736],[-71.95439,41.27675],[-71.95371,41.276],[-71.95472,41.27547],[-71.95819,41.27541],[-71.96138,41.27615],[-71.96321,41.27632],[-71.96537,41.27572],[-71.96689,41.27412],[-71.96817,41.27352],[-71.96918,41.27274],[-71.97193,41.27169],[-71.97536,41.26889],[-71.97693,41.26869],[-71.97826,41.26775],[-71.98144,41.26743],[-71.98346,41.26554],[-71.98725,41.26391],[-71.98983,41.26193],[-71.99186,41.26092],[-71.99357,41.25953],[-71.99594,41.25566],[-71.99898,41.25319],[-71.9997,41.25369],[-72.00328,41.25229],[-72.00588,41.25291],[-72.01078,41.25505],[-72.01622,41.25495],[-72.02074,41.2533],[-72.02335,41.25141],[-72.02799,41.24997],[-72.0323,41.24952],[-72.03592,41.24953],[-72.03704,41.25015]]]]}},{"type":"Feature","properties":{"ava_id":"seneca_lake","name":"Seneca Lake","aka":null,"state":"NY","county":"Ontario|Schuyler|Seneca|Yates","within":"Finger Lakes","contains":null,"cfr_index":"9.128","valid_start":null},"geometry":{"type":"MultiPolygon","coordinates":[[[[-77.0755,42.96249],[-77.06025,42.95838],[-77.04999,42.955],[-77.04171,42.95265],[-77.03417,42.95112],[-77.02985,42.95083],[-77.01053,42.94669],[-77.00217,42.94592],[-76.98068,42.94748],[-76.97835,42.94733],[-76.97621,42.94665],[-76.97351,42.9453],[-76.96911,42.94282],[-76.9598,42.93681],[-76.95796,42.93581],[-76.95683,42.93542],[-76.95548,42.93518],[-76.95097,42.93506],[-76.94966,42.93484],[-76.94773,42.93432],[-76.94381,42.93285],[-76.93713,42.93082],[-76.92912,42.92893],[-76.92307,42.92782],[-76.91908,42.9275],[-76.91183,42.92555],[-76.90242,42.92457],[-76.90721,42.90816],[-76.90626,42.89502],[-76.90437,42.89551],[-76.90277,42.89545],[-76.90268,42.89523],[-76.90286,42.89452],[-76.90407,42.89414],[-76.90447,42.89378],[-76.90448,42.89346],[-76.90431,42.89327],[-76.90309,42.89302],[-76.90293,42.8927],[-76.90329,42.89171],[-76.90447,42.89154],[-76.90467,42.89134],[-76.90462,42.89116],[-76.90401,42.89081],[-76.90465,42.88914],[-76.90472,42.8879],[-76.90459,42.88771],[-76.90417,42.88776],[-76.90403,42.88838],[-76.90361,42.88868],[-76.90232,42.88858],[-76.90229,42.88845],[-76.90289,42.88815],[-76.90302,42.88776],[-76.90257,42.88728],[-76.90221,42.88713],[-76.90093,42.88675],[-76.90074,42.88654],[-76.90007,42.88656],[-76.89989,42.88607],[-76.90034,42.8855],[-76.89988,42.88523],[-76.89987,42.88497],[-76.90041,42.88475],[-76.90009,42.88415],[-76.90016,42.88393],[-76.90059,42.88369],[-76.90094,42.88291],[-76.90275,42.88177],[-76.90251,42.88136],[-76.90263,42.88032],[-76.90208,42.87961],[-76.90215,42.87862],[-76.90269,42.87731],[-76.9024,42.8769],[-76.90125,42.87675],[-76.90027,42.87641],[-76.90015,42.87612],[-76.90024,42.87573],[-76.89938,42.87545],[-76.89912,42.87474],[-76.89846,42.87448],[-76.8985,42.87429],[-76.89952,42.87367],[-76.89949,42.87352],[-76.89833,42.87253],[-76.89812,42.87194],[-76.89734,42.87208],[-76.89712,42.87191],[-76.89708,42.87141],[-76.89745,42.87042],[-76.8973,42.86993],[-76.8974,42.86899],[-76.89774,42.86874],[-76.89906,42.86848],[-76.8993,42.86822],[-76.8993,42.86793],[-76.89836,42.86738],[-76.89818,42.86704],[-76.89857,42.86606],[-76.8985,42.86568],[-76.89752,42.86524],[-76.89678,42.86455],[-76.89639,42.86356],[-76.89649,42.86247],[-76.89595,42.86143],[-76.89623,42.86043],[-76.89603,42.86029],[-76.89501,42.86041],[-76.8944,42.85966],[-76.89458,42.85921],[-76.89557,42.85893],[-76.89492,42.85782],[-76.89525,42.85718],[-76.89609,42.85639],[-76.89619,42.85595],[-76.89588,42.85543],[-76.8943,42.85526],[-76.89592,42.85401],[-76.89625,42.85343],[-76.89635,42.85288],[-76.89577,42.85239],[-76.89278,42.85172],[-76.89222,42.84995],[-76.89227,42.84924],[-76.89381,42.84919],[-76.8929,42.84418],[-76.89304,42.84323],[-76.89349,42.84238],[-76.89341,42.8418],[-76.89362,42.84078],[-76.89454,42.83945],[-76.89662,42.83782],[-76.89767,42.83228],[-76.9007,42.82953],[-76.89879,42.79672],[-76.89583,42.75271],[-76.89575,42.75015],[-76.89617,42.75007],[-76.8958,42.74328],[-76.89234,42.73774],[-76.89178,42.72908],[-76.89161,42.72621],[-76.89385,42.71995],[-76.89403,42.71904],[-76.89381,42.71421],[-76.89266,42.71225],[-76.88976,42.7098],[-76.87646,42.70032],[-76.87494,42.69935],[-76.87464,42.69942],[-76.86931,42.69681],[-76.86698,42.69549],[-76.86347,42.69112],[-76.86274,42.69],[-76.86231,42.68877],[-76.86208,42.68635],[-76.86143,42.68479],[-76.86055,42.68377],[-76.85933,42.68301],[-76.85741,42.68251],[-76.84182,42.68021],[-76.82014,42.68082],[-76.82201,42.67887],[-76.82254,42.67804],[-76.82318,42.67417],[-76.82543,42.66829],[-76.82569,42.66668],[-76.82581,42.66373],[-76.82227,42.60091],[-76.82227,42.60053],[-76.82339,42.59976],[-76.82366,42.59948],[-76.82381,42.59895],[-76.82348,42.59676],[-76.82213,42.59543],[-76.82192,42.59403],[-76.82083,42.57543],[-76.81925,42.54354],[-76.8295,42.5433],[-76.8286,42.52826],[-76.82788,42.51276],[-76.82735,42.51205],[-76.82768,42.51063],[-76.82776,42.50865],[-76.8275,42.50194],[-76.82648,42.50003],[-76.8263,42.49929],[-76.82736,42.49771],[-76.82755,42.49685],[-76.82902,42.49604],[-76.82886,42.48835],[-76.82912,42.4826],[-76.82869,42.4711],[-76.83098,42.46435],[-76.83197,42.45903],[-76.83342,42.45611],[-76.83371,42.45366],[-76.83304,42.44837],[-76.83208,42.44715],[-76.83166,42.44633],[-76.82957,42.43947],[-76.82914,42.43758],[-76.82887,42.43556],[-76.8289,42.43183],[-76.82874,42.42936],[-76.83148,42.42448],[-76.83243,42.42337],[-76.83273,42.42276],[-76.83276,42.4226],[-76.83216,42.4227],[-76.83315,42.41572],[-76.83434,42.40889],[-76.83739,42.40495],[-76.84075,42.40136],[-76.843,42.3986],[-76.84436,42.39467],[-76.84408,42.39416],[-76.84352,42.39206],[-76.84352,42.39022],[-76.8433,42.38895],[-76.8448,42.38855],[-76.84696,42.38857],[-76.84806,42.38827],[-76.85168,42.38809],[-76.85483,42.38755],[-76.85533,42.38646],[-76.85647,42.38559],[-76.86283,42.38369],[-76.86163,42.38287],[-76.86095,42.38262],[-76.86044,42.38224],[-76.8602,42.38183],[-76.86199,42.3794],[-76.86402,42.3772],[-76.87142,42.3756],[-76.87463,42.37447],[-76.87803,42.37415],[-76.8801,42.37352],[-76.88148,42.37348],[-76.88245,42.3727],[-76.88459,42.37244],[-76.88558,42.37187],[-76.88766,42.37205],[-76.88928,42.37187],[-76.89023,42.37147],[-76.89121,42.37148],[-76.89175,42.37114],[-76.89278,42.37107],[-76.89386,42.37048],[-76.89422,42.37061],[-76.89415,42.37115],[-76.89525,42.37142],[-76.89553,42.37129],[-76.89561,42.37042],[-76.89583,42.37024],[-76.89655,42.37042],[-76.89774,42.37001],[-76.90068,42.36973],[-76.90324,42.36779],[-76.9086,42.36497],[-76.90935,42.36501],[-76.90999,42.36539],[-76.91364,42.36501],[-76.91424,42.36467],[-76.91453,42.36396],[-76.91454,42.36352],[-76.91503,42.36305],[-76.91688,42.36247],[-76.91826,42.36167],[-76.92059,42.36196],[-76.92524,42.36198],[-76.92627,42.36177],[-76.92667,42.36114],[-76.92707,42.36092],[-76.92779,42.36145],[-76.9285,42.36142],[-76.92862,42.36168],[-76.92854,42.3622],[-76.92883,42.36238],[-76.93078,42.36207],[-76.93144,42.36215],[-76.93261,42.362],[-76.93403,42.36217],[-76.93492,42.36248],[-76.93653,42.36253],[-76.93723,42.36329],[-76.93769,42.36439],[-76.93823,42.36437],[-76.93864,42.36395],[-76.94006,42.36385],[-76.94066,42.36428],[-76.94135,42.36521],[-76.94358,42.36588],[-76.94349,42.36664],[-76.94363,42.36698],[-76.94525,42.36821],[-76.9473,42.36875],[-76.94789,42.36869],[-76.94836,42.36829],[-76.94931,42.36818],[-76.94988,42.3686],[-76.94976,42.36918],[-76.95045,42.36946],[-76.95128,42.36941],[-76.95166,42.36956],[-76.95041,42.36992],[-76.95018,42.37044],[-76.95034,42.37125],[-76.95001,42.37164],[-76.95026,42.37504],[-76.9509,42.37985],[-76.95106,42.38021],[-76.95214,42.39672],[-76.95976,42.39932],[-76.97527,42.4025],[-76.98526,42.40485],[-76.98681,42.43514],[-76.98686,42.44046],[-76.98752,42.4566],[-76.99144,42.51775],[-76.99586,42.57851],[-76.99607,42.57865],[-77.00275,42.57876],[-77.00252,42.58057],[-77.00191,42.58216],[-77.00332,42.60463],[-76.99973,42.60818],[-76.99908,42.60863],[-76.99788,42.61002],[-76.99871,42.62498],[-76.99996,42.64115],[-77.00121,42.66124],[-77.00112,42.66157],[-77.00152,42.6617],[-77.00185,42.66159],[-77.0042,42.66014],[-77.00527,42.66092],[-77.00685,42.66051],[-77.00839,42.661],[-77.00929,42.66109],[-77.01381,42.6604],[-77.01563,42.661],[-77.02385,42.66695],[-77.02632,42.66929],[-77.02687,42.66951],[-77.02885,42.66954],[-77.0288,42.68442],[-77.02934,42.68587],[-77.03061,42.69331],[-77.03085,42.69871],[-77.03056,42.6996],[-77.0292,42.70214],[-77.0291,42.70766],[-77.02865,42.70945],[-77.02831,42.71184],[-77.02791,42.71759],[-77.02153,42.72696],[-77.01645,42.7336],[-77.01623,42.73838],[-77.01581,42.74069],[-77.01474,42.74526],[-77.01302,42.75004],[-77.01314,42.75007],[-77.01215,42.75377],[-77.01394,42.75598],[-77.01673,42.76031],[-77.01693,42.76106],[-77.00734,42.77434],[-77.00643,42.77628],[-77.00619,42.77722],[-77.00782,42.80847],[-77.00828,42.81375],[-77.00899,42.81615],[-77.0087,42.82148],[-77.0106,42.85245],[-77.01121,42.8774],[-77.01363,42.8776],[-77.02129,42.87903],[-77.03228,42.8803],[-77.03302,42.88077],[-77.03543,42.88589],[-77.03597,42.88632],[-77.03724,42.88664],[-77.0914,42.8859],[-77.09278,42.88603],[-77.09595,42.88701],[-77.0962,42.89044],[-77.0967,42.89374],[-77.09814,42.89699],[-77.09816,42.89911],[-77.09856,42.90056],[-77.1016,42.90887],[-77.10568,42.91592],[-77.10749,42.92441],[-77.10741,42.92498],[-77.1056,42.93057],[-77.10495,42.93173],[-77.09834,42.94106],[-77.09775,42.94221],[-77.0962,42.94334],[-77.09523,42.94488],[-77.09509,42.94572],[-77.0956,42.95457],[-77.09581,42.96144],[-77.09552,42.96165],[-77.08043,42.96228],[-77.0755,42.96249]]]]}},{"type":"Feature","properties":{"ava_id":"the_hamptons_long_island","name":"The Hamptons, Long Island","aka":null,"state":"NY","county":"Suffolk","within":"Long Island","contains":null,"cfr_index":"9.101","valid_start":null},"geometry":{"type":"MultiPolygon","coordinates":[[[[-72.62453,40.81678],[-72.62511,40.81645],[-72.62504,40.81535],[-72.62525,40.81475],[-72.62567,40.8142],[-72.62558,40.81342],[-72.62593,40.81341],[-72.62555,40.8133],[-72.62506,40.81264],[-72.62478,40.81175],[-72.62491,40.81128],[-72.62572,40.81054],[-72.62726,40.8104],[-72.62859,40.81002],[-72.62973,40.80999],[-72.63114,40.81043],[-72.63201,40.8112],[-72.63299,40.81177],[-72.63337,40.81238],[-72.63375,40.81226],[-72.63385,40.81243],[-72.63337,40.81269],[-72.63335,40.8129],[-72.6343,40.81415],[-72.6353,40.81618],[-72.63602,40.81695],[-72.63628,40.81775],[-72.63639,40.81786],[-72.63678,40.81772],[-72.63671,40.81707],[-72.63591,40.81606],[-72.63583,40.81575],[-72.63595,40.81464],[-72.63634,40.81428],[-72.63687,40.81432],[-72.63604,40.81396],[-72.63544,40.81394],[-72.63527,40.81262],[-72.635,40.81229],[-72.6348,40.81219],[-72.6341,40.81243],[-72.63398,40.81214],[-72.63455,40.81176],[-72.63428,40.81081],[-72.6338,40.81047],[-72.63229,40.8087],[-72.6316,40.80839],[-72.63034,40.80831],[-72.62874,40.80788],[-72.62839,40.80758],[-72.62771,40.80638],[-72.62714,40.80625],[-72.62611,40.80647],[-72.62555,40.80639],[-72.62587,40.8059],[-72.62594,40.8054],[-72.62548,40.80462],[-72.62607,40.80429],[-72.62698,40.80414],[-72.62745,40.80338],[-72.6272,40.80327],[-72.62705,40.80292],[-72.62669,40.80296],[-72.62621,40.80242],[-72.62615,40.80225],[-72.62642,40.80194],[-72.62812,40.80077],[-72.62936,40.80039],[-72.63127,40.80017],[-72.63212,40.8005],[-72.63249,40.80011],[-72.63156,40.80012],[-72.63177,40.79986],[-72.63445,40.79895],[-72.63457,40.79957],[-72.63553,40.79987],[-72.63569,40.80038],[-72.63597,40.80069],[-72.63603,40.80131],[-72.6356,40.80191],[-72.6358,40.80261],[-72.63667,40.80242],[-72.63715,40.80287],[-72.63776,40.80316],[-72.63809,40.80303],[-72.63863,40.80318],[-72.63964,40.80301],[-72.63983,40.80347],[-72.64008,40.8034],[-72.64051,40.80501],[-72.63953,40.80572],[-72.63987,40.80603],[-72.6409,40.80547],[-72.64119,40.80588],[-72.64151,40.80598],[-72.64169,40.8064],[-72.64123,40.80657],[-72.64098,40.80649],[-72.64067,40.80678],[-72.64113,40.80685],[-72.64181,40.8065],[-72.64224,40.80694],[-72.64202,40.80718],[-72.64237,40.80711],[-72.64258,40.80735],[-72.64216,40.80777],[-72.64259,40.8078],[-72.64301,40.80897],[-72.6431,40.80854],[-72.64289,40.80753],[-72.64319,40.80742],[-72.64314,40.8073],[-72.64281,40.80741],[-72.64264,40.80688],[-72.6425,40.80691],[-72.64247,40.8067],[-72.64182,40.8062],[-72.64092,40.80491],[-72.64052,40.80335],[-72.64102,40.80341],[-72.64103,40.80329],[-72.64074,40.80325],[-72.64097,40.80205],[-72.6415,40.80208],[-72.64096,40.80196],[-72.64101,40.80175],[-72.64177,40.80107],[-72.64189,40.80078],[-72.64286,40.80095],[-72.64289,40.80068],[-72.6419,40.80064],[-72.64208,40.80013],[-72.64183,40.79937],[-72.64253,40.79946],[-72.64254,40.79936],[-72.64185,40.79926],[-72.64186,40.79915],[-72.6425,40.79826],[-72.64335,40.79759],[-72.64454,40.7973],[-72.64513,40.79691],[-72.64609,40.79687],[-72.64675,40.79718],[-72.64701,40.79759],[-72.6472,40.80036],[-72.64749,40.80036],[-72.64745,40.79767],[-72.64867,40.79808],[-72.65038,40.79748],[-72.65346,40.79757],[-72.65486,40.79824],[-72.65619,40.79914],[-72.65658,40.79967],[-72.6573,40.80023],[-72.66215,40.80315],[-72.66163,40.80374],[-72.6611,40.80498],[-72.66041,40.80536],[-72.66033,40.80573],[-72.65867,40.80759],[-72.65834,40.80807],[-72.6581,40.80894],[-72.65843,40.80897],[-72.65877,40.80803],[-72.65926,40.80725],[-72.66125,40.80513],[-72.66174,40.80498],[-72.66268,40.80516],[-72.66396,40.80507],[-72.66426,40.80521],[-72.66409,40.80597],[-72.6644,40.80659],[-72.66424,40.80755],[-72.66472,40.80778],[-72.66418,40.80942],[-72.66352,40.80989],[-72.66403,40.8097],[-72.66418,40.81006],[-72.66435,40.81005],[-72.66441,40.80931],[-72.66461,40.80922],[-72.66441,40.80916],[-72.66486,40.80803],[-72.66591,40.80809],[-72.66615,40.80855],[-72.66633,40.80855],[-72.66642,40.80903],[-72.66598,40.80985],[-72.66585,40.81073],[-72.66396,40.81108],[-72.66416,40.81128],[-72.66563,40.81097],[-72.66556,40.81179],[-72.66516,40.81263],[-72.66472,40.81306],[-72.66413,40.8131],[-72.66401,40.81289],[-72.66374,40.81322],[-72.66473,40.81329],[-72.66472,40.81346],[-72.66395,40.81359],[-72.66464,40.81359],[-72.66471,40.81381],[-72.66414,40.81394],[-72.66374,40.8137],[-72.66349,40.81404],[-72.66364,40.81407],[-72.66363,40.81434],[-72.66403,40.8141],[-72.66473,40.81408],[-72.66485,40.81431],[-72.66423,40.81499],[-72.6636,40.81503],[-72.66326,40.81484],[-72.66315,40.81548],[-72.66355,40.81517],[-72.66404,40.81528],[-72.6636,40.81599],[-72.66254,40.81676],[-72.66211,40.81772],[-72.66204,40.81861],[-72.66164,40.81941],[-72.66146,40.82062],[-72.66115,40.82125],[-72.66152,40.8215],[-72.6611,40.82214],[-72.6612,40.82262],[-72.66222,40.82175],[-72.66222,40.82115],[-72.66247,40.82069],[-72.66242,40.82013],[-72.66288,40.81946],[-72.6629,40.81881],[-72.66326,40.81761],[-72.66296,40.81735],[-72.66244,40.81771],[-72.66269,40.81693],[-72.66355,40.8164],[-72.66369,40.81639],[-72.66368,40.8166],[-72.66352,40.81703],[-72.66386,40.81687],[-72.66417,40.81604],[-72.66384,40.81618],[-72.66386,40.81605],[-72.6649,40.81468],[-72.66504,40.81399],[-72.66492,40.81334],[-72.66549,40.81268],[-72.66617,40.81066],[-72.66618,40.81015],[-72.66652,40.80939],[-72.66694,40.80914],[-72.66671,40.80898],[-72.66653,40.80827],[-72.66664,40.80708],[-72.66692,40.80683],[-72.66684,40.80664],[-72.66739,40.80634],[-72.66743,40.80591],[-72.66804,40.80525],[-72.66852,40.80322],[-72.66932,40.80251],[-72.67049,40.80306],[-72.67158,40.80331],[-72.67318,40.80315],[-72.67416,40.80248],[-72.67482,40.80148],[-72.6755,40.80091],[-72.67603,40.80068],[-72.67905,40.80122],[-72.68199,40.80231],[-72.68233,40.80224],[-72.68319,40.80251],[-72.68504,40.80366],[-72.68568,40.80379],[-72.68603,40.80365],[-72.68665,40.80452],[-72.68672,40.8048],[-72.68652,40.80545],[-72.68681,40.80514],[-72.6869,40.80525],[-72.68661,40.80631],[-72.68675,40.80744],[-72.68657,40.80732],[-72.68634,40.80585],[-72.68614,40.80627],[-72.68629,40.80733],[-72.68672,40.80784],[-72.68695,40.80782],[-72.68677,40.80605],[-72.68705,40.80516],[-72.68677,40.8044],[-72.68614,40.80349],[-72.68735,40.80299],[-72.68991,40.80324],[-72.6901,40.80337],[-72.6905,40.80405],[-72.69045,40.80421],[-72.69023,40.80409],[-72.69026,40.80443],[-72.69,40.80466],[-72.69012,40.80611],[-72.68983,40.80754],[-72.69009,40.80807],[-72.69081,40.80818],[-72.69078,40.80841],[-72.68994,40.80844],[-72.68969,40.80862],[-72.68979,40.80963],[-72.69014,40.80991],[-72.68985,40.81001],[-72.68988,40.81012],[-72.69024,40.81023],[-72.69053,40.81154],[-72.69053,40.81205],[-72.69031,40.81212],[-72.69041,40.81253],[-72.6902,40.81325],[-72.69061,40.81377],[-72.69081,40.81482],[-72.69082,40.81534],[-72.69058,40.8154],[-72.69062,40.81712],[-72.69084,40.81774],[-72.6907,40.81558],[-72.69082,40.81548],[-72.69081,40.81715],[-72.69104,40.81774],[-72.69125,40.8176],[-72.69147,40.81697],[-72.69132,40.81628],[-72.69144,40.81554],[-72.69091,40.81268],[-72.69111,40.81173],[-72.69147,40.81151],[-72.69095,40.81142],[-72.69074,40.81104],[-72.69065,40.81007],[-72.69084,40.80943],[-72.69104,40.80927],[-72.69017,40.8087],[-72.69117,40.80858],[-72.69142,40.80877],[-72.6915,40.80863],[-72.69203,40.80861],[-72.69204,40.80849],[-72.69111,40.8085],[-72.69104,40.80819],[-72.69271,40.80825],[-72.6918,40.80799],[-72.69198,40.80769],[-72.69175,40.80749],[-72.69176,40.80715],[-72.69195,40.80656],[-72.69189,40.80626],[-72.69227,40.806],[-72.69206,40.80587],[-72.69212,40.80534],[-72.69251,40.80469],[-72.69206,40.80436],[-72.69287,40.80408],[-72.69212,40.80414],[-72.69183,40.80431],[-72.69133,40.80425],[-72.69064,40.80462],[-72.69054,40.80435],[-72.69178,40.80394],[-72.69241,40.80351],[-72.69278,40.80277],[-72.69342,40.8029],[-72.69283,40.80247],[-72.69315,40.80217],[-72.69387,40.80071],[-72.69434,40.79881],[-72.69416,40.79819],[-72.69386,40.79787],[-72.69303,40.79751],[-72.69325,40.79684],[-72.69356,40.79664],[-72.69339,40.79708],[-72.69477,40.79725],[-72.69649,40.79702],[-72.69661,40.79714],[-72.69674,40.79895],[-72.69688,40.79894],[-72.69674,40.79687],[-72.69703,40.79664],[-72.69826,40.79731],[-72.70005,40.79738],[-72.70008,40.79827],[-72.69995,40.79833],[-72.69806,40.79818],[-72.69806,40.79829],[-72.69905,40.79847],[-72.70018,40.79841],[-72.70025,40.79674],[-72.70052,40.79668],[-72.70186,40.79745],[-72.703,40.79753],[-72.70367,40.7979],[-72.70465,40.79792],[-72.70581,40.79819],[-72.7066,40.79863],[-72.70745,40.79883],[-72.70825,40.79876],[-72.70972,40.79915],[-72.70943,40.79961],[-72.70793,40.79916],[-72.70767,40.79932],[-72.7076,40.79948],[-72.70772,40.79958],[-72.70805,40.7997],[-72.70822,40.79951],[-72.7093,40.79997],[-72.70918,40.80033],[-72.70874,40.80053],[-72.70897,40.80065],[-72.70803,40.80203],[-72.70795,40.8022],[-72.70812,40.80239],[-72.70871,40.80126],[-72.70895,40.80112],[-72.7092,40.8012],[-72.70909,40.80103],[-72.70942,40.80035],[-72.70991,40.80041],[-72.70968,40.8002],[-72.70971,40.79967],[-72.71003,40.79903],[-72.71005,40.79926],[-72.71335,40.80103],[-72.71276,40.80182],[-72.71229,40.80193],[-72.71227,40.80239],[-72.71269,40.80227],[-72.71289,40.80204],[-72.71381,40.80082],[-72.71367,40.80056],[-72.71379,40.80051],[-72.71397,40.80079],[-72.71388,40.80088],[-72.71461,40.80152],[-72.71915,40.80421],[-72.71933,40.80456],[-72.7207,40.80557],[-72.72082,40.80592],[-72.71958,40.80664],[-72.7194,40.8065],[-72.71902,40.80658],[-72.71882,40.80689],[-72.71843,40.80708],[-72.71776,40.80805],[-72.71545,40.81046],[-72.71516,40.81095],[-72.71511,40.81149],[-72.71369,40.81314],[-72.71443,40.81253],[-72.71513,40.81168],[-72.71584,40.8112],[-72.71685,40.81008],[-72.71714,40.80999],[-72.71708,40.80986],[-72.71762,40.80917],[-72.71975,40.8072],[-72.7197,40.80676],[-72.7208,40.80609],[-72.72104,40.80608],[-72.7213,40.80664],[-72.7227,40.80761],[-72.72409,40.80904],[-72.72422,40.80968],[-72.72393,40.81014],[-72.72427,40.81087],[-72.72437,40.81154],[-72.72469,40.81205],[-72.72465,40.81234],[-72.72444,40.81247],[-72.72422,40.81237],[-72.72449,40.8122],[-72.72452,40.81199],[-72.72423,40.8118],[-72.72349,40.81209],[-72.72301,40.81335],[-72.7232,40.81362],[-72.7232,40.81531],[-72.72383,40.81604],[-72.72304,40.81599],[-72.72257,40.81625],[-72.72209,40.81703],[-72.72078,40.81833],[-72.72058,40.81881],[-72.72034,40.81898],[-72.72008,40.82009],[-72.71986,40.82044],[-72.71871,40.82146],[-72.71819,40.82217],[-72.71919,40.82145],[-72.72018,40.82047],[-72.72055,40.8197],[-72.72195,40.81891],[-72.72368,40.81728],[-72.72399,40.81683],[-72.72387,40.81665],[-72.72429,40.81623],[-72.72383,40.81565],[-72.7239,40.81543],[-72.72461,40.81531],[-72.72465,40.81496],[-72.72575,40.81465],[-72.72597,40.81436],[-72.72785,40.81454],[-72.72869,40.81514],[-72.72836,40.81767],[-72.72778,40.81943],[-72.72814,40.82121],[-72.72774,40.82334],[-72.7281,40.82381],[-72.72806,40.82451],[-72.72727,40.82525],[-72.72791,40.82523],[-72.72787,40.82552],[-72.72673,40.82552],[-72.72685,40.82649],[-72.7266,40.827],[-72.72671,40.82729],[-72.7263,40.82925],[-72.72647,40.8296],[-72.72606,40.83016],[-72.7258,40.83102],[-72.72607,40.83155],[-72.72587,40.83181],[-72.72533,40.832],[-72.72503,40.83247],[-72.72507,40.83281],[-72.72545,40.83228],[-72.72626,40.83192],[-72.7262,40.83126],[-72.72645,40.831],[-72.72693,40.83088],[-72.72712,40.83055],[-72.72656,40.83408],[-72.71364,40.87505],[-72.70101,40.91404],[-72.69851,40.91498],[-72.6979,40.91554],[-72.69739,40.91563],[-72.69594,40.91489],[-72.69273,40.91521],[-72.6919,40.91503],[-72.69091,40.91459],[-72.68994,40.91411],[-72.68967,40.91382],[-72.68866,40.91384],[-72.6881,40.91358],[-72.6869,40.91348],[-72.68608,40.91384],[-72.68538,40.91365],[-72.68487,40.9131],[-72.68415,40.9134],[-72.68428,40.91415],[-72.68412,40.91429],[-72.68304,40.91476],[-72.68234,40.91478],[-72.6812,40.91572],[-72.68108,40.91605],[-72.6806,40.91645],[-72.67771,40.91629],[-72.6772,40.91648],[-72.67694,40.91709],[-72.67676,40.91714],[-72.67504,40.91649],[-72.67335,40.91647],[-72.67271,40.91711],[-72.67222,40.91731],[-72.67071,40.91695],[-72.67028,40.91671],[-72.67018,40.91683],[-72.6703,40.91706],[-72.66963,40.91718],[-72.66773,40.91625],[-72.66722,40.91572],[-72.66398,40.91523],[-72.66554,40.91426],[-72.66621,40.91359],[-72.66636,40.91312],[-72.66518,40.9143],[-72.66387,40.915],[-72.66385,40.91538],[-72.66302,40.91574],[-72.66251,40.91562],[-72.66255,40.91541],[-72.66171,40.91522],[-72.66079,40.9154],[-72.66054,40.9157],[-72.66019,40.91578],[-72.65962,40.9154],[-72.65948,40.9158],[-72.65844,40.91578],[-72.65752,40.91634],[-72.65723,40.91608],[-72.65683,40.91625],[-72.65688,40.91643],[-72.65671,40.9165],[-72.65614,40.91618],[-72.65568,40.91638],[-72.65483,40.91646],[-72.65465,40.91655],[-72.65464,40.91695],[-72.65443,40.91697],[-72.65437,40.91676],[-72.65373,40.9163],[-72.65301,40.91594],[-72.6529,40.91557],[-72.65269,40.91574],[-72.65183,40.9158],[-72.65183,40.91598],[-72.65225,40.91631],[-72.65197,40.91661],[-72.65015,40.91636],[-72.65011,40.91622],[-72.64989,40.91637],[-72.64877,40.91624],[-72.64763,40.9163],[-72.64663,40.91649],[-72.64559,40.91698],[-72.64284,40.91736],[-72.64259,40.91718],[-72.64293,40.91679],[-72.64432,40.91661],[-72.64486,40.91626],[-72.64499,40.91555],[-72.64457,40.915],[-72.64508,40.91435],[-72.64427,40.91365],[-72.64419,40.91334],[-72.64465,40.91271],[-72.64548,40.91224],[-72.6449,40.91217],[-72.64451,40.91259],[-72.64388,40.9125],[-72.64366,40.91225],[-72.64366,40.9125],[-72.64433,40.91286],[-72.64302,40.91391],[-72.64258,40.91366],[-72.64257,40.91335],[-72.64199,40.91263],[-72.6418,40.91207],[-72.64135,40.91199],[-72.64124,40.91171],[-72.64083,40.91143],[-72.64116,40.91124],[-72.64087,40.91121],[-72.6411,40.91089],[-72.64137,40.91091],[-72.64085,40.91069],[-72.64075,40.91074],[-72.6409,40.91085],[-72.64058,40.911],[-72.64047,40.91127],[-72.64114,40.91211],[-72.64176,40.91238],[-72.64172,40.91266],[-72.64227,40.91332],[-72.6422,40.91379],[-72.64303,40.91429],[-72.64323,40.91428],[-72.64361,40.91388],[-72.64451,40.91427],[-72.64406,40.915],[-72.64446,40.91574],[-72.64416,40.91621],[-72.64168,40.91669],[-72.64112,40.91656],[-72.64008,40.91663],[-72.63995,40.91651],[-72.63925,40.91654],[-72.63951,40.91604],[-72.63879,40.91595],[-72.63711,40.91606],[-72.63652,40.91577],[-72.63493,40.91615],[-72.63454,40.91607],[-72.63373,40.91544],[-72.63212,40.9158],[-72.6314,40.91656],[-72.62986,40.91706],[-72.6292,40.91791],[-72.62773,40.91862],[-72.62664,40.91858],[-72.62496,40.91888],[-72.62452,40.91882],[-72.62454,40.91939],[-72.62185,40.91958],[-72.6203,40.91942],[-72.61672,40.92011],[-72.61359,40.91982],[-72.61257,40.92058],[-72.61182,40.92057],[-72.61174,40.91978],[-72.61399,40.91803],[-72.61634,40.91888],[-72.61779,40.91865],[-72.61905,40.91641],[-72.61773,40.91614],[-72.6173,40.91563],[-72.6176,40.91456],[-72.62038,40.91428],[-72.62033,40.91297],[-72.62256,40.91271],[-72.62397,40.91181],[-72.62623,40.91143],[-72.63007,40.90881],[-72.63059,40.90796],[-72.62994,40.90774],[-72.62871,40.90818],[-72.62772,40.90897],[-72.62619,40.90958],[-72.62512,40.91047],[-72.62407,40.9106],[-72.62301,40.91129],[-72.62142,40.91136],[-72.62106,40.91023],[-72.62011,40.90972],[-72.61864,40.91036],[-72.61713,40.90988],[-72.61681,40.90773],[-72.61811,40.90575],[-72.61776,40.90481],[-72.61673,40.90532],[-72.61534,40.90499],[-72.61475,40.90581],[-72.61353,40.90617],[-72.61088,40.9075],[-72.61072,40.90844],[-72.61137,40.90928],[-72.61023,40.90966],[-72.61013,40.91121],[-72.60973,40.91219],[-72.60758,40.91381],[-72.60102,40.91581],[-72.60018,40.91559],[-72.60054,40.91428],[-72.60163,40.91366],[-72.60181,40.91302],[-72.60087,40.91273],[-72.59977,40.91163],[-72.59971,40.91033],[-72.5991,40.90975],[-72.59889,40.9084],[-72.59808,40.90914],[-72.5977,40.91144],[-72.59809,40.91342],[-72.59912,40.91521],[-72.5986,40.91585],[-72.59714,40.91426],[-72.5967,40.91244],[-72.59565,40.91135],[-72.59544,40.90992],[-72.59455,40.90957],[-72.59355,40.90833],[-72.59228,40.90799],[-72.59281,40.90674],[-72.59149,40.90601],[-72.59122,40.90487],[-72.59027,40.90462],[-72.58926,40.90345],[-72.58855,40.90409],[-72.58848,40.90706],[-72.5898,40.90872],[-72.58971,40.90998],[-72.58818,40.9102],[-72.58613,40.90967],[-72.58455,40.91054],[-72.58236,40.91022],[-72.58174,40.90949],[-72.58271,40.90829],[-72.5828,40.9073],[-72.58143,40.90715],[-72.58097,40.90648],[-72.58191,40.90532],[-72.58176,40.90442],[-72.58268,40.90298],[-72.58165,40.901],[-72.5808,40.90009],[-72.57937,40.90058],[-72.57914,40.90112],[-72.5804,40.90126],[-72.58091,40.90282],[-72.57952,40.90518],[-72.57773,40.90621],[-72.5775,40.9078],[-72.57653,40.90783],[-72.57447,40.90743],[-72.57289,40.90629],[-72.57139,40.9063],[-72.57072,40.90499],[-72.56829,40.90485],[-72.56745,40.90227],[-72.56621,40.90022],[-72.56519,40.89703],[-72.56386,40.89655],[-72.56302,40.89861],[-72.56394,40.89981],[-72.56554,40.90306],[-72.56717,40.90428],[-72.56618,40.90568],[-72.5678,40.90646],[-72.57013,40.90571],[-72.57014,40.90651],[-72.56818,40.90732],[-72.56636,40.90923],[-72.56316,40.91413],[-72.56406,40.91547],[-72.56535,40.91656],[-72.56512,40.91709],[-72.56408,40.91692],[-72.56256,40.91574],[-72.5595,40.91442],[-72.55573,40.91402],[-72.55361,40.91404],[-72.55296,40.91326],[-72.55326,40.91194],[-72.55478,40.91215],[-72.55664,40.91142],[-72.55624,40.91094],[-72.5555,40.91121],[-72.55441,40.91063],[-72.55307,40.91042],[-72.5514,40.90904],[-72.55029,40.909],[-72.54947,40.91002],[-72.54977,40.91154],[-72.55127,40.91233],[-72.55174,40.91322],[-72.55133,40.91425],[-72.54936,40.9141],[-72.54678,40.91276],[-72.54203,40.91109],[-72.53923,40.91047],[-72.53715,40.90973],[-72.52761,40.905],[-72.52518,40.90359],[-72.52341,40.90202],[-72.52112,40.90075],[-72.51738,40.89938],[-72.5147,40.8989],[-72.51189,40.89774],[-72.51005,40.89726],[-72.50868,40.89668],[-72.50636,40.89613],[-72.5038,40.89611],[-72.50261,40.89575],[-72.50261,40.89371],[-72.50208,40.89204],[-72.50118,40.88794],[-72.50226,40.88304],[-72.50107,40.88216],[-72.50066,40.87776],[-72.49979,40.87629],[-72.49858,40.87509],[-72.49681,40.87396],[-72.49446,40.87338],[-72.49306,40.87228],[-72.49085,40.87203],[-72.49067,40.87325],[-72.48974,40.87317],[-72.48976,40.86923],[-72.49088,40.86654],[-72.49228,40.86432],[-72.49553,40.86195],[-72.49735,40.86028],[-72.49972,40.85669],[-72.50029,40.85457],[-72.50093,40.85359],[-72.50179,40.85156],[-72.50119,40.85006],[-72.50189,40.84886],[-72.49988,40.8449],[-72.50246,40.84462],[-72.50482,40.8478],[-72.50672,40.84944],[-72.50876,40.84948],[-72.51106,40.85049],[-72.51049,40.85201],[-72.50869,40.85341],[-72.50885,40.85463],[-72.50969,40.8548],[-72.5105,40.85338],[-72.51184,40.85188],[-72.51246,40.85061],[-72.5133,40.85034],[-72.51475,40.85101],[-72.51479,40.85264],[-72.51573,40.8535],[-72.51655,40.85265],[-72.51633,40.85121],[-72.51889,40.85083],[-72.5203,40.85155],[-72.52054,40.85279],[-72.52179,40.85293],[-72.52267,40.85378],[-72.52355,40.85671],[-72.52441,40.8585],[-72.52505,40.85885],[-72.52531,40.85788],[-72.52464,40.8555],[-72.52425,40.85303],[-72.52462,40.85085],[-72.52363,40.85117],[-72.52351,40.84983],[-72.52236,40.84705],[-72.52028,40.8473],[-72.51886,40.84684],[-72.51835,40.84524],[-72.51999,40.84548],[-72.52498,40.847],[-72.52794,40.84728],[-72.53332,40.8491],[-72.53538,40.85062],[-72.53279,40.85156],[-72.53197,40.85291],[-72.52944,40.85393],[-72.52843,40.85481],[-72.52817,40.85586],[-72.52883,40.85828],[-72.52976,40.85953],[-72.53178,40.86117],[-72.53369,40.86175],[-72.53527,40.863],[-72.53622,40.86491],[-72.53787,40.86578],[-72.53958,40.86786],[-72.54119,40.86786],[-72.54256,40.86748],[-72.54108,40.86583],[-72.54047,40.86393],[-72.54084,40.86223],[-72.54082,40.8593],[-72.54172,40.85689],[-72.54314,40.85535],[-72.54548,40.85356],[-72.5497,40.84833],[-72.55206,40.84884],[-72.554,40.85019],[-72.55424,40.84956],[-72.55334,40.84862],[-72.5515,40.84801],[-72.5499,40.84722],[-72.54957,40.8386],[-72.5501,40.83791],[-72.55206,40.83854],[-72.55617,40.83858],[-72.55819,40.83842],[-72.56121,40.83864],[-72.56701,40.84064],[-72.5681,40.84146],[-72.56775,40.84283],[-72.56925,40.84515],[-72.57119,40.84566],[-72.57149,40.84655],[-72.57203,40.84694],[-72.57259,40.84593],[-72.57467,40.84666],[-72.57571,40.84659],[-72.57574,40.84595],[-72.57188,40.8446],[-72.57155,40.84346],[-72.5708,40.84257],[-72.57081,40.84052],[-72.57001,40.83957],[-72.57109,40.83843],[-72.57161,40.83724],[-72.57357,40.83554],[-72.57506,40.83661],[-72.57692,40.83614],[-72.57668,40.83545],[-72.57541,40.83521],[-72.57293,40.83408],[-72.57269,40.83249],[-72.57313,40.8297],[-72.57795,40.83104],[-72.57937,40.83248],[-72.58137,40.83277],[-72.58397,40.83416],[-72.58929,40.83759],[-72.59032,40.83747],[-72.58731,40.83483],[-72.58633,40.83443],[-72.58369,40.83271],[-72.58203,40.83139],[-72.58214,40.83054],[-72.58638,40.83029],[-72.58752,40.82991],[-72.58717,40.82926],[-72.58307,40.82933],[-72.57917,40.82828],[-72.57917,40.8256],[-72.5802,40.82485],[-72.58213,40.82491],[-72.58315,40.824],[-72.58291,40.82349],[-72.58145,40.8239],[-72.58053,40.82308],[-72.5791,40.82288],[-72.57867,40.82141],[-72.57954,40.82075],[-72.57968,40.81979],[-72.58109,40.8194],[-72.58284,40.82041],[-72.58486,40.81993],[-72.58708,40.82054],[-72.58969,40.82064],[-72.59103,40.82042],[-72.59078,40.81989],[-72.59003,40.8197],[-72.58876,40.81853],[-72.58669,40.81775],[-72.58619,40.81713],[-72.58393,40.816],[-72.58364,40.81488],[-72.58512,40.81315],[-72.58881,40.81358],[-72.58924,40.81292],[-72.59169,40.8118],[-72.59598,40.80907],[-72.59829,40.80912],[-72.5988,40.81053],[-72.60007,40.81155],[-72.60055,40.81133],[-72.60026,40.80904],[-72.60081,40.8082],[-72.60546,40.8069],[-72.60787,40.80689],[-72.60925,40.80815],[-72.61027,40.80837],[-72.61244,40.80995],[-72.61348,40.80968],[-72.61375,40.80789],[-72.61485,40.80761],[-72.61538,40.80874],[-72.61499,40.81119],[-72.6161,40.81166],[-72.61777,40.81097],[-72.61871,40.81122],[-72.61857,40.8121],[-72.61892,40.81289],[-72.61809,40.81392],[-72.61949,40.81586],[-72.61916,40.81708],[-72.61759,40.81923],[-72.6163,40.82038],[-72.61666,40.82191],[-72.61552,40.82386],[-72.61588,40.82525],[-72.6155,40.8272],[-72.6161,40.82854],[-72.61575,40.83],[-72.61597,40.83083],[-72.6168,40.83028],[-72.61744,40.82907],[-72.61705,40.82826],[-72.61738,40.82744],[-72.61781,40.82176],[-72.61903,40.82048],[-72.6217,40.81985],[-72.62253,40.8168],[-72.62453,40.81678]]],[[[-72.68079,40.78583],[-72.68002,40.78587],[-72.67829,40.78629],[-72.67783,40.78677],[-72.67724,40.78705],[-72.67697,40.7867],[-72.67657,40.7867],[-72.6757,40.78732],[-72.67533,40.78732],[-72.67453,40.78769],[-72.67455,40.7878],[-72.67396,40.78789],[-72.67548,40.78819],[-72.67623,40.78798],[-72.67647,40.78825],[-72.67607,40.78868],[-72.67469,40.78935],[-72.67339,40.79024],[-72.67342,40.78989],[-72.67279,40.78993],[-72.67289,40.78941],[-72.67222,40.78886],[-72.67157,40.78893],[-72.67005,40.78861],[-72.6698,40.78969],[-72.67035,40.79013],[-72.67143,40.79033],[-72.67257,40.79013],[-72.67249,40.79048],[-72.67188,40.79089],[-72.67038,40.79094],[-72.66943,40.79078],[-72.66873,40.7904],[-72.66823,40.78984],[-72.66772,40.78956],[-72.66717,40.78958],[-72.66629,40.78992],[-72.66523,40.78997],[-72.66469,40.7905],[-72.6645,40.79135],[-72.66487,40.79181],[-72.665,40.79292],[-72.6647,40.79342],[-72.66437,40.79328],[-72.66302,40.79155],[-72.66253,40.79127],[-72.66254,40.79096],[-72.66173,40.79153],[-72.66122,40.7917],[-72.66021,40.79283],[-72.65948,40.7932],[-72.65918,40.79287],[-72.65892,40.79309],[-72.65864,40.7931],[-72.65792,40.79266],[-72.65744,40.79264],[-72.6574,40.79241],[-72.6569,40.79257],[-72.65601,40.79238],[-72.65274,40.79349],[-72.65097,40.7937],[-72.65061,40.79433],[-72.65032,40.79441],[-72.65025,40.79466],[-72.64978,40.79447],[-72.64912,40.79455],[-72.64854,40.79472],[-72.64799,40.79514],[-72.64663,40.79518],[-72.64509,40.79604],[-72.64391,40.79623],[-72.64283,40.79584],[-72.64287,40.79642],[-72.6423,40.79629],[-72.6421,40.79666],[-72.64149,40.79686],[-72.63749,40.79721],[-72.63723,40.79745],[-72.6368,40.79739],[-72.63596,40.79776],[-72.63527,40.79771],[-72.63461,40.798],[-72.63315,40.79823],[-72.63305,40.79843],[-72.63165,40.79925],[-72.63015,40.79973],[-72.6296,40.79975],[-72.62943,40.7996],[-72.6247,40.80226],[-72.62454,40.80228],[-72.62453,40.80062],[-72.62339,40.8012],[-72.62232,40.8013],[-72.61652,40.80289],[-72.61331,40.80477],[-72.6114,40.80557],[-72.60563,40.80564],[-72.60044,40.80664],[-72.59171,40.80946],[-72.58642,40.8119],[-72.58481,40.81213],[-72.58251,40.81425],[-72.58006,40.81582],[-72.57862,40.81827],[-72.57665,40.81805],[-72.57537,40.8188],[-72.57221,40.81843],[-72.57106,40.82114],[-72.56922,40.82164],[-72.5669,40.82042],[-72.56447,40.82184],[-72.56351,40.8216],[-72.56235,40.81941],[-72.56113,40.81965],[-72.55981,40.81911],[-72.55919,40.81983],[-72.56146,40.82213],[-72.56021,40.82448],[-72.55933,40.82388],[-72.55842,40.82244],[-72.55709,40.82171],[-72.55652,40.81988],[-72.55527,40.81999],[-72.55521,40.82114],[-72.55419,40.8218],[-72.55592,40.82288],[-72.55562,40.82333],[-72.55427,40.82331],[-72.55325,40.82385],[-72.55232,40.82323],[-72.55144,40.82347],[-72.55081,40.82512],[-72.55011,40.82472],[-72.54992,40.82277],[-72.54921,40.82237],[-72.54797,40.82435],[-72.54658,40.82448],[-72.54549,40.82345],[-72.54175,40.82405],[-72.54086,40.82491],[-72.5395,40.82497],[-72.53886,40.82559],[-72.53719,40.82592],[-72.53607,40.8255],[-72.53361,40.8259],[-72.53178,40.82671],[-72.53134,40.82806],[-72.52809,40.829],[-72.52648,40.82817],[-72.52566,40.82876],[-72.52595,40.8304],[-72.52523,40.8316],[-72.52337,40.83235],[-72.52171,40.83194],[-72.52063,40.83087],[-72.52195,40.82965],[-72.52126,40.82923],[-72.51546,40.83252],[-72.51416,40.8329],[-72.51047,40.83279],[-72.50774,40.83545],[-72.50653,40.83598],[-72.50444,40.8359],[-72.50064,40.83646],[-72.49885,40.83736],[-72.49869,40.84011],[-72.49786,40.84067],[-72.4967,40.84062],[-72.49486,40.83944],[-72.49375,40.83974],[-72.49228,40.84062],[-72.4903,40.84064],[-72.48861,40.84003],[-72.48629,40.84077],[-72.48428,40.84077],[-72.48149,40.84193],[-72.47961,40.84249],[-72.47766,40.84229],[-72.47687,40.84079],[-72.47717,40.83916],[-72.48004,40.83891],[-72.48125,40.83815],[-72.48547,40.83672],[-72.48957,40.83625],[-72.49751,40.83435],[-72.50234,40.83229],[-72.51722,40.82797],[-72.5197,40.82699],[-72.52561,40.82545],[-72.53655,40.82211],[-72.54158,40.82095],[-72.54528,40.8203],[-72.55334,40.81762],[-72.55806,40.8163],[-72.56274,40.8146],[-72.57108,40.81261],[-72.57367,40.8118],[-72.57757,40.81098],[-72.57996,40.81011],[-72.59426,40.80612],[-72.59844,40.80481],[-72.60345,40.80401],[-72.61465,40.80065],[-72.61757,40.7996],[-72.62452,40.7981],[-72.62453,40.79912],[-72.62767,40.7985],[-72.63361,40.79665],[-72.63907,40.79517],[-72.64245,40.79446],[-72.64549,40.79351],[-72.65057,40.79241],[-72.66259,40.78878],[-72.67262,40.78646],[-72.67524,40.7854],[-72.67908,40.78425],[-72.6844,40.78316],[-72.69551,40.77978],[-72.70504,40.77758],[-72.70723,40.77683],[-72.71041,40.77603],[-72.71116,40.77569],[-72.71765,40.77412],[-72.72566,40.77178],[-72.7281,40.77134],[-72.72812,40.77471],[-72.72761,40.77531],[-72.72706,40.77544],[-72.72721,40.77593],[-72.72709,40.77642],[-72.72623,40.77655],[-72.72556,40.7759],[-72.72614,40.7759],[-72.72587,40.77564],[-72.72436,40.77565],[-72.72276,40.77495],[-72.72186,40.77489],[-72.72037,40.77581],[-72.72013,40.77567],[-72.72009,40.77587],[-72.71796,40.77723],[-72.7175,40.77701],[-72.7174,40.77739],[-72.71632,40.77781],[-72.71449,40.77803],[-72.71417,40.77829],[-72.71379,40.77803],[-72.71377,40.77826],[-72.71396,40.77831],[-72.71361,40.7785],[-72.71332,40.7783],[-72.71225,40.77813],[-72.71156,40.77757],[-72.71037,40.77755],[-72.70927,40.77805],[-72.70804,40.77821],[-72.70737,40.77922],[-72.70641,40.77955],[-72.70471,40.77944],[-72.70318,40.77977],[-72.70226,40.78039],[-72.70168,40.78053],[-72.70035,40.78031],[-72.6996,40.78049],[-72.69839,40.78115],[-72.69745,40.78122],[-72.69665,40.78196],[-72.69425,40.78215],[-72.69379,40.78258],[-72.69263,40.78268],[-72.69145,40.78314],[-72.6901,40.78311],[-72.6889,40.7845],[-72.68723,40.78499],[-72.68721,40.78517],[-72.68687,40.78538],[-72.68685,40.78564],[-72.68637,40.78584],[-72.68633,40.78598],[-72.68661,40.78613],[-72.68652,40.78655],[-72.68672,40.78692],[-72.68657,40.7872],[-72.68586,40.78747],[-72.68526,40.78813],[-72.68451,40.78805],[-72.68333,40.78852],[-72.6828,40.78751],[-72.68142,40.78644],[-72.68098,40.78588],[-72.68079,40.78583]]],[[[-72.63756,40.79885],[-72.63805,40.79912],[-72.63801,40.79974],[-72.63777,40.8001],[-72.63709,40.80026],[-72.63661,40.80018],[-72.63619,40.79937],[-72.63555,40.79889],[-72.63558,40.79867],[-72.63733,40.79895],[-72.63756,40.79885]]],[[[-72.62618,40.8029],[-72.62623,40.8034],[-72.62586,40.80372],[-72.62545,40.80382],[-72.62507,40.80322],[-72.62502,40.80305],[-72.62518,40.80296],[-72.62538,40.80309],[-72.62576,40.80267],[-72.62554,40.80232],[-72.62591,40.80219],[-72.62601,40.80254],[-72.62618,40.8029]]],[[[-72.63567,40.81455],[-72.63564,40.81532],[-72.63541,40.81531],[-72.63521,40.81475],[-72.63554,40.81449],[-72.63567,40.81455]]],[[[-72.49997,40.88393],[-72.49996,40.8877],[-72.49868,40.88784],[-72.49965,40.88878],[-72.50022,40.89157],[-72.49899,40.89277],[-72.50058,40.89353],[-72.50042,40.89468],[-72.4947,40.89465],[-72.48805,40.89553],[-72.47896,40.89783],[-72.4775,40.89802],[-72.47623,40.89845],[-72.47405,40.89887],[-72.47109,40.90035],[-72.46887,40.90198],[-72.46761,40.90254],[-72.46358,40.9056],[-72.4519,40.91656],[-72.45064,40.91697],[-72.44945,40.91663],[-72.44841,40.91547],[-72.4468,40.91547],[-72.4459,40.91401],[-72.44657,40.9123],[-72.44613,40.91004],[-72.44472,40.90877],[-72.44312,40.90524],[-72.44219,40.90472],[-72.44168,40.90519],[-72.44239,40.90654],[-72.44225,40.90783],[-72.44069,40.90964],[-72.44101,40.91096],[-72.43946,40.91166],[-72.43861,40.9133],[-72.43729,40.91445],[-72.43391,40.91464],[-72.43268,40.91541],[-72.43425,40.91599],[-72.43738,40.916],[-72.43985,40.9169],[-72.44025,40.9182],[-72.44199,40.91891],[-72.44426,40.92076],[-72.44474,40.92206],[-72.44371,40.92228],[-72.4408,40.92193],[-72.43994,40.92231],[-72.43883,40.92383],[-72.43709,40.92441],[-72.43495,40.92404],[-72.43322,40.92166],[-72.43128,40.92152],[-72.43241,40.92388],[-72.4321,40.92554],[-72.43259,40.92638],[-72.43253,40.92743],[-72.43374,40.92751],[-72.43424,40.92622],[-72.4354,40.92608],[-72.43621,40.92682],[-72.43595,40.92729],[-72.43422,40.92801],[-72.43253,40.92901],[-72.43061,40.92969],[-72.42919,40.92937],[-72.42869,40.93067],[-72.4281,40.93132],[-72.42854,40.93237],[-72.42919,40.93239],[-72.42972,40.93131],[-72.43097,40.93139],[-72.43131,40.93047],[-72.43463,40.92865],[-72.43631,40.92804],[-72.43857,40.92647],[-72.43993,40.92511],[-72.44103,40.92516],[-72.44274,40.92639],[-72.44338,40.9262],[-72.44375,40.92546],[-72.4466,40.9245],[-72.44679,40.92353],[-72.44783,40.92357],[-72.44816,40.92462],[-72.44741,40.92636],[-72.44703,40.92836],[-72.4461,40.93033],[-72.44473,40.93712],[-72.44328,40.94148],[-72.44244,40.94473],[-72.44153,40.94604],[-72.43885,40.94724],[-72.4339,40.94809],[-72.43033,40.94812],[-72.42704,40.94757],[-72.41585,40.9481],[-72.4158,40.94591],[-72.41749,40.94582],[-72.41759,40.94517],[-72.41698,40.94458],[-72.4177,40.94287],[-72.41602,40.94244],[-72.41611,40.94184],[-72.41839,40.94132],[-72.41851,40.93904],[-72.41765,40.93746],[-72.41615,40.93764],[-72.41499,40.93591],[-72.41344,40.93514],[-72.41122,40.93536],[-72.41062,40.9363],[-72.41175,40.93739],[-72.41083,40.93811],[-72.40891,40.93818],[-72.40783,40.94017],[-72.40783,40.94167],[-72.40884,40.94216],[-72.41116,40.94219],[-72.413,40.94297],[-72.41458,40.94423],[-72.41425,40.94592],[-72.4146,40.9473],[-72.41316,40.94775],[-72.40887,40.94804],[-72.40378,40.95128],[-72.40097,40.95327],[-72.40059,40.95455],[-72.40063,40.95716],[-72.39937,40.95713],[-72.39828,40.95648],[-72.39916,40.95407],[-72.39895,40.95299],[-72.39763,40.95297],[-72.39638,40.95339],[-72.39432,40.95341],[-72.394,40.95478],[-72.39509,40.95497],[-72.39623,40.95554],[-72.39744,40.95568],[-72.39736,40.95718],[-72.39931,40.95847],[-72.39608,40.96066],[-72.39214,40.9651],[-72.38898,40.96788],[-72.38076,40.97899],[-72.37882,40.98226],[-72.37445,40.9877],[-72.37055,40.99533],[-72.36987,40.99818],[-72.37074,41.00023],[-72.37102,41.00419],[-72.37223,41.0095],[-72.37414,41.01274],[-72.37698,41.01836],[-72.37659,41.01942],[-72.37531,41.01866],[-72.37172,41.01252],[-72.37007,41.0095],[-72.36735,41.00322],[-72.36661,41.00019],[-72.36587,40.99977],[-72.36595,40.99651],[-72.36758,40.99622],[-72.36741,40.99977],[-72.36895,41.00248],[-72.36942,41.00119],[-72.36872,40.99926],[-72.36964,40.99398],[-72.36755,40.99318],[-72.36602,40.98949],[-72.36371,40.99086],[-72.36215,40.99041],[-72.36154,40.99132],[-72.3617,40.99331],[-72.36046,40.99332],[-72.35871,40.99284],[-72.35888,40.99349],[-72.36,40.99403],[-72.35983,40.99561],[-72.36038,40.99573],[-72.36195,40.99394],[-72.36356,40.99371],[-72.36687,40.99418],[-72.367,40.99491],[-72.36496,40.99518],[-72.36312,40.99642],[-72.36069,40.99656],[-72.35912,40.99701],[-72.35759,40.99678],[-72.35405,40.99704],[-72.35157,40.99773],[-72.3493,40.99766],[-72.34971,40.99633],[-72.34858,40.99416],[-72.3449,40.99512],[-72.34503,40.99995],[-72.3464,41.00023],[-72.34695,41.00014],[-72.3474,40.99704],[-72.34682,40.99581],[-72.34811,40.99575],[-72.34845,41.0001],[-72.34763,41.00131],[-72.34602,41.00175],[-72.34364,41.00098],[-72.34225,41.00022],[-72.341,41.00003],[-72.33652,40.99808],[-72.33538,40.99653],[-72.333,40.9953],[-72.33124,40.99506],[-72.32872,40.9957],[-72.32472,40.99738],[-72.32196,40.99943],[-72.32112,41.00158],[-72.31904,41.00347],[-72.31768,41.0054],[-72.31683,41.00815],[-72.31716,41.01025],[-72.32154,41.01487],[-72.32303,41.01712],[-72.32383,41.019],[-72.32642,41.0219],[-72.32931,41.02396],[-72.33076,41.0262],[-72.33142,41.0283],[-72.33294,41.03052],[-72.3327,41.03302],[-72.33115,41.03434],[-72.32595,41.03646],[-72.32243,41.03714],[-72.31943,41.03734],[-72.31614,41.03857],[-72.31317,41.04026],[-72.31071,41.03973],[-72.30865,41.03835],[-72.30686,41.03602],[-72.30595,41.03435],[-72.30528,41.03013],[-72.30381,41.02554],[-72.30215,41.02284],[-72.29962,41.02005],[-72.29729,41.01832],[-72.29719,41.01285],[-72.29788,41.01145],[-72.29997,41.00945],[-72.29864,41.00437],[-72.29961,41.00268],[-72.30108,41.00252],[-72.30246,41.00522],[-72.30679,41.00634],[-72.31372,41.0069],[-72.31467,41.0063],[-72.31414,41.00549],[-72.31225,41.00437],[-72.31061,41.00517],[-72.30926,41.00433],[-72.30964,41.00351],[-72.31159,41.00325],[-72.31137,41.00248],[-72.30979,41.00146],[-72.3099,41.00066],[-72.31487,41.00002],[-72.31616,41.00113],[-72.31868,40.99981],[-72.32029,40.99744],[-72.32408,40.99504],[-72.32827,40.99388],[-72.32786,40.99244],[-72.32608,40.99042],[-72.32503,40.99034],[-72.32535,40.99342],[-72.31991,40.9951],[-72.31915,40.994],[-72.31748,40.99421],[-72.3158,40.99317],[-72.31396,40.99245],[-72.31144,40.99085],[-72.30833,40.98982],[-72.30954,40.99079],[-72.31057,40.9925],[-72.30964,40.99271],[-72.30831,40.99135],[-72.30703,40.99124],[-72.30526,40.99203],[-72.30561,40.99269],[-72.30757,40.99306],[-72.30762,40.99398],[-72.30492,40.99417],[-72.3029,40.99289],[-72.30105,40.99301],[-72.30015,40.99415],[-72.30077,40.99544],[-72.30301,40.99721],[-72.30467,40.99792],[-72.30562,40.99758],[-72.30685,40.99608],[-72.31028,40.99574],[-72.3114,40.99515],[-72.3109,40.99409],[-72.31152,40.99365],[-72.31315,40.994],[-72.31344,40.9952],[-72.31253,40.99692],[-72.31347,40.99902],[-72.31283,40.99967],[-72.30808,40.9984],[-72.30568,40.99863],[-72.30526,40.99935],[-72.30595,41.00004],[-72.30414,41.00085],[-72.30252,41.00102],[-72.30017,41.00012],[-72.2989,41.00062],[-72.29628,41.00255],[-72.29337,41.00251],[-72.29202,41.00181],[-72.28777,41.00178],[-72.28483,41.0008],[-72.27602,41.00065],[-72.27136,41.00166],[-72.26892,41.00303],[-72.26616,41.00641],[-72.26424,41.01124],[-72.26263,41.01254],[-72.26055,41.01308],[-72.25104,41.01231],[-72.24865,41.01168],[-72.24874,41.01089],[-72.24989,41.01057],[-72.25256,41.01127],[-72.25364,41.01036],[-72.255,41.00766],[-72.25502,41.00525],[-72.25599,41.00362],[-72.25591,41.00119],[-72.25491,40.9998],[-72.25505,40.99822],[-72.25404,40.99754],[-72.25417,40.99692],[-72.2556,40.99705],[-72.2565,40.99663],[-72.25615,40.99547],[-72.25677,40.99451],[-72.25562,40.99358],[-72.25477,40.99381],[-72.2547,40.99523],[-72.25339,40.99603],[-72.2517,40.9964],[-72.25152,40.99783],[-72.25273,40.99898],[-72.25188,40.9997],[-72.25364,41.00054],[-72.2532,41.00204],[-72.25191,41.00253],[-72.25037,41.00267],[-72.25031,41.0036],[-72.25088,41.00519],[-72.24949,41.00696],[-72.24924,41.00868],[-72.24719,41.0102],[-72.24631,41.01388],[-72.24459,41.01626],[-72.24277,41.01821],[-72.2418,41.01998],[-72.24212,41.02253],[-72.24294,41.02576],[-72.24219,41.02841],[-72.23993,41.03199],[-72.23939,41.03466],[-72.24097,41.038],[-72.24176,41.04103],[-72.2435,41.04239],[-72.24624,41.04241],[-72.24861,41.04163],[-72.25169,41.04004],[-72.25815,41.03908],[-72.25998,41.03931],[-72.26145,41.03996],[-72.26098,41.04084],[-72.25888,41.04156],[-72.25337,41.04173],[-72.25082,41.04225],[-72.2484,41.04315],[-72.24522,41.04388],[-72.241,41.04429],[-72.23007,41.04416],[-72.22623,41.04293],[-72.22162,41.04114],[-72.2153,41.03921],[-72.21101,41.03626],[-72.20761,41.03462],[-72.20262,41.03317],[-72.19306,41.03199],[-72.1903,41.03236],[-72.18762,41.0331],[-72.18393,41.03055],[-72.18283,41.02934],[-72.18249,41.02784],[-72.18324,41.02655],[-72.18477,41.02574],[-72.18625,41.02605],[-72.18842,41.02785],[-72.19142,41.02883],[-72.19619,41.02958],[-72.19929,41.02931],[-72.20083,41.02999],[-72.20308,41.02992],[-72.20367,41.02895],[-72.20361,41.02612],[-72.20241,41.02301],[-72.20094,41.02092],[-72.20126,41.01716],[-72.19564,41.01499],[-72.19485,41.01405],[-72.19448,41.01172],[-72.19319,41.00998],[-72.19089,41.00811],[-72.19093,41.00555],[-72.18884,41.00462],[-72.18627,41.00448],[-72.18473,41.00359],[-72.18461,41.00256],[-72.18627,41.00016],[-72.18521,40.99809],[-72.18393,40.99832],[-72.18296,40.99773],[-72.18257,40.9985],[-72.18338,41.00049],[-72.18147,41.00313],[-72.1817,41.00498],[-72.1848,41.00738],[-72.18273,41.00923],[-72.18047,41.01507],[-72.18007,41.0194],[-72.18064,41.02247],[-72.18039,41.02428],[-72.17971,41.02551],[-72.18009,41.02745],[-72.17907,41.02913],[-72.18003,41.03083],[-72.18007,41.03264],[-72.18104,41.03338],[-72.18225,41.03303],[-72.1829,41.03214],[-72.184,41.03219],[-72.18587,41.03333],[-72.18112,41.03617],[-72.17804,41.03949],[-72.17662,41.04222],[-72.17504,41.04419],[-72.17434,41.04568],[-72.16886,41.04914],[-72.16208,41.05269],[-72.15935,41.05319],[-72.15754,41.05283],[-72.15304,41.05115],[-72.14841,41.04741],[-72.14343,41.04423],[-72.13964,41.0427],[-72.1363,41.04057],[-72.13391,41.03739],[-72.13338,41.03383],[-72.13371,41.03072],[-72.13472,41.02824],[-72.13494,41.02512],[-72.1345,41.02158],[-72.13544,41.02097],[-72.136,41.02144],[-72.13665,41.02346],[-72.13874,41.02598],[-72.13887,41.02827],[-72.1383,41.03198],[-72.13651,41.03421],[-72.13683,41.03597],[-72.13901,41.03791],[-72.14024,41.04031],[-72.14145,41.0411],[-72.14206,41.04079],[-72.14211,41.03828],[-72.14251,41.03659],[-72.14032,41.03529],[-72.13994,41.03313],[-72.14089,41.03166],[-72.14093,41.03089],[-72.14202,41.02967],[-72.14295,41.02797],[-72.14403,41.0272],[-72.14708,41.02656],[-72.1469,41.02573],[-72.14353,41.02586],[-72.14254,41.02525],[-72.1425,41.02383],[-72.14328,41.02256],[-72.14455,41.02189],[-72.14653,41.02287],[-72.14872,41.02283],[-72.15011,41.02213],[-72.15236,41.02225],[-72.15344,41.02163],[-72.15311,41.02096],[-72.15211,41.02076],[-72.14932,41.02133],[-72.145,41.02011],[-72.14566,41.01838],[-72.14405,41.01838],[-72.1416,41.02032],[-72.13992,41.0184],[-72.13752,41.01822],[-72.13717,41.01701],[-72.13514,41.0169],[-72.13607,41.01501],[-72.13517,41.01404],[-72.13416,41.01445],[-72.13329,41.01581],[-72.13383,41.0174],[-72.13639,41.01852],[-72.13605,41.01929],[-72.13337,41.01992],[-72.13066,41.01922],[-72.12797,41.01714],[-72.1258,41.01418],[-72.12352,41.01023],[-72.12149,41.00768],[-72.1187,41.00253],[-72.11681,41.00012],[-72.11576,40.99984],[-72.11002,40.99596],[-72.10925,40.99482],[-72.10582,40.99279],[-72.10288,40.99155],[-72.09735,40.99042],[-72.09286,40.9914],[-72.08871,40.99291],[-72.08267,40.99662],[-72.08267,40.99887],[-72.08034,40.99917],[-72.08081,41.00015],[-72.08016,41.00217],[-72.0801,41.00502],[-72.07854,41.00741],[-72.0763,41.00875],[-72.07152,41.00992],[-72.06333,41.01073],[-72.06266,41.01166],[-72.06178,41.0163],[-72.05902,41.01911],[-72.05726,41.01785],[-72.05532,41.01834],[-72.05389,41.01812],[-72.05448,41.01711],[-72.05758,41.01685],[-72.05885,41.01591],[-72.0611,41.01192],[-72.06033,41.01115],[-72.05919,41.01161],[-72.0578,41.01282],[-72.05656,41.01317],[-72.05559,41.01279],[-72.05561,41.01185],[-72.05722,41.01053],[-72.05771,41.0077],[-72.05731,41.00505],[-72.05821,41.00332],[-72.06063,41.00178],[-72.06107,41.00095],[-72.06108,40.99991],[-72.06063,40.99984],[-72.06051,40.99898],[-72.05904,40.99855],[-72.05777,40.99747],[-72.05588,40.99762],[-72.05128,40.99919],[-72.04715,40.99923],[-72.04702,41.00013],[-72.03798,41.00291],[-72.03633,41.0044],[-72.03576,41.00639],[-72.03678,41.0092],[-72.04075,41.0134],[-72.04424,41.01604],[-72.04903,41.01865],[-72.05125,41.02045],[-72.05305,41.02039],[-72.05432,41.01916],[-72.0556,41.01932],[-72.05575,41.02054],[-72.05494,41.02148],[-72.04945,41.02327],[-72.04736,41.02336],[-72.04359,41.02154],[-72.04178,41.02137],[-72.03991,41.02086],[-72.03527,41.02038],[-72.02813,41.02045],[-72.02308,41.0211],[-72.01881,41.02298],[-72.01663,41.02474],[-72.01277,41.02943],[-72.00943,41.03178],[-72.00544,41.03563],[-72.00268,41.03753],[-71.99977,41.0391],[-71.99961,41.0406],[-71.99738,41.04218],[-71.99242,41.04756],[-71.99058,41.04816],[-71.98426,41.04885],[-71.98232,41.04848],[-71.98108,41.04737],[-71.98048,41.04505],[-71.97877,41.04316],[-71.97601,41.04191],[-71.9708,41.04123],[-71.96704,41.04146],[-71.96405,41.04239],[-71.95991,41.04445],[-71.95754,41.04679],[-71.95662,41.0497],[-71.95775,41.0568],[-71.95881,41.06],[-71.9607,41.06308],[-71.96096,41.06416],[-71.95998,41.06931],[-71.95927,41.07071],[-71.95583,41.07279],[-71.95075,41.07347],[-71.94566,41.07448],[-71.94174,41.0758],[-71.93928,41.07632],[-71.93838,41.07526],[-71.93863,41.07418],[-71.94047,41.07297],[-71.94049,41.07202],[-71.93915,41.07071],[-71.93806,41.0677],[-71.93592,41.06647],[-71.93308,41.06026],[-71.93194,41.05843],[-71.93033,41.05812],[-71.92834,41.05705],[-71.92756,41.05558],[-71.92777,41.05299],[-71.92649,41.05199],[-71.92159,41.05169],[-71.91717,41.04928],[-71.9146,41.04821],[-71.91214,41.04827],[-71.90963,41.04986],[-71.90774,41.05233],[-71.90796,41.05881],[-71.90874,41.06024],[-71.91202,41.06149],[-71.91387,41.06287],[-71.91543,41.06622],[-71.91771,41.06896],[-71.9197,41.07049],[-71.92558,41.07139],[-71.93468,41.07476],[-71.93679,41.07581],[-71.93722,41.07701],[-71.93561,41.07782],[-71.92333,41.07927],[-71.91877,41.08002],[-71.91195,41.08251],[-71.90449,41.08492],[-71.90225,41.08492],[-71.90045,41.08371],[-71.89815,41.07982],[-71.89411,41.07654],[-71.89062,41.07546],[-71.88697,41.07536],[-71.88036,41.0763],[-71.87792,41.07595],[-71.87605,41.07524],[-71.87231,41.07473],[-71.86864,41.0748],[-71.86665,41.0756],[-71.86385,41.07577],[-71.85957,41.07414],[-71.85603,41.07188],[-71.85569,41.07054],[-71.85859,41.06825],[-71.86006,41.06586],[-71.86218,41.06424],[-71.86356,41.06285],[-71.86679,41.06055],[-71.8673,41.0587],[-71.8713,41.05674],[-71.87315,41.05465],[-71.87369,41.0523],[-71.87556,41.05107],[-71.88864,41.0474],[-71.89119,41.04622],[-71.89811,41.04369],[-71.90029,41.04263],[-71.90328,41.04047],[-71.90745,41.03979],[-71.91537,41.03925],[-71.91892,41.03865],[-71.93466,41.03454],[-71.9459,41.03113],[-71.94749,41.03041],[-71.95612,41.02773],[-71.96846,41.02346],[-71.97199,41.02216],[-71.98023,41.01847],[-71.98544,41.01663],[-71.99077,41.0145],[-71.99668,41.01286],[-71.99936,41.01171],[-71.99959,41.01087],[-72.01028,41.0073],[-72.02019,41.00348],[-72.02812,41.00016],[-72.02825,40.99923],[-72.03865,40.99614],[-72.04255,40.99464],[-72.04457,40.9936],[-72.04969,40.99174],[-72.05389,40.99118],[-72.05832,40.98944],[-72.06162,40.98856],[-72.06507,40.98694],[-72.06874,40.98602],[-72.07101,40.98457],[-72.08857,40.97934],[-72.09193,40.97879],[-72.09401,40.97776],[-72.11763,40.97015],[-72.12,40.96874],[-72.12441,40.9678],[-72.12943,40.96548],[-72.13222,40.96457],[-72.14263,40.96045],[-72.14675,40.95935],[-72.14968,40.95804],[-72.1536,40.95674],[-72.15883,40.95472],[-72.16414,40.95318],[-72.16839,40.95136],[-72.17274,40.95024],[-72.17988,40.94697],[-72.18967,40.94319],[-72.19338,40.94132],[-72.19623,40.94019],[-72.20133,40.93886],[-72.20572,40.93733],[-72.22049,40.93201],[-72.22579,40.92964],[-72.22723,40.92961],[-72.22776,40.9304],[-72.22616,40.93113],[-72.22305,40.93366],[-72.22012,40.93466],[-72.21895,40.93594],[-72.2163,40.94151],[-72.21595,40.9433],[-72.21669,40.94317],[-72.21901,40.93949],[-72.21986,40.93708],[-72.22077,40.93608],[-72.2212,40.93471],[-72.2224,40.93441],[-72.22384,40.93489],[-72.2239,40.93613],[-72.22457,40.93687],[-72.22481,40.9385],[-72.22578,40.93946],[-72.2263,40.94102],[-72.22806,40.94393],[-72.22717,40.94522],[-72.22732,40.94607],[-72.22877,40.94613],[-72.23017,40.94798],[-72.23273,40.94663],[-72.23426,40.9471],[-72.23682,40.94934],[-72.23717,40.94886],[-72.23629,40.94769],[-72.23601,40.94643],[-72.23248,40.94334],[-72.23214,40.9413],[-72.23309,40.93984],[-72.23756,40.93967],[-72.23806,40.93937],[-72.23445,40.93885],[-72.23219,40.93727],[-72.23182,40.93639],[-72.23298,40.936],[-72.23299,40.93533],[-72.23083,40.93494],[-72.23089,40.93164],[-72.23017,40.93046],[-72.22866,40.92957],[-72.22836,40.9286],[-72.2297,40.9279],[-72.23186,40.92779],[-72.23382,40.92723],[-72.24017,40.92447],[-72.24527,40.92275],[-72.24856,40.92214],[-72.2616,40.91612],[-72.26451,40.91503],[-72.26901,40.91277],[-72.27157,40.91201],[-72.27579,40.91032],[-72.27949,40.90831],[-72.2827,40.90717],[-72.28945,40.9043],[-72.30854,40.89799],[-72.31359,40.89576],[-72.31673,40.89459],[-72.32695,40.88918],[-72.33063,40.88755],[-72.3311,40.88825],[-72.3273,40.89024],[-72.32748,40.89177],[-72.32649,40.89261],[-72.32662,40.89413],[-72.32605,40.89478],[-72.32339,40.89469],[-72.31854,40.89605],[-72.3178,40.89683],[-72.31306,40.89834],[-72.31282,40.90029],[-72.31355,40.90167],[-72.31472,40.90013],[-72.31412,40.89921],[-72.31444,40.89858],[-72.31629,40.89953],[-72.31807,40.90111],[-72.31954,40.90178],[-72.32072,40.90286],[-72.32095,40.9042],[-72.32235,40.90438],[-72.32355,40.90527],[-72.32373,40.90647],[-72.32527,40.90634],[-72.32676,40.90723],[-72.32797,40.9072],[-72.33107,40.90827],[-72.32985,40.90923],[-72.32796,40.91139],[-72.32739,40.91314],[-72.32515,40.91497],[-72.32453,40.91632],[-72.32599,40.91602],[-72.32829,40.91412],[-72.32969,40.91198],[-72.33077,40.91141],[-72.33217,40.91141],[-72.33272,40.9122],[-72.33182,40.91328],[-72.33319,40.91492],[-72.33431,40.91826],[-72.33461,40.92066],[-72.33533,40.92092],[-72.33629,40.91956],[-72.33843,40.91936],[-72.33873,40.91783],[-72.33609,40.91534],[-72.33676,40.91339],[-72.3354,40.91166],[-72.33602,40.90998],[-72.33586,40.90776],[-72.33498,40.90709],[-72.33378,40.9077],[-72.33256,40.90769],[-72.33263,40.90704],[-72.3356,40.90538],[-72.3389,40.90413],[-72.34152,40.90404],[-72.34359,40.9032],[-72.34745,40.90491],[-72.34924,40.90617],[-72.35038,40.90636],[-72.35248,40.90729],[-72.35318,40.90697],[-72.35291,40.90486],[-72.35138,40.90407],[-72.34935,40.90213],[-72.34841,40.90163],[-72.34841,40.90109],[-72.35082,40.90004],[-72.35051,40.89921],[-72.3473,40.89935],[-72.34646,40.89989],[-72.3475,40.9012],[-72.34709,40.90235],[-72.34597,40.90284],[-72.34495,40.90227],[-72.34561,40.90149],[-72.34562,40.90067],[-72.34384,40.899],[-72.34408,40.89774],[-72.34546,40.89643],[-72.34295,40.89399],[-72.34028,40.89107],[-72.33872,40.89018],[-72.33666,40.88996],[-72.33318,40.89055],[-72.33036,40.8916],[-72.33106,40.89216],[-72.33214,40.89203],[-72.33261,40.89271],[-72.33128,40.89312],[-72.32922,40.89254],[-72.32831,40.89079],[-72.33114,40.88916],[-72.33343,40.88827],[-72.33504,40.88683],[-72.33812,40.88643],[-72.34644,40.8833],[-72.35322,40.88105],[-72.35764,40.88008],[-72.36163,40.87848],[-72.3649,40.87769],[-72.36955,40.87618],[-72.37397,40.87356],[-72.37992,40.87133],[-72.38478,40.86909],[-72.38978,40.86754],[-72.3926,40.86639],[-72.39621,40.86539],[-72.40064,40.86376],[-72.40515,40.86259],[-72.40919,40.86098],[-72.41427,40.8594],[-72.41691,40.85821],[-72.42385,40.85604],[-72.42835,40.85507],[-72.4298,40.85444],[-72.43259,40.85361],[-72.44146,40.85051],[-72.44618,40.84956],[-72.45286,40.84765],[-72.46125,40.8445],[-72.46494,40.84215],[-72.46808,40.83969],[-72.46909,40.83952],[-72.4697,40.84044],[-72.47054,40.84054],[-72.47247,40.83959],[-72.47317,40.83749],[-72.47393,40.83846],[-72.47391,40.84165],[-72.47179,40.84281],[-72.46988,40.84473],[-72.46802,40.8455],[-72.46622,40.84734],[-72.46374,40.84692],[-72.46085,40.84789],[-72.45985,40.84954],[-72.45885,40.84991],[-72.45639,40.84988],[-72.45267,40.85025],[-72.45002,40.85114],[-72.44789,40.85346],[-72.4468,40.853],[-72.44204,40.85501],[-72.43848,40.85535],[-72.43463,40.85614],[-72.4333,40.85716],[-72.43066,40.85691],[-72.43037,40.85846],[-72.42918,40.85919],[-72.4279,40.85928],[-72.42613,40.85834],[-72.4248,40.85936],[-72.42236,40.8595],[-72.41978,40.86097],[-72.41831,40.86123],[-72.41694,40.86194],[-72.41574,40.86202],[-72.41494,40.86247],[-72.41302,40.86278],[-72.41181,40.86329],[-72.41205,40.87023],[-72.41295,40.87011],[-72.41366,40.86904],[-72.41374,40.86728],[-72.41424,40.8661],[-72.41426,40.86463],[-72.41535,40.86419],[-72.41622,40.8651],[-72.41704,40.86457],[-72.41808,40.86499],[-72.41806,40.86639],[-72.41922,40.86719],[-72.41945,40.87071],[-72.41796,40.87222],[-72.41669,40.87269],[-72.41618,40.87337],[-72.41741,40.87378],[-72.41748,40.87475],[-72.41867,40.87541],[-72.41901,40.87625],[-72.41982,40.87726],[-72.41861,40.87852],[-72.41868,40.88038],[-72.42015,40.87928],[-72.42143,40.88004],[-72.42197,40.87884],[-72.42142,40.87721],[-72.42035,40.87517],[-72.42113,40.8731],[-72.42126,40.87153],[-72.42191,40.87068],[-72.42244,40.86897],[-72.42388,40.86829],[-72.42255,40.86484],[-72.42398,40.86383],[-72.42456,40.86076],[-72.42553,40.86042],[-72.42705,40.86085],[-72.42866,40.86307],[-72.42965,40.86308],[-72.42992,40.86103],[-72.43094,40.86082],[-72.43584,40.86514],[-72.43753,40.86763],[-72.43852,40.87072],[-72.44069,40.87401],[-72.44048,40.87501],[-72.43793,40.87568],[-72.43797,40.87675],[-72.43915,40.87672],[-72.43938,40.87724],[-72.43838,40.87876],[-72.43712,40.87889],[-72.43644,40.88083],[-72.43732,40.88155],[-72.43633,40.88346],[-72.43753,40.88403],[-72.43885,40.88339],[-72.43941,40.88341],[-72.43984,40.88415],[-72.44046,40.88445],[-72.44141,40.88222],[-72.44044,40.87828],[-72.44166,40.87558],[-72.44289,40.87487],[-72.44481,40.87562],[-72.44559,40.87681],[-72.44451,40.87812],[-72.44558,40.87937],[-72.44521,40.88064],[-72.44664,40.88158],[-72.44758,40.87985],[-72.4484,40.87888],[-72.44746,40.87882],[-72.44696,40.87707],[-72.44876,40.87756],[-72.45147,40.87709],[-72.45267,40.87744],[-72.45269,40.87813],[-72.45051,40.8785],[-72.45094,40.8793],[-72.45009,40.88046],[-72.45104,40.88107],[-72.4534,40.87962],[-72.45465,40.88007],[-72.45526,40.87964],[-72.45391,40.87789],[-72.45548,40.87769],[-72.45805,40.87842],[-72.4619,40.87984],[-72.46831,40.88093],[-72.47196,40.88109],[-72.47553,40.8819],[-72.48236,40.88238],[-72.4849,40.88286],[-72.48812,40.88246],[-72.49112,40.88265],[-72.49689,40.88187],[-72.49884,40.88284],[-72.49997,40.88393]]],[[[-71.93277,41.06593],[-71.93436,41.06727],[-71.93581,41.07023],[-71.93587,41.07203],[-71.93487,41.07295],[-71.93362,41.07244],[-71.93255,41.07066],[-71.932,41.06786],[-71.93136,41.06617],[-71.93277,41.06593]]],[[[-72.09893,41.04752],[-72.09897,41.04823],[-72.09841,41.04895],[-72.09779,41.04862],[-72.09812,41.04766],[-72.09893,41.04752]]],[[[-72.09945,41.04436],[-72.09981,41.04557],[-72.09924,41.04618],[-72.09836,41.04576],[-72.09857,41.04444],[-72.09945,41.04436]]],[[[-72.09927,41.04197],[-72.09883,41.04247],[-72.09818,41.04208],[-72.09855,41.04158],[-72.09927,41.04197]]],[[[-72.0991,41.03794],[-72.0993,41.0392],[-72.09848,41.04025],[-72.09779,41.03959],[-72.09724,41.03708],[-72.09814,41.03692],[-72.0991,41.03794]]],[[[-72.09939,41.03375],[-72.0999,41.03481],[-72.09905,41.03562],[-72.09823,41.03504],[-72.09857,41.03392],[-72.09939,41.03375]]],[[[-72.10023,41.03132],[-72.10067,41.03219],[-72.09981,41.03277],[-72.09906,41.03219],[-72.09911,41.0313],[-72.10023,41.03132]]],[[[-72.10461,41.02443],[-72.10489,41.02528],[-72.1027,41.02733],[-72.10189,41.02897],[-72.10044,41.02968],[-72.09997,41.02914],[-72.10088,41.02633],[-72.10339,41.02478],[-72.10461,41.02443]]],[[[-72.09734,41.05099],[-72.0977,41.0519],[-72.09626,41.05516],[-72.0966,41.05678],[-72.09636,41.05916],[-72.09617,41.06771],[-72.09628,41.07358],[-72.09769,41.07695],[-72.09919,41.07904],[-72.09989,41.08094],[-72.10106,41.08232],[-72.10246,41.08516],[-72.10485,41.08741],[-72.10703,41.08865],[-72.10999,41.0901],[-72.11238,41.09059],[-72.11401,41.09125],[-72.11771,41.09204],[-72.1208,41.09234],[-72.12526,41.09224],[-72.1309,41.09283],[-72.13455,41.0925],[-72.13787,41.09184],[-72.13934,41.09255],[-72.1414,41.09446],[-72.14216,41.09594],[-72.1419,41.09788],[-72.14099,41.09931],[-72.13842,41.1017],[-72.13611,41.10281],[-72.13261,41.10335],[-72.12915,41.10637],[-72.12744,41.10862],[-72.1257,41.11244],[-72.12589,41.115],[-72.12715,41.11918],[-72.12896,41.12152],[-72.1298,41.1233],[-72.1293,41.12368],[-72.12394,41.1193],[-72.12082,41.11595],[-72.11816,41.11397],[-72.1114,41.1098],[-72.10753,41.10812],[-72.10327,41.10763],[-72.10027,41.10685],[-72.09813,41.10551],[-72.09409,41.10404],[-72.08982,41.1022],[-72.08757,41.10084],[-72.08463,41.10072],[-72.08177,41.1012],[-72.07705,41.09991],[-72.07661,41.09725],[-72.07686,41.09598],[-72.07889,41.09401],[-72.08131,41.09287],[-72.08427,41.09032],[-72.08551,41.0885],[-72.08607,41.08552],[-72.0848,41.07912],[-72.08392,41.07625],[-72.08201,41.07277],[-72.08163,41.07086],[-72.08366,41.06981],[-72.08525,41.06806],[-72.08591,41.06567],[-72.08561,41.06231],[-72.08514,41.06098],[-72.08492,41.05868],[-72.08583,41.05764],[-72.09078,41.05541],[-72.09497,41.05311],[-72.09631,41.05151],[-72.09734,41.05099]]],[[[-72.44923,40.91783],[-72.44982,40.91837],[-72.4481,40.92039],[-72.44771,40.92199],[-72.44644,40.92199],[-72.4445,40.91887],[-72.44222,40.91759],[-72.44532,40.9174],[-72.44762,40.91848],[-72.44923,40.91783]]],[[[-72.44434,40.9137],[-72.44516,40.91602],[-72.44346,40.91621],[-72.44175,40.91528],[-72.44131,40.91385],[-72.44229,40.91305],[-72.44434,40.9137]]],[[[-72.52366,40.83449],[-72.52299,40.83555],[-72.52118,40.83578],[-72.51917,40.83653],[-72.5155,40.83625],[-72.51541,40.83557],[-72.51733,40.83291],[-72.51927,40.83152],[-72.52118,40.83262],[-72.52374,40.83329],[-72.52366,40.83449]]],[[[-72.50656,40.83815],[-72.50708,40.83889],[-72.50637,40.83986],[-72.5053,40.83988],[-72.50429,40.83888],[-72.505,40.83803],[-72.50656,40.83815]]],[[[-72.49501,40.84193],[-72.49506,40.84265],[-72.49343,40.84332],[-72.49206,40.84287],[-72.49002,40.8417],[-72.49015,40.84127],[-72.49243,40.84198],[-72.49501,40.84193]]],[[[-72.49183,40.84469],[-72.491,40.84599],[-72.49122,40.84777],[-72.48974,40.84784],[-72.48866,40.84729],[-72.48954,40.84448],[-72.49111,40.84378],[-72.49183,40.84469]]],[[[-72.48337,40.84389],[-72.48346,40.84465],[-72.48071,40.84564],[-72.47993,40.84673],[-72.47937,40.84938],[-72.47832,40.85007],[-72.4771,40.85005],[-72.47688,40.84887],[-72.47786,40.84758],[-72.47802,40.84566],[-72.47912,40.84479],[-72.48129,40.84412],[-72.48337,40.84389]]],[[[-72.46375,40.84836],[-72.46413,40.84937],[-72.463,40.84993],[-72.46228,40.85099],[-72.46114,40.85005],[-72.46229,40.8486],[-72.46375,40.84836]]]]}},{"type":"Feature","properties":{"ava_id":"upper_hudson","name":"Upper Hudson","aka":null,"state":"NY","county":"Albany|Montgomery|Rensselaer|Saratoga|Schenectady|Schoharie|Washington","within":null,"contains":null,"cfr_index":"9.264","valid_start":null},"geometry":{"type":"MultiPolygon","coordinates":[[[[-73.64223,43.30736],[-73.6443,43.30935],[-73.63996,43.30971],[-73.6374,43.31018],[-73.63479,43.3104],[-73.63079,43.31035],[-73.62792,43.31008],[-73.62468,43.30937],[-73.62361,43.30942],[-73.62193,43.31012],[-73.62061,43.31033],[-73.61832,43.31002],[-73.61129,43.31016],[-73.60833,43.31066],[-73.60629,43.31071],[-73.60318,43.31046],[-73.59994,43.30997],[-73.59727,43.30943],[-73.59452,43.30848],[-73.59262,43.30735],[-73.59036,43.30554],[-73.58971,43.30475],[-73.58907,43.30312],[-73.58838,43.30224],[-73.58749,43.30167],[-73.58613,43.30145],[-73.58576,43.2997],[-73.58529,43.2984],[-73.58517,43.29734],[-73.58544,43.29568],[-73.58676,43.29181],[-73.58636,43.27684],[-73.58662,43.27396],[-73.58692,43.2725],[-73.58844,43.27132],[-73.58834,43.27044],[-73.58644,43.2685],[-73.58399,43.26529],[-73.58304,43.26467],[-73.58108,43.26397],[-73.58038,43.26346],[-73.5801,43.26265],[-73.5785,43.26271],[-73.57719,43.2636],[-73.57585,43.26315],[-73.57434,43.26292],[-73.57075,43.26272],[-73.56549,43.26276],[-73.55592,43.26327],[-73.54186,43.26439],[-73.54006,43.26432],[-73.52635,43.26136],[-73.52479,43.26119],[-73.51929,43.26141],[-73.51673,43.25992],[-73.5149,43.25967],[-73.51295,43.25961],[-73.51187,43.25927],[-73.50926,43.25725],[-73.50755,43.25664],[-73.50484,43.25646],[-73.50417,43.25505],[-73.50195,43.25192],[-73.49959,43.24979],[-73.49851,43.2494],[-73.49538,43.2497],[-73.49437,43.24908],[-73.494,43.24828],[-73.49113,43.2373],[-73.35488,43.14962],[-73.36332,43.14509],[-73.36626,43.14273],[-73.36731,43.14145],[-73.36768,43.14056],[-73.36778,43.13951],[-73.3673,43.13516],[-73.36557,43.12676],[-73.36547,43.1227],[-73.36574,43.12155],[-73.36923,43.11529],[-73.36995,43.11298],[-73.37066,43.11226],[-73.37286,43.11064],[-73.37356,43.10973],[-73.37405,43.10798],[-73.37533,43.10599],[-73.37612,43.10384],[-73.3773,43.09871],[-73.37828,43.09656],[-73.37824,43.09523],[-73.37789,43.09376],[-73.37801,43.09075],[-73.37648,43.08681],[-73.37574,43.0833],[-73.37453,43.07547],[-73.37392,43.06733],[-73.37402,43.05902],[-73.3736,43.05796],[-73.37245,43.056],[-73.37176,43.05412],[-73.37171,43.05261],[-73.37203,43.05137],[-73.37298,43.04938],[-73.37436,43.04555],[-73.37535,43.04361],[-73.37727,43.04077],[-73.37848,43.03829],[-73.37831,43.03716],[-73.37682,43.03317],[-73.37626,43.03094],[-73.37556,43.02327],[-73.37557,43.02082],[-73.376,43.01969],[-73.37849,43.01682],[-73.37877,43.01581],[-73.37818,43.01296],[-73.37648,43.0002],[-73.3763,42.99999],[-73.37617,42.99683],[-73.37562,42.99398],[-73.37528,42.98892],[-73.37526,42.98471],[-73.37591,42.97747],[-73.37728,42.97286],[-73.37763,42.97098],[-73.37761,42.96948],[-73.3758,42.96354],[-73.37537,42.96056],[-73.37522,42.95544],[-73.37497,42.95313],[-73.37451,42.95214],[-73.37236,42.94905],[-73.3691,42.94547],[-73.36707,42.9427],[-73.36598,42.9405],[-73.36455,42.93658],[-73.36361,42.93502],[-73.36249,42.93393],[-73.36065,42.93284],[-73.35732,42.93129],[-73.35319,42.93082],[-73.35219,42.93031],[-73.35121,42.93023],[-73.34989,42.93053],[-73.34815,42.93],[-73.34475,42.92972],[-73.34255,42.92819],[-73.3443,42.92659],[-73.34703,42.9254],[-73.34751,42.92465],[-73.34847,42.92169],[-73.35031,42.91743],[-73.35183,42.91538],[-73.35221,42.91427],[-73.35222,42.91203],[-73.35178,42.91083],[-73.35074,42.90883],[-73.34937,42.90665],[-73.3483,42.90453],[-73.34811,42.90388],[-73.34818,42.90314],[-73.34907,42.90201],[-73.3516,42.90104],[-73.35189,42.89933],[-73.35173,42.89653],[-73.35535,42.89613],[-73.35874,42.89595],[-73.35995,42.89568],[-73.36041,42.89518],[-73.36069,42.89425],[-73.36061,42.89207],[-73.3595,42.88563],[-73.35728,42.87843],[-73.35492,42.87357],[-73.354,42.87217],[-73.35313,42.8713],[-73.34624,42.86652],[-73.34464,42.86511],[-73.34322,42.86362],[-73.34264,42.86265],[-73.34203,42.86087],[-73.34062,42.85972],[-73.34027,42.85912],[-73.34036,42.85849],[-73.34093,42.85742],[-73.34133,42.85614],[-73.34416,42.85437],[-73.34706,42.85206],[-73.3496,42.85088],[-73.34997,42.8502],[-73.35044,42.84773],[-73.35097,42.84656],[-73.35186,42.84599],[-73.35481,42.84567],[-73.35609,42.84529],[-73.35702,42.8452],[-73.36265,42.84643],[-73.36436,42.84658],[-73.36565,42.84632],[-73.36674,42.84552],[-73.36796,42.8439],[-73.36866,42.84256],[-73.36954,42.84188],[-73.37566,42.84118],[-73.37816,42.84128],[-73.37897,42.84164],[-73.38097,42.84336],[-73.38248,42.84394],[-73.38734,42.84532],[-73.38969,42.84563],[-73.39293,42.84549],[-73.39484,42.84581],[-73.39684,42.84653],[-73.3982,42.84732],[-73.40056,42.84829],[-73.40318,42.84901],[-73.40558,42.84929],[-73.41457,42.84926],[-73.4163,42.84952],[-73.42116,42.8508],[-73.42335,42.85113],[-73.42621,42.85116],[-73.43078,42.85092],[-73.4349,42.84944],[-73.44225,42.84813],[-73.44524,42.8474],[-73.44901,42.84559],[-73.45465,42.84427],[-73.4562,42.84431],[-73.45909,42.84552],[-73.46523,42.84654],[-73.46767,42.84646],[-73.47052,42.84589],[-73.47707,42.84353],[-73.4787,42.84266],[-73.48053,42.84133],[-73.48169,42.84012],[-73.48298,42.83824],[-73.48427,42.83532],[-73.48503,42.83432],[-73.48611,42.83338],[-73.49103,42.8298],[-73.49299,42.82893],[-73.49376,42.8283],[-73.49521,42.82647],[-73.49607,42.82564],[-73.49721,42.82494],[-73.49892,42.82459],[-73.50289,42.82422],[-73.50591,42.82327],[-73.50927,42.82259],[-73.51084,42.82211],[-73.51377,42.82023],[-73.51458,42.81995],[-73.52238,42.81942],[-73.53037,42.81707],[-73.53256,42.81578],[-73.53466,42.81348],[-73.53602,42.81227],[-73.53888,42.81036],[-73.55193,42.80488],[-73.55838,42.80304],[-73.56144,42.80196],[-73.56264,42.80123],[-73.56472,42.79902],[-73.56632,42.79792],[-73.56758,42.79664],[-73.56883,42.79485],[-73.57016,42.79151],[-73.57103,42.79005],[-73.57233,42.78853],[-73.57502,42.78624],[-73.57743,42.78375],[-73.58555,42.77722],[-73.58758,42.77611],[-73.58809,42.7755],[-73.58888,42.77295],[-73.5931,42.76602],[-73.59423,42.7645],[-73.59698,42.76178],[-73.59841,42.76074],[-73.59995,42.76013],[-73.60468,42.75872],[-73.60959,42.75768],[-73.61228,42.75723],[-73.6166,42.75759],[-73.62058,42.75518],[-73.63617,42.74909],[-73.63881,42.74776],[-73.64465,42.74419],[-73.64596,42.74362],[-73.65479,42.74144],[-73.66202,42.73828],[-73.66443,42.73786],[-73.67866,42.73982],[-73.68577,42.73996],[-73.69155,42.741],[-73.69738,42.74273],[-73.70086,42.74417],[-73.70072,42.74247],[-73.70028,42.74112],[-73.70035,42.73704],[-73.70124,42.73221],[-73.70165,42.72892],[-73.70344,42.72365],[-73.70114,42.72319],[-73.70391,42.71626],[-73.70508,42.71584],[-73.70602,42.71491],[-73.72916,42.68632],[-73.73463,42.67784],[-73.73641,42.67778],[-73.73711,42.67697],[-73.74258,42.66822],[-73.74309,42.66619],[-73.74423,42.66341],[-73.74554,42.66207],[-73.74712,42.66187],[-73.74726,42.66035],[-73.74902,42.65848],[-73.74994,42.65444],[-73.74983,42.65405],[-73.75252,42.64998],[-73.75469,42.64587],[-73.7564,42.64636],[-73.75829,42.6472],[-73.76763,42.65254],[-73.77033,42.64668],[-73.77131,42.64556],[-73.77522,42.64405],[-73.78011,42.64175],[-73.78854,42.63866],[-73.79587,42.63421],[-73.79787,42.63375],[-73.80065,42.63341],[-73.80206,42.63301],[-73.80826,42.62963],[-73.80989,42.629],[-73.81446,42.62867],[-73.81635,42.62819],[-73.87112,42.60848],[-73.87562,42.60668],[-73.88426,42.60145],[-73.88593,42.60101],[-73.89309,42.59998],[-73.89497,42.59943],[-73.89991,42.59856],[-73.9018,42.59792],[-73.90605,42.5951],[-73.90816,42.59398],[-73.91096,42.59137],[-73.91326,42.59031],[-73.9159,42.58803],[-73.9176,42.587],[-73.92248,42.58501],[-73.9247,42.58384],[-73.9338,42.57809],[-73.9349,42.57757],[-73.9385,42.57641],[-73.94452,42.57417],[-73.9463,42.57381],[-73.9484,42.57382],[-73.95475,42.57505],[-73.95718,42.57534],[-73.96344,42.57572],[-73.96784,42.57568],[-73.96952,42.57584],[-73.97253,42.5752],[-73.97412,42.57554],[-73.97542,42.5764],[-73.97989,42.58075],[-73.98095,42.58202],[-73.98336,42.58569],[-73.98348,42.58669],[-73.983,42.58817],[-73.98301,42.58893],[-73.98406,42.59039],[-73.98673,42.59299],[-73.9879,42.59578],[-73.98978,42.59679],[-73.99579,42.59913],[-73.99741,42.5994],[-73.99956,42.59907],[-73.99968,42.5987],[-74.00035,42.59851],[-74.00166,42.59711],[-74.00257,42.59583],[-74.0032,42.59563],[-74.00485,42.59552],[-74.00679,42.59501],[-74.00741,42.59511],[-74.00863,42.59568],[-74.01224,42.59614],[-74.01419,42.59596],[-74.01728,42.59628],[-74.0193,42.59583],[-74.02237,42.59705],[-74.02379,42.59828],[-74.02468,42.59851],[-74.02585,42.59821],[-74.02714,42.59756],[-74.02836,42.59734],[-74.02927,42.59741],[-74.03018,42.59791],[-74.03149,42.59919],[-74.03295,42.60156],[-74.03411,42.6024],[-74.03509,42.60278],[-74.03632,42.60289],[-74.03709,42.60268],[-74.03895,42.60163],[-74.03986,42.60151],[-74.0421,42.60195],[-74.04481,42.60175],[-74.04636,42.60185],[-74.04741,42.60222],[-74.04976,42.60409],[-74.05056,42.60448],[-74.05387,42.60501],[-74.0557,42.60505],[-74.05644,42.60527],[-74.05807,42.60626],[-74.0622,42.60796],[-74.06402,42.60898],[-74.06524,42.61],[-74.0675,42.61351],[-74.06864,42.61441],[-74.07053,42.61539],[-74.07468,42.61642],[-74.0764,42.61639],[-74.08043,42.61473],[-74.08197,42.61467],[-74.08837,42.61546],[-74.09407,42.61753],[-74.09544,42.61776],[-74.0977,42.61726],[-74.09902,42.61716],[-74.10034,42.61748],[-74.10149,42.61814],[-74.10209,42.61928],[-74.10274,42.62185],[-74.10361,42.62228],[-74.10498,42.62242],[-74.10631,42.62236],[-74.1079,42.62165],[-74.10943,42.62136],[-74.11241,42.62146],[-74.11424,42.62184],[-74.11694,42.62297],[-74.11816,42.62362],[-74.11959,42.62475],[-74.12111,42.62558],[-74.12486,42.6267],[-74.12561,42.62677],[-74.13078,42.62613],[-74.13206,42.62573],[-74.13451,42.6246],[-74.13865,42.62482],[-74.13999,42.62512],[-74.14204,42.62509],[-74.1445,42.62461],[-74.14696,42.62434],[-74.14987,42.62429],[-74.15073,42.62447],[-74.16041,42.62887],[-74.16238,42.62937],[-74.16703,42.62995],[-74.16978,42.63086],[-74.17076,42.63095],[-74.17164,42.6308],[-74.17579,42.62941],[-74.18062,42.62834],[-74.18222,42.62836],[-74.18343,42.62876],[-74.1841,42.62949],[-74.18412,42.63324],[-74.1852,42.63503],[-74.18669,42.63863],[-74.18966,42.63973],[-74.19173,42.63924],[-74.19291,42.63924],[-74.19418,42.63973],[-74.19517,42.64045],[-74.19679,42.64249],[-74.1996,42.64365],[-74.20125,42.6452],[-74.20647,42.64836],[-74.20876,42.64953],[-74.20904,42.64984],[-74.20927,42.65189],[-74.20981,42.65268],[-74.21528,42.65568],[-74.22146,42.65701],[-74.22242,42.6574],[-74.22339,42.6581],[-74.2241,42.65904],[-74.22504,42.66091],[-74.22638,42.66237],[-74.22719,42.66292],[-74.22814,42.66325],[-74.22898,42.66325],[-74.23146,42.66273],[-74.23269,42.66275],[-74.23388,42.6635],[-74.23497,42.66584],[-74.23573,42.66625],[-74.23806,42.66665],[-74.24003,42.66718],[-74.24183,42.66829],[-74.2422,42.66872],[-74.24279,42.67047],[-74.24343,42.67154],[-74.24434,42.67223],[-74.24601,42.67297],[-74.25225,42.67501],[-74.25651,42.67734],[-74.25754,42.67749],[-74.26216,42.67675],[-74.26422,42.67578],[-74.26525,42.67595],[-74.26922,42.67815],[-74.27127,42.67865],[-74.27306,42.67874],[-74.27746,42.67811],[-74.27951,42.67812],[-74.28233,42.67834],[-74.29746,42.68057],[-74.30124,42.68099],[-74.29762,42.68395],[-74.29684,42.68486],[-74.29662,42.68612],[-74.29742,42.69032],[-74.29713,42.69406],[-74.29839,42.69604],[-74.3,42.69946],[-74.30193,42.70049],[-74.30552,42.70188],[-74.31212,42.70484],[-74.31316,42.70559],[-74.3137,42.70662],[-74.31976,42.73613],[-74.32168,42.73692],[-74.32195,42.73804],[-74.3227,42.73892],[-74.32803,42.74378],[-74.32663,42.74715],[-74.32664,42.74893],[-74.32722,42.75023],[-74.32831,42.75122],[-74.32902,42.75233],[-74.32933,42.75428],[-74.3306,42.75754],[-74.33122,42.76196],[-74.33162,42.7634],[-74.33241,42.76459],[-74.33585,42.76828],[-74.33644,42.76986],[-74.33663,42.77152],[-74.33767,42.77316],[-74.33764,42.77619],[-74.33722,42.77743],[-74.33755,42.78101],[-74.33857,42.78365],[-74.33825,42.78517],[-74.3384,42.78606],[-74.33846,42.79041],[-74.33902,42.79383],[-74.33997,42.79666],[-74.34032,42.80279],[-74.34024,42.80436],[-74.33911,42.80628],[-74.33862,42.80788],[-74.33691,42.80909],[-74.33647,42.80987],[-74.33635,42.81133],[-74.3364,42.81571],[-74.33714,42.81788],[-74.3368,42.81936],[-74.33588,42.82113],[-74.33605,42.82176],[-74.34179,42.82504],[-74.34382,42.82725],[-74.34508,42.82824],[-74.35414,42.83367],[-74.35518,42.83443],[-74.35565,42.83518],[-74.35565,42.83624],[-74.35415,42.83767],[-74.35288,42.83859],[-74.34764,42.84163],[-74.34572,42.84251],[-74.33884,42.84736],[-74.33731,42.84864],[-74.33672,42.84949],[-74.33654,42.85056],[-74.33666,42.85402],[-74.33603,42.8577],[-74.33815,42.86136],[-74.33862,42.86333],[-74.33922,42.8641],[-74.3404,42.8651],[-74.34166,42.86849],[-74.34301,42.87016],[-74.34373,42.87138],[-74.34391,42.87222],[-74.34384,42.87408],[-74.34403,42.87533],[-74.34572,42.87806],[-74.3466,42.88514],[-74.34683,42.89031],[-74.3453,42.89286],[-74.34409,42.89445],[-74.34533,42.89517],[-74.34628,42.89894],[-74.34801,42.90174],[-74.3494,42.90358],[-74.34985,42.90514],[-74.35075,42.91009],[-74.35915,42.91869],[-74.36447,42.9293],[-74.36673,42.93472],[-74.36978,42.93986],[-74.37138,42.94289],[-74.372,42.94478],[-74.37193,42.94585],[-74.37149,42.94628],[-74.3692,42.94963],[-74.36923,42.95498],[-74.36643,42.95555],[-74.36428,42.95572],[-74.36262,42.95554],[-74.36078,42.9551],[-74.35845,42.9543],[-74.35248,42.95089],[-74.34891,42.94964],[-74.3439,42.94852],[-74.34204,42.94793],[-74.33967,42.94689],[-74.33615,42.94613],[-74.33271,42.94512],[-74.3282,42.94419],[-74.32642,42.94411],[-74.32462,42.94426],[-74.32069,42.94495],[-74.31535,42.94603],[-74.30589,42.94824],[-74.29973,42.9513],[-74.29772,42.95265],[-74.29412,42.95553],[-74.29297,42.956],[-74.29069,42.95661],[-74.28879,42.95688],[-74.28619,42.95696],[-74.26816,42.95606],[-74.26008,42.95683],[-74.24898,42.95756],[-74.24572,42.95752],[-74.23968,42.95691],[-74.22822,42.95669],[-74.22485,42.95643],[-74.22201,42.95579],[-74.22035,42.95501],[-74.21745,42.95295],[-74.20888,42.94765],[-74.20667,42.9466],[-74.20405,42.94566],[-74.20066,42.94395],[-74.19674,42.93939],[-74.19232,42.93843],[-74.19035,42.93771],[-74.18944,42.9386],[-74.18787,42.93942],[-74.186,42.93957],[-74.18498,42.93939],[-74.18408,42.93841],[-74.18326,42.93792],[-74.18001,42.93769],[-74.17872,42.9372],[-74.17769,42.93718],[-74.17579,42.93814],[-74.17118,42.93975],[-74.16495,42.94307],[-74.16341,42.94358],[-74.16147,42.94382],[-74.15935,42.94445],[-74.1519,42.94585],[-74.14957,42.94614],[-74.14657,42.94687],[-74.14466,42.94716],[-74.14186,42.94714],[-74.13949,42.9469],[-74.13782,42.94698],[-74.13558,42.94748],[-74.13263,42.94846],[-74.12842,42.95032],[-74.12153,42.95075],[-74.12071,42.95106],[-74.11832,42.95251],[-74.11552,42.95368],[-74.11434,42.95438],[-74.11275,42.95667],[-74.11406,42.96569],[-74.114,42.96722],[-73.96172,43.28378],[-73.96111,43.28385],[-73.96025,43.28502],[-73.9591,43.28606],[-73.95814,43.28726],[-73.95717,43.28781],[-73.9553,43.28844],[-73.95307,43.28868],[-73.9516,43.29018],[-73.95033,43.29111],[-73.94796,43.29484],[-73.94586,43.29636],[-73.94552,43.29698],[-73.94598,43.29771],[-73.9458,43.29851],[-73.94498,43.29923],[-73.94134,43.30115],[-73.93997,43.30147],[-73.93804,43.30272],[-73.93493,43.30612],[-73.93284,43.30957],[-73.93169,43.31251],[-73.93045,43.31381],[-73.92921,43.31474],[-73.92536,43.31702],[-73.92476,43.31763],[-73.92399,43.31947],[-73.92169,43.31905],[-73.92209,43.31849],[-73.92029,43.31661],[-73.91999,43.31597],[-73.92043,43.31536],[-73.91929,43.31374],[-73.91846,43.31292],[-73.91705,43.31004],[-73.9173,43.3083],[-73.91718,43.30664],[-73.91627,43.30503],[-73.91515,43.30459],[-73.91232,43.30395],[-73.91159,43.30362],[-73.91104,43.30255],[-73.91038,43.30242],[-73.90982,43.30314],[-73.90917,43.30336],[-73.9059,43.30311],[-73.90459,43.30347],[-73.90399,43.30395],[-73.90222,43.30691],[-73.90089,43.30836],[-73.89993,43.3089],[-73.89863,43.30923],[-73.8977,43.30915],[-73.89695,43.30874],[-73.89702,43.30824],[-73.89484,43.30738],[-73.89449,43.30702],[-73.89416,43.30564],[-73.8943,43.30446],[-73.89407,43.30437],[-73.89344,43.30451],[-73.8929,43.30426],[-73.89295,43.30392],[-73.89342,43.30331],[-73.89405,43.30148],[-73.89352,43.30056],[-73.89346,43.30009],[-73.89372,43.29924],[-73.89342,43.29871],[-73.89287,43.29823],[-73.89276,43.29751],[-73.89194,43.2965],[-73.89184,43.29616],[-73.89206,43.2958],[-73.89197,43.2955],[-73.89137,43.29529],[-73.89111,43.29473],[-73.89108,43.2938],[-73.89065,43.29363],[-73.8902,43.29401],[-73.89008,43.2949],[-73.88967,43.29503],[-73.88918,43.29477],[-73.88917,43.29443],[-73.88967,43.29399],[-73.88942,43.29382],[-73.88838,43.29386],[-73.88796,43.29356],[-73.88783,43.29304],[-73.88814,43.29232],[-73.88773,43.29209],[-73.88719,43.29235],[-73.88659,43.29334],[-73.88631,43.29428],[-73.8862,43.29655],[-73.88561,43.29741],[-73.88458,43.29805],[-73.88347,43.2991],[-73.88179,43.29967],[-73.88035,43.29979],[-73.87805,43.2995],[-73.8769,43.29954],[-73.87286,43.30073],[-73.87017,43.30384],[-73.86978,43.30468],[-73.86963,43.30612],[-73.86921,43.30772],[-73.86856,43.30886],[-73.86565,43.31164],[-73.86354,43.31414],[-73.86213,43.31512],[-73.86129,43.31536],[-73.8546,43.31502],[-73.85155,43.31425],[-73.84993,43.31362],[-73.84876,43.31342],[-73.84462,43.31379],[-73.84207,43.31351],[-73.84101,43.31288],[-73.84028,43.31205],[-73.83903,43.3094],[-73.83885,43.30758],[-73.83749,43.30616],[-73.83658,43.30557],[-73.83413,43.3048],[-73.83293,43.30417],[-73.83058,43.30431],[-73.82755,43.30503],[-73.82654,43.30482],[-73.82573,43.30437],[-73.82519,43.30377],[-73.82511,43.30299],[-73.82544,43.29985],[-73.82581,43.2981],[-73.8279,43.29176],[-73.82798,43.28842],[-73.82824,43.28699],[-73.82821,43.28398],[-73.82794,43.28296],[-73.82664,43.28026],[-73.82612,43.27862],[-73.82626,43.27704],[-73.82658,43.27654],[-73.82798,43.27518],[-73.83233,43.27235],[-73.8341,43.27045],[-73.83547,43.26953],[-73.8362,43.26836],[-73.83687,43.26568],[-73.83678,43.25943],[-73.83704,43.25665],[-73.83667,43.25416],[-73.83669,43.25292],[-73.83649,43.25204],[-73.83469,43.24923],[-73.83387,43.24855],[-73.83286,43.24816],[-73.82981,43.24755],[-73.82867,43.24684],[-73.82727,43.24557],[-73.82658,43.24523],[-73.82561,43.24528],[-73.82207,43.24684],[-73.82012,43.24832],[-73.81918,43.24967],[-73.81829,43.25016],[-73.81722,43.25047],[-73.81589,43.25058],[-73.81264,43.25041],[-73.80362,43.24931],[-73.80216,43.24895],[-73.79802,43.24751],[-73.79406,43.24571],[-73.79181,43.24426],[-73.78703,43.23947],[-73.78535,43.23816],[-73.78343,43.23699],[-73.78136,43.23485],[-73.78009,43.23289],[-73.77915,43.22942],[-73.77867,43.22869],[-73.77405,43.22421],[-73.77285,43.22281],[-73.77205,43.22219],[-73.77078,43.22185],[-73.77051,43.22144],[-73.77079,43.22105],[-73.77189,43.22035],[-73.77158,43.2201],[-73.76866,43.22082],[-73.76808,43.22072],[-73.76741,43.2199],[-73.76678,43.21991],[-73.7659,43.22036],[-73.76526,43.22135],[-73.76373,43.22287],[-73.76251,43.22516],[-73.75996,43.22914],[-73.75694,43.23208],[-73.75563,43.23308],[-73.75383,43.23494],[-73.74501,43.24088],[-73.74242,43.24378],[-73.74119,43.24567],[-73.73912,43.24824],[-73.73883,43.24915],[-73.73892,43.25007],[-73.73869,43.25097],[-73.73717,43.25328],[-73.73671,43.25461],[-73.73673,43.25558],[-73.73714,43.25691],[-73.73797,43.25861],[-73.73908,43.26191],[-73.7391,43.2629],[-73.73855,43.26505],[-73.73768,43.26602],[-73.73636,43.26698],[-73.73574,43.2671],[-73.73412,43.26689],[-73.73227,43.26742],[-73.73157,43.26785],[-73.73121,43.26853],[-73.73169,43.26921],[-73.73135,43.26931],[-73.7305,43.26905],[-73.72997,43.26862],[-73.73027,43.26788],[-73.72979,43.26765],[-73.72849,43.26769],[-73.72804,43.26795],[-73.7273,43.26923],[-73.72555,43.27032],[-73.72351,43.27063],[-73.72277,43.27056],[-73.72249,43.2704],[-73.72303,43.26996],[-73.72298,43.26961],[-73.72178,43.26979],[-73.72109,43.27011],[-73.72066,43.27072],[-73.72073,43.27102],[-73.72108,43.27131],[-73.72065,43.27167],[-73.71972,43.2719],[-73.71845,43.27182],[-73.71644,43.27238],[-73.71217,43.27278],[-73.71099,43.27307],[-73.70903,43.27399],[-73.70825,43.27452],[-73.70589,43.2772],[-73.70491,43.27771],[-73.70376,43.27806],[-73.70264,43.27811],[-73.69802,43.27738],[-73.69661,43.27742],[-73.69537,43.2778],[-73.69323,43.27955],[-73.69117,43.2817],[-73.69055,43.28204],[-73.68981,43.28209],[-73.6882,43.28157],[-73.68611,43.28015],[-73.68562,43.27957],[-73.68532,43.27837],[-73.68265,43.2709],[-73.68256,43.26905],[-73.68271,43.26831],[-73.68236,43.26734],[-73.67984,43.26428],[-73.67831,43.26315],[-73.67569,43.26213],[-73.67359,43.26195],[-73.67199,43.262],[-73.66896,43.26291],[-73.66655,43.26413],[-73.66538,43.26493],[-73.66378,43.2666],[-73.66218,43.26878],[-73.66157,43.27001],[-73.66096,43.27242],[-73.6611,43.27333],[-73.66167,43.27426],[-73.66332,43.27504],[-73.66571,43.27684],[-73.66616,43.27784],[-73.66706,43.27888],[-73.6682,43.27984],[-73.67061,43.28099],[-73.67194,43.28183],[-73.67238,43.28239],[-73.67247,43.28301],[-73.6722,43.28417],[-73.67156,43.28554],[-73.67133,43.28729],[-73.67054,43.28932],[-73.66979,43.29023],[-73.66931,43.29046],[-73.6682,43.29039],[-73.66684,43.2899],[-73.66498,43.28958],[-73.66233,43.28941],[-73.66026,43.28991],[-73.65829,43.28957],[-73.65511,43.29017],[-73.65394,43.29025],[-73.65307,43.28998],[-73.65199,43.28893],[-73.65092,43.28844],[-73.64927,43.28857],[-73.64475,43.28929],[-73.64072,43.29194],[-73.64024,43.29249],[-73.64026,43.29306],[-73.64067,43.29409],[-73.64097,43.29579],[-73.64221,43.30021],[-73.64225,43.30266],[-73.64195,43.30383],[-73.64115,43.3048],[-73.64066,43.30513],[-73.64223,43.30736]]]]}}]}
